OFF
6890 13776 0
0.006226 0.599799 0.049857
-0.001920 0.586791 0.055165
0.010948 0.582515 0.052749
0.019888 0.591750 0.045735
0.004946 0.574241 0.057559
-0.006437 0.576423 0.059032
0.020675 0.575926 0.047790
0.029428 0.581568 0.040141
0.029072 0.541075 0.046190
0.036238 0.535828 0.039917
0.036060 0.547480 0.039795
0.027960 0.549741 0.045260
0.028828 0.515095 0.045352
0.019755 0.507405 0.051502
0.025511 0.497665 0.044645
0.033715 0.504953 0.037239
-0.017207 0.521978 0.057057
-0.012119 0.516026 0.059052
-0.008355 0.522342 0.059227
-0.013980 0.527647 0.056707
-0.027128 0.531220 0.056811
-0.024851 0.536390 0.053913
-0.030950 0.540175 0.055400
-0.032981 0.534464 0.059622
-0.021882 0.516744 0.055262
-0.016311 0.510527 0.057141
-0.021713 0.527188 0.055530
-0.024136 0.522995 0.056811
-0.031008 0.517866 0.064463
-0.029010 0.522297 0.063442
-0.034777 0.523924 0.067582
-0.035555 0.518701 0.067003
-0.024892 0.516809 0.058182
-0.025569 0.519656 0.060264
-0.028636 0.516228 0.061584
-0.028525 0.513999 0.058630
-0.029089 0.527210 0.059137
-0.034414 0.529481 0.063456
-0.040322 0.531389 0.067503
-0.040978 0.524185 0.071406
-0.000440 0.502973 0.058947
-0.006355 0.509853 0.060083
-0.010896 0.504997 0.058517
-0.005858 0.499717 0.058212
-0.026117 0.511137 0.056776
-0.023092 0.496771 0.059746
-0.022879 0.500285 0.059665
-0.029579 0.501347 0.060319
-0.029160 0.498083 0.060695
0.006905 0.488750 0.053924
0.000108 0.488142 0.055389
0.001378 0.481527 0.053615
0.008389 0.480414 0.051219
0.000149 0.475615 0.052434
0.008451 0.472268 0.048438
0.000205 0.459220 0.045807
0.004678 0.464872 0.047014
-0.003377 0.470381 0.051836
-0.009025 0.465932 0.052891
-0.022753 0.471646 0.055473
-0.028547 0.470503 0.055662
-0.023877 0.459148 0.055946
-0.016703 0.461636 0.054875
-0.021941 0.490734 0.056528
-0.017621 0.490678 0.055533
-0.018127 0.492285 0.057578
-0.022853 0.493543 0.058827
-0.013940 0.490459 0.055169
-0.012339 0.490180 0.055196
-0.012884 0.491391 0.056172
-0.014278 0.491249 0.055725
-0.016130 0.490937 0.055536
-0.017169 0.489243 0.055604
-0.014855 0.489770 0.055286
-0.021188 0.488674 0.056742
-0.034517 0.486849 0.059235
-0.030868 0.487255 0.059265
-0.031766 0.491031 0.057602
-0.034829 0.491072 0.057385
-0.014825 0.493357 0.056982
-0.012594 0.494679 0.057257
-0.016915 0.497476 0.058618
-0.017729 0.494789 0.057972
-0.010193 0.496712 0.058060
-0.010778 0.492513 0.056322
-0.007696 0.493271 0.056784
-0.012811 0.488667 0.054898
-0.010033 0.487077 0.054608
-0.009880 0.489519 0.055738
-0.011901 0.484188 0.054426
-0.015247 0.487023 0.055133
-0.019198 0.485595 0.056381
-0.024356 0.484330 0.057997
-0.021196 0.479801 0.056559
-0.015823 0.481657 0.055381
-0.014682 0.501060 0.058479
-0.005623 0.488885 0.055501
-0.002478 0.494703 0.056722
-0.005353 0.484431 0.054515
-0.007016 0.480224 0.053803
-0.010548 0.476309 0.053999
-0.016591 0.473832 0.054856
-0.017731 0.449984 0.047877
-0.008847 0.453601 0.047485
-0.007756 0.568712 0.057825
0.001111 0.567773 0.058626
0.003083 0.559805 0.055981
0.004691 0.562036 0.056184
-0.001081 0.563563 0.056956
-0.001388 0.560787 0.056442
0.020327 0.552076 0.048305
0.014447 0.553862 0.050683
0.015171 0.550122 0.049954
0.021825 0.545627 0.049019
0.005645 0.543344 0.053884
0.010738 0.544413 0.052629
0.006450 0.551067 0.052761
0.002836 0.550350 0.053942
-0.001243 0.549950 0.054470
-0.005431 0.549802 0.053931
-0.005208 0.544635 0.053964
-0.000053 0.543777 0.054392
-0.007522 0.564585 0.055709
-0.013999 0.563329 0.052662
-0.012573 0.560643 0.053034
-0.007161 0.561478 0.055842
-0.019913 0.553327 0.045156
-0.019249 0.555882 0.046408
-0.022726 0.557189 0.046033
-0.023231 0.552747 0.045265
-0.021286 0.549988 0.046400
-0.018940 0.551787 0.046068
0.000039 0.619446 0.041968
-0.008556 0.604966 0.051689
0.017112 0.611724 0.039716
0.029409 0.600905 0.035687
0.038405 0.587057 0.031103
0.015860 0.492058 0.050328
0.019052 0.482907 0.045926
0.030193 0.488276 0.037599
0.029935 0.478238 0.032661
0.018823 0.472621 0.042088
0.007992 0.455383 0.034184
0.015168 0.462684 0.038119
0.026965 0.468637 0.025476
0.038628 0.479207 0.013756
0.039452 0.486540 0.022307
0.046057 0.493435 0.003914
0.037779 0.472190 0.001497
0.047051 0.492052 -0.003982
0.024242 0.437804 -0.001620
0.026945 0.427474 -0.006002
0.037887 0.432680 -0.014987
0.037097 0.442986 -0.009466
0.038052 0.495154 0.029450
0.040270 0.556916 0.031997
0.032368 0.558281 0.039937
0.043140 0.544147 0.031198
0.051285 0.611069 0.010326
0.040646 0.608067 0.023946
0.048255 0.593001 0.022104
0.057560 0.596898 0.009987
0.025948 0.643660 0.003428
0.013142 0.634199 0.025827
0.027060 0.622888 0.025081
0.038789 0.630235 0.008104
0.064528 0.596902 -0.001149
0.071944 0.596001 -0.016609
0.071058 0.608908 -0.026856
0.061628 0.613169 -0.008321
0.063361 0.625982 -0.039037
0.052393 0.630826 -0.016598
0.049104 0.478302 -0.013521
0.051571 0.496201 -0.014501
0.035424 0.456528 -0.003389
0.046277 0.462741 -0.014886
0.049520 0.637166 -0.051200
0.038146 0.645247 -0.025100
0.077859 0.570528 -0.058866
0.078700 0.587259 -0.053304
0.078381 0.577774 -0.036112
0.078351 0.563686 -0.043407
0.073860 0.578553 -0.076834
0.073595 0.597990 -0.071131
0.064591 0.519291 -0.059119
0.053639 0.505306 -0.055078
0.052309 0.505396 -0.068404
0.062557 0.519886 -0.075603
0.013656 0.570649 0.054095
0.008462 0.565230 0.056984
0.013871 0.561948 0.053848
0.020037 0.565342 0.049716
0.027477 0.567984 0.042926
0.035546 0.570023 0.035144
0.051952 0.578783 0.018406
0.060894 0.584007 0.008415
0.071870 0.583555 -0.012179
0.066637 0.584264 -0.000046
0.076114 0.566295 -0.026907
0.075636 0.557330 -0.031567
0.055739 0.504969 -0.027611
0.050420 0.485117 -0.028576
0.046875 0.489271 -0.042317
0.054626 0.505873 -0.042080
0.041458 0.491567 -0.063717
0.043982 0.491046 -0.053145
0.046868 0.453367 -0.033615
0.046204 0.441187 -0.039854
0.045983 0.446303 -0.053122
0.045793 0.457060 -0.046517
0.041827 0.448817 -0.065471
0.033763 0.451040 -0.075359
0.034476 0.462492 -0.068862
0.040716 0.461187 -0.059037
0.004527 0.421172 0.003410
0.006554 0.413719 -0.001509
0.017333 0.415714 -0.004646
0.014527 0.424051 -0.001041
0.048065 0.432345 -0.047207
0.048484 0.439405 -0.060654
0.064187 0.519390 -0.043718
0.064050 0.521338 -0.032041
0.044106 0.441779 -0.073343
0.040852 0.475012 -0.054444
0.045652 0.471372 -0.042708
0.035654 0.493455 -0.073495
0.045683 0.506787 -0.080319
-0.019172 0.532198 0.054473
-0.014413 0.547017 0.050455
-0.013766 0.550767 0.050432
-0.016831 0.551172 0.048094
-0.018206 0.548201 0.048304
-0.029030 0.587082 0.054049
-0.030570 0.570589 0.054827
-0.018672 0.575170 0.058433
-0.015874 0.588172 0.055695
0.012454 0.519399 0.057738
0.001833 0.524958 0.059439
-0.001640 0.516178 0.060712
0.005601 0.509122 0.059279
0.010881 0.554952 0.052048
0.012291 0.557024 0.052436
0.009128 0.556720 0.053587
0.003370 0.496362 0.056863
0.011211 0.500720 0.055093
0.042454 0.529874 0.030899
0.024714 0.558371 0.046393
0.005512 0.652971 -0.003070
-0.007037 0.641404 0.022882
0.032635 0.646657 -0.060417
0.020409 0.654127 -0.032974
0.064335 0.604269 -0.087640
0.064943 0.583726 -0.094716
0.054973 0.587958 -0.108617
0.048539 0.612504 -0.099797
0.054994 0.521864 -0.087988
0.026140 0.452261 -0.081535
0.027535 0.465181 -0.076308
-0.016108 0.622999 0.039902
-0.023953 0.605118 0.049761
0.043899 0.574070 0.025597
0.027126 0.532102 0.049093
0.021131 0.539342 0.051683
0.017081 0.535452 0.054588
0.022727 0.525346 0.052376
0.033134 0.523679 0.042160
0.039130 0.516035 0.031504
0.045427 0.508269 0.019584
0.046286 0.498492 0.011715
0.076744 0.590129 -0.029537
0.076120 0.602289 -0.045718
0.070451 0.614496 -0.059029
0.057721 0.622511 -0.072268
0.075780 0.580252 -0.023581
0.040677 0.629601 -0.082791
-0.029911 0.505550 0.059231
-0.021887 0.505576 0.058306
-0.031462 0.509253 0.058200
-0.029209 0.483178 0.058896
-0.033421 0.482497 0.058786
-0.031352 0.477556 0.056467
-0.026571 0.478401 0.056971
-0.011080 0.445935 0.034382
-0.001538 0.449924 0.033761
0.002053 0.428612 0.008805
0.011944 0.432410 0.004046
-0.033859 0.516935 0.061577
-0.035394 0.517254 0.061126
-0.034600 0.516228 0.059044
-0.032732 0.516254 0.059740
-0.015908 0.491717 0.056524
-0.034176 0.497931 0.060707
-0.037054 0.497680 0.060189
-0.036061 0.494334 0.059134
-0.033150 0.494494 0.059878
0.020016 0.457220 0.016339
0.021706 0.448493 0.004601
0.043197 0.435541 -0.026114
0.044386 0.448290 -0.020058
0.048552 0.468293 -0.029389
0.037160 0.478294 -0.065262
0.031260 0.478770 -0.073541
0.014709 0.482673 -0.084004
0.018306 0.495883 -0.087996
0.028123 0.494586 -0.081957
0.022273 0.481383 -0.079782
0.005572 0.446194 0.020144
-0.004924 0.442069 0.022448
-0.000757 0.436643 0.014588
0.009329 0.440667 0.010782
-0.038799 0.514181 0.060239
-0.040507 0.513137 0.061210
-0.038795 0.511186 0.059007
-0.037086 0.513240 0.058885
-0.031267 0.514507 0.058533
-0.033225 0.513558 0.057620
-0.032629 0.511819 0.057803
-0.032887 0.516654 0.062751
-0.031313 0.515597 0.060584
-0.038884 0.517411 0.064884
-0.035800 0.517179 0.064601
-0.040776 0.517288 0.068962
-0.036940 0.515176 0.059595
-0.035702 0.514087 0.058395
-0.032467 0.515311 0.058431
-0.033936 0.514961 0.057819
-0.037837 0.517521 0.063161
-0.035703 0.517288 0.062817
-0.038674 0.537366 0.062606
-0.044477 0.538183 0.062538
-0.046554 0.531553 0.067150
-0.048118 0.524012 0.071099
-0.046970 0.516729 0.069090
-0.008458 0.434735 0.015021
-0.005999 0.427241 0.009578
-0.039266 0.604133 0.045214
-0.040684 0.585184 0.049209
-0.014702 0.490738 0.055252
-0.015921 0.567258 0.054633
0.009659 0.533519 0.057076
-0.011919 0.533781 0.054866
-0.006032 0.529814 0.057438
-0.005305 0.537483 0.055307
-0.010836 0.540005 0.053295
-0.024187 0.564404 0.051281
-0.033425 0.560024 0.051998
-0.027947 0.558581 0.048164
-0.028211 0.552023 0.047342
-0.033805 0.550934 0.052644
-0.028400 0.544564 0.051185
-0.025009 0.547259 0.047490
0.006340 0.558471 0.055029
0.009033 0.559767 0.054588
-0.022742 0.540568 0.051019
-0.017339 0.537112 0.052383
-0.015810 0.542120 0.050871
-0.020526 0.544333 0.048800
0.001518 0.534796 0.056798
0.017703 0.557676 0.050354
0.013945 0.546836 0.050961
0.064260 0.526476 -0.022367
0.058827 0.515869 -0.018787
0.057469 0.506084 -0.000541
0.054066 0.501787 -0.000442
0.051039 0.504680 -0.005056
0.057132 0.508609 -0.004625
0.070537 0.555470 -0.010870
0.071725 0.562333 -0.014157
0.069465 0.562848 -0.008236
0.069207 0.555839 -0.009116
0.066503 0.558788 -0.004389
0.065866 0.561767 -0.002043
0.064250 0.554266 -0.001786
0.065885 0.554358 -0.004305
0.066762 0.572251 -0.000819
0.061469 0.569823 0.007001
0.061394 0.558769 0.003625
0.048878 0.555999 0.021021
0.053102 0.546066 0.010181
0.056802 0.553667 0.006793
0.054181 0.564456 0.013568
0.052532 0.506176 0.003582
0.051423 0.512859 0.007189
0.053674 0.508745 -0.012469
0.035155 0.596809 -0.115282
0.030742 0.621703 -0.105513
0.076403 0.553725 -0.061778
0.072213 0.558378 -0.078382
0.076069 0.549209 -0.046145
0.073792 0.545664 -0.033346
0.064327 0.564866 -0.093840
0.057698 0.564130 -0.106834
0.048543 0.539474 0.021029
0.051982 0.534513 0.010286
0.070878 0.536006 -0.061871
0.066974 0.538890 -0.078317
0.072137 0.533617 -0.046609
0.070498 0.533795 -0.033916
0.061150 0.544454 -0.093490
0.043675 0.523067 -0.098146
0.047310 0.543053 -0.105202
0.058290 0.516585 -0.000577
0.055099 0.514738 0.002086
0.055672 0.509075 0.000715
0.059179 0.511442 0.001296
0.047340 0.525298 0.019586
0.052012 0.523644 0.008902
-0.036533 0.543722 0.058061
-0.040661 0.551982 0.053501
-0.042519 0.544997 0.058178
-0.039854 0.560401 0.050869
-0.002409 0.657855 -0.036433
-0.015012 0.655585 -0.009254
0.020216 0.639460 -0.086897
0.009229 0.651724 -0.062969
-0.032700 0.469669 0.055334
-0.030213 0.457736 0.055282
-0.035140 0.505149 0.059439
-0.037837 0.504422 0.058937
-0.037464 0.500989 0.059781
-0.034603 0.501508 0.060232
-0.019475 0.561033 0.048917
0.035915 0.508066 -0.089613
0.019285 0.466889 -0.081709
0.017019 0.453775 -0.086784
0.035879 0.442656 -0.083554
0.026574 0.443463 -0.090662
-0.038386 0.507801 0.058531
-0.035772 0.508468 0.058634
-0.037895 0.516929 0.061437
-0.028513 0.494385 0.059937
-0.036018 0.511133 0.058206
-0.035400 0.513043 0.058236
-0.040721 0.510415 0.058960
-0.039713 0.507416 0.058146
-0.010060 0.545770 0.052550
-0.009874 0.550267 0.052416
-0.041472 0.514666 0.064719
-0.039883 0.515786 0.062778
-0.044385 0.513549 0.064024
0.029230 0.418117 -0.010936
0.038577 0.422241 -0.021144
-0.038829 0.497452 0.059556
-0.037993 0.493961 0.058572
-0.027353 0.643531 0.017693
0.029113 0.519904 -0.106004
0.033244 0.537751 -0.112297
0.056798 0.539651 0.003860
0.060457 0.536128 0.000588
0.062237 0.542629 -0.000752
0.058661 0.546649 0.002603
-0.003750 0.419644 0.005171
0.044219 0.426615 -0.034125
0.015514 0.443475 -0.094185
0.010833 0.553389 0.051570
0.009299 0.552035 0.051802
-0.016724 0.558585 0.049392
0.035031 0.564128 -0.116810
-0.026090 0.487676 0.058345
-0.027260 0.491025 0.057456
0.010679 0.468448 -0.084501
-0.012668 0.439262 0.022584
-0.042009 0.512353 0.061485
0.022904 0.508481 -0.094684
0.067548 0.548383 -0.006291
0.067689 0.546896 -0.002983
0.067349 0.543748 -0.003261
0.066646 0.544374 -0.004860
0.066505 0.550020 0.000837
0.068310 0.546803 -0.000396
0.069932 0.549447 -0.000582
0.068426 0.552831 0.000219
0.062115 0.551335 0.000951
0.064511 0.546294 0.000391
0.071631 0.551235 -0.001346
0.071071 0.553920 -0.000124
0.069326 0.555506 -0.002265
0.067803 0.555442 -0.006695
0.074383 0.554810 -0.002164
0.072192 0.556919 -0.004962
0.078835 0.554635 -0.004938
0.075424 0.556707 -0.008580
0.082085 0.552000 -0.009039
0.077903 0.553398 -0.012666
0.056508 0.521466 0.003049
0.059244 0.522311 -0.001810
0.083782 0.547024 -0.011532
0.078804 0.547668 -0.015500
0.083852 0.540521 -0.013299
0.079587 0.540827 -0.016779
0.082432 0.533778 -0.013520
0.079288 0.533121 -0.016748
0.080548 0.527133 -0.012576
0.077486 0.525852 -0.015813
0.077773 0.520468 -0.010135
0.074218 0.517546 -0.013430
0.076417 0.552571 -0.007285
0.078874 0.549796 -0.009890
0.069278 0.551938 -0.012750
0.073543 0.553027 -0.003995
0.068988 0.539232 -0.008987
0.067530 0.541889 -0.010567
0.067513 0.540539 -0.010127
0.067995 0.539135 -0.012029
0.060021 0.528716 -0.000141
0.062905 0.528879 -0.002159
0.062807 0.534074 -0.001522
0.061863 0.525027 -0.003252
0.061605 0.526429 -0.004259
0.061118 0.529822 -0.003933
0.060660 0.534286 -0.004135
0.062716 0.525258 -0.005622
0.063380 0.523455 -0.004886
0.061974 0.526489 -0.006398
0.061213 0.527233 -0.005577
0.060760 0.529548 -0.006493
0.062020 0.532730 -0.008260
0.055840 0.530717 0.003814
0.065925 0.529309 -0.014788
0.062399 0.521076 -0.012870
0.072969 0.516175 -0.006990
0.070328 0.510434 -0.008376
0.063332 0.508595 0.001017
0.067172 0.506605 -0.002860
0.068975 0.547162 -0.014771
0.069733 0.541479 -0.016541
0.058957 0.514215 -0.008736
0.069577 0.535488 -0.016809
0.075252 0.524359 -0.010145
0.071138 0.521363 -0.008725
0.078186 0.528924 -0.011628
0.063126 0.520438 -0.003497
0.063607 0.515351 -0.001006
0.068481 0.514681 -0.003549
0.066919 0.520256 -0.006287
0.073200 0.527159 -0.008989
0.069336 0.524988 -0.008703
0.070752 0.529646 -0.010450
0.067140 0.528022 -0.009881
0.064619 0.526056 -0.007769
0.065805 0.523736 -0.007249
0.064144 0.530393 -0.011482
0.067723 0.533239 -0.011787
0.062525 0.527620 -0.008425
0.073067 0.532455 -0.009570
0.075131 0.536019 -0.008989
0.072585 0.538383 -0.008123
0.070407 0.535768 -0.010103
0.079287 0.534526 -0.012726
0.077936 0.534798 -0.010116
0.075899 0.530547 -0.009767
0.078981 0.539884 -0.010436
0.079787 0.540581 -0.012966
0.076620 0.539858 -0.009427
0.074614 0.540722 -0.008336
0.077571 0.547994 -0.008385
0.078635 0.544426 -0.009787
0.080096 0.546020 -0.011677
0.076950 0.543206 -0.008418
0.075921 0.545915 -0.007751
0.074215 0.544533 -0.007901
0.075360 0.543029 -0.008497
0.070577 0.550925 -0.003350
0.068837 0.549501 -0.002719
0.072719 0.551040 -0.004910
0.070567 0.551965 -0.005737
0.071562 0.549287 -0.005938
0.069180 0.551018 -0.006122
0.070427 0.547513 -0.006175
0.068689 0.544912 -0.006597
0.012067 0.396034 -0.007281
0.009244 0.405377 -0.005076
-0.000011 0.404247 -0.003974
0.001870 0.395508 -0.007523
0.072371 0.545738 -0.006731
0.073848 0.547758 -0.006851
0.075257 0.550130 -0.007045
0.070501 0.541719 -0.007848
0.072067 0.540835 -0.007753
0.072910 0.542347 -0.007646
0.071092 0.543546 -0.007232
0.063361 0.537743 -0.002080
0.063270 0.536331 -0.005397
0.065112 0.534651 -0.008660
0.046182 0.382399 -0.021962
0.061586 0.387651 -0.032881
0.053046 0.395708 -0.033753
0.039766 0.390721 -0.023778
0.057073 0.359164 -0.007839
0.056448 0.340730 0.001175
0.075432 0.342416 -0.004661
0.081885 0.363007 -0.020854
0.071543 0.324500 0.007974
0.055493 0.322882 0.010676
0.067057 0.273542 0.034587
0.068059 0.289624 0.026253
0.054074 0.289177 0.029783
0.053362 0.272833 0.037972
0.089927 0.202481 0.052962
0.079386 0.204058 0.058842
0.073042 0.189934 0.056200
0.084706 0.186707 0.048758
0.118259 0.286783 0.000661
0.122408 0.276638 -0.003720
0.124359 0.288262 -0.008313
0.121334 0.300176 -0.005299
0.108668 0.394544 -0.060301
0.096034 0.399699 -0.061754
0.085788 0.387939 -0.045147
0.098935 0.381403 -0.041353
0.122575 0.217546 0.005121
0.118151 0.224361 0.015601
0.117282 0.213280 0.020166
0.120387 0.206117 0.010888
0.090223 0.145916 -0.011469
0.079999 0.143607 0.003226
0.079751 0.126068 0.000443
0.090955 0.128317 -0.014618
0.113567 0.171364 -0.066754
0.111237 0.158546 -0.069693
0.109628 0.162391 -0.091425
0.112241 0.174430 -0.089744
0.090572 0.271788 0.026155
0.092732 0.287601 0.019207
0.081081 0.288910 0.022679
0.079616 0.273099 0.030482
0.154409 0.156314 -0.037547
0.151838 0.178894 -0.035976
0.137985 0.175896 -0.038669
0.140478 0.154119 -0.040360
0.120415 0.076896 -0.068748
0.122340 0.060602 -0.067416
0.123298 0.067297 -0.089500
0.121101 0.083874 -0.089976
0.161604 0.285758 -0.031168
0.176436 0.292387 -0.042768
0.175324 0.308751 -0.042840
0.161362 0.300623 -0.029220
0.119728 0.257937 0.003165
0.120999 0.267274 -0.000043
0.116161 0.275583 0.006005
0.114100 0.264302 0.010293
0.121749 0.199029 -0.090518
0.124558 0.212292 -0.090060
0.126395 0.209603 -0.071471
0.123216 0.196627 -0.069827
0.119061 0.183437 -0.068063
0.117275 0.186297 -0.090027
0.107547 0.267312 0.015801
0.110221 0.282135 0.010333
0.102361 0.284996 0.014733
0.099866 0.269780 0.021095
0.064027 0.178123 0.048699
0.077565 0.174579 0.038810
0.117139 0.053308 -0.044794
0.115564 0.069926 -0.046735
0.105939 0.063117 -0.027594
0.107173 0.046662 -0.025053
0.066371 0.158084 0.016206
0.078146 0.159122 0.005286
0.082257 0.167539 0.016376
0.070111 0.168018 0.025763
0.093261 0.041323 -0.007874
0.092689 0.057499 -0.011564
0.078599 0.053322 0.002853
0.079725 0.035133 0.007152
0.069585 0.306613 0.017600
0.054839 0.305860 0.020480
0.106589 0.203158 0.037345
0.099262 0.202403 0.045498
0.095165 0.186498 0.040655
0.103937 0.188453 0.032428
0.128272 0.254231 -0.023583
0.128159 0.260240 -0.027416
0.126149 0.274322 -0.015593
0.125736 0.265288 -0.011212
0.128942 0.051706 -0.090487
0.127595 0.045823 -0.067153
0.097070 0.025814 -0.006781
0.082467 0.019219 0.008459
0.128389 0.258210 -0.091847
0.127805 0.259018 -0.080635
0.129038 0.256838 -0.078465
0.130119 0.256730 -0.090278
0.043906 0.206264 0.064117
0.051670 0.188333 0.058362
0.063442 0.198951 0.061935
0.057265 0.213312 0.063636
0.099045 0.176657 0.021277
0.089164 0.174334 0.029687
0.093822 0.169602 0.007397
0.029325 0.199259 0.060498
0.037509 0.177965 0.047621
0.039374 0.303457 0.023044
0.039236 0.287275 0.032216
0.039404 0.320635 0.014403
0.038541 0.337990 0.006079
0.022307 0.335541 0.009934
0.023479 0.317726 0.017620
0.037220 0.355364 -0.001199
0.020617 0.352511 0.003141
0.030212 0.380051 -0.012936
0.025936 0.388629 -0.015053
0.124842 0.257403 -0.008612
0.124241 0.248940 -0.006248
0.110918 0.032167 -0.024173
0.102204 0.344540 -0.148837
0.116990 0.340689 -0.140438
0.109822 0.328193 -0.147205
0.096263 0.330763 -0.154965
0.113920 0.377434 -0.039212
0.120658 0.391613 -0.059770
0.127381 0.270704 -0.127322
0.126062 0.265764 -0.124739
0.123656 0.264786 -0.127814
0.123902 0.271090 -0.131547
0.128570 0.257327 -0.110561
0.129279 0.258184 -0.116804
0.126781 0.249527 -0.118161
0.124688 0.247688 -0.113271
0.118659 0.073710 -0.109525
0.115107 0.090374 -0.110525
0.092243 0.193372 -0.144186
0.100217 0.207580 -0.142565
0.107963 0.197886 -0.127569
0.101211 0.184866 -0.128353
0.006781 0.343274 -0.148593
0.026011 0.343840 -0.152146
0.023773 0.330434 -0.156113
0.005038 0.329842 -0.152329
0.070941 0.358939 -0.153238
0.049327 0.357415 -0.152242
0.051390 0.369010 -0.147038
0.074128 0.371206 -0.147307
0.084893 0.345824 -0.155111
0.080716 0.332029 -0.160942
0.118081 0.204439 -0.108577
0.121002 0.217074 -0.105957
0.126339 0.234086 -0.102844
0.128210 0.240326 -0.101093
0.129485 0.238015 -0.088527
0.128404 0.231088 -0.089214
0.084634 0.407497 -0.062352
0.098564 0.407923 -0.081767
0.085487 0.415928 -0.081984
0.048200 0.408266 -0.123515
0.059231 0.410701 -0.119209
0.063847 0.404822 -0.124124
0.048401 0.403059 -0.127571
0.020699 0.265650 -0.174366
0.021234 0.242496 -0.174445
0.000951 0.245948 -0.174253
0.000915 0.268425 -0.173426
0.127776 0.249720 -0.109523
0.126019 0.253753 -0.117335
0.126633 0.257196 -0.116682
0.128014 0.253081 -0.110009
0.124403 0.249581 -0.119933
0.126351 0.244126 -0.111264
0.124124 0.238173 -0.113875
0.121812 0.244000 -0.123270
0.106703 0.220578 -0.137549
0.112528 0.231573 -0.131082
0.117351 0.224159 -0.119399
0.113072 0.211691 -0.124173
0.003040 0.177183 -0.165205
0.001670 0.197539 -0.170427
0.019545 0.196045 -0.169245
0.020112 0.175837 -0.166396
0.122997 0.253122 -0.059627
0.118089 0.241759 -0.063058
0.117209 0.243887 -0.048049
0.120652 0.252532 -0.045149
0.139833 0.250035 -0.124673
0.145077 0.252229 -0.124825
0.148148 0.243636 -0.124044
0.143108 0.242126 -0.124521
0.113930 0.222423 -0.078009
0.111517 0.204927 -0.080325
0.112565 0.208158 -0.066246
0.114158 0.226512 -0.064622
0.134301 0.392268 -0.084019
0.123152 0.397543 -0.083349
0.132284 0.387461 -0.058954
0.117750 0.235210 -0.097987
0.119051 0.236192 -0.107497
0.117729 0.222578 -0.110305
0.114124 0.220873 -0.101080
0.169344 0.158921 -0.040918
0.166798 0.181453 -0.039666
0.113445 0.185307 -0.093807
0.111197 0.203378 -0.092632
0.113977 0.203844 -0.103502
0.117912 0.185158 -0.104539
0.095325 0.171889 -0.127989
0.085122 0.179737 -0.142940
0.097202 0.084851 -0.143263
0.091912 0.102713 -0.143508
0.104913 0.097444 -0.128769
0.109836 0.080091 -0.127936
0.124042 0.057785 -0.111489
0.101457 0.066177 -0.144932
0.114534 0.062408 -0.129825
0.062826 0.427681 -0.074685
0.073707 0.422006 -0.079396
0.063817 0.424425 -0.095238
0.055351 0.430512 -0.088888
0.156948 -0.042438 -0.124069
0.160079 -0.042422 -0.096225
0.162656 -0.068428 -0.096870
0.157389 -0.070373 -0.125414
0.031277 0.422156 -0.113422
0.028372 0.429534 -0.106047
0.042903 0.430491 -0.099461
0.048557 0.423986 -0.106530
0.153849 -0.017974 -0.121768
0.156132 -0.021233 -0.095435
0.062455 0.419869 -0.057635
0.073439 0.413900 -0.060954
0.055339 0.410237 -0.043755
0.064668 0.403416 -0.046293
0.045481 0.403894 -0.031649
0.156533 -0.047176 -0.070892
0.161508 -0.070799 -0.068878
0.048564 0.436494 -0.081831
0.038314 0.436769 -0.091831
0.026710 0.436186 -0.098258
0.014101 0.436560 -0.101529
0.000224 0.436694 -0.102925
0.003726 0.444574 -0.096840
0.135675 0.037589 -0.090827
0.131643 0.042295 -0.114112
0.112501 -0.176574 -0.176468
0.115443 -0.193795 -0.160316
0.085109 -0.195097 -0.173974
0.086224 -0.179135 -0.187601
0.021106 -0.169269 -0.198886
0.055707 -0.175994 -0.194817
0.052758 -0.188824 -0.180116
0.018969 -0.179936 -0.182504
0.028465 -0.047863 -0.219010
0.028482 -0.025952 -0.212515
0.055941 -0.025986 -0.211186
0.056335 -0.047708 -0.218451
0.121921 0.046621 -0.133710
0.108249 0.048967 -0.149555
0.133034 0.032459 -0.067313
0.162119 -0.191093 -0.029545
0.159265 -0.221227 -0.026473
0.162908 -0.225942 -0.062023
0.169036 -0.195389 -0.066590
0.135872 -0.233850 -0.120534
0.107272 -0.235494 -0.138163
0.112079 -0.214347 -0.148548
0.141181 -0.209301 -0.130791
0.066477 0.013030 0.022022
0.067225 -0.003206 0.021017
0.084224 0.004063 0.008041
0.012447 -0.001461 0.041549
0.011388 -0.017289 0.039370
0.030136 -0.013903 0.036727
0.031598 0.002329 0.038195
0.015511 -0.094169 0.012524
0.020285 -0.075982 0.018399
0.005465 -0.076779 0.019521
0.003605 -0.092801 0.013117
0.147124 -0.051907 -0.046621
0.143346 -0.032987 -0.048510
0.127188 -0.039724 -0.027988
0.130805 -0.057547 -0.024311
0.046789 -0.200343 -0.162976
0.016283 -0.186568 -0.162473
0.143659 -0.183102 0.000573
0.142019 -0.215263 0.004929
0.115155 -0.210066 0.026522
0.116866 -0.179693 0.020033
0.085945 -0.179589 0.026671
0.083578 -0.208063 0.033067
0.003932 -0.165360 -0.029393
0.004416 -0.171213 -0.033570
0.019302 -0.154450 -0.012386
0.014528 -0.144418 -0.008366
0.023688 -0.135738 -0.218926
0.053900 -0.140342 -0.216810
0.055024 -0.159761 -0.207620
0.022444 -0.153587 -0.210951
0.092296 0.050088 -0.161956
0.085856 0.068142 -0.156122
0.069443 0.070103 -0.163501
0.065677 0.091134 -0.161122
0.082117 0.088181 -0.154521
0.058085 0.199966 -0.164159
0.065806 0.215919 -0.165583
0.080635 0.202916 -0.156162
0.073504 0.189129 -0.154638
0.046484 0.345174 -0.156870
0.043263 0.331655 -0.161654
0.074356 -0.229612 -0.147359
0.077550 -0.255513 -0.136057
0.046156 -0.248994 -0.134091
0.036188 -0.214486 -0.143899
0.130807 -0.259138 -0.111538
0.155488 -0.229471 -0.095853
0.148489 -0.256691 -0.088495
0.154564 -0.250341 -0.020483
0.156782 -0.254204 -0.056115
0.111612 -0.240022 0.032951
0.080196 -0.237338 0.038046
0.010752 -0.217438 -0.016223
0.010907 -0.240478 -0.017660
0.027518 -0.238807 0.006890
0.029078 -0.214314 0.006317
0.051563 -0.099073 0.010825
0.060575 -0.114039 0.007992
0.086754 -0.096379 0.004880
0.084561 -0.080458 0.003699
0.032603 0.021176 0.037611
0.017194 0.017031 0.041186
0.064915 0.029984 0.020726
0.048557 0.025283 0.031253
0.049101 0.007310 0.032490
0.035821 0.102538 0.038581
0.034364 0.082834 0.037188
0.051275 0.084714 0.027943
0.052987 0.103986 0.028941
0.054108 0.123748 0.029266
0.036913 0.122935 0.038900
0.035458 0.163103 0.033301
0.052439 0.159423 0.025841
0.055279 0.170544 0.035910
0.023858 0.300110 0.024869
0.024049 0.283395 0.032645
0.152783 -0.074871 -0.041516
0.011591 -0.214774 -0.120465
0.019627 -0.244014 -0.117921
0.004890 -0.242457 -0.094009
0.001134 -0.217661 -0.094294
0.151938 -0.027104 -0.071289
0.121288 0.039119 -0.044344
0.126259 0.025920 -0.044635
0.110087 0.171330 -0.038178
0.107556 0.155607 -0.046902
0.070988 0.207213 0.061498
0.069091 0.217502 0.061042
0.161919 -0.201662 -0.103635
0.107135 -0.268231 0.037445
0.076867 -0.266081 0.041575
0.073124 -0.294348 0.044219
0.102521 -0.296413 0.041688
0.005873 -0.267126 -0.042856
0.010374 -0.295177 -0.041144
0.014490 -0.292760 -0.017207
0.012104 -0.265868 -0.017739
0.015041 -0.323165 -0.037524
0.018009 -0.350412 -0.035154
0.019164 -0.349555 -0.012243
0.017786 -0.320835 -0.013448
0.137656 -0.245384 0.010903
0.140989 -0.303283 -0.005959
0.146755 -0.276507 -0.012762
0.131779 -0.272672 0.016854
0.126628 -0.300431 0.022324
0.105642 -0.259511 -0.127613
-0.000007 -0.219355 -0.040611
0.002135 -0.241446 -0.042406
0.019405 -0.300863 -0.084843
0.011588 -0.271316 -0.090336
0.027447 -0.275193 -0.112101
0.035167 -0.304416 -0.104235
0.127201 -0.307515 -0.090040
0.128487 -0.283414 -0.100413
0.144113 -0.281555 -0.076644
0.141176 -0.305670 -0.066575
0.150829 -0.279300 -0.046123
0.145363 -0.304869 -0.036923
0.130192 -0.355863 0.008193
0.135079 -0.329754 0.000940
0.121033 -0.327757 0.027755
0.115493 -0.354443 0.033011
0.137597 -0.355867 -0.020421
0.140922 -0.330398 -0.028988
0.135180 -0.354588 -0.047296
0.138344 -0.330167 -0.056580
0.124231 -0.354379 -0.069050
0.126054 -0.330809 -0.079424
0.108739 -0.354372 -0.084205
0.107890 -0.331855 -0.095220
0.085319 -0.332041 -0.103789
0.088583 -0.354820 -0.092557
0.067559 -0.354805 -0.093610
0.062803 -0.331098 -0.104080
0.032355 -0.353261 -0.074233
0.026970 -0.327952 -0.078760
0.041796 -0.330089 -0.095825
0.047550 -0.354285 -0.087687
0.050027 -0.444344 -0.066430
0.044338 -0.422408 -0.069354
0.062299 -0.419790 -0.072521
0.066977 -0.440859 -0.068122
0.083132 -0.436998 -0.068702
0.079443 -0.417164 -0.071249
0.095734 -0.415135 -0.067900
0.099715 -0.434830 -0.066046
0.121984 -0.417251 -0.045141
0.124672 -0.437636 -0.043289
0.113947 -0.434857 -0.057524
0.111032 -0.415141 -0.059747
0.130439 -0.420518 -0.026186
0.132198 -0.441878 -0.023567
0.130612 -0.425722 -0.001314
0.128786 -0.448940 -0.001120
0.118785 -0.431957 0.021932
0.115139 -0.455684 0.019836
0.022447 -0.428860 -0.019504
0.022251 -0.426298 -0.039363
0.027067 -0.449413 -0.043480
0.025141 -0.452273 -0.023986
0.039736 -0.434990 0.025169
0.042558 -0.460766 0.014358
0.055055 -0.460975 0.036806
0.054416 -0.436829 0.047953
0.126762 -0.381824 0.015336
0.133746 -0.379722 -0.013034
0.131937 -0.377205 -0.038721
0.122036 -0.375713 -0.059053
0.036114 -0.377040 -0.071275
0.052993 -0.377042 -0.081440
0.020479 -0.377374 -0.012694
0.019602 -0.376739 -0.034462
0.083278 -0.409985 0.057016
0.105496 -0.409468 0.043973
0.110009 -0.382184 0.038538
0.087111 -0.381292 0.051752
0.131150 -0.402757 -0.006178
0.129904 -0.398952 -0.031482
0.121160 -0.396769 -0.051285
0.093691 -0.396061 -0.074346
0.109669 -0.395556 -0.066029
0.076235 -0.397396 -0.077328
0.040212 -0.400181 -0.070619
0.057606 -0.398807 -0.077071
0.021748 -0.403933 -0.015140
0.020563 -0.401968 -0.036287
0.079104 -0.461195 0.047208
0.101326 -0.460237 0.039811
0.102885 -0.436080 0.044177
0.080322 -0.438051 0.056847
0.078473 -0.482945 0.033171
0.059399 -0.482660 0.024113
0.104097 -0.452548 -0.067157
0.087791 -0.454265 -0.071261
0.117601 -0.454099 -0.059146
0.127302 -0.473369 -0.003004
0.135391 -0.464121 -0.024870
0.113305 -0.481058 0.017056
0.097758 -0.482083 0.031378
0.040578 -0.490279 -0.053095
0.038188 -0.495383 -0.036498
0.031567 -0.471464 -0.028135
0.034249 -0.468979 -0.045481
0.060337 -0.480202 -0.076213
0.056225 -0.462346 -0.064468
0.071507 -0.458374 -0.068816
0.075632 -0.474973 -0.083059
0.110542 -0.471624 -0.079197
0.093336 -0.471769 -0.083872
0.126176 -0.473054 -0.069059
0.136445 -0.488788 -0.030732
0.137532 -0.479308 -0.052100
0.130462 -0.457025 -0.044610
0.127321 -0.499772 -0.006891
0.107414 -0.535602 -0.002784
0.129695 -0.527385 -0.014505
0.105912 -0.508628 0.009319
0.087422 -0.617164 -0.049675
0.088066 -0.644839 -0.065954
0.107100 -0.642874 -0.062528
0.109441 -0.615752 -0.045762
0.042025 -0.512976 -0.066817
0.041159 -0.519057 -0.047902
0.079401 -0.494750 -0.099924
0.062184 -0.500467 -0.093009
0.144613 -0.540231 -0.051719
0.146129 -0.529377 -0.074314
0.142995 -0.504080 -0.061581
0.140980 -0.514581 -0.038863
0.042227 -0.597674 -0.091297
0.040188 -0.570627 -0.077565
0.042073 -0.563105 -0.096999
0.044190 -0.590499 -0.109496
0.080269 -0.518477 -0.115585
0.081446 -0.544909 -0.128957
0.063420 -0.550060 -0.122514
0.062691 -0.524317 -0.108214
0.141948 -0.596963 -0.078721
0.144121 -0.587575 -0.099874
0.146963 -0.557139 -0.087374
0.145034 -0.567593 -0.065162
0.109889 -0.561793 -0.015518
0.111422 -0.588394 -0.030192
0.132666 -0.579088 -0.042495
0.132495 -0.552849 -0.028086
0.086049 -0.563292 -0.018561
0.087954 -0.589636 -0.033433
0.055625 -0.650437 -0.130825
0.053409 -0.658765 -0.116965
0.047694 -0.627489 -0.104255
0.049801 -0.619564 -0.120038
0.083306 -0.574161 -0.139277
0.085241 -0.606018 -0.146743
0.069272 -0.609316 -0.141546
0.065236 -0.578408 -0.133804
0.132241 -0.658526 -0.108127
0.132756 -0.650915 -0.125789
0.138982 -0.619286 -0.112478
0.137414 -0.627140 -0.093636
0.105619 -0.672072 -0.080348
0.123846 -0.666606 -0.089864
0.127243 -0.636290 -0.072670
0.088036 -0.673850 -0.082764
0.088264 -0.702696 -0.097691
0.103009 -0.701438 -0.095612
0.060026 -0.680620 -0.141285
0.059813 -0.687566 -0.128239
0.072718 -0.671894 -0.158235
0.072061 -0.641192 -0.149661
0.086118 -0.637527 -0.154125
0.085380 -0.668150 -0.162907
0.116501 -0.641646 -0.149390
0.113352 -0.672099 -0.157714
0.099935 -0.668312 -0.162524
0.102187 -0.637895 -0.154204
0.125649 -0.680069 -0.137026
0.120925 -0.675375 -0.149346
0.127548 -0.645318 -0.139596
0.126900 -0.686896 -0.120252
0.118989 -0.695512 -0.104147
-0.001533 -0.191198 -0.109020
0.006357 -0.196125 -0.116026
-0.001070 -0.201396 -0.090113
-0.004865 -0.193484 -0.084088
0.027509 -0.292761 0.010330
0.027679 -0.264769 0.008205
0.027390 -0.349876 0.012263
0.027820 -0.321431 0.012673
0.028042 -0.378561 0.011003
0.029337 -0.432959 0.002016
0.028614 -0.406428 0.007571
0.032329 -0.457237 -0.004160
0.038017 -0.479245 -0.010779
0.043457 -0.503027 -0.018906
0.049172 -0.550997 -0.041807
0.048045 -0.526376 -0.029257
0.040704 -0.544502 -0.062309
0.050613 -0.606292 -0.071565
0.049416 -0.577938 -0.056450
0.059650 -0.666788 -0.102253
0.054631 -0.636522 -0.087028
0.066132 -0.694548 -0.115253
0.059451 -0.162455 0.015741
0.062440 -0.143096 0.011497
0.037390 -0.157893 0.002577
0.034451 -0.173357 0.003946
-0.004017 -0.178820 -0.055830
-0.004664 -0.180669 -0.061138
-0.001371 -0.178055 -0.048550
-0.001251 -0.174822 -0.044440
0.122344 -0.407178 0.020505
0.108791 -0.375261 -0.073699
0.071995 -0.376310 -0.084014
0.091355 -0.375943 -0.082153
0.039078 -0.408222 0.032477
0.057465 -0.409838 0.052564
0.060831 -0.380443 0.050202
0.040659 -0.380244 0.034013
0.084043 -0.539997 -0.006294
0.063228 -0.534569 -0.014406
0.065998 -0.558614 -0.028040
0.082700 -0.518277 0.006382
0.134137 -0.495745 -0.080872
0.118236 -0.492105 -0.093299
0.101795 -0.515261 -0.115015
0.099218 -0.491950 -0.099416
0.122112 -0.515718 -0.108269
0.045223 -0.323398 0.034394
0.042846 -0.351561 0.034729
0.065383 -0.351941 0.048516
0.069474 -0.323129 0.046413
0.085042 0.119641 -0.141653
0.097207 0.113853 -0.128020
0.115023 0.187887 0.004734
0.107611 0.180959 0.012796
0.103375 0.173238 -0.003166
0.111780 0.180164 -0.013865
0.118850 0.189381 -0.020475
0.120594 0.197082 -0.001965
0.123688 0.200872 -0.025629
0.124378 0.208820 -0.007808
0.129472 0.249015 -0.039731
0.129195 0.254195 -0.042555
0.016799 0.162225 0.037666
0.017715 0.142676 0.042107
0.036938 0.143159 0.037326
0.048652 -0.009339 0.030892
0.058996 -0.071012 0.010635
0.037654 -0.074534 0.015690
0.030734 -0.095167 0.011148
0.001048 -0.146536 -0.013128
-0.006112 -0.157994 -0.025552
-0.006477 -0.171677 -0.042043
-0.006747 -0.177623 -0.053341
0.037441 0.171924 -0.164360
0.037270 0.190923 -0.166275
0.008226 0.355725 -0.143870
0.028766 0.355756 -0.147287
0.031420 0.376915 -0.139275
0.010697 0.376388 -0.135453
0.010826 0.386044 -0.132182
0.030958 0.386269 -0.135534
0.012863 0.430230 -0.109068
0.012386 0.421961 -0.115383
-0.006099 -0.181002 -0.076503
-0.006223 -0.183389 -0.085744
-0.005684 -0.183199 -0.067338
0.011659 -0.198279 -0.015427
0.013981 -0.182832 -0.014455
0.000745 -0.189688 -0.036642
-0.000052 -0.202171 -0.038361
0.171678 -0.162075 -0.068613
0.163611 -0.158869 -0.031574
0.080154 -0.210960 -0.159776
0.127962 0.144636 -0.104925
0.122980 0.165441 -0.104807
0.131608 0.165031 -0.113398
0.136708 0.143991 -0.112807
0.041638 0.263725 -0.174316
0.046521 0.236563 -0.172042
0.074607 0.396179 -0.046735
0.154834 0.370992 -0.052975
0.143739 0.380546 -0.056554
0.137612 0.366734 -0.035641
0.145854 0.359215 -0.032694
0.136721 0.347850 -0.124054
0.124950 0.353580 -0.131946
0.133265 0.366309 -0.120390
0.144144 0.359322 -0.112931
0.055261 -0.071540 -0.223831
0.027166 -0.070804 -0.223805
0.025541 0.117283 -0.163911
0.022890 0.136458 -0.164068
0.040155 0.133305 -0.163830
0.043950 0.113889 -0.164425
0.067216 0.246167 -0.169025
0.078323 0.228893 -0.162964
0.025682 0.220754 0.062396
0.040404 0.224649 0.062615
0.039022 0.241191 0.057111
0.023628 0.238775 0.058399
0.149531 0.196935 -0.120392
0.137460 0.188012 -0.119217
0.130032 0.207513 -0.118941
0.138160 0.213576 -0.121886
0.143220 -0.184786 -0.143386
0.164950 -0.165474 -0.113183
0.103841 0.137935 -0.112949
0.103267 0.122418 -0.111460
0.093127 0.129627 -0.128494
0.094114 0.144446 -0.130521
0.107966 0.178792 -0.110013
0.103473 0.166431 -0.110586
0.113352 0.191118 -0.109715
0.128433 0.257455 -0.102923
0.129897 0.258247 -0.101092
0.129302 0.260103 -0.109124
0.031204 -0.191565 0.005233
0.038378 -0.134061 0.002289
0.031295 -0.124428 0.005384
-0.005729 -0.179773 -0.068369
-0.006665 -0.179735 -0.064637
0.040848 0.413346 -0.027269
0.047955 0.418173 -0.039969
0.113376 0.220494 -0.090326
0.117764 0.235938 -0.087303
0.130506 0.244387 -0.087911
0.130603 0.249708 -0.089272
0.130138 0.250114 -0.075056
0.130218 0.244510 -0.073284
0.129577 0.245861 -0.099927
0.129750 0.250449 -0.101100
0.112527 0.295062 0.004200
0.116188 0.309545 -0.003192
0.109077 0.316550 -0.001140
0.105329 0.300634 0.007576
0.095335 0.303735 0.010777
0.099250 0.320600 0.001505
0.086811 0.323409 0.004334
0.083273 0.305832 0.014241
0.071408 0.379810 -0.027881
0.053496 0.374178 -0.015143
0.034755 0.370616 -0.006918
0.018715 0.366850 -0.002018
0.013416 0.412033 -0.121270
0.036258 0.412297 -0.120998
0.031532 0.402701 -0.127096
0.012212 0.402766 -0.125332
-0.007497 0.403505 -0.123059
-0.006677 0.412826 -0.119836
0.034953 0.400053 -0.020736
0.023193 0.397549 -0.012572
0.014131 0.386718 -0.008219
0.181226 0.159224 -0.050022
0.179286 0.181678 -0.049509
0.053451 0.433678 -0.068077
0.053255 0.426218 -0.053209
0.188663 0.159502 -0.063729
0.187106 0.182271 -0.063700
0.116047 0.354445 -0.022220
0.127013 0.349670 -0.022454
0.126742 0.372868 -0.037650
0.031717 0.409336 -0.016194
0.020530 0.406700 -0.008338
0.169993 -0.129900 -0.066404
0.161493 -0.128063 -0.032983
0.117437 0.093167 -0.070289
0.114491 0.086563 -0.048776
-0.001670 0.100125 0.045016
-0.002134 0.081447 0.043697
0.016419 0.081224 0.042163
0.017519 0.101369 0.043516
-0.002888 0.160316 0.039678
-0.002383 0.140908 0.043016
-0.001918 0.412098 0.000345
0.032559 0.042822 0.036343
0.033302 0.063650 0.036396
0.015173 0.061279 0.039790
0.013610 0.038602 0.039832
0.005319 0.014636 0.042431
0.003779 0.004215 0.042825
0.011680 -0.109568 0.008405
0.002479 -0.108154 0.008001
0.147396 0.236006 -0.029835
0.163297 0.240199 -0.034815
0.162557 0.256797 -0.033728
0.147204 0.250536 -0.028283
0.064778 0.049827 0.017571
0.049183 0.046397 0.029285
0.127388 0.246786 -0.021306
0.128555 0.241654 -0.037887
0.016899 0.177109 0.046289
0.054772 0.228314 0.060212
0.053594 0.243072 0.054304
0.067973 0.230954 0.056816
0.067042 0.244442 0.050403
-0.006541 -0.180549 -0.076754
-0.005920 -0.178744 -0.078319
0.171739 0.258164 -0.111228
0.166402 0.253714 -0.115728
0.163066 0.264394 -0.117935
0.169090 0.269196 -0.113224
-0.002330 -0.218709 -0.065898
-0.003538 -0.203568 -0.063618
0.013134 -0.189719 -0.139713
-0.000119 -0.187262 -0.127158
-0.003562 -0.179197 -0.132737
-0.003410 -0.176229 -0.143642
0.050888 -0.238740 0.027501
0.053690 -0.210868 0.024180
0.049210 -0.266596 0.030162
0.047193 -0.295364 0.032430
0.049204 -0.483293 0.005783
0.059316 -0.508895 0.000012
0.067553 -0.584882 -0.043304
0.068933 -0.612728 -0.058990
0.070464 -0.642406 -0.075307
0.075743 -0.700140 -0.104846
0.072616 -0.672323 -0.091501
0.190324 0.157895 -0.077986
0.187020 0.154830 -0.090807
0.185154 0.178691 -0.093337
0.188852 0.182630 -0.079473
0.112677 0.186718 -0.081397
0.115723 0.167767 -0.082192
0.116356 0.169283 -0.068522
0.113851 0.188965 -0.067490
0.119055 0.147622 -0.083531
0.117692 0.166587 -0.094627
0.121961 0.146217 -0.095110
0.148376 0.145142 -0.117489
0.143110 0.166363 -0.118358
0.155807 0.170522 -0.118314
0.160849 0.147315 -0.116729
0.180441 0.151851 -0.102300
0.171746 0.149249 -0.111454
0.168239 0.172045 -0.113166
0.177849 0.174546 -0.104071
0.129695 0.152224 -0.047308
0.127191 0.173326 -0.045643
0.119749 0.171155 -0.055609
0.122043 0.150709 -0.057320
0.177332 0.243617 -0.045894
0.177092 0.260899 -0.044053
0.126029 0.262203 -0.034158
0.123886 0.260836 -0.041176
0.126024 0.260745 -0.027465
0.127889 0.268347 -0.023243
0.164348 0.203588 -0.038183
0.177928 0.203754 -0.048735
0.177023 0.224699 -0.047059
0.163332 0.223019 -0.036296
0.124260 0.194134 -0.043776
0.121063 0.214118 -0.040946
0.115024 0.211204 -0.052061
0.117202 0.191466 -0.054047
0.120557 0.205202 -0.112543
0.125896 0.185651 -0.113563
0.131734 0.245622 -0.028699
0.131840 0.232371 -0.031236
0.127152 0.239047 -0.019745
0.129721 0.237870 -0.072529
0.129382 0.229792 -0.072383
0.110611 0.191777 0.024455
0.111934 0.204172 0.029631
0.126465 0.209574 -0.050476
0.123041 0.197047 -0.047223
0.115433 0.205161 0.023139
0.115988 0.197275 0.017246
0.068744 0.142387 0.017053
0.015992 0.377490 -0.006463
0.132816 0.216885 -0.034030
0.147798 0.219772 -0.031892
0.131353 0.227607 -0.121359
0.124121 0.224462 -0.117296
0.122148 0.238364 -0.115031
0.127121 0.240067 -0.119840
0.096480 0.261730 -0.156197
0.101785 0.250335 -0.149825
0.090319 0.240482 -0.156686
0.082887 0.253884 -0.163296
0.181041 0.259833 -0.099112
0.179953 0.273234 -0.099875
0.184517 0.271895 -0.089683
0.185368 0.256443 -0.089731
0.187362 0.269295 -0.076513
0.186054 0.265463 -0.060112
0.185528 0.247213 -0.061142
0.187111 0.252004 -0.077231
0.165057 -0.096916 -0.097728
0.158580 -0.096594 -0.128163
0.100131 0.011441 -0.007081
0.115087 0.018191 -0.024460
0.083801 -0.060881 0.002419
0.003190 -0.176600 -0.035294
0.018465 -0.163744 -0.012884
-0.000033 -0.242235 -0.067743
0.164656 -0.098318 -0.066396
0.012081 -0.297676 -0.062796
0.005517 -0.269184 -0.066632
0.058099 -0.306953 -0.114540
0.052767 -0.279374 -0.124738
0.079985 -0.282686 -0.125566
0.082599 -0.308070 -0.114750
0.106125 -0.283779 -0.117065
0.106723 -0.308509 -0.105938
0.091136 -0.351879 0.047493
0.102912 -0.542967 -0.128929
0.121901 -0.575086 -0.132082
0.103179 -0.573282 -0.138867
0.123179 -0.543723 -0.121431
0.137904 -0.520692 -0.094077
0.138530 -0.548270 -0.107040
0.130261 -0.607138 -0.056729
0.103121 -0.605383 -0.146689
0.119884 -0.608543 -0.140834
0.136524 -0.579610 -0.118070
0.132634 -0.612505 -0.128768
-0.004356 -0.192709 -0.060012
-0.003371 -0.175274 -0.158321
0.142267 -0.126330 -0.006584
0.144207 -0.153802 -0.003839
0.063509 -0.127270 0.008221
0.088864 -0.113669 0.008665
0.093535 0.074149 -0.013703
0.079112 0.070529 0.000007
0.092359 0.109890 -0.015663
0.093583 0.091664 -0.015244
0.104637 0.097313 -0.031333
0.102321 0.114375 -0.032258
0.112516 0.125824 -0.072016
0.113323 0.109295 -0.071604
0.110873 0.115522 -0.092180
0.110333 0.132115 -0.093240
0.108401 0.106954 -0.111086
0.115891 0.099747 -0.091530
0.054619 0.147469 -0.159750
0.053736 0.166075 -0.159839
0.068297 0.159251 -0.153166
0.069157 0.141901 -0.152472
0.021874 -0.115145 0.006868
-0.003013 -0.181371 -0.052674
0.057367 -0.185018 0.020527
0.087922 -0.154144 0.019339
0.118410 -0.152484 0.013562
0.118221 0.238410 -0.075740
0.120525 0.262685 -0.132108
0.119594 0.270727 -0.136421
0.185552 0.227922 -0.062505
0.187253 0.233446 -0.078849
0.119562 0.230718 -0.037334
0.161824 0.271491 -0.032554
0.146209 0.277912 -0.024864
0.146584 0.264555 -0.027112
0.109407 -0.066797 -0.008193
0.112407 -0.085727 -0.003902
0.135478 -0.078941 -0.018240
-0.003995 -0.185107 -0.113808
-0.004164 -0.180912 -0.119414
0.039971 -0.144909 0.002100
0.021784 -0.351698 -0.055850
0.017705 -0.325332 -0.058471
0.024330 -0.376565 -0.054815
0.027022 -0.400331 -0.055528
0.030126 -0.424396 -0.057999
0.035869 -0.446191 -0.058566
0.043023 -0.464999 -0.058481
0.048381 -0.485107 -0.066509
0.041911 -0.537289 -0.082286
0.049762 -0.506520 -0.081260
0.049931 -0.530443 -0.097004
0.050435 -0.556256 -0.111673
0.057664 -0.613879 -0.132514
0.052734 -0.583693 -0.123495
0.062353 -0.644544 -0.141519
0.064293 -0.675532 -0.150740
-0.005960 -0.180977 -0.087833
-0.005243 -0.182988 -0.100262
0.102166 0.358458 -0.022372
0.129704 0.246682 -0.056879
0.129182 0.251756 -0.059050
0.120063 0.243381 -0.034176
-0.003408 -0.169486 -0.174584
-0.003184 -0.160493 -0.190831
0.174064 0.196106 -0.107329
0.182590 0.201636 -0.097502
0.114646 0.229855 -0.050113
0.127120 0.260003 -0.050137
0.125000 0.262115 -0.056877
0.207168 -0.003036 -0.023504
0.205998 -0.019605 -0.016117
0.211253 -0.023381 -0.024323
0.212010 -0.006870 -0.032857
0.198368 0.000066 -0.017102
0.197281 -0.016806 -0.010944
0.150216 -0.010083 -0.037634
0.153443 -0.028663 -0.032927
0.159305 -0.022651 -0.023890
0.156673 -0.004011 -0.028421
0.186669 -0.032181 -0.003865
0.187037 -0.015139 -0.009354
0.176507 -0.015519 -0.011664
0.177204 -0.033269 -0.006869
0.152817 -0.022055 -0.060292
0.147670 -0.004355 -0.065275
0.155945 -0.007524 -0.074042
0.161173 -0.024580 -0.068046
0.141100 0.065747 -0.053083
0.139287 0.079651 -0.053732
0.132154 0.073658 -0.061682
0.134219 0.059170 -0.061241
0.209483 0.031644 -0.038604
0.208255 0.014148 -0.030957
0.212064 0.010377 -0.041622
0.211711 0.028018 -0.050543
0.174560 0.038587 -0.028398
0.174077 0.057276 -0.036165
0.161212 0.056236 -0.039672
0.161895 0.037377 -0.032773
0.210327 0.045797 -0.060016
0.210042 0.049536 -0.047583
0.176031 0.002378 -0.016584
0.175254 0.020207 -0.022038
0.163717 0.018787 -0.026522
0.165580 0.000216 -0.021691
0.162665 -0.055388 -0.047255
0.157805 -0.038868 -0.054119
0.166324 -0.040980 -0.061009
0.171096 -0.057050 -0.053245
0.169124 -0.036289 -0.012372
0.167415 -0.018167 -0.017066
0.162066 -0.040850 -0.019420
0.208537 -0.048903 -0.036405
0.207796 -0.032773 -0.046553
0.211105 -0.027853 -0.035150
0.210797 -0.044001 -0.025849
0.144429 0.028165 -0.046693
0.147064 0.009028 -0.041888
0.154126 0.014849 -0.033353
0.151930 0.033703 -0.038951
0.200384 0.035543 -0.030539
0.199191 0.017537 -0.023723
0.206681 -0.016312 -0.056892
0.204612 0.000670 -0.066798
0.210581 0.005847 -0.054436
0.211103 -0.011124 -0.044633
0.189439 0.013021 -0.084508
0.193555 -0.003821 -0.075667
0.180273 -0.006563 -0.079251
0.174992 0.010450 -0.086592
0.136961 0.040771 -0.060115
0.142504 0.047591 -0.050802
0.142344 0.014149 -0.069562
0.137006 0.033156 -0.072763
0.144382 0.028626 -0.083769
0.150498 0.010282 -0.079220
0.189012 0.085840 -0.047644
0.189253 0.073733 -0.042703
0.202315 0.071013 -0.046761
0.201786 0.084037 -0.053457
0.209395 0.066813 -0.057056
0.207946 0.080705 -0.064679
0.200361 0.097265 -0.084607
0.202684 0.087749 -0.082115
0.192559 0.086042 -0.090329
0.191033 0.095707 -0.093408
0.176675 0.045749 -0.100699
0.183652 0.029812 -0.092914
0.168073 0.027562 -0.093351
0.160395 0.044807 -0.099704
0.141886 0.060622 -0.098968
0.147460 0.044827 -0.095892
0.137805 0.046347 -0.087193
0.132861 0.061578 -0.088722
0.129191 0.110334 -0.098197
0.131290 0.097216 -0.098846
0.125041 0.098725 -0.087724
0.124076 0.111550 -0.087079
0.127625 0.104965 -0.061825
0.135746 0.107139 -0.052773
0.134392 0.118166 -0.051533
0.126379 0.116433 -0.061065
0.186934 0.119759 -0.052186
0.188448 0.110199 -0.051571
0.198558 0.109751 -0.062042
0.195670 0.119951 -0.064182
0.170624 0.059651 -0.106346
0.153430 0.061968 -0.104578
0.128633 0.095356 -0.061867
0.129906 0.085236 -0.062065
0.137563 0.089829 -0.053723
0.136817 0.098724 -0.053196
0.161148 0.102634 -0.048542
0.161063 0.094856 -0.049488
0.174309 0.095589 -0.048595
0.174410 0.102940 -0.048124
0.188802 0.102979 -0.050880
0.188769 0.095525 -0.049881
0.200964 0.094065 -0.057345
0.200101 0.102010 -0.059893
0.168003 0.069122 -0.109128
0.164507 0.077993 -0.111051
0.174715 0.081741 -0.106389
0.178932 0.073190 -0.104940
0.129342 0.074667 -0.088522
0.137643 0.073545 -0.099223
0.161301 0.084557 -0.049411
0.148698 0.092738 -0.049274
0.149327 0.082861 -0.049493
0.206249 0.091282 -0.069404
0.136053 0.109438 -0.106354
0.132665 0.124195 -0.105469
0.140878 0.124109 -0.112709
0.144255 0.109028 -0.112683
0.126579 0.125240 -0.096364
0.122699 0.126715 -0.085153
0.132518 0.132615 -0.049418
0.124844 0.130982 -0.059277
0.143454 0.134092 -0.043123
0.145889 0.119306 -0.045783
0.158780 0.120433 -0.043908
0.156431 0.135832 -0.040451
0.183754 0.137859 -0.051396
0.191376 0.137590 -0.064142
0.196869 0.118933 -0.077158
0.192675 0.135554 -0.077659
0.123784 0.101750 -0.074083
0.124887 0.090874 -0.074283
0.197019 -0.020552 -0.066086
0.199661 -0.036958 -0.056046
0.188482 -0.039523 -0.061747
0.184757 -0.023253 -0.070921
0.176905 -0.040979 -0.063667
0.181310 -0.056946 -0.054825
0.187728 0.019596 -0.020585
0.187542 0.002006 -0.014569
0.196402 -0.032995 -0.004400
0.174403 0.085558 -0.048099
0.174469 0.073639 -0.044291
0.181219 0.094085 -0.100417
0.179703 0.103257 -0.103629
0.188876 0.105262 -0.095830
0.185158 0.064096 -0.100633
0.194227 0.074130 -0.088234
0.201246 0.057808 -0.080702
0.192101 0.051076 -0.093603
0.160855 0.087963 -0.112529
0.158081 0.098029 -0.114411
0.169734 0.100526 -0.111161
0.171769 0.090814 -0.108112
0.173235 0.120296 -0.045291
0.174335 0.110308 -0.046991
0.183020 0.131059 -0.100348
0.189336 0.132457 -0.089957
0.193225 0.117320 -0.088469
0.186247 0.116065 -0.097844
0.197028 0.106754 -0.086678
0.174833 0.129394 -0.109323
0.177728 0.114165 -0.106646
0.170756 0.137397 -0.042718
0.155470 0.110244 -0.115712
0.152238 0.125469 -0.116439
0.164371 0.127129 -0.115151
0.167353 0.112113 -0.113315
0.172336 -0.024657 -0.071630
0.167431 -0.007747 -0.078631
0.128995 0.066485 -0.074508
0.132110 0.051472 -0.074412
0.126514 0.079406 -0.074445
0.148406 -0.016817 -0.049172
0.152925 -0.034624 -0.044018
0.140199 0.021035 -0.057247
0.144175 0.001812 -0.053466
0.201606 0.017734 -0.076268
0.141845 0.085296 -0.105758
0.145774 0.074330 -0.106112
0.134084 0.085385 -0.098900
0.121560 0.129270 -0.071682
0.122984 0.113852 -0.073500
0.157861 0.069786 -0.109345
0.119063 0.149139 -0.069855
0.204780 0.076977 -0.077661
0.200963 0.108349 -0.074812
0.203997 0.099722 -0.072386
0.210561 -0.039296 -0.015997
0.187929 0.037827 -0.027007
0.161311 0.072624 -0.046427
0.150076 0.069936 -0.048318
0.138879 0.096448 -0.106347
0.146932 0.096406 -0.112137
0.149912 0.086017 -0.111033
0.147434 0.108810 -0.047576
0.160080 0.110192 -0.046533
0.157293 -0.051742 -0.038288
0.148178 0.101037 -0.048767
0.207876 0.062468 -0.069640
0.009774 0.366244 -0.139411
-0.010700 0.356063 -0.140831
-0.009960 0.366960 -0.136709
0.117736 0.184599 -0.043334
0.088608 0.162036 -0.006452
0.098967 0.164881 -0.019994
0.129207 0.239554 -0.055259
0.129032 0.230500 -0.054346
0.126245 0.260225 -0.069877
0.127773 0.257881 -0.064962
0.126679 0.212400 -0.030616
0.072235 0.558665 -0.019495
0.072167 0.552256 -0.022582
0.074428 0.570955 -0.018881
0.004536 0.026856 0.041069
-0.007522 0.003060 0.041927
-0.008305 -0.006083 0.041011
0.068234 0.542190 -0.007386
0.068562 0.537252 -0.012258
0.070574 0.539913 -0.008546
0.067329 0.543784 -0.005702
0.067191 0.542853 -0.006029
0.071141 0.572685 -0.009303
0.070611 0.544801 -0.023919
0.068730 0.536215 -0.023661
0.067784 0.559341 -0.006092
0.037986 0.050896 -0.177577
0.043187 0.033311 -0.186484
0.019739 0.033848 -0.187712
0.016340 0.051037 -0.178068
-0.004680 0.019291 -0.195660
-0.006234 0.036319 -0.187647
0.023896 0.013700 -0.196641
0.132497 -0.021925 -0.169095
0.128285 -0.000337 -0.165064
0.141991 0.001278 -0.143583
0.145943 -0.019270 -0.146935
0.145075 0.015106 -0.117643
0.150424 -0.000258 -0.119622
0.136144 0.018037 -0.140275
0.147330 0.010464 -0.092953
0.152200 -0.004221 -0.094727
0.143179 0.004957 -0.069905
0.147611 -0.010207 -0.071023
0.138644 -0.016794 -0.049080
0.123878 -0.023795 -0.029197
0.106820 -0.049228 -0.011294
0.104870 -0.033303 -0.011305
0.084629 -0.043096 0.002824
0.062781 -0.051292 0.013744
0.042377 -0.056417 0.021514
0.023908 -0.059046 0.025325
0.007142 -0.060288 0.026779
-0.007459 -0.060822 0.025480
-0.007041 -0.077548 0.018635
0.092521 0.340789 -0.007748
0.089947 0.409218 -0.101284
0.111191 0.401982 -0.082120
0.102057 0.402456 -0.102603
0.109601 0.357858 -0.140940
0.090731 0.359498 -0.149001
0.096612 0.372173 -0.140914
0.117695 0.371152 -0.129676
0.078177 0.406906 -0.115488
0.070571 0.411683 -0.113142
0.087050 0.400988 -0.119546
0.069094 0.398259 -0.129039
0.050351 0.395846 -0.132528
0.156615 0.375294 -0.076694
0.166988 0.363046 -0.071929
0.160780 0.360116 -0.092561
0.151489 0.369617 -0.097532
0.129328 0.336292 -0.132579
0.138848 0.330879 -0.126484
0.132340 0.320356 -0.133219
0.122793 0.324687 -0.139593
0.181847 0.315168 -0.061314
0.184459 0.297812 -0.059778
0.184145 0.301898 -0.077580
0.180587 0.318301 -0.079526
0.145494 0.341613 -0.117992
0.061239 0.266533 -0.171683
0.077732 0.269658 -0.167446
0.092139 0.273591 -0.160406
0.119579 0.279006 -0.139292
0.114355 0.268370 -0.142428
0.113771 0.278842 -0.145452
0.125038 0.278637 -0.134007
0.129645 0.277406 -0.129730
0.145789 0.290867 -0.021870
0.133717 0.279411 -0.018097
0.133665 0.269331 -0.023287
0.135108 0.266572 -0.123421
0.132752 0.263620 -0.122359
0.130353 0.268352 -0.122001
0.131844 0.271526 -0.122918
0.144825 0.384850 -0.081251
0.179727 0.301985 -0.091777
0.173742 0.299599 -0.102353
0.168404 0.312510 -0.104470
0.174845 0.316930 -0.093501
0.167561 0.296691 -0.110821
0.161299 0.292689 -0.117135
0.155867 0.301800 -0.119839
0.161816 0.307998 -0.113329
0.138725 0.269407 -0.123886
0.134004 0.276019 -0.124343
0.176828 0.277035 -0.043393
0.169916 0.343279 -0.044989
0.163805 0.358510 -0.048644
0.152650 0.347860 -0.029200
0.156596 0.333762 -0.028434
0.123935 0.251932 -0.072793
0.124016 0.249625 -0.084079
0.123527 0.247611 -0.096119
0.128721 0.262850 -0.115978
0.123422 0.246676 -0.105866
0.122155 0.252815 -0.031547
0.132825 0.257020 -0.025866
0.138077 0.331659 -0.020057
0.141806 0.318816 -0.019783
0.185758 0.281367 -0.059484
0.186589 0.285395 -0.076887
0.135688 0.246970 -0.123787
0.133149 0.254665 -0.122786
0.136948 0.257796 -0.124091
0.125820 0.261511 -0.121503
0.128643 0.265326 -0.120167
0.174476 0.348368 -0.067195
0.177675 0.286472 -0.101058
0.182863 0.286917 -0.090614
0.155617 0.316971 -0.116548
0.147834 0.324890 -0.121233
0.154234 0.333858 -0.112603
0.161567 0.324111 -0.108113
0.159323 0.275498 -0.119850
0.165741 0.281456 -0.115500
0.141011 0.315410 -0.128301
0.148780 0.309212 -0.123805
0.141327 0.260935 -0.125108
0.134076 0.341973 -0.021159
0.116496 0.332210 -0.012202
0.123640 0.324953 -0.012813
0.127202 0.314930 -0.013110
0.130355 0.303237 -0.013738
0.132145 0.290413 -0.014756
0.106038 0.337080 -0.009662
0.153641 0.076887 -0.110768
0.131673 0.243147 -0.122198
0.139712 0.238109 -0.123880
0.136173 0.232870 -0.123133
0.163615 0.194721 -0.115071
-0.036321 0.482122 0.058119
-0.034767 0.477170 0.055697
-0.039150 0.503955 0.058362
-0.039010 0.500687 0.059044
0.183053 0.085181 -0.097877
0.185701 0.077414 -0.097178
0.197887 0.034750 -0.085045
0.206124 0.040625 -0.072587
0.208975 0.023204 -0.063723
0.201840 0.053834 -0.038200
0.188685 0.056634 -0.034380
0.150670 0.052553 -0.044040
0.155032 0.026848 -0.090856
0.203587 -0.066309 0.006996
0.202438 -0.081626 0.014799
0.209625 -0.084716 0.009423
0.209965 -0.069799 0.000753
0.201550 -0.095829 0.023137
0.193836 -0.080723 0.016407
0.193028 -0.095883 0.022827
0.185756 -0.081645 0.014075
0.185615 -0.096829 0.019904
0.179576 -0.099166 0.014642
0.178943 -0.083964 0.009139
0.173822 -0.087857 0.003093
0.175114 -0.103054 0.008416
0.167528 -0.075785 -0.009527
0.164725 -0.080614 -0.017553
0.169094 -0.096778 -0.011242
0.170492 -0.092446 -0.003784
0.179081 -0.117293 -0.017870
0.175463 -0.103377 -0.025591
0.183534 -0.103948 -0.028611
0.186284 -0.118021 -0.020818
0.198438 -0.086638 -0.032452
0.201766 -0.101825 -0.023966
0.192862 -0.103235 -0.027542
0.189081 -0.088137 -0.036610
0.204275 -0.115975 -0.016972
0.207923 -0.098493 -0.017111
0.209420 -0.112194 -0.009639
0.195704 -0.048774 0.002738
0.204577 -0.050931 -0.000738
0.205182 -0.035435 -0.008558
0.178151 -0.067463 0.003783
0.185786 -0.065168 0.008093
0.186146 -0.048774 0.002019
0.177615 -0.050506 -0.001709
0.157096 -0.046390 -0.028329
0.160994 -0.063738 -0.023224
0.164868 -0.058358 -0.014722
0.172269 -0.071025 -0.002401
0.170728 -0.053829 -0.007609
0.165776 -0.084823 -0.026105
0.170269 -0.100792 -0.019217
0.211452 -0.074572 -0.007923
0.212128 -0.089375 0.000875
0.210782 -0.094267 -0.008143
0.209995 -0.079366 -0.016906
0.161685 -0.068445 -0.032387
0.210894 -0.059482 -0.016783
0.209161 -0.064440 -0.026507
0.205941 -0.083542 -0.025807
0.204117 -0.068472 -0.035457
0.212846 -0.102707 0.009003
0.209706 -0.098433 0.017858
0.210271 -0.054665 -0.007770
0.171133 -0.087675 -0.033344
0.167024 -0.071626 -0.040405
0.175455 -0.072907 -0.045266
0.179491 -0.088577 -0.037051
0.191850 -0.055346 -0.052085
0.195206 -0.071182 -0.042083
0.185167 -0.072580 -0.045635
0.195526 -0.117456 -0.020296
0.201904 -0.052938 -0.045577
0.190496 -0.167544 0.049335
0.190356 -0.167332 0.059125
0.184800 -0.160494 0.056661
0.185367 -0.160530 0.046152
0.172997 -0.142752 0.053421
0.175907 -0.144977 0.064940
0.177737 -0.136174 0.066614
0.174530 -0.132366 0.055065
0.192487 -0.165793 0.067592
0.186190 -0.159563 0.065294
0.196899 -0.161329 0.071301
0.198233 -0.171139 0.070451
0.204570 -0.167814 0.072835
0.208793 -0.174055 0.075114
0.216336 -0.173115 0.070805
0.213447 -0.162473 0.067967
0.221786 -0.166616 0.044930
0.222192 -0.178331 0.052055
0.222551 -0.181114 0.042081
0.221113 -0.169110 0.035440
0.216166 -0.183227 0.024267
0.215206 -0.171201 0.019379
0.218298 -0.170400 0.027502
0.219400 -0.182934 0.033782
0.191911 -0.168374 0.034896
0.191541 -0.167472 0.040381
0.187272 -0.160703 0.036254
0.187794 -0.161437 0.030203
0.199503 -0.154851 0.077851
0.196419 -0.157192 0.077460
0.203320 -0.158570 0.071819
0.205513 -0.152992 0.070142
0.174654 -0.148171 0.010834
0.175027 -0.144548 0.016229
0.174371 -0.134671 0.013104
0.174002 -0.138035 0.006340
0.173390 -0.127002 0.035668
0.182631 -0.118677 0.039065
0.182293 -0.115746 0.031997
0.175108 -0.125649 0.027405
0.173134 -0.129343 0.044603
0.183625 -0.126219 0.056116
0.182673 -0.121783 0.046901
0.185588 -0.131507 0.067472
0.175881 -0.140677 -0.002697
0.175919 -0.148955 -0.001197
0.205945 -0.215638 0.093867
0.205689 -0.211087 0.091629
0.204743 -0.214327 0.087932
0.205166 -0.218934 0.090189
0.192247 -0.147419 -0.009202
0.189633 -0.141882 -0.010824
0.198154 -0.140742 -0.009489
0.200625 -0.145693 -0.006390
0.195136 -0.155009 -0.006852
0.203523 -0.152943 -0.002567
0.218166 -0.216039 0.095514
0.218634 -0.211469 0.092348
0.214205 -0.209908 0.093899
0.213656 -0.214401 0.096819
0.194152 -0.173784 0.053967
0.194217 -0.173208 0.063166
0.198167 -0.187986 0.069727
0.199409 -0.183920 0.073942
0.196968 -0.178759 0.068705
0.196603 -0.181514 0.060160
0.196777 -0.184070 0.041093
0.197107 -0.184384 0.048633
0.195510 -0.176194 0.043483
0.194974 -0.176227 0.036071
0.191482 -0.178988 0.026545
0.189383 -0.181707 0.022306
0.191493 -0.188834 0.025545
0.193955 -0.186790 0.030717
0.198722 -0.200432 0.043601
0.198053 -0.201878 0.038876
0.201956 -0.208602 0.042638
0.202139 -0.207696 0.046958
0.188421 -0.136322 -0.012970
0.196895 -0.135422 -0.012518
0.207159 -0.184305 0.007959
0.207644 -0.193312 0.010257
0.200089 -0.193801 0.004493
0.199198 -0.184417 0.002117
0.207422 -0.143999 -0.000142
0.205650 -0.138690 -0.003807
0.220732 -0.219215 0.092151
0.221395 -0.214549 0.088942
0.195210 -0.131929 0.066779
0.194481 -0.126158 0.054761
0.193549 -0.121331 0.044941
0.193245 -0.117302 0.038582
0.193146 -0.113173 0.034219
0.197443 -0.187469 0.058742
0.193931 -0.172476 0.045325
0.191373 -0.168891 0.031029
0.182640 -0.177879 0.008736
0.184385 -0.176834 0.015306
0.181651 -0.170365 0.014075
0.180378 -0.171546 0.004953
0.191195 -0.185216 0.002092
0.192460 -0.193936 0.004912
0.188028 -0.193726 0.009410
0.186379 -0.185988 0.006578
0.201792 -0.151429 0.079509
0.204980 -0.146766 0.070234
0.183346 -0.148832 -0.007694
0.181882 -0.142039 -0.008550
0.181364 -0.135518 -0.009749
0.180910 -0.153314 0.022758
0.181095 -0.152967 0.026473
0.174142 -0.141206 0.024678
0.175014 -0.142504 0.019652
0.177872 -0.152610 0.043204
0.177883 -0.153107 0.054519
0.171878 -0.141499 0.041450
0.174441 -0.131100 0.018895
0.176060 -0.122869 0.016814
0.175330 -0.126966 0.010192
0.175164 -0.130621 0.003032
0.177024 -0.133577 -0.004485
0.176110 -0.115131 0.013126
0.174912 -0.119471 0.006583
0.174892 -0.123454 -0.000816
0.176904 -0.126288 -0.007647
0.204930 -0.125493 -0.011738
0.204850 -0.132755 -0.007695
0.196491 -0.128334 -0.016262
0.184599 -0.108550 0.026112
0.179415 -0.111263 0.019784
0.178299 -0.118637 0.024067
0.192474 -0.107321 0.029368
0.179099 -0.146656 0.073216
0.182746 -0.153121 0.071683
0.183939 -0.154668 0.078264
0.181036 -0.149500 0.080403
0.201980 -0.175908 0.073852
0.204366 -0.181392 0.077110
0.211011 -0.180559 0.077713
0.177332 -0.157051 -0.000017
0.176495 -0.156395 0.010510
0.198763 -0.192285 0.066387
0.218812 -0.205823 0.088726
0.218236 -0.195972 0.082697
0.212579 -0.194263 0.084520
0.213946 -0.204325 0.090611
0.203779 -0.200374 0.067538
0.206524 -0.205812 0.071952
0.202570 -0.202036 0.074514
0.200935 -0.196363 0.070592
0.196266 -0.203326 0.033178
0.199602 -0.208751 0.036106
0.219467 -0.190772 0.058902
0.222002 -0.174593 0.061567
0.221569 -0.184809 0.066771
0.195683 -0.185195 0.035372
0.195726 -0.194596 0.034911
0.196861 -0.193006 0.039517
0.198085 -0.191189 0.058464
0.198017 -0.190463 0.052683
0.199775 -0.195875 0.057256
0.199661 -0.195231 0.063055
0.187887 -0.175112 -0.001484
0.198493 -0.173895 -0.000998
0.209457 -0.209642 0.093692
0.209255 -0.214202 0.096157
0.187843 -0.129128 -0.016120
0.181072 -0.128215 -0.012933
0.193491 -0.177155 0.031077
0.220145 -0.163825 0.055539
0.189895 -0.169572 0.027072
0.211086 -0.202841 0.025679
0.212783 -0.209152 0.028376
0.206761 -0.210347 0.027492
0.204973 -0.204943 0.023754
0.209582 -0.214630 0.078001
0.211204 -0.220173 0.081533
0.206915 -0.217818 0.084100
0.205234 -0.211818 0.080808
0.200055 -0.192393 0.073772
0.201180 -0.198413 0.078062
0.202783 -0.195302 0.081723
0.201437 -0.188642 0.077404
0.205929 -0.186909 0.079892
0.207223 -0.193978 0.083989
0.215786 -0.215463 0.077557
0.213268 -0.206939 0.071623
0.219525 -0.203746 0.073609
0.220708 -0.212818 0.080439
0.213879 -0.159434 0.014795
0.211168 -0.172670 0.011355
0.210108 -0.161067 0.007392
0.216335 -0.194413 0.028908
0.210038 -0.195013 0.020388
0.211761 -0.184058 0.015671
0.206460 -0.173364 0.004837
0.211932 -0.200462 0.061906
0.217319 -0.199527 0.060001
0.217212 -0.197173 0.066495
0.186999 -0.171452 0.021760
0.208881 -0.204138 0.090296
0.210458 -0.122993 0.032127
0.211497 -0.128981 0.036389
0.216438 -0.135458 0.026393
0.214919 -0.127731 0.023270
0.203465 -0.208463 0.084680
0.204543 -0.205572 0.088383
0.195914 -0.205835 0.027971
0.198450 -0.208631 0.025033
0.201530 -0.211626 0.027934
0.199624 -0.210044 0.031227
0.205604 -0.162341 0.001221
0.207625 -0.200085 0.011283
0.200340 -0.201522 0.006324
0.209056 -0.151059 0.003524
0.212265 -0.141165 0.007907
0.213047 -0.148978 0.010911
0.218057 -0.196304 0.040948
0.216676 -0.158485 0.022062
0.215481 -0.147626 0.017871
0.215008 -0.138433 0.015626
0.214341 -0.131746 0.013144
0.211152 -0.135352 0.004859
0.221735 -0.209002 0.084987
0.220714 -0.218282 0.084455
0.210192 -0.121193 -0.003726
0.210376 -0.128815 0.000982
0.212733 -0.116879 0.005133
0.213463 -0.125069 0.009588
0.217887 -0.143646 0.033572
0.217477 -0.145880 0.025502
0.219900 -0.155159 0.038653
0.219066 -0.157172 0.029554
0.222364 -0.192381 0.048607
0.217207 -0.231366 0.090076
0.213138 -0.231711 0.088991
0.212047 -0.225256 0.084573
0.216843 -0.225267 0.085441
0.216509 -0.220534 0.081617
0.220540 -0.222918 0.088025
0.217402 -0.152561 0.049265
0.202997 -0.201070 0.061353
0.212819 -0.138819 0.044919
0.209855 -0.142622 0.059694
0.213426 -0.152075 0.061712
0.204629 -0.129575 0.051598
0.203733 -0.123474 0.042255
0.202037 -0.114228 0.033250
0.202676 -0.118713 0.036701
0.201333 -0.107264 0.029459
0.203779 -0.135307 0.063361
0.205674 -0.225533 0.092961
0.205891 -0.222212 0.096979
0.209761 -0.117213 0.028843
0.209383 -0.109427 0.024445
0.179958 -0.153464 0.064496
0.185743 -0.162095 0.023680
0.183009 -0.162971 0.019530
0.178969 -0.163847 0.012466
0.178656 -0.164728 0.002291
0.213792 -0.112777 0.015132
0.173039 -0.107627 0.001989
0.173057 -0.111756 -0.005321
0.211745 -0.107474 -0.000608
0.208752 -0.220565 0.099550
0.208513 -0.209941 0.044497
0.208258 -0.210371 0.046635
0.180317 -0.139808 0.074643
0.182586 -0.144159 0.082281
0.195139 -0.143222 0.084515
0.195198 -0.136984 0.076442
0.186767 -0.136125 0.076249
0.188033 -0.142145 0.083969
0.180240 -0.153968 0.020290
0.178943 -0.155346 0.016633
0.197189 -0.163796 -0.004139
0.186835 -0.165396 -0.004770
0.211863 -0.186923 0.080150
0.217396 -0.188607 0.077485
0.217461 -0.181737 0.074135
0.221321 -0.199311 0.077965
0.210592 -0.201568 0.067162
0.207987 -0.201775 0.063561
0.179959 -0.152547 0.033221
0.172828 -0.140978 0.031787
0.190419 -0.157718 0.076406
0.188325 -0.157616 0.071104
0.197571 -0.191130 0.045595
0.219602 -0.204907 0.048238
0.222227 -0.200849 0.053909
0.199273 -0.197469 0.049740
0.212821 -0.220962 0.100521
0.217371 -0.222570 0.099436
0.220932 -0.191999 0.071868
0.193541 -0.196493 0.029386
0.214475 -0.208625 0.046832
0.215506 -0.204496 0.041196
0.193644 -0.200131 0.007127
0.214273 -0.121078 0.019908
0.207462 -0.222767 0.086380
0.208139 -0.229219 0.089610
0.219827 -0.229009 0.092221
0.220203 -0.225473 0.095791
0.185222 -0.156682 -0.006704
0.187193 -0.161874 0.026782
0.174779 -0.115154 -0.012345
0.202197 -0.140554 0.073302
0.200802 -0.146802 0.082373
0.201703 -0.203415 0.053185
0.207507 -0.201339 0.018753
0.216978 -0.208399 0.040706
0.218062 -0.208027 0.033806
0.217084 -0.202220 0.031670
0.212852 -0.210662 0.043677
0.220035 -0.230996 0.099150
0.219644 -0.234258 0.095640
0.217254 -0.228225 0.102908
0.212727 -0.226357 0.103395
0.208903 -0.225564 0.102051
0.217314 -0.236387 0.093436
0.213574 -0.236456 0.092262
0.208794 -0.233740 0.092478
0.217133 -0.240761 0.096102
0.219430 -0.239641 0.098910
0.215946 -0.238662 0.109289
0.218125 -0.240619 0.108391
0.218442 -0.237872 0.106424
0.217429 -0.234443 0.106283
0.215432 -0.242970 0.111013
0.217984 -0.244595 0.110197
0.219852 -0.242629 0.105701
0.219601 -0.238853 0.103842
0.219952 -0.246877 0.107634
0.219507 -0.248563 0.104523
0.219235 -0.244429 0.102770
0.219393 -0.240901 0.101751
0.219826 -0.235863 0.102097
0.215592 -0.247285 0.111439
0.216748 -0.251292 0.109209
0.219487 -0.250356 0.109184
0.217896 -0.247538 0.111054
0.212878 -0.231509 0.106035
0.212611 -0.237292 0.108654
0.212355 -0.242326 0.110340
0.212771 -0.246999 0.110436
0.209386 -0.237482 0.107483
0.210030 -0.242882 0.108786
0.210764 -0.246752 0.108635
0.207458 -0.239070 0.105036
0.208919 -0.244232 0.106645
0.209083 -0.230494 0.104538
0.206538 -0.231528 0.101766
0.209985 -0.246656 0.107065
0.214161 -0.250835 0.108035
0.218423 -0.245172 0.100188
0.218061 -0.249455 0.102349
0.216556 -0.245674 0.098541
0.216152 -0.249753 0.101224
0.219585 -0.251319 0.106086
0.217757 -0.252251 0.105118
0.206221 -0.226639 0.099251
0.206321 -0.229981 0.095172
0.206685 -0.234503 0.097835
0.207403 -0.241746 0.101213
0.209351 -0.237965 0.095162
0.213714 -0.240785 0.094974
0.213868 -0.245581 0.097948
0.210171 -0.244226 0.098390
0.213620 -0.249211 0.100882
0.211004 -0.248097 0.101516
0.209261 -0.246305 0.103821
0.213099 -0.250785 0.103632
0.215398 -0.251888 0.104168
0.212076 -0.249675 0.106597
0.210630 -0.248378 0.105317
0.211515 -0.249481 0.103514
0.209872 -0.235604 0.072370
0.209535 -0.229030 0.069930
0.208959 -0.231226 0.065822
0.209488 -0.238046 0.068165
0.221342 -0.233093 0.074914
0.221658 -0.227231 0.072086
0.216437 -0.226862 0.073477
0.215957 -0.232983 0.076015
0.224200 -0.235335 0.069923
0.224713 -0.229475 0.067112
0.221569 -0.220124 0.069125
0.219113 -0.208402 0.063690
0.213357 -0.208523 0.064766
0.215966 -0.219979 0.070471
0.209866 -0.216719 0.050243
0.206013 -0.214227 0.052499
0.212213 -0.227672 0.072323
0.211970 -0.233968 0.075005
0.212605 -0.228172 0.055838
0.214007 -0.235635 0.059060
0.210419 -0.233737 0.061794
0.208812 -0.226282 0.058601
0.204800 -0.211083 0.057148
0.205266 -0.208920 0.062467
0.208743 -0.208530 0.064683
0.218011 -0.228514 0.055421
0.216153 -0.217047 0.050195
0.221494 -0.214436 0.052877
0.222766 -0.226386 0.058313
0.211216 -0.220374 0.069723
0.207490 -0.223495 0.062869
0.208065 -0.221415 0.067298
0.224541 -0.222526 0.063855
0.222938 -0.233258 0.061697
0.220156 -0.249506 0.066508
0.216108 -0.250528 0.065892
0.214815 -0.242194 0.061707
0.219304 -0.241739 0.062149
0.218632 -0.235534 0.059165
0.222990 -0.239020 0.064845
0.210371 -0.247786 0.071656
0.210300 -0.244924 0.075867
0.212128 -0.243178 0.078605
0.223627 -0.210519 0.058531
0.215708 -0.241979 0.079514
0.220888 -0.241661 0.078505
0.211076 -0.240603 0.064149
0.212094 -0.249702 0.067769
0.223147 -0.246918 0.068880
0.224038 -0.243395 0.073572
0.223882 -0.250645 0.076523
0.223111 -0.253625 0.072062
0.221094 -0.248884 0.081369
0.216156 -0.248394 0.082070
0.212820 -0.248932 0.080786
0.220830 -0.255655 0.069960
0.217248 -0.256261 0.069153
0.213156 -0.255031 0.070384
0.221249 -0.261626 0.072914
0.223497 -0.260919 0.075278
0.220712 -0.266973 0.087746
0.223430 -0.267891 0.086604
0.222994 -0.263368 0.084931
0.220810 -0.261660 0.086375
0.223182 -0.260293 0.083314
0.221846 -0.256528 0.083949
0.224602 -0.265354 0.081978
0.224033 -0.261187 0.080480
0.225685 -0.269987 0.083707
0.224886 -0.271243 0.080475
0.223955 -0.266000 0.078941
0.223701 -0.262684 0.077973
0.221568 -0.271942 0.088031
0.223914 -0.271484 0.087649
0.224121 -0.257328 0.079023
0.217022 -0.254184 0.084036
0.217329 -0.260681 0.086394
0.217875 -0.266919 0.087565
0.218896 -0.271963 0.087345
0.214012 -0.260869 0.085016
0.215405 -0.267113 0.086262
0.216919 -0.271338 0.085610
0.212102 -0.262274 0.082023
0.214163 -0.268169 0.083625
0.213357 -0.253968 0.082564
0.211476 -0.254978 0.079494
0.215884 -0.270919 0.083952
0.220614 -0.275216 0.084795
0.223408 -0.275667 0.085666
0.226296 -0.274413 0.085637
0.222772 -0.266591 0.077127
0.223093 -0.271868 0.079327
0.221531 -0.267476 0.075521
0.221800 -0.272436 0.078207
0.225593 -0.274850 0.082044
0.223817 -0.275597 0.081715
0.211107 -0.250483 0.077864
0.211160 -0.252800 0.073932
0.211466 -0.257200 0.075591
0.212432 -0.264451 0.077998
0.213766 -0.259582 0.072233
0.218050 -0.261486 0.071711
0.218929 -0.267250 0.074634
0.215276 -0.266211 0.075049
0.219612 -0.271851 0.077631
0.216884 -0.270935 0.077950
0.214569 -0.269675 0.080270
0.219593 -0.274271 0.080400
0.221671 -0.275478 0.081074
0.218334 -0.273954 0.083384
0.216590 -0.272293 0.081988
0.217735 -0.272875 0.079977
0.208295 -0.237084 0.049248
0.208144 -0.231697 0.047624
0.206150 -0.232672 0.043544
0.206151 -0.238253 0.045080
0.219295 -0.236839 0.048602
0.219661 -0.230322 0.047069
0.215927 -0.230705 0.049411
0.216032 -0.236655 0.050690
0.220467 -0.238077 0.044227
0.220772 -0.231388 0.041957
0.219259 -0.223902 0.045289
0.218009 -0.215007 0.042388
0.213241 -0.215947 0.044896
0.215071 -0.224657 0.047979
0.211852 -0.231194 0.049557
0.212192 -0.236800 0.051004
0.206797 -0.228436 0.034098
0.208434 -0.234859 0.036248
0.206360 -0.233935 0.039292
0.204907 -0.227386 0.037394
0.202405 -0.215535 0.038374
0.204470 -0.215309 0.042905
0.208421 -0.215890 0.044788
0.211548 -0.228634 0.032575
0.209083 -0.218231 0.029595
0.215213 -0.217254 0.030950
0.217280 -0.226933 0.034369
0.210573 -0.225403 0.048092
0.204465 -0.226347 0.041806
0.206670 -0.225681 0.046089
0.220270 -0.224659 0.039656
0.217840 -0.233381 0.036980
0.215227 -0.250072 0.040942
0.211141 -0.250348 0.040788
0.209206 -0.240985 0.037693
0.213759 -0.240987 0.037251
0.212666 -0.234909 0.034904
0.218243 -0.239897 0.039658
0.207026 -0.247030 0.047336
0.208482 -0.245564 0.051435
0.212176 -0.245136 0.053141
0.219272 -0.215559 0.036475
0.204006 -0.217845 0.030931
0.215578 -0.245222 0.053060
0.218778 -0.245730 0.051431
0.206642 -0.239725 0.040604
0.207931 -0.248771 0.043034
0.218917 -0.248748 0.043191
0.220620 -0.246780 0.047294
0.220757 -0.253082 0.049491
0.219568 -0.254887 0.045241
0.219042 -0.252128 0.053701
0.215570 -0.251391 0.054834
0.212317 -0.250825 0.054553
0.216027 -0.256061 0.043212
0.212482 -0.256109 0.043191
0.209040 -0.254005 0.044858
0.216376 -0.260696 0.044586
0.219481 -0.260505 0.047291
0.218484 -0.267785 0.059012
0.220088 -0.268555 0.057645
0.219460 -0.264329 0.056309
0.218361 -0.263274 0.057923
0.219884 -0.261251 0.055054
0.219301 -0.258196 0.055517
0.221284 -0.265348 0.053321
0.220787 -0.261469 0.052279
0.221746 -0.269791 0.054469
0.220342 -0.270220 0.050865
0.219719 -0.265781 0.049917
0.220167 -0.262481 0.049576
0.219104 -0.272012 0.058884
0.220766 -0.271725 0.058074
0.220631 -0.258115 0.051197
0.215918 -0.256343 0.056395
0.215732 -0.262188 0.058302
0.215945 -0.267243 0.059304
0.216287 -0.271402 0.058688
0.212782 -0.261631 0.057456
0.213403 -0.266891 0.058276
0.213972 -0.270370 0.057630
0.210194 -0.261597 0.055568
0.211506 -0.266929 0.056511
0.212580 -0.255619 0.055716
0.209781 -0.255260 0.053659
0.212682 -0.269547 0.056363
0.216764 -0.274168 0.055296
0.219886 -0.274795 0.055703
0.222245 -0.273680 0.055434
0.218564 -0.265895 0.047686
0.218656 -0.270469 0.049271
0.216130 -0.265630 0.046430
0.216498 -0.270315 0.048542
0.221043 -0.273193 0.052163
0.219453 -0.273761 0.051540
0.209377 -0.250775 0.052622
0.208023 -0.251892 0.048799
0.208587 -0.256097 0.050120
0.209308 -0.262716 0.051972
0.209735 -0.257966 0.046236
0.212942 -0.259932 0.044668
0.213302 -0.264957 0.046524
0.210577 -0.263786 0.048284
0.213999 -0.269689 0.048852
0.211793 -0.268717 0.050281
0.210828 -0.267780 0.053394
0.214530 -0.272131 0.051282
0.216996 -0.273250 0.051126
0.214286 -0.272324 0.054779
0.212557 -0.270512 0.054186
0.212794 -0.270877 0.051771
0.202467 -0.216389 0.034177
0.199855 -0.229101 0.021329
0.199867 -0.224514 0.021155
0.197856 -0.224568 0.017978
0.197751 -0.229065 0.018079
0.209984 -0.229754 0.018868
0.210308 -0.224468 0.018543
0.207374 -0.224456 0.021813
0.207259 -0.229700 0.022098
0.209752 -0.229962 0.014031
0.210119 -0.224621 0.013373
0.209706 -0.218307 0.018371
0.208600 -0.208323 0.018342
0.205056 -0.209916 0.021442
0.206579 -0.218452 0.021626
0.194555 -0.204627 0.008790
0.195693 -0.210795 0.009837
0.194458 -0.211087 0.013623
0.192374 -0.204413 0.012846
0.203380 -0.224462 0.022636
0.203417 -0.229458 0.022695
0.197533 -0.219641 0.010555
0.198563 -0.225008 0.010721
0.197360 -0.224832 0.014310
0.196202 -0.219817 0.014254
0.192432 -0.204961 0.017348
0.194938 -0.211331 0.017456
0.197111 -0.211166 0.020487
0.194192 -0.206164 0.021809
0.200371 -0.211156 0.021894
0.200971 -0.219211 0.008371
0.198956 -0.210038 0.007624
0.203830 -0.208747 0.007343
0.205744 -0.218854 0.008781
0.202554 -0.219106 0.022360
0.196766 -0.219574 0.017821
0.198987 -0.219465 0.020946
0.209683 -0.218234 0.013176
0.206470 -0.224923 0.009508
0.202299 -0.236643 0.009435
0.199345 -0.236283 0.010884
0.198803 -0.229851 0.010707
0.202208 -0.230062 0.008808
0.202009 -0.225053 0.008651
0.206457 -0.230161 0.009917
0.197981 -0.235232 0.018221
0.199915 -0.235519 0.021555
0.203277 -0.235806 0.022912
0.208907 -0.207611 0.012327
0.206719 -0.236366 0.022505
0.209294 -0.236620 0.019695
0.197413 -0.229437 0.014293
0.197877 -0.235679 0.014319
0.206218 -0.236815 0.010641
0.209171 -0.236560 0.014864
0.209285 -0.241907 0.015550
0.206423 -0.242197 0.011429
0.208995 -0.241745 0.020296
0.206606 -0.241173 0.022793
0.203226 -0.240262 0.022913
0.202336 -0.241585 0.010229
0.199915 -0.240893 0.011629
0.198630 -0.239947 0.014625
0.202891 -0.246318 0.011094
0.206660 -0.247475 0.012565
0.207274 -0.254661 0.023210
0.208509 -0.254741 0.021584
0.208266 -0.251749 0.020998
0.207576 -0.250787 0.022819
0.208796 -0.248865 0.019918
0.208505 -0.246530 0.020947
0.209135 -0.251877 0.017698
0.208902 -0.248656 0.017024
0.209385 -0.255646 0.018122
0.207044 -0.255941 0.014803
0.207219 -0.252393 0.014142
0.207788 -0.249498 0.014266
0.207226 -0.258187 0.022422
0.208684 -0.257566 0.021493
0.209035 -0.245950 0.016400
0.206396 -0.245282 0.023084
0.205832 -0.250058 0.023939
0.205330 -0.255014 0.024241
0.204823 -0.258428 0.022522
0.203428 -0.249225 0.023693
0.203095 -0.254107 0.023562
0.202777 -0.257137 0.022097
0.201127 -0.248070 0.022242
0.201318 -0.253039 0.022261
0.203659 -0.244027 0.023157
0.201032 -0.242850 0.021712
0.201727 -0.255746 0.021682
0.204449 -0.259475 0.019495
0.206821 -0.259904 0.019091
0.209184 -0.258910 0.018482
0.205395 -0.252087 0.012552
0.205036 -0.256142 0.013741
0.202853 -0.250991 0.012190
0.202893 -0.255802 0.014122
0.207503 -0.258472 0.015775
0.205715 -0.258935 0.015867
0.200316 -0.239639 0.021432
0.198657 -0.239471 0.018561
0.199034 -0.242712 0.018738
0.199393 -0.247763 0.019487
0.199005 -0.243536 0.015052
0.200270 -0.244790 0.012222
0.200659 -0.249892 0.013397
0.199178 -0.248619 0.015953
0.201115 -0.254695 0.015346
0.200038 -0.253602 0.017377
0.200101 -0.252887 0.020068
0.201989 -0.257383 0.017566
0.203564 -0.258538 0.016550
0.202562 -0.258057 0.019831
0.201285 -0.256137 0.020087
0.201057 -0.256106 0.018397
0.197548 -0.204854 0.007038
0.201358 -0.157285 0.088614
0.198997 -0.160465 0.086352
0.189257 -0.161773 0.085048
0.184180 -0.158764 0.086619
0.182216 -0.153871 0.089368
0.184636 -0.150369 0.091786
0.189382 -0.149045 0.093410
0.194962 -0.162402 0.085046
0.200894 -0.152924 0.091348
0.195746 -0.149591 0.093371
0.196381 -0.155236 0.101763
0.201700 -0.158107 0.099174
0.189745 -0.154262 0.101686
0.184697 -0.155137 0.099204
0.182307 -0.157773 0.095614
0.202212 -0.162118 0.095389
0.199554 -0.164996 0.092278
0.194577 -0.166133 0.090330
0.202802 -0.166775 0.102219
0.202652 -0.164999 0.108323
0.189881 -0.167852 0.117743
0.193486 -0.166876 0.118958
0.193019 -0.164450 0.115493
0.189282 -0.164516 0.114037
0.193572 -0.163045 0.113042
0.190727 -0.160813 0.110205
0.198400 -0.165221 0.115933
0.197936 -0.163992 0.113330
0.202572 -0.167931 0.114738
0.201640 -0.165507 0.112753
0.199011 -0.167213 0.119778
0.194449 -0.169108 0.121738
0.198581 -0.170136 0.122327
0.192163 -0.170963 0.121393
0.197297 -0.161345 0.109707
0.185298 -0.160206 0.105928
0.185998 -0.165170 0.111644
0.187370 -0.169617 0.116244
0.190503 -0.173526 0.119452
0.184322 -0.167615 0.108251
0.186954 -0.172191 0.113581
0.190283 -0.175078 0.116519
0.186085 -0.170443 0.104952
0.188701 -0.174123 0.111116
0.182748 -0.161981 0.101246
0.184309 -0.164888 0.096971
0.190772 -0.175776 0.114252
0.195468 -0.176056 0.120199
0.197042 -0.173761 0.122778
0.203585 -0.169991 0.112118
0.202742 -0.169840 0.118115
0.203232 -0.172782 0.116105
0.202896 -0.171699 0.108478
0.202002 -0.175074 0.113739
0.201977 -0.171462 0.120963
0.201517 -0.174297 0.120031
0.183938 -0.161635 0.091929
0.188603 -0.164763 0.090244
0.188964 -0.167907 0.094959
0.190549 -0.172698 0.102836
0.195212 -0.169562 0.095516
0.200531 -0.168947 0.098093
0.200530 -0.173379 0.105516
0.196149 -0.174090 0.103178
0.199551 -0.176277 0.111536
0.196242 -0.176382 0.109926
0.192171 -0.175768 0.109875
0.197561 -0.177121 0.115275
0.199699 -0.176523 0.117902
0.194234 -0.176728 0.117029
0.193358 -0.176735 0.114009
0.195870 -0.177044 0.113346
0.189725 -0.199638 0.011540
0.189780 -0.199563 0.017104
0.187967 -0.192967 0.014839
0.185343 -0.185356 0.011851
0.184325 -0.179538 0.004167
0.187035 -0.183985 0.017516
0.189331 -0.191681 0.020272
0.192035 -0.200090 0.023412
0.186970 -0.176579 0.019929
-0.001070 0.559103 0.055318
0.002347 0.558633 0.054988
0.004770 0.553392 0.052997
0.001822 0.552949 0.053564
-0.001804 0.552674 0.053791
-0.005676 0.552605 0.053181
-0.011393 0.559227 0.052413
-0.006416 0.559846 0.054795
-0.018350 0.553410 0.045454
-0.016817 0.554856 0.046454
-0.017781 0.552567 0.046026
-0.012874 0.552616 0.049654
-0.015771 0.552764 0.047222
0.007392 0.556591 0.053225
0.008627 0.555630 0.052533
0.005070 0.557623 0.054138
-0.009605 0.552697 0.051680
0.008507 0.554757 0.052149
0.007119 0.554023 0.052292
-0.014720 0.557417 0.049103
-0.001599 0.554875 0.053848
-0.005654 0.554797 0.053483
-0.010465 0.557195 0.052423
-0.005840 0.557471 0.054104
-0.012856 0.554507 0.050211
-0.014766 0.554220 0.048501
0.001858 0.554742 0.053727
-0.009708 0.554800 0.052098
-0.001221 0.557195 0.054678
-0.015129 0.554903 0.048224
-0.013766 0.556206 0.050191
0.007712 0.555258 0.052497
0.007734 0.554906 0.052367
0.007620 0.333171 0.013453
0.008667 0.314378 0.020540
0.002355 0.556545 0.054170
0.006503 0.554694 0.052648
0.004551 0.554579 0.053180
0.004804 0.556004 0.053529
0.006710 0.555568 0.052950
0.149117 0.200754 -0.034237
0.135173 0.197436 -0.036896
0.186263 0.206180 -0.063652
0.187666 0.211192 -0.083090
0.049954 0.066243 0.028091
0.081673 0.135828 -0.142197
0.081659 0.151775 -0.143718
0.021057 0.155876 -0.165287
0.038449 0.152623 -0.163906
0.109476 0.120218 -0.050872
0.111090 0.103303 -0.050619
0.080041 0.107404 -0.000884
0.080275 0.088458 -0.001088
0.106311 0.079964 -0.029583
0.061501 0.110419 -0.161334
0.056998 0.129057 -0.159710
0.071951 0.124662 -0.152132
0.077322 0.107227 -0.154430
0.005338 0.138711 -0.158827
0.003735 0.157730 -0.161869
0.112598 0.142494 -0.071509
0.110512 0.147947 -0.093175
0.093650 0.158664 -0.129328
0.081731 0.166060 -0.143064
0.054074 0.182720 -0.160564
0.069001 0.174424 -0.153079
0.068551 0.124852 0.015846
0.054321 0.142613 0.028680
0.109455 0.137252 -0.049517
0.018146 0.121906 0.044004
0.019988 0.218691 -0.172037
0.039485 0.212235 -0.170170
0.103259 0.152943 -0.112344
0.023783 0.269668 0.042469
0.023435 0.254393 0.050617
0.038429 0.256577 0.048992
0.038713 0.271984 0.040767
0.053099 0.257800 0.046419
0.066731 0.258405 0.042792
0.078928 0.258378 0.038181
0.106004 0.253630 0.021275
0.098495 0.255773 0.027426
0.118170 0.247377 0.006829
0.112369 0.251160 0.014669
0.123358 0.239186 -0.003563
0.126554 0.230060 -0.017440
0.128004 0.222573 -0.033712
0.128764 0.232869 -0.036461
0.126119 0.219818 -0.013630
0.123023 0.228885 -0.000094
0.118315 0.235060 0.010880
0.011459 0.217220 0.061105
0.014015 0.195867 0.056581
0.006383 0.350350 0.005989
0.161615 0.009447 -0.084871
0.194734 -0.064694 0.009527
0.030863 0.394610 -0.131306
0.010650 0.394874 -0.128947
-0.008642 0.386082 -0.129169
-0.007839 0.394490 -0.126179
0.112961 0.395307 -0.105886
0.094771 0.393843 -0.124246
0.073576 0.391045 -0.134613
0.051536 0.388376 -0.137374
0.100138 0.150357 -0.027534
0.030479 0.366845 -0.143169
0.052124 0.379334 -0.142167
0.075531 0.382039 -0.140333
0.099538 0.384479 -0.130686
0.124794 0.385504 -0.111657
0.140553 0.377896 -0.103598
0.153063 0.351864 -0.107215
0.161285 0.341973 -0.101775
0.169407 0.347628 -0.087180
0.175529 0.333763 -0.082903
0.168507 0.330269 -0.097302
0.184813 0.241527 -0.091614
0.183366 0.227903 -0.095722
0.178743 0.219057 -0.103120
0.170826 0.213597 -0.110609
0.161573 0.212212 -0.116638
0.151268 0.214694 -0.121064
0.142592 0.222689 -0.123089
0.129515 0.251968 -0.121166
0.130156 0.260643 -0.120518
0.124573 0.258939 -0.123298
0.122509 0.255692 -0.126422
0.098634 0.229750 -0.148015
0.107051 0.240307 -0.141239
0.089923 0.216692 -0.154020
0.088614 0.016144 -0.184591
0.081655 0.033790 -0.177317
0.099395 0.034032 -0.167658
0.106435 0.017161 -0.175003
0.013347 0.070874 -0.168086
0.033678 0.071054 -0.169594
0.141740 0.024040 -0.090831
0.138382 0.029047 -0.115665
0.128981 0.032222 -0.136852
0.115607 0.033914 -0.154194
0.138234 0.019209 -0.067909
0.067275 -0.017954 0.019937
0.085031 -0.010592 0.007030
0.010217 -0.030629 0.037484
0.028786 -0.028618 0.035073
0.130560 0.012413 -0.046135
0.048011 -0.024363 0.029502
0.102029 -0.002921 -0.008540
0.117954 0.004741 -0.026615
0.075081 0.050744 -0.170254
0.056821 0.051489 -0.174875
0.052257 0.071090 -0.167797
0.019291 0.285496 -0.173390
0.038795 0.283991 -0.174228
0.057419 0.284334 -0.172618
0.074916 0.302181 -0.166980
0.090668 0.302442 -0.161401
0.090054 0.288062 -0.161862
0.075676 0.286374 -0.167938
0.114558 0.300540 -0.147240
0.123085 0.298542 -0.140223
0.120313 0.288074 -0.140709
0.113496 0.289117 -0.146940
0.127378 0.286725 -0.135420
0.133259 0.284525 -0.130205
0.137697 0.280805 -0.124981
0.143217 0.273350 -0.124465
0.155063 0.285832 -0.121212
0.149528 0.294713 -0.123846
0.117435 0.312571 -0.144500
0.105705 0.315196 -0.151833
0.021991 0.315858 -0.160853
0.004056 0.314165 -0.156620
0.128094 0.220197 -0.052649
0.128033 0.220050 -0.072400
0.126356 0.222411 -0.089969
0.123691 0.226378 -0.104442
0.121083 0.231632 -0.116558
0.117796 0.238032 -0.127300
0.114124 0.246039 -0.136614
0.119195 0.251328 -0.131481
0.110167 0.255359 -0.144060
0.116161 0.259337 -0.137759
0.106436 0.265607 -0.149981
0.104010 0.276936 -0.153455
0.102925 0.289375 -0.154403
0.103625 0.301464 -0.154419
0.077101 0.317428 -0.164835
0.092654 0.316281 -0.159050
0.063268 0.332425 -0.164073
0.067600 0.345976 -0.158780
0.057260 0.301036 -0.171347
0.059880 0.317048 -0.168531
0.074297 0.416612 -0.102455
0.054907 0.416641 -0.113441
0.151308 0.234767 -0.122725
0.152112 0.225917 -0.121890
0.145221 0.230610 -0.123502
0.146341 0.235966 -0.123786
0.159647 0.225084 -0.118849
0.164327 0.238834 -0.117105
0.167689 0.227246 -0.114175
0.157833 0.235466 -0.120502
0.174193 0.232212 -0.108705
0.170162 0.243014 -0.112776
0.178564 0.239230 -0.103579
0.174831 0.248273 -0.108230
0.177637 0.252362 -0.104734
0.181082 0.248122 -0.099876
0.171690 0.284920 -0.109139
0.174799 0.272582 -0.107421
0.176693 0.260817 -0.105896
0.146958 0.264573 -0.124476
0.151149 0.254844 -0.123719
0.154677 0.245013 -0.122442
0.160924 0.248872 -0.119601
0.157341 0.259165 -0.121514
0.152908 0.269590 -0.122903
0.020772 0.300330 -0.166511
0.038145 0.300825 -0.170956
0.130846 0.296062 -0.135112
0.137382 0.292895 -0.130072
0.143162 0.287563 -0.125602
0.148554 0.279246 -0.123697
0.143036 0.301167 -0.128165
0.135439 0.306013 -0.132415
0.126978 0.309401 -0.137587
0.040251 0.316841 -0.166144
0.002569 0.299420 -0.162629
0.144119 0.305143 -0.020990
0.159510 0.317446 -0.028888
0.172984 0.326239 -0.043957
0.178941 0.331846 -0.063456
-0.005691 0.421812 -0.114868
0.126433 0.087000 -0.088213
-0.017024 0.248539 -0.173677
-0.017886 0.270366 -0.173271
-0.013384 0.178890 -0.162536
-0.014914 0.199072 -0.171011
0.029535 0.095654 -0.165558
0.010105 0.097618 -0.162552
0.007570 0.119681 -0.159830
-0.006975 0.052386 -0.177898
-0.008072 0.071703 -0.163734
-0.010264 0.120081 -0.154625
-0.011272 0.139932 -0.152914
0.001177 0.222283 -0.173056
0.001366 0.286753 -0.171794
-0.015536 0.299282 -0.160327
-0.013872 0.313880 -0.153707
-0.012622 0.330005 -0.149184
0.090264 0.231388 0.046811
0.089564 0.244222 0.040267
0.079160 0.244756 0.045767
0.079949 0.231814 0.052523
0.106208 0.229913 0.032487
0.105895 0.241551 0.026907
0.098424 0.243177 0.033820
0.098995 0.230683 0.039901
0.112344 0.239202 0.019452
0.112609 0.228071 0.024356
0.090682 0.217824 0.051750
0.099587 0.217366 0.044630
0.080303 0.218362 0.057356
0.112570 0.216026 0.028531
0.106656 0.216985 0.036735
-0.018523 0.443973 0.033599
-0.024843 0.448060 0.046633
-0.036993 0.486474 0.058662
-0.036925 0.490627 0.056825
-0.014533 0.434550 0.013208
-0.012754 0.427690 0.008587
-0.036761 0.469820 0.053796
-0.035478 0.457198 0.053382
-0.041476 0.510286 0.058707
-0.040643 0.507234 0.057618
-0.040192 0.497295 0.058946
-0.039435 0.493743 0.057956
-0.010866 0.419621 0.004338
-0.018128 0.438906 0.020390
-0.007628 0.403804 -0.004101
-0.006855 0.395149 -0.008017
0.002946 0.385906 -0.009150
0.003886 0.375239 -0.006337
0.009932 0.235492 0.058380
0.008817 0.277723 0.031564
0.008938 0.266147 0.043467
0.008452 0.295048 0.025594
0.005236 0.363906 -0.000481
-0.009010 0.411553 -0.000136
-0.038428 0.481937 0.057320
-0.037381 0.476907 0.054535
-0.040350 0.503788 0.057623
-0.040279 0.500598 0.058212
-0.005576 0.331323 0.015290
-0.005148 0.312230 0.022129
0.009229 0.251092 0.051647
-0.001793 0.216173 0.060102
-0.002074 0.194259 0.055580
-0.006286 0.348880 0.007661
-0.002898 0.176064 0.046270
0.151218 -0.148674 -0.145250
0.135391 -0.166748 -0.161883
0.127037 -0.151328 -0.177703
0.139932 -0.138461 -0.166427
0.147299 -0.095819 -0.154148
0.147968 -0.071184 -0.151635
0.148165 -0.045222 -0.150291
0.107984 -0.158708 -0.189767
0.081147 -0.141790 -0.209412
0.083946 -0.161488 -0.199879
0.134936 -0.047457 -0.171986
0.134568 -0.072983 -0.174202
0.131516 -0.131751 -0.177820
0.133480 -0.118098 -0.177387
0.146070 -0.119553 -0.159241
0.104268 -0.140776 -0.198928
0.121231 -0.137080 -0.187094
0.049559 0.013738 -0.194397
0.054208 -0.005605 -0.202867
0.027828 -0.005144 -0.205065
0.122759 0.018383 -0.159909
0.112183 -0.001701 -0.180300
-0.002768 -0.147055 -0.203534
0.119482 -0.119865 -0.191355
0.079587 -0.120460 -0.215372
0.102415 -0.120511 -0.204412
0.080631 -0.048377 -0.212668
0.101290 -0.049145 -0.202696
0.100545 -0.073448 -0.206330
0.079594 -0.072121 -0.217216
0.119257 -0.049490 -0.189473
0.116612 -0.023926 -0.185651
0.079213 -0.025711 -0.206251
0.099354 -0.024985 -0.197640
0.094515 -0.002731 -0.191164
0.118936 -0.075010 -0.192225
0.078864 -0.096770 -0.218414
0.052331 -0.095996 -0.225168
0.024613 -0.093988 -0.224294
-0.003160 -0.095460 -0.220716
-0.003245 -0.071968 -0.221626
0.075502 -0.004545 -0.198743
0.062731 0.033672 -0.182788
0.069838 0.015054 -0.190606
0.048252 0.093719 -0.164455
0.097393 -0.325095 0.044405
-0.004924 -0.187236 -0.097084
-0.006254 -0.187355 -0.074938
0.157852 -0.099748 -0.036101
0.167678 -0.128959 -0.101766
0.158310 -0.123840 -0.133564
0.002076 -0.181655 -0.035915
0.016244 -0.171961 -0.013933
0.140051 -0.101664 -0.011734
0.089683 -0.131946 0.013797
-0.004418 -0.186093 -0.056342
0.133722 -0.096269 -0.175335
0.118850 -0.098528 -0.192759
0.101149 -0.097975 -0.206839
0.052701 -0.119326 -0.223239
0.023750 -0.116254 -0.223459
-0.003524 -0.115072 -0.217717
0.012459 -0.127996 0.000890
0.002157 -0.119689 0.003559
0.008463 -0.118892 0.004280
-0.005924 -0.108218 0.006785
-0.005536 -0.120668 0.001725
0.002742 -0.132068 -0.002393
-0.005132 -0.133448 -0.005291
-0.005317 -0.145620 -0.014599
0.065919 -0.033228 0.017062
0.085056 -0.026236 0.004576
0.008795 -0.044899 0.033290
0.026659 -0.043157 0.031234
0.134154 -0.001529 -0.048114
0.045914 -0.039321 0.026137
0.102994 -0.018282 -0.010344
0.120526 -0.009170 -0.028433
-0.004219 -0.024840 -0.212394
-0.004639 -0.001747 -0.204629
-0.007915 -0.045068 0.032435
-0.030935 0.447525 0.044511
-0.024406 0.443223 0.031382
-0.034824 0.624094 0.035009
0.006987 0.454700 -0.089117
-0.040613 0.571032 0.050923
-0.038404 0.490215 0.056255
-0.042726 0.512207 0.061096
-0.006735 0.385535 -0.009656
-0.006716 0.374486 -0.006211
-0.005922 -0.180231 -0.090710
-0.006636 0.363086 0.000921
-0.004929 -0.180960 -0.104099
-0.012288 0.159163 -0.156538
0.063881 -0.714070 -0.135829
0.063507 -0.707924 -0.148760
0.065576 -0.733100 -0.153469
0.064908 -0.738082 -0.140818
0.083510 -0.695878 -0.170721
0.071854 -0.699756 -0.165387
0.097278 -0.695535 -0.170666
0.108947 -0.698530 -0.165402
0.103429 -0.723205 -0.172873
0.093559 -0.720591 -0.178613
0.115371 -0.702268 -0.157015
0.115527 -0.730018 -0.155345
0.119496 -0.706424 -0.146643
0.121205 -0.712595 -0.130376
0.116407 -0.734848 -0.140111
0.113032 -0.720725 -0.116161
0.109395 -0.742497 -0.124961
0.099744 -0.726707 -0.106821
0.068992 -0.720699 -0.122294
0.068375 -0.743841 -0.126775
0.081349 -0.721218 -0.177948
0.072545 -0.725418 -0.170738
0.068312 -0.729502 -0.162120
0.066568 -0.703680 -0.157914
0.064150 -0.757576 -0.157197
0.060825 -0.761584 -0.143882
0.078690 -0.745538 -0.186208
0.071616 -0.750663 -0.175361
0.099228 -0.746001 -0.181272
0.090673 -0.743618 -0.188371
0.115733 -0.752290 -0.163509
0.107503 -0.749218 -0.172369
0.109453 -0.726596 -0.164501
0.115057 -0.756590 -0.149456
0.108469 -0.763524 -0.131209
0.066271 -0.766388 -0.128087
0.067941 -0.754387 -0.166199
0.125057 -0.875264 -0.019325
0.124510 -0.871100 -0.019003
0.120395 -0.870554 -0.017839
0.118681 -0.875189 -0.017860
0.090566 -0.873545 -0.006527
0.090324 -0.864538 -0.002459
0.082291 -0.864904 -0.004424
0.079964 -0.874639 -0.008196
0.105521 -0.875509 -0.008992
0.106102 -0.877959 -0.012684
0.110683 -0.878456 -0.013602
0.112949 -0.876258 -0.010000
0.142526 -0.869097 -0.047453
0.141664 -0.872779 -0.050323
0.145557 -0.872645 -0.052271
0.147467 -0.869662 -0.050679
0.131148 -0.874031 -0.030532
0.130451 -0.877351 -0.033867
0.134271 -0.876984 -0.035496
0.136638 -0.874616 -0.033602
0.091914 -0.858051 -0.023277
0.079643 -0.855133 -0.024348
0.080449 -0.861654 -0.012781
0.092065 -0.861151 -0.011188
0.073550 -0.867872 -0.017203
0.072124 -0.862831 -0.030109
0.077176 -0.869864 -0.032958
0.079036 -0.872232 -0.020823
0.088989 -0.872029 -0.031117
0.089712 -0.874085 -0.020096
0.096420 -0.867312 -0.026634
0.098699 -0.869459 -0.014369
0.113678 -0.868933 -0.026869
0.110027 -0.862158 -0.024464
0.112064 -0.867357 -0.014497
0.117042 -0.873374 -0.016890
0.099985 -0.861568 -0.021915
0.104307 -0.867074 -0.012821
0.095076 -0.869672 -0.024021
0.099404 -0.874106 -0.028820
0.102945 -0.876546 -0.018283
0.098376 -0.872495 -0.013254
0.108247 -0.874344 -0.030110
0.111332 -0.877376 -0.019928
0.125580 -0.862201 -0.032685
0.115932 -0.862723 -0.029724
0.118446 -0.868133 -0.022273
0.125065 -0.868305 -0.023861
0.113249 -0.874276 -0.023136
0.111314 -0.870898 -0.031150
0.115678 -0.874774 -0.034884
0.117882 -0.877118 -0.026064
0.124409 -0.874669 -0.036855
0.124648 -0.877710 -0.027298
0.129305 -0.868575 -0.034535
0.128584 -0.873579 -0.025542
0.141664 -0.867113 -0.048058
0.139207 -0.860532 -0.045783
0.137880 -0.866581 -0.037763
0.139941 -0.872231 -0.040047
0.132300 -0.861433 -0.042009
0.132525 -0.866188 -0.035588
0.127843 -0.869917 -0.034900
0.128684 -0.866600 -0.040864
0.129371 -0.873477 -0.045802
0.128469 -0.876190 -0.038641
0.136551 -0.873461 -0.049595
0.135410 -0.876685 -0.040852
0.151044 -0.858349 -0.061387
0.149681 -0.862629 -0.054343
0.150174 -0.867696 -0.057002
0.150323 -0.863929 -0.065449
0.145346 -0.858467 -0.056499
0.145184 -0.862207 -0.051494
0.140713 -0.866334 -0.051817
0.141569 -0.863618 -0.055983
0.140051 -0.870513 -0.060394
0.139551 -0.872372 -0.054941
0.145696 -0.869505 -0.064770
0.146094 -0.872552 -0.057463
0.094451 -0.855381 -0.035527
0.079427 -0.849531 -0.036009
0.081538 -0.874214 -0.012697
0.072052 -0.858999 -0.042294
0.087507 -0.875086 -0.012286
0.091491 -0.870232 -0.041580
0.077451 -0.867016 -0.045489
0.094477 -0.865839 -0.031346
0.111970 -0.870866 -0.009094
0.109379 -0.871985 -0.044741
0.110834 -0.868422 -0.035480
0.107135 -0.870438 -0.008115
0.110907 -0.857277 -0.038490
0.126236 -0.857915 -0.048128
0.119396 -0.878087 -0.020880
0.122923 -0.878550 -0.021780
0.125809 -0.872185 -0.052491
0.129288 -0.865564 -0.042520
0.136303 -0.870156 -0.032990
0.138305 -0.870559 -0.063500
0.142418 -0.863482 -0.055961
0.133507 -0.869962 -0.031708
0.140715 -0.855135 -0.059269
0.148005 -0.866276 -0.050742
0.146306 -0.867813 -0.074558
0.151966 -0.859991 -0.076367
0.145412 -0.865714 -0.048645
0.150649 -0.853377 -0.070211
0.076546 -0.748270 -0.116460
0.076689 -0.725866 -0.112052
0.086971 -0.728496 -0.106948
0.086601 -0.750406 -0.112617
0.097964 -0.748525 -0.114949
0.075594 -0.769100 -0.116440
0.087499 -0.770254 -0.113627
0.097752 -0.768764 -0.119052
0.118767 -0.774567 -0.157165
0.116693 -0.769309 -0.172176
0.106647 -0.766324 -0.181770
0.098930 -0.763214 -0.191246
0.088387 -0.761641 -0.198475
0.066262 -0.786171 -0.128148
0.076522 -0.787416 -0.113174
0.090236 -0.787462 -0.108955
0.101947 -0.786245 -0.116441
0.075313 -0.842312 -0.048859
0.092132 -0.841653 -0.048642
0.088411 -0.830327 -0.062820
0.074598 -0.838489 -0.066904
0.107363 -0.845152 -0.053627
0.104558 -0.831105 -0.067351
0.122124 -0.846384 -0.062422
0.118141 -0.833762 -0.076706
0.136076 -0.846237 -0.072876
0.130472 -0.835703 -0.087079
0.147900 -0.846917 -0.082606
0.141690 -0.839047 -0.097808
0.152485 -0.854335 -0.089657
0.147787 -0.846443 -0.105665
0.068258 -0.855099 -0.056476
0.069754 -0.850399 -0.074667
0.075780 -0.864965 -0.061867
0.077023 -0.861077 -0.080101
0.090011 -0.866607 -0.063795
0.090263 -0.862234 -0.082799
0.143564 -0.858343 -0.106345
0.146006 -0.865052 -0.089073
0.106550 -0.867375 -0.068865
0.105828 -0.861978 -0.087985
0.121858 -0.868288 -0.075937
0.120321 -0.862633 -0.095111
0.134897 -0.867786 -0.083217
0.132995 -0.862052 -0.101817
0.083173 -0.820181 -0.081590
0.100151 -0.815273 -0.081928
0.112345 -0.818671 -0.092309
0.124319 -0.822027 -0.103854
0.134999 -0.828141 -0.115991
0.141779 -0.836537 -0.124063
0.120981 -0.804670 -0.124799
0.128807 -0.819224 -0.137525
0.134119 -0.829394 -0.143750
0.127725 -0.822625 -0.163655
0.124615 -0.810793 -0.158842
0.114679 -0.800389 -0.194239
0.119692 -0.804229 -0.178381
0.123225 -0.816141 -0.183573
0.117889 -0.813190 -0.200659
0.121105 -0.796798 -0.148617
0.117426 -0.789726 -0.168077
0.112121 -0.784699 -0.182524
0.101735 -0.808496 -0.219411
0.101592 -0.794174 -0.214599
0.109297 -0.797408 -0.205488
0.111529 -0.810737 -0.211895
0.086231 -0.809212 -0.223597
0.086389 -0.793471 -0.221165
0.072492 -0.799266 -0.210858
0.071520 -0.813058 -0.214683
0.099528 -0.778342 -0.202367
0.105649 -0.781677 -0.192982
0.087399 -0.777124 -0.209130
0.074587 -0.781756 -0.200744
0.067209 -0.805053 -0.193458
0.069841 -0.787438 -0.185980
0.065215 -0.818172 -0.198172
0.073884 -0.832998 -0.088221
0.073077 -0.843048 -0.095010
0.107729 -0.801616 -0.106065
0.094527 -0.800828 -0.096951
0.076968 -0.805668 -0.103406
0.070391 -0.824944 -0.110667
0.073340 -0.836560 -0.118005
0.066649 -0.820514 -0.133020
0.071242 -0.831047 -0.138767
0.079598 -0.851338 -0.100204
0.080246 -0.842038 -0.122387
0.077452 -0.836277 -0.142891
0.064064 -0.815953 -0.152174
0.067337 -0.826935 -0.157117
0.064394 -0.811382 -0.167220
0.065706 -0.823580 -0.172010
0.065006 -0.821063 -0.184496
0.066209 -0.808328 -0.179535
0.064774 -0.794707 -0.163476
0.066963 -0.791025 -0.174499
0.063628 -0.799808 -0.147890
0.066591 -0.803693 -0.127954
0.138843 -0.848578 -0.125717
0.132540 -0.839335 -0.145345
0.125445 -0.831828 -0.164960
0.120061 -0.827240 -0.185199
0.113253 -0.824662 -0.200997
0.107087 -0.822313 -0.210585
0.098716 -0.819959 -0.217387
0.086142 -0.819465 -0.218583
0.075335 -0.821800 -0.212339
0.070715 -0.826753 -0.199947
0.070164 -0.830245 -0.188382
0.073665 -0.833677 -0.161598
0.071159 -0.832299 -0.176404
0.060294 -0.782505 -0.145605
0.062347 -0.777576 -0.160623
0.065829 -0.773939 -0.170423
0.076318 -0.765306 -0.191758
0.070190 -0.770255 -0.179566
0.090801 -0.854427 -0.104572
0.105209 -0.854001 -0.109842
0.118625 -0.854331 -0.116671
0.130097 -0.853361 -0.122526
0.125421 -0.844301 -0.143166
0.114863 -0.845811 -0.138785
0.101930 -0.846523 -0.133141
0.089485 -0.845260 -0.126935
0.118500 -0.837277 -0.162716
0.109194 -0.839538 -0.158736
0.096918 -0.840306 -0.154388
0.086146 -0.839585 -0.147999
0.081532 -0.837065 -0.166956
0.090940 -0.836683 -0.173198
0.102193 -0.835469 -0.176922
0.111115 -0.832790 -0.181631
0.105111 -0.829374 -0.196203
0.096700 -0.831738 -0.190953
0.086602 -0.833382 -0.186918
0.078627 -0.834283 -0.181568
0.100538 -0.827044 -0.204648
0.087028 -0.824219 -0.212337
0.094996 -0.825193 -0.210297
0.079694 -0.825902 -0.209041
0.077444 -0.829141 -0.200399
0.077451 -0.831946 -0.191409
0.083793 -0.828809 -0.201445
0.084866 -0.830959 -0.195026
0.093674 -0.829325 -0.199140
0.090655 -0.827363 -0.204686
0.083591 -0.826797 -0.206274
0.087140 -0.826121 -0.207861
0.111434 -0.783869 -0.135129
-0.003211 0.430496 -0.109115
-0.009329 0.377065 -0.132837
0.067331 -0.497341 0.014353
0.080589 -0.500173 0.018667
0.094335 -0.498197 0.020659
0.115807 -0.105085 0.002458
0.065311 0.068382 0.014884
0.067625 0.105640 0.014490
0.066777 0.086541 0.014199
0.117893 -0.127294 0.008530
0.101682 0.132179 -0.030715
-0.003370 -0.131799 -0.212114
-0.011372 0.343561 -0.145000
0.089458 0.257521 0.033026
-0.003635 -0.047791 -0.218809
0.066500 0.543958 -0.001140
0.065285 0.542614 -0.003348
0.065218 0.539313 -0.004026
0.065887 0.538293 -0.007999
0.066846 0.536970 -0.010897
0.067741 0.536074 -0.012457
0.067220 0.540284 -0.005610
0.067057 0.542886 -0.008661
0.066628 0.542469 -0.005294
0.067021 0.541816 -0.004095
-0.005439 0.292085 0.026457
-0.005142 0.273928 0.031084
-0.003619 0.263961 0.044287
-0.003190 0.249722 0.052463
-0.038884 0.486300 0.058035
-0.007105 0.014353 0.041572
-0.005816 0.027690 0.039888
-0.008709 0.099698 -0.156173
-0.008441 -0.017906 0.038904
-0.004760 0.042424 0.039769
-0.015925 0.225041 -0.173287
-0.002360 0.234208 0.058144
-0.008058 -0.030974 0.036793
-0.017112 0.287978 -0.170284
-0.003601 0.062071 0.040802
-0.006340 -0.093518 0.012282
-0.001706 0.120190 0.045032
-0.069731 0.595829 0.014344
-0.074424 0.587210 0.001728
-0.074113 0.578789 0.013290
-0.068579 0.584351 0.024995
-0.073403 0.571534 0.020928
-0.067783 0.573979 0.030348
-0.076711 0.576854 -0.008283
-0.076668 0.571795 0.003238
-0.078389 0.537294 -0.003248
-0.076695 0.546235 -0.003169
-0.077467 0.543550 -0.012133
-0.078334 0.531619 -0.012535
-0.076551 0.511200 -0.002016
-0.072887 0.502808 -0.011572
-0.072858 0.495803 0.000423
-0.074872 0.504722 0.008257
-0.056959 0.521107 0.037825
-0.058912 0.526611 0.034893
-0.063635 0.521097 0.032600
-0.060647 0.514902 0.035530
-0.051053 0.531218 0.044890
-0.049485 0.534629 0.051300
-0.047989 0.539950 0.046795
-0.050590 0.535872 0.041300
-0.052637 0.516085 0.040520
-0.055823 0.509725 0.037601
-0.052984 0.522513 0.043289
-0.053533 0.526595 0.040197
-0.053961 0.517487 0.053679
-0.053143 0.518305 0.058641
-0.053932 0.523570 0.058368
-0.054521 0.522008 0.051799
-0.053439 0.516053 0.044808
-0.050822 0.513359 0.048045
-0.053255 0.515763 0.049846
-0.054536 0.519229 0.046984
-0.051957 0.526421 0.048517
-0.051494 0.529249 0.055370
-0.050422 0.530919 0.062164
-0.052576 0.523810 0.065368
-0.066336 0.501741 0.027915
-0.061870 0.498721 0.031677
-0.059457 0.504211 0.034860
-0.064212 0.508493 0.032285
-0.050056 0.510674 0.045180
-0.052446 0.495975 0.047115
-0.049115 0.497452 0.052289
-0.049065 0.501276 0.051484
-0.052882 0.499905 0.046103
-0.067148 0.487441 0.019878
-0.065572 0.479490 0.017792
-0.061905 0.480673 0.024831
-0.062995 0.486997 0.025757
-0.059332 0.474723 0.026032
-0.062254 0.471394 0.018325
-0.053745 0.457846 0.025429
-0.053131 0.464972 0.034254
-0.056185 0.469709 0.029157
-0.058149 0.464342 0.020852
-0.047231 0.471171 0.044595
-0.049689 0.460917 0.040667
-0.045494 0.458372 0.046633
-0.043148 0.470158 0.048754
-0.050054 0.490084 0.044655
-0.051469 0.492677 0.046517
-0.053436 0.491573 0.042091
-0.052277 0.489628 0.040960
-0.054492 0.489249 0.036872
-0.054725 0.489896 0.037561
-0.055865 0.490624 0.036637
-0.055494 0.489137 0.035454
-0.053542 0.489382 0.038615
-0.053812 0.488372 0.037719
-0.052651 0.487717 0.039993
-0.051035 0.487228 0.043928
-0.042673 0.486347 0.055511
-0.041647 0.490417 0.054284
-0.043815 0.490264 0.052210
-0.045558 0.486553 0.052937
-0.055680 0.492140 0.038773
-0.054666 0.493958 0.042155
-0.055766 0.497034 0.041202
-0.057255 0.494060 0.037473
-0.059230 0.496444 0.035055
-0.059816 0.492385 0.031997
-0.057523 0.491473 0.034851
-0.054568 0.487436 0.035826
-0.057117 0.488714 0.033200
-0.055928 0.485894 0.033020
-0.054620 0.483243 0.035167
-0.053476 0.485898 0.038185
-0.052037 0.484582 0.042202
-0.052936 0.480894 0.038993
-0.050344 0.479049 0.043908
-0.049703 0.483388 0.047363
-0.057056 0.500453 0.038698
-0.059512 0.488037 0.029845
-0.063058 0.493394 0.028307
-0.058148 0.483301 0.029359
-0.056193 0.479189 0.031205
-0.050915 0.472813 0.039743
-0.053998 0.475571 0.034866
-0.048878 0.452049 0.031899
-0.042870 0.448564 0.037862
-0.071106 0.565287 0.023818
-0.065332 0.566895 0.029999
-0.070200 0.557798 0.021052
-0.068014 0.558819 0.024495
-0.068757 0.561515 0.024306
-0.071147 0.560023 0.019658
-0.074332 0.549004 0.003768
-0.075765 0.542342 0.003408
-0.072405 0.547190 0.008683
-0.072480 0.551265 0.009560
-0.069358 0.540261 0.018303
-0.067870 0.547181 0.020247
-0.069322 0.547723 0.016842
-0.071562 0.541192 0.013983
-0.065305 0.546785 0.023288
-0.066201 0.540409 0.022402
-0.062805 0.541685 0.025925
-0.062444 0.547178 0.026108
-0.063717 0.562412 0.028526
-0.063832 0.559424 0.028004
-0.058102 0.559056 0.029827
-0.057188 0.562127 0.030968
-0.048058 0.551914 0.030963
-0.046260 0.551732 0.033610
-0.047061 0.555872 0.033476
-0.049020 0.554495 0.030878
-0.049451 0.550388 0.030904
-0.048279 0.548913 0.032928
-0.061309 0.617690 0.013688
-0.068611 0.608505 -0.000906
-0.062231 0.602246 0.027169
-0.074105 0.596484 -0.012778
-0.075780 0.582582 -0.021367
-0.070406 0.486874 -0.005591
-0.068789 0.481631 0.007446
-0.070574 0.490482 0.011189
-0.066638 0.476976 -0.008110
-0.065215 0.471793 0.006717
-0.052337 0.454182 0.011889
-0.060025 0.462010 0.008191
-0.065182 0.484703 -0.025329
-0.060291 0.477475 -0.027913
-0.060517 0.467062 -0.009197
-0.058647 0.490117 -0.041968
-0.053253 0.488487 -0.045919
-0.052334 0.470405 -0.032072
-0.041089 0.440166 -0.015679
-0.049024 0.446202 -0.029058
-0.050440 0.437013 -0.030824
-0.042099 0.431095 -0.017766
-0.069131 0.493789 -0.020558
-0.075592 0.553554 -0.020471
-0.076017 0.540037 -0.023172
-0.076441 0.554440 -0.009495
-0.068312 0.610602 -0.046681
-0.072216 0.593439 -0.050288
-0.074375 0.588600 -0.035572
-0.072504 0.604705 -0.028915
-0.047270 0.643144 -0.031069
-0.059636 0.628284 -0.039857
-0.066012 0.620126 -0.018700
-0.057074 0.633175 -0.005837
-0.067212 0.594826 -0.065250
-0.059822 0.611704 -0.065909
-0.052704 0.606032 -0.084263
-0.061486 0.592491 -0.079084
-0.049937 0.628976 -0.064574
-0.039960 0.622959 -0.086856
-0.049667 0.493501 -0.055430
-0.050449 0.477286 -0.049957
-0.050936 0.463800 -0.045132
-0.048646 0.457259 -0.028855
-0.023171 0.634614 -0.085110
-0.035166 0.643114 -0.059646
-0.033574 0.567723 -0.108651
-0.044873 0.560418 -0.099226
-0.050814 0.573935 -0.094659
-0.037886 0.584378 -0.105231
-0.018829 0.574861 -0.117463
-0.022598 0.594288 -0.113296
-0.027400 0.520905 -0.095071
-0.014827 0.522703 -0.103077
-0.014546 0.509235 -0.091170
-0.026325 0.507068 -0.084832
-0.076697 0.566888 0.012493
-0.077356 0.561151 0.005389
-0.074836 0.559157 0.011876
-0.073720 0.562756 0.017495
-0.075877 0.565852 -0.015792
-0.076630 0.563392 -0.004121
-0.073289 0.574037 -0.040839
-0.071924 0.578226 -0.052309
-0.064237 0.579854 -0.075431
-0.068907 0.580227 -0.064308
-0.050691 0.553947 -0.089598
-0.054670 0.562558 -0.087320
-0.045529 0.503331 -0.067979
-0.035670 0.505307 -0.077564
-0.037245 0.488577 -0.070693
-0.046012 0.484526 -0.062241
-0.018128 0.494018 -0.084402
-0.026538 0.492671 -0.077269
-0.049042 0.457593 -0.056640
-0.040693 0.461878 -0.066066
-0.045245 0.451780 -0.066991
-0.051561 0.448043 -0.057174
-0.037633 0.453550 -0.076235
-0.032180 0.464836 -0.074220
-0.023531 0.466490 -0.081317
-0.029337 0.454196 -0.082718
-0.024343 0.423128 -0.002295
-0.032177 0.426779 -0.008956
-0.033568 0.418317 -0.011580
-0.024027 0.415107 -0.005387
-0.055484 0.439136 -0.057503
-0.051834 0.444988 -0.068688
-0.036552 0.519483 -0.086101
-0.043727 0.519521 -0.078832
-0.044717 0.446251 -0.078779
-0.037755 0.474530 -0.067267
-0.028570 0.477731 -0.073890
-0.007284 0.494149 -0.088740
-0.003011 0.509208 -0.097381
-0.054289 0.531326 0.037340
-0.054893 0.545288 0.030632
-0.051284 0.546857 0.032075
-0.051827 0.549672 0.030697
-0.055156 0.548841 0.029759
-0.050992 0.585835 0.043292
-0.060697 0.586321 0.035594
-0.059852 0.573321 0.038357
-0.049146 0.569525 0.044927
-0.074773 0.516678 0.017003
-0.071400 0.507175 0.023360
-0.068279 0.514686 0.029105
-0.069668 0.523096 0.025343
-0.071301 0.552549 0.013147
-0.071470 0.554496 0.015240
-0.072458 0.554718 0.012211
-0.067286 0.494836 0.023635
-0.071658 0.498634 0.016881
-0.075023 0.525689 -0.023798
-0.076376 0.554621 -0.000024
-0.032168 0.652316 -0.020115
-0.043964 0.640840 0.006598
-0.018405 0.652975 -0.050852
-0.005107 0.643866 -0.077709
-0.004907 0.602392 -0.115699
0.012262 0.609492 -0.115849
0.018241 0.586931 -0.119872
-0.000853 0.580656 -0.120073
0.000411 0.523484 -0.109272
-0.012990 0.467853 -0.084975
-0.018336 0.454926 -0.086805
-0.050050 0.622372 0.025983
-0.051884 0.603983 0.037676
-0.074022 0.568578 -0.028301
-0.079242 0.528814 -0.000290
-0.078332 0.521572 0.006435
-0.076382 0.532111 0.011117
-0.076796 0.536463 0.005900
-0.077295 0.520174 -0.009613
-0.072734 0.512263 -0.021075
-0.067563 0.505218 -0.033532
-0.063138 0.495128 -0.038491
-0.042187 0.598397 -0.099310
-0.054556 0.586411 -0.089771
-0.013383 0.621912 -0.105105
-0.030897 0.611386 -0.104284
-0.058064 0.576598 -0.084979
0.004797 0.631572 -0.101879
-0.048693 0.505225 0.050591
-0.047576 0.508919 0.050561
-0.052928 0.505055 0.043707
-0.046513 0.482394 0.051650
-0.046208 0.477471 0.048278
-0.042568 0.477255 0.051036
-0.043056 0.482006 0.054426
-0.036880 0.444707 0.025377
-0.043962 0.448479 0.018887
-0.025357 0.431118 0.001760
-0.031987 0.435063 -0.005945
-0.050003 0.516018 0.054008
-0.049540 0.515384 0.052004
-0.048115 0.515706 0.053101
-0.048926 0.516343 0.054869
-0.054266 0.490652 0.039176
-0.045842 0.497692 0.055617
-0.045064 0.493970 0.054585
-0.042765 0.493766 0.056262
-0.043336 0.497292 0.057359
-0.049492 0.456038 -0.007501
-0.042510 0.449480 -0.012992
-0.053398 0.441953 -0.044825
-0.051811 0.452613 -0.044033
-0.047113 0.469798 -0.058406
-0.019624 0.480423 -0.080521
-0.009686 0.481622 -0.085407
0.002153 0.481827 -0.086105
0.005722 0.494966 -0.090272
-0.039150 0.446196 0.006161
-0.034451 0.442006 -0.001017
-0.027674 0.437802 0.006957
-0.031545 0.441678 0.014203
-0.045531 0.513727 0.057426
-0.045392 0.512770 0.055234
-0.043842 0.510799 0.056793
-0.044756 0.512725 0.059278
-0.049400 0.513855 0.050279
-0.047298 0.511400 0.050918
-0.047252 0.513092 0.050944
-0.050804 0.514931 0.051425
-0.051444 0.516134 0.053945
-0.049261 0.516730 0.059687
-0.050768 0.517100 0.063924
-0.051133 0.516668 0.057273
-0.046765 0.514886 0.055485
-0.046133 0.513821 0.053679
-0.047294 0.514512 0.051466
-0.048730 0.514718 0.050953
-0.048739 0.516634 0.057828
-0.049763 0.516476 0.056062
-0.047825 0.536989 0.057746
-0.018789 0.428766 0.006265
-0.021172 0.435396 0.011237
-0.054189 0.489432 0.037663
-0.057997 0.566055 0.034992
-0.073378 0.530444 0.017736
-0.059541 0.532301 0.032185
-0.059404 0.537856 0.030187
-0.063733 0.534988 0.026933
-0.064125 0.527874 0.029310
-0.050106 0.562846 0.037991
-0.045149 0.557445 0.038677
-0.043737 0.559100 0.045248
-0.044309 0.551133 0.038612
-0.046503 0.546385 0.036501
-0.046717 0.543854 0.041764
-0.044054 0.549987 0.046506
-0.072077 0.557809 0.015685
-0.071102 0.556332 0.017906
-0.050084 0.539652 0.037658
-0.050235 0.543234 0.034424
-0.054518 0.540606 0.032507
-0.054454 0.535892 0.034619
-0.068417 0.532231 0.022953
-0.074490 0.554720 0.007016
-0.072210 0.543580 0.010299
-0.049644 0.512944 -0.067148
-0.049386 0.523228 -0.074852
-0.056550 0.504088 -0.053681
-0.054466 0.506121 -0.056197
-0.052049 0.500796 -0.052136
-0.055635 0.500006 -0.049690
-0.061400 0.552729 -0.074318
-0.062736 0.552484 -0.070394
-0.063594 0.558405 -0.070210
-0.060284 0.558349 -0.076733
-0.065813 0.554441 -0.064753
-0.065119 0.551275 -0.064323
-0.066714 0.550446 -0.061574
-0.066270 0.557165 -0.062979
-0.067919 0.554497 -0.056314
-0.070187 0.565274 -0.053955
-0.068015 0.567335 -0.063499
-0.072278 0.551812 -0.034801
-0.070769 0.560142 -0.044725
-0.068591 0.549446 -0.050568
-0.068274 0.541690 -0.045836
-0.062333 0.509028 -0.045327
-0.059965 0.502240 -0.047499
-0.050059 0.505259 -0.058590
-0.016044 0.556345 -0.115511
-0.031097 0.551565 -0.108373
-0.041138 0.546580 -0.098758
-0.047222 0.543310 -0.089013
-0.001092 0.561848 -0.122174
0.015187 0.562749 -0.118094
-0.072950 0.534970 -0.035024
-0.067275 0.530650 -0.044673
-0.029126 0.535185 -0.104032
-0.015304 0.538148 -0.112888
-0.038560 0.532677 -0.093854
-0.045295 0.531788 -0.085066
0.000931 0.543397 -0.117486
0.017501 0.541239 -0.119127
0.014722 0.521626 -0.110520
-0.061621 0.511591 -0.055424
-0.061947 0.506091 -0.055104
-0.060457 0.504808 -0.052561
-0.061132 0.510020 -0.051357
-0.065364 0.519370 -0.044992
-0.070073 0.520616 -0.035228
-0.046066 0.543227 0.052827
-0.040490 0.457275 0.050718
-0.039928 0.469864 0.051847
-0.045286 0.504893 0.054519
-0.045631 0.501244 0.055158
-0.043172 0.500668 0.056930
-0.042896 0.504116 0.056330
-0.050938 0.559616 0.032752
0.010182 0.508718 -0.097900
-0.001373 0.468431 -0.086132
-0.005726 0.455418 -0.089018
-0.035961 0.445204 -0.086453
-0.024134 0.444898 -0.091633
-0.042962 0.507612 0.056265
-0.045173 0.508152 0.054295
-0.047840 0.516005 0.056970
-0.048343 0.493489 0.051411
-0.045894 0.512584 0.053335
-0.045190 0.510701 0.054006
-0.042351 0.510292 0.058261
-0.041713 0.507276 0.057199
-0.058912 0.543508 0.028680
-0.058826 0.547912 0.028159
-0.047181 0.515168 0.059372
-0.047013 0.514336 0.061982
-0.044218 0.422458 -0.020625
-0.052811 0.427727 -0.032718
-0.040955 0.493746 0.057251
-0.041637 0.497139 0.058345
-0.065511 0.535422 -0.052765
-0.066028 0.542594 -0.055056
-0.065166 0.538129 -0.059694
-0.064146 0.532187 -0.057798
-0.017609 0.420826 0.002343
-0.055728 0.432926 -0.045629
-0.010728 0.445371 -0.095135
-0.070324 0.548954 0.014233
-0.070820 0.550651 0.012746
-0.052560 0.557455 0.030370
-0.048451 0.486799 0.048988
-0.046813 0.490183 0.048991
-0.025171 0.439881 0.018592
-0.043675 0.512180 0.060678
-0.062096 0.545230 -0.066253
-0.061741 0.542272 -0.065866
-0.064856 0.541537 -0.065187
-0.065532 0.544248 -0.064573
-0.069172 0.547357 -0.061266
-0.069451 0.550523 -0.062999
-0.069776 0.547290 -0.064871
-0.068680 0.544746 -0.063717
-0.067536 0.547428 -0.058291
-0.067245 0.543664 -0.060405
-0.070397 0.551949 -0.065713
-0.069763 0.549339 -0.066545
-0.064619 0.551974 -0.066681
-0.067550 0.553005 -0.065742
-0.066615 0.554944 -0.069987
-0.070681 0.553173 -0.069794
-0.065747 0.555034 -0.076065
-0.070443 0.552605 -0.075383
-0.063728 0.551569 -0.081008
-0.068882 0.549701 -0.080364
-0.062301 0.517868 -0.051787
-0.059576 0.519443 -0.056404
-0.062319 0.545966 -0.082838
-0.067618 0.544820 -0.083198
-0.060823 0.538977 -0.083799
-0.066135 0.538453 -0.084013
-0.059818 0.531393 -0.083202
-0.064329 0.531489 -0.083398
-0.058975 0.523895 -0.080960
-0.063347 0.524809 -0.080687
-0.058112 0.514583 -0.075905
-0.062583 0.518146 -0.076120
-0.066163 0.547804 -0.078077
-0.066971 0.550449 -0.074395
-0.059426 0.549591 -0.075491
-0.068353 0.550952 -0.069834
-0.057957 0.537269 -0.071432
-0.058113 0.534681 -0.070128
-0.061444 0.535408 -0.068529
-0.059258 0.537537 -0.069136
-0.062645 0.530885 -0.060606
-0.061808 0.525830 -0.060276
-0.062637 0.525553 -0.056874
-0.059764 0.522273 -0.060084
-0.059203 0.526544 -0.060802
-0.059064 0.523571 -0.061105
-0.058485 0.530492 -0.060729
-0.058718 0.522218 -0.062449
-0.059590 0.520685 -0.061643
-0.057870 0.523091 -0.062594
-0.057944 0.523914 -0.061848
-0.056933 0.525569 -0.062145
-0.056181 0.528402 -0.064072
-0.065303 0.526665 -0.052306
-0.053094 0.517723 -0.067953
-0.054575 0.525683 -0.072948
-0.062335 0.512987 -0.069870
-0.059263 0.507518 -0.068667
-0.062078 0.503961 -0.057031
-0.061275 0.503986 -0.062150
-0.057745 0.545198 -0.076086
-0.056702 0.539250 -0.077078
-0.053578 0.511931 -0.060609
-0.055586 0.533038 -0.075900
-0.061812 0.521697 -0.074580
-0.061298 0.518139 -0.069849
-0.062819 0.526451 -0.078169
-0.061006 0.517610 -0.060108
-0.061720 0.516719 -0.064701
-0.063051 0.511484 -0.063652
-0.062603 0.511154 -0.058981
-0.060589 0.521722 -0.068421
-0.061889 0.524374 -0.072234
-0.057972 0.523834 -0.067806
-0.059506 0.526650 -0.071168
-0.058340 0.522436 -0.064605
-0.059952 0.520516 -0.064591
-0.055362 0.525508 -0.066968
-0.056566 0.529339 -0.070528
-0.056725 0.523712 -0.064003
-0.061583 0.529439 -0.073148
-0.059384 0.532227 -0.072005
-0.062944 0.535191 -0.071635
-0.063692 0.532949 -0.073941
-0.063174 0.527661 -0.075445
-0.064266 0.532014 -0.077001
-0.063067 0.532055 -0.080161
-0.064878 0.537150 -0.077877
-0.063959 0.538155 -0.080955
-0.064647 0.536801 -0.074990
-0.064617 0.537546 -0.072492
-0.065293 0.543917 -0.080306
-0.065473 0.541967 -0.077518
-0.066035 0.545576 -0.075804
-0.065416 0.540496 -0.074791
-0.065841 0.543287 -0.073388
-0.065183 0.539630 -0.072965
-0.065436 0.541151 -0.071584
-0.066842 0.548446 -0.066639
-0.066411 0.546628 -0.064936
-0.066704 0.548633 -0.069601
-0.065673 0.546239 -0.068847
-0.065560 0.546965 -0.067222
-0.064549 0.545883 -0.066363
-0.065207 0.544018 -0.067864
-0.062886 0.542455 -0.068370
-0.025712 0.397613 -0.009666
-0.015664 0.396116 -0.007844
-0.015412 0.404702 -0.005086
-0.024619 0.406691 -0.008092
-0.065844 0.544968 -0.071089
-0.065604 0.542472 -0.069524
-0.066081 0.547845 -0.072957
-0.062755 0.538963 -0.070670
-0.064244 0.540489 -0.069646
-0.064682 0.539033 -0.070847
-0.063645 0.537776 -0.070909
-0.062329 0.534548 -0.061657
-0.058740 0.533493 -0.063773
-0.057311 0.531020 -0.066953
-0.057439 0.387619 -0.018547
-0.053073 0.395405 -0.023891
-0.066413 0.400776 -0.032176
-0.072827 0.394139 -0.027527
-0.063626 0.363598 -0.000642
-0.085686 0.370208 -0.008405
-0.078678 0.347208 0.006966
-0.062597 0.343569 0.008538
-0.074764 0.327396 0.018668
-0.061253 0.324553 0.017885
-0.069040 0.274664 0.043913
-0.056518 0.274165 0.044801
-0.057948 0.289961 0.036419
-0.070247 0.291039 0.035953
-0.089021 0.205129 0.063724
-0.084502 0.190637 0.058319
-0.072383 0.193886 0.063166
-0.078315 0.207334 0.067074
-0.117028 0.291012 0.022972
-0.118423 0.307626 0.019901
-0.123606 0.297061 0.017742
-0.122171 0.281388 0.019166
-0.114400 0.401755 -0.039469
-0.102789 0.389544 -0.022618
-0.093325 0.396054 -0.032062
-0.104024 0.406826 -0.045409
-0.130167 0.217469 0.026238
-0.126572 0.206584 0.030498
-0.121457 0.213299 0.039136
-0.123461 0.224046 0.035573
-0.098302 0.148488 -0.000888
-0.100603 0.130496 -0.005174
-0.087760 0.127797 0.008759
-0.086168 0.146152 0.012025
-0.132048 0.174932 -0.050837
-0.137135 0.177339 -0.073636
-0.135561 0.164711 -0.078212
-0.132946 0.161061 -0.055609
-0.091783 0.272535 0.039322
-0.081062 0.274026 0.041790
-0.081940 0.290285 0.034678
-0.092535 0.288463 0.032561
-0.153522 0.181531 0.037414
-0.141808 0.177435 0.029522
-0.139666 0.198230 0.025202
-0.151337 0.202544 0.032154
-0.136536 0.079775 -0.070504
-0.135862 0.086561 -0.090973
-0.138860 0.070902 -0.092043
-0.138442 0.063464 -0.071270
-0.160297 0.309835 0.013601
-0.158541 0.323972 0.011287
-0.174393 0.335025 0.002526
-0.176909 0.319718 0.006289
-0.121990 0.257087 0.023435
-0.115500 0.263219 0.028888
-0.115840 0.276586 0.024980
-0.121670 0.268567 0.020274
-0.146452 0.200326 -0.068287
-0.142498 0.198815 -0.048743
-0.145800 0.211510 -0.048689
-0.148829 0.213767 -0.066745
-0.137897 0.186106 -0.049576
-0.142093 0.187772 -0.070872
-0.109279 0.267682 0.032781
-0.101071 0.270403 0.036192
-0.102096 0.286247 0.030877
-0.109508 0.283085 0.028382
-0.079368 0.178594 0.047101
-0.065124 0.182831 0.054174
-0.132516 0.056036 -0.050972
-0.123219 0.048528 -0.032543
-0.121843 0.065462 -0.031018
-0.131663 0.072614 -0.049887
-0.071208 0.161666 0.023249
-0.073767 0.171731 0.032909
-0.086413 0.170730 0.024977
-0.083964 0.161633 0.014248
-0.110681 0.041396 -0.015389
-0.095607 0.034989 0.000748
-0.092910 0.053625 0.000868
-0.108403 0.058973 -0.014111
-0.072103 0.308540 0.027648
-0.059605 0.306772 0.027453
-0.107825 0.204445 0.052396
-0.105820 0.190720 0.046167
-0.095834 0.189790 0.052623
-0.099134 0.204425 0.058532
-0.133811 0.258477 -0.000411
-0.127677 0.269942 0.011596
-0.128539 0.283720 0.012085
-0.133671 0.265599 -0.000958
-0.141965 0.054460 -0.094295
-0.141842 0.047945 -0.073350
-0.114046 0.025533 -0.016717
-0.098752 0.018899 -0.000208
-0.151602 0.260152 -0.056437
-0.151247 0.259002 -0.058528
-0.147274 0.259426 -0.045873
-0.146630 0.262471 -0.044976
-0.044202 0.209460 0.066478
-0.057131 0.216231 0.068622
-0.062651 0.202117 0.067160
-0.052192 0.192600 0.061272
-0.102857 0.178647 0.033947
-0.098981 0.171313 0.018313
-0.092000 0.177388 0.040313
-0.031216 0.202662 0.061349
-0.040003 0.181732 0.050054
-0.046092 0.304243 0.027261
-0.044894 0.287969 0.036420
-0.046710 0.321815 0.019605
-0.032479 0.318452 0.021264
-0.031788 0.336384 0.013364
-0.046453 0.340052 0.011193
-0.030644 0.353926 0.006310
-0.045564 0.358184 0.004041
-0.041773 0.383199 -0.010798
-0.038954 0.391835 -0.015952
-0.127826 0.259116 0.012771
-0.129246 0.249038 0.015304
-0.126615 0.032919 -0.034577
-0.128887 0.354099 -0.125054
-0.125342 0.340654 -0.133342
-0.138676 0.337945 -0.122599
-0.142553 0.350584 -0.114421
-0.125076 0.398359 -0.033951
-0.114755 0.385092 -0.015674
-0.160242 0.278049 -0.096149
-0.156082 0.279221 -0.103696
-0.155533 0.271586 -0.100696
-0.158391 0.272238 -0.094161
-0.156966 0.259937 -0.073139
-0.155799 0.252327 -0.070413
-0.160354 0.254189 -0.073148
-0.159264 0.263027 -0.076506
-0.134137 0.076740 -0.111282
-0.129875 0.092387 -0.110711
-0.126566 0.198785 -0.132965
-0.132925 0.188628 -0.114219
-0.140061 0.201296 -0.109237
-0.135215 0.212588 -0.125930
-0.031211 0.346514 -0.144735
-0.031433 0.332911 -0.149358
-0.051333 0.336299 -0.149700
-0.051922 0.349764 -0.144223
-0.094830 0.368627 -0.134104
-0.094759 0.380394 -0.127587
-0.073429 0.376527 -0.132465
-0.073122 0.365247 -0.138102
-0.111673 0.355773 -0.134051
-0.109069 0.341592 -0.141174
-0.149134 0.219255 -0.082803
-0.146431 0.206064 -0.086694
-0.153078 0.237224 -0.077992
-0.151474 0.233735 -0.064258
-0.151962 0.240671 -0.063141
-0.154551 0.243537 -0.076168
-0.094649 0.412894 -0.049847
-0.095532 0.418418 -0.067683
-0.107797 0.411872 -0.063728
-0.062226 0.412866 -0.111526
-0.063364 0.407931 -0.114637
-0.078020 0.409979 -0.107859
-0.072874 0.414691 -0.105264
-0.055333 0.269918 -0.170849
-0.036283 0.270348 -0.172926
-0.034612 0.247641 -0.173711
-0.054938 0.246005 -0.171910
-0.155180 0.252312 -0.083759
-0.155500 0.255796 -0.080639
-0.156056 0.260724 -0.087213
-0.154972 0.257888 -0.091065
-0.153521 0.254142 -0.094525
-0.151913 0.249399 -0.098733
-0.152837 0.242518 -0.089143
-0.154239 0.248033 -0.086161
-0.141004 0.224973 -0.117545
-0.144832 0.214778 -0.102897
-0.147910 0.226509 -0.097321
-0.145761 0.235836 -0.110348
-0.028871 0.178144 -0.166850
-0.045714 0.177254 -0.167267
-0.047909 0.198597 -0.169699
-0.030441 0.199274 -0.171157
-0.135306 0.261403 -0.018801
-0.129146 0.263086 -0.006069
-0.127716 0.255909 -0.006545
-0.134017 0.251786 -0.020916
-0.176545 0.253143 -0.070542
-0.179758 0.244911 -0.065538
-0.183940 0.247512 -0.063642
-0.180882 0.256405 -0.069084
-0.136988 0.232836 -0.033159
-0.132480 0.238651 -0.020953
-0.131294 0.221713 -0.019368
-0.135755 0.216024 -0.032845
-0.141765 0.399609 -0.054167
-0.135363 0.394826 -0.029441
-0.131148 0.403979 -0.056557
-0.146092 0.240865 -0.054834
-0.145372 0.227986 -0.054123
-0.151513 0.227929 -0.060486
-0.150454 0.241030 -0.063093
-0.168847 0.184924 0.039335
-0.166758 0.205868 0.033822
-0.142835 0.195276 -0.039166
-0.150965 0.193175 -0.045247
-0.146883 0.211329 -0.050382
-0.140480 0.212754 -0.043093
-0.117631 0.184460 -0.136005
-0.126031 0.176038 -0.118426
-0.111841 0.086322 -0.144040
-0.124619 0.082273 -0.129147
-0.119434 0.098357 -0.128057
-0.107074 0.103033 -0.142348
-0.136712 0.060371 -0.113910
-0.114504 0.068335 -0.145599
-0.127405 0.064791 -0.130964
-0.072848 0.432134 -0.070271
-0.064002 0.433633 -0.084195
-0.073641 0.427522 -0.086033
-0.084062 0.425185 -0.069750
-0.169238 -0.045843 -0.126994
-0.170149 -0.074917 -0.128389
-0.174849 -0.074496 -0.101106
-0.171958 -0.046610 -0.100568
-0.042288 0.424455 -0.107992
-0.058925 0.426606 -0.098618
-0.050843 0.432386 -0.094665
-0.035538 0.431228 -0.102604
-0.168326 -0.023503 -0.100438
-0.166973 -0.019116 -0.125439
-0.073737 0.425561 -0.055582
-0.085033 0.419192 -0.052581
-0.077128 0.410455 -0.041398
-0.068193 0.416381 -0.044546
-0.059647 0.409119 -0.034538
-0.173901 -0.076557 -0.074926
-0.168963 -0.053110 -0.077463
-0.053392 0.440297 -0.081832
-0.042458 0.438912 -0.091162
-0.029642 0.437723 -0.097591
-0.015276 0.437337 -0.101273
-0.142174 0.044426 -0.117106
-0.146914 0.039093 -0.096942
-0.120053 -0.182563 -0.173707
-0.093976 -0.184684 -0.185814
-0.092925 -0.201241 -0.169766
-0.122920 -0.200434 -0.158227
-0.028078 -0.170752 -0.197251
-0.026157 -0.183003 -0.179838
-0.059544 -0.194442 -0.177795
-0.063096 -0.180601 -0.193676
-0.036504 -0.048780 -0.219444
-0.065563 -0.049593 -0.218929
-0.065418 -0.026580 -0.211322
-0.037403 -0.025515 -0.212357
-0.119762 0.051539 -0.150856
-0.132670 0.048501 -0.135311
-0.145704 0.033139 -0.075800
-0.177997 -0.187943 -0.033624
-0.182145 -0.195605 -0.068824
-0.176167 -0.224666 -0.060539
-0.174607 -0.217365 -0.026614
-0.144869 -0.239394 -0.114547
-0.149799 -0.214887 -0.126543
-0.120014 -0.221244 -0.143325
-0.115152 -0.241592 -0.129519
-0.082041 0.012868 0.014036
-0.100822 0.003841 -0.002344
-0.084132 -0.002814 0.012338
-0.029561 -0.000866 0.038797
-0.048876 0.003373 0.033197
-0.048394 -0.013093 0.032539
-0.029157 -0.016342 0.037692
-0.031712 -0.094225 0.008920
-0.018040 -0.093313 0.010673
-0.020367 -0.077383 0.016480
-0.036069 -0.077123 0.012741
-0.160126 -0.058669 -0.055530
-0.144462 -0.062431 -0.034421
-0.142289 -0.045167 -0.037871
-0.156079 -0.039254 -0.057412
-0.024296 -0.189472 -0.159671
-0.052697 -0.205740 -0.159212
-0.161633 -0.209500 0.005139
-0.162276 -0.179116 -0.003080
-0.135820 -0.201566 0.030249
-0.103668 -0.197081 0.038665
-0.104695 -0.170578 0.029763
-0.136716 -0.173727 0.020244
-0.016633 -0.164073 -0.030642
-0.027145 -0.143304 -0.010574
-0.032033 -0.151669 -0.012356
-0.017599 -0.167917 -0.031898
-0.031192 -0.136699 -0.218331
-0.029946 -0.154427 -0.210186
-0.061781 -0.163149 -0.208117
-0.062192 -0.143307 -0.216943
-0.099254 0.070374 -0.156839
-0.103701 0.052766 -0.162823
-0.083148 0.071474 -0.164182
-0.096890 0.089623 -0.155366
-0.080944 0.092475 -0.162449
-0.090355 0.205509 -0.161034
-0.105579 0.194210 -0.150760
-0.114932 0.210125 -0.148702
-0.099768 0.223986 -0.159566
-0.071290 0.339732 -0.149862
-0.072505 0.352910 -0.143867
-0.079015 -0.236603 -0.141187
-0.041265 -0.220538 -0.137839
-0.051796 -0.253988 -0.121591
-0.083443 -0.261066 -0.123599
-0.139351 -0.263434 -0.102985
-0.158498 -0.258507 -0.081722
-0.165748 -0.232394 -0.093004
-0.169803 -0.252507 -0.051036
-0.170859 -0.245277 -0.016322
-0.133237 -0.228178 0.040706
-0.101009 -0.223938 0.047396
-0.024712 -0.207844 -0.005308
-0.044117 -0.203619 0.016579
-0.043582 -0.226561 0.020341
-0.025265 -0.230059 -0.003220
-0.068647 -0.097090 0.005202
-0.101404 -0.080755 -0.004344
-0.102556 -0.095600 -0.002188
-0.075308 -0.110840 0.002239
-0.032364 0.017109 0.038941
-0.047686 0.021211 0.034131
-0.065068 0.007675 0.025579
-0.063067 0.025128 0.026724
-0.079434 0.029454 0.015125
-0.040906 0.102450 0.041524
-0.059216 0.103991 0.033343
-0.058935 0.083923 0.032083
-0.040646 0.082264 0.040452
-0.041161 0.123773 0.041822
-0.058952 0.125100 0.033933
-0.038776 0.165720 0.036641
-0.058559 0.174510 0.040921
-0.056412 0.163425 0.031073
-0.032152 0.301006 0.028375
-0.031312 0.284377 0.035919
-0.165887 -0.079455 -0.050530
-0.019102 -0.217539 -0.112194
-0.009974 -0.217290 -0.084749
-0.013371 -0.242721 -0.081012
-0.026765 -0.247782 -0.105449
-0.165051 -0.031516 -0.078119
-0.135797 0.040570 -0.053321
-0.139622 0.026029 -0.055617
-0.122225 0.174289 -0.023764
-0.123442 0.158251 -0.033643
-0.068830 0.220662 0.068220
-0.070360 0.210081 0.068475
-0.171846 -0.204755 -0.103387
-0.129301 -0.255116 0.048864
-0.125359 -0.282517 0.056482
-0.095492 -0.279020 0.061524
-0.097927 -0.250991 0.054829
-0.019371 -0.260666 -0.024578
-0.027963 -0.255090 -0.000100
-0.031312 -0.282317 0.004257
-0.025645 -0.287802 -0.019709
-0.030357 -0.315118 -0.012381
-0.034832 -0.309980 0.011549
-0.035829 -0.337711 0.016287
-0.033520 -0.340960 -0.006342
-0.158328 -0.236925 0.016538
-0.159224 -0.296307 0.005656
-0.148372 -0.289429 0.035972
-0.153566 -0.263602 0.025687
-0.164707 -0.270471 -0.004677
-0.114137 -0.265498 -0.115940
-0.014402 -0.234724 -0.027422
-0.012549 -0.212879 -0.028728
-0.030780 -0.299546 -0.062050
-0.044514 -0.305107 -0.080664
-0.036372 -0.277772 -0.093301
-0.021737 -0.271635 -0.072257
-0.136599 -0.309747 -0.074653
-0.151309 -0.305284 -0.052957
-0.154457 -0.281826 -0.067006
-0.137797 -0.286554 -0.088302
-0.163676 -0.276387 -0.037544
-0.158525 -0.301042 -0.025078
-0.150509 -0.345756 0.027912
-0.138947 -0.340876 0.054426
-0.143354 -0.315034 0.045597
-0.154630 -0.321365 0.016914
-0.152321 -0.349165 -0.001203
-0.155450 -0.325538 -0.012914
-0.149094 -0.328780 -0.040036
-0.147045 -0.351563 -0.027766
-0.134381 -0.353383 -0.047932
-0.135691 -0.331854 -0.061234
-0.116810 -0.334331 -0.075358
-0.117431 -0.354962 -0.061750
-0.093843 -0.335057 -0.082128
-0.071199 -0.333133 -0.079706
-0.076514 -0.354658 -0.066704
-0.097078 -0.355717 -0.067868
-0.043610 -0.349148 -0.044521
-0.057493 -0.352648 -0.058944
-0.051216 -0.330090 -0.069309
-0.038107 -0.325306 -0.052625
-0.058975 -0.436715 -0.020961
-0.075209 -0.435586 -0.025613
-0.071249 -0.415490 -0.033056
-0.054269 -0.415772 -0.027661
-0.091013 -0.434350 -0.030105
-0.108071 -0.433254 -0.030342
-0.104808 -0.413986 -0.035521
-0.088044 -0.414275 -0.035005
-0.134318 -0.414319 -0.016547
-0.121345 -0.414157 -0.029773
-0.123787 -0.433168 -0.023940
-0.136195 -0.434011 -0.010492
-0.146209 -0.434442 0.007885
-0.146120 -0.413852 0.002312
-0.146903 -0.436186 0.030579
-0.149309 -0.414530 0.026654
-0.139811 -0.415456 0.051788
-0.136511 -0.437877 0.054316
-0.037993 -0.413067 0.020438
-0.039990 -0.435950 0.021705
-0.038916 -0.435427 0.003046
-0.035286 -0.413489 0.001727
-0.061140 -0.411613 0.061930
-0.077628 -0.410859 0.083087
-0.076864 -0.435110 0.077965
-0.062679 -0.436923 0.057793
-0.150293 -0.371657 0.009328
-0.147396 -0.369311 0.038194
-0.133207 -0.373797 -0.035387
-0.145396 -0.373089 -0.016188
-0.047657 -0.371619 -0.038246
-0.062860 -0.373802 -0.049596
-0.036905 -0.364007 0.019935
-0.034301 -0.366122 -0.001857
-0.107665 -0.387630 0.086438
-0.111007 -0.362549 0.077924
-0.133777 -0.365857 0.063988
-0.129672 -0.390639 0.071931
-0.149988 -0.393268 0.019232
-0.145393 -0.393243 -0.006094
-0.133230 -0.394118 -0.024880
-0.119585 -0.394793 -0.037848
-0.102683 -0.395116 -0.043366
-0.085086 -0.395176 -0.043378
-0.067393 -0.394939 -0.041025
-0.051121 -0.394110 -0.032780
-0.034846 -0.390316 0.000387
-0.037905 -0.389485 0.020595
-0.100646 -0.435679 0.085268
-0.103745 -0.412766 0.090359
-0.126709 -0.414500 0.076208
-0.123677 -0.437732 0.075939
-0.097655 -0.457408 0.077744
-0.077819 -0.457140 0.071182
-0.093624 -0.451350 -0.028849
-0.110656 -0.451106 -0.028199
-0.125581 -0.451851 -0.021756
-0.147544 -0.455688 0.010070
-0.144469 -0.459397 0.033508
-0.132475 -0.461973 0.056517
-0.117728 -0.458693 0.072370
-0.047724 -0.476820 0.005008
-0.044801 -0.454818 0.005900
-0.045828 -0.456313 0.022645
-0.049541 -0.478860 0.021228
-0.063801 -0.474100 -0.022258
-0.078042 -0.472326 -0.032472
-0.078340 -0.452881 -0.022694
-0.063725 -0.454004 -0.015821
-0.095253 -0.471481 -0.036013
-0.112882 -0.471769 -0.034006
-0.129223 -0.472429 -0.027017
-0.147619 -0.480264 0.010015
-0.139016 -0.452455 -0.008560
-0.142607 -0.475614 -0.011874
-0.142184 -0.485169 0.036928
-0.120865 -0.515996 0.054754
-0.122573 -0.488137 0.058172
-0.141641 -0.512960 0.036265
-0.089254 -0.603251 0.036832
-0.112365 -0.603566 0.036329
-0.106018 -0.633719 0.028402
-0.085866 -0.633874 0.029171
-0.049094 -0.503339 0.017011
-0.045489 -0.500897 -0.001650
-0.060739 -0.497265 -0.031929
-0.077006 -0.495181 -0.042500
-0.148352 -0.535192 0.002454
-0.148077 -0.507170 0.008650
-0.144464 -0.501869 -0.015436
-0.144136 -0.529447 -0.021592
-0.038452 -0.588335 -0.001910
-0.036115 -0.586246 -0.019992
-0.037404 -0.555874 -0.015367
-0.040246 -0.558644 0.003935
-0.072999 -0.521721 -0.050839
-0.056146 -0.523528 -0.039891
-0.053700 -0.552112 -0.045920
-0.070238 -0.551031 -0.056560
-0.139238 -0.596301 -0.006598
-0.145481 -0.564864 -0.002687
-0.142251 -0.559503 -0.026373
-0.137109 -0.591920 -0.029558
-0.119913 -0.544393 0.049594
-0.141070 -0.541001 0.030262
-0.137881 -0.569630 0.024209
-0.117887 -0.573891 0.043403
-0.094337 -0.543194 0.050240
-0.092611 -0.572321 0.043873
-0.040840 -0.651789 -0.025317
-0.038342 -0.618217 -0.023462
-0.040475 -0.621631 -0.006987
-0.042901 -0.655833 -0.011592
-0.069271 -0.582714 -0.058574
-0.052743 -0.583126 -0.048804
-0.053392 -0.616266 -0.049276
-0.068455 -0.616084 -0.057429
-0.121152 -0.662774 -0.014414
-0.131085 -0.628892 -0.011096
-0.128239 -0.625454 -0.032329
-0.117794 -0.659101 -0.034161
-0.099742 -0.666439 0.020829
-0.124451 -0.631994 0.013487
-0.116106 -0.665350 0.006773
-0.091357 -0.698681 0.015099
-0.076082 -0.698529 0.016451
-0.081000 -0.666051 0.021758
-0.046016 -0.687641 -0.014886
-0.042258 -0.684699 -0.026747
-0.051686 -0.682211 -0.047587
-0.063568 -0.680751 -0.055001
-0.066753 -0.648769 -0.055559
-0.053695 -0.649657 -0.047989
-0.098062 -0.654151 -0.056511
-0.082574 -0.650527 -0.058688
-0.078053 -0.682245 -0.057887
-0.091799 -0.685756 -0.055244
-0.106934 -0.689847 -0.034686
-0.110104 -0.656426 -0.048425
-0.101449 -0.687789 -0.047604
-0.111355 -0.693039 -0.017080
-0.106963 -0.697276 0.002487
-0.010060 -0.188964 -0.104451
-0.007976 -0.190831 -0.076513
-0.009901 -0.199496 -0.082619
-0.015791 -0.195302 -0.111785
-0.045807 -0.279995 0.030641
-0.044821 -0.251703 0.025063
-0.046497 -0.335260 0.040136
-0.047193 -0.307926 0.037193
-0.047089 -0.362166 0.042560
-0.047770 -0.387819 0.042663
-0.047083 -0.413344 0.041863
-0.048880 -0.437643 0.040937
-0.052963 -0.459400 0.040221
-0.056314 -0.482536 0.039243
-0.054750 -0.533060 0.030692
-0.044785 -0.530200 0.010423
-0.057402 -0.507302 0.035799
-0.049124 -0.592898 0.018772
-0.051243 -0.561826 0.025006
-0.049223 -0.626795 0.011331
-0.050390 -0.660724 0.004222
-0.052544 -0.692038 -0.001026
-0.074741 -0.153867 0.018841
-0.047927 -0.165304 0.008401
-0.050525 -0.152046 0.005243
-0.076433 -0.136849 0.012202
-0.009740 -0.177381 -0.054877
-0.012183 -0.173411 -0.044112
-0.012475 -0.174884 -0.046241
-0.009610 -0.178313 -0.058439
-0.144051 -0.392202 0.047385
-0.118145 -0.374945 -0.048606
-0.100017 -0.375560 -0.054496
-0.081132 -0.375070 -0.054271
-0.059993 -0.386959 0.064758
-0.062413 -0.361030 0.063030
-0.083739 -0.360298 0.077447
-0.080379 -0.385922 0.082881
-0.095017 -0.518533 0.055846
-0.072630 -0.538718 0.043139
-0.073500 -0.513106 0.049447
-0.096345 -0.495528 0.062030
-0.116002 -0.495511 -0.043142
-0.132999 -0.497458 -0.033615
-0.094159 -0.521129 -0.054821
-0.115607 -0.522189 -0.052396
-0.096498 -0.494688 -0.045553
-0.067274 -0.307666 0.057309
-0.092325 -0.306939 0.067321
-0.088254 -0.333799 0.072041
-0.064747 -0.333973 0.060526
-0.115208 0.114034 -0.127394
-0.103176 0.119354 -0.140516
-0.122811 0.188994 0.021937
-0.123085 0.181366 0.002029
-0.111286 0.174602 0.010414
-0.113241 0.182455 0.027791
-0.131460 0.190475 -0.002348
-0.130023 0.197741 0.017553
-0.134915 0.209391 0.013441
-0.137389 0.202115 -0.004769
-0.138829 0.252858 -0.016209
-0.138751 0.258635 -0.017372
-0.040406 0.145364 0.040458
-0.021672 0.143268 0.043480
-0.021348 0.162950 0.039843
-0.066624 -0.008942 0.024435
-0.075015 -0.072436 0.001209
-0.046796 -0.095934 0.006091
-0.053413 -0.076234 0.007258
-0.012199 -0.145661 -0.014999
-0.063131 0.172676 -0.164463
-0.066311 0.193974 -0.165795
-0.052274 0.361483 -0.139172
-0.031262 0.358601 -0.140123
-0.051044 0.382757 -0.129599
-0.049297 0.391871 -0.125531
-0.029395 0.388846 -0.127227
-0.029923 0.379870 -0.131472
-0.019576 0.430107 -0.107481
-0.023423 0.422486 -0.112603
-0.007656 -0.180447 -0.072473
-0.008491 -0.180729 -0.062449
-0.007391 -0.182400 -0.081072
-0.025522 -0.189398 -0.006958
-0.013305 -0.195760 -0.028939
-0.014693 -0.184028 -0.029097
-0.027300 -0.176329 -0.008223
-0.178613 -0.158520 -0.037990
-0.185325 -0.164939 -0.072895
-0.086184 -0.218723 -0.154383
-0.161342 0.153757 -0.030592
-0.172710 0.152340 -0.032593
-0.167270 0.172123 -0.040727
-0.156053 0.174206 -0.038046
-0.076184 0.270100 -0.167404
-0.080602 0.243085 -0.167176
-0.085423 0.403550 -0.037782
-0.153128 0.382657 -0.019078
-0.141256 0.370328 -0.001014
-0.133885 0.375926 -0.006875
-0.144840 0.389370 -0.024582
-0.156673 0.357892 -0.093352
-0.159379 0.369853 -0.080448
-0.150270 0.376341 -0.090589
-0.146705 0.363471 -0.103788
-0.034327 -0.071946 -0.223255
-0.063976 -0.073022 -0.223709
-0.043676 0.116249 -0.164845
-0.061266 0.113555 -0.164726
-0.059744 0.132548 -0.164285
-0.042889 0.135718 -0.164676
-0.102228 0.255756 -0.158985
-0.113933 0.237941 -0.152144
-0.027876 0.223274 0.063489
-0.027402 0.240743 0.059524
-0.041485 0.243306 0.060294
-0.041766 0.227362 0.065244
-0.185499 0.203637 -0.047223
-0.174960 0.218986 -0.057607
-0.166560 0.212636 -0.056670
-0.174309 0.193987 -0.049033
-0.175899 -0.171454 -0.113970
-0.152775 -0.190572 -0.139473
-0.128613 0.140806 -0.108225
-0.119538 0.147345 -0.127208
-0.116149 0.130724 -0.128057
-0.125417 0.124369 -0.109913
-0.136204 0.181546 -0.094200
-0.132091 0.169273 -0.099135
-0.142013 0.192937 -0.090444
-0.155860 0.262574 -0.075558
-0.153960 0.259800 -0.068852
-0.153964 0.259264 -0.065837
-0.045663 -0.182078 0.011991
-0.052861 -0.130673 0.000018
-0.046296 -0.121932 0.002104
-0.008082 -0.179049 -0.066562
-0.060366 0.424302 -0.046062
-0.055335 0.418634 -0.034349
-0.142352 0.242824 -0.044259
-0.140893 0.229176 -0.044764
-0.152153 0.246369 -0.061973
-0.147816 0.247128 -0.048319
-0.147779 0.252115 -0.048214
-0.151932 0.251337 -0.061409
-0.154445 0.252596 -0.072219
-0.154508 0.248034 -0.074176
-0.110817 0.298654 0.024932
-0.103391 0.303725 0.025978
-0.105461 0.321683 0.020352
-0.112617 0.315715 0.020482
-0.094516 0.306250 0.026495
-0.083646 0.308148 0.027245
-0.086365 0.327267 0.019180
-0.097096 0.325096 0.019471
-0.079425 0.386601 -0.018659
-0.061983 0.379965 -0.008025
-0.044144 0.373656 -0.002140
-0.029780 0.368442 0.001186
-0.026855 0.414632 -0.117448
-0.027856 0.405344 -0.121065
-0.047309 0.406762 -0.118135
-0.049326 0.416218 -0.112829
-0.049658 0.404571 -0.024751
-0.036929 0.400780 -0.016534
-0.026730 0.388400 -0.009616
-0.183864 0.185019 0.035640
-0.182854 0.205902 0.029541
-0.060544 0.439112 -0.070203
-0.062809 0.432415 -0.057542
-0.196370 0.204403 0.020450
-0.196817 0.182929 0.027193
-0.113183 0.362781 0.001377
-0.124987 0.380780 -0.011167
-0.122138 0.358571 0.003801
-0.047039 0.413752 -0.023408
-0.035423 0.409593 -0.014443
-0.183305 -0.134283 -0.072863
-0.175135 -0.129674 -0.040573
-0.129397 0.088996 -0.048602
-0.133381 0.095503 -0.069190
-0.021421 0.100991 0.045039
-0.021003 0.081034 0.043644
-0.016381 0.412833 -0.001352
-0.043766 0.042277 0.035568
-0.024875 0.038099 0.040116
-0.022155 0.060895 0.041289
-0.041271 0.062503 0.037795
-0.019700 0.014788 0.041093
-0.019250 0.005004 0.041079
-0.026509 -0.108945 0.004330
-0.015798 -0.107765 0.005606
-0.147796 0.256257 0.022472
-0.147002 0.271730 0.020066
-0.161770 0.280730 0.018833
-0.163336 0.263313 0.021916
-0.060459 0.045554 0.027806
-0.076971 0.048881 0.015498
-0.134522 0.250001 0.000963
-0.139575 0.245056 -0.014837
-0.020873 0.178718 0.048519
-0.055349 0.231088 0.065687
-0.055238 0.245103 0.060082
-0.068257 0.246344 0.058576
-0.068380 0.233515 0.064579
-0.007120 -0.178632 -0.075691
-0.199941 0.270813 -0.047045
-0.197303 0.281902 -0.053905
-0.194254 0.274839 -0.059527
-0.197396 0.264129 -0.052161
-0.008603 -0.199892 -0.054277
-0.008806 -0.215954 -0.055577
-0.019715 -0.190847 -0.138389
-0.009819 -0.186045 -0.126093
-0.069074 -0.224679 0.039626
-0.071490 -0.198657 0.033367
-0.068963 -0.251101 0.045708
-0.068262 -0.279700 0.051931
-0.065894 -0.459886 0.055466
-0.073222 -0.485753 0.056458
-0.071150 -0.567625 0.036309
-0.068606 -0.598413 0.029293
-0.066798 -0.631456 0.021711
-0.064630 -0.664775 0.014231
-0.062870 -0.696426 0.009763
-0.205111 0.178708 0.016441
-0.205326 0.201687 0.007773
-0.207145 0.194534 -0.004360
-0.207914 0.172270 0.005253
-0.137019 0.198347 -0.029307
-0.132450 0.203088 -0.016090
-0.135367 0.183944 -0.012140
-0.140645 0.179960 -0.024178
-0.144308 0.160365 -0.018400
-0.151975 0.156916 -0.025915
-0.147128 0.177050 -0.032861
-0.184905 0.153887 -0.031534
-0.195753 0.157294 -0.026108
-0.191404 0.178781 -0.035998
-0.180190 0.173134 -0.040139
-0.207461 0.166156 -0.006090
-0.205517 0.187464 -0.015327
-0.200675 0.182476 -0.026478
-0.203545 0.161093 -0.017100
-0.135330 0.172838 0.017978
-0.134315 0.168492 0.004999
-0.131815 0.188754 0.001160
-0.133060 0.193514 0.014250
-0.178714 0.287173 0.013246
-0.179596 0.267803 0.016140
-0.132352 0.271475 -0.003395
-0.130747 0.280259 0.007561
-0.128857 0.273354 0.007944
-0.131101 0.269935 -0.005494
-0.164961 0.226261 0.028681
-0.163915 0.245349 0.025091
-0.180364 0.247772 0.020066
-0.181443 0.226914 0.024332
-0.130332 0.213771 0.011005
-0.129049 0.208644 -0.001775
-0.127390 0.227618 -0.005107
-0.127615 0.232127 0.008175
-0.161584 0.192158 -0.048385
-0.155622 0.211002 -0.054840
-0.134126 0.262558 0.015901
-0.134841 0.248804 0.016448
-0.136053 0.240976 0.002719
-0.147675 0.232608 -0.048030
-0.147654 0.240566 -0.048140
-0.114226 0.193355 0.040205
-0.114720 0.205299 0.045991
-0.138924 0.199008 -0.026798
-0.142838 0.211144 -0.028302
-0.121114 0.198547 0.034759
-0.119198 0.205845 0.040774
-0.072893 0.145238 0.023806
-0.028159 0.379359 -0.005287
-0.148370 0.239966 0.024230
-0.135698 0.235674 0.017916
-0.167743 0.232005 -0.064514
-0.162924 0.244164 -0.069406
-0.156552 0.242457 -0.067714
-0.160085 0.229042 -0.063345
-0.131368 0.270963 -0.138407
-0.117487 0.264385 -0.149320
-0.125952 0.249455 -0.142173
-0.136994 0.258085 -0.130818
-0.203456 0.276335 -0.033187
-0.204099 0.275347 -0.022400
-0.202110 0.292015 -0.026959
-0.201389 0.290051 -0.038365
-0.200422 0.292739 -0.013273
-0.202054 0.273511 -0.008882
-0.193902 0.270646 0.005079
-0.193067 0.290895 0.001400
-0.170330 -0.102326 -0.130608
-0.178947 -0.102535 -0.101424
-0.129552 0.018242 -0.036998
-0.116473 0.010801 -0.019355
-0.101437 -0.062662 -0.007467
-0.030667 -0.159427 -0.010813
-0.016156 -0.172803 -0.031454
-0.010493 -0.238865 -0.054091
-0.178516 -0.103329 -0.074993
-0.017497 -0.265654 -0.048590
-0.025111 -0.293232 -0.041201
-0.065886 -0.309937 -0.092808
-0.090811 -0.312494 -0.095348
-0.087533 -0.287557 -0.109137
-0.059918 -0.283992 -0.106684
-0.115762 -0.312423 -0.088789
-0.115026 -0.288860 -0.102314
-0.115883 -0.335903 0.070279
-0.091304 -0.551393 -0.061036
-0.109045 -0.585923 -0.059759
-0.113046 -0.552305 -0.058203
-0.089032 -0.583967 -0.062632
-0.131123 -0.555288 -0.046195
-0.133188 -0.524735 -0.040813
-0.131913 -0.599884 0.019312
-0.086604 -0.617135 -0.060631
-0.104178 -0.619768 -0.057568
-0.126345 -0.587931 -0.048029
-0.119055 -0.622164 -0.048050
-0.009066 -0.189183 -0.051701
-0.161787 -0.150816 -0.009491
-0.158839 -0.124382 -0.014667
-0.104185 -0.110130 0.004121
-0.077140 -0.122898 0.006167
-0.091589 0.071150 0.001799
-0.106837 0.075786 -0.012783
-0.102389 0.112378 -0.008992
-0.115145 0.116875 -0.024596
-0.117998 0.099276 -0.027254
-0.105207 0.093691 -0.010702
-0.132180 0.127836 -0.064491
-0.133428 0.134655 -0.087304
-0.131235 0.117560 -0.089658
-0.131737 0.111452 -0.067407
-0.131744 0.101815 -0.090246
-0.125356 0.108187 -0.110427
-0.077302 0.147869 -0.160358
-0.091993 0.142720 -0.152902
-0.094444 0.161206 -0.152618
-0.079535 0.167248 -0.159751
-0.036666 -0.113096 0.003230
-0.010811 -0.178209 -0.047746
-0.073197 -0.174330 0.026278
-0.104789 -0.147265 0.020419
-0.136198 -0.147623 0.011185
-0.138614 0.246535 -0.033057
-0.151867 0.279052 -0.110649
-0.152427 0.269879 -0.106742
-0.203111 0.253283 -0.005181
-0.194521 0.249832 0.009247
-0.125877 0.246400 0.007245
-0.160748 0.295960 0.016012
-0.145946 0.285513 0.017058
-0.144916 0.298020 0.015777
-0.125392 -0.070637 -0.018724
-0.150573 -0.081962 -0.028037
-0.128400 -0.086618 -0.012204
-0.007429 -0.184282 -0.110691
-0.052878 -0.141357 0.002249
-0.031071 -0.319604 -0.033057
-0.035175 -0.344911 -0.026420
-0.037728 -0.368831 -0.021768
-0.039718 -0.391765 -0.018265
-0.041681 -0.414901 -0.015751
-0.046351 -0.436371 -0.012095
-0.051958 -0.454567 -0.007786
-0.053216 -0.475349 -0.010283
-0.041342 -0.527464 -0.008958
-0.045722 -0.525265 -0.026068
-0.049890 -0.499010 -0.018333
-0.042743 -0.553792 -0.032050
-0.041651 -0.584652 -0.036263
-0.043449 -0.616784 -0.037603
-0.045331 -0.649851 -0.037698
-0.044799 -0.682838 -0.038132
-0.007082 -0.180523 -0.084678
-0.007166 -0.182012 -0.096877
-0.102333 0.365967 -0.002788
-0.143091 0.250074 -0.032981
-0.142942 0.255295 -0.033682
-0.125689 0.257626 0.007016
-0.202974 0.207376 -0.025175
-0.206467 0.215855 -0.015171
-0.126975 0.244018 -0.006625
-0.137145 0.266077 -0.018074
-0.136579 0.269745 -0.019373
-0.192311 0.026330 0.102269
-0.203955 0.023623 0.097400
-0.199957 0.006566 0.105438
-0.188565 0.009140 0.109133
-0.179604 0.027218 0.101619
-0.176851 0.009880 0.107831
-0.158257 0.005173 0.057084
-0.155122 0.012185 0.066556
-0.157602 -0.005112 0.074220
-0.161278 -0.011864 0.065206
-0.165632 -0.008509 0.108258
-0.160208 -0.011654 0.100012
-0.160234 0.005696 0.093752
-0.166952 0.008763 0.102446
-0.178039 -0.004315 0.044950
-0.190075 -0.004797 0.044909
-0.186795 0.010592 0.034676
-0.174243 0.011167 0.035574
-0.148401 0.079566 0.030929
-0.149969 0.070659 0.021182
-0.146709 0.085358 0.018157
-0.145813 0.093216 0.028754
-0.199686 0.061779 0.087161
-0.209987 0.058989 0.079722
-0.207246 0.041203 0.088771
-0.195807 0.043971 0.094950
-0.163020 0.059846 0.074223
-0.155571 0.055662 0.063285
-0.157970 0.074634 0.055899
-0.166511 0.078581 0.066133
-0.203625 0.079259 0.078048
-0.211816 0.075757 0.069272
-0.160395 0.023346 0.088030
-0.156082 0.018518 0.076968
-0.155111 0.036702 0.070474
-0.161369 0.041431 0.081687
-0.182764 -0.034681 0.065335
-0.193605 -0.034349 0.066750
-0.192320 -0.019667 0.055597
-0.180843 -0.019700 0.055060
-0.158805 -0.016315 0.090975
-0.159861 -0.022223 0.082014
-0.157495 0.000980 0.083774
-0.210643 -0.018567 0.099520
-0.204961 -0.013907 0.107309
-0.208659 0.002714 0.098287
-0.213769 -0.002298 0.089395
-0.152969 0.041641 0.042183
-0.152033 0.049087 0.052164
-0.153053 0.030209 0.059264
-0.155340 0.022912 0.049448
-0.185592 0.063063 0.088660
-0.182388 0.045099 0.095269
-0.216582 0.014663 0.078629
-0.211946 0.019723 0.089186
-0.214296 0.036989 0.079253
-0.217828 0.030883 0.068279
-0.214840 0.039179 0.045164
-0.205807 0.033504 0.034710
-0.208459 0.017959 0.046465
-0.215760 0.023836 0.056768
-0.150882 0.061374 0.035838
-0.154205 0.052813 0.025924
-0.169899 0.028056 0.026978
-0.182727 0.026715 0.025168
-0.177525 0.043137 0.015916
-0.164279 0.045530 0.018651
-0.183311 0.110686 0.061481
-0.197724 0.111899 0.061832
-0.194836 0.099447 0.069848
-0.181201 0.099270 0.066790
-0.206769 0.096006 0.066932
-0.208815 0.108777 0.056835
-0.213144 0.120343 0.032057
-0.211316 0.115451 0.021919
-0.211130 0.106879 0.027519
-0.213978 0.112318 0.037909
-0.209467 0.067122 0.020243
-0.197058 0.063367 0.011469
-0.201841 0.048568 0.022982
-0.213010 0.053681 0.032756
-0.179613 0.073695 -0.000084
-0.166439 0.072419 0.002021
-0.171719 0.058642 0.007477
-0.184846 0.060071 0.007169
-0.161335 0.121677 -0.015413
-0.151453 0.123966 -0.009782
-0.154241 0.109762 -0.007007
-0.164906 0.107997 -0.011244
-0.140525 0.120279 0.013030
-0.138475 0.133168 0.010917
-0.139727 0.137747 0.023417
-0.141448 0.125314 0.025079
-0.187656 0.146774 0.047547
-0.201024 0.145247 0.040682
-0.201570 0.136507 0.046189
-0.187799 0.137395 0.051369
-0.205715 0.078969 0.010423
-0.192632 0.077876 0.001871
-0.141774 0.109048 0.014532
-0.142399 0.114590 0.026427
-0.143795 0.104344 0.027538
-0.143962 0.097444 0.016351
-0.160719 0.124068 0.043935
-0.172512 0.127022 0.051250
-0.171501 0.118026 0.052614
-0.160489 0.114171 0.044453
-0.186479 0.129160 0.054828
-0.200789 0.129241 0.050882
-0.198939 0.120721 0.056568
-0.184615 0.120580 0.058246
-0.203679 0.087290 0.004362
-0.208918 0.091833 0.013018
-0.206368 0.098559 0.007174
-0.201174 0.094263 -0.001096
-0.173905 0.085538 -0.003929
-0.161653 0.085038 -0.001129
-0.161035 0.103389 0.045336
-0.150907 0.099120 0.038381
-0.149812 0.109892 0.037803
-0.209546 0.117458 0.049249
-0.170793 0.120006 -0.018267
-0.181171 0.119528 -0.019377
-0.177009 0.133433 -0.025082
-0.166437 0.134280 -0.023459
-0.157162 0.136407 -0.019655
-0.148327 0.139379 -0.013172
-0.136060 0.148755 0.008374
-0.137159 0.153366 0.021183
-0.144158 0.157461 0.032727
-0.155647 0.161336 0.040779
-0.158410 0.145164 0.042674
-0.146669 0.141648 0.034371
-0.185192 0.164265 0.041724
-0.198179 0.162225 0.034104
-0.208048 0.141931 0.031226
-0.206062 0.157351 0.024458
-0.147339 0.102069 0.003211
-0.145214 0.114399 0.001489
-0.215510 0.008132 0.068075
-0.209878 0.002466 0.057774
-0.209927 -0.012989 0.069170
-0.213943 -0.007924 0.079296
-0.202646 -0.031879 0.072101
-0.202432 -0.017013 0.060641
-0.168622 0.026206 0.096776
-0.170549 0.044065 0.090575
-0.174314 -0.006837 0.113995
-0.171390 0.107405 0.053812
-0.169889 0.095282 0.057867
-0.208358 0.110723 0.011653
-0.210831 0.123961 0.016015
-0.208236 0.118941 0.005528
-0.212391 0.085098 0.021640
-0.215743 0.074867 0.033372
-0.213820 0.083777 0.046438
-0.211683 0.095872 0.032820
-0.198258 0.101745 -0.005916
-0.204989 0.105657 0.001653
-0.203434 0.114095 -0.003896
-0.195445 0.110457 -0.010832
-0.171995 0.146840 0.047744
-0.172574 0.136164 0.049524
-0.208818 0.146692 0.002291
-0.209724 0.133883 0.009762
-0.210365 0.137770 0.020603
-0.208928 0.151093 0.013734
-0.211922 0.128261 0.026309
-0.205699 0.142772 -0.008299
-0.207378 0.129287 -0.000849
-0.169931 0.164117 0.044395
-0.192459 0.121678 -0.016386
-0.201483 0.125075 -0.009739
-0.198924 0.138773 -0.016976
-0.188767 0.135510 -0.023027
-0.200986 -0.001939 0.049648
-0.198613 0.013460 0.038517
-0.154194 0.076327 0.008133
-0.158714 0.062057 0.012176
-0.150341 0.089595 0.005432
-0.166559 -0.001201 0.049095
-0.169663 -0.017322 0.058108
-0.158711 0.033717 0.033050
-0.162758 0.015664 0.040724
-0.218453 0.047176 0.057088
-0.179266 0.097136 -0.009300
-0.168810 0.096371 -0.007384
-0.184742 0.087451 -0.005374
-0.140554 0.143921 -0.003684
-0.142883 0.128068 -0.000930
-0.197027 0.085241 -0.001384
-0.137768 0.164319 -0.007712
-0.213419 0.102889 0.045955
-0.210017 0.125652 0.042493
-0.209486 0.133014 0.037029
-0.195920 -0.009932 0.113456
-0.173012 0.062560 0.083631
-0.160304 0.091458 0.049183
-0.152126 0.086165 0.040371
-0.189064 0.098518 -0.009998
-0.185128 0.107873 -0.014339
-0.174738 0.107564 -0.013454
-0.159988 0.133804 0.043243
-0.148545 0.129927 0.035641
-0.172223 -0.032882 0.067643
-0.149647 0.120380 0.036554
-0.213569 0.091544 0.056922
-0.030924 0.369772 -0.135660
-0.132455 0.187009 -0.025813
-0.096174 0.163887 0.004443
-0.108589 0.167527 -0.008054
-0.144180 0.233810 -0.030527
-0.143454 0.242770 -0.031467
-0.142095 0.261533 -0.031380
-0.141588 0.266689 -0.032426
-0.140494 0.213705 -0.008671
-0.057038 0.554847 -0.080419
-0.054237 0.548938 -0.081808
-0.059876 0.566958 -0.081081
-0.016855 0.026578 0.040833
-0.059844 0.541135 -0.070160
-0.056744 0.533575 -0.071369
-0.061479 0.536937 -0.071434
-0.060043 0.542209 -0.068527
-0.060380 0.543082 -0.067995
-0.064812 0.568055 -0.072789
-0.051798 0.541310 -0.081458
-0.050407 0.532700 -0.079332
-0.064742 0.554931 -0.066729
-0.051455 0.051349 -0.178385
-0.029930 0.051281 -0.179921
-0.031489 0.033604 -0.188538
-0.054940 0.033357 -0.186608
-0.033929 0.014190 -0.197067
-0.143690 -0.023202 -0.171276
-0.157789 -0.020047 -0.150076
-0.152452 0.001562 -0.147151
-0.139164 0.000191 -0.166956
-0.155371 0.016280 -0.123097
-0.145453 0.018962 -0.144047
-0.161262 0.000804 -0.123842
-0.163922 -0.004368 -0.100181
-0.158835 0.011224 -0.100157
-0.160493 -0.012321 -0.078200
-0.156300 0.004187 -0.077590
-0.152005 -0.020732 -0.058593
-0.139373 -0.028382 -0.039974
-0.123663 -0.053299 -0.020135
-0.100941 -0.043573 -0.008012
-0.121691 -0.035831 -0.022699
-0.058667 -0.056414 0.011884
-0.079601 -0.051255 0.003535
-0.023025 -0.060420 0.023129
-0.039915 -0.059096 0.018562
-0.092350 0.347109 0.008453
-0.100637 0.413515 -0.082375
-0.112769 0.408209 -0.080274
-0.119517 0.407191 -0.059312
-0.132608 0.367135 -0.114962
-0.136346 0.380308 -0.101866
-0.116612 0.381402 -0.116373
-0.114197 0.368684 -0.125841
-0.090600 0.411852 -0.097040
-0.082963 0.415981 -0.097116
-0.099968 0.407026 -0.097915
-0.066509 0.401541 -0.118211
-0.083674 0.404697 -0.110646
-0.160040 0.386340 -0.041973
-0.161084 0.380909 -0.063440
-0.168991 0.373798 -0.055961
-0.168605 0.378438 -0.034645
-0.153271 0.346095 -0.103651
-0.149905 0.333827 -0.111301
-0.158254 0.329763 -0.102537
-0.161306 0.341011 -0.094712
-0.185636 0.342039 -0.012914
-0.189091 0.342030 -0.031834
-0.194451 0.327136 -0.024586
-0.189263 0.325973 -0.007396
-0.164429 0.352354 -0.084707
-0.095163 0.275680 -0.161022
-0.111540 0.280565 -0.152748
-0.125909 0.283989 -0.143343
-0.151420 0.288214 -0.113002
-0.146256 0.288397 -0.120711
-0.147125 0.277422 -0.118138
-0.156440 0.288081 -0.105766
-0.161975 0.285077 -0.097917
-0.134229 0.285337 0.013860
-0.132900 0.294257 0.014744
-0.143375 0.310120 0.014897
-0.168259 0.271950 -0.081372
-0.163993 0.278707 -0.087392
-0.161733 0.274338 -0.085821
-0.165562 0.268667 -0.080353
-0.151358 0.393507 -0.048577
-0.194232 0.322944 -0.039685
-0.187820 0.336185 -0.047262
-0.186383 0.327986 -0.058871
-0.193024 0.315930 -0.050731
-0.190590 0.310423 -0.061161
-0.184529 0.320831 -0.069678
-0.181566 0.313270 -0.078634
-0.187728 0.304519 -0.069910
-0.171762 0.275716 -0.081461
-0.166955 0.283599 -0.088709
-0.177900 0.304003 0.010261
-0.165947 0.363890 -0.006649
-0.150953 0.351535 0.006589
-0.146277 0.362050 0.003062
-0.160058 0.374413 -0.012850
-0.145044 0.254645 -0.044359
-0.140678 0.258268 -0.032128
-0.148389 0.251747 -0.055711
-0.157713 0.266423 -0.081066
-0.151911 0.250905 -0.064694
-0.126648 0.266429 0.007007
-0.134107 0.274667 0.015038
-0.137455 0.333796 0.011354
-0.133288 0.344053 0.009139
-0.191676 0.309213 -0.002677
-0.198248 0.310385 -0.018379
-0.172674 0.262207 -0.075751
-0.168829 0.259229 -0.075460
-0.172396 0.250110 -0.070608
-0.156948 0.266289 -0.091224
-0.159829 0.270316 -0.084151
-0.175175 0.368860 -0.027608
-0.199003 0.307855 -0.033212
-0.197879 0.302734 -0.044611
-0.177358 0.329146 -0.078592
-0.179354 0.338267 -0.067970
-0.172077 0.346077 -0.076515
-0.169646 0.335625 -0.086978
-0.193366 0.293765 -0.062129
-0.189922 0.285724 -0.067417
-0.166972 0.325135 -0.094788
-0.174714 0.319891 -0.087097
-0.176667 0.265763 -0.075485
-0.128668 0.352564 0.006622
-0.119205 0.333728 0.013377
-0.112140 0.340263 0.012205
-0.128201 0.315032 0.015215
-0.123972 0.325270 0.013826
-0.131147 0.303478 0.015882
-0.103166 0.343804 0.011146
-0.193253 0.090735 -0.005784
-0.168549 0.246781 -0.070059
-0.173245 0.236657 -0.065273
-0.176603 0.241313 -0.065575
-0.196856 0.203355 -0.036306
-0.039481 0.476853 0.053252
-0.040364 0.481783 0.056264
-0.041582 0.500493 0.057803
-0.041497 0.503784 0.057152
-0.208961 0.103314 0.017167
-0.210028 0.096947 0.020928
-0.217571 0.061815 0.045877
-0.215574 0.054083 0.069171
-0.215668 0.069921 0.058132
-0.190046 0.081654 0.080768
-0.176536 0.081192 0.075619
-0.152291 0.068732 0.045510
-0.189974 0.044753 0.017108
-0.177157 -0.039004 0.131704
-0.188040 -0.041175 0.130947
-0.183456 -0.057002 0.140200
-0.172777 -0.055214 0.139299
-0.168121 -0.070667 0.147374
-0.160762 -0.071882 0.141378
-0.164260 -0.056228 0.134791
-0.158100 -0.074250 0.133238
-0.159962 -0.058594 0.127419
-0.159050 -0.077372 0.124981
-0.161829 -0.081341 0.118342
-0.161659 -0.066101 0.112339
-0.159512 -0.061770 0.119414
-0.163699 -0.054841 0.098250
-0.165344 -0.070894 0.105919
-0.170569 -0.075093 0.100333
-0.168333 -0.059919 0.091454
-0.187933 -0.092574 0.106137
-0.195322 -0.092088 0.109482
-0.195438 -0.078246 0.099517
-0.187256 -0.079150 0.096071
-0.206365 -0.058147 0.103019
-0.201893 -0.061400 0.094684
-0.201648 -0.076047 0.105929
-0.205650 -0.072806 0.114028
-0.205855 -0.086297 0.124522
-0.204395 -0.082442 0.133302
-0.205789 -0.068991 0.122225
-0.185188 -0.007366 0.115841
-0.181368 -0.023312 0.123691
-0.171053 -0.023187 0.120756
-0.159739 -0.045468 0.113169
-0.160094 -0.028645 0.106584
-0.163790 -0.025109 0.114555
-0.161790 -0.041878 0.121202
-0.163967 -0.028445 0.073723
-0.162034 -0.038628 0.090125
-0.166263 -0.044226 0.082550
-0.160825 -0.049891 0.105567
-0.159957 -0.033323 0.098298
-0.176220 -0.063422 0.086679
-0.178228 -0.077961 0.096540
-0.197397 -0.045491 0.126484
-0.204257 -0.049949 0.119777
-0.201094 -0.064894 0.130209
-0.193484 -0.060581 0.136533
-0.174214 -0.048060 0.077434
-0.207455 -0.034539 0.109652
-0.201168 -0.029994 0.116749
-0.207412 -0.054452 0.111471
-0.209561 -0.039271 0.100971
-0.189396 -0.075124 0.146019
-0.178727 -0.072079 0.148971
-0.192022 -0.026044 0.122134
-0.185695 -0.064617 0.085590
-0.195047 -0.063785 0.088533
-0.194349 -0.049164 0.077651
-0.184319 -0.049767 0.075477
-0.208642 -0.028273 0.080563
-0.201952 -0.046901 0.083699
-0.207217 -0.043483 0.091902
-0.201576 -0.089859 0.116195
-0.211950 -0.023618 0.090106
-0.152592 -0.151173 0.153148
-0.150595 -0.144004 0.147980
-0.141826 -0.146030 0.153053
-0.144632 -0.152540 0.158288
-0.133744 -0.129627 0.142867
-0.130790 -0.119313 0.145898
-0.124356 -0.125513 0.153594
-0.126767 -0.134020 0.151158
-0.138805 -0.152506 0.164431
-0.135609 -0.146900 0.158681
-0.136889 -0.148791 0.169283
-0.140994 -0.153858 0.176040
-0.140436 -0.157455 0.170099
-0.142578 -0.159070 0.180401
-0.148870 -0.146517 0.180310
-0.150372 -0.156314 0.184113
-0.173450 -0.145979 0.175925
-0.182166 -0.147021 0.170899
-0.180094 -0.159030 0.175714
-0.170347 -0.157707 0.179927
-0.193111 -0.159773 0.161107
-0.186646 -0.160273 0.168926
-0.188280 -0.147476 0.165102
-0.193948 -0.147431 0.158328
-0.165281 -0.149300 0.146321
-0.165290 -0.141668 0.140993
-0.159744 -0.142103 0.144020
-0.160485 -0.149464 0.149074
-0.131321 -0.143255 0.174066
-0.140272 -0.138935 0.175607
-0.139259 -0.145250 0.174689
-0.130620 -0.146172 0.171615
-0.171655 -0.126843 0.121157
-0.172219 -0.116082 0.118610
-0.165937 -0.113712 0.122928
-0.166426 -0.123867 0.124726
-0.144215 -0.110087 0.134526
-0.151712 -0.107056 0.131535
-0.149768 -0.096623 0.140016
-0.144549 -0.101376 0.144418
-0.137330 -0.114099 0.139186
-0.139143 -0.105789 0.148578
-0.133403 -0.112570 0.153770
-0.126287 -0.120443 0.160190
-0.181511 -0.117857 0.115457
-0.182498 -0.126049 0.115907
-0.134640 -0.199536 0.192508
-0.137793 -0.202651 0.189667
-0.138516 -0.198156 0.187582
-0.135327 -0.194927 0.190459
-0.198581 -0.122630 0.124776
-0.201561 -0.120456 0.133315
-0.201264 -0.115094 0.129602
-0.196841 -0.117136 0.121582
-0.200681 -0.130272 0.127812
-0.201955 -0.127707 0.137658
-0.139688 -0.197116 0.203025
-0.135704 -0.196429 0.200272
-0.137367 -0.191702 0.198435
-0.141749 -0.192435 0.201022
-0.145016 -0.158731 0.163289
-0.152475 -0.157884 0.158174
-0.145517 -0.173425 0.169616
-0.150721 -0.166067 0.163209
-0.143375 -0.164420 0.168178
-0.141548 -0.169852 0.172859
-0.166954 -0.165883 0.152693
-0.167931 -0.157384 0.148713
-0.162275 -0.158386 0.153338
-0.161033 -0.167044 0.157242
-0.175157 -0.159591 0.140123
-0.175190 -0.167828 0.144282
-0.179092 -0.169314 0.139467
-0.178675 -0.161747 0.136095
-0.170348 -0.182108 0.156385
-0.170536 -0.188867 0.161877
-0.174831 -0.189371 0.159400
-0.174368 -0.183102 0.153290
-0.201571 -0.109834 0.126531
-0.196254 -0.111239 0.118990
-0.202627 -0.160319 0.144556
-0.202988 -0.160247 0.135184
-0.204043 -0.170322 0.136166
-0.203312 -0.169785 0.145886
-0.200281 -0.118284 0.142754
-0.201254 -0.112191 0.139349
-0.144705 -0.199361 0.203432
-0.146801 -0.194548 0.201510
-0.140629 -0.111154 0.160930
-0.132011 -0.119678 0.166729
-0.147132 -0.104044 0.156199
-0.151330 -0.098773 0.152985
-0.154340 -0.092521 0.150213
-0.153916 -0.171457 0.163247
-0.159083 -0.155176 0.153357
-0.168280 -0.149332 0.143480
-0.186279 -0.156433 0.124312
-0.186600 -0.149652 0.121488
-0.178814 -0.149983 0.126645
-0.180901 -0.156119 0.128897
-0.199026 -0.161979 0.127549
-0.192669 -0.163784 0.126240
-0.193304 -0.171956 0.128903
-0.199709 -0.171256 0.129672
-0.130001 -0.139706 0.177051
-0.138258 -0.132758 0.175279
-0.192402 -0.124807 0.117721
-0.190174 -0.118085 0.116389
-0.189049 -0.111308 0.115300
-0.166100 -0.132883 0.132157
-0.162949 -0.122187 0.126874
-0.157609 -0.121654 0.129017
-0.162733 -0.132697 0.134542
-0.146899 -0.136189 0.140920
-0.142224 -0.125664 0.136020
-0.137919 -0.139274 0.146842
-0.160029 -0.110928 0.126137
-0.166602 -0.105273 0.121454
-0.160516 -0.102145 0.125738
-0.173676 -0.108115 0.117704
-0.181602 -0.110302 0.115264
-0.166950 -0.097171 0.118362
-0.161525 -0.093500 0.122884
-0.174225 -0.100192 0.114821
-0.181646 -0.102240 0.112953
-0.204973 -0.096550 0.132100
-0.202227 -0.100664 0.122667
-0.202848 -0.105530 0.136086
-0.154574 -0.086991 0.137833
-0.154838 -0.098889 0.131751
-0.157495 -0.090239 0.129343
-0.157389 -0.084029 0.146939
-0.122381 -0.137190 0.156816
-0.118442 -0.140988 0.161352
-0.122756 -0.145892 0.162490
-0.126960 -0.142689 0.159107
-0.143391 -0.164880 0.183623
-0.140136 -0.166906 0.178344
-0.140349 -0.161854 0.174506
-0.175285 -0.135777 0.121835
-0.184761 -0.134731 0.116982
-0.149360 -0.176827 0.168534
-0.143655 -0.186812 0.198321
-0.138923 -0.186303 0.195657
-0.141160 -0.176801 0.190150
-0.146269 -0.177174 0.193458
-0.152356 -0.183466 0.173918
-0.147628 -0.180773 0.172882
-0.145972 -0.186478 0.176702
-0.150966 -0.188639 0.178869
-0.179249 -0.189129 0.153656
-0.178900 -0.184009 0.148651
-0.165731 -0.170204 0.181276
-0.158758 -0.165068 0.186892
-0.161057 -0.155501 0.184384
-0.171554 -0.166586 0.148416
-0.170956 -0.174604 0.152127
-0.174736 -0.175895 0.148519
-0.155429 -0.174559 0.163722
-0.153144 -0.178691 0.167678
-0.158150 -0.178684 0.164440
-0.159833 -0.173299 0.160185
-0.202589 -0.149206 0.133637
-0.197364 -0.151792 0.123645
-0.134082 -0.197304 0.196411
-0.135055 -0.192643 0.194609
-0.195766 -0.103189 0.115798
-0.188548 -0.103488 0.112856
-0.171662 -0.157891 0.144548
-0.162887 -0.144693 0.179774
-0.171086 -0.149790 0.139929
-0.193026 -0.179852 0.157448
-0.193312 -0.182869 0.151137
-0.190388 -0.188197 0.155176
-0.192142 -0.186059 0.160589
-0.149489 -0.196754 0.185579
-0.144104 -0.195329 0.183481
-0.143502 -0.200695 0.187301
-0.148568 -0.201811 0.189507
-0.143885 -0.177598 0.173709
-0.140720 -0.174496 0.176694
-0.139039 -0.180628 0.180747
-0.141887 -0.183716 0.177527
-0.140208 -0.171890 0.181527
-0.138724 -0.178047 0.185555
-0.153579 -0.196001 0.190520
-0.153236 -0.192513 0.195748
-0.156310 -0.183769 0.190193
-0.155238 -0.187865 0.184520
-0.194342 -0.135577 0.155231
-0.198962 -0.136393 0.148493
-0.198886 -0.148425 0.150666
-0.198618 -0.160424 0.152616
-0.196325 -0.171867 0.153555
-0.191527 -0.170864 0.163906
-0.202109 -0.148726 0.143472
-0.160956 -0.181120 0.177851
-0.159251 -0.177538 0.183976
-0.165125 -0.178988 0.181035
-0.174952 -0.151482 0.134505
-0.136354 -0.187370 0.191708
-0.169768 -0.101175 0.161729
-0.180743 -0.103886 0.160168
-0.179600 -0.113120 0.163164
-0.167271 -0.108710 0.164494
-0.139607 -0.192943 0.184100
-0.136385 -0.189993 0.187079
-0.184100 -0.185655 0.145802
-0.183794 -0.189715 0.151064
-0.187903 -0.190516 0.151076
-0.189526 -0.187508 0.146657
-0.202031 -0.137249 0.141476
-0.204470 -0.178052 0.137336
-0.204635 -0.176303 0.146548
-0.199600 -0.125909 0.145869
-0.194909 -0.124634 0.152895
-0.195431 -0.116001 0.150981
-0.182479 -0.173984 0.171741
-0.189227 -0.135315 0.161228
-0.189686 -0.124151 0.158307
-0.189296 -0.114268 0.156609
-0.189981 -0.106461 0.154829
-0.196482 -0.108946 0.148677
-0.149057 -0.189050 0.198759
-0.150991 -0.197894 0.198809
-0.198379 -0.101265 0.145583
-0.201699 -0.092535 0.141219
-0.194504 -0.089270 0.147413
-0.191756 -0.098408 0.151840
-0.183144 -0.123542 0.163367
-0.175861 -0.122590 0.167518
-0.183199 -0.135033 0.166472
-0.175213 -0.134518 0.171243
-0.176566 -0.170334 0.178946
-0.147494 -0.212022 0.200513
-0.149730 -0.205478 0.196770
-0.147654 -0.206652 0.192406
-0.146121 -0.213244 0.196669
-0.151621 -0.200820 0.193944
-0.148908 -0.202661 0.201081
-0.164247 -0.133208 0.175059
-0.157608 -0.183449 0.170046
-0.162421 -0.119647 0.169465
-0.151652 -0.135064 0.177922
-0.149147 -0.125605 0.174147
-0.156143 -0.104998 0.162229
-0.150247 -0.112052 0.166137
-0.162211 -0.092094 0.156483
-0.159582 -0.098780 0.159139
-0.164810 -0.082989 0.153170
-0.140712 -0.120666 0.171271
-0.133387 -0.206387 0.194947
-0.137102 -0.209393 0.192451
-0.172125 -0.093798 0.158868
-0.174799 -0.084429 0.155218
-0.131247 -0.141566 0.153655
-0.172814 -0.143111 0.130824
-0.170090 -0.142093 0.135237
-0.186140 -0.142968 0.118977
-0.177018 -0.143759 0.124274
-0.185488 -0.086455 0.152926
-0.166270 -0.085837 0.112932
-0.172908 -0.088987 0.108804
-0.198058 -0.078814 0.140202
-0.132390 -0.204355 0.198920
-0.174255 -0.190150 0.166943
-0.176484 -0.189438 0.166226
-0.119753 -0.130511 0.159162
-0.116263 -0.136189 0.164062
-0.120421 -0.133802 0.174042
-0.117134 -0.134105 0.168892
-0.120990 -0.126947 0.165028
-0.125531 -0.126551 0.170791
-0.168308 -0.133720 0.129810
-0.171157 -0.135199 0.126674
-0.201904 -0.139131 0.130970
-0.196891 -0.141713 0.121675
-0.143030 -0.170237 0.186270
-0.150067 -0.163925 0.186594
-0.148752 -0.170113 0.189141
-0.152397 -0.179537 0.193614
-0.158147 -0.183418 0.175583
-0.156238 -0.183192 0.179420
-0.150588 -0.123030 0.131756
-0.156169 -0.133839 0.137293
-0.131652 -0.146207 0.163193
-0.128471 -0.147502 0.166888
-0.165751 -0.173135 0.156012
-0.177892 -0.182693 0.176781
-0.173463 -0.178788 0.181801
-0.164629 -0.179682 0.160052
-0.137477 -0.204344 0.205664
-0.133682 -0.203772 0.202754
-0.155654 -0.172362 0.189391
-0.179178 -0.177170 0.143730
-0.181805 -0.182246 0.169924
-0.177055 -0.186986 0.172151
-0.200052 -0.177438 0.132029
-0.182722 -0.095967 0.157190
-0.142994 -0.205555 0.189398
-0.142220 -0.212231 0.192683
-0.146460 -0.209374 0.203802
-0.142583 -0.206232 0.205995
-0.195109 -0.132861 0.119687
-0.167952 -0.141667 0.138373
-0.180516 -0.091421 0.106274
-0.132359 -0.128173 0.174767
-0.125592 -0.135974 0.177356
-0.163915 -0.185548 0.164451
-0.198538 -0.178428 0.150409
-0.190516 -0.178676 0.165881
-0.190256 -0.184426 0.167917
-0.183655 -0.185524 0.171229
-0.179457 -0.188894 0.169793
-0.144925 -0.214674 0.206171
-0.141021 -0.211813 0.208409
-0.136015 -0.210175 0.208340
-0.132496 -0.209363 0.205110
-0.131578 -0.209492 0.200997
-0.145885 -0.217015 0.203127
-0.144669 -0.217886 0.199286
-0.141100 -0.216674 0.195355
-0.144652 -0.221524 0.204933
-0.143344 -0.220182 0.208511
-0.132105 -0.220906 0.212079
-0.134660 -0.216251 0.211009
-0.136074 -0.219500 0.212062
-0.134799 -0.222398 0.213256
-0.133975 -0.226210 0.214458
-0.131348 -0.225417 0.212819
-0.139100 -0.219821 0.211425
-0.138512 -0.223528 0.213000
-0.141288 -0.225048 0.210993
-0.140567 -0.228859 0.212617
-0.137811 -0.227510 0.214569
-0.141388 -0.221649 0.210252
-0.139816 -0.216625 0.210292
-0.132122 -0.229512 0.213677
-0.133859 -0.229014 0.215206
-0.136770 -0.230898 0.215436
-0.135425 -0.232639 0.213723
-0.131580 -0.214340 0.207196
-0.130475 -0.220216 0.209001
-0.130204 -0.225558 0.210066
-0.131335 -0.229928 0.210882
-0.130177 -0.221118 0.205663
-0.130579 -0.226434 0.207287
-0.131842 -0.230066 0.208145
-0.131445 -0.223030 0.202686
-0.131896 -0.227770 0.205230
-0.132085 -0.215852 0.199404
-0.130860 -0.214286 0.203120
-0.132602 -0.230021 0.206612
-0.134740 -0.232974 0.210945
-0.142975 -0.225626 0.208877
-0.141768 -0.229892 0.210340
-0.143300 -0.226507 0.206448
-0.141689 -0.230773 0.208004
-0.139604 -0.232889 0.212204
-0.139609 -0.231469 0.213935
-0.132821 -0.211140 0.197011
-0.136725 -0.214003 0.194907
-0.135740 -0.218662 0.197217
-0.134822 -0.225428 0.200503
-0.140172 -0.220804 0.197756
-0.143437 -0.222109 0.201311
-0.142140 -0.226886 0.203730
-0.139359 -0.226628 0.201028
-0.140439 -0.230906 0.205605
-0.138082 -0.230489 0.204034
-0.134688 -0.229435 0.203984
-0.137976 -0.232912 0.207270
-0.138953 -0.233406 0.209679
-0.134658 -0.232324 0.208272
-0.136971 -0.231940 0.205856
-0.134677 -0.231196 0.206248
-0.157791 -0.215842 0.186042
-0.161428 -0.218068 0.183056
-0.162158 -0.211586 0.181006
-0.158446 -0.209525 0.183801
-0.161378 -0.211159 0.196463
-0.157046 -0.212164 0.193056
-0.158119 -0.206079 0.191423
-0.162713 -0.205209 0.194666
-0.167483 -0.212138 0.195987
-0.169115 -0.206338 0.194046
-0.163723 -0.198463 0.191876
-0.159098 -0.199464 0.188584
-0.160485 -0.188630 0.181797
-0.164515 -0.187147 0.185628
-0.168464 -0.195319 0.168207
-0.172790 -0.196056 0.170699
-0.156056 -0.213975 0.189391
-0.156926 -0.207780 0.187365
-0.171503 -0.206808 0.177682
-0.167035 -0.206507 0.175990
-0.166461 -0.213171 0.179854
-0.170795 -0.213672 0.181279
-0.159262 -0.190998 0.173461
-0.163509 -0.193113 0.169768
-0.158797 -0.189868 0.177766
-0.174914 -0.205667 0.181718
-0.175003 -0.203011 0.186892
-0.176389 -0.191245 0.181650
-0.176186 -0.194559 0.176032
-0.157655 -0.201046 0.184274
-0.162491 -0.204797 0.177114
-0.158740 -0.202810 0.180196
-0.170422 -0.199627 0.191287
-0.173540 -0.209822 0.189502
-0.170663 -0.226081 0.191473
-0.172298 -0.218272 0.187626
-0.170257 -0.219873 0.183867
-0.169102 -0.228122 0.187888
-0.173338 -0.212486 0.184819
-0.171911 -0.215440 0.192021
-0.156754 -0.225197 0.189339
-0.160639 -0.227370 0.186619
-0.155029 -0.223132 0.192536
-0.171943 -0.187776 0.186291
-0.159813 -0.219880 0.199063
-0.155927 -0.221265 0.195789
-0.165930 -0.219736 0.181998
-0.165197 -0.228453 0.185691
-0.170012 -0.223307 0.195498
-0.165689 -0.220279 0.198879
-0.168575 -0.230008 0.197885
-0.164456 -0.227485 0.201003
-0.158929 -0.226995 0.201499
-0.155378 -0.227712 0.198101
-0.154838 -0.228915 0.194716
-0.169468 -0.232196 0.194295
-0.168221 -0.233433 0.190931
-0.164720 -0.233422 0.188346
-0.168681 -0.238243 0.196681
-0.167804 -0.237080 0.200442
-0.156855 -0.244566 0.206287
-0.156922 -0.239337 0.205113
-0.159872 -0.240489 0.205924
-0.159420 -0.244700 0.207902
-0.158672 -0.234078 0.204067
-0.160808 -0.237353 0.204909
-0.163746 -0.237746 0.204110
-0.163734 -0.241472 0.205767
-0.166395 -0.242768 0.203335
-0.166358 -0.246892 0.205157
-0.163618 -0.245796 0.208012
-0.166198 -0.239158 0.202512
-0.159738 -0.248152 0.209142
-0.158592 -0.249149 0.207350
-0.164008 -0.233774 0.203047
-0.155175 -0.233089 0.200399
-0.154872 -0.239222 0.202311
-0.155716 -0.245091 0.203583
-0.157996 -0.249805 0.204397
-0.154533 -0.240428 0.198899
-0.155715 -0.246159 0.200746
-0.158074 -0.249928 0.201933
-0.156095 -0.242158 0.195582
-0.157195 -0.247403 0.198394
-0.156305 -0.234920 0.193021
-0.154642 -0.233570 0.196518
-0.158577 -0.249661 0.200130
-0.162361 -0.252021 0.207772
-0.161582 -0.252376 0.204736
-0.163211 -0.250065 0.210046
-0.167293 -0.243298 0.201093
-0.166931 -0.247765 0.202880
-0.168198 -0.243970 0.198882
-0.167485 -0.248746 0.201029
-0.166023 -0.251297 0.205535
-0.166022 -0.250043 0.207175
-0.156526 -0.230443 0.191444
-0.160251 -0.232197 0.188824
-0.159926 -0.236810 0.190361
-0.159861 -0.243951 0.193159
-0.164393 -0.237732 0.190154
-0.167664 -0.238571 0.193213
-0.167116 -0.244473 0.196035
-0.164249 -0.244598 0.193443
-0.166261 -0.249075 0.198716
-0.163813 -0.249072 0.196628
-0.160243 -0.248567 0.196613
-0.164354 -0.251785 0.200760
-0.165588 -0.252080 0.203251
-0.160994 -0.251854 0.201852
-0.163043 -0.251057 0.198903
-0.160673 -0.250736 0.199475
-0.178059 -0.216145 0.171931
-0.180556 -0.217479 0.167680
-0.180965 -0.211978 0.166156
-0.178205 -0.210902 0.170347
-0.184012 -0.213259 0.180026
-0.180849 -0.213986 0.178938
-0.180490 -0.208280 0.177466
-0.184004 -0.206809 0.178745
-0.188704 -0.213634 0.178643
-0.189219 -0.206985 0.176807
-0.183993 -0.200712 0.177072
-0.179899 -0.202659 0.175431
-0.179621 -0.194038 0.171250
-0.183966 -0.191778 0.173567
-0.178643 -0.215118 0.176093
-0.178455 -0.209686 0.174423
-0.187878 -0.206709 0.160809
-0.184287 -0.206807 0.160629
-0.184673 -0.212707 0.163804
-0.188041 -0.212627 0.164045
-0.177263 -0.195368 0.162294
-0.180061 -0.195721 0.157835
-0.177439 -0.195143 0.167074
-0.191525 -0.205622 0.164030
-0.192994 -0.202985 0.169353
-0.192556 -0.193499 0.164616
-0.190643 -0.195562 0.159069
-0.177789 -0.204393 0.172044
-0.180283 -0.206314 0.162965
-0.177574 -0.205406 0.167553
-0.189649 -0.200619 0.174580
-0.192493 -0.209062 0.171805
-0.190987 -0.226286 0.173224
-0.191285 -0.217208 0.169177
-0.188316 -0.218448 0.165811
-0.188698 -0.227472 0.169928
-0.191477 -0.211531 0.166747
-0.191907 -0.215373 0.174243
-0.178012 -0.224943 0.174445
-0.180662 -0.226250 0.170472
-0.178567 -0.223893 0.178257
-0.189938 -0.191514 0.170926
-0.187280 -0.196649 0.155132
-0.183482 -0.222608 0.182473
-0.180509 -0.223073 0.181172
-0.184549 -0.218349 0.165173
-0.184890 -0.227233 0.168535
-0.191241 -0.224523 0.177626
-0.188035 -0.222706 0.181581
-0.191067 -0.230683 0.179841
-0.187662 -0.229073 0.183513
-0.183244 -0.229018 0.184683
-0.180217 -0.229297 0.182813
-0.178593 -0.229653 0.179680
-0.190784 -0.232453 0.175749
-0.188635 -0.233047 0.172858
-0.184979 -0.232214 0.170997
-0.190776 -0.236987 0.177298
-0.190545 -0.236173 0.181639
-0.181730 -0.244902 0.189311
-0.181623 -0.240427 0.188040
-0.183882 -0.240914 0.187904
-0.183964 -0.244810 0.189667
-0.183150 -0.235047 0.186655
-0.184606 -0.237677 0.187061
-0.187425 -0.237412 0.185943
-0.187558 -0.241139 0.187439
-0.189675 -0.241501 0.184027
-0.189703 -0.245394 0.185538
-0.187511 -0.245149 0.188928
-0.189615 -0.238222 0.183865
-0.184446 -0.247555 0.190648
-0.182959 -0.248468 0.189989
-0.187494 -0.234099 0.184991
-0.179748 -0.234418 0.184396
-0.179245 -0.239989 0.186005
-0.179791 -0.245160 0.187315
-0.181478 -0.248662 0.187509
-0.178225 -0.240078 0.182691
-0.178873 -0.245184 0.184190
-0.180576 -0.248248 0.184548
-0.178666 -0.240379 0.179234
-0.179491 -0.245345 0.181322
-0.178772 -0.234468 0.177335
-0.178388 -0.234304 0.180949
-0.180644 -0.247572 0.182543
-0.186213 -0.250157 0.188636
-0.184848 -0.250503 0.185899
-0.187361 -0.248518 0.190063
-0.190538 -0.241519 0.181627
-0.190130 -0.245757 0.183156
-0.190094 -0.241882 0.178887
-0.189467 -0.246324 0.180966
-0.189131 -0.248876 0.185540
-0.189318 -0.248041 0.187127
-0.178646 -0.230147 0.176021
-0.181059 -0.230928 0.172574
-0.181111 -0.235089 0.174232
-0.181169 -0.241265 0.176373
-0.184839 -0.236126 0.172742
-0.188360 -0.237133 0.174552
-0.188174 -0.242091 0.176606
-0.184986 -0.241853 0.175170
-0.187754 -0.246448 0.178991
-0.185093 -0.246409 0.177860
-0.181760 -0.246013 0.178988
-0.186459 -0.249087 0.181311
-0.188085 -0.249295 0.183296
-0.183552 -0.249697 0.183322
-0.184905 -0.248352 0.179950
-0.182547 -0.248341 0.181287
-0.183889 -0.196042 0.155453
-0.200211 -0.207131 0.148247
-0.201491 -0.207131 0.144702
-0.200525 -0.202784 0.144053
-0.199354 -0.202731 0.147331
-0.207187 -0.205377 0.155207
-0.203265 -0.206220 0.154794
-0.202111 -0.201414 0.153997
-0.206245 -0.200269 0.154679
-0.211270 -0.204924 0.152029
-0.210518 -0.199708 0.151315
-0.204379 -0.194677 0.153547
-0.200077 -0.196201 0.152869
-0.197175 -0.187885 0.150512
-0.201229 -0.185372 0.151582
-0.200395 -0.182366 0.133840
-0.196151 -0.182856 0.134373
-0.198270 -0.189510 0.136626
-0.201971 -0.188554 0.135343
-0.200914 -0.206912 0.151922
-0.199754 -0.202332 0.151075
-0.204557 -0.197432 0.138245
-0.201044 -0.198226 0.139639
-0.202900 -0.202664 0.141368
-0.206177 -0.202241 0.140051
-0.192701 -0.183935 0.136976
-0.190125 -0.185333 0.141036
-0.194049 -0.189850 0.143234
-0.195549 -0.190157 0.139492
-0.194820 -0.189576 0.146821
-0.208084 -0.196115 0.139603
-0.209973 -0.194860 0.144318
-0.207585 -0.185025 0.141118
-0.205344 -0.187102 0.136930
-0.197967 -0.197588 0.149683
-0.198645 -0.198366 0.142518
-0.197356 -0.198207 0.146157
-0.208896 -0.193860 0.150192
-0.211525 -0.200454 0.145848
-0.211960 -0.212579 0.143622
-0.210891 -0.205940 0.142297
-0.207620 -0.206608 0.140455
-0.209101 -0.212922 0.141739
-0.209615 -0.201381 0.141461
-0.212470 -0.205330 0.146687
-0.201187 -0.213436 0.149600
-0.202479 -0.213194 0.145650
-0.202018 -0.213183 0.153062
-0.206454 -0.183760 0.148520
-0.207912 -0.212085 0.156220
-0.204225 -0.212816 0.155658
-0.204021 -0.206987 0.141842
-0.205525 -0.213088 0.142787
-0.213260 -0.212036 0.147923
-0.211792 -0.211570 0.153129
-0.214054 -0.217387 0.149241
-0.212601 -0.216803 0.154405
-0.208421 -0.217173 0.157238
-0.204759 -0.217448 0.156589
-0.202751 -0.217377 0.153940
-0.212662 -0.217823 0.145104
-0.209817 -0.217724 0.143561
-0.206491 -0.217289 0.144366
-0.212756 -0.222014 0.146874
-0.214203 -0.222285 0.151094
-0.207690 -0.230848 0.159459
-0.207497 -0.226910 0.158920
-0.209622 -0.227082 0.158456
-0.209696 -0.230404 0.159492
-0.208770 -0.222118 0.157970
-0.210244 -0.224083 0.157674
-0.212509 -0.223530 0.155853
-0.212668 -0.226641 0.157074
-0.214226 -0.227024 0.153485
-0.214254 -0.230538 0.154501
-0.213043 -0.230126 0.158186
-0.214072 -0.224123 0.153640
-0.210413 -0.232732 0.160104
-0.208996 -0.233845 0.159524
-0.212598 -0.220858 0.155364
-0.205440 -0.221651 0.157212
-0.205499 -0.226740 0.158085
-0.206058 -0.231438 0.158531
-0.207534 -0.234448 0.157691
-0.204216 -0.226191 0.155856
-0.205066 -0.231150 0.156434
-0.206615 -0.233927 0.155787
-0.203862 -0.225609 0.152739
-0.204884 -0.230556 0.153864
-0.203120 -0.220722 0.151369
-0.203686 -0.221158 0.154796
-0.206117 -0.233033 0.154355
-0.211618 -0.234990 0.157371
-0.209748 -0.235313 0.155619
-0.213216 -0.233237 0.158718
-0.214210 -0.226871 0.151062
-0.213943 -0.231216 0.152169
-0.212736 -0.226502 0.148462
-0.212283 -0.231364 0.150337
-0.213241 -0.233963 0.154323
-0.214255 -0.232915 0.155656
-0.202155 -0.217287 0.150555
-0.203564 -0.217121 0.146841
-0.204284 -0.220588 0.147872
-0.204877 -0.225473 0.149528
-0.207002 -0.220965 0.145627
-0.210083 -0.221554 0.145039
-0.210369 -0.226494 0.147068
-0.207372 -0.226027 0.147312
-0.210118 -0.231177 0.149482
-0.207786 -0.230838 0.149714
-0.205810 -0.230418 0.151395
-0.209409 -0.233851 0.152129
-0.211336 -0.234315 0.152949
-0.208159 -0.234604 0.154194
-0.208011 -0.233117 0.151682
-0.206987 -0.233311 0.153006
-0.203405 -0.181974 0.135349
-0.123548 -0.147327 0.181000
-0.125158 -0.150852 0.178189
-0.117249 -0.151291 0.165982
-0.121643 -0.153623 0.169490
-0.113123 -0.147081 0.165879
-0.111642 -0.141472 0.173227
-0.111238 -0.143683 0.169099
-0.124686 -0.153395 0.174394
-0.119588 -0.143406 0.181646
-0.114605 -0.140935 0.178248
-0.114353 -0.150081 0.185786
-0.108867 -0.147535 0.182827
-0.105747 -0.147901 0.177153
-0.106154 -0.149596 0.172181
-0.108928 -0.152144 0.168669
-0.119114 -0.153417 0.185179
-0.121481 -0.156374 0.181793
-0.120804 -0.157905 0.176610
-0.114695 -0.159358 0.189183
-0.108460 -0.158109 0.191183
-0.094217 -0.163091 0.185816
-0.096857 -0.159656 0.183414
-0.097366 -0.159326 0.187112
-0.094770 -0.161488 0.189137
-0.100349 -0.155493 0.182052
-0.099509 -0.157514 0.186369
-0.101895 -0.158104 0.189728
-0.099935 -0.159441 0.191622
-0.104479 -0.159293 0.192464
-0.103614 -0.161111 0.194708
-0.097189 -0.161319 0.193771
-0.093207 -0.163690 0.191361
-0.095159 -0.164146 0.194858
-0.092855 -0.165950 0.189366
-0.104161 -0.155235 0.187410
-0.101716 -0.155327 0.175892
-0.097854 -0.160636 0.179464
-0.095090 -0.165453 0.183044
-0.094504 -0.168778 0.187117
-0.100847 -0.163127 0.176567
-0.098260 -0.167931 0.181416
-0.097680 -0.170299 0.185502
-0.105156 -0.165792 0.176318
-0.101812 -0.169498 0.181606
-0.109947 -0.159716 0.170812
-0.104917 -0.157110 0.171814
-0.100297 -0.170821 0.184691
-0.094840 -0.167904 0.193890
-0.097052 -0.170490 0.191366
-0.107031 -0.162961 0.194502
-0.101330 -0.163250 0.196380
-0.104036 -0.165964 0.196032
-0.110533 -0.164635 0.192439
-0.106143 -0.168372 0.193994
-0.100000 -0.167784 0.196417
-0.098575 -0.164819 0.197062
-0.113216 -0.155124 0.168096
-0.117539 -0.157382 0.171410
-0.114639 -0.161962 0.174256
-0.109649 -0.167356 0.178855
-0.117647 -0.162293 0.179702
-0.117852 -0.161372 0.185350
-0.112550 -0.166765 0.188884
-0.112365 -0.167849 0.183936
-0.107272 -0.170153 0.190833
-0.106977 -0.170726 0.187088
-0.104821 -0.170396 0.183794
-0.102960 -0.171383 0.190748
-0.101536 -0.170265 0.193854
-0.099553 -0.171351 0.188815
-0.103781 -0.171491 0.188380
-0.101886 -0.171326 0.186622
-0.194360 -0.177947 0.131424
-0.189584 -0.178936 0.134502
-0.188410 -0.172122 0.131510
-0.187288 -0.164172 0.127921
-0.191865 -0.157322 0.123496
-0.182586 -0.163454 0.131873
-0.183928 -0.171463 0.135398
-0.185148 -0.179961 0.139701
-0.178004 -0.156370 0.133042
-0.068788 0.556225 0.020751
-0.066843 0.557153 0.023571
-0.067174 0.550180 0.020601
-0.068580 0.550491 0.018134
-0.062025 0.550012 0.025535
-0.064883 0.549870 0.023170
-0.063327 0.557803 0.026535
-0.058491 0.557447 0.028468
-0.050446 0.553406 0.028960
-0.048994 0.551857 0.029767
-0.049780 0.550953 0.029794
-0.051666 0.551014 0.028981
-0.055120 0.550648 0.028395
-0.070267 0.553012 0.014823
-0.070244 0.554228 0.016066
-0.069592 0.555338 0.018212
-0.058646 0.550288 0.027408
-0.069473 0.551102 0.016035
-0.069971 0.551930 0.014809
-0.053777 0.555994 0.028794
-0.062492 0.552289 0.025714
-0.065409 0.552134 0.023205
-0.062901 0.555032 0.025957
-0.058876 0.555041 0.027935
-0.053264 0.552260 0.028737
-0.055613 0.552408 0.028416
-0.067406 0.552069 0.020653
-0.058991 0.552512 0.027533
-0.066036 0.554620 0.023151
-0.055115 0.554319 0.028723
-0.052740 0.553254 0.028824
-0.069774 0.552758 0.015647
-0.069711 0.552282 0.015673
-0.018444 0.333245 0.014869
-0.018680 0.314655 0.022356
-0.067792 0.554025 0.020655
-0.069330 0.552153 0.016754
-0.068536 0.552055 0.018471
-0.068895 0.553628 0.018377
-0.069483 0.553195 0.016660
-0.137542 0.218405 0.021064
-0.149494 0.222733 0.027542
-0.196005 0.227430 0.013840
-0.205575 0.229163 -0.003517
-0.059013 0.064994 0.029722
-0.104744 0.136993 -0.142252
-0.107720 0.154374 -0.142325
-0.044306 0.156727 -0.166106
-0.061129 0.152368 -0.164911
-0.127493 0.105427 -0.046055
-0.125768 0.122013 -0.043193
-0.090416 0.089092 0.003665
-0.089031 0.108488 0.005521
-0.120474 0.082166 -0.029406
-0.077775 0.110853 -0.160749
-0.093103 0.106933 -0.153218
-0.090816 0.124387 -0.152077
-0.076319 0.128658 -0.160188
-0.027805 0.157969 -0.163000
-0.026967 0.138226 -0.160058
-0.133292 0.145016 -0.059932
-0.135219 0.150169 -0.083100
-0.122047 0.162102 -0.123751
-0.110794 0.169686 -0.139280
-0.097828 0.178083 -0.150692
-0.083202 0.186082 -0.159409
-0.074276 0.126314 0.022290
-0.057904 0.145336 0.033904
-0.125399 0.139693 -0.038092
-0.021897 0.122008 0.045345
-0.071675 0.217143 -0.167629
-0.050946 0.221945 -0.171394
-0.130906 0.155742 -0.104623
-0.028997 0.270462 0.044497
-0.043118 0.273000 0.044909
-0.041837 0.258088 0.053001
-0.028252 0.255234 0.052225
-0.055345 0.259497 0.052982
-0.068478 0.259786 0.051634
-0.080488 0.259479 0.049362
-0.108831 0.254462 0.038183
-0.100763 0.256674 0.042493
-0.123157 0.246757 0.026992
-0.116088 0.251367 0.033193
-0.130842 0.239161 0.018195
-0.137643 0.231562 0.005125
-0.140769 0.235674 -0.013468
-0.141857 0.224753 -0.010988
-0.137704 0.220789 0.008617
-0.131402 0.229121 0.021871
-0.123728 0.236209 0.031147
-0.017249 0.197992 0.057528
-0.014696 0.219094 0.061304
-0.017913 0.350710 0.007323
-0.194718 0.029068 0.027646
-0.167729 -0.039356 0.127824
-0.028245 0.396961 -0.123845
-0.047978 0.399514 -0.121782
-0.109656 0.402050 -0.099810
-0.124083 0.402734 -0.080115
-0.089392 0.398611 -0.115032
-0.069288 0.395344 -0.122093
-0.111094 0.152864 -0.015614
-0.051904 0.373008 -0.133832
-0.071879 0.386570 -0.127205
-0.093498 0.390388 -0.120781
-0.116509 0.393008 -0.106108
-0.137792 0.394008 -0.082776
-0.152233 0.388107 -0.072298
-0.166821 0.363875 -0.072357
-0.174319 0.356601 -0.064346
-0.181081 0.347214 -0.055831
-0.182958 0.354628 -0.039952
-0.176295 0.365098 -0.048183
-0.205235 0.258655 -0.019438
-0.205813 0.243360 -0.020305
-0.204771 0.231755 -0.026477
-0.201162 0.223645 -0.034292
-0.194957 0.220142 -0.043296
-0.187350 0.220947 -0.051309
-0.179277 0.227416 -0.059161
-0.164882 0.256298 -0.074051
-0.162655 0.265630 -0.078202
-0.154995 0.264427 -0.096040
-0.152899 0.261432 -0.101182
-0.142063 0.246391 -0.121687
-0.134358 0.236435 -0.131119
-0.125851 0.224226 -0.140889
-0.097684 0.017450 -0.184865
-0.115540 0.018416 -0.175885
-0.109691 0.035954 -0.169115
-0.091849 0.035146 -0.177910
-0.048216 0.071533 -0.169920
-0.028317 0.071210 -0.169127
-0.148507 0.030575 -0.120126
-0.152770 0.025144 -0.098796
-0.125347 0.035826 -0.156264
-0.138730 0.034046 -0.139955
-0.151131 0.018979 -0.076747
-0.101598 -0.010881 -0.004461
-0.084020 -0.017810 0.010101
-0.046537 -0.028356 0.030527
-0.027188 -0.030647 0.035437
-0.144552 0.011475 -0.056864
-0.065522 -0.023984 0.022152
-0.133262 0.003482 -0.038488
-0.118752 -0.003846 -0.021060
-0.066248 0.071873 -0.168078
-0.070011 0.052218 -0.175725
-0.086979 0.052628 -0.170913
-0.054491 0.290046 -0.168858
-0.072225 0.291740 -0.166100
-0.090584 0.293890 -0.161446
-0.106643 0.312507 -0.151568
-0.107367 0.296388 -0.153973
-0.122738 0.298215 -0.144716
-0.122218 0.312882 -0.143124
-0.145365 0.310165 -0.121075
-0.145515 0.299011 -0.121906
-0.151553 0.298277 -0.113563
-0.152331 0.308307 -0.111933
-0.157491 0.296861 -0.105984
-0.164784 0.293392 -0.098545
-0.170090 0.288833 -0.088640
-0.175906 0.280728 -0.080925
-0.184199 0.296660 -0.075980
-0.178095 0.305081 -0.084725
-0.146915 0.322152 -0.117238
-0.136073 0.324676 -0.128471
-0.051021 0.320914 -0.154785
-0.032140 0.316817 -0.154427
-0.144125 0.222615 -0.029421
-0.147104 0.222297 -0.048565
-0.150283 0.224433 -0.065580
-0.150968 0.229093 -0.080320
-0.150804 0.235425 -0.092949
-0.149354 0.243206 -0.104252
-0.150363 0.257585 -0.107125
-0.146821 0.252614 -0.113760
-0.148745 0.267230 -0.113679
-0.143947 0.263290 -0.121235
-0.140761 0.274514 -0.127418
-0.137827 0.286361 -0.131689
-0.135961 0.299411 -0.133055
-0.135564 0.311742 -0.132267
-0.123431 0.326747 -0.139038
-0.107499 0.327513 -0.147175
-0.091125 0.341828 -0.148033
-0.092923 0.355071 -0.141643
-0.089689 0.327640 -0.153070
-0.089149 0.311577 -0.158956
-0.084966 0.419979 -0.087755
-0.066694 0.420358 -0.102370
-0.186610 0.240117 -0.058723
-0.182535 0.239365 -0.061606
-0.181547 0.234359 -0.060361
-0.187425 0.231829 -0.055168
-0.193670 0.232610 -0.049377
-0.196646 0.247641 -0.050053
-0.191997 0.242340 -0.054450
-0.198900 0.236740 -0.042796
-0.202565 0.244031 -0.036928
-0.200225 0.254228 -0.045087
-0.204394 0.253075 -0.032329
-0.202342 0.261303 -0.040674
-0.204339 0.263763 -0.030527
-0.203117 0.267173 -0.037575
-0.195846 0.299224 -0.054307
-0.199666 0.287687 -0.047729
-0.202093 0.276129 -0.041711
-0.181227 0.270820 -0.073914
-0.185775 0.261221 -0.066824
-0.189202 0.251690 -0.060304
-0.193934 0.257981 -0.056939
-0.190190 0.267623 -0.063862
-0.185970 0.277704 -0.071457
-0.052247 0.306070 -0.162155
-0.070703 0.309344 -0.162312
-0.160145 0.305696 -0.104324
-0.167501 0.302360 -0.097481
-0.173617 0.296979 -0.088720
-0.180093 0.288180 -0.079385
-0.171406 0.310900 -0.093352
-0.163582 0.315281 -0.100846
-0.155141 0.318864 -0.108380
-0.070364 0.324912 -0.155981
-0.033915 0.301852 -0.161893
-0.141127 0.322259 0.012944
-0.155173 0.338215 0.009236
-0.170701 0.350232 -0.001484
-0.181116 0.356459 -0.019550
-0.157127 0.097201 -0.004479
-0.026522 0.118311 -0.161464
-0.027016 0.097503 -0.163293
-0.045695 0.095534 -0.166558
-0.032276 0.223692 -0.173365
-0.035793 0.288543 -0.170545
-0.091255 0.233089 0.059188
-0.080424 0.234092 0.062413
-0.080383 0.246373 0.056203
-0.091223 0.245444 0.053093
-0.109184 0.230637 0.049123
-0.100879 0.231845 0.054644
-0.100863 0.244086 0.048678
-0.109163 0.242324 0.043763
-0.116449 0.228447 0.042855
-0.116594 0.240334 0.038031
-0.100443 0.218745 0.058771
-0.090625 0.219653 0.063424
-0.080025 0.220864 0.066677
-0.115607 0.216612 0.046213
-0.108822 0.218050 0.052480
-0.030827 0.443544 0.029269
-0.036797 0.447578 0.041863
-0.040638 0.486227 0.057022
-0.040007 0.490244 0.055485
-0.016677 0.376908 -0.004405
-0.016173 0.387027 -0.008124
-0.014538 0.236487 0.058220
-0.015948 0.265911 0.043699
-0.018205 0.278654 0.033678
-0.018705 0.296029 0.028065
-0.017688 0.365368 0.001209
-0.015249 0.251505 0.052113
-0.160863 -0.156016 -0.143333
-0.143362 -0.173375 -0.158501
-0.148738 -0.145435 -0.163472
-0.135421 -0.157900 -0.174056
-0.160123 -0.074759 -0.152825
-0.158484 -0.102244 -0.154992
-0.159688 -0.047313 -0.151732
-0.116606 -0.164800 -0.186952
-0.092334 -0.167039 -0.198305
-0.090398 -0.146190 -0.209026
-0.145913 -0.049429 -0.172364
-0.145926 -0.075988 -0.173942
-0.140878 -0.138571 -0.174924
-0.155451 -0.126394 -0.158150
-0.143280 -0.124439 -0.175342
-0.113844 -0.146248 -0.197149
-0.130513 -0.143342 -0.184536
-0.058939 0.014509 -0.194862
-0.036979 -0.004165 -0.204233
-0.063001 -0.005000 -0.202386
-0.132025 0.019635 -0.161555
-0.121853 -0.000472 -0.181218
-0.129843 -0.125388 -0.190022
-0.111798 -0.125148 -0.203323
-0.089172 -0.123786 -0.215190
-0.090682 -0.050289 -0.212761
-0.089740 -0.074274 -0.217112
-0.111106 -0.076500 -0.206072
-0.111739 -0.050812 -0.202441
-0.126794 -0.024409 -0.186375
-0.129373 -0.050557 -0.189072
-0.088595 -0.026527 -0.206428
-0.108859 -0.025848 -0.198033
-0.103614 -0.002178 -0.191837
-0.129855 -0.077437 -0.191253
-0.061471 -0.097587 -0.225662
-0.088914 -0.099724 -0.218646
-0.032323 -0.094956 -0.224709
-0.084405 -0.003814 -0.198689
-0.078773 0.016375 -0.190557
-0.073495 0.034549 -0.182731
-0.063683 0.094014 -0.166024
-0.120642 -0.309519 0.063462
-0.007528 -0.184569 -0.068247
-0.007842 -0.185310 -0.092223
-0.171281 -0.101660 -0.044845
-0.180624 -0.133777 -0.105450
-0.169437 -0.130148 -0.134219
-0.028998 -0.166329 -0.009612
-0.015339 -0.177126 -0.029875
-0.155822 -0.101854 -0.020508
-0.105038 -0.126318 0.012461
-0.009370 -0.182003 -0.048982
-0.145040 -0.101905 -0.175224
-0.129395 -0.102815 -0.191389
-0.110971 -0.101803 -0.206029
-0.062210 -0.121743 -0.223169
-0.032082 -0.116384 -0.222756
-0.024969 -0.126050 -0.001636
-0.022270 -0.117723 0.001782
-0.014044 -0.119196 0.001024
-0.013735 -0.131663 -0.005134
-0.101394 -0.026954 -0.006443
-0.082193 -0.033934 0.006688
-0.043304 -0.043078 0.025750
-0.024981 -0.044808 0.030317
-0.148345 -0.003938 -0.058037
-0.062575 -0.039425 0.018009
-0.136535 -0.011730 -0.039652
-0.120391 -0.019354 -0.022710
-0.047555 -0.716116 -0.015226
-0.047275 -0.740981 -0.013790
-0.047585 -0.738662 -0.027064
-0.045997 -0.713691 -0.028957
-0.060110 -0.709820 -0.054474
-0.049237 -0.711204 -0.047076
-0.073217 -0.710534 -0.057492
-0.069426 -0.737031 -0.057191
-0.079665 -0.739321 -0.052757
-0.085621 -0.713120 -0.054415
-0.093633 -0.715315 -0.045925
-0.092346 -0.742868 -0.034456
-0.095158 -0.743900 -0.018221
-0.102239 -0.719954 -0.017670
-0.098353 -0.717170 -0.034287
-0.097883 -0.724501 0.000452
-0.091504 -0.747361 -0.000392
-0.084327 -0.725907 0.011967
-0.053062 -0.719438 -0.000499
-0.050587 -0.743249 0.001548
-0.057423 -0.736191 -0.054433
-0.048506 -0.737349 -0.045948
-0.044591 -0.712974 -0.038031
-0.047922 -0.737929 -0.036472
-0.044285 -0.763145 -0.024523
-0.040765 -0.762798 -0.010210
-0.053303 -0.760933 -0.055959
-0.047887 -0.761961 -0.044513
-0.074797 -0.763460 -0.051760
-0.065620 -0.761647 -0.058963
-0.090627 -0.767362 -0.034920
-0.086503 -0.741161 -0.044339
-0.082982 -0.765590 -0.043598
-0.092348 -0.767009 -0.018750
-0.087165 -0.768048 0.002070
-0.044460 -0.763733 0.006343
-0.046367 -0.762099 -0.033796
-0.080101 -0.861503 0.138471
-0.074061 -0.861428 0.140586
-0.076075 -0.856934 0.140320
-0.080103 -0.857740 0.138778
-0.047768 -0.856620 0.152659
-0.036392 -0.857076 0.151953
-0.039972 -0.847302 0.156140
-0.048260 -0.847694 0.156728
-0.063417 -0.860545 0.149816
-0.070528 -0.861919 0.148218
-0.067629 -0.863924 0.144807
-0.063077 -0.862900 0.145976
-0.096632 -0.857219 0.110586
-0.101602 -0.858449 0.107079
-0.099108 -0.860658 0.105626
-0.095789 -0.860849 0.107284
-0.086808 -0.861015 0.127711
-0.091496 -0.861895 0.124327
-0.089257 -0.864027 0.122510
-0.085939 -0.864074 0.124199
-0.050454 -0.839805 0.136445
-0.050847 -0.843586 0.149115
-0.038345 -0.842783 0.148065
-0.036981 -0.835233 0.136412
-0.030129 -0.848485 0.143660
-0.035981 -0.854440 0.139721
-0.033285 -0.851238 0.127515
-0.028439 -0.842807 0.130685
-0.047794 -0.857811 0.140023
-0.046208 -0.854944 0.128593
-0.055322 -0.850542 0.131990
-0.057837 -0.853334 0.145325
-0.072213 -0.853703 0.131254
-0.075259 -0.859187 0.140961
-0.071174 -0.852651 0.143782
-0.069122 -0.846091 0.134190
-0.063502 -0.851480 0.145910
-0.058489 -0.844540 0.136974
-0.053133 -0.852651 0.134096
-0.056369 -0.856332 0.145992
-0.059312 -0.860700 0.140703
-0.056084 -0.857371 0.129607
-0.064757 -0.858734 0.128499
-0.067751 -0.862541 0.138611
-0.082376 -0.848893 0.125434
-0.081027 -0.855397 0.133816
-0.074432 -0.854169 0.135741
-0.073157 -0.847632 0.128719
-0.068976 -0.859631 0.135573
-0.073052 -0.862838 0.132528
-0.070720 -0.859612 0.124242
-0.067755 -0.855627 0.127523
-0.079322 -0.860506 0.122152
-0.079536 -0.864311 0.130739
-0.084998 -0.855231 0.124450
-0.084404 -0.860644 0.132073
-0.097309 -0.855128 0.110854
-0.095284 -0.860618 0.118357
-0.093931 -0.855623 0.120718
-0.096059 -0.849159 0.112784
-0.088846 -0.854224 0.123088
-0.089124 -0.848844 0.117001
-0.083991 -0.857391 0.123696
-0.084154 -0.862725 0.119946
-0.084810 -0.859847 0.113318
-0.084937 -0.854020 0.118325
-0.090054 -0.863614 0.117533
-0.091555 -0.860262 0.109412
-0.106163 -0.848232 0.096411
-0.106264 -0.854093 0.092985
-0.104360 -0.856237 0.101356
-0.103770 -0.851466 0.103480
-0.099859 -0.850938 0.106383
-0.100908 -0.847272 0.101545
-0.094782 -0.854059 0.106521
-0.093802 -0.859844 0.103145
-0.094746 -0.858246 0.098165
-0.096928 -0.852051 0.102389
-0.099747 -0.860421 0.100776
-0.100450 -0.857895 0.094053
-0.036030 -0.829571 0.124274
-0.052241 -0.837062 0.124118
-0.038729 -0.856807 0.147640
-0.027058 -0.839098 0.118066
-0.045131 -0.858738 0.147588
-0.048067 -0.852942 0.117918
-0.032413 -0.848313 0.114920
-0.052602 -0.849206 0.126576
-0.070587 -0.856773 0.148682
-0.067923 -0.852468 0.123192
-0.065267 -0.856220 0.114650
-0.066213 -0.855904 0.149708
-0.068667 -0.840361 0.120626
-0.083092 -0.842520 0.110849
-0.074598 -0.864174 0.137524
-0.077883 -0.864761 0.136369
-0.081008 -0.857931 0.107073
-0.085749 -0.852852 0.116455
-0.092125 -0.858627 0.124847
-0.098448 -0.852281 0.102480
-0.093215 -0.858054 0.095941
-0.089123 -0.857397 0.126570
-0.096880 -0.842721 0.099220
-0.101648 -0.855024 0.106974
-0.107610 -0.850936 0.083265
-0.101598 -0.857233 0.085086
-0.099461 -0.854177 0.109030
-0.106750 -0.843906 0.087850
-0.060532 -0.723370 0.010239
-0.057220 -0.745449 0.012760
-0.070944 -0.726082 0.014353
-0.078621 -0.748242 0.012196
-0.067178 -0.748224 0.015965
-0.052874 -0.764876 0.018986
-0.075347 -0.768692 0.015268
-0.064157 -0.767136 0.021018
-0.089860 -0.786126 -0.038164
-0.092347 -0.786325 -0.019744
-0.080600 -0.784132 -0.046617
-0.062581 -0.780871 -0.063123
-0.072861 -0.782082 -0.055774
-0.048988 -0.781011 0.028494
-0.040484 -0.781813 0.011903
-0.061851 -0.782554 0.032579
-0.075837 -0.784943 0.024990
-0.031343 -0.821768 0.109926
-0.030871 -0.818846 0.090013
-0.046572 -0.812582 0.093521
-0.048915 -0.824006 0.109729
-0.063534 -0.816333 0.087653
-0.065088 -0.828638 0.104311
-0.078318 -0.821205 0.079001
-0.080466 -0.831576 0.095537
-0.091265 -0.826802 0.069381
-0.094091 -0.834917 0.084977
-0.101810 -0.835017 0.059902
-0.105533 -0.839314 0.075718
-0.107241 -0.845351 0.054585
-0.109714 -0.848679 0.070723
-0.023165 -0.834935 0.103479
-0.023978 -0.831809 0.084719
-0.029870 -0.846265 0.099007
-0.030359 -0.844730 0.080390
-0.045246 -0.849405 0.096860
-0.044492 -0.847458 0.077603
-0.099879 -0.855411 0.055724
-0.101108 -0.857245 0.072066
-0.061921 -0.852235 0.091302
-0.060717 -0.849606 0.072321
-0.076992 -0.855363 0.084176
-0.075439 -0.853057 0.065813
-0.089825 -0.857469 0.077249
-0.088319 -0.855780 0.059903
-0.044110 -0.804686 0.071389
-0.062453 -0.803286 0.069536
-0.077118 -0.809198 0.060098
-0.088636 -0.817919 0.049402
-0.097426 -0.829659 0.039645
-0.103487 -0.840354 0.034945
-0.089427 -0.807035 0.023920
-0.093051 -0.826211 0.016204
-0.097420 -0.838149 0.013664
-0.090834 -0.823241 -0.007968
-0.092358 -0.835915 -0.008168
-0.083132 -0.821145 -0.046433
-0.085259 -0.835766 -0.048328
-0.088693 -0.834490 -0.030065
-0.086918 -0.821217 -0.029793
-0.089052 -0.806191 -0.002729
-0.087736 -0.803503 -0.025712
-0.083858 -0.802407 -0.041779
-0.071235 -0.833735 -0.070129
-0.080191 -0.835563 -0.060983
-0.078712 -0.820697 -0.058420
-0.071781 -0.818675 -0.068955
-0.057262 -0.816854 -0.076261
-0.055912 -0.832243 -0.073758
-0.042130 -0.816875 -0.066510
-0.040846 -0.831415 -0.066196
-0.071536 -0.800070 -0.061794
-0.078251 -0.801618 -0.052619
-0.060051 -0.798400 -0.069573
-0.046953 -0.798210 -0.061181
-0.044847 -0.799170 -0.044923
-0.039875 -0.817902 -0.048019
-0.035106 -0.831429 -0.049587
-0.032288 -0.816904 0.066753
-0.029395 -0.828208 0.062137
-0.077573 -0.796701 0.041334
-0.061358 -0.791653 0.050507
-0.043567 -0.795443 0.044154
-0.032932 -0.813842 0.041545
-0.034061 -0.827349 0.036919
-0.036172 -0.827665 0.014139
-0.033427 -0.815074 0.016996
-0.034597 -0.838551 0.058227
-0.040032 -0.834939 0.033880
-0.041168 -0.834906 0.011568
-0.034370 -0.828937 -0.005763
-0.033272 -0.816287 -0.003649
-0.034300 -0.829625 -0.021620
-0.035999 -0.816313 -0.019711
-0.038134 -0.816798 -0.032742
-0.033921 -0.830380 -0.034861
-0.039184 -0.798807 -0.019725
-0.041815 -0.798563 -0.031633
-0.036438 -0.799420 -0.003397
-0.036638 -0.798013 0.017894
-0.097702 -0.851035 0.035843
-0.093772 -0.847407 0.014591
-0.089088 -0.844537 -0.007187
-0.084888 -0.844606 -0.028846
-0.079174 -0.845322 -0.045812
-0.073727 -0.844893 -0.056364
-0.054420 -0.840985 -0.066858
-0.066423 -0.843312 -0.064541
-0.043662 -0.840041 -0.061364
-0.038517 -0.840824 -0.048288
-0.037411 -0.841143 -0.035756
-0.038957 -0.837685 -0.008066
-0.037600 -0.840219 -0.023229
-0.036264 -0.782125 -0.006683
-0.039227 -0.781772 -0.022928
-0.042731 -0.780806 -0.032862
-0.049352 -0.779508 -0.056875
-0.045181 -0.780420 -0.043478
-0.046135 -0.843973 0.054851
-0.061210 -0.846604 0.050057
-0.075216 -0.850064 0.044324
-0.087242 -0.852377 0.039365
-0.085387 -0.849496 0.017463
-0.074418 -0.847931 0.021121
-0.061286 -0.845343 0.025695
-0.048776 -0.840540 0.030555
-0.080860 -0.847785 -0.004095
-0.071016 -0.847101 -0.000478
-0.059189 -0.845401 0.002900
-0.048554 -0.841393 0.008060
-0.045827 -0.843856 -0.011660
-0.055392 -0.846459 -0.017036
-0.065986 -0.847529 -0.020182
-0.075550 -0.847607 -0.024718
-0.070682 -0.847210 -0.040566
-0.062020 -0.846934 -0.035443
-0.052399 -0.846114 -0.031901
-0.044635 -0.844614 -0.027063
-0.066559 -0.846522 -0.049694
-0.054502 -0.844272 -0.059507
-0.061622 -0.845508 -0.056082
-0.047373 -0.844031 -0.056474
-0.044615 -0.844394 -0.047258
-0.044154 -0.844711 -0.037590
-0.051219 -0.845621 -0.040603
-0.050615 -0.845121 -0.047624
-0.059675 -0.846300 -0.044227
-0.057167 -0.845454 -0.050428
-0.050879 -0.844599 -0.053018
-0.054182 -0.844838 -0.054359
-0.085856 -0.788316 0.006337
-0.096862 -0.475404 0.068328
-0.083180 -0.472271 0.065516
-0.111939 -0.474338 0.066945
-0.131809 -0.104464 -0.004463
-0.075894 0.067891 0.016760
-0.075280 0.106102 0.020209
-0.075664 0.086215 0.018691
-0.134413 -0.124475 0.003854
-0.113568 0.134517 -0.019932
-0.091228 0.258442 0.046173
-0.066586 0.541868 -0.062925
-0.064405 0.539055 -0.063006
-0.062505 0.536348 -0.064387
-0.061046 0.534073 -0.066371
-0.059507 0.532126 -0.068462
-0.056559 0.532210 -0.070469
-0.063188 0.537445 -0.067340
-0.060145 0.539637 -0.068454
-0.060943 0.541275 -0.067350
-0.064129 0.539499 -0.066012
3 3 0 2
3 2 0 1
3 5 4 1
3 1 4 2
3 7 3 6
3 6 3 2
3 11 8 10
3 10 8 9
3 15 12 14
3 14 12 13
3 19 16 18
3 18 16 17
3 21 22 20
3 20 22 23
3 16 24 17
3 17 24 25
3 24 16 27
3 27 16 26
3 31 28 30
3 30 28 29
3 35 32 34
3 34 32 33
3 37 36 23
3 23 36 20
3 37 38 30
3 30 38 39
3 24 27 32
3 32 27 33
3 40 41 43
3 43 41 42
3 24 32 44
3 44 32 35
3 46 47 45
3 45 47 48
3 52 49 51
3 51 49 50
3 51 53 52
3 52 53 54
3 58 55 57
3 57 55 56
3 62 59 61
3 61 59 60
3 66 63 65
3 65 63 64
3 70 67 69
3 69 67 68
3 73 71 72
3 72 71 64
3 72 64 74
3 74 64 63
3 78 75 77
3 77 75 76
3 79 80 82
3 82 80 81
3 85 83 84
3 84 83 80
3 68 86 88
3 88 86 87
3 90 89 86
3 86 89 87
3 94 91 93
3 93 91 92
3 95 83 42
3 42 83 43
3 85 96 97
3 97 96 50
3 51 50 98
3 98 50 96
3 98 99 51
3 51 99 53
3 101 58 100
3 100 58 57
3 103 62 102
3 102 62 61
3 4 5 105
3 105 5 104
3 107 108 106
3 106 108 109
3 113 110 112
3 112 110 111
3 117 114 116
3 116 114 115
3 121 118 120
3 120 118 119
3 125 122 124
3 124 122 123
3 129 126 128
3 128 126 127
3 129 130 126
3 126 130 131
3 134 132 0
3 0 132 133
3 135 134 3
3 3 134 0
3 136 135 7
3 7 135 3
3 139 14 138
3 138 14 137
3 141 140 138
3 138 140 139
3 55 142 56
3 56 142 143
3 146 140 145
3 145 140 144
3 147 145 149
3 149 145 148
3 153 150 152
3 152 150 151
3 154 139 146
3 146 139 140
3 157 155 10
3 10 155 156
3 161 158 160
3 160 158 159
3 165 162 164
3 164 162 163
3 158 165 159
3 159 165 164
3 167 168 166
3 166 168 169
3 170 171 168
3 168 171 169
3 173 149 172
3 172 149 148
3 172 148 175
3 175 148 174
3 170 176 171
3 171 176 177
3 181 178 180
3 180 178 179
3 178 182 179
3 179 182 183
3 187 184 186
3 186 184 185
3 191 188 190
3 190 188 189
3 193 7 192
3 192 7 6
3 160 194 161
3 161 194 195
3 196 167 197
3 197 167 166
3 199 181 198
3 198 181 180
3 203 200 202
3 202 200 201
3 205 204 185
3 185 204 186
3 206 207 209
3 209 207 208
3 213 210 212
3 212 210 211
3 214 215 217
3 217 215 216
3 207 218 208
3 208 218 219
3 184 220 185
3 185 220 203
3 220 221 203
3 203 221 200
3 208 219 210
3 210 219 222
3 209 213 224
3 224 213 223
3 185 203 205
3 205 203 202
3 204 225 186
3 186 225 226
3 26 227 20
3 20 227 21
3 231 228 230
3 230 228 229
3 235 232 234
3 234 232 233
3 239 236 238
3 238 236 237
3 114 117 121
3 121 117 118
3 242 240 241
3 241 240 111
3 49 243 50
3 50 243 97
3 14 13 137
3 137 13 244
3 245 157 9
3 9 157 10
3 69 68 84
3 84 68 88
3 246 11 156
3 156 11 10
3 162 247 163
3 163 247 248
3 250 177 249
3 249 177 176
3 254 251 253
3 253 251 252
3 255 187 226
3 226 187 186
3 211 256 212
3 212 256 257
3 132 258 133
3 133 258 259
3 132 134 163
3 163 134 164
3 134 135 164
3 164 135 159
3 160 159 136
3 136 159 135
3 194 160 260
3 260 160 136
3 264 261 263
3 263 261 262
3 266 265 15
3 15 265 12
3 15 154 266
3 266 154 267
3 267 154 268
3 268 154 146
3 161 195 166
3 166 195 197
3 166 169 161
3 161 169 158
3 165 158 171
3 171 158 169
3 162 165 177
3 177 165 171
3 247 162 250
3 250 162 177
3 167 269 168
3 168 269 270
3 176 170 272
3 272 170 271
3 271 170 270
3 270 170 168
3 273 269 196
3 196 269 167
3 272 274 176
3 176 274 249
3 277 275 44
3 44 275 276
3 281 278 280
3 280 278 279
3 102 282 103
3 103 282 283
3 284 214 285
3 285 214 217
3 289 286 288
3 288 286 287
3 82 65 79
3 79 65 290
3 291 292 294
3 294 292 293
3 86 73 90
3 90 73 72
3 74 91 72
3 72 91 90
3 75 279 76
3 76 279 278
3 69 79 70
3 70 79 290
3 81 95 46
3 46 95 276
3 148 295 174
3 174 295 296
3 152 297 153
3 153 297 298
3 206 209 299
3 299 209 224
3 223 300 205
3 205 300 204
3 210 213 208
3 208 213 209
3 300 301 204
3 204 301 225
3 305 302 304
3 304 302 303
3 309 306 308
3 308 306 307
3 65 64 290
3 290 64 71
3 45 66 82
3 82 66 65
3 313 310 312
3 312 310 311
3 35 314 316
3 316 314 315
3 318 34 317
3 317 34 28
3 321 319 31
3 31 319 320
3 323 322 313
3 313 322 310
3 325 315 324
3 324 315 314
3 289 318 286
3 286 318 317
3 319 326 320
3 320 326 327
3 330 38 329
3 329 38 328
3 321 39 332
3 332 39 331
3 308 333 284
3 284 333 334
3 0 133 1
3 1 133 235
3 336 232 335
3 335 232 259
3 12 264 13
3 13 264 236
3 97 43 85
3 85 43 83
3 192 6 191
3 191 6 188
3 243 40 97
3 97 40 43
3 244 13 239
3 239 13 236
3 4 188 2
3 2 188 6
3 337 70 71
3 71 70 290
3 12 265 264
3 264 265 261
3 123 122 338
3 338 122 104
3 105 104 108
3 108 104 122
3 105 189 4
3 4 189 188
3 8 11 113
3 113 11 110
3 236 264 339
3 339 264 263
3 343 340 342
3 342 340 341
3 338 104 234
3 234 104 5
3 346 344 345
3 345 344 233
3 350 347 349
3 349 347 348
3 352 107 351
3 351 107 106
3 356 353 355
3 355 353 354
3 357 237 339
3 339 237 236
3 358 110 246
3 246 110 11
3 359 115 262
3 262 115 263
3 200 221 361
3 361 221 360
3 365 362 364
3 364 362 363
3 369 366 368
3 368 366 367
3 373 370 372
3 372 370 371
3 376 371 375
3 375 371 374
3 377 378 380
3 380 378 379
3 267 268 382
3 382 268 381
3 383 364 173
3 173 364 149
3 375 380 376
3 376 380 379
3 180 179 269
3 269 179 270
3 183 251 271
3 271 251 272
3 179 183 270
3 270 183 271
3 180 269 273
3 274 272 254
3 254 272 251
3 253 384 254
3 254 384 385
3 182 178 387
3 387 178 386
3 178 181 386
3 386 181 388
3 389 388 199
3 199 388 181
3 252 182 390
3 390 182 387
3 253 252 391
3 391 252 390
3 377 392 378
3 378 392 393
3 395 394 187
3 187 394 184
3 394 396 184
3 184 396 220
3 396 397 220
3 220 397 221
3 398 395 255
3 255 395 187
3 398 255 400
3 400 255 399
3 401 402 404
3 404 402 403
3 364 363 149
3 149 363 147
3 406 393 405
3 405 393 392
3 405 392 245
3 245 392 157
3 238 237 18
3 18 237 341
3 353 349 21
3 21 349 22
3 137 244 49
3 49 244 243
3 138 52 141
3 141 52 54
3 142 295 143
3 143 295 144
3 19 340 227
3 227 340 354
3 238 41 239
3 239 41 40
3 306 283 307
3 307 283 282
3 409 407 408
3 408 407 348
3 239 40 244
3 244 40 243
3 406 405 382
3 382 405 267
3 408 348 410
3 410 348 345
3 412 247 411
3 411 247 250
3 274 413 249
3 249 413 414
3 276 25 44
3 44 25 24
3 42 25 95
3 95 25 276
3 61 60 416
3 416 60 415
3 22 407 23
3 23 407 328
3 321 31 39
3 39 31 30
3 38 37 328
3 328 37 23
3 30 29 37
3 37 29 36
3 417 418 420
3 420 418 419
3 293 78 294
3 294 78 77
3 344 421 338
3 338 421 123
3 350 356 130
3 130 356 231
3 234 5 235
3 235 5 1
3 182 252 183
3 183 252 251
3 422 399 226
3 226 399 255
3 225 304 226
3 226 304 422
3 423 257 424
3 424 257 256
3 425 426 211
3 211 426 256
3 163 248 132
3 132 248 258
3 428 427 417
3 417 427 418
3 287 327 429
3 429 327 326
3 66 45 430
3 430 45 48
3 305 301 423
3 423 301 257
3 432 313 431
3 431 313 312
3 317 28 320
3 320 28 31
3 323 313 432
3 320 327 317
3 317 327 286
3 232 235 259
3 259 235 133
3 338 234 344
3 344 234 233
3 349 353 350
3 350 353 356
3 349 348 22
3 22 348 407
3 44 35 277
3 277 35 316
3 427 428 312
3 312 428 431
3 312 433 427
3 427 433 434
3 18 17 238
3 238 17 41
3 17 25 41
3 41 25 42
3 436 435 119
3 119 435 120
3 301 300 257
3 257 300 212
3 109 108 125
3 125 108 122
3 342 341 357
3 357 341 237
3 18 341 19
3 19 341 340
3 438 319 437
3 437 319 321
3 319 438 326
3 326 438 429
3 437 321 439
3 439 321 332
3 429 322 287
3 287 322 288
3 263 115 339
3 339 115 114
3 295 148 144
3 144 148 145
3 154 15 139
3 139 15 14
3 440 441 151
3 151 441 152
3 224 223 202
3 202 223 205
3 150 153 296
3 296 153 174
3 292 442 293
3 293 442 443
3 247 412 248
3 248 412 444
3 400 399 446
3 446 399 445
3 394 395 386
3 386 395 387
3 396 394 388
3 388 394 386
3 395 398 387
3 387 398 390
3 390 398 391
3 391 398 400
3 254 385 274
3 274 385 413
3 450 447 449
3 449 447 448
3 334 451 284
3 284 451 214
3 152 441 297
3 297 441 452
3 425 211 222
3 222 211 210
3 424 256 453
3 453 256 426
3 8 261 9
3 9 261 265
3 359 112 455
3 455 112 454
3 260 136 193
3 193 136 7
3 266 245 265
3 265 245 9
3 202 201 224
3 224 201 299
3 113 262 8
3 8 262 261
3 190 189 352
3 352 189 107
3 397 396 389
3 389 396 388
3 128 127 421
3 421 127 456
3 392 377 157
3 157 377 155
3 348 347 345
3 345 347 346
3 391 400 457
3 457 400 446
3 268 147 381
3 381 147 363
3 57 56 53
3 53 56 54
3 459 458 63
3 63 458 74
3 94 100 89
3 89 100 99
3 100 57 99
3 99 57 53
3 56 143 54
3 54 143 141
3 147 268 145
3 145 268 146
3 91 74 92
3 92 74 458
3 140 141 144
3 144 141 143
3 16 19 26
3 26 19 227
3 175 174 298
3 298 174 153
3 300 223 212
3 212 223 213
3 423 460 305
3 305 460 302
3 309 308 285
3 285 308 284
3 307 461 308
3 308 461 333
3 304 225 305
3 305 225 301
3 26 20 27
3 27 20 36
3 33 29 34
3 34 29 28
3 27 36 33
3 33 36 29
3 228 355 435
3 435 355 343
3 288 325 289
3 289 325 324
3 437 311 438
3 438 311 310
3 314 35 318
3 318 35 34
3 322 429 310
3 310 429 438
3 289 324 318
3 318 324 314
3 311 437 462
3 462 437 439
3 355 354 343
3 343 354 340
3 116 115 455
3 455 115 359
3 227 354 21
3 21 354 353
3 322 323 288
3 288 323 325
3 68 67 86
3 86 67 73
3 138 137 52
3 52 137 49
3 245 266 405
3 405 266 267
3 108 107 105
3 105 107 189
3 112 111 454
3 454 111 240
3 120 342 121
3 121 342 357
3 128 346 129
3 129 346 347
3 130 129 350
3 350 129 347
3 356 355 231
3 231 355 228
3 121 357 114
3 114 357 339
3 241 111 358
3 358 111 110
3 421 456 123
3 123 456 124
3 130 231 131
3 131 231 230
3 435 343 120
3 120 343 342
3 112 359 113
3 113 359 262
3 421 344 128
3 128 344 346
3 436 229 435
3 435 229 228
3 399 422 445
3 445 422 463
3 464 465 467
3 467 465 466
3 471 468 470
3 470 468 469
3 373 372 471
3 471 372 468
3 372 472 468
3 468 472 473
3 475 471 474
3 474 471 470
3 476 477 471
3 471 477 373
3 476 471 475
3 476 475 479
3 479 475 478
3 371 376 372
3 372 376 472
3 479 478 481
3 481 478 480
3 481 480 483
3 483 480 482
3 485 484 401
3 401 484 402
3 483 482 487
3 487 482 486
3 486 488 487
3 487 488 489
3 491 489 490
3 490 489 488
3 493 491 492
3 492 491 490
3 495 493 494
3 494 493 492
3 482 480 497
3 497 480 496
3 366 481 498
3 498 481 483
3 369 479 366
3 366 479 481
3 477 476 369
3 369 476 479
3 480 478 496
3 496 478 499
3 376 379 472
3 472 379 450
3 379 378 450
3 450 378 447
3 500 501 503
3 503 501 502
3 505 506 504
3 504 506 448
3 505 504 507
3 507 504 485
3 509 505 508
3 508 505 507
3 510 506 509
3 509 506 505
3 512 511 507
3 507 511 508
3 511 513 508
3 508 513 514
3 515 509 514
3 514 509 508
3 509 515 510
3 510 515 516
3 517 484 504
3 504 484 485
3 447 517 448
3 448 517 504
3 403 402 381
3 381 402 382
3 381 363 403
3 403 363 362
3 406 382 484
3 484 382 402
3 361 360 519
3 519 360 518
3 494 520 495
3 495 520 521
3 472 450 473
3 473 450 449
3 523 522 365
3 365 522 362
3 524 498 487
3 487 498 483
3 525 524 489
3 489 524 487
3 526 519 521
3 521 519 495
3 519 518 495
3 495 518 493
3 518 527 493
3 493 527 491
3 528 529 494
3 494 529 520
3 489 491 525
3 525 491 527
3 492 530 494
3 494 530 528
3 534 531 533
3 533 531 532
3 533 532 523
3 523 532 522
3 532 531 401
3 401 531 485
3 536 529 535
3 535 529 528
3 538 536 537
3 537 536 535
3 539 540 538
3 538 540 536
3 529 536 534
3 534 536 540
3 541 538 542
3 542 538 537
3 541 543 538
3 538 543 539
3 540 539 512
3 512 539 511
3 511 539 513
3 513 539 543
3 547 544 546
3 546 544 545
3 550 530 549
3 549 530 548
3 552 551 548
3 548 551 549
3 551 553 549
3 549 553 545
3 553 554 545
3 545 554 546
3 497 555 557
3 557 555 556
3 556 555 558
3 558 555 559
3 558 559 561
3 561 559 560
3 553 551 558
3 558 551 556
3 554 553 561
3 561 553 558
3 551 552 556
3 556 552 557
3 563 562 470
3 470 562 474
3 564 562 566
3 566 562 565
3 465 563 469
3 469 563 470
3 464 567 465
3 465 567 563
3 569 568 464
3 464 568 567
3 573 570 572
3 572 570 571
3 575 566 574
3 574 566 568
3 566 575 564
3 564 575 576
3 577 578 580
3 580 578 579
3 559 575 560
3 560 575 574
3 575 559 576
3 576 559 555
3 497 496 555
3 555 496 576
3 496 499 576
3 576 499 564
3 499 474 564
3 564 474 562
3 486 557 488
3 488 557 552
3 490 548 492
3 492 548 530
3 548 490 552
3 552 490 488
3 484 517 406
3 406 517 393
3 378 393 447
3 447 393 517
3 542 537 547
3 547 537 544
3 537 535 544
3 544 535 550
3 530 550 528
3 528 550 535
3 506 581 448
3 448 581 449
3 510 582 506
3 506 582 581
3 510 516 582
3 582 516 583
3 584 585 587
3 587 585 586
3 591 588 590
3 590 588 589
3 593 592 589
3 589 592 590
3 597 594 596
3 596 594 595
3 598 599 601
3 601 599 600
3 605 602 604
3 604 602 603
3 607 608 606
3 606 608 609
3 613 610 612
3 612 610 611
3 616 617 615
3 615 617 614
3 621 618 620
3 620 618 619
3 625 622 624
3 624 622 623
3 627 628 626
3 626 628 629
3 633 630 632
3 632 630 631
3 634 635 637
3 637 635 636
3 638 639 641
3 641 639 640
3 645 642 644
3 644 642 643
3 647 646 621
3 621 646 618
3 651 648 650
3 650 648 649
3 601 600 653
3 653 600 652
3 657 654 656
3 656 654 655
3 661 658 660
3 660 658 659
3 665 662 664
3 664 662 663
3 667 666 593
3 593 666 592
3 670 671 669
3 669 671 668
3 672 673 675
3 675 673 674
3 677 676 631
3 631 676 632
3 679 678 665
3 665 678 662
3 682 683 681
3 681 683 680
3 685 686 684
3 684 686 687
3 690 688 660
3 660 688 689
3 684 691 685
3 685 691 692
3 694 596 693
3 693 596 667
3 693 667 695
3 695 667 593
3 696 697 695
3 695 697 698
3 699 700 696
3 696 700 697
3 701 584 702
3 702 584 587
3 688 671 689
3 689 671 670
3 704 703 638
3 638 703 639
3 657 662 705
3 705 662 678
3 709 706 708
3 708 706 707
3 606 609 711
3 711 609 710
3 712 713 715
3 715 713 714
3 716 717 719
3 719 717 718
3 721 633 720
3 720 633 632
3 725 722 724
3 724 722 723
3 727 728 726
3 726 728 729
3 733 730 732
3 732 730 731
3 735 734 709
3 709 734 706
3 737 643 736
3 736 643 642
3 741 738 740
3 740 738 739
3 744 742 743
3 743 742 607
3 748 745 747
3 747 745 746
3 750 751 749
3 749 751 752
3 753 754 756
3 756 754 755
3 757 758 760
3 760 758 759
3 764 761 763
3 763 761 762
3 766 767 765
3 765 767 768
3 772 769 771
3 771 769 770
3 776 773 775
3 775 773 774
3 780 777 779
3 779 777 778
3 783 781 711
3 711 781 782
3 784 785 787
3 787 785 786
3 789 627 788
3 788 627 626
3 793 790 792
3 792 790 791
3 722 725 795
3 795 725 794
3 799 796 798
3 798 796 797
3 676 800 632
3 632 800 720
3 802 801 799
3 799 801 796
3 806 803 805
3 805 803 804
3 810 807 809
3 809 807 808
3 814 811 813
3 813 811 812
3 816 808 815
3 815 808 807
3 817 818 803
3 803 818 804
3 818 817 820
3 820 817 819
3 821 586 819
3 819 586 820
3 808 822 809
3 809 822 823
3 813 806 814
3 814 806 805
3 222 824 425
3 425 824 825
3 426 425 826
3 826 425 825
3 829 453 828
3 828 453 827
3 830 831 676
3 676 831 800
3 833 834 832
3 832 834 835
3 837 838 836
3 836 838 839
3 840 841 843
3 843 841 842
3 801 802 845
3 845 802 844
3 676 677 830
3 830 677 846
3 847 848 850
3 850 848 849
3 854 851 853
3 853 851 852
3 679 855 857
3 857 855 856
3 861 858 860
3 860 858 859
3 863 864 862
3 862 864 865
3 869 866 868
3 868 866 867
3 838 870 839
3 839 870 871
3 848 847 873
3 873 847 872
3 877 874 876
3 876 874 875
3 881 878 880
3 880 878 879
3 882 883 885
3 885 883 884
3 845 886 801
3 801 886 887
3 887 888 890
3 890 888 889
3 894 891 893
3 893 891 892
3 895 896 727
3 727 896 728
3 900 897 899
3 899 897 898
3 901 851 903
3 903 851 902
3 848 904 849
3 849 904 905
3 907 906 877
3 877 906 874
3 909 910 908
3 908 910 911
3 913 914 912
3 912 914 915
3 858 861 917
3 917 861 916
3 920 855 919
3 919 855 918
3 924 921 923
3 923 921 922
3 921 924 926
3 926 924 925
3 692 927 929
3 929 927 928
3 693 930 694
3 694 930 931
3 932 823 866
3 866 823 822
3 936 933 935
3 935 933 934
3 866 822 867
3 867 822 937
3 677 938 846
3 846 938 939
3 938 677 654
3 654 677 631
3 618 940 619
3 619 940 941
3 686 942 687
3 687 942 943
3 850 849 944
3 944 849 902
3 849 905 902
3 902 905 903
3 945 946 948
3 948 946 947
3 952 949 951
3 951 949 950
3 956 953 955
3 955 953 954
3 873 874 957
3 957 874 906
3 961 958 960
3 960 958 959
3 851 901 852
3 852 901 962
3 964 909 963
3 963 909 908
3 968 965 967
3 967 965 966
3 972 969 971
3 971 969 970
3 973 959 974
3 974 959 958
3 978 975 977
3 977 975 976
3 975 979 976
3 976 979 980
3 982 980 981
3 981 980 979
3 981 983 982
3 982 983 984
3 986 984 985
3 985 984 983
3 990 987 989
3 989 987 988
3 994 991 993
3 993 991 992
3 998 995 997
3 997 995 996
3 1002 999 1001
3 1001 999 1000
3 1006 1003 1005
3 1005 1003 1004
3 1008 1004 1007
3 1007 1004 1003
3 1010 1008 1009
3 1009 1008 1007
3 1009 1011 1010
3 1010 1011 1012
3 1015 1016 1014
3 1014 1016 1013
3 1020 1017 1019
3 1019 1017 1018
3 979 975 1022
3 1022 975 1021
3 983 981 1024
3 1024 981 1023
3 1026 1025 994
3 994 1025 991
3 1028 1027 954
3 954 1027 955
3 1029 1030 1032
3 1032 1030 1031
3 1034 1033 1007
3 1007 1033 1009
3 1035 1034 1003
3 1003 1034 1007
3 1006 1001 1037
3 1037 1001 1036
3 1038 1036 1000
3 1000 1036 1001
3 997 996 1040
3 1040 996 1039
3 1014 1013 1042
3 1042 1013 1041
3 1045 1046 1044
3 1044 1046 1043
3 1048 1047 1019
3 1019 1047 1043
3 999 1002 1050
3 1050 1002 1049
3 1002 1005 1049
3 1049 1005 1051
3 1008 1010 1053
3 1053 1010 1052
3 1055 1054 1044
3 1044 1054 1012
3 1059 1056 1058
3 1058 1056 1057
3 1061 1062 1060
3 1060 1062 1063
3 1050 1049 1065
3 1065 1049 1064
3 1049 1051 1064
3 1064 1051 1066
3 1067 1068 1053
3 1053 1068 1069
3 1070 1067 1052
3 1052 1067 1053
3 1073 1071 1070
3 1070 1071 1072
3 1052 1054 1070
3 1070 1054 1073
3 1077 1074 1076
3 1076 1074 1075
3 1078 1079 1056
3 1056 1079 1057
3 1080 1081 1063
3 1063 1081 1060
3 1083 1084 1082
3 1082 1084 1085
3 1089 1086 1088
3 1088 1086 1087
3 1090 1091 1093
3 1093 1091 1092
3 1097 1094 1096
3 1096 1094 1095
3 1100 1101 1099
3 1099 1101 1098
3 1102 1103 1098
3 1098 1103 1099
3 1107 1104 1106
3 1106 1104 1105
3 1109 1110 1108
3 1108 1110 1111
3 1115 1112 1114
3 1114 1112 1113
3 1117 1118 1116
3 1116 1118 1076
3 1116 1119 1121
3 1121 1119 1120
3 1123 1105 1122
3 1122 1105 1104
3 1124 1125 1127
3 1127 1125 1126
3 1131 1128 1130
3 1130 1128 1129
3 1113 1132 1134
3 1134 1132 1133
3 1112 1135 1113
3 1113 1135 1132
3 1117 1136 1112
3 1112 1136 1135
3 1117 1116 1136
3 1136 1116 1121
3 1138 1139 1137
3 1137 1139 1140
3 1141 1142 951
3 951 1142 952
3 955 1143 956
3 956 1143 1144
3 1143 955 1145
3 1145 955 1027
3 1147 1041 1146
3 1146 1041 1013
3 1013 1016 1146
3 1146 1016 1148
3 1150 1149 1057
3 1057 1149 1058
3 1152 1079 1151
3 1151 1079 1153
3 1086 1154 1087
3 1087 1154 1155
3 1156 1157 1105
3 1105 1157 1106
3 1158 1156 1123
3 1123 1156 1105
3 1162 1159 1161
3 1161 1159 1160
3 1166 1163 1165
3 1165 1163 1164
3 1030 1045 1167
3 1167 1045 1011
3 1033 1034 1022
3 1022 1034 1023
3 1035 1037 1024
3 1024 1037 1168
3 1036 1038 1170
3 1170 1038 1169
3 1027 1028 1041
3 1041 1028 1042
3 1171 1172 1174
3 1174 1172 1173
3 1010 1012 1052
3 1052 1012 1054
3 1004 1008 1069
3 1069 1008 1053
3 995 998 1061
3 1061 998 1062
3 1058 1016 1059
3 1059 1016 1015
3 1149 1148 1058
3 1058 1148 1016
3 1102 1175 1177
3 1177 1175 1176
3 1073 1178 1071
3 1071 1178 1175
3 1082 1085 1101
3 1101 1085 1072
3 1064 1066 1180
3 1180 1066 1179
3 1180 1183 1182
3 1182 1183 1181
3 1187 1184 1186
3 1186 1184 1185
3 798 797 1189
3 1189 797 1188
3 1193 1190 1192
3 1192 1190 1191
3 1194 1195 1193
3 1193 1195 1190
3 1195 1194 1197
3 1197 1194 1196
3 672 1198 673
3 673 1198 1199
3 927 1200 1202
3 1202 1200 1201
3 920 861 1203
3 1203 861 860
3 1206 912 1205
3 1205 912 1204
3 878 881 1208
3 1208 881 1207
3 1163 1166 1210
3 1210 1166 1209
3 767 1212 768
3 768 1212 1211
3 726 1213 727
3 727 1213 1214
3 1216 1217 1215
3 1215 1217 1218
3 811 1220 812
3 812 1220 1219
3 826 827 426
3 426 827 453
3 1164 1221 1223
3 1223 1221 1222
3 1227 1224 1226
3 1226 1224 1225
3 850 1228 847
3 847 1228 1229
3 833 853 834
3 834 853 1230
3 1234 1231 1233
3 1233 1231 1232
3 749 1235 750
3 750 1235 1236
3 742 818 1237
3 1237 818 820
3 1241 1238 1240
3 1240 1238 1239
3 1245 1242 1244
3 1244 1242 1243
3 1247 840 1246
3 1246 840 843
3 1251 1248 1250
3 1250 1248 1249
3 1236 1252 892
3 892 1252 1253
3 1256 1257 1255
3 1255 1257 1254
3 1261 1258 1260
3 1260 1258 1259
3 851 854 902
3 902 854 944
3 1263 944 1262
3 1262 944 854
3 802 800 844
3 844 800 831
3 800 802 720
3 720 802 799
3 798 721 799
3 799 721 720
3 1265 1266 1264
3 1264 1266 1267
3 1269 794 1268
3 1268 794 725
3 1268 725 1270
3 1270 725 724
3 763 737 764
3 764 737 736
3 738 759 739
3 739 759 758
3 1272 1273 1271
3 1271 1273 716
3 1224 1274 1225
3 1225 1274 1162
3 880 1275 881
3 881 1275 1276
3 1040 1039 1026
3 1026 1039 1025
3 933 900 934
3 934 900 899
3 1221 1164 1277
3 1277 1164 1163
3 1277 1163 1278
3 1278 1163 1210
3 1280 452 1279
3 1279 452 441
3 787 1281 784
3 784 1281 1282
3 1286 1283 1285
3 1285 1283 1284
3 1288 1284 1287
3 1287 1284 1283
3 1287 753 1288
3 1288 753 756
3 604 603 674
3 674 603 675
3 1289 1290 1292
3 1292 1290 1291
3 1294 1295 1293
3 1293 1295 1296
3 695 698 693
3 693 698 930
3 1297 1298 591
3 591 1298 588
3 1298 1299 588
3 588 1299 699
3 700 699 1300
3 1300 699 1299
3 804 818 744
3 744 818 742
3 1302 1303 1301
3 1301 1303 1304
3 1305 1306 1304
3 1304 1306 1301
3 591 609 1297
3 1297 609 608
3 586 821 587
3 587 821 1307
3 1307 1308 587
3 587 1308 702
3 1308 570 702
3 702 570 1309
3 1310 1311 788
3 788 1311 789
3 219 1312 222
3 222 1312 824
3 1312 219 1313
3 1313 219 218
3 1311 1310 1315
3 1315 1310 1314
3 1316 1317 1318
3 1318 1317 1240
3 1279 441 1319
3 1319 441 440
3 1320 216 571
3 571 216 215
3 1228 1321 1229
3 1229 1321 1322
3 655 630 1324
3 1324 630 1323
3 1011 1009 1167
3 1167 1009 1033
3 1328 1325 1327
3 1327 1325 1326
3 1200 1329 1201
3 1201 1329 1330
3 1320 571 1308
3 1308 571 570
3 215 1331 571
3 571 1331 572
3 1333 1334 1332
3 1332 1334 1335
3 917 1336 858
3 858 1336 1337
3 862 865 1338
3 1338 865 1339
3 1340 1341 1343
3 1343 1341 1342
3 919 918 1345
3 1345 918 1344
3 1198 672 1347
3 1347 672 1346
3 692 1348 927
3 927 1348 1200
3 1350 1256 1349
3 1349 1256 1255
3 1349 1351 1350
3 1350 1351 1352
3 652 929 653
3 653 929 661
3 1354 1277 1353
3 1353 1277 1278
3 1358 1355 1357
3 1357 1355 1356
3 936 1359 1139
3 1139 1359 1360
3 963 908 1227
3 1227 908 1224
3 900 933 1361
3 1361 933 1138
3 1361 1362 1364
3 1364 1362 1363
3 1366 911 1365
3 1365 911 910
3 1368 1367 1141
3 1141 1367 1142
3 1184 1144 1185
3 1185 1144 1143
3 1185 1143 1174
3 1174 1143 1145
3 1147 1171 1145
3 1145 1171 1174
3 1171 1147 1017
3 1017 1147 1146
3 1148 1018 1146
3 1146 1018 1017
3 1369 1018 1149
3 1149 1018 1148
3 1370 1369 1150
3 1150 1369 1149
3 1150 1152 1370
3 1370 1152 1176
3 1151 1155 1177
3 1177 1155 1371
3 1373 1372 1157
3 1157 1372 1154
3 1156 1158 1375
3 1375 1158 1374
3 1379 1376 1378
3 1378 1376 1377
3 1383 1380 1382
3 1382 1380 1381
3 1386 1384 1385
3 1385 1384 1381
3 1231 1386 1232
3 1232 1386 1385
3 1389 1390 1388
3 1388 1390 1387
3 1394 1391 1393
3 1393 1391 1392
3 1398 1395 1397
3 1397 1395 1396
3 1395 629 1396
3 1396 629 628
3 1341 1399 1342
3 1342 1399 1400
3 1402 1403 1401
3 1401 1403 1404
3 1408 1405 1407
3 1407 1405 1406
3 1412 1409 1411
3 1411 1409 1410
3 1414 793 1413
3 1413 793 792
3 1343 1415 1340
3 1340 1415 1416
3 1417 1346 704
3 704 1346 703
3 1419 741 1418
3 1418 741 740
3 671 1420 668
3 668 1420 1421
3 1423 645 1422
3 1422 645 644
3 610 613 1197
3 1197 613 1195
3 612 1424 613
3 613 1424 1425
3 659 658 615
3 615 658 1426
3 1425 1190 613
3 613 1190 1195
3 589 696 593
3 593 696 695
3 588 699 589
3 589 699 696
3 702 1309 701
3 701 1309 1427
3 1191 1420 688
3 688 1420 671
3 621 1268 647
3 647 1268 1270
3 620 1269 621
3 621 1269 1268
3 1340 1416 1429
3 1429 1416 1428
3 1430 1431 1433
3 1433 1431 1432
3 1435 1436 1434
3 1434 1436 1437
3 1441 1438 1440
3 1440 1438 1439
3 1442 1443 1445
3 1445 1443 1444
3 822 808 937
3 937 808 816
3 1447 810 1446
3 1446 810 809
3 705 678 1449
3 1449 678 1448
3 1450 1204 915
3 915 1204 912
3 1274 1224 911
3 911 1224 908
3 880 879 1452
3 1452 879 1451
3 1443 1400 1444
3 1444 1400 1399
3 1359 936 1453
3 1453 936 935
3 1446 809 1454
3 1454 809 823
3 654 631 655
3 655 631 630
3 965 1455 966
3 966 1455 1456
3 1460 1457 1459
3 1459 1457 1458
3 1462 1460 1461
3 1461 1460 1459
3 974 972 973
3 973 972 971
3 993 990 994
3 994 990 989
3 1173 1032 1186
3 1186 1032 1463
3 1172 1171 1020
3 1020 1171 1017
3 997 1000 998
3 998 1000 999
3 975 978 1021
3 1021 978 1031
3 981 979 1023
3 1023 979 1022
3 1168 1170 985
3 985 1170 988
3 989 988 1169
3 1169 988 1170
3 994 989 1026
3 1026 989 1169
3 1000 997 1038
3 1038 997 1040
3 998 999 1062
3 1062 999 1050
3 1062 1050 1063
3 1063 1050 1065
3 1063 1065 1080
3 1080 1065 1182
3 1177 1371 1102
3 1102 1371 1103
3 1181 1464 1090
3 1090 1464 1091
3 1467 1465 1464
3 1464 1465 1466
3 1468 1469 1183
3 1183 1469 1467
3 1100 1470 1097
3 1097 1470 1094
3 1375 1119 1373
3 1373 1119 1075
3 1131 1126 1471
3 1471 1126 1109
3 1128 1131 1472
3 1472 1131 1471
3 1473 1474 1465
3 1465 1474 1472
3 1112 1115 1117
3 1117 1115 1118
3 1119 1375 1120
3 1120 1375 1374
3 1126 1131 1127
3 1127 1131 1130
3 1360 1227 1475
3 1475 1227 1226
3 1364 1476 1361
3 1361 1476 871
3 1229 1322 1478
3 1478 1322 1477
3 914 913 1480
3 1480 913 1479
3 1275 913 1276
3 1276 913 912
3 1022 1021 1033
3 1033 1021 1167
3 1024 1023 1035
3 1035 1023 1034
3 1026 1169 1040
3 1040 1169 1038
3 1145 1027 1147
3 1147 1027 1041
3 1457 968 1458
3 1458 968 967
3 664 663 1482
3 1482 663 1481
3 1486 1483 1485
3 1485 1483 1484
3 1490 1487 1489
3 1489 1487 1488
3 633 721 1492
3 1492 721 1491
3 1496 1493 1495
3 1495 1493 1494
3 862 1338 1206
3 1206 1338 1497
3 1165 1164 1498
3 1498 1164 1223
3 1159 1162 1499
3 1499 1162 1274
3 1499 876 1159
3 1159 876 1500
3 1478 1501 872
3 872 1501 875
3 944 1263 850
3 850 1263 1228
3 834 1230 838
3 838 1230 870
3 1281 777 1282
3 1282 777 1502
3 715 714 1504
3 1504 714 1503
3 1445 1444 1506
3 1506 1444 1505
3 790 1380 791
3 791 1380 778
3 1341 1340 1408
3 1408 1340 1429
3 1416 1507 1428
3 1428 1507 1410
3 1510 1508 1509
3 1509 1508 634
3 1315 1314 1379
3 1379 1314 1376
3 1444 1399 1505
3 1505 1399 1407
3 1332 1335 916
3 916 1335 917
3 869 1511 1513
3 1513 1511 1512
3 1363 1362 1515
3 1515 1362 1514
3 1275 880 1516
3 1516 880 1452
3 1518 992 1517
3 1517 992 991
3 954 1517 1028
3 1028 1517 1519
3 1039 1520 1025
3 1025 1520 1519
3 1042 1520 1014
3 1014 1520 1521
3 995 1522 996
3 996 1522 1521
3 1059 1015 1523
3 1523 1015 1522
3 1060 1524 1061
3 1061 1524 1523
3 1078 1526 1525
3 1525 1526 1527
3 1092 1528 1093
3 1093 1528 1527
3 1530 1111 1529
3 1529 1111 1110
3 1532 1122 1531
3 1531 1122 1104
3 1139 1138 936
3 936 1138 933
3 1361 1138 1362
3 1362 1138 1137
3 1277 1354 1221
3 1221 1354 1533
3 1221 1533 1222
3 1222 1533 1534
3 820 586 1237
3 1237 586 585
3 1318 710 1316
3 1316 710 1535
3 1198 1536 1199
3 1199 1536 1537
3 1415 1538 1416
3 1416 1538 1507
3 1539 1540 839
3 839 1540 836
3 1230 897 870
3 870 897 900
3 1499 1274 1366
3 1366 1274 911
3 1542 1378 1541
3 1541 1378 1394
3 1543 1507 771
3 771 1507 1538
3 1401 1544 1402
3 1402 1544 1545
3 1549 1546 1548
3 1548 1546 1547
3 1546 1550 1547
3 1547 1550 1551
3 1555 1552 1554
3 1554 1552 1553
3 1559 1556 1558
3 1558 1556 1557
3 1563 1560 1562
3 1562 1560 1561
3 1567 1564 1566
3 1566 1564 1565
3 1571 1568 1570
3 1570 1568 1569
3 1575 1572 1574
3 1574 1572 1573
3 1568 1571 1577
3 1577 1571 1576
3 1581 1578 1580
3 1580 1578 1579
3 1585 1582 1584
3 1584 1582 1583
3 1588 1586 1554
3 1554 1586 1587
3 1592 1589 1591
3 1591 1589 1590
3 1596 1593 1595
3 1595 1593 1594
3 1575 1596 1580
3 1580 1596 1595
3 1568 1597 1569
3 1569 1597 1598
3 1602 1599 1601
3 1601 1599 1600
3 1606 1603 1605
3 1605 1603 1604
3 1564 1567 1608
3 1608 1567 1607
3 1612 1609 1611
3 1611 1609 1610
3 1616 1613 1615
3 1615 1613 1614
3 1615 1617 1616
3 1616 1617 1618
3 1622 1619 1621
3 1621 1619 1620
3 1626 1623 1625
3 1625 1623 1624
3 1630 1627 1629
3 1629 1627 1628
3 1634 1631 1633
3 1633 1631 1632
3 1635 1636 1638
3 1638 1636 1637
3 1642 1639 1641
3 1641 1639 1640
3 1644 1643 1626
3 1626 1643 1623
3 1648 1645 1647
3 1647 1645 1646
3 1652 1649 1651
3 1651 1649 1650
3 1654 1655 1653
3 1653 1655 1656
3 1660 1657 1659
3 1659 1657 1658
3 1627 1630 1662
3 1662 1630 1661
3 1665 1663 1664
3 1664 1663 1650
3 1616 1618 1655
3 1655 1618 1666
3 1670 1667 1669
3 1669 1667 1668
3 1672 1671 1634
3 1634 1671 1631
3 1638 1637 1674
3 1674 1637 1673
3 1678 1675 1677
3 1677 1675 1676
3 1679 1639 1680
3 1680 1639 1642
3 1681 1682 1642
3 1642 1682 1680
3 1231 1234 1668
3 1668 1234 1669
3 1674 1673 1398
3 1398 1673 1395
3 626 629 1678
3 1678 629 1675
3 1310 1679 1314
3 1314 1679 1680
3 1314 1680 1376
3 1376 1680 1682
3 1384 1386 1672
3 1672 1386 1671
3 1684 1645 1683
3 1683 1645 1635
3 1688 1685 1687
3 1687 1685 1686
3 1584 1689 1585
3 1585 1689 1690
3 1692 1550 1691
3 1691 1550 1598
3 1556 1693 1557
3 1557 1693 1551
3 1613 1694 1614
3 1614 1694 1695
3 1622 1696 1698
3 1698 1696 1697
3 1699 1700 1702
3 1702 1700 1701
3 1706 1703 1705
3 1705 1703 1704
3 1707 1708 1639
3 1639 1708 1640
3 1709 1710 1712
3 1712 1710 1711
3 1651 1654 1652
3 1652 1654 1653
3 1712 1711 1698
3 1698 1711 1713
3 1714 1709 1715
3 1715 1709 1712
3 1716 1707 1679
3 1679 1707 1639
3 1392 1391 1714
3 1714 1391 1709
3 1720 1717 1719
3 1719 1717 1718
3 788 1716 1310
3 1310 1716 1679
3 1709 1391 1710
3 1710 1391 1377
3 1719 1718 1390
3 1390 1718 1387
3 1722 1605 1721
3 1721 1605 1688
3 1566 1723 1567
3 1567 1723 1724
3 1645 1684 1646
3 1646 1684 1725
3 1552 1726 1553
3 1553 1726 1727
3 1685 1599 1686
3 1686 1599 1590
3 1593 1728 1594
3 1594 1728 1729
3 1603 1730 1604
3 1604 1730 1600
3 1733 1731 1662
3 1662 1731 1732
3 1735 1638 1734
3 1734 1638 1674
3 1644 1736 1643
3 1643 1736 1657
3 1630 1723 1661
3 1661 1723 1725
3 1734 1674 1737
3 1737 1674 1398
3 1618 1738 1666
3 1666 1738 1620
3 1740 1619 1739
3 1739 1619 1713
3 1591 1548 1592
3 1592 1548 1741
3 1549 1602 1570
3 1570 1602 1601
3 1721 1688 1689
3 1689 1688 1687
3 1578 1581 1558
3 1558 1581 1587
3 1737 1384 1734
3 1734 1384 1672
3 1386 1231 1671
3 1671 1231 1668
3 1742 1572 1691
3 1691 1572 1579
3 1710 1377 1682
3 1682 1377 1376
3 1744 1743 1665
3 1665 1743 1663
3 1694 1663 1695
3 1695 1663 1743
3 1747 1731 1746
3 1746 1731 1745
3 1676 1748 1677
3 1677 1748 1749
3 1677 1749 1707
3 1707 1749 1708
3 1671 1668 1631
3 1631 1668 1667
3 1731 1733 1745
3 1745 1733 1632
3 1678 1677 1716
3 1716 1677 1707
3 788 626 1716
3 1716 626 1678
3 1721 1563 1722
3 1722 1563 1562
3 1582 1750 1583
3 1583 1750 1727
3 629 1395 1675
3 1675 1395 1673
3 1564 1744 1565
3 1565 1744 1665
3 1627 1644 1628
3 1628 1644 1626
3 1636 1748 1637
3 1637 1748 1676
3 1751 1648 1664
3 1664 1648 1647
3 1656 1740 1641
3 1641 1740 1739
3 1637 1676 1673
3 1673 1676 1675
3 1682 1681 1710
3 1710 1681 1711
3 1738 1618 1752
3 1752 1618 1617
3 1752 1701 1738
3 1738 1701 1700
3 1754 1755 1213
3 1213 1755 1753
3 940 618 1756
3 1756 618 646
3 690 1757 1192
3 1192 1757 1758
3 1760 1419 1759
3 1759 1419 1418
3 1762 682 1761
3 1761 682 681
3 1383 1412 779
3 779 1412 1411
3 1412 1383 1397
3 1397 1383 1382
3 1196 1423 1763
3 1763 1423 1422
3 1285 1537 1286
3 1286 1537 1536
3 1735 1634 1683
3 1683 1634 1633
3 1629 1724 1630
3 1630 1724 1723
3 1728 1609 1729
3 1729 1609 1561
3 1634 1735 1672
3 1672 1735 1734
3 1756 1194 940
3 940 1194 1193
3 198 1764 199
3 199 1764 1765
3 478 475 499
3 499 475 474
3 497 557 482
3 482 557 486
3 549 545 550
3 550 545 544
3 1313 218 1280
3 1280 218 452
3 218 207 452
3 452 207 297
3 1766 367 198
3 198 367 1764
3 403 362 404
3 404 362 522
3 401 404 532
3 532 404 522
3 206 298 207
3 207 298 297
3 299 175 206
3 206 175 298
3 201 172 299
3 299 172 175
3 200 173 201
3 201 173 172
3 1335 1767 917
3 917 1767 1336
3 858 1337 1769
3 1769 1337 1768
3 580 569 577
3 577 569 1770
3 554 561 579
3 579 561 560
3 547 500 1771
3 1771 500 503
3 542 583 541
3 541 583 516
3 543 515 513
3 513 515 514
3 515 543 516
3 516 543 541
3 580 579 574
3 574 579 560
3 569 580 568
3 568 580 574
3 546 1772 547
3 547 1772 500
3 1770 569 1774
3 1774 569 1773
3 1766 1775 367
3 367 1775 368
3 1775 374 368
3 368 374 371
3 1319 1307 1279
3 1279 1307 821
3 1279 821 1280
3 1280 821 819
3 1280 819 1313
3 1313 819 817
3 1313 817 1312
3 1312 817 803
3 806 813 824
3 824 813 825
3 813 812 825
3 825 812 826
3 812 1219 826
3 826 1219 827
3 546 554 578
3 578 554 579
3 1476 1539 871
3 871 1539 839
3 1764 367 498
3 498 367 366
3 498 524 1764
3 1764 524 1765
3 524 525 1765
3 1765 525 1776
3 383 361 526
3 526 361 519
3 360 1777 518
3 518 1777 527
3 368 371 1778
3 1778 371 370
3 477 369 1778
3 1778 369 368
3 373 477 370
3 370 477 1778
3 1777 1776 527
3 527 1776 525
3 1780 1781 1779
3 1779 1781 1782
3 63 66 459
3 459 66 430
3 71 73 337
3 337 73 67
3 1784 1781 1783
3 1783 1781 1785
3 1786 1787 1789
3 1789 1787 1788
3 1792 1790 1788
3 1788 1790 1791
3 1790 1793 1791
3 1791 1793 1794
3 1793 1795 1794
3 1794 1795 1796
3 867 937 1797
3 1797 937 1796
3 868 867 1798
3 1798 867 1797
3 1450 1799 1801
3 1801 1799 1800
3 1802 1803 1204
3 1204 1803 1205
3 1804 1805 863
3 863 1805 864
3 1807 864 1806
3 1806 864 1805
3 67 70 337
3 286 327 287
3 1319 1320 1307
3 1307 1320 1308
3 1320 1319 216
3 216 1319 440
3 217 216 151
3 151 216 440
3 151 150 217
3 217 150 285
3 285 150 309
3 309 150 296
3 309 296 306
3 306 296 295
3 283 306 142
3 142 306 295
3 103 283 55
3 55 283 142
3 62 103 58
3 58 103 55
3 59 62 101
3 101 62 58
3 281 59 93
3 93 59 101
3 92 458 278
3 278 458 76
3 77 76 459
3 459 76 458
3 294 77 430
3 430 77 459
3 291 294 48
3 48 294 430
3 47 420 48
3 48 420 291
3 428 417 277
3 277 417 275
3 277 316 428
3 428 316 431
3 431 316 432
3 432 316 315
3 315 325 432
3 432 325 323
3 1535 591 1808
3 1808 591 590
3 1809 743 1811
3 1811 743 1810
3 1815 1812 1814
3 1814 1812 1813
3 1816 747 1817
3 1817 747 746
3 1816 1809 1818
3 1818 1809 1811
3 748 747 1820
3 1820 747 1819
3 1824 1821 1823
3 1823 1821 1822
3 1828 1825 1827
3 1827 1825 1826
3 1832 1829 1831
3 1831 1829 1830
3 1825 1242 1826
3 1826 1242 1833
3 824 1312 806
3 806 1312 803
3 1834 1252 1235
3 1235 1252 1236
3 1434 1437 1836
3 1836 1437 1835
3 1838 1839 1504
3 1504 1839 1837
3 1840 1841 715
3 715 1841 712
3 1844 1509 1843
3 1843 1509 1842
3 1848 1845 1847
3 1847 1845 1846
3 1238 1821 1239
3 1239 1821 1849
3 1829 636 1830
3 1830 636 635
3 1851 1852 1850
3 1850 1852 1853
3 1854 1855 1857
3 1857 1855 1856
3 1859 1858 1848
3 1848 1858 1845
3 1342 1400 1508
3 1508 1400 1860
3 1508 1860 634
3 634 1860 635
3 1864 1861 1863
3 1863 1861 1862
3 1282 1502 1866
3 1866 1502 1865
3 681 680 1866
3 1866 680 1867
3 1285 1284 682
3 682 1284 683
3 756 755 1273
3 1273 755 1868
3 1868 717 1273
3 1273 717 716
3 719 718 1432
3 1432 718 1433
3 1199 1537 1544
3 1544 1537 1762
3 1272 683 1288
3 1288 683 1284
3 683 1272 680
3 680 1272 1271
3 784 1282 1867
3 1867 1282 1866
3 785 784 1869
3 1869 784 1867
3 1288 756 1272
3 1272 756 1273
3 1871 1870 1415
3 1415 1870 1538
3 1403 1402 1870
3 1870 1402 772
3 674 673 1404
3 1404 673 1401
3 1873 1864 1872
3 1872 1864 1863
3 1509 634 1842
3 1842 634 637
3 1343 1342 1510
3 1510 1342 1508
3 1870 772 1538
3 1538 772 771
3 1544 1401 1199
3 1199 1401 673
3 1537 1285 1762
3 1762 1285 682
3 1875 1874 1442
3 1442 1874 1443
3 1831 1830 1875
3 1875 1830 1874
3 1510 1871 1343
3 1343 1871 1415
3 1878 773 1877
3 1877 773 1876
3 1845 1878 1846
3 1846 1878 1877
3 1880 1879 1847
3 1847 1879 713
3 1874 1860 1443
3 1443 1860 1400
3 1830 635 1874
3 1874 635 1860
3 1861 1881 1862
3 1862 1881 1822
3 1439 1882 1440
3 1440 1882 1883
3 1850 1883 1851
3 1851 1883 1882
3 1887 1884 1886
3 1886 1884 1885
3 1889 1358 1888
3 1888 1358 1357
3 1890 1885 1891
3 1891 1885 1884
3 1892 774 1878
3 1878 774 773
3 1858 1892 1845
3 1845 1892 1878
3 1848 712 1859
3 1859 712 1841
3 1895 1893 1894
3 1894 1893 1317
3 1897 1873 1896
3 1896 1873 1872
3 1897 604 1898
3 1898 604 674
3 1898 674 1843
3 1843 674 1404
3 1843 1404 1844
3 1844 1404 1403
3 1808 590 1295
3 1295 590 592
3 1294 1291 1899
3 1899 1291 1894
3 1895 1290 1896
3 1896 1290 605
3 1871 1510 1844
3 1844 1510 1509
3 1870 1871 1403
3 1403 1871 1844
3 1545 1761 769
3 769 1761 1865
3 1866 1865 681
3 681 1865 1761
3 680 1271 1867
3 1867 1271 1869
3 1271 716 1869
3 1869 716 719
3 1869 719 785
3 785 719 1432
3 785 1432 786
3 786 1432 1431
3 786 1431 1413
3 1413 1431 1260
3 1414 1259 1233
3 1233 1259 1388
3 1718 1669 1387
3 1387 1669 1234
3 1717 1670 1718
3 1718 1670 1669
3 1670 1717 1746
3 1746 1717 1704
3 1747 1703 1900
3 1900 1703 1658
3 1903 1901 1902
3 1902 1901 1876
3 1258 1904 1389
3 1389 1904 1393
3 1390 1392 1719
3 1719 1392 1714
3 1719 1714 1720
3 1720 1714 1715
3 1720 1715 1705
3 1705 1715 1697
3 47 46 275
3 275 46 276
3 83 95 80
3 80 95 81
3 84 80 69
3 69 80 79
3 88 87 96
3 96 87 98
3 89 99 87
3 87 99 98
3 93 101 94
3 94 101 100
3 280 279 1906
3 1906 279 1905
3 84 88 85
3 85 88 96
3 280 60 281
3 281 60 59
3 46 45 81
3 81 45 82
3 292 291 419
3 419 291 420
3 419 418 1908
3 1908 418 1907
3 89 90 94
3 94 90 91
3 93 92 281
3 281 92 278
3 420 47 417
3 417 47 275
3 1706 1696 1659
3 1659 1696 1909
3 1643 1699 1623
3 1623 1699 1702
3 1696 1622 1909
3 1909 1622 1621
3 1660 1910 1699
3 1699 1910 1700
3 1657 1660 1643
3 1643 1660 1699
3 1644 1732 1736
3 1736 1732 1900
3 1730 1603 1911
3 1911 1603 1624
3 1913 1730 1912
3 1912 1730 1911
3 1571 1913 1576
3 1576 1913 1912
3 1914 1577 1615
3 1615 1577 1617
3 1742 1597 1915
3 1915 1597 1914
3 1572 1742 1573
3 1573 1742 1915
3 1596 1575 1916
3 1916 1575 1574
3 1593 1596 1608
3 1608 1596 1916
3 1609 1728 1610
3 1610 1728 1607
3 1629 1628 1611
3 1611 1628 1917
3 1628 1626 1917
3 1917 1626 1625
3 1921 1918 1920
3 1920 1918 1919
3 1919 1923 1922
3 1922 1923 1924
3 1924 1923 1926
3 1926 1923 1925
3 1930 1927 1929
3 1929 1927 1928
3 1931 1932 1934
3 1934 1932 1933
3 1938 1935 1937
3 1937 1935 1936
3 1940 1941 1939
3 1939 1941 1942
3 1945 1943 1944
3 1944 1943 1940
3 1948 1693 1947
3 1947 1693 1946
3 1949 1950 1952
3 1952 1950 1951
3 1588 1953 1955
3 1955 1953 1954
3 1931 1956 1955
3 1955 1956 1957
3 1932 1958 1933
3 1933 1958 1959
3 1963 1960 1962
3 1962 1960 1961
3 1953 1750 1954
3 1954 1750 1964
3 1956 1931 1929
3 1929 1931 1934
3 1950 1949 1925
3 1925 1949 1928
3 1965 1966 1592
3 1592 1966 1589
3 1963 1967 1966
3 1966 1967 1968
3 1970 1969 1920
3 1920 1969 1961
3 1967 1963 1944
3 1944 1963 1962
3 1918 1921 1947
3 1947 1921 1971
3 1921 1960 1971
3 1971 1960 1965
3 1559 1586 1952
3 1952 1586 1957
3 1973 1974 1972
3 1972 1974 1975
3 1690 1976 1978
3 1978 1976 1977
3 1585 1690 1974
3 1974 1690 1978
3 1979 1938 1941
3 1941 1938 1937
3 1693 1556 1946
3 1946 1556 1951
3 1976 1980 1977
3 1977 1980 1968
3 1984 1981 1983
3 1983 1981 1982
3 1985 1986 1988
3 1988 1986 1987
3 1989 1990 1982
3 1982 1990 1983
3 1989 1992 1991
3 1991 1992 1993
3 1994 1995 1993
3 1993 1995 1996
3 2000 1997 1999
3 1999 1997 1998
3 2004 2001 2003
3 2003 2001 2002
3 2008 2005 2007
3 2007 2005 2006
3 2012 2009 2011
3 2011 2009 2010
3 2013 2014 2016
3 2016 2014 2015
3 2019 2020 2018
3 2018 2020 2017
3 2021 1988 2023
3 2023 1988 2022
3 1988 1987 2022
3 2022 1987 2024
3 2026 2013 2025
3 2025 2013 2016
3 2030 2027 2029
3 2029 2027 2028
3 2034 2031 2033
3 2033 2031 2032
3 2036 2035 2034
3 2034 2035 2031
3 2040 2037 2039
3 2039 2037 2038
3 1981 2041 1982
3 1982 2041 2042
3 2046 2043 2045
3 2045 2043 2044
3 2050 2047 2049
3 2049 2047 2048
3 2054 2051 2053
3 2053 2051 2052
3 2058 2055 2057
3 2057 2055 2056
3 2033 2032 2060
3 2060 2032 2059
3 2064 2061 2063
3 2063 2061 2062
3 2065 2034 2066
3 2066 2034 2033
3 2068 2038 2067
3 2067 2038 2037
3 2070 2022 2069
3 2069 2022 2024
3 2022 2070 2023
3 2023 2070 2071
3 2018 2072 2019
3 2019 2072 2073
3 2074 2046 2048
3 2048 2046 2049
3 1992 1989 2042
3 2042 1989 1982
3 2005 2049 2006
3 2006 2049 2075
3 2076 2050 2005
3 2005 2050 2049
3 2080 2077 2079
3 2079 2077 2078
3 2081 2082 2084
3 2084 2082 2083
3 2086 2085 2012
3 2012 2085 2009
3 2031 2087 2032
3 2032 2087 2088
3 2032 2088 2059
3 2059 2088 2089
3 2093 2090 2092
3 2092 2090 2091
3 2096 2094 1985
3 1985 2094 2095
3 2096 1985 2021
3 2021 1985 1988
3 2014 2093 2015
3 2015 2093 2097
3 2015 2097 2099
3 2099 2097 2098
3 2100 2016 2099
3 2099 2016 2015
3 2016 2100 2025
3 2025 2100 2101
3 2099 2098 2103
3 2103 2098 2102
3 2103 2104 2099
3 2099 2104 2100
3 2101 2100 2105
3 2105 2100 2104
3 2108 2106 2060
3 2060 2106 2107
3 2019 2109 2111
3 2111 2109 2110
3 2112 2109 2073
3 2073 2109 2019
3 2116 2113 2115
3 2115 2113 2114
3 2119 1994 2118
3 2118 1994 2117
3 2013 2026 2121
3 2121 2026 2120
3 2122 2043 2074
3 2074 2043 2046
3 2125 2126 2124
3 2124 2126 2123
3 2130 2127 2129
3 2129 2127 2128
3 2057 2056 2132
3 2132 2056 2131
3 2133 1998 2135
3 2135 1998 2134
3 2138 2136 2137
3 2137 2136 2054
3 2142 2139 2141
3 2141 2139 2140
3 2064 2063 2081
3 2081 2063 2082
3 2081 2143 2064
3 2064 2143 2144
3 2146 2040 2145
3 2145 2040 2039
3 2148 2147 2089
3 2089 2147 2059
3 2149 2136 2050
3 2050 2136 2047
3 2150 1996 2134
3 2134 1996 1995
3 2050 2076 2149
3 2149 2076 2151
3 2118 2117 2044
3 2044 2117 2045
3 2155 2152 2154
3 2154 2152 2153
3 2159 2156 2158
3 2158 2156 2157
3 2163 2160 2162
3 2162 2160 2161
3 2165 2164 2162
3 2162 2164 2163
3 2169 2166 2168
3 2168 2166 2167
3 2172 2170 2171
3 2171 2170 2002
3 2175 2001 2174
3 2174 2001 2173
3 2061 2064 2176
3 2176 2064 2144
3 2177 2178 2179
3 2179 2178 2133
3 2149 2151 2051
3 2051 2151 2180
3 2145 2039 2181
3 2181 2039 2126
3 2160 2130 2161
3 2161 2130 2129
3 2136 2149 2054
3 2054 2149 2051
3 2185 2182 2184
3 2184 2182 2183
3 2158 2029 2159
3 2159 2029 2186
3 2181 2187 2145
3 2145 2187 2028
3 2191 2188 2190
3 2190 2188 2189
3 2001 2175 2002
3 2002 2175 2171
3 2134 1998 2150
3 2150 1998 1997
3 2175 2061 2171
3 2171 2061 2176
3 2192 2172 2176
3 2176 2172 2171
3 2194 2063 2193
3 2193 2063 2062
3 2197 2195 2196
3 2196 2195 2065
3 2198 2173 2004
3 2004 2173 2001
3 2170 2199 2002
3 2002 2199 2003
3 2199 2170 2200
3 2200 2170 2197
3 2200 2197 2201
3 2201 2197 2196
3 2203 2202 2196
3 2196 2202 2201
3 2170 2172 2197
3 2197 2172 2195
3 2204 2068 2169
3 2169 2068 2205
3 2066 2203 2065
3 2065 2203 2196
3 2207 2107 2206
3 2206 2107 2106
3 2206 2208 2207
3 2207 2208 2209
3 2184 2210 2211
3 2211 2210 2213
3 2213 2210 2212
3 2213 2212 2000
3 2000 2212 1997
3 1999 1998 2214
3 2214 1998 2133
3 2217 2218 2216
3 2216 2218 2215
3 2169 2205 2166
3 2166 2205 2219
3 2220 2205 2067
3 2067 2205 2068
3 2212 2221 1997
3 1997 2221 2150
3 2038 2068 2123
3 2123 2068 2204
3 2127 2142 2222
3 2222 2142 2141
3 2184 2201 2185
3 2185 2201 2202
3 2223 2210 2183
3 2183 2210 2184
3 2225 2221 2224
3 2224 2221 2223
3 2227 2071 2226
3 2226 2071 2070
3 2228 2073 2229
3 2229 2073 2072
3 2073 2228 2112
3 2112 2228 2230
3 2223 2226 2224
3 2224 2226 2231
3 2027 2030 2233
3 2233 2030 2232
3 2228 2234 2230
3 2230 2234 2235
3 2234 2228 2182
3 2182 2228 2229
3 1985 2095 1986
3 1986 2095 2236
3 2238 2180 2237
3 2237 2180 2151
3 2240 2080 2239
3 2239 2080 2079
3 1969 1970 2241
3 2241 1970 2235
3 1924 2112 1922
3 1922 2112 2230
3 1927 2110 1926
3 1926 2110 2109
3 2102 2110 1930
3 1930 2110 1927
3 1930 2242 2102
3 2102 2242 2103
3 2104 2103 2243
3 2243 2103 2242
3 2108 2147 1979
3 1979 2147 1938
3 2106 2108 1943
3 1943 2108 1979
3 2208 2206 2244
3 2244 2206 1945
3 2241 2208 1969
3 1969 2208 2244
3 1970 1922 2235
3 2235 1922 2230
3 2112 1924 2109
3 2109 1924 1926
3 2146 2027 2245
3 2245 2027 2233
3 2057 2246 2058
3 2058 2246 2247
3 2249 2248 2116
3 2116 2248 2113
3 2253 2250 2252
3 2252 2250 2251
3 2090 2093 2254
3 2254 2093 2014
3 2255 2254 2013
3 2013 2254 2014
3 2143 2257 2144
3 2144 2257 2256
3 2043 2122 2160
3 2160 2122 2130
3 2044 2043 2163
3 2163 2043 2160
3 2164 2118 2163
3 2163 2118 2044
3 2118 2164 2119
3 2119 2164 2258
3 2119 2258 2260
3 2260 2258 2259
3 2261 2124 2204
3 2204 2124 2123
3 2263 2177 2262
3 2262 2177 2179
3 2092 2091 2265
3 2265 2091 2264
3 1991 2266 2267
3 2183 2227 2223
3 2223 2227 2226
3 2140 2048 2268
3 2268 2048 2047
3 2166 2156 2167
3 2167 2156 2128
3 2139 2074 2140
3 2140 2074 2048
3 2269 2198 2270
3 2270 2198 2214
3 2268 2271 2140
3 2140 2271 2141
3 2101 2089 2025
3 2025 2089 2088
3 2027 2146 2028
3 2028 2146 2145
3 2111 2110 2098
3 2098 2110 2102
3 2147 2108 2059
3 2059 2108 2060
3 2037 2040 2273
3 2273 2040 2272
3 2135 2260 2274
3 2274 2260 2259
3 2275 2131 2137
3 2137 2131 2056
3 2138 2055 2268
3 2268 2055 2271
3 2198 2269 2277
3 2277 2269 2276
3 2186 2029 2187
3 2187 2029 2028
3 2039 2038 2126
3 2126 2038 2123
3 2082 2063 2278
3 2278 2063 2194
3 2137 2056 2138
3 2138 2056 2055
3 2247 2246 2276
3 2276 2246 2277
3 2174 2062 2175
3 2175 2062 2061
3 2208 2241 2209
3 2209 2241 2279
3 2030 2280 2232
3 2232 2280 2281
3 2220 2282 2218
3 2218 2282 2215
3 2218 2217 2219
3 2219 2217 2157
3 2280 2217 2281
3 2281 2217 2216
3 2156 2166 2157
3 2157 2166 2219
3 2262 2127 2263
3 2263 2127 2222
3 1994 2119 1995
3 1995 2119 2260
3 2212 2210 2221
3 2221 2210 2223
3 2067 2283 2220
3 2220 2283 2282
3 2260 2135 1995
3 1995 2135 2134
3 2240 2257 2080
3 2080 2257 2143
3 2241 2235 2279
3 2279 2235 2234
3 2040 2146 2272
3 2272 2146 2245
3 2087 2031 2284
3 2284 2031 2035
3 2237 2151 2285
3 2285 2151 2076
3 1958 1972 1959
3 1959 1972 1936
3 2226 2070 2231
3 2231 2070 2069
3 2243 2286 2104
3 2104 2286 2105
3 2147 2148 1938
3 1938 2148 1935
3 2206 2106 1945
3 1945 2106 1943
3 2120 2026 2284
3 2284 2026 2087
3 2253 2252 2249
3 2249 2252 2248
3 2285 2076 2008
3 2008 2076 2005
3 2086 2287 2085
3 2085 2287 2288
3 2271 2289 2141
3 2141 2289 2222
3 2127 2130 2142
3 2142 2130 2122
3 2174 2152 2290
3 2290 2152 2155
3 2293 2277 2292
3 2292 2277 2291
3 2142 2122 2139
3 2139 2122 2074
3 2168 2179 2261
3 2261 2179 2274
3 2133 2135 2179
3 2179 2135 2274
3 2273 2283 2037
3 2037 2283 2067
3 2165 2181 2125
3 2125 2181 2126
3 2093 2092 2097
3 2097 2092 2020
3 2097 2020 2098
3 2098 2020 2111
3 2092 2265 2020
3 2020 2265 2017
3 2287 2251 2288
3 2288 2251 2250
3 2221 2225 2150
3 2150 2225 1996
3 2218 2219 2220
3 2220 2219 2205
3 2136 2138 2047
3 2047 2138 2268
3 2217 2280 2157
3 2157 2280 2158
3 2190 2189 2154
3 2154 2189 2155
3 1750 1582 1964
3 1964 1582 1973
3 2025 2088 2026
3 2026 2088 2087
3 2280 2030 2158
3 2158 2030 2029
3 2089 2101 2148
3 2148 2101 2105
3 2148 2105 1935
3 1935 2105 2286
3 2292 2153 2293
3 2293 2153 2152
3 2020 2019 2111
3 2291 2277 2294
3 2294 2277 2246
3 2283 2295 2282
3 2282 2295 2296
3 2283 2273 2295
3 2295 2273 2297
3 2298 2297 2272
3 2272 2297 2273
3 2298 2272 2299
3 2299 2272 2245
3 2282 2296 2215
3 2215 2296 2300
3 2215 2300 2216
3 2216 2300 2301
3 2301 2302 2216
3 2216 2302 2281
3 2304 2303 2296
3 2296 2303 2300
3 2306 2307 2305
3 2305 2307 2308
3 2310 2306 2309
3 2309 2306 2305
3 2306 2311 2307
3 2307 2311 2312
3 2315 2311 2314
3 2314 2311 2313
3 2312 2311 2316
3 2316 2311 2315
3 2317 2312 2304
3 2304 2312 2316
3 2306 2310 2311
3 2311 2310 2313
3 2318 2319 2321
3 2321 2319 2320
3 2321 2310 2318
3 2318 2310 2309
3 2307 2312 2308
3 2308 2312 2317
3 2308 2317 2297
3 2297 2317 2295
3 2308 2297 2322
3 2322 2297 2298
3 2305 2308 2323
3 2323 2308 2322
3 2324 2309 2323
3 2323 2309 2305
3 2304 2296 2317
3 2317 2296 2295
3 2318 2309 2325
3 2325 2309 2324
3 2323 2326 2324
3 2324 2326 2327
3 2324 2327 2325
3 2325 2327 2328
3 2326 2329 2327
3 2327 2329 2330
3 2329 2326 2332
3 2332 2326 2331
3 2333 2328 2330
3 2330 2328 2327
3 2323 2322 2326
3 2326 2322 2331
3 2322 2298 2331
3 2331 2298 2299
3 2325 2334 2318
3 2318 2334 2319
3 2304 2316 2335
3 2335 2316 2315
3 2314 2336 2315
3 2315 2336 2335
3 2304 2335 2303
3 2303 2335 2337
3 2336 2338 2335
3 2335 2338 2337
3 2336 2314 2340
3 2340 2314 2339
3 2245 2233 2299
3 2299 2233 2341
3 2232 2281 2342
3 2342 2281 2302
3 2342 2341 2232
3 2232 2341 2233
3 2341 2342 2332
3 2332 2342 2343
3 2332 2343 2329
3 2329 2343 2344
3 2342 2302 2343
3 2343 2302 2345
3 2341 2332 2299
3 2299 2332 2331
3 2346 2345 2301
3 2301 2345 2302
3 2346 2301 2303
3 2303 2301 2300
3 2347 2346 2337
3 2337 2346 2303
3 2347 2348 2346
3 2346 2348 2345
3 2347 2349 2348
3 2348 2349 2350
3 2343 2345 2344
3 2344 2345 2348
3 2351 2344 2350
3 2350 2344 2348
3 2337 2338 2347
3 2347 2338 2349
3 2349 2338 2352
3 2352 2338 2353
3 2355 2356 2354
3 2354 2356 2352
3 2350 2349 2356
3 2356 2349 2352
3 2334 2354 2353
3 2353 2354 2352
3 2353 2340 2334
3 2334 2340 2319
3 2338 2336 2353
3 2353 2336 2340
3 2329 2344 2330
3 2330 2344 2351
3 2355 2333 2351
3 2351 2333 2330
3 2350 2356 2351
3 2351 2356 2355
3 2354 2328 2355
3 2355 2328 2333
3 2328 2354 2325
3 2325 2354 2334
3 2310 2321 2313
3 2313 2321 2320
3 2320 2319 2339
3 2339 2319 2340
3 2320 2339 2313
3 2313 2339 2314
3 2124 2259 2125
3 2125 2259 2258
3 2129 2128 2159
3 2159 2128 2156
3 2187 2162 2186
3 2186 2162 2161
3 2162 2187 2165
3 2165 2187 2181
3 2167 2262 2168
3 2168 2262 2179
3 2186 2161 2159
3 2159 2161 2129
3 2274 2259 2261
3 2261 2259 2124
3 2167 2128 2262
3 2262 2128 2127
3 2261 2204 2168
3 2168 2204 2169
3 2125 2258 2165
3 2165 2258 2164
3 2359 2360 2358
3 2358 2360 2357
3 2364 2361 2363
3 2363 2361 2362
3 2361 2365 2362
3 2362 2365 2366
3 2369 2370 2368
3 2368 2370 2367
3 2058 2247 2372
3 2372 2247 2371
3 2374 2364 2373
3 2373 2364 2363
3 2378 2375 2377
3 2377 2375 2376
3 2379 2380 2289
3 2289 2380 2222
3 2381 2263 2380
3 2380 2263 2222
3 2382 2383 2385
3 2385 2383 2384
3 2373 2363 2386
3 2386 2363 2370
3 2372 2379 2058
3 2058 2379 2289
3 2377 2359 2378
3 2378 2359 2387
3 2388 2358 2386
3 2386 2358 2373
3 2389 2366 2385
3 2385 2366 2390
3 2394 2391 2393
3 2393 2391 2392
3 2385 2390 2382
3 2382 2390 2395
3 2396 2390 2365
3 2365 2390 2366
3 2389 2367 2366
3 2366 2367 2362
3 2357 2360 2398
3 2398 2360 2397
3 2374 2357 2399
3 2399 2357 2398
3 2367 2389 2368
3 2368 2389 2400
3 2382 2375 2383
3 2383 2375 2371
3 2358 2357 2373
3 2373 2357 2374
3 2361 2364 2402
3 2402 2364 2401
3 2387 2359 2388
3 2388 2359 2358
3 2363 2362 2370
3 2370 2362 2367
3 2360 2403 2397
3 2397 2403 2404
3 2396 2405 2394
3 2394 2405 2391
3 2394 2393 2395
3 2395 2393 2376
3 2404 2403 2392
3 2392 2403 2393
3 2395 2376 2382
3 2382 2376 2375
3 2365 2406 2396
3 2396 2406 2405
3 2364 2374 2401
3 2401 2374 2399
3 2270 2400 2269
3 2269 2400 2384
3 2365 2361 2406
3 2406 2361 2402
3 2381 2386 2369
3 2369 2386 2370
3 2394 2395 2396
3 2396 2395 2390
3 2393 2403 2376
3 2376 2403 2377
3 2403 2360 2377
3 2377 2360 2359
3 2406 2407 2405
3 2405 2407 2408
3 2409 2407 2402
3 2402 2407 2406
3 2402 2401 2409
3 2409 2401 2410
3 2401 2399 2410
3 2410 2399 2411
3 2405 2408 2391
3 2391 2408 2412
3 2391 2412 2392
3 2392 2412 2413
3 2414 2404 2413
3 2413 2404 2392
3 2415 2412 2416
3 2416 2412 2408
3 2420 2417 2419
3 2419 2417 2418
3 2419 2421 2420
3 2420 2421 2422
3 2419 2423 2421
3 2421 2423 2424
3 2427 2423 2426
3 2426 2423 2425
3 2424 2423 2428
3 2428 2423 2427
3 2425 2423 2418
3 2418 2423 2419
3 2429 2430 2417
3 2417 2430 2418
3 2424 2431 2421
3 2421 2431 2422
3 2407 2409 2431
3 2431 2409 2422
3 2422 2409 2432
3 2432 2409 2410
3 2420 2422 2433
3 2433 2422 2432
3 2434 2417 2433
3 2433 2417 2420
3 2416 2431 2428
3 2428 2431 2424
3 2416 2408 2431
3 2431 2408 2407
3 2435 2429 2434
3 2434 2429 2417
3 2433 2436 2434
3 2434 2436 2437
3 2434 2437 2435
3 2435 2437 2438
3 2436 2439 2437
3 2437 2439 2440
3 2439 2436 2442
3 2442 2436 2441
3 2437 2440 2438
3 2438 2440 2443
3 2436 2433 2441
3 2441 2433 2432
3 2432 2410 2441
3 2441 2410 2411
3 2435 2444 2429
3 2429 2444 2445
3 2429 2445 2430
3 2430 2445 2446
3 2416 2428 2447
3 2447 2428 2427
3 2426 2448 2427
3 2427 2448 2447
3 2416 2447 2415
3 2415 2447 2449
3 2447 2448 2449
3 2449 2448 2450
3 2426 2451 2448
3 2448 2451 2452
3 2446 2445 2451
3 2451 2445 2452
3 2399 2398 2411
3 2411 2398 2453
3 2404 2414 2397
3 2397 2414 2454
3 2454 2453 2397
3 2397 2453 2398
3 2453 2454 2442
3 2442 2454 2455
3 2439 2442 2456
3 2456 2442 2455
3 2454 2414 2455
3 2455 2414 2457
3 2453 2442 2411
3 2411 2442 2441
3 2414 2413 2457
3 2457 2413 2458
3 2458 2413 2415
3 2415 2413 2412
3 2458 2415 2459
3 2459 2415 2449
3 2459 2460 2458
3 2458 2460 2457
3 2461 2462 2459
3 2459 2462 2460
3 2455 2457 2456
3 2456 2457 2460
3 2456 2460 2463
3 2463 2460 2462
3 2459 2449 2461
3 2461 2449 2450
3 2465 2464 2450
3 2450 2464 2461
3 2468 2464 2467
3 2467 2464 2466
3 2464 2468 2461
3 2461 2468 2462
3 2465 2444 2464
3 2464 2444 2466
3 2445 2444 2452
3 2452 2444 2465
3 2448 2452 2450
3 2450 2452 2465
3 2439 2456 2440
3 2440 2456 2463
3 2467 2443 2463
3 2463 2443 2440
3 2467 2463 2468
3 2468 2463 2462
3 2466 2438 2467
3 2467 2438 2443
3 2438 2466 2435
3 2435 2466 2444
3 2418 2430 2425
3 2425 2430 2446
3 2446 2451 2425
3 2425 2451 2426
3 2368 2178 2369
3 2369 2178 2177
3 2372 2371 2378
3 2378 2371 2375
3 2379 2387 2380
3 2380 2387 2388
3 2380 2388 2381
3 2381 2388 2386
3 2383 2276 2384
3 2384 2276 2269
3 2379 2372 2387
3 2387 2372 2378
3 2178 2368 2270
3 2270 2368 2400
3 2383 2371 2276
3 2276 2371 2247
3 2400 2389 2384
3 2384 2389 2385
3 2369 2177 2381
3 2381 2177 2263
3 2214 2133 2270
3 2270 2133 2178
3 1999 2214 2004
3 2004 2214 2198
3 1999 2004 2000
3 2000 2004 2003
3 2000 2003 2213
3 2213 2003 2199
3 2469 2470 2472
3 2472 2470 2471
3 2476 2473 2475
3 2475 2473 2474
3 2477 2478 2473
3 2473 2478 2474
3 2482 2479 2481
3 2481 2479 2480
3 2484 2476 2483
3 2483 2476 2475
3 2488 2485 2487
3 2487 2485 2486
3 2490 2057 2489
3 2489 2057 2132
3 2491 2246 2490
3 2490 2246 2057
3 2495 2492 2494
3 2494 2492 2493
3 2483 2475 2496
3 2496 2475 2482
3 2487 2471 2488
3 2488 2471 2497
3 2498 2470 2496
3 2496 2470 2483
3 2499 2478 2495
3 2495 2478 2500
3 2501 2502 2504
3 2504 2502 2503
3 2495 2500 2492
3 2492 2500 2505
3 2478 2477 2500
3 2500 2477 2506
3 2474 2478 2479
3 2479 2478 2499
3 2508 2469 2507
3 2507 2469 2472
3 2484 2469 2509
3 2509 2469 2508
3 2510 2480 2499
3 2499 2480 2479
3 2492 2485 2493
3 2493 2485 2511
3 2484 2483 2469
3 2469 2483 2470
3 2473 2476 2513
3 2513 2476 2512
3 2497 2471 2498
3 2498 2471 2470
3 2475 2474 2482
3 2482 2474 2479
3 2472 2514 2507
3 2507 2514 2515
3 2506 2516 2504
3 2504 2516 2501
3 2503 2486 2504
3 2504 2486 2505
3 2514 2503 2515
3 2515 2503 2502
3 2485 2492 2486
3 2486 2492 2505
3 2506 2477 2516
3 2516 2477 2517
3 2476 2484 2512
3 2512 2484 2509
3 2510 2494 2292
3 2292 2494 2153
3 2513 2517 2473
3 2473 2517 2477
3 2491 2496 2481
3 2481 2496 2482
3 2504 2505 2506
3 2506 2505 2500
3 2503 2514 2486
3 2486 2514 2487
3 2487 2514 2471
3 2471 2514 2472
3 2517 2518 2516
3 2516 2518 2519
3 2517 2513 2518
3 2518 2513 2520
3 2513 2512 2520
3 2520 2512 2521
3 2512 2509 2521
3 2521 2509 2522
3 2516 2519 2501
3 2501 2519 2523
3 2501 2523 2502
3 2502 2523 2524
3 2515 2502 2525
3 2525 2502 2524
3 2527 2526 2519
3 2519 2526 2523
3 2531 2528 2530
3 2530 2528 2529
3 2533 2531 2532
3 2532 2531 2530
3 2530 2534 2532
3 2532 2534 2535
3 2538 2534 2537
3 2537 2534 2536
3 2535 2534 2539
3 2539 2534 2538
3 2536 2534 2529
3 2529 2534 2530
3 2541 2529 2540
3 2540 2529 2528
3 2532 2535 2533
3 2533 2535 2542
3 2533 2542 2520
3 2520 2542 2518
3 2533 2520 2543
3 2543 2520 2521
3 2531 2533 2544
3 2544 2533 2543
3 2544 2545 2531
3 2531 2545 2528
3 2535 2539 2542
3 2542 2539 2527
3 2527 2519 2542
3 2542 2519 2518
3 2540 2528 2546
3 2546 2528 2545
3 2547 2548 2544
3 2544 2548 2545
3 2546 2545 2549
3 2549 2545 2548
3 2548 2547 2551
3 2551 2547 2550
3 2547 2552 2550
3 2550 2552 2553
3 2549 2548 2554
3 2554 2548 2551
3 2544 2543 2547
3 2547 2543 2552
3 2543 2521 2552
3 2552 2521 2522
3 2555 2556 2546
3 2546 2556 2540
3 2540 2556 2541
3 2541 2556 2557
3 2538 2558 2539
3 2539 2558 2527
3 2558 2538 2559
3 2559 2538 2537
3 2527 2558 2526
3 2526 2558 2560
3 2560 2558 2561
3 2561 2558 2559
3 2559 2537 2563
3 2563 2537 2562
3 2557 2556 2562
3 2562 2556 2563
3 2509 2508 2522
3 2522 2508 2564
3 2507 2515 2565
3 2565 2515 2525
3 2565 2564 2507
3 2507 2564 2508
3 2564 2565 2553
3 2553 2565 2566
3 2553 2566 2550
3 2550 2566 2567
3 2565 2525 2566
3 2566 2525 2568
3 2564 2553 2522
3 2522 2553 2552
3 2525 2524 2568
3 2568 2524 2569
3 2569 2524 2526
3 2526 2524 2523
3 2570 2569 2560
3 2560 2569 2526
3 2570 2571 2569
3 2569 2571 2568
3 2572 2573 2570
3 2570 2573 2571
3 2566 2568 2567
3 2567 2568 2571
3 2567 2571 2574
3 2574 2571 2573
3 2570 2560 2572
3 2572 2560 2561
3 2576 2575 2561
3 2561 2575 2572
3 2575 2577 2579
3 2579 2577 2578
3 2575 2579 2572
3 2572 2579 2573
3 2575 2576 2577
3 2577 2576 2555
3 2576 2563 2555
3 2555 2563 2556
3 2563 2576 2559
3 2559 2576 2561
3 2550 2567 2551
3 2551 2567 2574
3 2578 2554 2574
3 2574 2554 2551
3 2578 2574 2579
3 2579 2574 2573
3 2578 2577 2554
3 2554 2577 2549
3 2549 2577 2546
3 2546 2577 2555
3 2529 2541 2536
3 2536 2541 2557
3 2557 2562 2536
3 2536 2562 2537
3 2481 2480 2294
3 2294 2480 2291
3 2580 2511 2488
3 2488 2511 2485
3 2498 2490 2497
3 2497 2490 2489
3 2490 2498 2491
3 2491 2498 2496
3 2154 2153 2493
3 2493 2153 2494
3 2580 2488 2489
3 2489 2488 2497
3 2480 2510 2291
3 2291 2510 2292
3 2493 2511 2154
3 2154 2511 2190
3 2494 2510 2495
3 2495 2510 2499
3 2246 2491 2294
3 2294 2491 2481
3 2583 2584 2582
3 2582 2584 2581
3 2588 2585 2587
3 2587 2585 2586
3 2585 2589 2586
3 2586 2589 2590
3 2594 2591 2593
3 2593 2591 2592
3 2595 2596 2598
3 2598 2596 2597
3 2600 2588 2599
3 2599 2588 2587
3 2601 2602 2604
3 2604 2602 2603
3 2606 2607 2605
3 2605 2607 2608
3 2609 2189 2607
3 2607 2189 2608
3 2610 2611 2613
3 2613 2611 2612
3 2599 2587 2614
3 2614 2587 2594
3 2598 2597 2605
3 2605 2597 2606
3 2604 2603 2615
3 2615 2603 2583
3 2582 2599 2616
3 2616 2599 2614
3 2617 2590 2613
3 2613 2590 2618
3 2622 2619 2621
3 2621 2619 2620
3 2613 2618 2610
3 2610 2618 2623
3 2624 2618 2589
3 2589 2618 2590
3 2617 2591 2590
3 2590 2591 2586
3 2581 2584 2626
3 2626 2584 2625
3 2600 2581 2627
3 2627 2581 2626
3 2591 2617 2592
3 2592 2617 2628
3 2601 2596 2610
3 2610 2596 2611
3 2582 2581 2599
3 2599 2581 2600
3 2629 2630 2588
3 2588 2630 2585
3 2615 2583 2616
3 2616 2583 2582
3 2587 2586 2594
3 2594 2586 2591
3 2584 2631 2625
3 2625 2631 2632
3 2624 2633 2622
3 2622 2633 2619
3 2621 2602 2622
3 2622 2602 2623
3 2620 2632 2621
3 2621 2632 2631
3 2610 2623 2601
3 2601 2623 2602
3 2589 2634 2624
3 2624 2634 2633
3 2588 2600 2629
3 2629 2600 2627
3 2193 2628 2194
3 2194 2628 2612
3 2630 2634 2585
3 2585 2634 2589
3 2609 2614 2593
3 2593 2614 2594
3 2622 2623 2624
3 2624 2623 2618
3 2631 2603 2621
3 2621 2603 2602
3 2584 2583 2631
3 2631 2583 2603
3 2634 2635 2633
3 2633 2635 2636
3 2634 2630 2635
3 2635 2630 2637
3 2630 2629 2637
3 2637 2629 2638
3 2638 2629 2639
3 2639 2629 2627
3 2633 2636 2619
3 2619 2636 2640
3 2619 2640 2620
3 2620 2640 2641
3 2641 2642 2620
3 2620 2642 2632
3 2640 2636 2643
3 2643 2636 2644
3 2648 2645 2647
3 2647 2645 2646
3 2650 2648 2649
3 2649 2648 2647
3 2647 2651 2649
3 2649 2651 2652
3 2651 2653 2655
3 2655 2653 2654
3 2652 2651 2656
3 2656 2651 2655
3 2647 2646 2651
3 2651 2646 2653
3 2646 2645 2658
3 2658 2645 2657
3 2649 2652 2650
3 2650 2652 2659
3 2650 2659 2637
3 2637 2659 2635
3 2650 2637 2660
3 2660 2637 2638
3 2648 2650 2661
3 2661 2650 2660
3 2662 2645 2661
3 2661 2645 2648
3 2659 2652 2644
3 2644 2652 2656
3 2644 2636 2659
3 2659 2636 2635
3 2663 2657 2662
3 2662 2657 2645
3 2664 2665 2661
3 2661 2665 2662
3 2663 2662 2666
3 2666 2662 2665
3 2665 2664 2668
3 2668 2664 2667
3 2664 2669 2667
3 2667 2669 2670
3 2666 2665 2671
3 2671 2665 2668
3 2661 2660 2664
3 2664 2660 2669
3 2660 2638 2669
3 2669 2638 2639
3 2672 2673 2663
3 2663 2673 2657
3 2657 2673 2658
3 2658 2673 2674
3 2655 2675 2656
3 2656 2675 2644
3 2655 2654 2675
3 2675 2654 2676
3 2675 2677 2644
3 2644 2677 2643
3 2677 2675 2678
3 2678 2675 2676
3 2680 2676 2679
3 2679 2676 2654
3 2674 2673 2679
3 2679 2673 2680
3 2627 2626 2639
3 2639 2626 2681
3 2682 2625 2642
3 2642 2625 2632
3 2681 2626 2682
3 2682 2626 2625
3 2670 2681 2683
3 2683 2681 2682
3 2667 2670 2684
3 2684 2670 2683
3 2682 2642 2683
3 2683 2642 2685
3 2681 2670 2639
3 2639 2670 2669
3 2686 2685 2641
3 2641 2685 2642
3 2641 2640 2686
3 2686 2640 2643
3 2686 2643 2687
3 2687 2643 2677
3 2687 2688 2686
3 2686 2688 2685
3 2689 2690 2687
3 2687 2690 2688
3 2683 2685 2684
3 2684 2685 2688
3 2684 2688 2691
3 2691 2688 2690
3 2687 2677 2689
3 2689 2677 2678
3 2693 2692 2678
3 2678 2692 2689
3 2692 2694 2696
3 2696 2694 2695
3 2692 2696 2689
3 2689 2696 2690
3 2692 2693 2694
3 2694 2693 2672
3 2693 2680 2672
3 2672 2680 2673
3 2678 2676 2693
3 2693 2676 2680
3 2684 2691 2667
3 2667 2691 2668
3 2695 2671 2691
3 2691 2671 2668
3 2696 2695 2690
3 2690 2695 2691
3 2694 2666 2695
3 2695 2666 2671
3 2666 2694 2663
3 2663 2694 2672
3 2646 2658 2653
3 2653 2658 2674
3 2674 2679 2653
3 2653 2679 2654
3 2593 2592 2155
3 2155 2592 2290
3 2596 2601 2597
3 2597 2601 2604
3 2615 2616 2606
3 2606 2616 2607
3 2607 2616 2609
3 2609 2616 2614
3 2697 2611 2595
3 2595 2611 2596
3 2597 2604 2606
3 2606 2604 2615
3 2592 2628 2290
3 2290 2628 2193
3 2628 2617 2612
3 2612 2617 2613
3 2593 2155 2609
3 2609 2155 2189
3 2085 2698 2009
3 2009 2698 2699
3 2266 2700 2115
3 2115 2700 2701
3 2115 2701 2116
3 2116 2701 2702
3 2704 2253 2703
3 2703 2253 2249
3 2010 2705 2266
3 2266 2705 2700
3 2288 2706 2085
3 2085 2706 2698
3 2009 2699 2010
3 2010 2699 2705
3 2707 2706 2250
3 2250 2706 2288
3 2249 2116 2703
3 2703 2116 2702
3 2704 2707 2253
3 2253 2707 2250
3 2707 2708 2706
3 2706 2708 2709
3 2707 2704 2708
3 2708 2704 2710
3 2704 2703 2710
3 2710 2703 2711
3 2703 2702 2711
3 2711 2702 2712
3 2706 2709 2698
3 2698 2709 2713
3 2698 2713 2699
3 2699 2713 2714
3 2699 2714 2705
3 2705 2714 2715
3 2713 2709 2716
3 2716 2709 2717
3 2721 2718 2720
3 2720 2718 2719
3 2720 2722 2721
3 2721 2722 2723
3 2725 2722 2724
3 2724 2722 2720
3 2725 2724 2727
3 2727 2724 2726
3 2728 2724 2719
3 2719 2724 2720
3 2719 2729 2728
3 2728 2729 2730
3 2729 2719 2731
3 2731 2719 2718
3 2723 2722 2732
3 2732 2722 2725
3 2723 2732 2710
3 2710 2732 2708
3 2711 2733 2710
3 2710 2733 2723
3 2733 2734 2723
3 2723 2734 2721
3 2718 2721 2735
3 2735 2721 2734
3 2725 2727 2732
3 2732 2727 2717
3 2717 2709 2732
3 2732 2709 2708
3 2731 2718 2736
3 2736 2718 2735
3 2737 2738 2734
3 2734 2738 2735
3 2738 2739 2735
3 2735 2739 2736
3 2741 2738 2740
3 2740 2738 2737
3 2743 2740 2742
3 2742 2740 2737
3 2741 2744 2738
3 2738 2744 2739
3 2742 2737 2733
3 2733 2737 2734
3 2733 2711 2742
3 2742 2711 2712
3 2746 2731 2745
3 2745 2731 2736
3 2731 2746 2729
3 2729 2746 2730
3 2726 2747 2727
3 2727 2747 2717
3 2747 2726 2749
3 2749 2726 2748
3 2747 2750 2717
3 2717 2750 2716
3 2749 2751 2747
3 2747 2751 2750
3 2749 2748 2753
3 2753 2748 2752
3 2753 2752 2746
3 2746 2752 2730
3 2726 2724 2748
3 2748 2724 2728
3 2748 2728 2752
3 2752 2728 2730
3 2701 2754 2702
3 2702 2754 2712
3 2755 2700 2715
3 2715 2700 2705
3 2700 2755 2701
3 2701 2755 2754
3 2754 2755 2743
3 2743 2755 2756
3 2740 2743 2757
3 2757 2743 2756
3 2758 2756 2715
3 2715 2756 2755
3 2754 2743 2712
3 2712 2743 2742
3 2759 2758 2714
3 2714 2758 2715
3 2713 2716 2714
3 2714 2716 2759
3 2750 2760 2716
3 2716 2760 2759
3 2758 2759 2761
3 2761 2759 2760
3 2762 2763 2760
3 2760 2763 2761
3 2761 2757 2758
3 2758 2757 2756
3 2757 2761 2764
3 2764 2761 2763
3 2751 2762 2750
3 2750 2762 2760
3 2762 2751 2765
3 2765 2751 2766
3 2767 2768 2765
3 2765 2768 2769
3 2765 2769 2762
3 2762 2769 2763
3 2745 2767 2766
3 2766 2767 2765
3 2746 2745 2753
3 2753 2745 2766
3 2751 2749 2766
3 2766 2749 2753
3 2741 2740 2764
3 2764 2740 2757
3 2768 2744 2764
3 2764 2744 2741
3 2763 2769 2764
3 2764 2769 2768
3 2767 2739 2768
3 2768 2739 2744
3 2739 2767 2736
3 2736 2767 2745
3 2213 2199 2211
3 2211 2199 2200
3 2200 2201 2211
3 2211 2201 2184
3 2191 2190 2580
3 2580 2190 2511
3 2058 2289 2055
3 2055 2289 2271
3 2277 2293 2198
3 2198 2293 2173
3 2290 2193 2174
3 2174 2193 2062
3 2489 2132 2580
3 2580 2132 2191
3 2132 2131 2191
3 2191 2131 2188
3 2137 2054 2275
3 2275 2054 2053
3 2082 2278 2083
3 2083 2278 2770
3 2770 2278 2598
3 2598 2278 2595
3 2605 2771 2598
3 2598 2771 2770
3 2771 2772 2770
3 2770 2772 2083
3 2772 2773 2083
3 2083 2773 2084
3 2143 2081 2774
3 2774 2081 2084
3 2077 2774 2773
3 2773 2774 2084
3 2775 2078 2773
3 2773 2078 2077
3 2773 2772 2775
3 2775 2772 2776
3 2772 2771 2776
3 2776 2771 2777
3 2189 2188 2608
3 2608 2188 2777
3 2180 2778 2051
3 2051 2778 2052
3 2077 2080 2774
3 2774 2080 2143
3 2174 2173 2152
3 2152 2173 2293
3 2777 2188 2275
3 2275 2188 2131
3 2777 2771 2608
3 2608 2771 2605
3 2611 2697 2612
3 2612 2697 2194
3 2595 2278 2697
3 2697 2278 2194
3 2053 2776 2275
3 2275 2776 2777
3 2776 2053 2775
3 2775 2053 2052
3 2078 2775 2778
3 2778 2775 2052
3 2180 2079 2778
3 2778 2079 2078
3 2239 2079 2238
3 2238 2079 2180
3 2121 2255 2013
3 2006 2075 1981
3 1981 2075 2041
3 2007 2006 1984
3 1984 2006 1981
3 2265 2264 2096
3 2096 2264 2094
3 2075 2049 2041
3 2041 2049 2046
3 2041 2046 2042
3 2042 2046 2045
3 2042 2045 1992
3 1992 2045 2117
3 1992 2117 1993
3 1993 2117 1994
3 2011 2010 1991
3 1991 2010 2266
3 1996 2011 1993
3 1993 2011 1991
3 2011 1996 2012
3 2012 1996 2225
3 2224 2086 2225
3 2225 2086 2012
3 2287 2086 2231
3 2231 2086 2224
3 2251 2287 2069
3 2069 2287 2231
3 2252 2251 2024
3 2024 2251 2069
3 2252 2024 2248
3 2248 2024 1987
3 2267 2266 2114
3 2114 2266 2115
3 2095 1983 2236
3 2236 1983 1990
3 1983 2095 1984
3 1984 2095 2094
3 1984 2094 2007
3 2007 2094 2264
3 2007 2264 2008
3 2008 2264 2091
3 2008 2091 2285
3 2285 2091 2090
3 2285 2090 2237
3 2237 2090 2254
3 2237 2254 2238
3 2238 2254 2255
3 2238 2255 2239
3 2239 2255 2121
3 2239 2121 2240
3 2240 2121 2120
3 2265 2096 2017
3 2017 2096 2021
3 2021 2023 2017
3 2017 2023 2018
3 2072 2018 2071
3 2071 2018 2023
3 2229 2072 2227
3 2227 2072 2071
3 2182 2229 2183
3 2183 2229 2227
3 2257 2240 2284
3 2284 2240 2120
3 2256 2257 2035
3 2035 2257 2284
3 2256 2192 2144
3 2144 2192 2176
3 2036 2195 2192
3 2192 2195 2172
3 2035 2036 2256
3 2256 2036 2192
3 2195 2036 2065
3 2065 2036 2034
3 2066 2033 2107
3 2107 2033 2060
3 2203 2066 2207
3 2207 2066 2107
3 2202 2203 2209
3 2209 2203 2207
3 2185 2202 2279
3 2279 2202 2209
3 2182 2185 2234
3 2234 2185 2279
3 2248 1987 2113
3 2113 1987 1986
3 2113 1986 2114
3 2114 1986 2236
3 1990 2267 2236
3 2236 2267 2114
3 1990 1989 2267
3 2267 1989 1991
3 106 109 2780
3 2780 109 2779
3 116 2781 117
3 117 2781 2782
3 118 2783 119
3 119 2783 2784
3 2786 125 2785
3 2785 125 124
3 2788 127 2787
3 2787 127 126
3 126 131 2787
3 2787 131 2789
3 230 229 2791
3 2791 229 2790
3 117 2782 118
3 118 2782 2783
3 240 242 2793
3 2793 242 2792
3 351 106 2794
3 2794 106 2780
3 2795 436 2784
3 2784 436 119
3 2779 109 2786
3 2786 109 125
3 2797 455 2796
3 2796 455 454
3 2798 456 2788
3 2788 456 127
3 2781 116 2797
3 2797 116 455
3 2796 454 2793
3 2793 454 240
3 456 2798 124
3 124 2798 2785
3 131 230 2789
3 2789 230 2791
3 436 2795 229
3 229 2795 2790
3 2787 2789 2788
3 2788 2789 2791
3 2784 2783 2800
3 2800 2783 2799
3 2802 2786 2801
3 2801 2786 2785
3 2791 2790 2804
3 2804 2790 2803
3 2783 2782 2799
3 2799 2782 2805
3 2806 2795 2800
3 2800 2795 2784
3 2786 2802 2779
3 2779 2802 2807
3 2809 2798 2808
3 2808 2798 2788
3 2801 2785 2809
3 2809 2785 2798
3 2790 2795 2803
3 2803 2795 2806
3 2788 2791 2808
3 2808 2791 2804
3 2793 2810 2796
3 2796 2810 2811
3 2803 2809 2804
3 2804 2809 2808
3 2806 2801 2803
3 2803 2801 2809
3 2800 2802 2806
3 2806 2802 2801
3 2807 2802 2799
3 2799 2802 2800
3 2813 698 2812
3 2812 698 697
3 2779 2807 2780
3 2780 2807 2814
3 2797 2815 2781
3 2781 2815 2816
3 2794 2780 2817
3 2817 2780 2814
3 2796 2811 2797
3 2797 2811 2815
3 2782 2781 2805
3 2805 2781 2816
3 2814 2807 2805
3 2805 2807 2799
3 2793 2792 2810
3 2810 2792 2818
3 361 383 200
3 200 383 173
3 1776 389 1765
3 1765 389 199
3 397 389 1777
3 1777 389 1776
3 221 397 360
3 360 397 1777
3 628 627 2820
3 2820 627 2819
3 627 789 2819
3 2819 789 1405
3 1233 1232 1414
3 1414 1232 793
3 1311 1406 789
3 789 1406 1405
3 1315 2821 1311
3 1311 2821 1406
3 1378 1542 1379
3 1379 1542 2822
3 1382 1381 1737
3 1737 1381 1384
3 1385 1381 790
3 790 1381 1380
3 1232 1385 793
3 793 1385 790
3 1388 1259 1389
3 1389 1259 1258
3 1904 1541 1393
3 1393 1541 1394
3 1397 1396 1412
3 1412 1396 1409
3 1396 628 1409
3 1409 628 2820
3 2822 2821 1379
3 1379 2821 1315
3 1378 1377 1394
3 1394 1377 1391
3 1397 1382 1398
3 1398 1382 1737
3 1233 1388 1234
3 1234 1388 1387
3 1392 1390 1393
3 1393 1390 1389
3 779 778 1383
3 1383 778 1380
3 792 791 787
3 787 791 1281
3 1260 1431 1261
3 1261 1431 1430
3 1399 1341 1407
3 1407 1341 1408
3 1411 1410 1543
3 1543 1410 1507
3 1413 792 786
3 786 792 787
3 1429 1428 2819
3 2819 1428 2820
3 2821 2822 1505
3 1505 2822 1506
3 791 778 1281
3 1281 778 777
3 1408 1429 1405
3 1405 1429 2819
3 1428 1410 2820
3 2820 1410 1409
3 1407 1406 1505
3 1505 1406 2821
3 1543 780 1411
3 1411 780 779
3 1413 1260 1414
3 1414 1260 1259
3 923 922 2823
3 2823 922 1333
3 1266 2824 1267
3 1267 2824 2825
3 2827 2826 1211
3 1211 2826 768
3 1266 1265 1189
3 1189 1265 1491
3 2829 1488 2828
3 2828 1488 1487
3 1327 922 1328
3 1328 922 921
3 2831 1484 2830
3 2830 1484 1483
3 1485 1484 2832
3 2832 1484 1481
3 1489 1488 1492
3 1492 1488 1323
3 1489 1265 1490
3 1490 1265 1264
3 2836 2833 2835
3 2835 2833 2834
3 2838 2826 2837
3 2837 2826 1249
3 2840 2839 1490
3 1490 2839 1487
3 1267 2825 2841
3 2841 2825 2842
3 1495 1494 2844
3 2844 1494 2843
3 925 2845 2846
3 2846 2845 1426
3 2839 2847 1487
3 1487 2847 2828
3 926 2848 921
3 921 2848 1328
3 2849 2850 767
3 767 2850 1212
3 1264 1267 2851
3 2851 1267 2841
3 2851 2840 1264
3 1264 2840 1490
3 2853 2854 2852
3 2852 2854 2855
3 2854 2856 2855
3 2855 2856 597
3 2856 2857 597
3 597 2857 594
3 625 594 2858
3 2858 594 2857
3 2860 2859 651
3 651 2859 648
3 2862 2861 641
3 641 2861 638
3 638 2861 704
3 704 2861 2863
3 2864 1417 2863
3 2863 1417 704
3 1417 2864 2866
3 2866 2864 2865
3 2866 1760 1347
3 1347 1760 1759
3 1196 1763 1197
3 1197 1763 2867
3 1197 2867 610
3 610 2867 2868
3 610 2868 611
3 611 2868 2869
3 1351 1349 943
3 943 1349 687
3 1349 1255 687
3 687 1255 684
3 1255 1254 684
3 684 1254 691
3 2871 691 2870
3 2870 691 1254
3 700 2872 697
3 697 2872 2812
3 692 691 1348
3 1348 691 2871
3 1574 1573 1743
3 1743 1573 1695
3 1577 1576 1617
3 1617 1576 1752
3 1608 1607 1593
3 1593 1607 1728
3 1611 1610 1629
3 1629 1610 1724
3 1625 1624 1606
3 1606 1624 1603
3 1623 1702 1624
3 1624 1702 1911
3 1912 1911 1701
3 1701 1911 1702
3 1701 1752 1912
3 1912 1752 1576
3 1577 1914 1568
3 1568 1914 1597
3 1915 1914 1614
3 1614 1914 1615
3 1573 1915 1695
3 1695 1915 1614
3 1916 1574 1744
3 1744 1574 1743
3 1608 1916 1564
3 1564 1916 1744
3 1610 1607 1724
3 1724 1607 1567
3 1611 1917 1612
3 1612 1917 2873
3 1606 2873 1625
3 1625 2873 1917
3 1562 1561 1612
3 1612 1561 1609
3 1570 1569 1549
3 1549 1569 1546
3 1580 1579 1575
3 1575 1579 1572
3 1595 1594 1555
3 1555 1594 1552
3 1580 1595 1581
3 1581 1595 1555
3 1569 1598 1546
3 1546 1598 1550
3 1601 1600 1913
3 1913 1600 1730
3 1605 1604 1688
3 1688 1604 1685
3 1691 1598 1742
3 1742 1598 1597
3 2873 1606 1722
3 1722 1606 1605
3 1594 1729 1552
3 1552 1729 1726
3 1604 1600 1685
3 1685 1600 1599
3 1570 1601 1571
3 1571 1601 1913
3 1691 1579 1692
3 1692 1579 1578
3 1722 1562 2873
3 2873 1562 1612
3 1729 1561 1726
3 1726 1561 1560
3 1548 1547 1741
3 1741 1547 1948
3 1547 1551 1948
3 1948 1551 1693
3 1554 1553 1588
3 1588 1553 1953
3 1558 1557 1578
3 1578 1557 1692
3 1584 1583 1563
3 1563 1583 1560
3 1554 1587 1555
3 1555 1587 1581
3 1591 1590 1602
3 1602 1590 1599
3 1687 1686 1976
3 1976 1686 1980
3 1563 1721 1584
3 1584 1721 1689
3 1557 1551 1692
3 1692 1551 1550
3 1553 1727 1953
3 1953 1727 1750
3 1686 1590 1980
3 1980 1590 1589
3 1548 1591 1549
3 1549 1591 1602
3 1689 1687 1690
3 1690 1687 1976
3 1558 1587 1559
3 1559 1587 1586
3 1583 1727 1560
3 1560 1727 1726
3 1947 1946 1918
3 1918 1946 2874
3 1556 1559 1951
3 1951 1559 1952
3 1932 1931 1954
3 1954 1931 1955
3 1955 1957 1588
3 1588 1957 1586
3 1954 1964 1932
3 1932 1964 1958
3 1966 1965 1963
3 1963 1965 1960
3 1966 1968 1589
3 1589 1968 1980
3 1947 1971 1948
3 1948 1971 1741
3 1971 1965 1741
3 1741 1965 1592
3 1952 1957 1949
3 1949 1957 1956
3 1974 1973 1585
3 1585 1973 1582
3 1978 1977 1942
3 1942 1977 1939
3 1974 1978 1975
3 1975 1978 1942
3 1946 1951 2874
3 2874 1951 1950
3 1967 1939 1968
3 1968 1939 1977
3 1964 1973 1958
3 1958 1973 1972
3 1920 1919 1970
3 1970 1919 1922
3 1923 1919 2874
3 2874 1919 1918
3 2874 1950 1923
3 1923 1950 1925
3 1929 1928 1956
3 1956 1928 1949
3 2243 2242 1933
3 1933 2242 1934
3 1972 1975 1936
3 1936 1975 1937
3 1941 1940 1979
3 1979 1940 1943
3 1944 1940 1967
3 1967 1940 1939
3 1933 1959 2243
3 2243 1959 2286
3 1962 1961 2244
3 2244 1961 1969
3 1929 1934 1930
3 1930 1934 2242
3 1928 1927 1925
3 1925 1927 1926
3 1920 1961 1921
3 1921 1961 1960
3 1944 1962 1945
3 1945 1962 2244
3 1941 1937 1942
3 1942 1937 1975
3 1959 1936 2286
3 2286 1936 1935
3 608 607 1237
3 1237 607 742
3 743 607 1810
3 1810 607 606
3 1303 2875 1304
3 1304 2875 2876
3 585 584 1297
3 1297 584 1298
3 1299 1298 701
3 701 1298 584
3 1300 1299 1427
3 1427 1299 701
3 1297 608 585
3 585 608 1237
3 2877 2878 1217
3 1217 2878 2876
3 1818 1811 2880
3 2880 1811 2879
3 2882 1820 2881
3 2881 1820 1819
3 620 619 2840
3 2840 619 2839
3 794 2841 795
3 795 2841 2842
3 2844 2843 894
3 894 2843 891
3 619 941 2839
3 2839 941 2847
3 2848 926 1201
3 1201 926 1202
3 2851 2841 1269
3 1269 2841 794
3 1269 620 2851
3 2851 620 2840
3 2883 941 1758
3 1758 941 940
3 658 928 1426
3 1426 928 2846
3 1236 2850 750
3 750 2850 2849
3 1215 2884 1216
3 1216 2884 1753
3 732 2885 733
3 733 2885 2886
3 1814 2887 1815
3 1815 2887 2888
3 1815 2888 1244
3 1244 2888 2889
3 1245 1824 2890
3 2890 1824 1823
3 2891 2892 2894
3 2894 2892 2893
3 1831 1850 1832
3 1832 1850 1853
3 1875 1883 1831
3 1831 1883 1850
3 1875 1442 1883
3 1883 1442 1440
3 1440 1442 1441
3 1441 1442 1445
3 1441 1445 2895
3 2895 1445 1506
3 2896 2822 2897
3 2897 2822 1542
3 2897 1542 2898
3 2898 1542 1541
3 1541 1904 2898
3 2898 1904 2899
3 2900 2899 1258
3 1258 2899 1904
3 1261 1430 2901
3 2901 1430 1903
3 1901 1903 1433
3 1433 1903 1430
3 1901 1433 2902
3 2902 1433 718
3 2902 718 2903
3 2903 718 717
3 717 1868 2903
3 2903 1868 1880
3 1880 1868 1879
3 1879 1868 755
3 1879 755 2904
3 2904 755 754
3 757 2905 754
3 754 2905 2904
3 761 2906 762
3 762 2906 2907
3 723 722 2908
3 2908 722 893
3 722 795 893
3 893 795 894
3 894 795 2844
3 2844 795 2842
3 2844 2842 1495
3 1495 2842 2825
3 1495 2825 1496
3 1496 2825 2824
3 1496 2824 2835
3 2835 2824 1188
3 2836 797 890
3 890 797 796
3 890 796 887
3 887 796 801
3 2909 2910 2912
3 2912 2910 2911
3 2913 2914 1782
3 1782 2914 1779
3 831 830 2916
3 2916 830 2915
3 845 844 2918
3 2918 844 2917
3 2919 2915 846
3 846 2915 830
3 857 856 2921
3 2921 856 2920
3 860 859 2923
3 2923 859 2922
3 886 845 2911
3 2911 845 2918
3 846 939 2919
3 2919 939 2924
3 1203 860 2925
3 2925 860 2923
3 844 831 2917
3 2917 831 2916
3 1449 1448 2927
3 2927 1448 2926
3 2930 888 2929
3 2929 888 2928
3 2895 1506 2896
3 2896 1506 2822
3 1258 1261 2900
3 2900 1261 2901
3 1235 749 2932
3 2932 749 2931
3 1834 1235 2933
3 2933 1235 2932
3 2937 2934 2936
3 2936 2934 2935
3 2941 2938 2940
3 2940 2938 2939
3 2943 1841 2942
3 2942 1841 1840
3 2943 2944 1841
3 1841 2944 1859
3 1858 1859 2945
3 2945 1859 2944
3 1889 1888 1855
3 1855 1888 2946
3 1855 2946 1856
3 1856 2946 2947
3 1828 2948 708
3 708 2948 2949
3 2951 729 2950
3 2950 729 728
3 1760 2866 2952
3 2952 2866 2865
3 1419 1760 2953
3 2953 1760 2952
3 741 1419 2954
3 2954 1419 2953
3 738 741 2955
3 2955 741 2954
3 759 738 2956
3 2956 738 2955
3 760 759 2957
3 2957 759 2956
3 2957 2958 760
3 760 2958 2959
3 2958 2960 2959
3 2959 2960 2961
3 2962 2963 1838
3 1838 2963 1839
3 2941 1839 2964
3 2964 1839 2963
3 2948 2938 2949
3 2949 2938 2965
3 2967 2935 2966
3 2966 2935 2934
3 2968 2969 735
3 735 2969 734
3 2887 1814 2886
3 2886 1814 733
3 2886 2881 2887
3 2887 2881 2880
3 1818 1819 1816
3 1816 1819 747
3 1423 1196 1756
3 1756 1196 1194
3 645 1423 646
3 646 1423 1756
3 642 645 647
3 647 645 646
3 736 642 1270
3 1270 642 647
3 764 736 724
3 724 736 1270
3 761 764 723
3 723 764 724
3 2908 2906 723
3 723 2906 761
3 1253 1436 2908
3 2908 1436 2906
3 1834 1835 1252
3 1252 1835 1437
3 2933 2937 1834
3 1834 2937 1835
3 2966 2934 2971
3 2971 2934 2970
3 2969 2968 895
3 895 2968 896
3 730 733 1813
3 1813 733 1814
3 727 1214 895
3 895 1214 731
3 2884 1215 732
3 732 1215 2885
3 1215 1218 2885
3 2885 1218 2882
3 2875 1303 1820
3 1820 1303 748
3 1303 1302 748
3 748 1302 745
3 1817 2972 1816
3 1816 2972 1809
3 746 2973 1817
3 1817 2973 2972
3 1302 2973 745
3 745 2973 746
3 2977 2974 2976
3 2976 2974 2975
3 2899 2900 2978
3 2978 2900 2975
3 2979 2980 2981
3 2981 2980 2978
3 2983 2982 2979
3 2979 2982 2980
3 2897 2982 2896
3 2896 2982 2984
3 2984 2985 2987
3 2987 2985 2986
3 1438 1441 2987
3 2987 1441 2895
3 2901 1903 2976
3 2976 1903 1902
3 2988 1889 1854
3 1854 1889 1855
3 1358 1889 2989
3 2989 1889 2988
3 1355 1358 2990
3 2990 1358 2989
3 1892 1858 2991
3 2991 1858 2945
3 774 1892 2992
3 2992 1892 2991
3 775 774 2993
3 2993 774 2992
3 2990 2986 1355
3 1355 2986 2985
3 776 775 2977
3 2977 775 2974
3 2994 2979 2993
3 2993 2979 2981
3 2979 2994 2983
3 2983 2994 1356
3 1357 1356 2995
3 2995 1356 2994
3 1888 1357 2996
3 2996 1357 2995
3 2932 2931 2998
3 2998 2931 2997
3 2933 2932 2970
3 2970 2932 2998
3 2937 2936 1835
3 1835 2936 1836
3 2942 1840 2940
3 2940 1840 1837
3 2942 2999 2943
3 2943 2999 3000
3 3000 3001 2943
3 2943 3001 2944
3 2945 2944 3002
3 3002 2944 3001
3 2946 1888 3002
3 3002 1888 2996
3 2947 2946 3001
3 3001 2946 3002
3 2947 3001 3003
3 3003 3001 3000
3 3003 3000 3004
3 3004 3000 2999
3 3004 2999 3005
3 3005 2999 2939
3 2998 3006 2970
3 2970 3006 2971
3 2997 2950 2998
3 2998 2950 3006
3 3007 2951 2997
3 2997 2951 2950
3 2965 2964 2935
3 2935 2964 2936
3 2934 2937 2970
3 2970 2937 2933
3 2991 2945 2996
3 2996 2945 3002
3 2992 2991 2995
3 2995 2991 2996
3 2993 2992 2994
3 2994 2992 2995
3 2983 1356 2985
3 2985 1356 1355
3 2981 2974 2993
3 2993 2974 775
3 3008 1898 1842
3 1842 1898 1843
3 3009 3008 637
3 637 3008 1842
3 3010 3009 636
3 636 3009 637
3 3011 3010 1829
3 1829 3010 636
3 2893 3011 1832
3 1832 3011 1829
3 1832 1853 2893
3 2893 1853 2894
3 1887 2894 1852
3 1852 2894 1853
3 1891 1884 1856
3 1856 1884 1857
3 1873 1897 3008
3 3008 1897 1898
3 1864 1873 3009
3 3009 1873 3008
3 1861 1864 3010
3 3010 1864 3009
3 1881 1861 3011
3 3011 1861 3010
3 2892 1881 2893
3 2893 1881 3011
3 2888 781 2889
3 2889 781 1849
3 1811 1810 2879
3 2879 1810 782
3 743 1809 744
3 744 1809 2972
3 805 804 2972
3 2972 804 744
3 2972 2973 805
3 805 2973 814
3 814 2973 811
3 811 2973 1302
3 1220 811 1301
3 1301 811 1302
3 1306 3012 1301
3 1301 3012 1220
3 1633 1632 3013
3 3013 1632 1733
3 1636 1635 1648
3 1648 1635 1645
3 1641 1640 1656
3 1656 1640 1653
3 1683 1635 1735
3 1735 1635 1638
3 1698 1697 1712
3 1712 1697 1715
3 1705 1704 1720
3 1720 1704 1717
3 1640 1708 1653
3 1653 1708 1652
3 1698 1713 1622
3 1622 1713 1619
3 1739 1713 1681
3 1681 1713 1711
3 1746 1745 1670
3 1670 1745 1667
3 1749 1748 1649
3 1649 1748 1751
3 1749 1649 1708
3 1708 1649 1652
3 1745 1632 1667
3 1667 1632 1631
3 1748 1636 1751
3 1751 1636 1648
3 1641 1739 1642
3 1642 1739 1681
3 1683 1633 1684
3 1684 1633 3013
3 1746 1704 1747
3 1747 1704 1703
3 1705 1697 1706
3 1706 1697 1696
3 1620 1738 1621
3 1621 1738 1700
3 1647 1646 1565
3 1565 1646 1566
3 1651 1650 1694
3 1694 1650 1663
3 1655 1654 1616
3 1616 1654 1613
3 1659 1658 1706
3 1706 1658 1703
3 1662 1661 1733
3 1733 1661 3013
3 1664 1650 1751
3 1751 1650 1649
3 1655 1666 1656
3 1656 1666 1740
3 1654 1651 1613
3 1613 1651 1694
3 1646 1725 1566
3 1566 1725 1723
3 1662 1732 1627
3 1627 1732 1644
3 1661 1725 3013
3 3013 1725 1684
3 1666 1620 1740
3 1740 1620 1619
3 1664 1647 1665
3 1665 1647 1565
3 1900 1658 1736
3 1736 1658 1657
3 1910 1660 1909
3 1909 1660 1659
3 1909 1621 1910
3 1910 1621 1700
3 1900 1732 1747
3 1747 1732 1731
3 3003 1891 2947
3 2947 1891 1856
3 3004 1890 3003
3 3003 1890 1891
3 2948 1828 3005
3 3005 1828 1827
3 709 2967 735
3 735 2967 2966
3 2971 2968 2966
3 2966 2968 735
3 2968 2971 896
3 896 2971 3006
3 896 3006 728
3 728 3006 2950
3 3015 752 3014
3 3014 752 751
3 3017 766 3016
3 3016 766 765
3 3020 1248 3019
3 3019 1248 3018
3 2914 2913 3018
3 3018 2913 3019
3 3022 2913 3021
3 3021 2913 1782
3 765 768 2838
3 2838 768 2826
3 3020 3023 2837
3 2837 3023 3024
3 767 766 2849
3 2849 766 3025
3 2849 3025 750
3 750 3025 751
3 749 752 2931
3 2931 752 3026
3 2997 2931 3007
3 3007 2931 3026
3 3027 3028 3007
3 3007 3028 2951
3 3028 3029 2951
3 2951 3029 729
3 3033 3030 3032
3 3032 3030 3031
3 3037 3034 3036
3 3036 3034 3035
3 611 2869 3039
3 3039 2869 3038
3 3037 3030 3041
3 3041 3030 3040
3 3033 1351 3042
3 3042 1351 943
3 3043 612 3039
3 3039 612 611
3 1421 1424 3043
3 3043 1424 612
3 669 668 3041
3 3041 668 3044
3 599 598 3042
3 3042 598 3040
3 780 1543 770
3 770 1543 771
3 769 1865 770
3 770 1865 1502
3 770 1502 780
3 780 1502 777
3 1906 415 280
3 280 415 60
3 3046 3045 102
3 102 3045 282
3 3047 75 3048
3 3048 75 78
3 3047 1905 75
3 75 1905 279
3 3049 3050 333
3 333 3050 334
3 415 3051 416
3 416 3051 3052
3 433 3053 434
3 434 3053 3054
3 1907 418 434
3 434 418 427
3 1908 442 419
3 419 442 292
3 78 293 3048
3 3048 293 443
3 442 3055 443
3 443 3055 3056
3 3050 3057 334
3 334 3057 451
3 215 214 1331
3 1331 214 451
3 307 282 461
3 461 282 3045
3 461 3058 333
3 333 3058 3049
3 416 3046 61
3 61 3046 102
3 312 311 433
3 433 311 462
3 572 3059 573
3 573 3059 3060
3 3062 1427 3061
3 3061 1427 1309
3 1257 3063 1254
3 1254 3063 2870
3 931 3064 2852
3 2852 3064 3065
3 698 2813 930
3 930 2813 3066
3 3067 1300 3062
3 3062 1300 1427
3 3061 1309 573
3 573 1309 570
3 1331 3068 572
3 572 3068 3059
3 1906 1905 3070
3 3070 1905 3069
3 1908 1907 3072
3 3072 1907 3071
3 3074 2813 3073
3 3073 2813 2812
3 2853 3075 1257
3 1257 3075 3063
3 3077 2871 3076
3 3076 2871 2870
3 3073 2812 3078
3 3078 2812 2872
3 3079 1348 3077
3 3077 1348 2871
3 2872 700 3067
3 3067 700 1300
3 1329 1200 3079
3 3079 1200 1348
3 3081 3080 1262
3 1262 3080 1263
3 3080 3081 3083
3 3083 3081 3082
3 3084 3085 1447
3 1447 3085 810
3 807 810 3086
3 3086 810 3085
3 3081 832 3082
3 3082 832 3087
3 883 3088 884
3 884 3088 3089
3 3086 1789 807
3 807 1789 815
3 1789 3086 1786
3 1786 3086 3090
3 3086 3085 3090
3 3090 3085 3091
3 3094 3083 3093
3 3093 3083 3092
3 3087 3089 3095
3 3095 3089 3088
3 3083 3082 3092
3 3092 3082 3096
3 3098 3099 3097
3 3097 3099 1785
3 3100 1787 2912
3 2912 1787 3101
3 885 884 836
3 836 884 837
3 1540 3102 836
3 836 3102 885
3 3093 3092 3103
3 3103 3092 3096
3 3095 3088 3105
3 3105 3088 3104
3 3109 3106 3108
3 3108 3106 3107
3 3110 3111 3090
3 3090 3111 1786
3 3106 3112 3107
3 3107 3112 3113
3 3101 3111 3114
3 3114 3111 3113
3 3115 3110 3091
3 3091 3110 3090
3 835 834 837
3 837 834 838
3 884 3089 837
3 837 3089 835
3 3109 3116 1246
3 1246 3116 3117
3 1246 3117 1247
3 1247 3117 3118
3 1247 3118 3120
3 3120 3118 3119
3 3106 3109 843
3 843 3109 1246
3 843 842 3106
3 3106 842 3112
3 842 3098 3112
3 3112 3098 3121
3 1780 3122 3097
3 3097 3122 3123
3 2914 2930 1779
3 1779 2930 2929
3 3018 3124 2914
3 2914 3124 2930
3 1251 2833 3124
3 3124 2833 889
3 3124 3018 1251
3 1251 3018 1248
3 946 945 907
3 907 945 906
3 1184 1187 1368
3 1368 1187 947
3 953 956 950
3 950 956 951
3 949 952 964
3 964 952 909
3 960 959 957
3 957 959 904
3 961 948 977
3 977 948 3125
3 935 934 966
3 966 934 967
3 965 968 992
3 992 968 993
3 901 903 970
3 970 903 971
3 969 972 984
3 984 972 982
3 905 904 973
3 973 904 959
3 974 958 980
3 980 958 976
3 910 909 1142
3 1142 909 952
3 951 956 1141
3 1141 956 1144
3 1367 1365 1142
3 1142 1365 910
3 1141 1144 1368
3 1368 1144 1184
3 1455 965 1518
3 1518 965 992
3 1456 949 1453
3 1453 949 964
3 1459 1458 898
3 898 1458 899
3 1457 1460 990
3 990 1460 987
3 1461 1459 962
3 962 1459 898
3 1462 969 986
3 986 969 984
3 903 905 971
3 971 905 973
3 972 974 982
3 982 974 980
3 1458 967 899
3 899 967 934
3 968 1457 993
3 993 1457 990
3 1088 1087 1525
3 1525 1087 1153
3 1092 1091 1111
3 1111 1091 1108
3 1096 1083 1097
3 1097 1083 1082
3 1077 1470 1099
3 1099 1470 1100
3 1099 1103 1077
3 1077 1103 1074
3 1087 1155 1153
3 1153 1155 1151
3 1155 1154 1371
3 1371 1154 1372
3 1371 1372 1103
3 1103 1372 1074
3 1466 1108 1464
3 1464 1108 1091
3 1464 1181 1467
3 1467 1181 1183
3 1096 1095 1469
3 1469 1095 1473
3 1097 1082 1100
3 1100 1082 1101
3 1111 1530 1092
3 1092 1530 1528
3 1071 1098 1072
3 1072 1098 1101
3 1079 1078 1153
3 1153 1078 1525
3 1080 1090 1081
3 1081 1090 1093
3 1085 1084 1067
3 1067 1084 1068
3 1152 1150 1079
3 1079 1150 1057
3 1175 1178 1176
3 1176 1178 1370
3 1175 1102 1071
3 1071 1102 1098
3 1067 1070 1085
3 1085 1070 1072
3 1468 1179 1083
3 1083 1179 1084
3 1065 1064 1182
3 1182 1064 1180
3 1152 1151 1176
3 1176 1151 1177
3 1182 1181 1080
3 1080 1181 1090
3 1056 1524 1078
3 1078 1524 1526
3 1119 1116 1075
3 1075 1116 1076
3 1086 1089 1106
3 1106 1089 1107
3 1126 1125 1109
3 1109 1125 1110
3 1114 1095 1115
3 1115 1095 1094
3 1470 1077 1118
3 1118 1077 1076
3 1157 1154 1106
3 1106 1154 1086
3 1157 1156 1373
3 1373 1156 1375
3 1373 1075 1372
3 1372 1075 1074
3 1471 1109 1466
3 1466 1109 1108
3 1466 1465 1471
3 1471 1465 1472
3 1114 1113 1474
3 1474 1113 1134
3 1115 1094 1118
3 1118 1094 1470
3 1529 1110 1531
3 1531 1110 1125
3 1516 1479 1275
3 1275 1479 913
3 1223 1222 3127
3 3127 1222 3126
3 932 3128 823
3 823 3128 1454
3 1446 3129 1447
3 1447 3129 3130
3 1452 1451 3132
3 3132 1451 3131
3 1454 1321 1446
3 1446 1321 3129
3 3133 3128 1513
3 1513 3128 932
3 1480 1479 3134
3 3134 1479 1160
3 1498 1223 3135
3 3135 1223 3127
3 1516 1452 1161
3 1161 1452 3132
3 1222 1534 3126
3 3126 1534 1514
3 3094 3084 3130
3 3130 3084 1447
3 3085 3084 3091
3 3091 3084 3136
3 3091 3136 3115
3 3115 3136 3137
3 3109 3108 3116
3 3116 3108 3138
3 3117 3116 3139
3 3139 3116 3104
3 3118 3117 3140
3 3140 3117 3139
3 3118 3140 3119
3 3119 3140 3141
3 881 1276 3142
3 3142 1276 1497
3 3143 3144 1339
3 1339 3144 1338
3 1339 3145 3143
3 3143 3145 3146
3 3144 3143 3142
3 3142 3143 3147
3 1361 871 900
3 900 871 870
3 3143 3146 3147
3 3147 3146 3148
3 1207 3149 1208
3 3097 1785 1780
3 1780 1785 1781
3 2910 3122 2928
3 2928 3122 2929
3 2916 2915 1790
3 1790 2915 1793
3 2918 2917 3100
3 3100 2917 1792
3 1795 1793 2919
3 2919 1793 2915
3 2921 2920 3151
3 3151 2920 3150
3 2923 2922 3153
3 3153 2922 3152
3 2918 3100 2911
3 2911 3100 2912
3 2919 2924 1795
3 1795 2924 3154
3 2925 2923 3155
3 3155 2923 3153
3 2917 2916 1792
3 1792 2916 1790
3 2927 2926 3157
3 3157 2926 3156
3 1779 2929 1780
3 1780 2929 3122
3 1189 1188 1266
3 1266 1188 2824
3 1250 1249 2827
3 2827 1249 2826
3 1488 2829 1323
3 1323 2829 1324
3 1334 1333 1327
3 1327 1333 922
3 1482 1481 2831
3 2831 1481 1484
3 1265 1489 1491
3 1491 1489 1492
3 2823 1333 1345
3 1345 1333 1332
3 721 798 1491
3 1491 798 1189
3 2832 1481 656
3 656 1481 663
3 1492 1323 633
3 633 1323 630
3 2834 1250 1493
3 1493 1250 2827
3 2837 1249 3020
3 3020 1249 1248
3 2835 1188 2836
3 2836 1188 797
3 841 3158 3099
3 3099 3158 3159
3 1787 3100 1788
3 1788 3100 1792
3 1791 815 1788
3 1788 815 1789
3 816 815 1794
3 1794 815 1791
3 937 816 1796
3 1796 816 1794
3 1797 1796 3154
3 3154 1796 1795
3 1798 1797 3157
3 3157 1797 3154
3 1801 1800 3151
3 3151 1800 3156
3 3150 3155 1802
3 1802 3155 1803
3 3153 3152 1804
3 1804 3152 1805
3 1806 1805 3160
3 3160 1805 3152
3 3098 842 3099
3 3099 842 841
3 1787 1786 3101
3 3101 1786 3111
3 3121 3123 3114
3 3114 3123 2909
3 3098 3097 3121
3 3121 3097 3123
3 3070 3051 1906
3 1906 3051 415
3 3162 3045 3161
3 3161 3045 3046
3 3163 258 444
3 444 258 248
3 460 423 3164
3 3164 423 424
3 329 328 409
3 409 328 407
3 331 39 330
3 330 39 38
3 422 304 463
3 463 304 303
3 384 253 457
3 457 253 391
3 411 250 414
3 414 250 249
3 3165 233 336
3 336 233 232
3 3071 1907 3054
3 3054 1907 434
3 3072 3055 1908
3 1908 3055 442
3 3048 443 3166
3 3166 443 3056
3 451 3057 1331
3 1331 3057 3068
3 410 345 3165
3 3165 345 233
3 3058 461 3162
3 3162 461 3045
3 335 259 3163
3 3163 259 258
3 3052 3161 416
3 416 3161 3046
3 3053 433 3167
3 3167 433 462
3 3164 424 829
3 829 424 453
3 3169 3062 3168
3 3168 3062 3061
3 3170 1533 1353
3 1353 1533 1354
3 3067 3062 3171
3 3171 3062 3169
3 3168 3061 3060
3 3060 3061 573
3 3172 1534 3170
3 3170 1534 1533
3 3067 3171 2872
3 2872 3171 3078
3 3173 2838 3024
3 3024 2838 2837
3 3177 3174 3176
3 3176 3174 3175
3 1127 3178 1124
3 1124 3178 3179
3 3183 3180 3182
3 3182 3180 3181
3 3181 1129 3184
3 3184 1129 1133
3 3185 3186 3188
3 3188 3186 3187
3 3187 3189 3188
3 3188 3189 3190
3 3191 3189 1121
3 1121 3189 1136
3 3193 3192 3177
3 3177 3192 3174
3 3194 3178 3183
3 3183 3178 3180
3 3179 3195 3197
3 3197 3195 3196
3 3176 3198 3177
3 3177 3198 3199
3 3194 3200 3195
3 3195 3200 3201
3 3182 3202 3183
3 3183 3202 3203
3 3185 3204 3206
3 3206 3204 3205
3 3188 3207 3185
3 3185 3207 3204
3 3188 3190 3207
3 3207 3190 3208
3 3177 3199 3193
3 3193 3199 3209
3 3183 3203 3194
3 3194 3203 3200
3 3198 3176 3210
3 3210 3176 3196
3 3214 3211 3213
3 3213 3211 3212
3 3218 3215 3217
3 3217 3215 3216
3 3222 3219 3221
3 3221 3219 3220
3 3226 3223 3225
3 3225 3223 3224
3 3230 3227 3229
3 3229 3227 3228
3 3234 3231 3233
3 3233 3231 3232
3 3238 3235 3237
3 3237 3235 3236
3 3240 3238 3239
3 3239 3238 3237
3 3242 3241 3234
3 3234 3241 3231
3 3246 3243 3245
3 3245 3243 3244
3 3245 3244 3248
3 3248 3244 3247
3 3252 3249 3251
3 3251 3249 3250
3 3250 3253 3251
3 3251 3253 3254
3 3258 3255 3257
3 3257 3255 3256
3 3262 3259 3261
3 3261 3259 3260
3 3261 3263 3262
3 3262 3263 3264
3 3266 3265 3258
3 3258 3265 3255
3 3270 3267 3269
3 3269 3267 3268
3 3272 3269 3271
3 3271 3269 3268
3 3276 3273 3275
3 3275 3273 3274
3 3276 3275 3278
3 3278 3275 3277
3 3282 3279 3281
3 3281 3279 3280
3 3284 3280 3283
3 3283 3280 3279
3 3288 3285 3287
3 3287 3285 3286
3 3288 3287 3290
3 3290 3287 3289
3 3216 3234 3217
3 3217 3234 3233
3 3232 3231 3292
3 3292 3231 3291
3 3218 3235 3293
3 3293 3235 3238
3 3294 3236 3292
3 3292 3236 3232
3 3295 3293 3240
3 3240 3293 3238
3 3297 3296 3237
3 3237 3296 3239
3 3242 3234 3215
3 3215 3234 3216
3 3241 3239 3298
3 3298 3239 3296
3 3246 3245 3222
3 3222 3245 3299
3 3243 3253 3301
3 3301 3253 3300
3 3299 3245 3302
3 3302 3245 3248
3 3291 3247 3303
3 3303 3247 3244
3 3219 3252 3220
3 3220 3252 3251
3 3291 3298 3247
3 3247 3298 3249
3 3251 3254 3220
3 3220 3254 3221
3 3253 3250 3300
3 3300 3250 3296
3 3212 3258 3213
3 3213 3258 3257
3 3304 3303 3255
3 3255 3303 3256
3 3214 3259 3305
3 3305 3259 3262
3 3303 3301 3256
3 3256 3301 3260
3 3262 3264 3305
3 3305 3264 3306
3 3307 3263 3300
3 3300 3263 3261
3 3211 3266 3212
3 3212 3266 3258
3 3265 3263 3308
3 3308 3263 3307
3 3230 3270 3309
3 3309 3270 3269
3 3267 3277 3311
3 3311 3277 3310
3 3312 3309 3272
3 3272 3309 3269
3 3313 3304 3268
3 3268 3304 3271
3 3227 3273 3228
3 3228 3273 3276
3 3304 3308 3271
3 3271 3308 3274
3 3228 3276 3229
3 3229 3276 3278
3 3310 3277 3307
3 3307 3277 3275
3 3226 3281 3314
3 3314 3281 3280
3 3316 3282 3315
3 3315 3282 3289
3 3317 3314 3284
3 3284 3314 3280
3 3318 3313 3279
3 3279 3313 3283
3 3223 3285 3224
3 3224 3285 3288
3 3286 3283 3311
3 3283 3313 3311
3 3224 3288 3225
3 3225 3288 3290
3 3315 3289 3310
3 3310 3289 3287
3 3214 3305 3211
3 3211 3305 3306
3 3293 3295 3218
3 3218 3295 3215
3 3219 3222 3302
3 3302 3222 3299
3 3314 3317 3226
3 3226 3317 3223
3 3309 3312 3230
3 3230 3312 3227
3 3236 3235 3232
3 3232 3235 3233
3 3239 3241 3240
3 3240 3241 3242
3 3253 3243 3254
3 3254 3243 3246
3 3249 3252 3247
3 3247 3252 3248
3 3256 3260 3257
3 3257 3260 3259
3 3264 3263 3266
3 3266 3263 3265
3 3278 3277 3270
3 3270 3277 3267
3 3271 3274 3272
3 3272 3274 3273
3 3290 3289 3281
3 3281 3289 3282
3 3283 3286 3284
3 3284 3286 3285
3 3235 3218 3233
3 3233 3218 3217
3 3237 3236 3297
3 3297 3236 3294
3 3240 3242 3295
3 3295 3242 3215
3 3291 3231 3298
3 3298 3231 3241
3 3254 3246 3221
3 3221 3246 3222
3 3303 3244 3301
3 3301 3244 3243
3 3252 3219 3248
3 3248 3219 3302
3 3249 3298 3250
3 3250 3298 3296
3 3259 3214 3257
3 3257 3214 3213
3 3260 3301 3261
3 3261 3301 3300
3 3264 3266 3306
3 3306 3266 3211
3 3304 3255 3308
3 3308 3255 3265
3 3229 3278 3230
3 3230 3278 3270
3 3313 3268 3311
3 3311 3268 3267
3 3272 3273 3312
3 3312 3273 3227
3 3274 3308 3275
3 3275 3308 3307
3 3225 3290 3226
3 3226 3290 3281
3 3279 3282 3318
3 3318 3282 3316
3 3284 3285 3317
3 3317 3285 3223
3 3311 3310 3286
3 3287 3286 3310
3 3192 3193 3320
3 3320 3193 3319
3 3321 1120 3320
3 3320 1120 1374
3 3191 3321 3323
3 3323 3321 3322
3 1122 3175 1123
3 1123 3175 3174
3 3195 3179 3194
3 3194 3179 3178
3 3181 3180 1129
3 1129 3180 1130
3 3186 3185 3184
3 3184 3185 3206
3 1135 3187 1132
3 1132 3187 3186
3 1135 1136 3187
3 3187 1136 3189
3 1123 3174 1158
3 1158 3174 3192
3 1130 3180 1127
3 1127 3180 3178
3 1532 3197 1122
3 1122 3197 3175
3 1158 3192 1374
3 1374 3192 3320
3 3322 3321 3319
3 3319 3321 3320
3 3321 3191 1120
3 1120 3191 1121
3 3324 3319 3209
3 3209 3319 3193
3 3322 3325 3323
3 3323 3325 3326
3 3325 3322 3324
3 3324 3322 3319
3 3328 3204 3327
3 3327 3204 3207
3 3204 3328 3205
3 3205 3328 3329
3 3331 3203 3330
3 3330 3203 3202
3 3333 3324 3332
3 3332 3324 3209
3 3334 3325 3333
3 3333 3325 3324
3 3334 3335 3325
3 3325 3335 3326
3 3190 3323 3208
3 3208 3323 3326
3 3323 3190 3191
3 3191 3190 3189
3 3339 3336 3338
3 3338 3336 3337
3 3337 3340 3338
3 3338 3340 3341
3 3343 3341 3342
3 3342 3341 3340
3 3345 3343 3344
3 3344 3343 3342
3 3347 3345 3346
3 3346 3345 3344
3 3349 3347 3348
3 3348 3347 3346
3 3351 3350 3339
3 3339 3350 3336
3 3353 3352 3351
3 3351 3352 3350
3 3355 3354 3353
3 3353 3354 3352
3 3357 3356 3348
3 3348 3356 3349
3 3359 3358 3355
3 3355 3358 3354
3 3361 3360 3359
3 3359 3360 3358
3 3363 3362 3361
3 3361 3362 3360
3 3356 3357 3363
3 3363 3357 3362
3 3365 3364 3341
3 3341 3364 3338
3 3366 3365 3343
3 3343 3365 3341
3 3367 3366 3345
3 3345 3366 3343
3 3368 3367 3347
3 3347 3367 3345
3 3369 3368 3349
3 3349 3368 3347
3 3371 3370 3368
3 3368 3370 3367
3 3372 3371 3369
3 3369 3371 3368
3 3374 3371 3373
3 3373 3371 3372
3 3378 3375 3377
3 3377 3375 3376
3 3373 3377 3374
3 3374 3377 3376
3 3370 3371 3379
3 3379 3371 3374
3 3379 3374 3380
3 3380 3374 3376
3 3380 3376 3381
3 3381 3376 3375
3 3383 3384 3382
3 3382 3384 3385
3 3382 3386 3383
3 3383 3386 3387
3 3389 3388 3386
3 3386 3388 3387
3 3383 3390 3384
3 3384 3390 3391
3 3390 3383 3392
3 3392 3383 3387
3 3392 3387 3393
3 3393 3387 3388
3 3395 3393 3394
3 3394 3393 3388
3 3394 3388 3396
3 3396 3388 3389
3 3397 3339 3364
3 3364 3339 3338
3 3398 3351 3397
3 3397 3351 3339
3 3366 3367 3399
3 3399 3367 3370
3 3365 3366 3400
3 3400 3366 3399
3 3401 3364 3400
3 3400 3364 3365
3 3364 3401 3397
3 3397 3401 3402
3 3403 3398 3402
3 3402 3398 3397
3 3405 3403 3404
3 3404 3403 3402
3 3406 3353 3398
3 3398 3353 3351
3 3407 3406 3403
3 3403 3406 3398
3 3408 3407 3405
3 3405 3407 3403
3 3410 3405 3409
3 3409 3405 3404
3 3412 3410 3411
3 3411 3410 3409
3 3414 3394 3413
3 3413 3394 3396
3 3411 3415 3414
3 3414 3415 3416
3 3409 3417 3411
3 3411 3417 3415
3 3418 3417 3404
3 3404 3417 3409
3 3401 3418 3402
3 3402 3418 3404
3 3356 3419 3349
3 3349 3419 3369
3 3372 3369 3420
3 3420 3369 3419
3 3420 3421 3372
3 3372 3421 3373
3 3421 3422 3373
3 3373 3422 3377
3 3423 3378 3422
3 3422 3378 3377
3 3385 3378 3424
3 3424 3378 3423
3 3426 3386 3425
3 3425 3386 3382
3 3427 3389 3426
3 3426 3389 3386
3 3428 3396 3427
3 3427 3396 3389
3 3413 3396 3429
3 3429 3396 3428
3 3410 3412 3430
3 3430 3412 3431
3 3430 3408 3410
3 3410 3408 3405
3 3400 3399 3334
3 3334 3399 3335
3 3333 3401 3334
3 3334 3401 3400
3 3332 3418 3333
3 3333 3418 3401
3 3432 3417 3332
3 3332 3417 3418
3 3433 3415 3432
3 3432 3415 3417
3 3415 3433 3416
3 3416 3433 3434
3 3436 3435 3395
3 3395 3435 3393
3 3435 3331 3393
3 3393 3331 3392
3 3330 3390 3331
3 3331 3390 3392
3 3390 3330 3391
3 3391 3330 3329
3 3327 3380 3328
3 3328 3380 3381
3 3437 3355 3406
3 3406 3355 3353
3 3438 3359 3437
3 3437 3359 3355
3 3439 3361 3438
3 3438 3361 3359
3 3440 3363 3439
3 3439 3363 3361
3 3419 3356 3440
3 3440 3356 3363
3 3440 3441 3419
3 3419 3441 3420
3 3439 3442 3440
3 3440 3442 3441
3 3438 3443 3439
3 3439 3443 3442
3 3437 3444 3438
3 3438 3444 3443
3 3406 3407 3437
3 3437 3407 3444
3 3441 3445 3420
3 3420 3445 3421
3 3442 3446 3441
3 3441 3446 3445
3 3446 3442 3447
3 3447 3442 3443
3 3444 3448 3443
3 3443 3448 3447
3 3407 3408 3444
3 3444 3408 3448
3 3408 3430 3448
3 3448 3430 3449
3 3450 3447 3449
3 3449 3447 3448
3 3446 3447 3451
3 3451 3447 3450
3 3452 3445 3451
3 3451 3445 3446
3 3421 3445 3422
3 3422 3445 3452
3 3452 3453 3422
3 3422 3453 3423
3 3453 3452 3454
3 3454 3452 3451
3 3455 3454 3450
3 3450 3454 3451
3 3455 3450 3456
3 3456 3450 3449
3 3456 3449 3431
3 3431 3449 3430
3 3424 3423 3457
3 3457 3423 3453
3 3459 3458 3425
3 3425 3458 3426
3 3458 3460 3426
3 3426 3460 3427
3 3461 3428 3460
3 3460 3428 3427
3 3429 3428 3462
3 3462 3428 3461
3 3463 3464 3461
3 3461 3464 3462
3 3457 3453 3465
3 3465 3453 3454
3 3464 3463 3465
3 3465 3463 3466
3 3468 3467 3458
3 3458 3467 3460
3 3466 3463 3468
3 3468 3463 3467
3 3460 3467 3461
3 3461 3467 3463
3 3466 3468 3459
3 3459 3468 3458
3 3352 3297 3350
3 3350 3297 3294
3 3296 3297 3354
3 3354 3297 3352
3 3358 3300 3354
3 3354 3300 3296
3 3360 3307 3358
3 3358 3307 3300
3 3362 3310 3360
3 3360 3310 3307
3 3357 3315 3362
3 3362 3315 3310
3 3348 3316 3357
3 3357 3316 3315
3 3318 3316 3346
3 3346 3316 3348
3 3313 3318 3344
3 3344 3318 3346
3 3304 3313 3342
3 3342 3313 3344
3 3303 3304 3340
3 3340 3304 3342
3 3303 3340 3291
3 3291 3340 3337
3 3336 3292 3337
3 3337 3292 3291
3 3350 3294 3336
3 3336 3294 3292
3 3200 3435 3201
3 3201 3435 3436
3 3435 3200 3331
3 3331 3200 3203
3 3198 3433 3199
3 3199 3433 3432
3 3433 3198 3434
3 3434 3198 3210
3 3199 3432 3209
3 3209 3432 3332
3 3379 3469 3370
3 3469 3335 3370
3 3370 3335 3399
3 3469 3379 3327
3 3327 3379 3380
3 3207 3208 3327
3 3327 3208 3469
3 3208 3326 3469
3 3469 3326 3335
3 1544 1762 1545
3 1545 1762 1761
3 769 772 1545
3 1545 772 1402
3 1220 3012 1219
3 1219 3012 3470
3 1304 2876 1305
3 1305 2876 2878
3 828 827 3470
3 3470 827 1219
3 1755 3471 1753
3 1753 3471 1216
3 3473 1047 3472
3 3472 1047 1048
3 1370 1178 3472
3 3472 1178 3473
3 3473 1178 3474
3 3474 1178 1073
3 1055 1047 3474
3 3474 1047 3473
3 664 1344 665
3 665 1344 918
3 665 918 679
3 679 918 855
3 857 1448 679
3 679 1448 678
3 1366 877 1499
3 1499 877 876
3 1365 907 1366
3 1366 907 877
3 914 1512 915
3 915 1512 1511
3 1368 947 1367
3 1367 947 946
3 1019 1043 1020
3 1020 1043 1046
3 1019 1018 1048
3 1048 1018 1369
3 1172 1029 1173
3 1173 1029 1032
3 1186 1463 1187
3 1187 1463 3125
3 915 1511 1450
3 1450 1511 1799
3 1186 1185 1173
3 1173 1185 1174
3 1020 1046 1172
3 1172 1046 1029
3 1480 3475 914
3 914 3475 1512
3 1482 3476 664
3 664 3476 1344
3 876 875 1500
3 1500 875 1501
3 1204 1450 1802
3 1802 1450 1801
3 2830 3477 2831
3 2831 3477 3478
3 2921 2926 857
3 857 2926 1448
3 1367 946 1365
3 1365 946 907
3 1187 3125 947
3 947 3125 948
3 1500 1501 3134
3 3134 1501 3479
3 3151 3156 2921
3 2921 3156 2926
3 2831 3478 1482
3 1482 3478 3476
3 1802 1801 3150
3 3150 1801 3151
3 656 663 657
3 657 663 662
3 705 938 657
3 657 938 654
3 868 1799 869
3 869 1799 1511
3 872 875 873
3 873 875 874
3 957 904 873
3 873 904 848
3 960 945 961
3 961 945 948
3 977 3125 978
3 978 3125 1463
3 1030 1167 1031
3 1031 1167 1021
3 1044 1012 1045
3 1045 1012 1011
3 1044 1043 1055
3 1055 1043 1047
3 1030 1029 1045
3 1045 1029 1046
3 1449 939 705
3 705 939 938
3 978 1463 1031
3 1031 1463 1032
3 3133 3475 1477
3 1477 3475 3479
3 2828 1486 2829
3 2829 1486 1485
3 847 1229 872
3 872 1229 1478
3 1513 932 869
3 869 932 866
3 1798 1800 868
3 868 1800 1799
3 2832 1324 1485
3 1485 1324 2829
3 2927 2924 1449
3 1449 2924 939
3 957 906 960
3 960 906 945
3 977 976 961
3 961 976 958
3 1513 1512 3133
3 3133 1512 3475
3 3157 3154 2927
3 2927 3154 2924
3 656 655 2832
3 2832 655 1324
3 3157 3156 1798
3 1798 3156 1800
3 1055 3474 1054
3 1054 3474 1073
3 1048 1369 3472
3 3472 1369 1370
3 617 3480 614
3 614 3480 2883
3 616 2845 2830
3 2830 2845 3477
3 617 616 1483
3 1483 616 2830
3 3480 617 1486
3 1486 617 1483
3 1486 2828 3480
3 3480 2828 2847
3 1161 1160 1516
3 1516 1160 1479
3 1321 1454 1322
3 1322 1454 3128
3 1322 3128 1477
3 1477 3128 3133
3 1515 1514 3172
3 3172 1514 1534
3 3084 3094 3136
3 3136 3094 3093
3 3136 3093 3137
3 3137 3093 3103
3 3105 3104 3138
3 3138 3104 3116
3 3127 3126 1140
3 1140 3126 1137
3 3080 3130 1263
3 1263 3130 3129
3 3132 3131 1225
3 1225 3131 1226
3 1321 1228 3129
3 3129 1228 1263
3 3134 1160 1500
3 1500 1160 1159
3 3135 3127 1475
3 1475 3127 1140
3 1161 3132 1162
3 1162 3132 1225
3 3126 1514 1137
3 1137 1514 1362
3 3083 3094 3080
3 3080 3094 3130
3 3139 3104 883
3 883 3104 3088
3 3140 3139 882
3 882 3139 883
3 3141 3140 3481
3 3481 3140 882
3 3134 3479 1480
3 1480 3479 3475
3 1477 3479 1478
3 1478 3479 1501
3 3167 462 439
3 713 1879 714
3 714 1879 2904
3 730 2969 731
3 731 2969 895
3 832 3081 833
3 833 3081 1262
3 853 852 1230
3 1230 852 897
3 888 2930 889
3 889 2930 3124
3 891 2850 892
3 892 2850 1236
3 962 898 852
3 852 898 897
3 985 988 986
3 986 988 987
3 1005 1002 1006
3 1006 1002 1001
3 1037 1035 1006
3 1006 1035 1003
3 1005 1004 1051
3 1051 1004 1069
3 1051 1069 1066
3 1066 1069 1068
3 1133 1129 1134
3 1134 1129 1128
3 1165 879 1166
3 1166 879 878
3 1037 1036 1168
3 1168 1036 1170
3 1066 1068 1179
3 1179 1068 1084
3 1166 878 1209
3 1209 878 1208
3 2884 1214 1753
3 1753 1214 1213
3 853 833 854
3 854 833 1262
3 1242 1825 1243
3 1243 1825 707
3 892 1253 893
3 893 1253 2908
3 1359 963 1360
3 1360 963 1227
3 2907 2906 1435
3 1435 2906 1436
3 2989 1439 2990
3 2990 1439 1438
3 963 1359 964
3 964 1359 1453
3 1455 950 1456
3 1456 950 949
3 1461 970 1462
3 1462 970 969
3 985 983 1168
3 1168 983 1024
3 1083 1096 1468
3 1468 1096 1469
3 1474 1473 1114
3 1114 1473 1095
3 1475 1140 1360
3 1360 1140 1139
3 1493 2827 1494
3 1494 2827 1211
3 1498 1451 1165
3 1165 1451 879
3 714 2904 1503
3 1503 2904 2905
3 1517 954 1518
3 1518 954 953
3 1517 991 1519
3 1519 991 1025
3 1520 1042 1519
3 1519 1042 1028
3 1520 1039 1521
3 1521 1039 996
3 1014 1521 1015
3 1015 1521 1522
3 1061 1523 995
3 995 1523 1522
3 1059 1523 1056
3 1056 1523 1524
3 1093 1527 1081
3 1081 1527 1526
3 1528 1088 1527
3 1527 1088 1525
3 1529 1107 1530
3 1530 1107 1089
3 1125 1124 1531
3 1531 1124 1532
3 3482 1754 726
3 726 1754 1213
3 1812 706 1813
3 1813 706 734
3 1242 1245 1833
3 1833 1245 2890
3 1847 1846 1880
3 1880 1846 2903
3 1857 1852 1854
3 1854 1852 1851
3 1877 1876 2902
3 2902 1876 1901
3 1877 2902 1846
3 1846 2902 2903
3 1847 713 1848
3 1848 713 712
3 2988 1882 2989
3 2989 1882 1439
3 1854 1851 2988
3 2988 1851 1882
3 1886 2891 1887
3 1887 2891 2894
3 1902 1876 776
3 776 1876 773
3 2833 1251 2834
3 2834 1251 1250
3 1494 1211 2843
3 2843 1211 1212
3 2843 1212 891
3 891 1212 2850
3 2909 3123 2910
3 2910 3123 3122
3 888 887 2928
3 2928 887 886
3 1434 2962 1435
3 1435 2962 2960
3 1252 1437 1253
3 1253 1437 1436
3 1813 734 730
3 730 734 2969
3 732 731 2884
3 2884 731 1214
3 2976 2975 2901
3 2901 2975 2900
3 2978 2975 2981
3 2981 2975 2974
3 2978 2980 2899
3 2899 2980 2898
3 2982 2897 2980
3 2980 2897 2898
3 2982 2983 2984
3 2984 2983 2985
3 2987 2895 2984
3 2984 2895 2896
3 2987 2986 1438
3 1438 2986 2990
3 2976 1902 2977
3 2977 1902 776
3 1852 1857 1887
3 1887 1857 1884
3 832 835 3087
3 3087 835 3089
3 3095 3096 3087
3 3087 3096 3082
3 3105 3103 3095
3 3095 3103 3096
3 3108 3107 3115
3 3115 3107 3110
3 3107 3113 3110
3 3110 3113 3111
3 3114 3113 3121
3 3121 3113 3112
3 890 889 2836
3 2836 889 2833
3 1518 953 1455
3 1455 953 950
3 1453 935 1456
3 1456 935 966
3 970 1461 901
3 901 1461 962
3 986 987 1462
3 1462 987 1460
3 1465 1467 1473
3 1473 1467 1469
3 1530 1089 1528
3 1528 1089 1088
3 1179 1468 1180
3 1180 1468 1183
3 1081 1526 1060
3 1060 1526 1524
3 1472 1474 1128
3 1128 1474 1134
3 1531 1104 1529
3 1529 1104 1107
3 3135 3131 1498
3 1498 3131 1451
3 3108 3115 3138
3 3138 3115 3137
3 2928 886 2910
3 2910 886 2911
3 1493 1496 2834
3 2834 1496 2835
3 3114 2909 3101
3 3101 2909 2912
3 3184 1133 3186
3 3186 1133 1132
3 3197 3196 3175
3 3175 3196 3176
3 3206 3205 3182
3 3182 3205 3202
3 3210 3196 3201
3 3201 3196 3195
3 3184 3206 3181
3 3181 3206 3182
3 3197 1532 3179
3 3179 1532 1124
3 3205 3329 3202
3 3202 3329 3330
3 3378 3385 3375
3 3375 3385 3384
3 3384 3391 3375
3 3375 3391 3381
3 3413 3412 3414
3 3414 3412 3411
3 3414 3416 3394
3 3394 3416 3395
3 3424 3425 3385
3 3385 3425 3382
3 3429 3431 3413
3 3413 3431 3412
3 3416 3434 3395
3 3395 3434 3436
3 3391 3329 3381
3 3381 3329 3328
3 3457 3459 3424
3 3424 3459 3425
3 3462 3456 3429
3 3429 3456 3431
3 3464 3455 3462
3 3462 3455 3456
3 3465 3466 3457
3 3457 3466 3459
3 3454 3455 3465
3 3465 3455 3464
3 3434 3210 3436
3 3436 3210 3201
3 3138 3137 3105
3 3105 3137 3103
3 1475 1226 3135
3 3135 1226 3131
3 942 686 599
3 599 686 600
3 1296 666 624
3 624 666 595
3 686 685 600
3 600 685 652
3 711 710 783
3 783 710 1318
3 711 782 606
3 606 782 1810
3 919 916 920
3 920 916 861
3 923 3478 924
3 924 3478 3477
3 924 3477 925
3 925 3477 2845
3 929 928 661
3 661 928 658
3 855 920 856
3 856 920 1203
3 862 1206 863
3 863 1206 1205
3 2875 1218 2876
3 2876 1218 1217
3 1295 592 1296
3 1296 592 666
3 916 919 1332
3 1332 919 1345
3 685 692 652
3 652 692 929
3 1276 912 1497
3 1497 912 1206
3 591 1535 609
3 609 1535 710
3 863 1205 1804
3 1804 1205 1803
3 1316 1535 1899
3 1899 1535 1808
3 1899 1808 1294
3 1294 1808 1295
3 2823 3476 923
3 923 3476 3478
3 2846 1202 925
3 925 1202 926
3 3032 3031 2858
3 2858 3031 3483
3 3471 2877 1216
3 1216 2877 1217
3 2880 2879 2887
3 2887 2879 2888
3 2885 2882 2886
3 2886 2882 2881
3 928 927 2846
3 2846 927 1202
3 2925 2920 1203
3 1203 2920 856
3 1819 1818 2881
3 2881 1818 2880
3 1820 2882 2875
3 2875 2882 1218
3 2879 782 2888
3 2888 782 781
3 1351 3033 1352
3 1352 3033 3032
3 3042 3040 3033
3 3033 3040 3030
3 599 3042 942
3 942 3042 943
3 3142 1497 3144
3 3144 1497 1338
3 3142 3147 881
3 881 3147 1207
3 2920 2925 3150
3 3150 2925 3155
3 1345 1344 2823
3 2823 1344 3476
3 1804 1803 3153
3 3153 1803 3155
3 3481 882 3102
3 3102 882 885
3 3120 3484 1247
3 1247 3484 840
3 2815 2811 2818
3 2818 2811 2810
3 2805 2816 2814
3 2814 2816 2817
3 2816 2815 2817
3 2817 2815 2818
3 2817 2818 2794
3 2794 2818 2792
3 2794 2792 351
3 351 2792 242
3 351 242 352
3 352 242 241
3 352 241 190
3 190 241 358
3 190 358 191
3 191 358 246
3 191 246 192
3 192 246 156
3 192 156 193
3 193 156 155
3 193 155 260
3 260 155 377
3 377 380 260
3 260 380 194
3 194 380 195
3 195 380 375
3 195 375 197
3 197 375 374
3 196 197 1775
3 1775 197 374
3 1775 1766 196
3 196 1766 273
3 180 273 198
3 198 273 1766
3 562 563 565
3 565 563 567
3 567 568 565
3 565 568 566
3 577 1770 1772
3 1772 1770 500
3 577 1772 578
3 578 1772 546
3 3485 469 473
3 473 469 468
3 3487 3486 581
3 581 3486 449
3 581 582 3487
3 3487 582 3488
3 582 583 3488
3 3488 583 3489
3 3489 583 3490
3 3490 583 542
3 466 465 3485
3 3485 465 469
3 3488 3489 502
3 502 3489 503
3 3487 3488 3491
3 3491 3488 502
3 3491 502 3492
3 3492 502 501
3 3492 3493 3491
3 3491 3493 3494
3 3491 3494 3487
3 3487 3494 3486
3 569 464 1773
3 1773 464 467
3 1770 1774 3492
3 3492 1774 3493
3 1771 503 3490
3 3490 503 3489
3 547 1771 542
3 542 1771 3490
3 3485 473 3486
3 3486 473 449
3 3485 3486 466
3 466 3486 3494
3 466 3494 467
3 467 3494 3493
3 1774 1773 3493
3 3493 1773 467
3 3492 501 1770
3 1770 501 500
3 364 383 365
3 365 383 526
3 365 526 523
3 523 526 521
3 523 521 533
3 533 521 520
3 533 520 534
3 534 520 529
3 531 512 485
3 485 512 507
3 534 540 531
3 531 540 512
3 596 595 667
3 667 595 666
3 624 623 1296
3 1296 623 1293
3 639 603 640
3 640 603 602
3 650 649 1292
3 1292 649 1289
3 660 659 690
3 690 659 1757
3 669 598 670
3 670 598 601
3 660 689 661
3 661 689 653
3 2855 597 694
3 694 597 596
3 689 670 653
3 653 670 601
3 703 675 639
3 639 675 603
3 708 707 1828
3 1828 707 1825
3 740 739 1283
3 1283 739 1287
3 754 753 757
3 757 753 758
3 694 931 2855
3 2855 931 2852
3 1192 1191 690
3 690 1191 688
3 783 1318 1239
3 1239 1318 1240
3 1244 1243 1815
3 1815 1243 1812
3 739 758 1287
3 1287 758 753
3 1240 1317 1241
3 1241 1317 1893
3 1417 2866 1346
3 1346 2866 1347
3 1346 672 703
3 703 672 675
3 1418 740 1286
3 1286 740 1283
3 1420 1425 1421
3 1421 1425 1424
3 615 614 659
3 659 614 1757
3 1191 1190 1420
3 1420 1190 1425
3 2961 1838 1503
3 1503 1838 1504
3 1192 1758 1193
3 1193 1758 940
3 1759 1418 1536
3 1536 1418 1286
3 1823 1822 2892
3 2892 1822 1881
3 1827 1826 1890
3 1890 1826 1885
3 1826 1833 1885
3 1885 1833 1886
3 1840 715 1837
3 1837 715 1504
3 781 783 1849
3 1849 783 1239
3 1863 1862 1241
3 1241 1862 1238
3 1872 1863 1893
3 1893 1863 1241
3 1862 1822 1238
3 1238 1822 1821
3 1317 1316 1894
3 1894 1316 1899
3 1896 1872 1895
3 1895 1872 1893
3 1290 1895 1291
3 1291 1895 1894
3 1896 605 1897
3 1897 605 604
3 1257 1256 2853
3 2853 1256 2854
3 1256 1350 2854
3 2854 1350 2856
3 1350 1352 2856
3 2856 1352 2857
3 2858 2857 3032
3 3032 2857 1352
3 3036 3035 2860
3 2860 3035 2859
3 3038 2869 2862
3 2862 2869 2861
3 2861 2869 2863
3 2863 2869 2868
3 2863 2868 2864
3 2864 2868 2867
3 2864 2867 2865
3 2865 2867 1763
3 1347 1759 1198
3 1198 1759 1536
3 1758 1757 2883
3 2883 1757 614
3 1244 2889 1245
3 1245 2889 1824
3 2890 1823 2891
3 2891 1823 2892
3 760 2959 757
3 757 2959 2905
3 2940 2939 2942
3 2942 2939 2999
3 708 2949 709
3 709 2949 2967
3 2952 2865 1422
3 1422 2865 1763
3 2953 2952 644
3 644 2952 1422
3 2954 2953 643
3 643 2953 644
3 2955 2954 737
3 737 2954 643
3 2956 2955 763
3 763 2955 737
3 2957 2956 762
3 762 2956 763
3 762 2907 2957
3 2957 2907 2958
3 2907 1435 2958
3 2958 1435 2960
3 1836 2963 1434
3 1434 2963 2962
3 1836 2936 2963
3 2963 2936 2964
3 2949 2965 2967
3 2967 2965 2935
3 2940 1837 2941
3 2941 1837 1839
3 3005 2939 2948
3 2948 2939 2938
3 2938 2941 2965
3 2965 2941 2964
3 2889 1849 1824
3 1824 1849 1821
3 3005 1827 3004
3 3004 1827 1890
3 3041 3044 3037
3 3037 3044 3034
3 3039 3034 3043
3 3043 3034 3044
3 3043 3044 1421
3 1421 3044 668
3 3041 3040 669
3 669 3040 598
3 930 3066 931
3 931 3066 3064
3 3075 2853 3065
3 3065 2853 2852
3 3066 3495 3064
3 3064 3495 3496
3 3498 3075 3497
3 3497 3075 3065
3 1243 707 1812
3 1812 707 706
3 2959 2961 2905
3 2905 2961 1503
3 1833 2890 1886
3 1886 2890 2891
3 1838 2961 2962
3 2962 2961 2960
3 624 595 625
3 625 595 594
3 2858 3483 625
3 625 3483 622
3 602 605 1289
3 1289 605 1290
3 640 602 649
3 649 602 1289
3 649 648 640
3 640 648 641
3 641 648 2862
3 2862 648 2859
3 2862 2859 3038
3 3038 2859 3035
3 3038 3035 3039
3 3039 3035 3034
3 1291 1294 1292
3 1292 1294 1293
3 1292 1293 650
3 650 1293 623
3 650 623 651
3 651 623 622
3 651 622 2860
3 2860 622 3483
3 2860 3483 3036
3 3036 3483 3031
3 3036 3031 3037
3 3037 3031 3030
3 3480 2847 2883
3 2883 2847 941
3 615 1426 616
3 616 1426 2845
3 3499 3047 3166
3 3166 3047 3048
3 1905 3047 3069
3 3069 3047 3499
3 3501 3500 1767
3 1767 3500 1336
3 3023 3020 3502
3 3502 3020 3019
3 2913 3022 3019
3 3019 3022 3502
3 3503 859 1769
3 1769 859 858
3 3501 1767 3504
3 3504 1767 1335
3 3497 3065 3496
3 3496 3065 3064
3 2813 3074 3066
3 3066 3074 3495
3 3016 765 3173
3 3173 765 2838
3 1768 1337 3500
3 3500 1337 1336
3 766 3017 3025
3 3025 3017 3505
3 3506 3063 3498
3 3498 3063 3075
3 726 729 3482
3 3482 729 3029
3 3063 3506 2870
3 2870 3506 3076
3 3099 3159 1785
3 1785 3159 1783
3 3025 3505 751
3 751 3505 3014
3 3507 2922 3503
3 3503 2922 859
3 752 3015 3026
3 3026 3015 3508
3 3026 3508 3007
3 3007 3508 3027
3 1781 1784 1782
3 1782 1784 3021
3 3160 3152 3507
3 3507 3152 2922
3 3149 1207 3148
3 3148 1207 3147
3 1326 3509 1327
3 1327 3509 1334
3 3509 3504 1334
3 1334 3504 1335
3 865 3510 1339
3 1339 3510 3145
3 864 1807 865
3 865 1807 3510
3 3484 3158 840
3 840 3158 841
3 1325 1328 3511
3 3511 1328 2848
3 3511 2848 1330
3 1330 2848 1201
3 3515 3512 3514
3 3514 3512 3513
3 3514 3516 3515
3 3515 3516 3517
3 3514 3513 3519
3 3519 3513 3518
3 3523 3520 3522
3 3522 3520 3521
3 3527 3524 3526
3 3526 3524 3525
3 3531 3528 3530
3 3530 3528 3529
3 3535 3532 3534
3 3534 3532 3533
3 3537 3536 3531
3 3531 3536 3528
3 3539 3528 3538
3 3538 3528 3536
3 3543 3540 3542
3 3542 3540 3541
3 3547 3544 3546
3 3546 3544 3545
3 3532 3548 3533
3 3533 3548 3549
3 3551 3550 3542
3 3542 3550 3549
3 3547 3538 3544
3 3544 3538 3536
3 3552 3553 3555
3 3555 3553 3554
3 3545 3544 3556
3 3556 3544 3536
3 3558 3559 3557
3 3557 3559 3560
3 3564 3561 3563
3 3563 3561 3562
3 3566 3565 3562
3 3562 3565 3563
3 3570 3567 3569
3 3569 3567 3568
3 3572 3573 3571
3 3571 3573 3574
3 3578 3575 3577
3 3577 3575 3576
3 3582 3579 3581
3 3581 3579 3580
3 3578 3583 3585
3 3585 3583 3584
3 3575 3578 3586
3 3586 3578 3585
3 3590 3587 3589
3 3589 3587 3588
3 3591 3592 3594
3 3594 3592 3593
3 3594 3595 3597
3 3597 3595 3596
3 3600 3598 3599
3 3599 3598 3582
3 3600 3601 3598
3 3598 3601 3602
3 3606 3603 3605
3 3605 3603 3604
3 3607 3554 3595
3 3595 3554 3553
3 3564 3608 3609
3 3609 3608 3596
3 3608 3564 3610
3 3610 3564 3563
3 3565 3611 3563
3 3563 3611 3610
3 3569 3568 3613
3 3613 3568 3612
3 3573 3572 3615
3 3615 3572 3614
3 3617 3517 3616
3 3616 3517 3516
3 3621 3618 3620
3 3620 3618 3619
3 3625 3622 3624
3 3624 3622 3623
3 3629 3626 3628
3 3628 3626 3627
3 3633 3630 3632
3 3632 3630 3631
3 3637 3634 3636
3 3636 3634 3635
3 3641 3638 3640
3 3640 3638 3639
3 3639 3638 3643
3 3643 3638 3642
3 3646 3644 3512
3 3512 3644 3645
3 3512 3645 3513
3 3513 3645 3647
3 3513 3647 3518
3 3518 3647 3648
3 3651 3526 3650
3 3650 3526 3649
3 3649 3652 3650
3 3650 3652 3653
3 3655 3654 3570
3 3570 3654 3567
3 3658 3652 3657
3 3657 3652 3656
3 3659 3660 3657
3 3657 3660 3661
3 3665 3662 3664
3 3664 3662 3663
3 3652 3649 3656
3 3656 3649 3666
3 3669 3667 3522
3 3522 3667 3668
3 3671 3672 3670
3 3670 3672 3673
3 3677 3674 3676
3 3676 3674 3675
3 3676 3675 3673
3 3673 3675 3670
3 3679 3680 3678
3 3678 3680 3681
3 3683 3680 3682
3 3682 3680 3679
3 3661 3660 3685
3 3685 3660 3684
3 3687 3661 3686
3 3686 3661 3685
3 3689 3688 3682
3 3682 3688 3683
3 3693 3690 3692
3 3692 3690 3691
3 3695 3694 3693
3 3693 3694 3690
3 3699 3696 3698
3 3698 3696 3697
3 3703 3700 3702
3 3702 3700 3701
3 3519 3518 3705
3 3705 3518 3704
3 3707 3706 3671
3 3671 3706 3672
3 3678 3681 3709
3 3709 3681 3708
3 3692 3691 3711
3 3711 3691 3710
3 3715 3712 3714
3 3714 3712 3713
3 3698 3716 3699
3 3699 3716 3717
3 3718 3719 3721
3 3721 3719 3720
3 3725 3722 3724
3 3724 3722 3723
3 3726 3727 3729
3 3729 3727 3728
3 3731 3730 3720
3 3720 3730 3721
3 3713 3732 3699
3 3699 3732 3696
3 3712 3733 3713
3 3713 3733 3732
3 3734 3731 3722
3 3722 3731 3720
3 3736 3723 3735
3 3735 3723 3719
3 3714 3713 3717
3 3717 3713 3699
3 3738 3737 3698
3 3698 3737 3716
3 3539 3532 3739
3 3739 3532 3535
3 3743 3740 3742
3 3742 3740 3741
3 3747 3744 3746
3 3746 3744 3745
3 3751 3748 3750
3 3750 3748 3749
3 3630 3627 3631
3 3631 3627 3626
3 3625 3752 3754
3 3754 3752 3753
3 3609 3755 3564
3 3564 3755 3561
3 3756 3527 3651
3 3651 3527 3526
3 3522 3668 3523
3 3523 3668 3757
3 3599 3582 3597
3 3597 3582 3581
3 3522 3521 3669
3 3669 3521 3758
3 3760 3759 3677
3 3677 3759 3674
3 3688 3689 3762
3 3762 3689 3761
3 3766 3763 3765
3 3765 3763 3764
3 3698 3697 3738
3 3738 3697 3767
3 3725 3724 3769
3 3769 3724 3768
3 3771 3770 3646
3 3646 3770 3644
3 3676 3645 3677
3 3677 3645 3644
3 3673 3647 3676
3 3676 3647 3645
3 3647 3673 3648
3 3648 3673 3672
3 3648 3672 3772
3 3772 3672 3706
3 3776 3773 3775
3 3775 3773 3774
3 3524 3777 3525
3 3525 3777 3778
3 3779 3666 3778
3 3778 3666 3525
3 3656 3666 3780
3 3780 3666 3779
3 3671 3678 3707
3 3707 3678 3709
3 3670 3679 3671
3 3671 3679 3678
3 3679 3670 3682
3 3682 3670 3675
3 3682 3675 3689
3 3689 3675 3674
3 3689 3674 3761
3 3761 3674 3759
3 3681 3680 3782
3 3782 3680 3781
3 3784 3683 3783
3 3783 3683 3688
3 3784 3781 3683
3 3683 3781 3680
3 3681 3782 3708
3 3708 3782 3785
3 3762 3786 3688
3 3688 3786 3783
3 3789 3787 3556
3 3556 3787 3788
3 3793 3790 3792
3 3792 3790 3791
3 3795 3794 3614
3 3614 3794 3615
3 3796 3797 3726
3 3726 3797 3727
3 3801 3798 3800
3 3800 3798 3799
3 3802 3577 3591
3 3591 3577 3592
3 3803 3804 3806
3 3806 3804 3805
3 3585 3584 3602
3 3602 3584 3598
3 3602 3603 3585
3 3585 3603 3586
3 3790 3793 3590
3 3590 3793 3587
3 3581 3580 3591
3 3591 3580 3802
3 3789 3607 3560
3 3560 3607 3593
3 3808 3807 3687
3 3687 3807 3661
3 3810 3809 3663
3 3663 3809 3664
3 3735 3719 3811
3 3811 3719 3718
3 3736 3717 3812
3 3812 3717 3716
3 3719 3723 3720
3 3720 3723 3722
3 3737 3813 3716
3 3716 3813 3812
3 303 302 3815
3 3815 302 3814
3 3819 3816 3818
3 3818 3816 3817
3 3583 3578 3802
3 3802 3578 3577
3 3577 3576 3592
3 3592 3576 3557
3 3823 3820 3822
3 3822 3820 3821
3 3826 3824 3825
3 3825 3824 3545
3 3540 3546 3828
3 3828 3546 3827
3 3831 3829 3541
3 3541 3829 3830
3 3820 3832 3821
3 3821 3832 3833
3 3824 3826 3835
3 3835 3826 3834
3 3828 3827 3798
3 3798 3827 3799
3 3837 3836 3831
3 3831 3836 3829
3 3838 3550 329
3 329 3550 330
3 331 3551 332
3 332 3551 3830
3 3818 3796 3840
3 3840 3796 3839
3 3745 3646 3515
3 3515 3646 3512
3 3771 3744 335
3 335 3744 336
3 3748 3774 3527
3 3527 3774 3524
3 3595 3553 3596
3 3596 3553 3609
3 3700 3519 3701
3 3701 3519 3705
3 3553 3552 3609
3 3609 3552 3755
3 3748 3527 3749
3 3749 3527 3756
3 3519 3700 3514
3 3514 3700 3516
3 3841 3583 3580
3 3580 3583 3802
3 3773 3777 3774
3 3774 3777 3524
3 3617 3634 3842
3 3842 3634 3637
3 3634 3617 3620
3 3620 3617 3616
3 3700 3703 3516
3 3516 3703 3616
3 3622 3521 3623
3 3623 3521 3520
3 3775 3774 3843
3 3843 3774 3748
3 3847 3844 3846
3 3846 3844 3845
3 3517 3617 3746
3 3746 3617 3842
3 3747 3848 3850
3 3850 3848 3849
3 3854 3851 3853
3 3853 3851 3852
3 3618 3621 3856
3 3856 3621 3855
3 3860 3857 3859
3 3859 3857 3858
3 3748 3751 3843
3 3843 3751 3861
3 3521 3622 3758
3 3758 3622 3862
3 3775 3629 3776
3 3776 3629 3863
3 3865 3733 3864
3 3864 3733 3712
3 3869 3866 3868
3 3868 3866 3867
3 3873 3870 3872
3 3872 3870 3871
3 3877 3874 3876
3 3876 3874 3875
3 3880 3877 3879
3 3879 3877 3878
3 3881 3882 3884
3 3884 3882 3883
3 3886 3780 3885
3 3885 3780 3779
3 3660 3868 3684
3 3684 3868 3887
3 3883 3882 3878
3 3878 3882 3879
3 3781 3693 3782
3 3782 3693 3692
3 3783 3763 3784
3 3784 3763 3695
3 3784 3695 3781
3 3781 3695 3693
3 3692 3785 3782
3 3763 3783 3764
3 3764 3783 3786
3 385 384 3764
3 3764 384 3765
3 3889 3690 3888
3 3888 3690 3694
3 3890 3691 3889
3 3889 3691 3690
3 3691 3890 3710
3 3710 3890 3891
3 3888 3694 3892
3 3892 3694 3766
3 3892 3766 3893
3 3893 3766 3765
3 3895 3894 3884
3 3884 3894 3881
3 3696 3896 3697
3 3697 3896 3897
3 3732 3898 3696
3 3696 3898 3896
3 3898 3732 3899
3 3899 3732 3733
3 3697 3897 3767
3 3767 3897 3900
3 3902 3767 3901
3 3901 3767 3900
3 3903 3904 3906
3 3906 3904 3905
3 3868 3660 3869
3 3869 3660 3659
3 3894 3895 3908
3 3908 3895 3907
3 3668 3894 3757
3 3757 3894 3908
3 3847 3751 3530
3 3530 3751 3750
3 3534 3853 3535
3 3535 3853 3857
3 3755 3756 3561
3 3561 3756 3651
3 3566 3562 3653
3 3653 3562 3650
3 3658 3807 3655
3 3655 3807 3654
3 3860 3844 3739
3 3739 3844 3529
3 3552 3555 3749
3 3749 3555 3750
3 3794 3795 3819
3 3819 3795 3816
3 3854 3909 408
3 408 3909 409
3 3755 3552 3756
3 3756 3552 3749
3 3779 3908 3885
3 3885 3908 3907
3 3850 3854 410
3 410 3854 408
3 3761 3759 411
3 411 3759 412
3 3786 3762 413
3 413 3762 414
3 3536 3537 3556
3 3556 3537 3789
3 3554 3607 3537
3 3537 3607 3789
3 3911 3574 3910
3 3910 3574 3573
3 3838 3909 3533
3 3533 3909 3534
3 3542 3541 3551
3 3551 3541 3830
3 3550 3838 3549
3 3549 3838 3533
3 3548 3543 3549
3 3549 3543 3542
3 3912 3913 3915
3 3915 3913 3914
3 3589 3588 3804
3 3804 3588 3805
3 3637 3916 3842
3 3842 3916 3848
3 3741 3858 3643
3 3643 3858 3852
3 3515 3517 3745
3 3745 3517 3746
3 3763 3766 3695
3 3695 3766 3694
3 3917 3738 3902
3 3902 3738 3767
3 3917 3815 3738
3 3738 3815 3737
3 3918 3919 3768
3 3768 3919 3769
3 3920 3725 3921
3 3921 3725 3769
3 3770 3760 3644
3 3644 3760 3677
3 3915 3922 3912
3 3912 3922 3923
3 3836 3837 3924
3 3924 3837 3801
3 3558 3557 3925
3 3925 3557 3576
3 3814 3918 3813
3 3813 3918 3768
3 3822 3821 3927
3 3927 3821 3926
3 3541 3540 3831
3 3831 3540 3828
3 3833 3926 3821
3 3798 3837 3828
3 3828 3837 3831
3 3646 3745 3771
3 3771 3745 3744
3 3747 3746 3848
3 3848 3746 3842
3 3858 3857 3852
3 3852 3857 3853
3 3909 3854 3534
3 3534 3854 3853
3 3825 3545 3788
3 3788 3545 3556
3 3927 3923 3822
3 3822 3923 3922
3 3929 3928 3922
3 3922 3928 3822
3 3555 3531 3750
3 3750 3531 3530
3 3554 3537 3555
3 3555 3537 3531
3 3632 3930 3633
3 3633 3930 3931
3 3813 3768 3812
3 3812 3768 3724
3 3619 3635 3620
3 3620 3635 3634
3 3751 3847 3861
3 3861 3847 3846
3 3844 3847 3529
3 3529 3847 3530
3 3830 3829 3933
3 3933 3829 3932
3 3829 3836 3932
3 3932 3836 3924
3 332 3830 439
3 439 3830 3933
3 3800 3832 3801
3 3801 3832 3924
3 3626 3629 3843
3 3843 3629 3775
3 3657 3661 3658
3 3658 3661 3807
3 3526 3525 3649
3 3649 3525 3666
3 3934 3665 3935
3 3935 3665 3664
3 3717 3736 3714
3 3714 3736 3735
3 3687 3663 3808
3 3808 3663 3662
3 3806 3805 3937
3 3937 3805 3936
3 3759 3760 412
3 412 3760 444
3 445 3902 446
3 446 3902 3901
3 3888 3897 3889
3 3889 3897 3896
3 3889 3896 3890
3 3890 3896 3898
3 3892 3900 3888
3 3888 3900 3897
3 3901 3900 3893
3 3893 3900 3892
3 3764 3786 385
3 385 3786 413
3 3941 3938 3940
3 3940 3938 3939
3 3839 3796 3942
3 3942 3796 3726
3 3943 3935 3809
3 3809 3935 3664
3 3722 3725 3734
3 3734 3725 3920
3 3919 3944 3769
3 3769 3944 3921
3 3777 3773 3523
3 3523 3773 3520
3 3863 3945 3624
3 3624 3945 3946
3 3518 3648 3704
3 3704 3648 3772
3 3523 3757 3777
3 3777 3757 3778
3 3714 3735 3715
3 3715 3735 3811
3 3773 3776 3520
3 3520 3776 3623
3 3621 3703 3855
3 3855 3703 3702
3 3890 3898 3891
3 3891 3898 3899
3 3947 3641 3916
3 3916 3641 3640
3 3667 3881 3668
3 3668 3881 3894
3 3849 3851 3850
3 3850 3851 3854
3 446 3901 457
3 457 3901 3893
3 3869 3659 3886
3 3886 3659 3780
3 3566 3570 3565
3 3565 3570 3569
3 3586 3948 3575
3 3575 3948 3949
3 3611 3613 3601
3 3601 3613 3604
3 3613 3611 3569
3 3569 3611 3565
3 3653 3655 3566
3 3566 3655 3570
3 3656 3780 3657
3 3657 3780 3659
3 3948 3586 3606
3 3606 3586 3603
3 3655 3653 3658
3 3658 3653 3652
3 3739 3529 3539
3 3539 3529 3528
3 3663 3687 3810
3 3810 3687 3686
3 3723 3736 3724
3 3724 3736 3812
3 3918 3814 460
3 460 3814 302
3 3796 3818 3797
3 3797 3818 3817
3 3819 3818 3950
3 3950 3818 3840
3 3813 3737 3814
3 3814 3737 3815
3 3539 3538 3532
3 3532 3538 3548
3 3540 3543 3546
3 3546 3543 3547
3 3543 3548 3547
3 3547 3548 3538
3 3845 3859 3930
3 3930 3859 3740
3 3835 3834 3799
3 3799 3834 3800
3 3820 3823 3932
3 3932 3823 3933
3 3546 3545 3827
3 3827 3545 3824
3 3832 3820 3924
3 3924 3820 3932
3 3824 3835 3827
3 3827 3835 3799
3 439 3933 3951
3 3951 3933 3823
3 3844 3860 3845
3 3845 3860 3859
3 3863 3629 3945
3 3945 3629 3628
3 3857 3860 3535
3 3535 3860 3739
3 3834 3833 3800
3 3800 3833 3832
3 3584 3579 3598
3 3598 3579 3582
3 3561 3651 3562
3 3562 3651 3650
3 3779 3778 3908
3 3908 3778 3757
3 3703 3621 3616
3 3616 3621 3620
3 3752 3625 3946
3 3946 3625 3624
3 3861 3846 3631
3 3631 3846 3632
3 3640 3639 3849
3 3849 3639 3851
3 3851 3639 3852
3 3852 3639 3643
3 3740 3859 3741
3 3741 3859 3858
3 3843 3861 3626
3 3626 3861 3631
3 3622 3625 3862
3 3862 3625 3754
3 3636 3947 3637
3 3637 3947 3916
3 3643 3642 3741
3 3741 3642 3742
3 3846 3845 3632
3 3632 3845 3930
3 3776 3863 3623
3 3623 3863 3624
3 3849 3848 3640
3 3640 3848 3916
3 3740 3743 3930
3 3930 3743 3931
3 463 3917 445
3 445 3917 3902
3 3952 3953 3955
3 3955 3953 3954
3 3959 3956 3958
3 3958 3956 3957
3 3956 3876 3957
3 3957 3876 3875
3 3961 3960 3956
3 3956 3960 3876
3 3958 3957 3963
3 3963 3957 3962
3 3965 3957 3964
3 3964 3957 3875
3 3965 3962 3957
3 3967 3962 3966
3 3966 3962 3965
3 3960 3878 3876
3 3876 3878 3877
3 3969 3967 3968
3 3968 3967 3966
3 3971 3969 3970
3 3970 3969 3968
3 3906 3972 3903
3 3903 3972 3973
3 3975 3971 3974
3 3974 3971 3970
3 3975 3974 3977
3 3977 3974 3976
3 3977 3976 3979
3 3979 3976 3978
3 3979 3978 3981
3 3981 3978 3980
3 3981 3980 3983
3 3983 3980 3982
3 3971 3984 3969
3 3969 3984 3985
3 3970 3968 3986
3 3986 3968 3870
3 3871 3870 3966
3 3966 3870 3968
3 3966 3965 3871
3 3871 3965 3964
3 3987 3967 3985
3 3985 3967 3969
3 3939 3883 3960
3 3960 3883 3878
3 3938 3884 3939
3 3939 3884 3883
3 3988 3989 3991
3 3991 3989 3990
3 3941 3992 3994
3 3994 3992 3993
3 3973 3994 3995
3 3995 3994 3993
3 3995 3993 3997
3 3997 3993 3996
3 3998 3996 3992
3 3992 3996 3993
3 3997 3999 3995
3 3995 3999 4000
3 4002 4001 3997
3 3997 4001 3999
3 3997 3996 4002
3 4002 3996 4003
3 3996 3998 4003
3 4003 3998 4004
3 3973 3972 3994
3 3994 3972 4005
3 3994 4005 3941
3 3941 4005 3938
3 3885 3906 3886
3 3886 3906 3905
3 3886 3905 3869
3 3869 3905 3866
3 3906 3885 3972
3 3972 3885 3907
3 4007 3865 4006
3 4006 3865 3864
3 4009 4008 3982
3 3982 4008 3983
3 3940 3939 3961
3 3961 3939 3960
3 3866 4010 3867
3 3867 4010 4011
3 4012 3974 3986
3 3986 3974 3970
3 3974 4012 3976
3 3976 4012 4013
3 3982 4006 4009
3 4009 4006 4014
3 3980 4007 3982
3 3982 4007 4006
3 3978 4015 3980
3 3980 4015 4007
3 4016 3983 4017
3 4017 3983 4008
3 3976 4013 3978
3 3978 4013 4015
3 4016 4018 3983
3 3983 4018 3981
3 4022 4019 4021
3 4021 4019 4020
3 4010 4022 4011
3 4011 4022 4021
3 3973 4019 3903
3 3903 4019 4022
3 4016 4017 4024
3 4024 4017 4023
3 4024 4023 4026
3 4026 4023 4025
3 4027 4025 4028
3 4028 4025 4023
3 4017 4020 4023
3 4023 4020 4028
3 4029 4030 4025
3 4025 4030 4026
3 4027 4031 4025
3 4025 4031 4029
3 4028 4000 4027
3 4027 4000 3999
3 4031 4027 4001
3 4001 4027 3999
3 4035 4032 4034
3 4034 4032 4033
3 4038 4018 4037
3 4037 4018 4036
3 4037 4039 4038
3 4038 4039 4040
3 4035 4041 4037
3 4037 4041 4039
3 4034 4042 4035
3 4035 4042 4041
3 3984 4043 4045
3 4045 4043 4044
3 4047 4045 4046
3 4046 4045 4044
3 4049 4047 4048
3 4048 4047 4046
3 4044 4039 4046
3 4046 4039 4041
3 4046 4041 4048
3 4048 4041 4042
3 4043 4040 4044
3 4044 4040 4039
3 3963 4050 3958
3 3958 4050 4051
3 4052 4053 4050
3 4050 4053 4054
3 3958 4051 3959
3 3959 4051 3955
3 4051 4055 3955
3 3955 4055 3952
3 4055 4056 3952
3 3952 4056 4057
3 4061 4058 4060
3 4060 4058 4059
3 4056 4053 4063
3 4063 4053 4062
3 4064 4062 4052
3 4052 4062 4053
3 4065 4066 4068
3 4068 4066 4067
3 4063 4062 4049
3 4049 4062 4047
3 4045 4047 4064
3 4064 4047 4062
3 4064 3985 4045
3 4045 3985 3984
3 4052 3987 4064
3 4064 3987 3985
3 4050 3963 4052
3 4052 3963 3987
3 4040 4043 3977
3 3977 4043 3975
3 4018 4038 3981
3 3981 4038 3979
3 3977 3979 4040
3 4040 3979 4038
3 3895 4005 3907
3 3907 4005 3972
3 4005 3895 3938
3 3938 3895 3884
3 4032 4026 4033
3 4033 4026 4030
3 4036 4024 4032
3 4032 4024 4026
3 4024 4036 4016
3 4016 4036 4018
3 3992 3941 4069
3 4069 3941 3940
3 3998 3992 4070
3 4070 3992 4069
3 3998 4070 4004
3 4004 4070 4071
3 4074 4075 4073
3 4073 4075 4072
3 4079 4076 4078
3 4078 4076 4077
3 4078 4080 4079
3 4079 4080 4081
3 4085 4082 4084
3 4084 4082 4083
3 4086 4087 4089
3 4089 4087 4088
3 4093 4090 4092
3 4092 4090 4091
3 4097 4094 4096
3 4096 4094 4095
3 4101 4098 4100
3 4100 4098 4099
3 4102 4103 4105
3 4105 4103 4104
3 4109 4106 4108
3 4108 4106 4107
3 4113 4110 4112
3 4112 4110 4111
3 4117 4114 4116
3 4116 4114 4115
3 4121 4118 4120
3 4120 4118 4119
3 4122 4123 4125
3 4125 4123 4124
3 4126 4127 4129
3 4129 4127 4128
3 4133 4130 4132
3 4132 4130 4131
3 4135 4107 4134
3 4134 4107 4106
3 4137 4138 4136
3 4136 4138 4139
3 4141 4088 4140
3 4140 4088 4087
3 4145 4142 4144
3 4144 4142 4143
3 4149 4146 4148
3 4148 4146 4147
3 4153 4150 4152
3 4152 4150 4151
3 4080 4154 4081
3 4081 4154 4155
3 4156 4157 4159
3 4159 4157 4158
3 4160 4161 4163
3 4163 4161 4162
3 4120 4164 4121
3 4121 4164 4165
3 4150 4166 4151
3 4151 4166 4167
3 4168 4169 4171
3 4171 4169 4170
3 4173 4174 4172
3 4172 4174 4175
3 4178 4176 4148
3 4148 4176 4177
3 4180 4179 4175
3 4175 4179 4172
3 4155 4084 4181
3 4181 4084 4182
3 4181 4183 4155
3 4155 4183 4081
3 4184 4185 4183
3 4183 4185 4186
3 4185 4187 4186
3 4186 4187 4188
3 4073 4072 4190
3 4190 4072 4189
3 4158 4157 4178
3 4178 4157 4176
3 4129 4191 4126
3 4126 4191 4192
3 4166 4150 4193
3 4193 4150 4143
3 4197 4194 4196
3 4196 4194 4195
3 4199 4095 4198
3 4198 4095 4094
3 4200 4201 4203
3 4203 4201 4202
3 4206 4207 4205
3 4205 4207 4204
3 4209 4208 4119
3 4119 4208 4120
3 4211 4212 4210
3 4210 4212 4213
3 4215 4216 4214
3 4214 4216 4217
3 4221 4218 4220
3 4220 4218 4219
3 4194 4222 4195
3 4195 4222 4223
3 4130 4133 4225
3 4225 4133 4224
3 4229 4226 4228
3 4228 4226 4227
3 4097 4230 4232
3 4232 4230 4231
3 4236 4233 4235
3 4235 4233 4234
3 4240 4237 4239
3 4239 4237 4238
3 4241 4242 4244
3 4244 4242 4243
3 4247 4248 4246
3 4246 4248 4245
3 4252 4249 4251
3 4251 4249 4250
3 4256 4253 4255
3 4255 4253 4254
3 4260 4257 4259
3 4259 4257 4258
3 4264 4261 4263
3 4263 4261 4262
3 4268 4265 4267
3 4267 4265 4266
3 4270 4198 4269
3 4269 4198 4271
3 4272 4273 4275
3 4275 4273 4274
3 4114 4117 4276
3 4276 4117 4277
3 4281 4278 4280
3 4280 4278 4279
3 4210 4282 4211
3 4211 4282 4283
3 4287 4284 4286
3 4286 4284 4285
3 4208 4288 4120
3 4120 4288 4164
3 4284 4289 4285
3 4285 4289 4290
3 4294 4291 4293
3 4293 4291 4292
3 4298 4295 4297
3 4297 4295 4296
3 4302 4299 4301
3 4301 4299 4300
3 4295 4298 4304
3 4304 4298 4303
3 4305 4291 4306
3 4306 4291 4294
3 4308 4305 4307
3 4307 4305 4306
3 4307 4074 4308
3 4308 4074 4309
3 4298 4297 4311
3 4311 4297 4310
3 4301 4300 4292
3 4292 4300 4293
3 4313 4312 3920
3 3920 4312 3734
3 3921 4314 3920
3 3920 4314 4313
3 4315 3944 828
3 828 3944 829
3 4317 4164 4316
3 4316 4164 4288
3 4321 4318 4320
3 4320 4318 4319
3 4325 4322 4324
3 4324 4322 4323
3 4326 4327 4329
3 4329 4327 4328
3 4331 4290 4330
3 4330 4290 4289
3 4332 4165 4317
3 4317 4165 4164
3 4333 4334 4336
3 4336 4334 4335
3 4340 4337 4339
3 4339 4337 4338
3 4167 4342 4341
3 4341 4342 4343
3 4347 4344 4346
3 4346 4344 4345
3 4349 4350 4348
3 4348 4350 4351
3 4355 4352 4354
3 4354 4352 4353
3 4324 4323 4357
3 4357 4323 4356
3 4336 4358 4333
3 4333 4358 4359
3 4363 4360 4362
3 4362 4360 4361
3 4367 4364 4366
3 4366 4364 4365
3 4368 4369 4371
3 4371 4369 4370
3 4330 4289 4373
3 4373 4289 4372
3 4376 4374 4375
3 4375 4374 4372
3 4378 4379 4377
3 4377 4379 4380
3 4216 4381 4217
3 4217 4381 4382
3 4386 4383 4385
3 4385 4383 4384
3 4387 4388 4337
3 4337 4388 4389
3 4336 4335 4391
3 4391 4335 4390
3 4360 4392 4361
3 4361 4392 4393
3 4395 4396 4394
3 4394 4396 4397
3 4399 4400 4398
3 4398 4400 4401
3 4403 4345 4402
3 4402 4345 4344
3 4406 4341 4405
3 4405 4341 4404
3 4410 4407 4409
3 4409 4407 4408
3 4412 4408 4411
3 4411 4408 4407
3 4415 4413 4414
3 4414 4413 4180
3 4181 4182 4416
3 4416 4182 4417
3 4311 4310 4352
3 4352 4310 4418
3 4422 4419 4421
3 4421 4419 4420
3 4423 4311 4355
3 4355 4311 4352
3 4425 4424 4332
3 4332 4424 4165
3 4121 4165 4142
3 4142 4165 4424
3 4427 4426 4109
3 4109 4426 4106
3 4428 4429 4173
3 4173 4429 4174
3 4334 4430 4335
3 4335 4430 4389
3 4335 4389 4390
3 4390 4389 4388
3 4431 4432 4434
3 4434 4432 4433
3 4438 4435 4437
3 4437 4435 4436
3 4440 4441 4439
3 4439 4441 4442
3 4392 4360 4443
3 4443 4360 4358
3 4447 4444 4446
3 4446 4444 4445
3 4448 4387 4340
3 4340 4387 4337
3 4394 4397 4450
3 4450 4397 4449
3 4454 4451 4453
3 4453 4451 4452
3 4458 4455 4457
3 4457 4455 4456
3 4459 4460 4447
3 4447 4460 4444
3 4464 4461 4463
3 4463 4461 4462
3 4466 4465 4464
3 4464 4465 4461
3 4465 4466 4468
3 4468 4466 4467
3 4470 4469 4467
3 4467 4469 4468
3 4469 4470 4472
3 4472 4470 4471
3 4476 4473 4475
3 4475 4473 4474
3 4480 4477 4479
3 4479 4477 4478
3 4482 4483 4481
3 4481 4483 4484
3 4488 4485 4487
3 4487 4485 4486
3 4492 4489 4491
3 4491 4489 4490
3 4489 4492 4494
3 4494 4492 4493
3 4494 4493 4496
3 4496 4493 4495
3 4498 4497 4495
3 4495 4497 4496
3 4501 4502 4500
3 4500 4502 4499
3 4506 4503 4505
3 4505 4503 4504
3 4508 4461 4507
3 4507 4461 4465
3 4510 4468 4509
3 4509 4468 4469
3 4477 4511 4478
3 4478 4511 4512
3 4441 4513 4442
3 4442 4513 4514
3 4515 4516 4518
3 4518 4516 4517
3 4496 4519 4494
3 4494 4519 4520
3 4494 4520 4489
3 4489 4520 4521
3 4523 4487 4522
3 4522 4487 4490
3 4487 4523 4488
3 4488 4523 4524
3 4526 4484 4525
3 4525 4484 4483
3 4502 4527 4499
3 4499 4527 4528
3 4531 4532 4530
3 4530 4532 4529
3 4529 4533 4505
3 4505 4533 4534
3 4536 4486 4535
3 4535 4486 4485
3 4537 4491 4536
3 4536 4491 4486
3 4539 4495 4538
3 4538 4495 4493
3 4498 4540 4532
3 4532 4540 4541
3 4545 4542 4544
3 4544 4542 4543
3 4547 4548 4546
3 4546 4548 4549
3 4551 4536 4550
3 4550 4536 4535
3 4552 4537 4551
3 4551 4537 4536
3 4553 4538 4555
3 4555 4538 4554
3 4556 4539 4553
3 4553 4539 4538
3 4559 4557 4556
3 4556 4557 4558
3 4558 4540 4556
3 4556 4540 4539
3 4563 4560 4562
3 4562 4560 4561
3 4545 4564 4542
3 4542 4564 4565
3 4546 4566 4547
3 4547 4566 4567
3 4569 4570 4568
3 4568 4570 4571
3 4575 4572 4574
3 4574 4572 4573
3 4576 4577 4579
3 4579 4577 4578
3 4583 4580 4582
3 4582 4580 4581
3 4586 4587 4585
3 4585 4587 4584
3 4588 4584 4589
3 4589 4584 4587
3 4593 4590 4592
3 4592 4590 4591
3 4595 4596 4594
3 4594 4596 4597
3 4601 4598 4600
3 4600 4598 4599
3 4562 4603 4602
3 4602 4603 4604
3 4602 4605 4607
3 4607 4605 4606
3 4590 4593 4609
3 4609 4593 4608
3 4610 4611 4613
3 4613 4611 4612
3 4617 4614 4616
3 4616 4614 4615
3 4620 4618 4619
3 4619 4618 4601
3 4618 4621 4601
3 4601 4621 4598
3 4604 4598 4622
3 4622 4598 4621
3 4604 4622 4602
3 4602 4622 4605
3 4626 4623 4625
3 4625 4623 4624
3 4627 4437 4628
3 4628 4437 4436
3 4441 4440 4629
3 4629 4440 4630
3 4513 4441 4631
3 4631 4441 4629
3 4632 4633 4528
3 4528 4633 4499
3 4499 4633 4500
3 4500 4633 4634
3 4544 4635 4545
3 4545 4635 4636
3 4639 4637 4564
3 4564 4637 4638
3 4641 4640 4575
3 4575 4640 4572
3 4643 4593 4642
3 4642 4593 4592
3 4593 4643 4608
3 4608 4643 4644
3 4648 4645 4647
3 4647 4645 4646
3 4652 4649 4651
3 4651 4649 4650
3 4497 4531 4653
3 4653 4531 4518
3 4510 4520 4507
3 4507 4520 4519
3 4521 4509 4522
3 4522 4509 4654
3 4656 4524 4655
3 4655 4524 4523
3 4513 4528 4514
3 4514 4528 4527
3 4659 4660 4658
3 4658 4660 4657
3 4540 4498 4539
3 4539 4498 4495
3 4492 4554 4493
3 4493 4554 4538
3 4548 4482 4549
3 4549 4482 4481
3 4501 4500 4543
3 4543 4500 4544
3 4500 4634 4544
3 4544 4634 4635
3 4663 4661 4662
3 4662 4661 4588
3 4661 4664 4557
3 4557 4664 4558
3 4568 4585 4569
3 4569 4585 4559
3 4666 4552 4665
3 4665 4552 4551
3 4665 4669 4668
3 4668 4669 4667
3 4673 4670 4672
3 4672 4670 4671
3 4675 4287 4674
3 4674 4287 4286
3 4679 4676 4678
3 4678 4676 4677
3 4680 4677 4681
3 4681 4677 4676
3 4681 4682 4680
3 4680 4682 4683
3 4685 4684 4163
3 4163 4684 4160
3 4413 4686 4688
3 4688 4686 4687
3 4346 4345 4689
3 4689 4345 4404
3 4691 4692 4398
3 4398 4692 4690
3 4364 1208 4365
3 4365 1208 4693
3 1209 4650 1210
3 1210 4650 4649
3 4255 4254 4695
3 4695 4254 4694
3 4696 4697 4217
3 4217 4697 4214
3 4699 4700 4698
3 4698 4700 4701
3 4299 4302 4703
3 4703 4302 4702
3 4314 3921 4315
3 4315 3921 3944
3 4706 4704 4705
3 4705 4704 4652
3 4710 4707 4709
3 4709 4707 4708
3 4334 4333 4712
3 4712 4333 4711
3 4321 4320 4339
3 4339 4320 4713
3 4717 4714 4716
3 4716 4714 4715
3 4719 4718 4240
3 4240 4718 4237
3 4230 4720 4306
3 4306 4720 4307
3 4724 4721 4723
3 4723 4721 4722
3 4728 4725 4727
3 4727 4725 4726
3 4327 4326 4730
3 4730 4326 4729
3 4734 4731 4733
3 4733 4731 4732
3 4736 4735 4380
3 4380 4735 4719
3 4739 4740 4738
3 4738 4740 4737
3 4744 4741 4743
3 4743 4741 4742
3 4430 4338 4389
3 4389 4338 4337
3 4338 4430 4746
3 4746 4430 4745
3 4316 4288 4331
3 4331 4288 4290
3 4285 4290 4208
3 4208 4290 4288
3 4208 4209 4285
3 4285 4209 4286
3 4750 4747 4749
3 4749 4747 4748
3 4752 4751 4283
3 4283 4751 4211
3 4751 4753 4211
3 4211 4753 4212
3 4225 4224 4250
3 4250 4224 4251
3 4248 4247 4229
3 4229 4247 4226
3 4755 4756 4754
3 4754 4756 4204
3 4707 4710 4757
3 4757 4710 4646
3 4759 4758 4365
3 4365 4758 4366
3 4525 4512 4526
3 4526 4512 4511
3 4385 4384 4422
3 4422 4384 4419
3 4649 4652 4760
3 4760 4652 4704
3 1210 4649 1278
3 1278 4649 4760
3 3935 3943 4762
3 4762 3943 4761
3 4273 4272 4764
3 4764 4272 4763
3 4768 4765 4767
3 4767 4765 4766
3 4765 4768 4770
3 4770 4768 4769
3 4242 4241 4769
3 4769 4241 4770
3 4092 4162 4093
3 4093 4162 4161
3 4771 4772 4774
3 4774 4772 4773
3 4776 4777 4775
3 4775 4777 4778
3 4416 4184 4181
3 4181 4184 4183
3 4779 4077 4780
3 4780 4077 4076
3 4780 4076 4781
3 4781 4076 4188
3 4187 4782 4188
3 4188 4782 4781
3 4230 4306 4231
3 4231 4306 4294
3 4786 4783 4785
3 4785 4783 4784
3 4783 1306 4784
3 4784 1306 1305
3 4096 4095 4779
3 4779 4095 4077
3 4074 4073 4309
3 4309 4073 4787
3 4190 4788 4073
3 4073 4788 4787
3 4789 4058 4190
3 4190 4058 4788
3 4790 4276 4791
3 4791 4276 4277
3 4312 4792 3734
3 3734 4792 3731
3 3730 3731 4793
3 4793 3731 4792
3 4795 4790 4794
3 4794 4790 4791
3 4723 4798 4797
3 4797 4798 4796
3 3934 3935 4799
3 4799 3935 4762
3 4800 4061 3728
3 3728 4061 3729
3 4802 4801 4711
3 4711 4801 4712
3 4804 4118 4803
3 4803 4118 4145
3 4519 4496 4653
3 4653 4496 4497
3 1325 4805 1326
3 1326 4805 4806
3 4688 4687 1329
3 1329 4687 1330
3 4058 4061 4788
3 4788 4061 4800
3 4060 4807 4061
3 4061 4807 3729
3 4811 4808 4810
3 4810 4808 4809
3 4813 4812 4344
3 4344 4812 4402
3 4815 4349 4814
3 4814 4349 4348
3 4816 4817 4819
3 4819 4817 4818
3 4821 4406 4820
3 4820 4406 4405
3 4822 4160 4823
3 4823 4160 4684
3 4180 4413 4824
3 4824 4413 4688
3 4740 4739 4825
3 4825 4739 4826
3 4827 4828 4826
3 4826 4828 4825
3 4141 4140 4414
3 4414 4140 4147
3 1278 4760 1353
3 1353 4760 4829
3 4833 4830 4832
3 4832 4830 4831
3 4420 4625 4835
3 4835 4625 4834
3 4707 4394 4708
3 4708 4394 4450
3 4384 4836 4419
3 4419 4836 4626
3 1363 4837 1364
3 1364 4837 4836
3 4396 4395 4838
3 4838 4395 4839
3 4628 4840 4627
3 4627 4840 4841
3 4670 4673 4630
3 4630 4673 4629
3 4673 4658 4629
3 4629 4658 4631
3 4632 4631 4657
3 4657 4631 4658
3 4657 4503 4632
3 4632 4503 4633
3 4503 4506 4633
3 4633 4506 4634
3 4634 4506 4635
3 4635 4506 4842
3 4635 4842 4636
3 4636 4842 4843
3 4636 4843 4639
3 4639 4843 4663
3 4637 4662 4641
3 4641 4662 4844
3 4640 4845 4642
3 4642 4845 4846
3 4643 4847 4644
3 4644 4847 4848
3 4852 4849 4851
3 4851 4849 4850
3 4854 4855 4853
3 4853 4855 4856
3 4856 4857 4859
3 4859 4857 4858
3 4859 4858 4717
3 4717 4858 4714
3 4862 4863 4861
3 4861 4863 4860
3 4867 4864 4866
3 4866 4864 4865
3 4871 4868 4870
3 4870 4868 4869
3 4116 4115 4871
3 4871 4115 4868
3 4819 4818 4873
3 4873 4818 4872
3 4875 4876 4874
3 4874 4876 4877
3 4881 4878 4880
3 4880 4878 4879
3 4885 4882 4884
3 4884 4882 4883
3 4280 4279 4887
3 4887 4279 4886
3 4889 4888 4816
3 4816 4888 4817
3 4191 4822 4192
3 4192 4822 4890
3 4228 4227 4892
3 4892 4227 4891
3 4894 4893 4156
3 4156 4893 4157
3 4132 4131 4896
3 4896 4131 4895
3 4681 4099 4682
3 4682 4099 4098
3 4100 4099 4898
3 4898 4099 4897
3 4899 4146 4105
3 4105 4146 4149
3 4681 4676 4099
3 4099 4676 4897
3 4183 4186 4081
3 4081 4186 4079
3 4186 4188 4079
3 4079 4188 4076
3 4900 4789 4189
3 4189 4789 4190
3 4679 4176 4893
3 4893 4176 4157
3 4107 4135 4751
3 4751 4135 4753
3 4108 4107 4752
3 4752 4107 4751
3 4902 4889 4901
3 4901 4889 4816
3 4903 4904 4906
3 4906 4904 4905
3 4908 4909 4907
3 4907 4909 4910
3 4912 4913 4911
3 4911 4913 4914
3 4915 4916 4918
3 4918 4916 4917
3 4311 4423 4298
3 4298 4423 4303
3 4919 4920 4296
3 4296 4920 4297
3 4922 4166 4921
3 4921 4166 4193
3 4398 4690 4399
3 4399 4690 4923
3 4394 4707 4395
3 4395 4707 4757
3 4925 4367 4924
3 4924 4367 4366
3 4918 4917 4872
3 4872 4917 4873
3 4421 4420 4926
3 4926 4420 4835
3 4310 4297 4927
3 4927 4297 4920
3 4118 4121 4145
3 4145 4121 4142
3 4451 4454 4929
3 4929 4454 4928
3 4933 4930 4932
3 4932 4930 4931
3 4932 4931 4935
3 4935 4931 4934
3 4457 4456 4459
3 4459 4456 4460
3 4475 4474 4478
3 4478 4474 4479
3 4936 4516 4672
3 4672 4516 4659
3 4503 4657 4504
3 4504 4657 4660
3 4485 4488 4482
3 4482 4488 4483
3 4461 4508 4462
3 4462 4508 4517
3 4507 4465 4510
3 4510 4465 4468
3 4476 4655 4472
3 4472 4655 4654
3 4655 4476 4656
3 4656 4476 4475
3 4656 4475 4512
3 4512 4475 4478
3 4525 4483 4524
3 4524 4483 4488
3 4535 4485 4548
3 4548 4485 4482
3 4550 4535 4547
3 4547 4535 4548
3 4547 4567 4550
3 4550 4567 4669
3 4662 4588 4844
3 4844 4588 4589
3 4579 4937 4576
3 4576 4937 4667
3 4940 4938 4937
3 4937 4938 4939
3 4939 4941 4668
3 4668 4941 4942
3 4586 4581 4943
3 4943 4581 4580
3 4563 4607 4846
3 4846 4607 4847
3 4597 4612 4944
3 4944 4612 4615
3 4614 4945 4615
3 4615 4945 4944
3 4946 4938 4947
3 4947 4938 4945
3 4603 4599 4604
3 4604 4599 4598
3 4848 4847 4606
3 4606 4847 4607
3 4612 4611 4615
3 4615 4611 4616
3 4709 4708 4948
3 4948 4708 4834
3 1364 4836 1476
3 1476 4836 4356
3 4950 4802 4949
3 4949 4802 4711
3 4952 4401 4951
3 4951 4401 4400
3 4398 4401 4759
3 4759 4401 4758
3 4507 4519 4508
3 4508 4519 4653
3 4520 4510 4521
3 4521 4510 4509
3 4524 4656 4525
3 4525 4656 4512
3 4528 4513 4632
3 4632 4513 4631
3 4453 4452 4933
3 4933 4452 4930
3 4954 4153 4953
3 4953 4153 4152
3 4958 4955 4957
3 4957 4955 4956
3 4962 4959 4961
3 4961 4959 4960
3 4964 4209 4963
3 4963 4209 4119
3 4966 4967 4965
3 4965 4967 4968
3 4969 4814 4691
3 4691 4814 4348
3 4705 4652 4970
3 4970 4652 4651
3 4757 4646 4971
3 4971 4646 4645
3 4972 4362 4645
3 4645 4362 4971
3 4363 4973 4359
3 4359 4973 4949
3 4430 4334 4745
3 4745 4334 4712
3 4357 4713 4324
3 4324 4713 4320
3 4974 4265 4763
3 4763 4265 4764
3 4201 4975 4202
3 4202 4975 4976
3 4916 4977 4917
3 4917 4977 4978
3 4268 4853 4281
3 4281 4853 4278
3 4901 4816 4879
3 4879 4816 4819
3 4885 4979 4902
3 4902 4979 4889
3 4122 4980 4982
3 4982 4980 4981
3 4849 4795 4850
3 4850 4795 4794
3 4917 4978 4873
3 4873 4978 4880
3 4402 4809 4403
3 4403 4809 4808
3 4985 4983 4984
3 4984 4983 4353
3 1363 1515 4837
3 4837 1515 4986
3 4924 4366 4987
3 4987 4366 4758
3 4477 4480 4989
3 4989 4480 4988
3 4990 4989 4514
3 4514 4989 4442
3 4990 4991 4511
3 4511 4991 4526
3 4992 4991 4502
3 4502 4991 4527
3 4992 4993 4484
3 4484 4993 4481
3 4543 4994 4501
3 4501 4994 4993
3 4994 4995 4549
3 4549 4995 4546
3 4565 4996 4998
3 4998 4996 4997
3 4997 4999 4577
3 4577 4999 4578
3 4596 4595 5001
3 5001 4595 5000
3 5003 5002 4609
3 4609 5002 4590
3 4419 4626 4420
3 4420 4626 4625
3 4623 4626 4837
3 4837 4626 4836
3 5004 4829 4704
3 4704 4829 4760
3 5005 5004 4706
3 4706 5004 4704
3 4307 4720 4074
3 4074 4720 4075
3 5006 4199 4796
3 4796 4199 4797
3 5008 5007 4685
3 4685 5007 4684
3 4979 5009 4889
3 4889 5009 4888
3 1539 4323 1540
3 1540 4323 4322
3 4384 4383 4357
3 4357 4383 4713
3 4395 4757 4839
3 4839 4757 4971
3 5011 5010 4851
3 4851 5010 4865
3 5009 4979 4259
3 4259 4979 5012
3 5014 5013 4877
3 4877 5013 4874
3 5018 5015 5017
3 5017 5015 5016
3 5020 5019 5018
3 5018 5019 5015
3 5024 5021 5023
3 5023 5021 5022
3 5028 5025 5027
3 5027 5025 5026
3 5032 5029 5031
3 5031 5029 5030
3 5036 5033 5035
3 5035 5033 5034
3 5038 5039 5037
3 5037 5039 5040
3 5044 5041 5043
3 5043 5041 5042
3 5046 5038 5045
3 5045 5038 5037
3 5050 5047 5049
3 5049 5047 5048
3 5054 5051 5053
3 5053 5051 5052
3 5057 5055 5023
3 5023 5055 5056
3 5061 5058 5060
3 5060 5058 5059
3 5065 5062 5064
3 5064 5062 5063
3 5064 5063 5049
3 5049 5063 5042
3 5067 5066 5040
3 5040 5066 5037
3 5071 5068 5070
3 5070 5068 5069
3 5073 5074 5072
3 5072 5074 5075
3 5077 5034 5076
3 5076 5034 5033
3 5081 5078 5080
3 5080 5078 5079
3 5085 5082 5084
3 5084 5082 5083
3 5087 5086 5083
3 5083 5086 5084
3 5091 5088 5090
3 5090 5088 5089
3 5095 5092 5094
3 5094 5092 5093
3 5099 5096 5098
3 5098 5096 5097
3 5103 5100 5102
3 5102 5100 5101
3 5104 5105 5107
3 5107 5105 5106
3 5111 5108 5110
3 5110 5108 5109
3 5092 5112 5093
3 5093 5112 5113
3 5117 5114 5116
3 5116 5114 5115
3 5121 5118 5120
3 5120 5118 5119
3 5125 5122 5124
3 5124 5122 5123
3 5129 5126 5128
3 5128 5126 5127
3 5131 5097 5130
3 5130 5097 5096
3 5121 5132 5134
3 5134 5132 5133
3 5135 5087 5124
3 5124 5087 5083
3 5139 5136 5138
3 5138 5136 5137
3 5100 5140 5101
3 5101 5140 5141
3 5143 5106 5142
3 5142 5106 5105
3 5147 5144 5146
3 5146 5144 5145
3 5148 5149 5108
3 5108 5149 5109
3 5149 5151 5109
3 5109 5151 5150
3 5138 4715 5139
3 5139 4715 4714
3 4868 5143 4869
3 4869 5143 5142
3 4114 5145 4115
3 4115 5145 5144
3 5149 5148 4795
3 4795 5148 4790
3 4795 4849 5149
3 5149 4849 5151
3 5140 4858 5141
3 5141 4858 4857
3 5104 5114 5153
3 5153 5114 5152
3 5155 5156 5154
3 5154 5156 5157
3 5053 5052 5159
3 5159 5052 5158
3 5067 5019 5161
3 5161 5019 5160
3 5020 5162 5028
3 5028 5162 5025
3 5164 5163 5085
3 5085 5163 5082
3 5167 5165 5166
3 5166 5165 5089
3 5168 5169 5171
3 5171 5169 5170
3 5173 5174 5172
3 5172 5174 5175
3 5176 5108 5177
3 5177 5108 5111
3 5178 5179 5181
3 5181 5179 5180
3 5120 5119 5125
3 5125 5119 5122
3 5182 5180 5166
3 5166 5180 5179
3 5183 5184 5178
3 5178 5184 5179
3 5185 5148 5176
3 5176 5148 5108
3 4867 5183 4864
3 4864 5183 5178
3 5187 5188 5186
3 5186 5188 5189
3 5148 5185 4790
3 4790 5185 4276
3 5178 5181 4864
3 4864 5181 4852
3 5188 4861 5189
3 5189 4861 4860
3 5191 5190 5074
3 5074 5190 5155
3 5193 5192 5034
3 5034 5192 5035
3 5194 5152 5117
3 5117 5152 5114
3 5196 5195 5024
3 5024 5195 5021
3 5154 5157 5068
3 5068 5157 5061
3 5198 5197 5065
3 5065 5197 5062
3 5072 5075 5199
3 5199 5075 5071
3 5202 5200 5130
3 5130 5200 5201
3 5204 5203 5105
3 5105 5203 5142
3 5126 5205 5112
3 5112 5205 5113
3 5194 5192 5131
3 5131 5192 5097
3 4869 5142 5206
3 5206 5142 5203
3 5091 5207 5135
3 5135 5207 5087
3 5182 5088 5209
3 5209 5088 5208
3 5060 5059 5017
3 5017 5059 5210
3 5016 5039 5069
3 5069 5039 5070
3 5156 5155 5159
3 5159 5155 5190
3 5057 5048 5027
3 5027 5048 5047
3 5141 4857 5203
3 5203 4857 5206
3 4858 5140 4714
3 4714 5140 5139
3 5050 5041 5161
3 5161 5041 5211
3 4849 4852 5151
3 5151 4852 5181
3 5132 5212 5133
3 5133 5212 5213
3 5212 5132 5164
3 5164 5132 5163
3 5216 5200 5215
3 5215 5200 5214
3 5147 5146 5218
3 5218 5146 5217
3 5177 5217 5176
3 5176 5217 5146
3 5136 5139 5100
3 5100 5139 5140
3 5103 5201 5216
3 5216 5201 5200
3 5145 5185 5146
3 5146 5185 5176
3 4276 5185 4114
3 4114 5185 5145
3 5031 5030 5191
3 5191 5030 5190
3 5196 5219 5054
3 5054 5219 5051
3 5143 4868 5144
3 5144 4868 4115
3 5133 5213 5036
3 5036 5213 5033
3 5093 5113 5099
3 5099 5113 5096
3 5107 5106 5218
3 5218 5106 5147
3 5116 5115 5134
3 5134 5115 5220
3 5209 5208 5110
3 5110 5208 5123
3 5144 5147 5143
3 5143 5147 5106
3 5180 5150 5181
3 5181 5150 5151
3 5086 5087 5221
3 5221 5087 5207
3 5171 5170 5207
3 5207 5170 5221
3 1754 4697 1755
3 1755 4697 5222
3 4134 4106 5223
3 5223 4106 4426
3 5225 5224 4678
3 4678 5224 4177
3 4892 4891 5227
3 5227 4891 5226
3 4171 4170 5229
3 5229 4170 5228
3 4884 4883 4267
3 4267 4883 4854
3 4855 4854 4870
3 4870 4854 4883
3 4683 5230 4895
3 4895 5230 4896
3 5007 5008 4766
3 4766 5008 4767
3 5102 5101 5153
3 5153 5101 5204
3 5192 5193 5097
3 5097 5193 5098
3 5197 5198 5078
3 5078 5198 5032
3 5203 5204 5141
3 5141 5204 5101
3 5223 4426 4680
3 4680 4426 4677
3 5232 5231 3710
3 3710 5231 3711
3 3963 3962 3987
3 3987 3962 3967
3 3984 3971 4043
3 4043 3971 3975
3 4032 4035 4036
3 4036 4035 4037
3 3943 3730 4761
3 4761 3730 4793
3 3809 3721 3943
3 3943 3721 3730
3 5233 3711 3873
3 3873 3711 5231
3 4010 3866 3904
3 3904 3866 3905
3 4010 3904 4022
3 4022 3904 3903
3 3809 3810 3721
3 3721 3810 3718
3 3810 3686 3718
3 3718 3686 3811
3 3686 3685 3811
3 3811 3685 3715
3 3685 3684 3715
3 3715 3684 3712
3 4812 5234 4402
3 4402 5234 4809
3 1768 4813 1769
3 1769 4813 4344
3 4066 4065 4057
3 4057 4065 5235
3 4042 4067 4048
3 4048 4067 4049
3 3989 3988 5236
3 5236 3988 4033
3 4004 4071 4029
3 4029 4071 4030
3 4002 4003 4001
3 4001 4003 4031
3 4029 4031 4004
3 4004 4031 4003
3 4066 4063 4067
3 4067 4063 4049
3 4063 4066 4056
3 4056 4066 4057
3 3988 5237 4033
3 4033 5237 4034
3 5239 4057 5238
3 5238 4057 5235
3 3872 5240 3873
3 3873 5240 5233
3 3877 3880 3872
3 3872 3880 5240
3 4309 4787 4762
3 4762 4787 4799
3 4308 4309 4761
3 4761 4309 4762
3 4305 4308 4793
3 4793 4308 4761
3 4793 4792 4305
3 4305 4792 4291
3 4292 4312 4301
3 4301 4312 4313
3 4301 4313 4302
3 4302 4313 4314
3 4302 4314 4702
3 4702 4314 4315
3 4067 4042 4068
3 4068 4042 4034
3 4323 1539 4356
3 4356 1539 1476
3 3870 3873 3986
3 3986 3873 5231
3 5232 4012 5231
3 5231 4012 3986
3 4012 5232 4013
3 4013 5232 5241
3 4006 3864 4014
3 4014 3864 3887
3 3865 4007 5242
3 5242 4007 4015
3 3874 3877 5243
3 5243 3877 3872
3 3872 3871 5243
3 5243 3871 3964
3 5243 3964 3874
3 3874 3964 3875
3 5242 4015 5241
3 5241 4015 4013
3 5247 5244 5246
3 5246 5244 5245
3 3925 3576 3949
3 3949 3576 3575
3 3579 3584 3841
3 3841 3584 3583
3 1784 1783 5246
3 5246 1783 5248
3 5249 5250 5252
3 5252 5250 5251
3 5255 5253 5251
3 5251 5253 5254
3 5253 5255 5257
3 5257 5255 5256
3 5257 5256 5259
3 5259 5256 5258
3 5258 4423 5260
3 5260 4423 4355
3 5260 4355 5261
3 5261 4355 4354
3 5264 5262 5263
3 5263 5262 4923
3 4692 5265 4690
3 4690 5265 5266
3 4350 5267 4351
3 4351 5267 5268
3 5267 4350 1806
3 1806 4350 1807
3 3579 3841 3580
3 3798 3801 3837
3 4799 4787 4800
3 4800 4787 4788
3 4800 3728 4799
3 4799 3728 3934
3 3934 3728 3665
3 3665 3728 3727
3 3665 3727 3662
3 3662 3727 3797
3 3808 3662 3817
3 3817 3662 3797
3 3807 3808 3816
3 3816 3808 3817
3 3807 3816 3654
3 3654 3816 3795
3 3654 3795 3567
3 3567 3795 3614
3 3567 3614 3568
3 3568 3614 3572
3 3568 3572 3612
3 3612 3572 3571
3 3612 3571 3605
3 3605 3571 3791
3 3606 3790 3948
3 3948 3790 3590
3 3948 3590 3949
3 3949 3590 3589
3 3949 3589 3925
3 3925 3589 3804
3 3925 3804 3558
3 3558 3804 3803
3 3803 3913 3558
3 3558 3913 3559
3 3787 3912 3788
3 3788 3912 3923
3 3788 3923 3825
3 3825 3923 3927
3 3927 3926 3825
3 3825 3926 3826
3 3826 3926 3834
3 3834 3926 3833
3 4078 4077 5269
3 5269 4077 5006
3 5270 5271 4232
3 4232 5271 5272
3 5276 5273 5275
3 5275 5273 5274
3 5277 5278 4235
3 4235 5278 4236
3 5271 5270 5279
3 5279 5270 5277
3 5281 4235 5280
3 5280 4235 4234
3 5285 5282 5284
3 5284 5282 5283
3 5289 5286 5288
3 5288 5286 5287
3 5293 5290 5292
3 5292 5290 5291
3 5294 4725 5289
3 5289 4725 5286
3 4312 4292 4792
3 4792 4292 4291
3 5295 4718 4735
3 4735 4718 4719
3 4907 5297 4908
3 4908 5297 5296
3 5298 5299 4975
3 4975 5299 5300
3 5301 4201 5302
3 5302 4201 4200
3 5305 4982 5304
3 5304 4982 5303
3 5307 5308 5306
3 5306 5308 5309
3 5310 5282 4724
3 4724 5282 4721
3 4125 4124 5293
3 5293 4124 5290
3 5312 5313 5311
3 5311 5313 5314
3 5317 5318 5316
3 5316 5318 5315
3 5320 5307 5319
3 5319 5307 5306
3 4818 4980 4872
3 4872 4980 5321
3 4980 4122 5321
3 5321 4122 4125
3 5325 5322 5324
3 5324 5322 5323
3 4763 5326 4974
3 4974 5326 5327
3 5328 4168 5326
3 5326 4168 4171
3 4767 4170 4768
3 4768 4170 4169
3 4242 4754 4243
3 4243 4754 5329
3 4754 4204 5329
3 5329 4204 4207
3 4205 4905 4206
3 4206 4905 4904
3 4685 5013 5008
3 5008 5013 5228
3 4768 4169 4769
3 4769 4169 4755
3 4756 4755 4168
3 4168 4755 4169
3 4272 5328 4763
3 4763 5328 5326
3 4275 5330 4272
3 4272 5330 5328
3 4754 4242 4755
3 4755 4242 4769
3 5009 5331 4888
3 4888 5331 5332
3 4876 5331 4877
3 4877 5331 4258
3 4874 4163 4875
3 4875 4163 4162
3 5324 5323 5334
3 5334 5323 5333
3 4123 4122 5305
3 5305 4122 4982
3 4817 4981 4818
3 4818 4981 4980
3 4259 4258 5009
3 5009 4258 5331
3 5013 4685 4874
3 4874 4685 4163
3 5008 5228 4767
3 4767 5228 4170
3 4918 5335 4915
3 4915 5335 5336
3 5335 5293 5336
3 5336 5293 5292
3 4888 5332 4817
3 4817 5332 4981
3 5339 4261 5338
3 5338 4261 5337
3 5338 5337 5309
3 5309 5337 5306
3 5341 5308 5340
3 5340 5308 4203
3 4872 5321 4918
3 4918 5321 5335
3 5321 4125 5335
3 5335 4125 5293
3 5285 5342 5325
3 5325 5342 5322
3 5343 5344 4913
3 4913 5344 4914
3 5344 5343 5314
3 5314 5343 5311
3 5348 5345 5347
3 5347 5345 5346
3 4832 4831 5350
3 5350 4831 5349
3 5351 5352 5348
3 5348 5352 5345
3 5353 5337 4264
3 4264 5337 4261
3 5319 5306 5353
3 5353 5306 5337
3 5307 5320 4200
3 4200 5320 5302
3 4798 5354 5356
3 5356 5354 5355
3 5334 5333 5358
3 5358 5333 5357
3 5357 5359 4092
3 4092 5359 4162
3 5359 5304 4162
3 4162 5304 4875
3 4876 4875 5303
3 5303 4875 5304
3 4080 4078 4777
3 4777 4078 5269
3 4778 5360 4773
3 4773 5360 5356
3 4091 4774 5358
3 5358 4774 5355
3 4982 4981 5303
3 5303 4981 5332
3 5331 4876 5332
3 5332 4876 5303
3 5327 5229 4257
3 4257 5229 5014
3 5229 5327 4171
3 4171 5327 5326
3 5330 4756 5328
3 5328 4756 4168
3 4205 4204 5330
3 5330 4204 4756
3 5330 4275 4205
3 4205 4275 4905
3 4275 4274 4905
3 4905 4274 4906
3 4743 4906 4887
3 4887 4906 4274
3 4863 4744 4716
3 4716 4744 4886
3 4715 5138 4860
3 4860 5138 5189
3 5138 5137 5189
3 5189 5137 5186
3 5137 5215 5186
3 5186 5215 5175
3 5129 5172 5361
3 5361 5172 5214
3 5339 5362 5364
3 5364 5362 5363
3 4741 4862 5365
3 5365 4862 4866
3 4861 5188 4867
3 4867 5188 5183
3 5188 5187 5183
3 5183 5187 5184
3 5187 5174 5184
3 5184 5174 5167
3 3789 3560 3787
3 3787 3560 3559
3 3595 3594 3607
3 3607 3594 3593
3 3591 3594 3581
3 3581 3594 3597
3 3610 3600 3608
3 3608 3600 3599
3 3601 3600 3611
3 3611 3600 3610
3 3613 3612 3604
3 3604 3612 3605
3 5367 3793 5366
3 5366 3793 3792
3 3608 3599 3596
3 3596 3599 3597
3 3571 3574 3791
3 3791 3574 3792
3 3592 3557 3593
3 3593 3557 3560
3 3806 3914 3803
3 3803 3914 3913
3 5369 3915 5368
3 5368 3915 3914
3 3603 3602 3604
3 3604 3602 3601
3 3790 3606 3791
3 3791 3606 3605
3 3787 3559 3912
3 3912 3559 3913
3 5370 5165 5128
3 5128 5165 5173
3 5169 5168 5092
3 5092 5168 5112
3 5090 5089 5370
3 5370 5089 5165
3 5171 5371 5168
3 5168 5371 5127
3 5168 5127 5112
3 5112 5127 5126
3 5361 5202 5205
3 5205 5202 5113
3 5095 5072 5372
3 5372 5072 5199
3 5372 5199 5374
3 5374 5199 5373
3 5038 5046 5373
3 5373 5046 5374
3 5375 5084 5045
3 5045 5084 5086
3 5375 5066 5376
3 5376 5066 5211
3 5376 5211 5044
3 5044 5211 5041
3 5043 5042 5377
3 5377 5042 5063
3 5377 5063 5076
3 5076 5063 5062
3 5078 5081 5197
3 5197 5081 5077
3 5378 5099 5080
3 5080 5099 5098
3 5094 5093 5378
3 5378 5093 5099
3 5382 5379 5381
3 5381 5379 5380
3 5384 5385 5383
3 5383 5385 5382
3 5387 5385 5386
3 5386 5385 5384
3 5391 5388 5390
3 5390 5388 5389
3 5392 5393 5395
3 5395 5393 5394
3 5399 5396 5398
3 5398 5396 5397
3 5401 5402 5400
3 5400 5402 5403
3 5403 5404 5406
3 5406 5404 5405
3 5409 5162 5408
3 5408 5162 5407
3 5410 5411 5413
3 5413 5411 5412
3 5416 5414 5415
3 5415 5414 5056
3 5418 5417 5415
3 5415 5417 5392
3 5420 5419 5394
3 5394 5419 5395
3 5424 5421 5423
3 5423 5421 5422
3 5425 5219 5416
3 5416 5219 5414
3 5393 5392 5390
3 5390 5392 5417
3 5413 5387 5410
3 5410 5387 5391
3 5427 5059 5426
3 5426 5059 5058
3 5429 5428 5426
3 5426 5428 5422
3 5424 5430 5381
3 5381 5430 5431
3 5423 5422 5406
3 5406 5422 5428
3 5432 5380 5408
3 5408 5380 5379
3 5427 5421 5432
3 5432 5421 5380
3 5418 5055 5411
3 5411 5055 5026
3 5436 5433 5435
3 5435 5433 5434
3 5158 5438 5437
3 5437 5438 5439
3 5438 5158 5435
3 5435 5158 5052
3 5398 5397 5402
3 5402 5397 5440
3 5412 5025 5409
3 5409 5025 5162
3 5437 5439 5441
3 5441 5439 5429
3 5445 5442 5444
3 5444 5442 5443
3 5446 5447 5449
3 5449 5447 5448
3 5450 5445 5451
3 5451 5445 5444
3 5450 5452 5454
3 5454 5452 5453
3 5455 5453 5457
3 5457 5453 5456
3 5461 5458 5460
3 5460 5458 5459
3 5465 5462 5464
3 5464 5462 5463
3 5469 5466 5468
3 5468 5466 5467
3 5473 5470 5472
3 5472 5470 5471
3 5474 5475 5477
3 5477 5475 5476
3 5478 5479 5481
3 5481 5479 5480
3 5482 5483 5447
3 5447 5483 5484
3 5447 5484 5448
3 5448 5484 5485
3 5475 5474 5486
3 5486 5474 5487
3 5491 5488 5490
3 5490 5488 5489
3 5495 5492 5494
3 5494 5492 5493
3 5492 5496 5493
3 5493 5496 5497
3 5501 5498 5500
3 5500 5498 5499
3 5442 5445 5503
3 5503 5445 5502
3 5507 5504 5506
3 5506 5504 5505
3 5511 5508 5510
3 5510 5508 5509
3 5513 5514 5512
3 5512 5514 5515
3 5519 5516 5518
3 5518 5516 5517
3 5521 5495 5520
3 5520 5495 5494
3 5525 5522 5524
3 5524 5522 5523
3 5526 5527 5493
3 5493 5527 5494
3 5529 5528 5501
3 5501 5528 5498
3 5485 5484 5531
3 5531 5484 5530
3 5532 5530 5483
3 5483 5530 5484
3 5481 5480 5533
3 5533 5480 5534
3 5510 5505 5511
3 5511 5505 5535
3 5445 5450 5502
3 5502 5450 5454
3 5466 5469 5510
3 5510 5469 5536
3 5510 5509 5466
3 5466 5509 5537
3 5541 5538 5540
3 5540 5538 5539
3 5542 5543 5545
3 5545 5543 5544
3 5470 5546 5471
3 5471 5546 5547
3 5549 5548 5495
3 5495 5548 5492
3 5550 5549 5521
3 5521 5549 5495
3 5554 5551 5553
3 5553 5551 5552
3 5557 5555 5446
3 5446 5555 5556
3 5556 5482 5446
3 5446 5482 5447
3 5477 5476 5552
3 5552 5476 5558
3 5476 5559 5558
3 5558 5559 5560
3 5561 5559 5475
3 5475 5559 5476
3 5475 5486 5561
3 5561 5486 5562
3 5559 5563 5560
3 5560 5563 5564
3 5563 5559 5565
3 5565 5559 5561
3 5565 5561 5566
3 5566 5561 5562
3 5568 5520 5567
3 5567 5520 5569
3 5572 5570 5571
3 5571 5570 5480
3 5480 5570 5534
3 5534 5570 5573
3 5577 5574 5576
3 5576 5574 5575
3 5580 5455 5579
3 5579 5455 5578
3 5582 5487 5581
3 5581 5487 5474
3 5505 5504 5535
3 5535 5504 5583
3 5584 5585 5587
3 5587 5585 5586
3 5591 5588 5590
3 5590 5588 5589
3 5593 5519 5592
3 5592 5519 5518
3 5594 5595 5461
3 5461 5595 5596
3 5513 5597 5599
3 5599 5597 5598
3 5603 5600 5602
3 5602 5600 5601
3 5545 5524 5542
3 5542 5524 5523
3 5542 5523 5605
3 5605 5523 5604
3 5500 5499 5607
3 5607 5499 5606
3 5521 5608 5550
3 5550 5608 5609
3 5508 5597 5509
3 5509 5597 5610
3 5611 5596 5456
3 5456 5596 5457
3 5612 5537 5610
3 5610 5537 5509
3 5506 5580 5507
3 5507 5580 5579
3 5616 5613 5615
3 5615 5613 5614
3 5620 5617 5619
3 5619 5617 5618
3 5624 5621 5623
3 5623 5621 5622
3 5622 5625 5623
3 5623 5625 5626
3 5630 5627 5629
3 5629 5627 5628
3 5465 5631 5633
3 5633 5631 5632
3 5636 5462 5635
3 5635 5462 5634
3 5604 5523 5637
3 5637 5523 5522
3 5638 5639 5640
3 5640 5639 5594
3 5641 5612 5512
3 5512 5612 5610
3 5585 5500 5642
3 5642 5500 5607
3 5590 5589 5624
3 5624 5589 5621
3 5512 5610 5513
3 5513 5610 5597
3 5646 5643 5645
3 5645 5643 5644
3 5619 5618 5490
3 5490 5618 5647
3 5642 5607 5648
3 5648 5607 5491
3 5652 5649 5651
3 5651 5649 5650
3 5633 5634 5465
3 5465 5634 5462
3 5458 5461 5611
3 5611 5461 5596
3 5637 5522 5633
3 5633 5522 5634
3 5633 5632 5637
3 5637 5632 5653
3 5525 5524 5655
3 5655 5524 5654
3 5526 5656 5658
3 5658 5656 5657
3 5462 5636 5463
3 5463 5636 5659
3 5464 5660 5465
3 5465 5660 5631
3 5657 5631 5661
3 5661 5631 5660
3 5661 5662 5657
3 5657 5662 5658
3 5662 5663 5658
3 5658 5663 5664
3 5656 5632 5657
3 5657 5632 5631
3 5665 5628 5529
3 5529 5628 5666
3 5658 5664 5526
3 5526 5664 5527
3 5567 5569 5668
3 5668 5569 5667
3 5670 5669 5667
3 5667 5669 5668
3 5645 5671 5672
3 5674 5672 5673
3 5673 5672 5671
3 5458 5674 5459
3 5459 5674 5673
3 5594 5461 5675
3 5675 5461 5460
3 5678 5679 5677
3 5677 5679 5676
3 5628 5627 5666
3 5666 5627 5680
3 5529 5666 5528
3 5528 5666 5681
3 5611 5682 5458
3 5458 5682 5674
3 5501 5584 5529
3 5529 5584 5665
3 5602 5601 5683
3 5683 5601 5588
3 5663 5662 5644
3 5644 5662 5645
3 5645 5672 5646
3 5646 5672 5684
3 5684 5682 5686
3 5686 5682 5685
3 5530 5532 5688
3 5688 5532 5687
3 5533 5534 5690
3 5690 5534 5689
3 5534 5573 5689
3 5689 5573 5691
3 5692 5688 5686
3 5686 5688 5684
3 5694 5489 5693
3 5693 5489 5488
3 5696 5695 5691
3 5691 5695 5689
3 5690 5689 5643
3 5643 5689 5695
3 5697 5557 5449
3 5449 5557 5446
3 5612 5641 5699
3 5699 5641 5698
3 5540 5539 5701
3 5701 5539 5700
3 5696 5431 5702
3 5702 5431 5430
3 5384 5383 5573
3 5573 5383 5691
3 5570 5572 5386
3 5386 5572 5388
3 5564 5389 5572
3 5572 5389 5388
3 5389 5564 5703
3 5703 5564 5563
3 5565 5704 5563
3 5563 5704 5703
3 5397 5608 5440
3 5440 5608 5568
3 5440 5568 5404
3 5404 5568 5567
3 5405 5668 5705
3 5705 5668 5669
3 5705 5669 5430
3 5430 5669 5702
3 5691 5383 5696
3 5696 5383 5431
3 5573 5570 5384
3 5384 5570 5386
3 5693 5488 5706
3 5706 5488 5606
3 5518 5517 5708
3 5708 5517 5707
3 5574 5709 5575
3 5575 5709 5710
3 5714 5711 5713
3 5713 5711 5712
3 5477 5552 5715
3 5715 5552 5551
3 5716 5474 5715
3 5715 5474 5477
3 5717 5718 5604
3 5604 5718 5605
3 5589 5583 5621
3 5621 5583 5504
3 5507 5622 5504
3 5504 5622 5621
3 5507 5579 5622
3 5622 5579 5625
3 5719 5625 5578
3 5578 5625 5579
3 5721 5719 5720
3 5720 5719 5578
3 5722 5665 5587
3 5587 5665 5584
3 5639 5638 5724
3 5724 5638 5723
3 5726 5554 5725
3 5725 5554 5553
3 5452 5727 5728
3 5646 5684 5687
3 5687 5684 5688
3 5508 5511 5729
3 5729 5511 5603
3 5591 5617 5630
3 5630 5617 5627
3 5511 5535 5603
3 5603 5535 5600
3 5675 5659 5731
3 5731 5659 5730
3 5602 5732 5603
3 5603 5732 5729
3 5549 5550 5486
3 5486 5550 5562
3 5607 5606 5491
3 5491 5606 5488
3 5564 5572 5560
3 5560 5572 5571
3 5608 5521 5568
3 5568 5521 5520
3 5734 5499 5733
3 5733 5499 5498
3 5721 5720 5735
3 5735 5720 5595
3 5519 5593 5599
3 5599 5593 5736
3 5732 5516 5729
3 5729 5516 5598
3 5738 5730 5737
3 5737 5730 5659
3 5647 5648 5490
3 5490 5648 5491
3 5500 5585 5501
3 5501 5585 5584
3 5654 5524 5739
3 5739 5524 5545
3 5516 5519 5598
3 5598 5519 5599
3 5737 5708 5738
3 5738 5708 5707
3 5522 5525 5634
3 5634 5525 5635
3 5740 5702 5670
3 5670 5702 5669
3 5742 5741 5694
3 5694 5741 5489
3 5676 5743 5677
3 5677 5743 5681
3 5620 5678 5680
3 5680 5678 5677
3 5679 5678 5742
3 5742 5678 5741
3 5680 5627 5620
3 5620 5627 5617
3 5683 5588 5723
3 5723 5588 5724
3 5720 5578 5457
3 5457 5578 5455
3 5674 5682 5672
3 5672 5682 5684
3 5743 5744 5681
3 5681 5744 5528
3 5596 5595 5457
3 5457 5595 5720
3 5605 5718 5539
3 5539 5718 5700
3 5695 5696 5740
3 5740 5696 5702
3 5706 5606 5734
3 5734 5606 5499
3 5496 5492 5745
3 5745 5492 5548
3 5537 5612 5746
3 5746 5612 5699
3 5399 5433 5420
3 5420 5433 5419
3 5531 5530 5692
3 5692 5530 5688
3 5704 5565 5747
3 5747 5565 5566
3 5396 5609 5397
3 5397 5609 5608
3 5404 5567 5405
3 5405 5567 5668
3 5582 5745 5487
3 5487 5745 5548
3 5709 5713 5710
3 5710 5713 5712
3 5466 5537 5467
3 5467 5537 5746
3 5749 5748 5546
3 5546 5748 5547
3 5683 5750 5602
3 5602 5750 5732
3 5588 5601 5589
3 5589 5601 5583
3 5614 5613 5751
3 5751 5613 5635
3 5754 5737 5753
3 5753 5737 5752
3 5535 5583 5600
3 5600 5583 5601
3 5735 5639 5722
3 5722 5639 5629
3 5594 5639 5595
3 5595 5639 5735
3 5528 5744 5498
3 5498 5744 5733
3 5585 5642 5586
3 5586 5642 5626
3 5552 5558 5553
3 5553 5558 5479
3 5558 5560 5479
3 5479 5560 5571
3 5478 5725 5479
3 5479 5725 5553
3 5711 5714 5749
3 5749 5714 5748
3 5456 5685 5611
3 5611 5685 5682
3 5666 5680 5681
3 5681 5680 5677
3 5729 5598 5508
3 5508 5598 5597
3 5619 5741 5620
3 5620 5741 5678
3 5614 5652 5615
3 5615 5652 5651
3 5436 5051 5425
3 5425 5051 5219
3 5548 5549 5487
3 5487 5549 5486
3 5490 5489 5619
3 5619 5489 5741
3 5566 5562 5609
3 5609 5562 5550
3 5747 5566 5396
3 5396 5566 5609
3 5613 5616 5752
3 5752 5616 5753
3 5479 5571 5480
3 5708 5737 5755
3 5755 5737 5754
3 5744 5743 5757
3 5757 5743 5756
3 5758 5733 5757
3 5757 5733 5744
3 5733 5758 5734
3 5734 5758 5759
3 5706 5734 5760
3 5760 5734 5759
3 5743 5676 5756
3 5756 5676 5761
3 5676 5679 5761
3 5761 5679 5762
3 5762 5679 5763
3 5763 5679 5742
3 5765 5756 5764
3 5764 5756 5761
3 5769 5766 5768
3 5768 5766 5767
3 5766 5769 5771
3 5771 5769 5770
3 5769 5768 5773
3 5773 5768 5772
3 5774 5775 5773
3 5773 5775 5776
3 5774 5773 5777
3 5777 5773 5772
3 5777 5772 5765
3 5765 5772 5778
3 5776 5770 5773
3 5773 5770 5769
3 5779 5780 5782
3 5782 5780 5781
3 5780 5779 5770
3 5770 5779 5771
3 5768 5767 5772
3 5772 5767 5778
3 5757 5778 5758
3 5758 5778 5767
3 5759 5758 5783
3 5783 5758 5767
3 5766 5784 5767
3 5767 5784 5783
3 5785 5784 5771
3 5771 5784 5766
3 5757 5756 5778
3 5778 5756 5765
3 5779 5786 5771
3 5771 5786 5785
3 5788 5787 5785
3 5785 5787 5784
3 5785 5786 5788
3 5788 5786 5789
3 5791 5790 5788
3 5788 5790 5787
3 5793 5787 5792
3 5792 5787 5790
3 5788 5789 5791
3 5791 5789 5794
3 5784 5787 5783
3 5783 5787 5793
3 5760 5759 5793
3 5793 5759 5783
3 5786 5779 5795
3 5795 5779 5782
3 5765 5796 5777
3 5777 5796 5774
3 5796 5797 5774
3 5774 5797 5775
3 5798 5796 5764
3 5764 5796 5765
3 5797 5796 5799
3 5799 5796 5798
3 5797 5800 5775
3 5775 5800 5801
3 5802 5693 5760
3 5760 5693 5706
3 5763 5742 5803
3 5803 5742 5694
3 5693 5802 5694
3 5694 5802 5803
3 5802 5792 5803
3 5803 5792 5804
3 5792 5790 5804
3 5804 5790 5805
3 5806 5763 5804
3 5804 5763 5803
3 5793 5792 5760
3 5760 5792 5802
3 5807 5762 5806
3 5806 5762 5763
3 5761 5762 5764
3 5764 5762 5807
3 5764 5807 5798
3 5798 5807 5808
3 5808 5807 5809
3 5809 5807 5806
3 5811 5810 5809
3 5809 5810 5808
3 5809 5806 5805
3 5805 5806 5804
3 5809 5805 5811
3 5811 5805 5812
3 5798 5808 5799
3 5799 5808 5810
3 5814 5799 5813
3 5813 5799 5810
3 5817 5815 5816
3 5816 5815 5813
3 5813 5810 5816
3 5816 5810 5811
3 5795 5814 5815
3 5815 5814 5813
3 5814 5795 5800
3 5800 5795 5782
3 5799 5814 5797
3 5797 5814 5800
3 5812 5805 5791
3 5791 5805 5790
3 5817 5812 5794
3 5794 5812 5791
3 5817 5816 5812
3 5812 5816 5811
3 5815 5817 5789
3 5789 5817 5794
3 5789 5786 5815
3 5815 5786 5795
3 5781 5780 5776
3 5776 5780 5770
3 5781 5801 5782
3 5782 5801 5800
3 5775 5801 5776
3 5776 5801 5781
3 5587 5586 5721
3 5721 5586 5719
3 5617 5591 5618
3 5618 5591 5590
3 5648 5647 5623
3 5623 5647 5624
3 5642 5648 5626
3 5626 5648 5623
3 5639 5724 5629
3 5629 5724 5630
3 5647 5618 5624
3 5624 5618 5590
3 5735 5722 5721
3 5721 5722 5587
3 5588 5591 5724
3 5724 5591 5630
3 5722 5629 5665
3 5665 5629 5628
3 5625 5719 5626
3 5626 5719 5586
3 5820 5821 5819
3 5819 5821 5818
3 5823 5824 5822
3 5822 5824 5825
3 5822 5825 5826
3 5826 5825 5827
3 5828 5829 5831
3 5831 5829 5830
3 5833 5707 5832
3 5832 5707 5517
3 5824 5823 5835
3 5835 5823 5834
3 5837 5838 5836
3 5836 5838 5839
3 5683 5840 5750
3 5750 5840 5841
3 5683 5723 5840
3 5840 5723 5842
3 5843 5844 5846
3 5846 5844 5845
3 5835 5847 5824
3 5824 5847 5829
3 5750 5841 5517
3 5517 5841 5832
3 5848 5820 5837
3 5837 5820 5838
3 5849 5847 5821
3 5821 5847 5835
3 5851 5827 5844
3 5844 5827 5850
3 5855 5852 5854
3 5854 5852 5853
3 5844 5843 5851
3 5851 5843 5856
3 5827 5851 5826
3 5826 5851 5857
3 5825 5828 5827
3 5827 5828 5850
3 5859 5819 5858
3 5858 5819 5818
3 5858 5818 5860
3 5860 5818 5834
3 5828 5831 5850
3 5850 5831 5861
3 5843 5846 5836
3 5836 5846 5833
3 5821 5835 5818
3 5818 5835 5834
3 5863 5823 5862
3 5862 5823 5822
3 5821 5820 5849
3 5849 5820 5848
3 5824 5829 5825
3 5825 5829 5828
3 5865 5864 5859
3 5859 5864 5819
3 5852 5866 5853
3 5853 5866 5857
3 5839 5854 5856
3 5856 5854 5853
3 5865 5855 5864
3 5864 5855 5854
3 5836 5839 5843
3 5843 5839 5856
3 5866 5867 5857
3 5857 5867 5826
3 5860 5834 5863
3 5863 5834 5823
3 5845 5861 5730
3 5730 5861 5731
3 5826 5867 5822
3 5822 5867 5862
3 5829 5847 5830
3 5830 5847 5842
3 5851 5856 5857
3 5857 5856 5853
3 5854 5839 5864
3 5864 5839 5838
3 5820 5819 5838
3 5838 5819 5864
3 5867 5866 5869
3 5869 5866 5868
3 5867 5869 5862
3 5862 5869 5870
3 5871 5863 5870
3 5870 5863 5862
3 5872 5860 5871
3 5871 5860 5863
3 5866 5852 5868
3 5868 5852 5873
3 5852 5855 5873
3 5873 5855 5874
3 5855 5865 5874
3 5874 5865 5875
3 5876 5877 5873
3 5873 5877 5868
3 5879 5880 5878
3 5878 5880 5881
3 5882 5883 5879
3 5879 5883 5880
3 5880 5883 5885
3 5885 5883 5884
3 5886 5887 5885
3 5885 5887 5888
3 5886 5885 5889
3 5889 5885 5884
3 5888 5881 5885
3 5885 5881 5880
3 5881 5890 5878
3 5878 5890 5891
3 5884 5883 5892
3 5892 5883 5882
3 5882 5870 5892
3 5892 5870 5869
3 5882 5893 5870
3 5870 5893 5871
3 5879 5894 5882
3 5882 5894 5893
3 5895 5894 5878
3 5878 5894 5879
3 5877 5889 5892
3 5892 5889 5884
3 5869 5868 5892
3 5892 5868 5877
3 5878 5891 5895
3 5895 5891 5896
3 5898 5897 5895
3 5895 5897 5894
3 5895 5896 5898
3 5898 5896 5899
3 5901 5900 5898
3 5898 5900 5897
3 5903 5897 5902
3 5902 5897 5900
3 5904 5901 5899
3 5899 5901 5898
3 5893 5894 5903
3 5903 5894 5897
3 5893 5903 5871
3 5871 5903 5872
3 5896 5891 5906
3 5906 5891 5905
3 5907 5905 5890
3 5890 5905 5891
3 5877 5908 5889
3 5889 5908 5886
3 5908 5909 5886
3 5886 5909 5887
3 5910 5908 5876
3 5876 5908 5877
3 5908 5910 5909
3 5909 5910 5911
3 5912 5913 5909
3 5909 5913 5887
3 5907 5913 5905
3 5905 5913 5912
3 5914 5858 5872
3 5872 5858 5860
3 5915 5875 5859
3 5859 5875 5865
3 5858 5914 5859
3 5859 5914 5915
3 5914 5902 5915
3 5915 5902 5916
3 5916 5902 5917
3 5917 5902 5900
3 5918 5875 5916
3 5916 5875 5915
3 5914 5872 5902
3 5902 5872 5903
3 5875 5918 5874
3 5874 5918 5919
3 5873 5874 5876
3 5876 5874 5919
3 5919 5920 5876
3 5876 5920 5910
3 5918 5921 5919
3 5919 5921 5920
3 5922 5920 5923
3 5923 5920 5921
3 5916 5917 5918
3 5918 5917 5921
3 5923 5921 5924
3 5924 5921 5917
3 5911 5910 5922
3 5922 5910 5920
3 5926 5911 5925
3 5925 5911 5922
3 5927 5925 5929
3 5929 5925 5928
3 5923 5928 5922
3 5922 5928 5925
3 5926 5925 5906
3 5906 5925 5927
3 5905 5912 5906
3 5906 5912 5926
3 5926 5912 5911
3 5911 5912 5909
3 5924 5917 5901
3 5901 5917 5900
3 5929 5924 5904
3 5904 5924 5901
3 5929 5928 5924
3 5924 5928 5923
3 5927 5929 5899
3 5899 5929 5904
3 5899 5896 5927
3 5927 5896 5906
3 5907 5890 5888
3 5888 5890 5881
3 5887 5913 5888
3 5888 5913 5907
3 5831 5830 5640
3 5640 5830 5638
3 5836 5833 5837
3 5837 5833 5832
3 5841 5840 5848
3 5848 5840 5849
3 5847 5849 5842
3 5842 5849 5840
3 5730 5738 5845
3 5845 5738 5846
3 5837 5832 5848
3 5848 5832 5841
3 5640 5731 5831
3 5831 5731 5861
3 5707 5833 5738
3 5738 5833 5846
3 5861 5845 5850
3 5850 5845 5844
3 5723 5638 5842
3 5842 5638 5830
3 5675 5731 5594
3 5594 5731 5640
3 5659 5675 5463
3 5463 5675 5460
3 5464 5463 5459
3 5459 5463 5460
3 5660 5464 5673
3 5673 5464 5459
3 5930 5931 5933
3 5933 5931 5932
3 5937 5934 5936
3 5936 5934 5935
3 5937 5939 5934
3 5934 5939 5938
3 5943 5940 5942
3 5942 5940 5941
3 5936 5935 5945
3 5945 5935 5944
3 5949 5946 5948
3 5948 5946 5947
3 5592 5518 5951
3 5951 5518 5950
3 5518 5708 5950
3 5950 5708 5952
3 5956 5953 5955
3 5955 5953 5954
3 5945 5957 5936
3 5936 5957 5941
3 5948 5947 5932
3 5932 5947 5958
3 5945 5933 5957
3 5957 5933 5959
3 5960 5954 5939
3 5939 5954 5961
3 5962 5963 5965
3 5965 5963 5964
3 5954 5953 5961
3 5961 5953 5966
3 5939 5961 5938
3 5938 5961 5967
3 5960 5939 5940
3 5940 5939 5937
3 5968 5969 5930
3 5930 5969 5931
3 5968 5930 5970
3 5970 5930 5944
3 5940 5943 5960
3 5960 5943 5971
3 5972 5946 5956
3 5956 5946 5953
3 5944 5930 5945
3 5945 5930 5933
3 5974 5935 5973
3 5973 5935 5934
3 5933 5932 5959
3 5959 5932 5958
3 5936 5941 5937
3 5937 5941 5940
3 5976 5975 5969
3 5969 5975 5931
3 5962 5977 5963
3 5963 5977 5967
3 5964 5963 5949
3 5949 5963 5966
3 5965 5964 5976
3 5976 5964 5975
3 5946 5949 5953
3 5953 5949 5966
3 5967 5977 5938
3 5938 5977 5978
3 5970 5944 5974
3 5974 5944 5935
3 5616 5955 5753
3 5753 5955 5971
3 5973 5934 5978
3 5978 5934 5938
3 5941 5957 5942
3 5942 5957 5952
3 5961 5966 5967
3 5967 5966 5963
3 5948 5975 5949
3 5949 5975 5964
3 5948 5932 5975
3 5975 5932 5931
3 5978 5977 5980
3 5980 5977 5979
3 5981 5973 5980
3 5980 5973 5978
3 5982 5974 5981
3 5981 5974 5973
3 5983 5970 5982
3 5982 5970 5974
3 5977 5962 5979
3 5979 5962 5984
3 5962 5965 5984
3 5984 5965 5985
3 5976 5986 5965
3 5965 5986 5985
3 5984 5987 5979
3 5979 5987 5988
3 5990 5991 5989
3 5989 5991 5992
3 5991 5990 5994
3 5994 5990 5993
3 5991 5994 5996
3 5996 5994 5995
3 5999 5996 5998
3 5998 5996 5997
3 5997 5996 6000
3 6000 5996 5995
3 5991 5996 5992
3 5992 5996 5999
3 6001 6002 5992
3 5992 6002 5989
3 6003 5995 5993
3 5993 5995 5994
3 5980 6003 5981
3 5981 6003 5993
3 5993 6004 5981
3 5981 6004 5982
3 5990 6005 5993
3 5993 6005 6004
3 5989 6006 5990
3 5990 6006 6005
3 5988 6000 6003
3 6003 6000 5995
3 5980 5979 6003
3 6003 5979 5988
3 6002 6007 5989
3 5989 6007 6006
3 6006 6009 6005
3 6005 6009 6008
3 6007 6010 6006
3 6006 6010 6009
3 6009 6012 6008
3 6008 6012 6011
3 6008 6011 6014
3 6014 6011 6013
3 6012 6009 6015
3 6015 6009 6010
3 6005 6008 6004
3 6004 6008 6014
3 5983 5982 6014
3 6014 5982 6004
3 6002 6016 6007
3 6007 6016 6017
3 6002 6001 6016
3 6016 6001 6018
3 5988 6019 6000
3 6000 6019 5997
3 6019 6020 5997
3 5997 6020 5998
3 6021 6019 5987
3 5987 6019 5988
3 6020 6019 6022
3 6022 6019 6021
3 6020 6023 5998
3 5998 6023 6024
3 6018 6024 6016
3 6016 6024 6023
3 6025 5968 5983
3 5983 5968 5970
3 5986 5976 6026
3 6026 5976 5969
3 5968 6025 5969
3 5969 6025 6026
3 6025 6013 6026
3 6026 6013 6027
3 6028 6027 6011
3 6011 6027 6013
3 6029 5986 6027
3 6027 5986 6026
3 6014 6013 5983
3 5983 6013 6025
3 5986 6029 5985
3 5985 6029 6030
3 5984 5985 5987
3 5987 5985 6030
3 5987 6030 6021
3 6021 6030 6031
3 6031 6030 6032
3 6032 6030 6029
3 6033 6031 6034
3 6034 6031 6032
3 6032 6029 6028
3 6028 6029 6027
3 6028 6035 6032
3 6032 6035 6034
3 6022 6021 6033
3 6033 6021 6031
3 6033 6036 6022
3 6022 6036 6037
3 6040 6038 6039
3 6039 6038 6036
3 6036 6033 6039
3 6039 6033 6034
3 6036 6038 6037
3 6037 6038 6017
3 6016 6023 6017
3 6017 6023 6037
3 6022 6037 6020
3 6020 6037 6023
3 6035 6028 6012
3 6012 6028 6011
3 6040 6035 6015
3 6015 6035 6012
3 6040 6039 6035
3 6035 6039 6034
3 6010 6038 6015
3 6015 6038 6040
3 6017 6038 6007
3 6007 6038 6010
3 6018 6001 5999
3 5999 6001 5992
3 5998 6024 5999
3 5999 6024 6018
3 5754 5943 5755
3 5755 5943 5942
3 5946 5972 5947
3 5947 5972 6041
3 5959 5958 5950
3 5950 5958 5951
3 5957 5959 5952
3 5952 5959 5950
3 5615 5956 5616
3 5616 5956 5955
3 6041 5951 5947
3 5947 5951 5958
3 5753 5971 5754
3 5754 5971 5943
3 5651 5972 5615
3 5615 5972 5956
3 5960 5971 5954
3 5954 5971 5955
3 5942 5952 5755
3 5755 5952 5708
3 6044 6045 6043
3 6043 6045 6042
3 6049 6046 6048
3 6048 6046 6047
3 6051 6050 6049
3 6049 6050 6046
3 6055 6052 6054
3 6054 6052 6053
3 6056 6057 6059
3 6059 6057 6058
3 6048 6047 6061
3 6061 6047 6060
3 6062 6063 6065
3 6065 6063 6064
3 6067 6068 6066
3 6066 6068 6069
3 6067 5652 6068
3 6068 5652 6070
3 6071 6072 6074
3 6074 6072 6073
3 6061 6075 6048
3 6048 6075 6053
3 6069 6058 6066
3 6066 6058 6057
3 6044 6064 6076
3 6076 6064 6063
3 6045 6077 6061
3 6061 6077 6075
3 6078 6072 6051
3 6051 6072 6079
3 6083 6080 6082
3 6082 6080 6081
3 6072 6071 6079
3 6079 6071 6084
3 6051 6079 6050
3 6050 6079 6085
3 6049 6052 6051
3 6051 6052 6078
3 6087 6043 6086
3 6086 6043 6042
3 6086 6042 6088
3 6088 6042 6060
3 6052 6055 6078
3 6078 6055 6089
3 6062 6071 6059
3 6059 6071 6074
3 6045 6061 6042
3 6042 6061 6060
3 6091 6047 6090
3 6090 6047 6046
3 6045 6044 6077
3 6077 6044 6076
3 6048 6053 6049
3 6049 6053 6052
3 6093 6092 6087
3 6087 6092 6043
3 6080 6094 6081
3 6081 6094 6085
3 6082 6081 6065
3 6065 6081 6084
3 6083 6082 6093
3 6093 6082 6092
3 6071 6062 6084
3 6084 6062 6065
3 6094 6095 6085
3 6085 6095 6050
3 6088 6060 6091
3 6091 6060 6047
3 6073 6089 5654
3 5654 6089 5655
3 6050 6095 6046
3 6046 6095 6090
3 6053 6075 6054
3 6054 6075 6070
3 6079 6084 6085
3 6085 6084 6081
3 6092 6082 6064
3 6064 6082 6065
3 6043 6092 6044
3 6044 6092 6064
3 6095 6094 6097
3 6097 6094 6096
3 6098 6090 6097
3 6097 6090 6095
3 6099 6091 6098
3 6098 6091 6090
3 6099 6100 6091
3 6091 6100 6088
3 6094 6080 6096
3 6096 6080 6101
3 6080 6083 6101
3 6101 6083 6102
3 6102 6083 6103
3 6103 6083 6093
3 6101 6104 6096
3 6096 6104 6105
3 6109 6106 6108
3 6108 6106 6107
3 6108 6107 6111
3 6111 6107 6110
3 6108 6111 6113
3 6113 6111 6112
3 6113 6114 6116
3 6116 6114 6115
3 6114 6113 6117
3 6117 6113 6112
3 6116 6109 6113
3 6113 6109 6108
3 6109 6118 6106
3 6106 6118 6119
3 6120 6112 6110
3 6110 6112 6111
3 6097 6120 6098
3 6098 6120 6110
3 6099 6098 6121
3 6121 6098 6110
3 6121 6110 6122
3 6122 6110 6107
3 6123 6122 6106
3 6106 6122 6107
3 6117 6112 6105
3 6105 6112 6120
3 6097 6096 6120
3 6120 6096 6105
3 6106 6119 6123
3 6123 6119 6124
3 6125 6122 6126
3 6126 6122 6123
3 6126 6123 6127
3 6127 6123 6124
3 6128 6125 6129
3 6129 6125 6126
3 6125 6128 6131
3 6131 6128 6130
3 6127 6132 6126
3 6126 6132 6129
3 6122 6125 6121
3 6121 6125 6131
3 6100 6099 6131
3 6131 6099 6121
3 6119 6133 6124
3 6124 6133 6134
3 6119 6118 6133
3 6133 6118 6135
3 6105 6136 6117
3 6117 6136 6114
3 6137 6115 6136
3 6136 6115 6114
3 6136 6105 6138
3 6138 6105 6104
3 6138 6139 6136
3 6136 6139 6137
3 6115 6137 6141
3 6141 6137 6140
3 6135 6141 6133
3 6133 6141 6140
3 6142 6086 6100
3 6100 6086 6088
3 6143 6103 6087
3 6087 6103 6093
3 6142 6143 6086
3 6086 6143 6087
3 6143 6142 6144
3 6144 6142 6130
3 6144 6130 6145
3 6145 6130 6128
3 6146 6103 6144
3 6144 6103 6143
3 6131 6130 6100
3 6100 6130 6142
3 6147 6102 6146
3 6146 6102 6103
3 6102 6147 6101
3 6101 6147 6104
3 6147 6148 6104
3 6104 6148 6138
3 6148 6147 6149
3 6149 6147 6146
3 6150 6148 6151
3 6151 6148 6149
3 6149 6146 6145
3 6145 6146 6144
3 6145 6152 6149
3 6149 6152 6151
3 6139 6138 6150
3 6150 6138 6148
3 6150 6153 6139
3 6139 6153 6154
3 6153 6156 6155
3 6155 6156 6157
3 6151 6156 6150
3 6150 6156 6153
3 6153 6155 6154
3 6154 6155 6134
3 6133 6140 6134
3 6134 6140 6154
3 6140 6137 6154
3 6154 6137 6139
3 6129 6152 6128
3 6128 6152 6145
3 6157 6152 6132
3 6132 6152 6129
3 6152 6157 6151
3 6151 6157 6156
3 6155 6157 6127
3 6127 6157 6132
3 6134 6155 6124
3 6124 6155 6127
3 6135 6118 6116
3 6116 6118 6109
3 6115 6141 6116
3 6116 6141 6135
3 5751 6055 5614
3 5614 6055 6054
3 6059 6058 6062
3 6062 6058 6063
3 6076 6069 6077
3 6077 6069 6068
3 6068 6070 6077
3 6077 6070 6075
3 6059 6074 6056
3 6056 6074 6158
3 6058 6069 6063
3 6063 6069 6076
3 5655 6089 5751
3 5751 6089 6055
3 6089 6073 6078
3 6078 6073 6072
3 5652 5614 6070
3 6070 5614 6054
3 6160 6159 5470
3 5470 6159 5546
3 5728 5576 6162
3 6162 5576 6161
3 5576 5575 6161
3 6161 5575 6163
3 6164 6165 5712
3 5712 6165 5710
3 5473 5728 6166
3 6166 5728 6162
3 6159 6167 5546
3 5546 6167 5749
3 5470 5473 6160
3 6160 5473 6166
3 6168 5711 6167
3 6167 5711 5749
3 6163 5575 6165
3 6165 5575 5710
3 6164 5712 6168
3 6168 5712 5711
3 6168 6167 6170
3 6170 6167 6169
3 6171 6164 6170
3 6170 6164 6168
3 6172 6165 6171
3 6171 6165 6164
3 6173 6163 6172
3 6172 6163 6165
3 6167 6159 6169
3 6169 6159 6174
3 6159 6160 6174
3 6174 6160 6175
3 6176 6175 6166
3 6166 6175 6160
3 6174 6177 6169
3 6169 6177 6178
3 6180 6181 6179
3 6179 6181 6182
3 6183 6184 6180
3 6180 6184 6181
3 6181 6184 6186
3 6186 6184 6185
3 6188 6186 6187
3 6187 6186 6185
3 6181 6186 6182
3 6182 6186 6189
3 6191 6190 6189
3 6189 6190 6182
3 6190 6192 6182
3 6182 6192 6179
3 6183 6193 6184
3 6184 6193 6185
3 6170 6193 6171
3 6171 6193 6183
3 6172 6171 6194
3 6194 6171 6183
3 6194 6183 6195
3 6195 6183 6180
3 6195 6180 6196
3 6196 6180 6179
3 6185 6193 6187
3 6187 6193 6178
3 6170 6169 6193
3 6193 6169 6178
3 6196 6179 6197
3 6197 6179 6192
3 6196 6199 6195
3 6195 6199 6198
3 6197 6200 6196
3 6196 6200 6199
3 6198 6199 6201
3 6201 6199 6202
3 6198 6201 6204
3 6204 6201 6203
3 6202 6199 6205
3 6205 6199 6200
3 6195 6198 6194
3 6194 6198 6204
3 6173 6172 6204
3 6204 6172 6194
3 6197 6192 6207
3 6207 6192 6206
3 6192 6190 6206
3 6206 6190 6191
3 6178 6208 6187
3 6187 6208 6188
3 6209 6188 6210
3 6210 6188 6208
3 6208 6178 6211
3 6211 6178 6177
3 6210 6208 6212
3 6212 6208 6211
3 6214 6209 6213
3 6213 6209 6210
3 6213 6206 6214
3 6214 6206 6191
3 6188 6209 6186
3 6186 6209 6189
3 6191 6189 6214
3 6214 6189 6209
3 6161 6163 6215
3 6215 6163 6173
3 6166 6162 6176
3 6176 6162 6216
3 6162 6161 6216
3 6216 6161 6215
3 6215 6203 6216
3 6216 6203 6217
3 6217 6203 6218
3 6218 6203 6201
3 6219 6176 6217
3 6217 6176 6216
3 6204 6203 6173
3 6173 6203 6215
3 6176 6219 6175
3 6175 6219 6220
3 6220 6177 6175
3 6175 6177 6174
3 6220 6221 6177
3 6177 6221 6211
3 6221 6220 6222
3 6222 6220 6219
3 6223 6221 6224
3 6224 6221 6222
3 6222 6219 6218
3 6218 6219 6217
3 6218 6225 6222
3 6222 6225 6224
3 6212 6211 6223
3 6223 6211 6221
3 6223 6226 6212
3 6212 6226 6227
3 6228 6226 6230
3 6230 6226 6229
3 6224 6229 6223
3 6223 6229 6226
3 6207 6227 6228
3 6228 6227 6226
3 6227 6207 6213
3 6213 6207 6206
3 6212 6227 6210
3 6210 6227 6213
3 6218 6201 6225
3 6225 6201 6202
3 6230 6225 6205
3 6205 6225 6202
3 6230 6229 6225
3 6225 6229 6224
3 6228 6230 6200
3 6200 6230 6205
3 6200 6197 6228
3 6228 6197 6207
3 5661 5660 5671
3 5671 5660 5673
3 5661 5671 5662
3 5662 5671 5645
3 5972 5651 6041
3 6041 5651 5650
3 5732 5750 5516
3 5516 5750 5517
3 5636 5752 5659
3 5659 5752 5737
3 5751 5635 5655
3 5655 5635 5525
3 5650 5592 6041
3 6041 5592 5951
3 5592 5650 5593
3 5593 5650 5649
3 5514 5513 5736
3 5736 5513 5599
3 5545 5544 5739
3 5739 5544 6231
3 6231 6057 5739
3 5739 6057 6056
3 6066 6057 6232
3 6232 6057 6231
3 6232 6231 6233
3 6233 6231 5544
3 6233 5544 6234
3 6234 5544 5543
3 5543 5542 6235
3 6235 5542 5605
3 5538 6234 6235
3 6235 6234 5543
3 5538 5541 6234
3 6234 5541 6236
3 6234 6236 6233
3 6233 6236 6237
3 6233 6237 6232
3 6232 6237 6238
3 5652 6067 5649
3 5649 6067 6238
3 5515 6239 5512
3 5512 6239 5641
3 5605 5539 6235
3 6235 5539 5538
3 5752 5636 5613
3 5613 5636 5635
3 5593 5649 5736
3 5736 5649 6238
3 6066 6232 6067
3 6067 6232 6238
3 5654 6158 6073
3 6073 6158 6074
3 6056 6158 5739
3 5739 6158 5654
3 5514 5736 6237
3 6237 5736 6238
3 6237 6236 5514
3 5514 6236 5515
3 5515 6236 6239
3 6239 6236 5541
3 5541 5540 6239
3 6239 5540 5641
3 5641 5540 5698
3 5698 5540 5701
3 5581 5474 5716
3 5503 5536 5442
3 5442 5536 5469
3 5442 5469 5443
3 5443 5469 5468
3 5725 5556 5726
3 5726 5556 5555
3 5536 5503 5510
3 5510 5503 5505
3 5506 5505 5502
3 5502 5505 5503
3 5580 5506 5454
3 5454 5506 5502
3 5455 5580 5453
3 5453 5580 5454
3 5728 5473 5452
3 5452 5473 5472
3 5456 5453 5472
3 5472 5453 5452
3 5685 5456 5471
3 5471 5456 5472
3 5686 5685 5547
3 5547 5685 5471
3 5686 5547 5692
3 5692 5547 5748
3 5692 5748 5531
3 5531 5748 5714
3 5531 5714 5485
3 5485 5714 5713
3 5448 5485 5709
3 5709 5485 5713
3 5727 5577 5728
3 5728 5577 5576
3 5557 5697 5444
3 5444 5697 5451
3 5444 5443 5557
3 5557 5443 5555
3 5726 5555 5468
3 5468 5555 5443
3 5554 5726 5467
3 5467 5726 5468
3 5551 5554 5746
3 5746 5554 5467
3 5715 5551 5699
3 5699 5551 5746
3 5716 5715 5698
3 5698 5715 5699
3 5581 5716 5701
3 5701 5716 5698
3 5582 5581 5700
3 5700 5581 5701
3 5482 5556 5478
3 5478 5556 5725
3 5482 5478 5483
3 5483 5478 5481
3 5483 5481 5532
3 5532 5481 5533
3 5690 5687 5533
3 5533 5687 5532
3 5687 5690 5646
3 5646 5690 5643
3 5582 5700 5745
3 5745 5700 5718
3 5745 5718 5496
3 5496 5718 5717
3 5637 5653 5604
3 5604 5653 5717
3 5632 5656 5653
3 5653 5656 5497
3 5496 5717 5497
3 5497 5717 5653
3 5656 5526 5497
3 5497 5526 5493
3 5527 5569 5494
3 5494 5569 5520
3 5664 5667 5527
3 5527 5667 5569
3 5667 5664 5670
3 5670 5664 5663
3 5670 5663 5740
3 5740 5663 5644
3 5643 5695 5644
3 5644 5695 5740
3 5449 5448 5574
3 5574 5448 5709
3 5697 5449 5577
3 5577 5449 5574
3 5451 5697 5727
3 5727 5697 5577
3 5451 5727 5450
3 5450 5727 5452
3 3618 6240 3619
3 3619 6240 6241
3 6242 6243 3627
3 3627 6243 3628
3 3630 3633 6245
3 6245 3633 6244
3 3636 3635 6247
3 6247 3635 6246
3 6248 6249 3641
3 3641 6249 3638
3 3638 6249 3642
3 3642 6249 6250
3 3742 6251 3743
3 3743 6251 6252
3 3627 3630 6242
3 6242 3630 6245
3 6254 3753 6253
3 6253 3753 3752
3 6240 3618 6255
3 6255 3618 3856
3 6256 6244 3931
3 3931 6244 3633
3 3635 3619 6246
3 6246 3619 6241
3 3946 3945 6258
3 6258 3945 6257
3 3641 3947 6248
3 6248 3947 6259
3 3945 3628 6257
3 6257 3628 6243
3 6258 6253 3946
3 3946 6253 3752
3 3947 3636 6259
3 6259 3636 6247
3 3642 6250 3742
3 3742 6250 6251
3 6252 6256 3743
3 3743 6256 3931
3 6251 6250 6248
3 6248 6250 6249
3 6244 6260 6245
3 6245 6260 6261
3 6247 6246 6263
3 6263 6246 6262
3 6251 6264 6252
3 6252 6264 6265
3 6245 6261 6242
3 6242 6261 6266
3 6244 6256 6260
3 6260 6256 6267
3 6268 6262 6241
3 6241 6262 6246
3 6248 6259 6270
3 6270 6259 6269
3 6259 6247 6269
3 6269 6247 6263
3 6252 6265 6256
3 6256 6265 6267
3 6248 6270 6251
3 6251 6270 6264
3 6272 6271 6258
3 6258 6271 6253
3 6270 6269 6264
3 6264 6269 6265
3 6269 6263 6265
3 6265 6263 6267
3 6263 6262 6267
3 6267 6262 6260
3 6268 6261 6262
3 6262 6261 6260
3 4185 4184 6273
3 6273 4184 6274
3 6241 6240 6268
3 6268 6240 6275
3 6277 6276 6243
3 6243 6276 6257
3 6275 6240 6278
3 6278 6240 6255
3 6258 6257 6272
3 6272 6257 6276
3 6242 6266 6243
3 6243 6266 6277
3 6261 6268 6266
3 6266 6268 6275
3 6253 6271 6254
3 6254 6271 6279
3 3684 3887 3712
3 3712 3887 3864
3 3710 3891 5232
3 5232 3891 5241
3 5241 3891 5242
3 5242 3891 3899
3 5242 3899 3865
3 3865 3899 3733
3 6281 4117 6280
3 6280 4117 4116
3 4878 4277 6281
3 6281 4277 4117
3 4279 4717 4886
3 4886 4717 4716
3 4878 4881 4277
3 4277 4881 4791
3 4881 6282 4791
3 4791 6282 4794
3 6283 5011 4850
3 4850 5011 4851
3 4855 5206 4856
3 4856 5206 4857
3 4853 4856 4278
3 4278 4856 4859
3 4278 4859 4279
3 4279 4859 4717
3 4741 4744 4862
3 4862 4744 4863
3 4865 5010 4866
3 4866 5010 5365
3 4882 4871 4883
3 4883 4871 4870
3 6280 4116 4882
3 4882 4116 4871
3 6283 4850 6282
3 6282 4850 4794
3 4864 4852 4865
3 4865 4852 4851
3 5206 4855 4869
3 4869 4855 4870
3 4716 4715 4863
3 4863 4715 4860
3 4862 4861 4866
3 4866 4861 4867
3 4853 4268 4854
3 4854 4268 4267
3 4764 4281 4273
3 4273 4281 4280
3 4903 4906 4742
3 4742 4906 4743
3 4873 4880 4819
3 4819 4880 4879
3 4979 4885 5012
3 5012 4885 4884
3 4273 4280 4274
3 4274 4280 4887
3 6280 4902 6281
3 6281 4902 4901
3 6282 4978 6283
3 6283 4978 4977
3 4265 4268 4764
3 4764 4268 4281
3 6281 4901 4878
3 4878 4901 4879
3 4882 4885 6280
3 6280 4885 4902
3 6282 4881 4978
3 4978 4881 4880
3 5012 4884 4266
3 4266 4884 4267
3 4744 4743 4886
3 4886 4743 4887
3 4811 4410 6284
3 6284 4410 4409
3 4749 4748 6285
3 6285 4748 6286
3 6288 4694 6287
3 6287 4694 4254
3 4964 4750 4674
3 4674 4750 4749
3 4959 4962 6290
3 6290 4962 6289
3 4407 4410 4805
3 4805 4410 4806
3 4955 4958 6292
3 6292 4958 6291
3 4954 4958 6293
3 6293 4958 4957
3 4804 4962 4963
3 4963 4962 4961
3 4747 4750 4960
3 4960 4750 4961
3 6297 6294 6296
3 6296 6294 6295
3 6298 6299 6287
3 6287 6299 4734
3 4959 6300 4960
3 4960 6300 6301
3 6303 6286 6302
3 6302 6286 4748
3 4967 6304 4968
3 4968 6304 6305
3 4899 6306 6307
3 6307 6306 4412
3 6290 6308 4959
3 4959 6308 6300
3 4805 6309 4407
3 4407 6309 4411
3 4695 6310 4255
3 4255 6310 6311
3 4747 6312 4748
3 4748 6312 6302
3 4960 6301 4747
3 4747 6301 6312
3 6314 6315 6313
3 6313 6315 6316
3 4083 6317 6314
3 6314 6317 6315
3 4082 6318 4083
3 4083 6318 6317
3 6318 4082 6319
3 6319 4082 4111
3 4136 6320 4137
3 4137 6320 6321
3 4126 6322 4127
3 4127 6322 6323
3 6324 6322 4192
3 4192 6322 4126
3 6325 6324 4890
3 4890 6324 4192
3 6327 6325 6326
3 6326 6325 4890
3 5227 5226 4823
3 4823 5226 6326
3 6328 5230 4682
3 4682 5230 4683
3 6329 6328 4098
3 4098 6328 4682
3 6330 6329 4101
3 4101 6329 4098
3 4173 4825 4428
3 4428 4825 4828
3 4172 4740 4173
3 4173 4740 4825
3 4179 4737 4172
3 4172 4737 4740
3 4737 4179 6332
3 6332 4179 6331
3 6273 6333 4185
3 4185 6333 4187
3 4180 4824 4179
3 4179 4824 6331
3 5164 5044 5212
3 5212 5044 5043
3 5221 5046 5086
3 5086 5046 5045
3 5197 5077 5062
3 5062 5077 5076
3 5193 5081 5098
3 5098 5081 5080
3 5072 5095 5073
3 5073 5095 5094
3 5092 5095 5169
3 5169 5095 5372
3 5169 5372 5170
3 5170 5372 5374
3 5170 5374 5221
3 5221 5374 5046
3 5066 5375 5037
3 5037 5375 5045
3 5084 5375 5085
3 5085 5375 5376
3 5085 5376 5164
3 5164 5376 5044
3 5212 5043 5213
3 5213 5043 5377
3 5213 5377 5033
3 5033 5377 5076
3 5034 5077 5193
3 5193 5077 5081
3 6334 5378 5079
3 5079 5378 5080
3 5073 5094 6334
3 6334 5094 5378
3 5078 5032 5079
3 5079 5032 5031
3 5015 5040 5016
3 5016 5040 5039
3 5041 5050 5042
3 5042 5050 5049
3 5021 5065 5022
3 5022 5065 5064
3 5022 5064 5048
3 5048 5064 5049
3 5019 5067 5015
3 5015 5067 5040
3 5070 5373 5071
3 5071 5373 5199
3 5074 5155 5075
3 5075 5155 5154
3 5066 5067 5211
3 5211 5067 5161
3 6334 5191 5073
3 5073 5191 5074
3 5065 5021 5198
3 5198 5021 5195
3 5075 5154 5071
3 5071 5154 5068
3 5373 5070 5038
3 5038 5070 5039
3 5047 5050 5160
3 5160 5050 5161
3 5079 5031 6334
3 6334 5031 5191
3 5198 5195 5032
3 5032 5195 5029
3 5407 5018 5210
3 5210 5018 5017
3 5162 5020 5407
3 5407 5020 5018
3 5414 5024 5056
3 5056 5024 5023
3 5160 5028 5047
3 5047 5028 5027
3 5029 5054 5030
3 5030 5054 5053
3 5048 5057 5022
3 5022 5057 5023
3 5068 5061 5069
3 5069 5061 5060
3 5156 5437 5157
3 5157 5437 5441
3 5030 5053 5190
3 5190 5053 5159
3 5019 5020 5160
3 5160 5020 5028
3 5219 5196 5414
3 5414 5196 5024
3 5157 5441 5061
3 5061 5441 5058
3 5069 5060 5016
3 5016 5060 5017
3 5437 5156 5158
3 5158 5156 5159
3 5055 5057 5026
3 5026 5057 5027
3 5195 5196 5029
3 5029 5196 5054
3 6335 5409 5379
3 5379 5409 5408
3 5025 5412 5026
3 5026 5412 5411
3 5395 5416 5392
3 5392 5416 5415
3 5055 5418 5056
3 5056 5418 5415
3 5419 5425 5395
3 5395 5425 5416
3 5421 5427 5422
3 5422 5427 5426
3 5441 5429 5058
3 5058 5429 5426
3 5210 5432 5407
3 5407 5432 5408
3 5059 5427 5210
3 5210 5427 5432
3 5417 5418 5410
3 5410 5418 5411
3 5051 5436 5052
3 5052 5436 5435
3 5438 5401 5439
3 5439 5401 5400
3 5435 5434 5438
3 5438 5434 5401
3 5413 5412 6335
3 6335 5412 5409
3 5428 5429 5400
3 5400 5429 5439
3 5433 5436 5419
3 5419 5436 5425
3 5383 5382 5431
3 5431 5382 5381
3 5379 5382 6335
3 6335 5382 5385
3 6335 5385 5413
3 5413 5385 5387
3 5410 5391 5417
3 5417 5391 5390
3 5704 5394 5703
3 5703 5394 5393
3 5433 5399 5434
3 5434 5399 5398
3 5404 5403 5440
3 5440 5403 5402
3 5400 5403 5428
3 5428 5403 5406
3 5747 5420 5704
3 5704 5420 5394
3 5430 5424 5705
3 5705 5424 5423
3 5703 5393 5389
3 5389 5393 5390
3 5386 5388 5387
3 5387 5388 5391
3 5421 5424 5380
3 5380 5424 5381
3 5705 5423 5405
3 5405 5423 5406
3 5402 5401 5398
3 5398 5401 5434
3 5396 5399 5747
3 5747 5399 5420
3 4230 4097 4720
3 4720 4097 4096
3 4094 4097 5272
3 5272 4097 4232
3 6336 6337 4784
3 4784 6337 4785
3 4075 4779 4072
3 4072 4779 4780
3 4781 4189 4780
3 4780 4189 4072
3 4782 4900 4781
3 4781 4900 4189
3 4720 4096 4075
3 4075 4096 4779
3 2877 4700 2878
3 2878 4700 6336
3 6339 5271 6338
3 6338 5271 5279
3 5281 5280 6340
3 6340 5280 6341
3 6300 4109 6301
3 6301 4109 4108
3 4283 4282 6302
3 6302 4282 6303
3 6304 4378 6305
3 6305 4378 4377
3 6308 4427 6300
3 6300 4427 4109
3 4686 4411 4687
3 4687 4411 6309
3 6312 4752 6302
3 6302 4752 4283
3 6301 4108 6312
3 6312 4108 4752
3 4426 4427 5225
3 5225 4427 6342
3 4146 4899 4415
3 4415 4899 6307
3 4719 4240 6310
3 6310 4240 6311
3 5222 6343 4701
3 4701 6343 4698
3 6345 6344 4219
3 4219 6344 4220
3 6347 6346 5274
3 5274 6346 5275
3 6348 6347 4727
3 4727 6347 5274
3 5284 5283 6349
3 6349 5283 4726
3 6352 6353 6351
3 6351 6353 6350
3 5292 5291 5311
3 5311 5291 5312
3 5336 5292 5343
3 5343 5292 5311
3 4913 4915 5343
3 5343 4915 5336
3 4913 4912 4915
3 4915 4912 4916
3 4912 6354 4916
3 4916 6354 4977
3 6355 6356 6283
3 6283 6356 5011
3 5010 5011 6357
3 6357 5011 6356
3 6358 5365 6357
3 6357 5365 5010
3 5365 6358 4741
3 4741 6358 6359
3 4742 6360 4903
3 4903 6360 5363
3 4903 5363 4904
3 4904 5363 5362
3 5362 6361 4904
3 4904 6361 4206
3 4207 4206 6362
3 6362 4206 6361
3 4207 6362 5329
3 5329 6362 5341
3 5341 5340 5329
3 5329 5340 4243
3 5340 6363 4243
3 4243 6363 4244
3 6363 6364 4244
3 4244 6364 4245
3 6365 6366 4252
3 4252 6366 4249
3 4379 4210 6367
3 6367 4210 4213
3 4378 4282 4379
3 4379 4282 4210
3 4378 6304 4282
3 4282 6304 6303
3 6304 4967 6303
3 6303 4967 6286
3 4967 4966 6286
3 6286 4966 6285
3 4966 6296 6285
3 6285 6296 4675
3 4284 4287 4375
3 4375 4287 6295
3 4289 4284 4372
3 4372 4284 4375
3 6368 6369 6371
3 6371 6369 6370
3 5244 6372 5245
3 5245 6372 6373
3 6375 4317 6374
3 6374 4317 4316
3 6377 4331 6376
3 6376 4331 4330
3 6378 4332 6375
3 6375 4332 4317
3 4342 6379 4343
3 4343 6379 6380
3 6382 4347 6381
3 6381 4347 4346
3 6376 4330 6370
3 6370 4330 4373
3 6383 4425 6378
3 6378 4425 4332
3 6381 4346 6384
3 6384 4346 4689
3 6374 4316 6377
3 6377 4316 4331
3 6386 4922 6385
3 6385 4922 4921
3 6389 4374 6388
3 6388 4374 6387
3 6354 6355 4977
3 4977 6355 6283
3 6360 4742 6359
3 6359 4742 4741
3 4718 6391 4237
3 4237 6391 6390
3 5295 6392 4718
3 4718 6392 6391
3 6394 6395 6393
3 6393 6395 6396
3 6400 6397 6399
3 6399 6397 6398
3 5301 5302 6401
3 6401 5302 6402
3 5320 6403 5302
3 5302 6403 6402
3 5319 6404 5320
3 5320 6404 6403
3 6405 5350 5318
3 5318 5350 5349
3 5318 5317 6405
3 6405 5317 6406
3 6408 6407 4196
3 4196 6407 5287
3 6410 6409 4215
3 4215 6409 4216
3 6327 6326 6411
3 6411 6326 5226
3 6411 5226 6412
3 6412 5226 4891
3 6412 4891 6413
3 6413 4891 4227
3 6413 4227 6414
3 6414 4227 4226
3 6414 4226 6415
3 6415 4226 4247
3 6415 4247 6416
3 6416 4247 4246
3 6416 4246 6418
3 6418 4246 6417
3 6418 6417 6420
3 6420 6417 6419
3 5299 6422 5300
3 5300 6422 6421
3 6398 6423 5299
3 5299 6423 6422
3 6424 6397 6408
3 6408 6397 6407
3 6393 6396 6426
3 6426 6396 6425
3 6427 4223 6428
3 6428 4223 4222
3 4219 5275 6345
3 6345 5275 6346
3 6338 6340 6346
3 6346 6340 6345
3 5279 5277 5281
3 5281 5277 4235
3 4680 4683 5223
3 5223 4683 4895
3 5223 4895 4134
3 4134 4895 4131
3 4134 4131 4135
3 4135 4131 4130
3 4135 4130 4753
3 4753 4130 4225
3 4753 4225 4212
3 4212 4225 4250
3 4212 4250 4213
3 4213 4250 4249
3 4249 6366 4213
3 4213 6366 6367
3 4736 6367 4909
3 4909 6367 6366
3 5295 4735 5296
3 5296 4735 4908
3 6392 5295 6394
3 6394 5295 5296
3 6426 6429 6393
3 6393 6429 6430
3 4381 6427 4382
3 4382 6427 6428
3 5275 4219 5276
3 5276 4219 4218
3 4221 4696 4382
3 4382 4696 4217
3 6344 4698 4220
3 4220 4698 6343
3 6341 4699 6344
3 6344 4699 4698
3 4234 4785 5280
3 5280 4785 6337
3 4233 4786 4234
3 4234 4786 4785
3 5278 5277 6431
3 6431 5277 5270
3 4236 5278 6432
3 6432 5278 6431
3 4236 6432 4233
3 4233 6432 4786
3 6436 6433 6435
3 6435 6433 6434
3 6436 6359 6437
3 6437 6359 6358
3 6438 6439 6440
3 6440 6439 6437
3 6440 6441 6438
3 6438 6441 6442
3 6443 6441 6355
3 6355 6441 6356
3 6446 6444 6445
3 6445 6444 6443
3 6354 4912 6445
3 6445 4912 4911
3 5364 5363 6435
3 6435 5363 6360
3 6447 5315 5349
3 5349 5315 5318
3 6447 5349 6448
3 6448 5349 4831
3 6448 4831 6449
3 6449 4831 4830
3 6404 5319 6450
3 6450 5319 5353
3 6450 5353 6451
3 6451 5353 4264
3 6451 4264 6452
3 6452 4264 4263
3 6444 6446 4830
3 4830 6446 6449
3 4262 6434 4263
3 4263 6434 6433
3 6439 6438 6452
3 6452 6438 6453
3 4833 6453 6442
3 6442 6453 6438
3 6453 4833 6454
3 6454 4833 4832
3 6454 4832 6455
3 6455 4832 5350
3 6391 6457 6390
3 6390 6457 6456
3 6392 6430 6391
3 6391 6430 6457
3 6394 5296 6395
3 6395 5296 5297
3 6401 6399 5301
3 5301 6399 5298
3 6459 6458 6402
3 6402 6458 6401
3 6459 6402 6460
3 6460 6402 6403
3 6460 6403 6461
3 6461 6403 6404
3 6455 5350 6461
3 6461 5350 6405
3 6461 6405 6460
3 6460 6405 6406
3 6459 6460 6462
3 6462 6460 6406
3 6458 6459 6463
3 6463 6459 6462
3 6400 6458 6464
3 6464 6458 6463
3 6429 6465 6430
3 6430 6465 6457
3 6465 6409 6457
3 6457 6409 6456
3 6409 6410 6456
3 6456 6410 6466
3 6395 6423 6396
3 6396 6423 6424
3 6392 6394 6430
3 6430 6394 6393
3 6461 6404 6455
3 6455 6404 6450
3 6455 6450 6454
3 6454 6450 6451
3 6454 6451 6453
3 6453 6451 6452
3 4830 4833 6444
3 6444 4833 6442
3 4263 6433 6452
3 6452 6433 6439
3 5304 5359 5305
3 5305 5359 6467
3 5305 6467 4123
3 4123 6467 6468
3 4123 6468 4124
3 4124 6468 6469
3 4124 6469 5290
3 5290 6469 6470
3 6352 5291 6470
3 6470 5291 5290
3 6351 5312 6352
3 6352 5312 5291
3 5346 5313 6351
3 6351 5313 5312
3 5316 5345 5317
3 5317 5345 5352
3 5359 5357 6467
3 6467 5357 5333
3 6467 5333 6468
3 6468 5333 5323
3 6468 5323 6469
3 6469 5323 5322
3 6469 5322 6470
3 6470 5322 5342
3 6353 6352 5342
3 5342 6352 6470
3 5310 4269 6348
3 6348 4269 6347
3 4271 5272 6339
3 6339 5272 5271
3 6431 5270 4231
3 4231 5270 4232
3 4231 4294 6431
3 6431 4294 4293
3 6431 4293 6432
3 6432 4293 4300
3 4786 6432 4299
3 4299 6432 4300
3 4786 4299 4783
3 4783 4299 4703
3 4703 3012 4783
3 4783 3012 1306
3 5201 5103 6471
3 6471 5103 5102
3 5114 5104 5115
3 5115 5104 5107
3 5122 5111 5123
3 5123 5111 5110
3 5105 5104 5204
3 5204 5104 5153
3 5184 5167 5179
3 5179 5167 5166
3 5174 5187 5175
3 5175 5187 5186
3 5119 5177 5122
3 5122 5177 5111
3 5088 5182 5089
3 5089 5182 5166
3 5180 5182 5150
3 5150 5182 5209
3 5136 5216 5137
3 5137 5216 5215
3 5220 5218 5118
3 5118 5218 5217
3 5217 5177 5118
3 5118 5177 5119
3 5100 5103 5136
3 5136 5103 5216
3 5115 5107 5220
3 5220 5107 5218
3 5150 5209 5109
3 5109 5209 5110
3 6471 5102 5152
3 5152 5102 5153
3 5215 5214 5175
3 5175 5214 5172
3 5174 5173 5167
3 5167 5173 5165
3 5091 5090 5207
3 5207 5090 5171
3 5035 5117 5036
3 5036 5117 5116
3 5132 5121 5163
3 5163 5121 5120
3 5082 5125 5083
3 5083 5125 5124
3 5172 5129 5173
3 5173 5129 5128
3 6471 5131 5201
3 5201 5131 5130
3 5118 5121 5220
3 5220 5121 5134
3 5208 5135 5123
3 5123 5135 5124
3 5163 5120 5082
3 5082 5120 5125
3 5192 5194 5035
3 5035 5194 5117
3 5113 5202 5096
3 5096 5202 5130
3 5152 5194 6471
3 6471 5194 5131
3 5088 5091 5208
3 5208 5091 5135
3 5036 5116 5133
3 5133 5116 5134
3 5126 5129 5205
3 5205 5129 5361
3 5371 5370 5127
3 5127 5370 5128
3 5171 5090 5371
3 5371 5090 5370
3 5200 5202 5214
3 5214 5202 5361
3 5317 5352 6406
3 6406 5352 6462
3 5352 5351 6462
3 6462 5351 6463
3 5288 5287 6464
3 6464 5287 6407
3 6426 6425 4223
3 4223 6425 4195
3 6429 6426 6427
3 6427 6426 4223
3 6427 4381 6429
3 6429 4381 6465
3 6409 6465 4216
3 4216 6465 4381
3 3015 3014 4238
3 4238 3014 4239
3 3017 3016 4256
3 4256 3016 4253
3 6474 4731 6473
3 6473 4731 6472
3 6372 6474 6373
3 6373 6474 6473
3 3022 3021 6373
3 6373 3021 5245
3 6287 4254 6298
3 6298 4254 4253
3 3024 3023 6299
3 6299 3023 6472
3 6475 4256 6311
3 6311 4256 4255
3 4239 6475 4240
3 4240 6475 6311
3 6476 4238 6390
3 6390 4238 4237
3 6476 6390 6466
3 6466 6390 6456
3 3027 6466 3028
3 3028 6466 6410
3 3028 6410 3029
3 3029 6410 4215
3 6480 6477 6479
3 6479 6477 6478
3 6484 6481 6483
3 6483 6481 6482
3 4101 6485 6330
3 6330 6485 6486
3 6488 6477 6487
3 6487 6477 6482
3 6478 6489 4828
3 4828 6489 4428
3 4101 4100 6485
3 6485 4100 6490
3 4100 4898 6490
3 6490 4898 4894
3 4159 6487 4156
3 4156 6487 6491
3 6488 4086 6489
3 6489 4086 4089
3 4259 5012 4260
3 4260 5012 4266
3 4974 5327 4260
3 4260 5327 4257
3 4260 4266 4974
3 4974 4266 4265
3 3574 3911 3792
3 3792 3911 5366
3 3794 6492 3615
3 3615 6492 6493
3 6494 6495 3587
3 3587 6495 3588
3 3793 5367 3587
3 3587 5367 6494
3 3049 3840 3050
3 3050 3840 3839
3 3052 3051 3910
3 3910 3051 3911
3 3054 3053 3929
3 3929 3053 3928
3 3922 3915 3929
3 3929 3915 5369
3 5368 3914 3937
3 3937 3914 3806
3 3588 6495 3805
3 3805 6495 3936
3 3056 3055 3936
3 3936 3055 3937
3 3050 3839 3057
3 3057 3839 3942
3 3729 4807 3726
3 3726 4807 3942
3 3819 3950 3794
3 3794 3950 6492
3 3049 3058 3840
3 3840 3058 3950
3 3615 6493 3573
3 3573 6493 3910
3 3822 3928 3823
3 3823 3928 3951
3 3060 3059 4059
3 4059 3059 4060
3 6496 6497 4900
3 4900 6497 4789
3 6332 6498 4737
3 4737 6498 4738
3 6499 6500 6313
3 6313 6500 4417
3 6501 6274 4416
3 4416 6274 4184
3 6502 6496 4782
3 4782 6496 4900
3 4058 4789 4059
3 4059 4789 6497
3 3059 3068 4060
3 4060 3068 4807
3 3069 5367 3070
3 3070 5367 5366
3 3071 5369 3072
3 3072 5369 5368
3 6273 6274 3073
3 3073 6274 3074
3 6316 4738 6503
3 6503 4738 6498
3 6332 6331 3076
3 3076 6331 3077
3 6333 6273 3078
3 3078 6273 3073
3 6331 4824 3077
3 3077 4824 3079
3 6333 6502 4187
3 4187 6502 4782
3 4824 4688 3079
3 3079 4688 1329
3 4745 6504 4746
3 4746 6504 6505
3 6507 6505 6506
3 6506 6505 6504
3 6509 4919 6508
3 6508 4919 4296
3 4295 6510 4296
3 4296 6510 6508
3 6511 4318 6507
3 6507 4318 6505
3 4371 4370 6513
3 6513 4370 6512
3 6510 4295 5250
3 5250 4295 4304
3 5250 5249 6510
3 6510 5249 6514
3 6515 6508 6514
3 6514 6508 6510
3 6517 6518 6506
3 6506 6518 6516
3 6513 6512 6519
3 6519 6512 6511
3 6520 6507 6516
3 6516 6507 6506
3 5248 6522 6521
3 6521 6522 6523
3 6524 6369 5252
3 5252 6369 6525
3 4325 4370 4322
3 4322 4370 4369
3 4369 3102 4322
3 4322 3102 1540
3 6520 6516 6526
3 6526 6516 6518
3 6528 6513 6527
3 6527 6513 6519
3 6532 6529 6531
3 6531 6529 6530
3 6534 6514 6533
3 6533 6514 5249
3 6536 6535 6532
3 6532 6535 6529
3 6536 6533 6537
3 6537 6533 6525
3 6514 6534 6515
3 6515 6534 6538
3 4324 4320 4325
3 4325 4320 4319
3 4370 4325 6512
3 6512 4325 4319
3 6530 4730 6540
3 6540 4730 6539
3 4730 4729 6539
3 6539 4729 6541
3 3119 6541 3120
3 3120 6541 4729
3 4730 6530 4327
3 4327 6530 6529
3 4327 6529 4328
3 4328 6529 6535
3 4328 6535 6523
3 6523 6535 6542
3 5247 6521 6544
3 6544 6521 6543
3 6372 5244 6387
3 6387 5244 6388
3 6474 6372 6545
3 6545 6372 6387
3 4376 6294 6545
3 6545 6294 4732
3 6545 4732 6474
3 6474 4732 4731
3 4434 4393 4431
3 4431 4393 4392
3 4433 4671 4841
3 4841 4671 4670
3 4437 4440 4438
3 4438 4440 4439
3 4397 4436 4449
3 4449 4436 4435
3 4391 4447 4443
3 4443 4447 4446
3 6546 4432 4463
3 4463 4432 4445
3 4421 4454 4422
3 4422 4454 4453
3 4479 4452 4480
3 4480 4452 4451
3 4387 4458 4388
3 4388 4458 4457
3 4467 4456 4470
3 4470 4456 4455
3 4390 4459 4391
3 4391 4459 4447
3 4464 4444 4466
3 4466 4444 4460
3 4436 4397 4628
3 4628 4397 4396
3 4437 4627 4440
3 4440 4627 4630
3 4396 4838 4628
3 4628 4838 4840
3 4670 4630 4841
3 4841 4630 4627
3 4480 4451 4988
3 4988 4451 4929
3 4449 4435 4926
3 4926 4435 4928
3 4385 4933 4386
3 4386 4933 4932
3 4473 4931 4474
3 4474 4931 4930
3 4386 4932 4448
3 4448 4932 4935
3 4470 4455 4471
3 4471 4455 4934
3 4388 4457 4390
3 4390 4457 4459
3 4466 4460 4467
3 4467 4460 4456
3 4422 4453 4385
3 4385 4453 4933
3 4474 4930 4479
3 4479 4930 4452
3 4638 4575 4996
3 4996 4575 4574
3 4578 4595 4579
3 4579 4595 4594
3 4582 4581 4571
3 4571 4581 4568
3 4586 4943 4587
3 4587 4943 4561
3 4560 4589 4561
3 4561 4589 4587
3 4637 4641 4638
3 4638 4641 4575
3 4641 4844 4640
3 4640 4844 4845
3 4844 4589 4845
3 4845 4589 4560
3 4579 4594 4937
3 4937 4594 4940
3 4937 4939 4667
3 4667 4939 4668
3 4946 4583 4941
3 4941 4583 4582
3 4581 4586 4568
3 4568 4586 4585
3 4999 5000 4578
3 4578 5000 4595
3 4557 4559 4584
3 4584 4559 4585
3 4996 4565 4638
3 4638 4565 4564
3 4567 4566 4576
3 4576 4566 4577
3 4555 4570 4553
3 4553 4570 4569
3 4639 4564 4636
3 4636 4564 4545
3 4843 4664 4663
3 4663 4664 4661
3 4584 4588 4557
3 4557 4588 4661
3 4553 4569 4556
3 4556 4569 4559
3 4942 4571 4666
3 4666 4571 4570
3 4550 4669 4551
3 4551 4669 4665
3 4639 4663 4637
3 4637 4663 4662
3 4576 4667 4567
3 4567 4667 4669
3 4998 4995 4565
3 4565 4995 4542
3 4607 4563 4602
3 4602 4563 4562
3 4572 4592 4573
3 4573 4592 4591
3 4612 4597 4613
3 4613 4597 4596
3 4580 4583 4599
3 4599 4583 4600
3 4562 4561 4603
3 4603 4561 4943
3 4572 4640 4592
3 4592 4640 4642
3 4847 4643 4846
3 4846 4643 4642
3 4560 4563 4845
3 4845 4563 4846
3 4944 4940 4597
3 4597 4940 4594
3 4945 4938 4944
3 4944 4938 4940
3 4619 4601 4947
3 4947 4601 4600
3 4943 4580 4603
3 4603 4580 4599
3 4613 4596 5002
3 5002 4596 5001
3 4401 4952 4758
3 4758 4952 4987
3 6548 4706 6547
3 6547 4706 4705
3 4418 4310 6549
3 6549 4310 4927
3 4920 4919 6550
3 6550 4919 6551
3 6553 4925 6552
3 6552 4925 4924
3 6550 4801 4920
3 4920 4801 4927
3 4418 6549 4984
3 4984 6549 6554
3 4648 4952 6555
3 6555 4952 4951
3 6547 4705 6556
3 6556 4705 4970
3 6552 4924 4647
3 4647 4924 4987
3 4986 5005 6548
3 6548 5005 4706
3 4919 6509 6551
3 6551 6509 6517
3 6557 6509 6515
3 6515 6509 6508
3 6558 6557 6538
3 6538 6557 6515
3 6530 6540 6531
3 6531 6540 6559
3 6528 6540 6560
3 6560 6540 6539
3 6560 6539 6561
3 6561 6539 6541
3 6541 3119 6561
3 6561 3119 3141
3 4969 4759 6562
3 6562 4759 4365
3 4814 6563 4815
3 4815 6563 6564
3 3146 3145 6564
3 6564 3145 4815
3 6565 6564 6562
3 6562 6564 6563
3 4357 4356 4384
3 4384 4356 4836
3 6564 6565 3146
3 3146 6565 3148
3 4693 1208 3149
3 6521 5247 5248
3 5248 5247 5246
3 6388 6544 6389
3 6389 6544 6371
3 5257 6375 5253
3 5253 6375 6374
3 5254 6377 6524
3 6524 6377 6376
3 5259 6378 5257
3 5257 6378 6375
3 6567 6380 6566
3 6566 6380 6379
3 6569 6382 6568
3 6568 6382 6381
3 6376 6370 6524
3 6524 6370 6369
3 6570 6383 5259
3 5259 6383 6378
3 6568 6381 6571
3 6571 6381 6384
3 5253 6374 5254
3 5254 6374 6377
3 6573 6386 6572
3 6572 6386 6385
3 5244 5247 6388
3 6388 5247 6544
3 6285 4675 4749
3 4749 4675 4674
3 6287 4734 6288
3 6288 4734 4733
3 4962 4804 6289
3 6289 4804 4803
3 4410 4811 4806
3 4806 4811 4810
3 4958 4954 6291
3 6291 4954 4953
3 4750 4964 4961
3 4961 4964 4963
3 4808 4811 4820
3 4820 4811 6284
3 4209 4964 4286
3 4286 4964 4674
3 4153 4954 4144
3 4144 4954 6293
3 4118 4804 4119
3 4119 4804 4963
3 6288 4733 4965
3 4965 4733 6297
3 4731 4734 6472
3 6472 4734 6299
3 4287 4675 6295
3 6295 4675 6296
3 3159 3158 6522
3 6522 3158 4329
3 5252 5251 6524
3 6524 5251 5254
3 5255 5251 4304
3 4304 5251 5250
3 4303 5256 4304
3 4304 5256 5255
3 4423 5258 4303
3 4303 5258 5256
3 5259 5258 6570
3 6570 5258 5260
3 6570 5260 6572
3 6572 5260 5261
3 6573 5264 6566
3 6566 5264 5263
3 5265 6571 5266
3 5266 6571 6567
3 5267 6569 5268
3 5268 6569 6568
3 6569 5267 3160
3 3160 5267 1806
3 6523 6522 4328
3 4328 6522 4329
3 5252 6525 5249
3 5249 6525 6533
3 6368 6543 6537
3 6537 6543 6542
3 6523 6542 6521
3 6521 6542 6543
3 3911 3051 5366
3 5366 3051 3070
3 3162 3161 6492
3 6492 3161 6493
3 3760 3770 444
3 444 3770 3163
3 3919 3918 3164
3 3164 3918 460
3 3909 3838 409
3 409 3838 329
3 3550 3551 330
3 330 3551 331
3 3917 463 3815
3 3815 463 303
3 384 457 3765
3 3765 457 3893
3 411 414 3761
3 3761 414 3762
3 3744 3747 336
3 336 3747 3165
3 3929 5369 3054
3 3054 5369 3071
3 3937 3055 5368
3 5368 3055 3072
3 3056 3936 3166
3 3166 3936 6495
3 3942 4807 3057
3 3057 4807 3068
3 3747 3850 3165
3 3165 3850 410
3 6492 3950 3162
3 3162 3950 3058
3 3770 3771 3163
3 3163 3771 335
3 6493 3161 3910
3 3910 3161 3052
3 3951 3928 3167
3 3167 3928 3053
3 3944 3919 829
3 829 3919 3164
3 6497 6496 3168
3 3168 6496 3169
3 4829 5004 1353
3 1353 5004 3170
3 3169 6496 3171
3 3171 6496 6502
3 4059 6497 3060
3 3060 6497 3168
3 5004 5005 3170
3 3170 5005 3172
3 6502 6333 3171
3 3171 6333 3078
3 3173 3024 6298
3 6298 3024 6299
3 6577 6574 6576
3 6576 6574 6575
3 6579 6578 4610
3 4610 6578 4611
3 6583 6580 6582
3 6582 6580 6581
3 4620 4617 6584
3 6584 4617 6583
3 6585 6586 6588
3 6588 6586 6587
3 6590 6589 6586
3 6586 6589 6587
3 4622 6589 4605
3 4605 6589 6591
3 6574 6592 6575
3 6575 6592 6593
3 6580 6578 6581
3 6581 6578 6594
3 6597 6595 6596
3 6596 6595 6579
3 6599 6598 6575
3 6575 6598 6576
3 6601 6600 6595
3 6595 6600 6594
3 6582 6581 6602
3 6602 6581 6603
3 6606 6604 6605
3 6605 6604 6585
3 6604 6607 6585
3 6585 6607 6586
3 6608 6590 6607
3 6607 6590 6586
3 6609 6599 6593
3 6593 6599 6575
3 6600 6603 6594
3 6594 6603 6581
3 6597 6576 6610
3 6610 6576 6598
3 6612 6613 6611
3 6611 6613 6614
3 6618 6615 6617
3 6617 6615 6616
3 6622 6619 6621
3 6621 6619 6620
3 6626 6623 6625
3 6625 6623 6624
3 6630 6627 6629
3 6629 6627 6628
3 6634 6631 6633
3 6633 6631 6632
3 6638 6635 6637
3 6637 6635 6636
3 6637 6636 6640
3 6640 6636 6639
3 6631 6641 6632
3 6632 6641 6642
3 6646 6643 6645
3 6645 6643 6644
3 6648 6646 6647
3 6647 6646 6645
3 6652 6649 6651
3 6651 6649 6650
3 6652 6651 6653
3 6653 6651 6654
3 6658 6655 6657
3 6657 6655 6656
3 6662 6659 6661
3 6661 6659 6660
3 6664 6663 6660
3 6660 6663 6661
3 6655 6665 6656
3 6656 6665 6666
3 6670 6667 6669
3 6669 6667 6668
3 6670 6669 6672
3 6672 6669 6671
3 6676 6673 6675
3 6675 6673 6674
3 6678 6675 6677
3 6677 6675 6674
3 6682 6679 6681
3 6681 6679 6680
3 6679 6682 6684
3 6684 6682 6683
3 6688 6685 6687
3 6687 6685 6686
3 6690 6687 6689
3 6689 6687 6686
3 6633 6632 6617
3 6617 6632 6618
3 6634 6691 6631
3 6631 6691 6692
3 6636 6635 6693
3 6693 6635 6616
3 6634 6638 6691
3 6691 6638 6694
3 6695 6639 6693
3 6693 6639 6636
3 6640 6696 6637
3 6637 6696 6697
3 6618 6632 6615
3 6615 6632 6642
3 6696 6640 6698
3 6698 6640 6641
3 6699 6645 6620
3 6620 6645 6644
3 6701 6653 6700
3 6700 6653 6643
3 6647 6645 6702
3 6702 6645 6699
3 6646 6648 6703
3 6703 6648 6692
3 6651 6650 6622
3 6622 6650 6619
3 6649 6698 6648
3 6648 6698 6692
3 6651 6622 6654
3 6654 6622 6621
3 6653 6701 6652
3 6652 6701 6696
3 6657 6656 6613
3 6613 6656 6614
3 6658 6703 6655
3 6655 6703 6704
3 6660 6659 6705
3 6705 6659 6612
3 6662 6700 6658
3 6658 6700 6703
3 6706 6664 6705
3 6705 6664 6660
3 6661 6663 6701
3 6701 6663 6707
3 6656 6666 6614
3 6614 6666 6611
3 6707 6663 6708
3 6708 6663 6665
3 6669 6668 6709
3 6709 6668 6628
3 6711 6678 6710
3 6710 6678 6667
3 6669 6709 6671
3 6671 6709 6712
3 6672 6704 6670
3 6670 6704 6713
3 6674 6673 6630
3 6630 6673 6627
3 6676 6708 6672
3 6672 6708 6704
3 6677 6674 6629
3 6629 6674 6630
3 6675 6678 6707
3 6707 6678 6711
3 6682 6681 6714
3 6714 6681 6624
3 6690 6680 6716
3 6716 6680 6715
3 6682 6714 6683
3 6683 6714 6717
3 6684 6713 6679
3 6679 6713 6718
3 6686 6685 6626
3 6626 6685 6623
3 6688 6710 6684
3 6684 6710 6713
3 6689 6686 6625
3 6625 6686 6626
3 6687 6690 6711
3 6711 6690 6716
3 6706 6705 6611
3 6611 6705 6612
3 6615 6695 6616
3 6616 6695 6693
3 6699 6620 6702
3 6702 6620 6619
3 6623 6717 6624
3 6624 6717 6714
3 6627 6712 6628
3 6628 6712 6709
3 6633 6635 6634
3 6634 6635 6638
3 6642 6641 6639
3 6639 6641 6640
3 6644 6643 6654
3 6654 6643 6653
3 6647 6650 6648
3 6648 6650 6649
3 6659 6662 6657
3 6657 6662 6658
3 6665 6663 6666
3 6666 6663 6664
3 6667 6678 6668
3 6668 6678 6677
3 6673 6676 6671
3 6671 6676 6672
3 6680 6690 6681
3 6681 6690 6689
3 6685 6688 6683
3 6683 6688 6684
3 6617 6616 6633
3 6633 6616 6635
3 6694 6638 6697
3 6697 6638 6637
3 6615 6642 6695
3 6695 6642 6639
3 6641 6631 6698
3 6698 6631 6692
3 6620 6644 6621
3 6621 6644 6654
3 6643 6646 6700
3 6700 6646 6703
3 6702 6619 6647
3 6647 6619 6650
3 6696 6698 6652
3 6652 6698 6649
3 6613 6612 6657
3 6657 6612 6659
3 6701 6700 6661
3 6661 6700 6662
3 6611 6666 6706
3 6706 6666 6664
3 6665 6655 6708
3 6708 6655 6704
3 6668 6677 6628
3 6628 6677 6629
3 6667 6670 6710
3 6710 6670 6713
3 6627 6673 6712
3 6712 6673 6671
3 6707 6708 6675
3 6675 6708 6676
3 6681 6689 6624
3 6624 6689 6625
3 6715 6680 6718
3 6718 6680 6679
3 6623 6685 6717
3 6717 6685 6683
3 6710 6688 6711
3 6687 6711 6688
3 6720 6593 6719
3 6719 6593 6592
3 4848 4606 6719
3 6719 4606 6721
3 6723 6721 6722
3 6722 6721 6591
3 6574 6577 4608
3 4608 6577 4609
3 6578 6579 6594
3 6594 6579 6595
3 6583 4617 6580
3 6580 4617 4616
3 6605 6585 6584
3 6584 6585 6588
3 4621 4618 6587
3 6587 4618 6588
3 6589 4622 6587
3 6587 4622 4621
3 6592 6574 4644
3 4644 6574 4608
3 6578 6580 4611
3 4611 6580 4616
3 5003 4609 6596
3 6596 4609 6577
3 6719 6592 4848
3 4848 6592 4644
3 6719 6721 6720
3 6720 6721 6723
3 4605 6591 4606
3 4606 6591 6721
3 6593 6720 6609
3 6609 6720 6724
3 6723 6722 6726
3 6726 6722 6725
3 6720 6723 6724
3 6724 6723 6726
3 6607 6604 6728
3 6728 6604 6727
3 6729 6727 6606
3 6606 6727 6604
3 6602 6603 6731
3 6731 6603 6730
3 6609 6724 6733
3 6733 6724 6732
3 6724 6726 6732
3 6732 6726 6734
3 6725 6735 6726
3 6726 6735 6734
3 6725 6722 6608
3 6608 6722 6590
3 6589 6590 6591
3 6591 6590 6722
3 6739 6736 6738
3 6738 6736 6737
3 6739 6738 6741
3 6741 6738 6740
3 6741 6740 6743
3 6743 6740 6742
3 6743 6742 6745
3 6745 6742 6744
3 6745 6744 6747
3 6747 6744 6746
3 6747 6746 6749
3 6749 6746 6748
3 6736 6750 6737
3 6737 6750 6751
3 6750 6752 6751
3 6751 6752 6753
3 6752 6754 6753
3 6753 6754 6755
3 6748 6756 6749
3 6749 6756 6757
3 6754 6758 6755
3 6755 6758 6759
3 6758 6760 6759
3 6759 6760 6761
3 6760 6762 6761
3 6761 6762 6763
3 6762 6757 6763
3 6763 6757 6756
3 6738 6764 6740
3 6740 6764 6765
3 6740 6765 6742
3 6742 6765 6766
3 6742 6766 6744
3 6744 6766 6767
3 6744 6767 6746
3 6746 6767 6768
3 6746 6768 6748
3 6748 6768 6769
3 6767 6770 6768
3 6768 6770 6771
3 6768 6771 6769
3 6769 6771 6772
3 6772 6771 6774
3 6774 6771 6773
3 6778 6775 6777
3 6777 6775 6776
3 6778 6777 6773
3 6773 6777 6774
3 6773 6771 6779
3 6779 6771 6770
3 6778 6773 6780
3 6780 6773 6779
3 6775 6778 6781
3 6781 6778 6780
3 6783 6784 6782
3 6782 6784 6785
3 6786 6787 6785
3 6785 6787 6782
3 6786 6788 6787
3 6787 6788 6789
3 6791 6790 6784
3 6784 6790 6785
3 6786 6785 6792
3 6792 6785 6790
3 6788 6786 6793
3 6793 6786 6792
3 6788 6793 6795
3 6795 6793 6794
3 6789 6788 6796
3 6796 6788 6795
3 6738 6737 6764
3 6764 6737 6797
3 6737 6751 6797
3 6797 6751 6798
3 6770 6767 6799
3 6799 6767 6766
3 6799 6766 6800
3 6800 6766 6765
3 6765 6764 6800
3 6800 6764 6801
3 6802 6801 6797
3 6797 6801 6764
3 6797 6798 6802
3 6802 6798 6803
3 6802 6803 6805
3 6805 6803 6804
3 6751 6753 6798
3 6798 6753 6806
3 6798 6806 6803
3 6803 6806 6807
3 6803 6807 6804
3 6804 6807 6808
3 6805 6804 6810
3 6810 6804 6809
3 6810 6809 6812
3 6812 6809 6811
3 6796 6795 6814
3 6814 6795 6813
3 6816 6815 6813
3 6813 6815 6812
3 6810 6812 6817
3 6817 6812 6815
3 6810 6817 6805
3 6805 6817 6818
3 6805 6818 6802
3 6802 6818 6801
3 6769 6819 6748
3 6748 6819 6756
3 6819 6769 6820
3 6820 6769 6772
3 6774 6821 6772
3 6772 6821 6820
3 6777 6822 6774
3 6774 6822 6821
3 6777 6776 6822
3 6822 6776 6823
3 6823 6776 6824
3 6824 6776 6783
3 6782 6787 6826
3 6826 6787 6825
3 6787 6789 6825
3 6825 6789 6827
3 6789 6796 6827
3 6827 6796 6828
3 6828 6796 6829
3 6829 6796 6814
3 6809 6830 6811
3 6811 6830 6831
3 6804 6808 6809
3 6809 6808 6830
3 6800 6734 6799
3 6799 6734 6735
3 6800 6801 6734
3 6734 6801 6732
3 6801 6818 6732
3 6732 6818 6733
3 6818 6817 6733
3 6733 6817 6832
3 6817 6815 6832
3 6832 6815 6833
3 6834 6833 6816
3 6816 6833 6815
3 6793 6835 6794
3 6794 6835 6836
3 6792 6730 6793
3 6793 6730 6835
3 6792 6790 6730
3 6730 6790 6731
3 6729 6731 6791
3 6791 6731 6790
3 6781 6780 6727
3 6727 6780 6728
3 6753 6755 6806
3 6806 6755 6837
3 6755 6759 6837
3 6837 6759 6838
3 6759 6761 6838
3 6838 6761 6839
3 6761 6763 6839
3 6839 6763 6840
3 6763 6756 6840
3 6840 6756 6819
3 6820 6841 6819
3 6819 6841 6840
3 6841 6842 6840
3 6840 6842 6839
3 6842 6843 6839
3 6839 6843 6838
3 6843 6844 6838
3 6838 6844 6837
3 6844 6807 6837
3 6837 6807 6806
3 6821 6845 6820
3 6820 6845 6841
3 6845 6846 6841
3 6841 6846 6842
3 6843 6842 6847
3 6847 6842 6846
3 6847 6848 6843
3 6843 6848 6844
3 6848 6808 6844
3 6844 6808 6807
3 6808 6848 6830
3 6830 6848 6849
3 6848 6847 6849
3 6849 6847 6850
3 6850 6847 6851
3 6851 6847 6846
3 6846 6845 6851
3 6851 6845 6852
3 6852 6845 6822
3 6822 6845 6821
3 6823 6853 6822
3 6822 6853 6852
3 6851 6852 6854
3 6854 6852 6853
3 6851 6854 6850
3 6850 6854 6855
3 6849 6850 6856
3 6856 6850 6855
3 6830 6849 6831
3 6831 6849 6856
3 6853 6823 6857
3 6857 6823 6824
3 6825 6858 6826
3 6826 6858 6859
3 6827 6860 6825
3 6825 6860 6858
3 6827 6828 6860
3 6860 6828 6861
3 6861 6828 6862
3 6862 6828 6829
3 6864 6861 6863
3 6863 6861 6862
3 6854 6853 6865
3 6865 6853 6857
3 6863 6865 6864
3 6864 6865 6866
3 6860 6867 6858
3 6858 6867 6868
3 6867 6864 6868
3 6868 6864 6866
3 6864 6867 6861
3 6861 6867 6860
3 6858 6868 6859
3 6859 6868 6866
3 6694 6697 6750
3 6750 6697 6752
3 6752 6697 6754
3 6754 6697 6696
3 6696 6701 6754
3 6754 6701 6758
3 6701 6707 6758
3 6758 6707 6760
3 6707 6711 6760
3 6760 6711 6762
3 6711 6716 6762
3 6762 6716 6757
3 6716 6715 6757
3 6757 6715 6749
3 6749 6715 6747
3 6747 6715 6718
3 6747 6718 6745
3 6745 6718 6713
3 6745 6713 6743
3 6743 6713 6704
3 6743 6704 6741
3 6741 6704 6703
3 6739 6741 6692
3 6692 6741 6703
3 6692 6691 6739
3 6739 6691 6736
3 6691 6694 6736
3 6736 6694 6750
3 6836 6835 6601
3 6601 6835 6600
3 6603 6600 6730
3 6730 6600 6835
3 6832 6833 6599
3 6599 6833 6598
3 6610 6598 6834
3 6834 6598 6833
3 6733 6832 6609
3 6609 6832 6599
3 6779 6770 6869
3 6799 6735 6770
3 6770 6735 6869
3 6780 6779 6728
3 6728 6779 6869
3 6869 6608 6728
3 6728 6608 6607
3 6735 6725 6869
3 6869 6725 6608
3 5013 5014 5228
3 5228 5014 5229
3 4877 4258 5014
3 5014 4258 4257
3 4703 4702 3012
3 3012 4702 3470
3 2878 6336 1305
3 1305 6336 4784
3 828 3470 4315
3 4315 3470 4702
3 1755 5222 3471
3 3471 5222 4701
3 4534 4533 6871
3 6871 4533 6870
3 6870 4664 6871
3 6871 4664 4843
3 4558 4664 6872
3 6872 4664 6870
3 6870 4533 6872
3 6872 4533 4541
3 4406 4821 4151
3 4151 4821 4152
3 4341 4406 4167
3 4167 4406 4151
3 4166 4922 4167
3 4167 4922 4342
3 4362 4361 4971
3 4971 4361 4839
3 4361 4393 4839
3 4839 4393 4838
3 4983 4985 4399
3 4399 4985 4400
3 4841 4840 4433
3 4433 4840 4434
3 4530 4529 4504
3 4504 4529 4505
3 4842 4506 4534
3 4534 4506 4505
3 4660 4659 4515
3 4515 4659 4516
3 6546 4936 4671
3 4671 4936 4672
3 5262 4983 4923
3 4923 4983 4399
3 4658 4673 4659
3 4659 4673 4672
3 4515 4530 4660
3 4660 4530 4504
3 4985 6873 4400
3 4400 6873 4951
3 4821 6874 4152
3 4152 6874 4953
3 4973 4363 4972
3 4972 4363 4362
3 4690 5266 4923
3 4923 5266 5263
3 6876 6875 6291
3 6291 6875 6292
3 4922 6386 4342
3 4342 6386 6379
3 4840 4838 4434
3 4434 4838 4393
3 4432 6546 4433
3 4433 6546 4671
3 6877 4973 6555
3 6555 4973 4972
3 6386 6573 6379
3 6379 6573 6566
3 6874 6876 4953
3 4953 6876 6291
3 5266 6567 5263
3 5263 6567 6566
3 4150 4153 4143
3 4143 4153 4144
3 4142 4424 4143
3 4143 4424 4193
3 4983 5262 4353
3 4353 5262 4354
3 4360 4363 4358
3 4358 4363 4359
3 4336 4391 4358
3 4358 4391 4443
3 4432 4431 4445
3 4445 4431 4446
3 4463 4462 6546
3 6546 4462 4936
3 4518 4517 4653
3 4653 4517 4508
3 4497 4498 4531
3 4531 4498 4532
3 4533 4529 4541
3 4541 4529 4532
3 4530 4515 4531
3 4531 4515 4518
3 4424 4425 4193
3 4193 4425 4921
3 4462 4517 4936
3 4936 4517 4516
3 6877 6873 4950
3 4950 6873 6554
3 6290 6289 4956
3 4956 6289 4957
3 4333 4359 4711
3 4711 4359 4949
3 4352 4418 4353
3 4353 4418 4984
3 5262 5264 4354
3 4354 5264 5261
3 6289 4803 4957
3 4957 4803 6293
3 4425 6383 4921
3 4921 6383 6385
3 4431 4392 4446
3 4446 4392 4443
3 4444 4464 4445
3 4445 4464 4463
3 6873 4985 6554
3 6554 4985 4984
3 6383 6570 6385
3 6385 6570 6572
3 4803 4145 6293
3 6293 4145 4144
3 5264 6573 5261
3 5261 6573 6572
3 4558 6872 4540
3 4540 6872 4541
3 4843 4842 6871
3 6871 4842 4534
3 6342 6878 4102
3 4102 6878 4103
3 6875 6306 6292
3 6292 6306 4104
3 6292 4104 4955
3 4955 4104 4103
3 4955 4103 4956
3 4956 4103 6878
3 6308 6290 6878
3 6878 6290 4956
3 4952 4648 4987
3 4987 4648 4647
3 6549 4927 4802
3 4802 4927 4801
3 6554 6549 4950
3 4950 6549 4802
3 5005 4986 3172
3 3172 4986 1515
3 6518 6517 6557
3 6557 6517 6509
3 6557 6558 6518
3 6518 6558 6526
3 6540 6528 6559
3 6559 6528 6527
3 4623 6548 4624
3 4624 6548 6547
3 6550 6551 4745
3 4745 6551 6504
3 4709 6553 4710
3 4710 6553 6552
3 4745 4712 6550
3 6550 4712 4801
3 4645 4648 4972
3 4972 4648 6555
3 4624 6547 4948
3 4948 6547 6556
3 4710 6552 4646
3 4646 6552 4647
3 4837 4986 4623
3 4623 4986 6548
3 6551 6517 6504
3 6504 6517 6506
3 6513 6528 4371
3 4371 6528 6560
3 4371 6560 4368
3 4368 6560 6561
3 4368 6561 3481
3 3481 6561 3141
3 6873 6877 4951
3 4951 6877 6555
3 4973 6877 4949
3 4949 6877 4950
3 3167 439 3951
3 4203 4202 5340
3 5340 4202 6363
3 4382 6428 4221
3 4221 6428 4218
3 4746 6505 4321
3 4321 6505 4318
3 4383 4340 4713
3 4713 4340 4339
3 6545 6387 4376
3 4376 6387 4374
3 4719 6310 4380
3 4380 6310 4377
3 4383 4386 4340
3 4340 4386 4448
3 4473 4476 4471
3 4471 4476 4472
3 4487 4486 4490
3 4490 4486 4491
3 4522 4490 4521
3 4521 4490 4489
3 4554 4492 4537
3 4537 4492 4491
3 4555 4554 4552
3 4552 4554 4537
3 4614 4617 4619
3 4619 4617 4620
3 4364 4367 4650
3 4650 4367 4651
3 4655 4523 4654
3 4654 4523 4522
3 4570 4555 4666
3 4666 4555 4552
3 1208 4364 1209
3 1209 4364 4650
3 4697 4696 5222
3 5222 4696 6343
3 4746 4321 4338
3 4338 4321 4339
3 4197 5286 4728
3 4728 5286 4725
3 4380 4379 4736
3 4736 4379 6367
3 4708 4450 4834
3 4834 4450 4835
3 4909 6366 4910
3 4910 6366 6365
3 4911 4914 6449
3 6449 4914 6448
3 4450 4449 4835
3 4835 4449 4926
3 4435 4438 4928
3 4928 4438 4929
3 4455 4458 4934
3 4934 4458 4935
3 4509 4469 4654
3 4654 4469 4472
3 4941 4582 4942
3 4942 4582 4571
3 4583 4946 4600
3 4600 4946 4947
3 4625 4624 4834
3 4834 4624 4948
3 4965 4968 6288
3 6288 4968 4694
3 4367 4925 4651
3 4651 4925 4970
3 4202 4976 6363
3 6363 4976 6364
3 4439 4442 4988
3 4988 4442 4989
3 4511 4477 4990
3 4990 4477 4989
3 4514 4527 4990
3 4990 4527 4991
3 4484 4526 4992
3 4992 4526 4991
3 4993 4992 4501
3 4501 4992 4502
3 4549 4481 4994
3 4994 4481 4993
3 4995 4994 4542
3 4542 4994 4543
3 4998 4997 4566
3 4566 4997 4577
3 4996 4574 4997
3 4997 4574 4999
3 4573 4591 5000
3 5000 4591 5001
3 5003 4610 5002
3 5002 4610 4613
3 3482 4214 1754
3 1754 4214 4697
3 4222 4194 5276
3 5276 4194 5273
3 6349 4726 5294
3 5294 4726 4725
3 5308 5341 5309
3 5309 5341 6362
3 5316 5315 5313
3 5313 5315 5314
3 5362 5339 6361
3 6361 5339 5338
3 5338 5309 6361
3 6361 5309 6362
3 5308 5307 4203
3 4203 5307 4200
3 6447 6448 5344
3 5344 6448 4914
3 5315 6447 5314
3 5314 6447 5344
3 5347 5346 6350
3 6350 5346 6351
3 4261 5339 4262
3 4262 5339 5364
3 4733 4732 6297
3 6297 4732 6294
3 4968 6305 4694
3 4694 6305 4695
3 6310 4695 4377
3 4377 4695 6305
3 6544 6543 6371
3 6371 6543 6368
3 4373 4372 6389
3 6389 4372 4374
3 6420 6421 4910
3 4910 6421 4907
3 4735 4736 4908
3 4908 4736 4909
3 6428 4222 4218
3 4218 4222 5276
3 4696 4221 6343
3 6343 4221 4220
3 6359 6436 6360
3 6360 6436 6435
3 6433 6436 6439
3 6439 6436 6437
3 6437 6358 6440
3 6440 6358 6357
3 6357 6356 6440
3 6440 6356 6441
3 6444 6442 6443
3 6443 6442 6441
3 6355 6354 6443
3 6443 6354 6445
3 6449 6446 4911
3 4911 6446 6445
3 4262 5364 6434
3 6434 5364 6435
3 5313 5346 5316
3 5316 5346 5345
3 6512 4319 6511
3 6511 4319 4318
3 6507 6520 6511
3 6511 6520 6519
3 6520 6526 6519
3 6519 6526 6527
3 6534 6532 6538
3 6538 6532 6531
3 6533 6536 6534
3 6534 6536 6532
3 6535 6536 6542
3 6542 6536 6537
3 4375 6295 4376
3 4376 6295 6294
3 4438 4439 4929
3 4929 4439 4988
3 4926 4928 4421
3 4421 4928 4454
3 4458 4387 4935
3 4935 4387 4448
3 4931 4473 4934
3 4934 4473 4471
3 4938 4946 4939
3 4939 4946 4941
3 4574 4573 4999
3 4999 4573 5000
3 4666 4665 4942
3 4942 4665 4668
3 4995 4998 4546
3 4546 4998 4566
3 4614 4619 4945
3 4945 4619 4947
3 4591 4590 5001
3 5001 4590 5002
3 4925 6553 4970
3 4970 6553 6556
3 6531 6559 6538
3 6538 6559 6558
3 6370 4373 6371
3 6371 4373 6389
3 4965 6297 4966
3 4966 6297 6296
3 6537 6525 6368
3 6368 6525 6369
3 4618 4620 6588
3 6588 4620 6584
3 6576 6597 6577
3 6577 6597 6596
3 6602 6606 6582
3 6582 6606 6605
3 6595 6597 6601
3 6601 6597 6610
3 6582 6605 6583
3 6583 6605 6584
3 4610 5003 6579
3 6579 5003 6596
3 6731 6729 6602
3 6602 6729 6606
3 6784 6783 6775
3 6775 6783 6776
3 6781 6791 6775
3 6775 6791 6784
3 6812 6811 6813
3 6813 6811 6814
3 6794 6816 6795
3 6795 6816 6813
3 6782 6826 6783
3 6783 6826 6824
3 6829 6814 6831
3 6831 6814 6811
3 6836 6834 6794
3 6794 6834 6816
3 6727 6729 6781
3 6781 6729 6791
3 6826 6859 6824
3 6824 6859 6857
3 6831 6856 6829
3 6829 6856 6862
3 6856 6855 6862
3 6862 6855 6863
3 6859 6866 6857
3 6857 6866 6865
3 6854 6865 6855
3 6855 6865 6863
3 6601 6610 6836
3 6836 6610 6834
3 6526 6558 6527
3 6527 6558 6559
3 6553 4709 6556
3 6556 4709 4948
3 4429 4089 4174
3 4174 4089 4088
3 4085 4154 4112
3 4112 4154 4776
3 4174 4088 4175
3 4175 4088 4141
3 4797 4199 4270
3 4270 4199 4198
3 5272 4271 4094
3 4094 4271 4198
3 4345 4403 4404
3 4404 4403 4405
3 6875 6876 4408
3 4408 6876 4409
3 6306 6875 4412
3 4412 6875 4408
3 4146 4415 4147
3 4147 4415 4414
3 4341 4343 4404
3 4404 4343 4689
3 4348 4351 4691
3 4691 4351 4692
3 4700 4699 6336
3 6336 4699 6337
3 4154 4080 4776
3 4776 4080 4777
3 4820 4405 4808
3 4808 4405 4403
3 4175 4141 4180
3 4180 4141 4414
3 4759 4969 4398
3 4398 4969 4691
3 4199 5006 4095
3 4095 5006 4077
3 5265 4692 5268
3 5268 4692 4351
3 5269 5006 5360
3 5360 5006 4796
3 4777 5269 4778
3 4778 5269 5360
3 6876 6874 4409
3 4409 6874 6284
3 4411 4686 4412
3 4412 4686 6307
3 6879 6480 6319
3 6319 6480 6479
3 4700 2877 4701
3 4701 2877 3471
3 6347 6339 6346
3 6346 6339 6338
3 6340 6341 6345
3 6345 6341 6344
3 4415 6307 4413
3 4413 6307 4686
3 6384 4689 6380
3 6380 4689 4343
3 5281 6340 5279
3 5279 6340 6338
3 4699 6341 6337
3 6337 6341 5280
3 4269 4271 6347
3 6347 4271 6339
3 6479 6478 4827
3 4827 6478 4828
3 6477 6488 6478
3 6478 6488 6489
3 4428 6489 4429
3 4429 6489 4089
3 4814 4969 6563
3 6563 4969 6562
3 6562 4365 6565
3 6565 4365 4693
3 6571 6384 6567
3 6567 6384 6380
3 6874 4821 6284
3 6284 4821 4820
3 6571 5265 6568
3 6568 5265 5268
3 4369 4368 3102
3 3102 4368 3481
3 4326 3484 4729
3 4729 3484 3120
3 6271 6272 6279
3 6279 6272 6276
3 6278 6277 6275
3 6275 6277 6266
3 6277 6278 6276
3 6276 6278 6279
3 6254 6279 6255
3 6255 6279 6278
3 3753 6254 3856
3 3856 6254 6255
3 3754 3753 3855
3 3855 3753 3856
3 3862 3754 3702
3 3702 3754 3855
3 3758 3862 3701
3 3701 3862 3702
3 3669 3758 3705
3 3705 3758 3701
3 3667 3669 3704
3 3704 3669 3705
3 3881 3667 3772
3 3772 3667 3704
3 3881 3772 3882
3 3882 3772 3706
3 3706 3707 3882
3 3882 3707 3879
3 3707 3709 3879
3 3879 3709 3880
3 3880 3709 5240
3 5240 3709 3708
3 5240 3708 5233
3 5233 3708 3785
3 3692 3711 3785
3 3785 3711 5233
3 4055 4051 4054
3 4054 4051 4050
3 4055 4054 4056
3 4056 4054 4053
3 3988 5235 5237
3 5237 5235 4065
3 4034 5237 4068
3 4068 5237 4065
3 6880 3961 3959
3 3959 3961 3956
3 3940 6881 4069
3 4069 6881 6882
3 4069 6882 4070
3 4070 6882 6883
3 4070 6883 4071
3 4071 6883 6884
3 6884 6885 4071
3 4071 6885 4030
3 3959 3955 6880
3 6880 3955 3954
3 6883 3990 6884
3 6884 3990 3989
3 3990 6883 6886
3 6886 6883 6882
3 6886 6887 3990
3 3990 6887 3991
3 6889 6888 6886
3 6886 6888 6887
3 6881 6889 6882
3 6882 6889 6886
3 3953 3952 5239
3 5239 3952 4057
3 6888 5238 6887
3 6887 5238 5235
3 6884 3989 6885
3 6885 3989 5236
3 6885 5236 4030
3 4030 5236 4033
3 3940 3961 6881
3 6881 3961 6880
3 6889 6881 3954
3 3954 6881 6880
3 6888 6889 3953
3 3953 6889 3954
3 3953 5239 6888
3 6888 5239 5238
3 3988 3991 5235
3 5235 3991 6887
3 4014 3887 3867
3 3867 3887 3868
3 4009 4014 4011
3 4011 4014 3867
3 4008 4009 4021
3 4021 4009 4011
3 4017 4008 4020
3 4020 4008 4021
3 3995 4000 3973
3 3973 4000 4019
3 4000 4028 4019
3 4019 4028 4020
3 4154 4085 4155
3 4155 4085 4084
3 4112 4776 4113
3 4113 4776 4775
3 4090 4093 4128
3 4128 4093 4129
3 4771 4139 4772
3 4772 4139 4138
3 5224 4149 4177
3 4177 4149 4148
3 4087 4086 4158
3 4158 4086 4159
3 4140 4178 4147
3 4147 4178 4148
3 4084 4083 4182
3 4182 4083 6314
3 4087 4158 4140
3 4140 4158 4178
3 4093 4161 4129
3 4129 4161 4191
3 5286 4197 5287
3 5287 4197 4196
3 4770 4229 4765
3 4765 4229 4228
3 4244 4245 4241
3 4241 4245 4248
3 4182 6314 4417
3 4417 6314 6313
3 4176 4679 4177
3 4177 4679 4678
3 4723 4797 4724
3 4724 4797 4270
3 5273 4728 5274
3 5274 4728 4727
3 4241 4248 4770
3 4770 4248 4229
3 5354 4798 4722
3 4722 4798 4723
3 4890 4822 6326
3 6326 4822 4823
3 4161 4160 4191
3 4191 4160 4822
3 4765 4228 4766
3 4766 4228 4892
3 4893 4894 4897
3 4897 4894 4898
3 5224 4102 4149
3 4149 4102 4105
3 4679 4893 4676
3 4676 4893 4897
3 6419 4976 5300
3 5300 4976 4975
3 4426 5225 4677
3 4677 5225 4678
3 4766 4892 5007
3 5007 4892 5227
3 5342 5285 6353
3 6353 5285 5284
3 5348 5289 5351
3 5351 5289 5288
3 5347 5294 5348
3 5348 5294 5289
3 5301 5298 4201
3 4201 5298 4975
3 4269 5310 4270
3 4270 5310 4724
3 4721 5325 4722
3 4722 5325 5324
3 4722 5324 5354
3 5354 5324 5334
3 5282 5285 4721
3 4721 5285 5325
3 5360 4796 5356
3 5356 4796 4798
3 5354 5334 5355
3 5355 5334 5358
3 4774 4773 5355
3 5355 4773 5356
3 4092 4091 5357
3 5357 4091 5358
3 6315 4739 6316
3 6316 4739 4738
3 6317 4826 6315
3 6315 4826 4739
3 6318 4827 6317
3 6317 4827 4826
3 4827 6318 6479
3 6479 6318 6319
3 6320 6484 6321
3 6321 6484 6483
3 6322 6330 6323
3 6323 6330 6486
3 6329 6330 6324
3 6324 6330 6322
3 6328 6329 6325
3 6325 6329 6324
3 5230 6328 6327
3 6327 6328 6325
3 5007 5227 4684
3 4684 5227 4823
3 4102 5224 6342
3 6342 5224 5225
3 5283 6348 4726
3 4726 6348 4727
3 6353 5284 6350
3 6350 5284 6349
3 4246 4245 6417
3 6417 4245 6364
3 6458 6400 6401
3 6401 6400 6399
3 6425 6408 4195
3 4195 6408 4196
3 5230 6327 4896
3 4896 6327 6411
3 4896 6411 4132
3 4132 6411 6412
3 4132 6412 4133
3 4133 6412 6413
3 4133 6413 4224
3 4224 6413 6414
3 4224 6414 4251
3 4251 6414 6415
3 4251 6415 4252
3 4252 6415 6416
3 4252 6416 6365
3 6365 6416 6418
3 6365 6418 4910
3 4910 6418 6420
3 6421 6422 4907
3 4907 6422 5297
3 6423 6395 6422
3 6422 6395 5297
3 6396 6424 6425
3 6425 6424 6408
3 5299 5298 6398
3 6398 5298 6399
3 6397 6400 6407
3 6407 6400 6464
3 6397 6424 6398
3 6398 6424 6423
3 5282 5310 5283
3 5283 5310 6348
3 5351 5288 6463
3 6463 5288 6464
3 6481 6491 6482
3 6482 6491 6487
3 6491 6481 6490
3 6490 6481 6485
3 6490 4894 6491
3 6491 4894 4156
3 6487 4159 6488
3 6488 4159 4086
3 6500 6501 4417
3 4417 6501 4416
3 6503 6499 6316
3 6316 6499 6313
3 3496 3495 6500
3 6500 3495 6501
3 6499 6503 3497
3 3497 6503 3498
3 4194 4197 5273
3 5273 4197 4728
3 6417 6364 6419
3 6419 6364 4976
3 6350 6349 5347
3 5347 6349 5294
3 5300 6421 6419
3 6419 6421 6420
3 4082 4085 4111
3 4111 4085 4112
3 4110 6879 4111
3 4111 6879 6319
3 4774 4091 4771
3 4771 4091 4090
3 4771 4090 4139
3 4139 4090 4128
3 4139 4128 4136
3 4136 4128 4127
3 6320 4136 6323
3 6323 4136 4127
3 6484 6320 6486
3 6486 6320 6323
3 6481 6484 6485
3 6485 6484 6486
3 4775 4778 4772
3 4772 4778 4773
3 4113 4775 4138
3 4138 4775 4772
3 4110 4113 4137
3 4137 4113 4138
3 6879 4110 6321
3 6321 4110 4137
3 6480 6879 6483
3 6483 6879 6321
3 6477 6480 6482
3 6482 6480 6483
3 6878 6342 6308
3 6308 6342 4427
3 6306 4899 4104
3 4104 4899 4105
3 6495 6494 3166
3 3166 6494 3499
3 5367 3069 6494
3 6494 3069 3499
3 4812 3500 5234
3 5234 3500 3501
3 6473 6472 3502
3 3502 6472 3023
3 6373 6473 3022
3 3022 6473 3502
3 4344 4347 1769
3 1769 4347 3503
3 4809 5234 3504
3 3504 5234 3501
3 6500 6499 3496
3 3496 6499 3497
3 3495 3074 6501
3 6501 3074 6274
3 3016 3173 4253
3 4253 3173 6298
3 4812 4813 3500
3 3500 4813 1768
3 4256 6475 3017
3 3017 6475 3505
3 6503 6498 3498
3 3498 6498 3506
3 4214 3482 4215
3 4215 3482 3029
3 6498 6332 3506
3 3506 6332 3076
3 6522 5248 3159
3 3159 5248 1783
3 6475 4239 3505
3 3505 4239 3014
3 4347 6382 3503
3 3503 6382 3507
3 4238 6476 3015
3 3015 6476 3508
3 6476 6466 3508
3 3508 6466 3027
3 5246 5245 1784
3 1784 5245 3021
3 6382 6569 3507
3 3507 6569 3160
3 3149 3148 4693
3 4693 3148 6565
3 4810 3509 4806
3 4806 3509 1326
3 4809 3504 4810
3 4810 3504 3509
3 3145 3510 4815
3 4815 3510 4349
3 3510 1807 4349
3 4349 1807 4350
3 3484 4326 3158
3 3158 4326 4329
3 1325 3511 4805
3 4805 3511 6309
3 3511 1330 6309
3 6309 1330 4687
