OFF
5000 9996 0
3.296811e-02 5.224918e-01 1.657987e-01
4.377301e-02 4.660903e-01 1.336028e-01
1.473589e-02 4.708582e-01 1.561400e-01
4.599866e-03 4.683777e-01 1.729728e-01
9.678311e-03 4.740895e-01 1.674974e-01
1.182388e-02 4.724648e-01 1.608980e-01
3.381234e-02 4.559639e-01 1.423885e-01
1.393474e-02 4.484117e-01 1.533872e-01
1.899784e-02 4.501370e-01 1.514406e-01
2.830068e-02 4.405278e-01 1.409933e-01
3.853928e-02 5.140068e-01 1.583289e-01
1.033932e-02 5.031207e-01 1.612657e-01
3.602868e-02 5.347376e-01 1.618637e-01
4.303037e-02 5.256761e-01 1.530524e-01
2.703656e-02 4.279835e-01 1.314305e-01
4.996340e-02 4.605882e-01 9.713003e-02
4.795338e-02 4.581787e-01 1.152613e-01
3.995559e-02 5.638652e-01 1.425062e-01
4.958886e-02 5.691285e-01 1.188519e-01
5.155760e-02 4.711654e-01 9.059570e-02
5.133231e-02 4.504336e-01 8.502827e-02
4.143463e-02 5.887186e-01 1.025474e-01
5.102857e-02 5.652602e-01 6.719640e-02
3.983995e-02 5.081543e-01 4.947283e-02
5.843016e-02 5.524347e-01 1.073102e-01
4.800667e-02 4.747709e-01 5.815770e-02
5.248648e-02 4.831963e-01 6.995954e-02
5.170992e-02 4.399292e-01 5.904568e-02
2.235206e-02 4.195516e-01 1.044139e-01
4.936819e-02 5.041021e-01 6.122733e-02
5.296944e-02 4.926874e-01 6.959096e-02
4.275804e-02 4.618114e-01 5.174851e-02
4.637625e-02 4.912216e-01 5.611881e-02
1.732907e-02 4.984830e-01 1.589157e-01
1.135240e-02 5.176665e-01 1.745204e-01
3.881752e-02 4.483998e-01 1.305978e-01
2.118349e-02 5.794090e-01 1.437789e-01
2.232853e-02 6.019761e-01 1.046442e-01
3.296163e-02 5.237122e-01 3.818977e-02
3.767192e-02 4.514583e-01 3.893097e-02
2.533410e-02 5.449088e-01 1.668288e-01
4.344828e-02 5.440521e-01 1.507761e-01
5.037630e-02 4.832074e-01 1.281639e-01
5.170443e-02 4.773515e-01 1.147999e-01
5.267636e-02 5.491967e-01 1.292656e-01
3.110264e-02 5.858747e-01 1.256846e-01
5.452850e-02 5.699129e-01 9.817414e-02
2.908952e-02 6.017029e-01 8.160927e-02
5.996608e-02 5.477772e-01 9.319370e-02
9.310934e-03 4.659039e-01 1.601510e-01
1.384271e-02 4.192500e-01 1.120775e-01
8.452747e-03 4.369995e-01 1.516928e-01
5.262408e-02 4.378352e-01 7.711587e-02
4.325143e-02 4.778442e-01 4.733809e-02
4.500468e-02 4.490447e-01 4.790229e-02
1.233902e-02 4.990236e-01 3.709738e-02
1.020812e-02 4.697691e-01 1.644534e-01
5.475736e-03 4.743464e-01 1.733300e-01
2.362496e-02 5.305128e-01 1.701599e-01
-1.975395e-03 5.271745e-01 1.739611e-01
4.344019e-02 4.838725e-01 1.443998e-01
3.367872e-02 4.702931e-01 1.486130e-01
2.723497e-02 5.134290e-01 1.681948e-01
2.605908e-02 4.948751e-01 1.565254e-01
7.962612e-03 5.101390e-01 1.724188e-01
3.712814e-02 4.932518e-01 1.508965e-01
5.472360e-02 5.023472e-01 7.101887e-02
5.669930e-02 5.068420e-01 7.716498e-02
5.996220e-02 5.327584e-01 9.431835e-02
5.877195e-02 5.259284e-01 1.039050e-01
5.647897e-02 5.280340e-01 1.192004e-01
5.414817e-02 4.870404e-01 1.004832e-01
5.263884e-02 4.833767e-01 8.767968e-02
5.269475e-02 4.795333e-01 9.311808e-02
5.741155e-02 5.592272e-01 8.495716e-02
4.681860e-02 5.830724e-01 7.970379e-02
3.263087e-02 5.881082e-01 6.026503e-02
4.940638e-02 5.491609e-01 5.706098e-02
5.541283e-02 5.349991e-01 6.652831e-02
3.468976e-02 5.669326e-01 4.694730e-02
5.375808e-02 5.131235e-01 1.276083e-01
5.088541e-02 5.213243e-01 5.948933e-02
5.480754e-02 5.121402e-01 6.870025e-02
1.602398e-02 5.300145e-01 2.917768e-02
5.430290e-02 4.852797e-01 9.425219e-02
5.543698e-02 5.044157e-01 1.106383e-01
6.718879e-03 4.885274e-01 1.654527e-01
3.657253e-02 4.369845e-01 1.186269e-01
1.059335e-02 4.183604e-01 1.207473e-01
2.539692e-02 4.590049e-01 1.509775e-01
5.376169e-02 4.894128e-01 1.100060e-01
3.127169e-03 5.900795e-01 1.359705e-01
4.591887e-03 6.096591e-01 8.392122e-02
1.638375e-02 4.632512e-01 1.555119e-01
4.439709e-03 4.819559e-01 1.705881e-01
1.012573e-02 4.796945e-01 1.630627e-01
1.280817e-02 5.075148e-01 1.664164e-01
2.182107e-02 5.208100e-01 1.719558e-01
2.320785e-02 5.093156e-01 3.735382e-02
2.590395e-02 4.512972e-01 3.163601e-02
2.612296e-02 5.606605e-01 1.584840e-01
2.488615e-02 4.690529e-01 3.553559e-02
1.190536e-02 5.262428e-01 1.737446e-01
1.718125e-02 5.129384e-01 1.721176e-01
2.229475e-03 4.950478e-01 1.678290e-01
2.267695e-02 4.707288e-01 1.541741e-01
3.578839e-02 4.609301e-01 4.179679e-02
2.802684e-02 4.815750e-01 1.542230e-01
3.828097e-02 5.043321e-01 1.515004e-01
4.620657e-02 4.282234e-01 8.875634e-02
4.398125e-02 4.428484e-01 1.005125e-01
6.536297e-03 5.720090e-01 1.570690e-01
4.582251e-02 5.321158e-01 5.030653e-02
3.181560e-02 5.457486e-01 3.816221e-02
1.167515e-02 6.013268e-01 6.231429e-02
5.771209e-02 5.140241e-01 1.030261e-01
5.551689e-02 4.231271e-01 7.092136e-02
4.686280e-02 4.997211e-01 1.411167e-01
4.959395e-02 4.679850e-01 6.811182e-02
5.671996e-02 5.222454e-01 7.170711e-02
2.090097e-02 5.080525e-01 1.649767e-01
1.089750e-02 5.548001e-01 3.234206e-02
5.312420e-02 4.809320e-01 1.009722e-01
1.893136e-02 4.432033e-01 1.492946e-01
5.136550e-02 4.703237e-01 1.041500e-01
1.749757e-02 4.784159e-01 1.566376e-01
3.754064e-02 4.724030e-01 4.110610e-02
1.225419e-02 4.817435e-01 3.402479e-02
3.003154e-02 4.895205e-01 4.164843e-02
7.995817e-03 4.694659e-01 1.688926e-01
1.220869e-03 4.652337e-01 1.690456e-01
1.516891e-02 4.890555e-01 1.582566e-01
5.361526e-02 4.967774e-01 1.218424e-01
8.146155e-03 4.958410e-01 1.611449e-01
1.188410e-02 4.995987e-01 1.586459e-01
3.009356e-02 5.051141e-01 1.592026e-01
6.108875e-02 5.217978e-01 9.778450e-02
6.056841e-02 5.217502e-01 9.558293e-02
5.883639e-02 5.321884e-01 1.066183e-01
6.210606e-02 5.257258e-01 9.564524e-02
6.348598e-02 5.256884e-01 9.179440e-02
6.427944e-02 5.231187e-01 8.869223e-02
6.574561e-02 5.158336e-01 8.409305e-02
6.677933e-02 5.101649e-01 8.275397e-02
6.204833e-02 5.251341e-01 8.878885e-02
5.971489e-02 5.253294e-01 9.910841e-02
5.765798e-02 5.179549e-01 1.112844e-01
5.652186e-02 5.085665e-01 1.000883e-01
5.635998e-02 5.043700e-01 9.585631e-02
5.562612e-02 5.034255e-01 9.324101e-02
5.549984e-02 5.022503e-01 1.003760e-01
5.546426e-02 4.906782e-01 9.634349e-02
5.449245e-02 4.941050e-01 1.037991e-01
5.853685e-02 5.054165e-01 8.250870e-02
6.523118e-02 4.984697e-01 8.438993e-02
5.957559e-02 4.907174e-01 9.340266e-02
5.862927e-02 5.259947e-01 8.917166e-02
5.862008e-02 5.220134e-01 8.665095e-02
6.173007e-02 5.214854e-01 8.671156e-02
6.007588e-02 4.961158e-01 8.577809e-02
6.399044e-02 4.942887e-01 8.641504e-02
5.731891e-02 5.000884e-01 8.318997e-02
6.627388e-02 5.028466e-01 8.282787e-02
6.191734e-02 5.015681e-01 8.280120e-02
6.292326e-02 5.082585e-01 8.260915e-02
6.682883e-02 5.067750e-01 8.252798e-02
6.200014e-02 5.181987e-01 8.508450e-02
6.285547e-02 5.141780e-01 8.362333e-02
6.309555e-02 5.024455e-01 8.695009e-02
6.044662e-02 4.958736e-01 9.270549e-02
5.642768e-02 4.954336e-01 9.624335e-02
5.894304e-02 5.016372e-01 9.052836e-02
5.922229e-02 5.078331e-01 8.828413e-02
5.571114e-02 5.059823e-01 9.085493e-02
6.624804e-02 5.130788e-01 8.310845e-02
6.512632e-02 5.125282e-01 8.570714e-02
6.247021e-02 5.195252e-01 8.974016e-02
6.388758e-02 5.165790e-01 8.721441e-02
6.003948e-02 5.188550e-01 9.795175e-02
2.030499e-02 3.904944e-01 8.526076e-02
6.187502e-02 5.228066e-01 9.360085e-02
6.473906e-02 5.207235e-01 8.669043e-02
6.527448e-02 5.183918e-01 8.497503e-02
5.780056e-02 5.112345e-01 8.940171e-02
6.437372e-02 5.072777e-01 8.588596e-02
5.592984e-02 5.077823e-01 9.516387e-02
6.832068e-02 3.954320e-01 6.526069e-02
7.745918e-02 3.614480e-01 8.499944e-02
6.428997e-02 3.138941e-01 1.016361e-01
9.435952e-02 4.074049e-01 5.037655e-02
1.193862e-01 2.627435e-01 8.888207e-02
1.315656e-01 2.130985e-01 2.460445e-02
1.290586e-01 2.046245e-01 1.486419e-02
1.884039e-01 2.265459e-01 4.574195e-02
1.157636e-01 1.286413e-01 3.973118e-02
1.375613e-01 3.024825e-01 9.384727e-02
1.425663e-01 2.409675e-01 2.490605e-02
1.497199e-01 2.482240e-01 1.076971e-02
1.480185e-01 2.491988e-01 1.978052e-02
1.400377e-01 2.334325e-01 2.039864e-02
1.361952e-01 2.239125e-01 2.167174e-02
1.244160e-01 3.073079e-01 1.015523e-01
9.185077e-02 2.192447e-01 8.499532e-02
7.794590e-02 3.398480e-01 9.331401e-02
1.493253e-01 2.942276e-01 6.232751e-02
1.504581e-01 2.995929e-01 6.782336e-02
8.824600e-02 1.204556e-01 8.839461e-02
1.501907e-01 3.033710e-01 7.149177e-03
5.419544e-02 2.418050e-01 1.101383e-01
5.016178e-02 3.359851e-01 9.191056e-02
5.885462e-02 3.899428e-01 7.038372e-02
1.401842e-01 2.895297e-01 8.232118e-02
1.275715e-01 3.577072e-01 -3.139868e-02
1.083827e-01 3.939291e-01 5.462636e-02
1.569157e-01 2.998882e-01 -1.814660e-02
1.600242e-01 3.032607e-01 -2.128577e-02
1.272771e-01 2.377921e-01 -2.648648e-02
1.358849e-01 2.473222e-01 -2.503667e-02
7.467730e-02 3.752126e-01 -3.413306e-02
1.526975e-01 2.547437e-01 5.188279e-03
1.514141e-01 2.543313e-01 -2.792054e-03
1.489635e-01 2.478598e-01 1.810671e-03
1.543073e-01 2.781441e-01 9.536576e-03
1.554348e-01 2.798686e-01 8.667003e-04
7.152166e-02 4.153562e-01 -2.941945e-03
4.447929e-02 2.836330e-01 -5.663991e-02
1.565175e-01 3.029973e-01 -1.175948e-02
1.559101e-01 2.950711e-01 -2.189076e-02
1.561206e-01 2.902123e-01 -1.752032e-02
1.481576e-01 2.640833e-01 -1.981357e-02
1.438619e-01 2.622891e-01 -2.527303e-02
4.503032e-02 2.303031e-01 -5.200316e-02
4.410952e-02 2.134710e-01 -4.933637e-02
1.431749e-01 2.991883e-01 3.786471e-02
1.422028e-01 2.938868e-01 3.403024e-02
1.421705e-01 2.928150e-01 3.990127e-02
1.847502e-01 2.990042e-01 -2.555371e-02
1.423360e-01 2.737317e-01 2.711189e-02
1.432910e-01 2.683736e-01 1.890032e-02
1.424409e-01 2.768868e-01 1.845012e-02
1.121396e-01 4.113722e-01 3.018055e-02
1.494738e-01 2.879027e-01 -1.184394e-02
1.530671e-01 2.808382e-01 -1.922738e-02
1.507727e-01 2.817464e-01 -1.617721e-02
1.911084e-01 2.100521e-01 4.204047e-02
1.563630e-01 2.499858e-01 -2.212485e-02
1.479632e-01 2.575074e-01 -6.867549e-03
1.511873e-01 2.519849e-01 -1.308713e-02
1.177095e-01 2.238480e-01 -2.408899e-02
1.120844e-01 1.255166e-01 1.859099e-02
5.778025e-02 4.345591e-01 2.368992e-02
1.224294e-01 1.212156e-02 3.048154e-02
1.194199e-01 3.703731e-02 2.702131e-02
7.891727e-02 4.217930e-01 4.783957e-02
1.194398e-01 3.054553e-02 5.149874e-02
4.317772e-02 4.427424e-01 3.204947e-02
1.138282e-01 9.989741e-02 2.370944e-02
5.026783e-02 -5.640462e-02 -5.926975e-02
4.710308e-02 3.746708e-02 -6.232528e-02
1.141932e-01 1.044455e-01 4.043799e-02
1.222577e-01 -1.207180e-01 3.444944e-02
6.699204e-02 9.342135e-02 9.936020e-02
4.812293e-03 -1.908111e-02 1.081163e-01
1.006211e-01 1.002459e-02 8.296450e-02
4.743095e-02 -7.029281e-02 -4.633314e-02
1.144613e-01 -1.244881e-01 5.671388e-02
6.998396e-02 -1.372824e-01 8.283568e-02
7.869168e-02 -1.194888e-01 8.599168e-02
8.196215e-03 -7.005816e-02 8.366418e-02
1.162157e-03 -7.809165e-02 6.676218e-02
-1.845764e-03 -8.017302e-02 7.416432e-02
8.462824e-02 1.112092e-01 -1.881644e-02
5.469131e-02 3.545229e-01 -4.060505e-02
4.177780e-02 -1.006524e-01 -4.604616e-02
7.682925e-02 -1.132591e-01 -5.043422e-02
1.145108e-01 -1.210447e-01 -2.339341e-02
1.221221e-01 -1.361766e-01 1.782237e-02
6.669369e-02 -1.596730e-01 7.704349e-02
1.184591e-02 -1.342897e-01 4.006050e-02
9.592648e-03 -1.245619e-01 4.207768e-02
1.412963e-02 -1.228648e-01 4.990383e-02
4.074132e-02 -3.383444e-02 9.872495e-02
4.997502e-02 -2.104194e-02 1.004503e-01
4.399651e-02 1.075988e-01 1.034623e-01
5.816700e-02 2.227597e-01 9.954285e-02
1.227113e-01 3.006069e-03 4.957112e-02
3.690175e-03 -1.013239e-01 -1.260005e-02
5.592992e-03 -1.103845e-01 -2.063861e-02
1.210609e-02 -1.150279e-01 -3.020282e-02
1.131533e-01 1.048459e-02 6.711097e-02
1.141779e-01 1.160691e-01 5.579657e-02
1.225728e-01 2.105019e-01 5.690284e-02
1.256051e-01 -9.701179e-02 1.789434e-02
1.228504e-01 -1.132234e-01 -4.324613e-04
7.090579e-02 -2.056655e-01 6.233219e-02
8.888355e-03 -1.586721e-01 1.048797e-02
1.288519e-02 -1.705984e-01 1.326966e-02
1.094744e-02 -1.684409e-01 3.915625e-04
1.614189e-02 -2.086528e-01 5.189647e-04
1.670908e-02 -2.179656e-01 -1.428453e-02
9.117503e-02 -1.585702e-01 7.182781e-02
1.090000e-01 -1.959965e-01 3.811829e-02
9.801154e-02 -1.030956e-01 -3.882879e-02
2.596271e-03 -1.275329e-01 2.219479e-02
2.048215e-03 -1.200714e-01 2.534954e-02
2.768845e-03 -1.145340e-01 3.170187e-02
5.634915e-03 -1.245487e-01 3.297076e-02
2.002740e-02 -1.618994e-01 -3.620777e-02
1.153136e-01 -1.733340e-01 -2.278912e-02
1.158403e-01 -1.890332e-01 1.353217e-02
9.888011e-02 -2.425528e-01 2.756653e-02
1.084099e-01 -2.314339e-01 1.211913e-02
1.130244e-01 -2.191333e-01 -9.420898e-03
1.118593e-01 -2.115397e-01 -3.191943e-02
9.720968e-02 -2.067816e-01 -5.368202e-02
7.598510e-02 -1.942919e-01 -6.293788e-02
5.742720e-02 -2.897976e-01 -7.278965e-02
7.601079e-02 -2.772582e-01 -6.787671e-02
9.837983e-02 -2.797463e-01 -5.177657e-02
1.024271e-01 -2.980115e-01 -5.061344e-02
1.081248e-01 -2.970012e-01 -3.275737e-02
1.014658e-01 -2.968523e-01 -1.423167e-02
2.430627e-02 -2.932775e-01 -4.893998e-02
3.282348e-02 -3.051027e-01 -2.914821e-03
1.092811e-01 -2.436790e-01 -7.273413e-03
1.030375e-01 -2.579784e-01 7.432166e-03
4.336350e-02 -2.168348e-01 -5.861180e-02
1.694672e-02 -2.391427e-01 -2.289640e-02
5.995080e-02 -2.847242e-01 2.842645e-02
1.075680e-01 -2.809470e-01 -2.101185e-02
1.017758e-01 -2.655224e-01 -4.460863e-02
1.075597e-01 -2.803456e-01 -3.713951e-02
6.486274e-02 -2.562739e-01 -6.740005e-02
4.532820e-02 -2.636587e-01 -6.760306e-02
6.354338e-02 -3.140665e-01 1.549285e-02
7.483856e-02 -3.257394e-01 7.825251e-03
4.642928e-02 -3.282971e-01 -1.858775e-03
9.113064e-02 -3.061132e-01 -6.701653e-02
1.016701e-01 -3.123761e-01 -2.147540e-02
7.168163e-02 -3.408213e-01 1.949892e-03
3.448509e-02 -3.341140e-01 -6.210120e-02
5.599571e-02 -3.201127e-01 -8.074389e-02
7.675598e-02 -3.136438e-01 -7.903162e-02
9.176246e-02 -3.255920e-01 -7.488019e-02
1.067672e-01 -3.310749e-01 -3.806974e-02
1.017703e-01 -3.444797e-01 -2.483891e-02
8.079538e-02 -3.714136e-01 -8.804900e-03
9.726493e-02 -3.788295e-01 -1.747536e-02
8.918656e-02 -3.441719e-01 -8.459372e-03
9.530151e-02 -3.597612e-01 -1.447163e-02
5.907057e-02 -4.667758e-01 -2.917392e-02
3.316830e-02 -3.529171e-01 -5.432810e-02
5.901300e-02 -3.396546e-01 -9.002618e-02
1.123327e-01 -3.915921e-01 -5.214834e-02
2.096844e-02 -4.286540e-01 -7.431616e-02
5.642821e-02 -4.024315e-01 -1.076813e-01
1.060687e-01 -4.306446e-01 -5.164595e-02
9.917478e-02 -4.216220e-01 -2.928885e-02
8.286536e-02 -4.142398e-01 -1.604091e-02
6.564317e-02 -4.226476e-01 -1.832954e-02
3.359554e-02 -4.846028e-01 -9.821197e-02
2.414076e-02 -4.731808e-01 -8.497017e-02
5.025808e-02 -4.486032e-01 -1.076099e-01
9.878633e-02 -4.711124e-01 -7.332195e-02
9.073385e-02 -5.034965e-01 -7.592955e-02
7.187099e-02 -5.101989e-01 -4.107084e-02
5.990517e-02 -5.003048e-01 -3.648460e-02
5.343087e-02 -5.160400e-01 -4.099688e-02
2.436657e-02 -5.116390e-01 -7.879402e-02
4.433579e-02 -5.050786e-01 -1.066471e-01
6.168510e-02 -5.082744e-01 -1.082822e-01
8.527520e-02 -5.150814e-01 -8.726674e-02
8.803315e-02 -5.137724e-01 -6.466351e-02
8.406582e-02 -5.283372e-01 -7.387822e-02
7.013572e-02 -5.253024e-01 -4.481764e-02
8.170129e-02 -5.191936e-01 -5.311653e-02
5.583438e-02 -5.338545e-01 -4.356931e-02
9.254853e-04 -8.733658e-02 2.202919e-03
2.911074e-03 -8.754095e-02 -4.401872e-03
-1.029187e-03 -8.779139e-02 1.348811e-02
-4.902143e-04 -8.212090e-02 4.067341e-03
1.161294e-04 -8.982266e-02 7.925419e-03
1.909248e-02 -1.731839e-01 3.223434e-02
1.344411e-02 -1.631246e-01 2.316149e-02
1.636078e-02 -1.569545e-01 3.581458e-02
1.738352e-02 -2.162619e-01 1.507984e-02
1.623166e-02 -2.291501e-01 7.771015e-03
1.581609e-02 -2.368210e-01 -4.621319e-03
2.189827e-02 -2.849229e-01 -3.339649e-02
3.165189e-02 -3.304237e-01 -4.385483e-02
3.199134e-02 -3.766123e-01 -5.175101e-02
2.301334e-02 -4.126813e-01 -6.597091e-02
2.614580e-02 -4.999805e-01 -6.387246e-02
2.234924e-02 -4.775290e-01 -6.669369e-02
2.391591e-02 -4.915432e-01 -8.092456e-02
2.560734e-02 -6.824694e-02 7.869542e-02
3.200082e-02 -7.297943e-02 8.192210e-02
3.773488e-02 -8.028491e-02 8.423558e-02
7.511238e-02 -2.975465e-01 1.734625e-02
7.965629e-02 -3.108774e-01 8.511353e-03
1.093575e-01 -2.604557e-01 -2.946071e-02
9.215727e-02 -2.338342e-01 -5.627656e-02
1.814226e-02 -2.617627e-01 -2.744932e-02
2.803736e-02 -2.742611e-01 1.880810e-02
9.776281e-02 -3.292613e-01 -1.771695e-02
8.562352e-02 -3.305534e-01 -1.952012e-03
1.074210e-01 -3.142798e-01 -3.930059e-02
2.977250e-02 -3.139828e-01 -5.426844e-02
2.732980e-02 -3.099950e-01 -3.682889e-02
5.287023e-02 -4.019893e-01 -2.266989e-02
6.624781e-02 -3.776970e-01 -1.075007e-02
1.064909e-01 -4.033184e-01 -3.617327e-02
1.071797e-01 -3.826566e-01 -3.291696e-02
9.564933e-02 -3.456677e-01 -8.129981e-02
8.961280e-02 -3.720459e-01 -9.643903e-02
3.499356e-02 -2.354541e-01 3.927007e-02
1.132558e-01 2.425421e-01 7.932047e-02
1.279974e-01 2.517994e-01 6.346237e-02
1.432401e-01 2.899353e-01 6.370571e-02
1.469413e-01 2.948333e-01 6.106552e-02
1.659397e-02 -3.015712e-02 1.078950e-01
3.171241e-02 -2.050442e-02 1.041160e-01
1.639133e-04 -7.702649e-02 8.193093e-02
-9.883866e-03 -8.001339e-02 8.649112e-02
-7.815161e-03 -8.448662e-02 5.966363e-02
-1.833995e-03 -8.234907e-02 6.190627e-02
5.774921e-02 2.130801e-01 -5.171004e-02
2.414625e-02 4.270702e-01 9.092214e-03
-1.456639e-03 -8.255532e-02 3.912007e-02
-1.618202e-03 -8.297586e-02 3.437674e-02
2.468047e-03 -9.448811e-02 4.533671e-02
3.457489e-03 -8.743184e-02 4.957782e-02
6.043036e-03 -9.389885e-02 5.276497e-02
1.222573e-01 -9.311421e-02 4.293065e-02
8.550404e-02 -7.753143e-02 -4.499825e-02
6.077069e-02 2.793444e-01 -5.844188e-02
7.878210e-02 4.045888e-01 5.821554e-02
1.500220e-01 3.782707e-01 -4.162541e-03
5.055184e-02 1.552689e-01 -4.080588e-02
9.332300e-02 2.639420e-01 -5.333124e-02
1.837816e-01 2.536142e-01 -3.358930e-02
1.159192e-01 -9.141458e-02 -2.124842e-02
1.086792e-01 1.060062e-01 5.881094e-03
1.020834e-01 1.250260e-01 -1.758396e-03
1.304040e-01 2.140903e-01 6.991798e-04
1.272313e-01 2.200556e-01 -1.039687e-02
1.296916e-01 2.312386e-01 -1.693339e-02
1.343437e-01 2.312332e-01 -8.989854e-03
1.362139e-01 2.399927e-01 -1.683114e-02
1.505255e-01 2.619481e-01 -1.345100e-02
1.463510e-01 2.565977e-01 -1.812411e-02
1.484542e-01 2.540102e-01 -1.098481e-02
1.560074e-01 2.843031e-01 -1.116999e-02
1.573050e-01 2.912719e-01 -1.168658e-02
1.555137e-01 3.020967e-01 -8.518159e-03
1.188314e-02 -9.452032e-02 5.991830e-02
1.767119e-02 -9.113595e-02 6.676838e-02
1.796089e-02 -8.165181e-02 6.988891e-02
1.635066e-02 -6.459205e-02 8.353604e-02
1.510042e-02 -6.536632e-02 9.115031e-02
2.251817e-02 -6.075798e-02 8.880951e-02
1.712601e-02 -5.849731e-02 1.001464e-01
4.677105e-02 -2.426405e-01 -6.425140e-02
2.888890e-02 -9.656586e-02 -3.852948e-02
1.567900e-02 -1.020335e-01 -3.141009e-02
2.539262e-02 -1.096965e-01 -4.031493e-02
-6.502912e-03 -8.245917e-02 4.146929e-02
-6.009134e-03 -8.449350e-02 5.377395e-02
1.472552e-01 2.819017e-01 -8.412736e-03
1.446931e-01 2.869446e-01 5.827753e-03
1.452881e-01 2.819812e-01 -6.462924e-04
1.527561e-01 2.936541e-01 1.198178e-02
1.559457e-01 2.921350e-01 -3.837439e-04
1.542743e-01 2.937726e-01 5.868929e-03
1.579751e-01 2.998466e-01 -1.363799e-02
1.524598e-01 3.028936e-01 7.821946e-02
1.040656e-01 3.396791e-01 9.377997e-02
7.818294e-02 3.863358e-01 6.792260e-02
7.940697e-02 3.762184e-01 7.703949e-02
6.388785e-02 3.726684e-01 8.130747e-02
3.962571e-02 3.569084e-01 8.634403e-02
3.685845e-02 4.157837e-01 -2.773491e-03
9.027150e-02 3.923228e-01 6.050688e-02
5.762333e-02 4.034430e-01 7.028697e-02
4.857709e-02 3.951351e-01 7.587188e-02
2.086014e-01 2.181932e-01 3.518370e-02
5.481037e-02 4.391926e-01 4.150538e-02
1.427268e-01 3.828489e-01 6.813183e-02
2.043105e-02 4.062325e-01 9.554824e-02
1.219224e-01 -6.503193e-02 5.004524e-02
9.003946e-02 -2.978024e-01 6.617637e-04
2.547640e-02 1.566414e-01 1.038984e-01
3.534449e-02 3.984698e-01 8.462273e-02
-4.958361e-04 -3.612883e-02 1.116901e-01
1.865201e-01 2.876795e-01 5.603369e-02
1.437163e-01 2.904143e-01 5.705705e-02
1.393163e-01 2.844537e-01 5.760343e-02
3.593026e-02 2.256899e-01 1.050446e-01
-5.530061e-03 -8.194644e-02 3.655064e-02
9.846173e-04 -1.039401e-01 8.857479e-03
1.086777e-03 -1.055162e-01 -6.989878e-04
1.081831e-03 -9.657794e-02 3.897188e-03
1.158546e-04 -1.034207e-01 1.755261e-02
4.450852e-03 -1.084198e-01 4.174745e-02
1.700517e-03 -1.012292e-01 4.017685e-02
9.761558e-03 -1.136326e-01 4.843697e-02
5.937966e-03 -1.164355e-01 3.944675e-02
2.061354e-02 -8.955588e-02 -3.027417e-02
2.213349e-02 -7.867843e-02 -2.876267e-02
8.223756e-03 -8.584761e-02 -1.607415e-02
1.588514e-02 -7.817431e-02 -2.414772e-02
1.115301e-02 -7.822258e-02 -1.867218e-02
-4.780522e-04 -7.506609e-02 -1.169126e-02
2.896546e-02 -1.358192e-01 6.379309e-02
1.876987e-02 -1.344760e-01 5.103562e-02
2.668404e-02 -1.818237e-01 4.448476e-02
2.373384e-02 -1.645701e-01 4.589424e-02
2.376745e-02 -2.242503e-01 3.021324e-02
2.165841e-02 -2.400161e-01 2.164119e-02
1.961283e-02 -2.542760e-01 1.181134e-02
1.972256e-02 -2.716808e-01 1.511451e-03
2.128554e-02 -2.822518e-01 -1.522357e-02
2.797574e-02 -3.025128e-01 -2.071260e-02
3.508578e-02 -3.262567e-01 -2.532176e-02
3.743489e-02 -3.455002e-01 -3.247527e-02
3.749205e-02 -3.652390e-01 -3.853482e-02
3.849882e-02 -4.091547e-01 -3.772780e-02
3.108434e-02 -4.693632e-01 -5.006807e-02
2.271524e-02 -4.599272e-01 -5.915650e-02
2.817991e-02 -5.205283e-01 -6.273417e-02
1.476530e-01 2.455846e-01 5.433255e-03
1.487522e-01 2.450896e-01 1.349718e-02
1.519265e-01 2.298320e-01 1.097871e-02
1.495587e-01 2.381259e-01 7.065205e-03
1.593632e-01 2.155187e-01 -1.311121e-02
1.537714e-01 2.271813e-01 -6.903815e-03
1.661136e-01 2.199115e-01 -2.528874e-02
1.943067e-01 2.336106e-01 -3.336769e-02
1.642033e-01 2.094360e-01 2.832386e-02
1.604035e-01 2.212091e-01 2.786150e-02
1.725521e-01 2.154483e-01 3.927073e-02
1.997902e-01 2.895631e-01 4.263225e-02
2.012690e-01 2.545166e-01 3.562100e-02
1.472815e-01 2.606245e-01 3.040477e-02
1.475060e-01 2.559551e-01 3.363216e-02
1.528812e-01 2.483840e-01 3.742966e-02
1.493552e-01 2.566677e-01 4.056475e-02
1.532765e-01 2.580315e-01 -1.928689e-02
1.582877e-01 2.596133e-01 -2.553408e-02
1.719906e-01 2.774436e-01 5.967560e-02
1.419199e-01 2.893480e-01 7.232466e-02
1.522457e-01 2.766721e-01 1.813099e-02
9.549989e-02 2.400347e-01 9.283257e-02
1.396876e-01 2.423872e-01 3.441722e-02
1.446702e-01 2.551719e-01 3.412011e-02
1.406500e-01 2.503514e-01 3.854055e-02
8.834391e-02 1.924526e-01 8.546324e-02
5.912663e-02 3.556174e-01 8.565492e-02
3.996633e-02 3.849289e-01 7.890224e-02
1.379686e-01 2.258864e-01 1.169748e-02
1.397855e-01 2.325841e-01 4.781450e-03
1.391395e-01 2.345169e-01 -2.888978e-03
1.339054e-01 2.162820e-01 1.214764e-02
1.352275e-01 2.247195e-01 1.226891e-04
1.739069e-01 2.631810e-01 5.598742e-02
1.609344e-01 2.852803e-01 -2.638623e-02
1.156513e-01 2.927102e-01 -5.044337e-02
2.077165e-01 2.876661e-01 2.178491e-02
1.256764e-01 -1.037971e-02 2.034336e-02
9.432042e-02 9.738758e-02 8.604649e-02
4.123388e-02 -7.622829e-03 1.020001e-01
1.977665e-02 -1.197400e-01 5.888044e-02
6.279546e-03 -1.027493e-01 4.921825e-02
1.319201e-02 -1.072198e-01 5.651168e-02
5.241042e-03 -7.321136e-02 7.227351e-02
2.077039e-01 3.026636e-01 2.897334e-02
1.109500e-03 -1.122143e-01 5.689336e-03
2.473226e-04 -1.173666e-01 -2.366269e-03
1.487251e-03 -1.103754e-01 -9.625103e-03
-1.291994e-04 -1.266133e-01 3.700932e-04
1.258032e-01 -1.896198e-02 4.447679e-02
1.384132e-02 -1.457333e-01 -3.128279e-02
1.203777e-02 -1.628510e-01 -1.874722e-02
6.364854e-02 -1.537780e-01 -5.996077e-02
8.843002e-02 -1.556388e-01 -5.474544e-02
1.185598e-01 -1.679332e-01 2.642907e-03
5.553082e-02 -2.014038e-01 -6.186808e-02
4.887722e-02 -2.660628e-01 3.523214e-02
2.641332e-02 -2.898424e-01 3.295679e-03
5.850714e-02 -2.738448e-01 -7.006594e-02
8.163099e-02 -2.480983e-01 4.029340e-02
1.110820e-01 -2.395409e-01 -2.661364e-02
7.850746e-02 -2.156712e-01 -6.315612e-02
6.203740e-02 -2.282933e-01 -6.515159e-02
7.197399e-02 -2.982848e-01 -7.429810e-02
6.995887e-02 -3.260221e-01 -8.661339e-02
7.942592e-02 -3.525813e-01 -9.351461e-02
5.116070e-02 -4.213229e-01 -2.604723e-02
7.706281e-02 -3.911945e-01 -1.053482e-01
5.298211e-02 -3.800335e-01 -1.013899e-01
8.985561e-02 -4.264590e-01 -1.034199e-01
1.028771e-01 -3.913464e-01 -9.178693e-02
9.748478e-02 -4.408509e-01 -3.549964e-02
9.379302e-02 -4.593016e-01 -3.991773e-02
4.336660e-02 -4.942521e-01 -4.272745e-02
7.036807e-02 -4.618738e-01 -1.072159e-01
6.652449e-02 -4.856713e-01 -1.075459e-01
8.203080e-02 -4.781669e-01 -1.024141e-01
9.103408e-02 -4.596210e-01 -9.850252e-02
9.001461e-02 -4.980038e-01 -5.676357e-02
8.197101e-02 -4.968133e-01 -4.227494e-02
3.765874e-02 -5.101601e-01 -4.952947e-02
4.944287e-02 -4.888524e-01 -1.068828e-01
-2.407906e-04 -9.949949e-02 3.119016e-02
-3.425732e-04 -9.257161e-02 3.118378e-02
4.719536e-05 -9.472375e-02 3.749361e-02
1.011333e-03 -8.913337e-02 4.106531e-02
-2.904434e-03 -7.620133e-02 -1.815317e-02
1.886477e-02 -7.161251e-02 -3.641991e-02
1.115515e-01 -7.611327e-02 6.916334e-02
5.336328e-02 -3.523400e-02 9.361385e-02
3.633425e-02 -5.076291e-02 8.938862e-02
2.679329e-02 -5.539028e-02 9.375606e-02
3.352087e-02 -4.537072e-02 9.721650e-02
1.075685e-01 -2.622235e-01 -1.183845e-02
1.008432e-01 -2.797024e-01 -4.576410e-03
1.014283e-01 -2.486542e-01 -4.490413e-02
1.648962e-02 -2.554607e-01 -7.763563e-03
4.140316e-02 -1.564433e-01 -5.453807e-02
7.339893e-02 1.403562e-01 9.168027e-02
1.165891e-01 1.634549e-01 2.601550e-02
7.082650e-02 1.933948e-01 -4.500820e-02
-3.367864e-03 -8.194598e-02 5.154832e-02
-5.281894e-03 -8.357947e-02 4.789712e-02
2.577217e-02 -7.810158e-02 7.692485e-02
2.845268e-02 -9.061524e-02 7.632995e-02
4.275122e-02 -9.439614e-02 8.494100e-02
5.700066e-02 -8.793940e-02 9.147515e-02
9.942252e-02 -1.113399e-01 7.777853e-02
1.267685e-01 -7.856842e-02 3.818058e-04
6.597924e-02 -6.990468e-02 -4.922862e-02
1.433722e-01 2.797960e-01 9.841222e-03
1.433436e-01 2.866607e-01 1.489217e-02
1.539799e-01 3.147344e-01 -3.044424e-02
2.109885e-01 2.709531e-01 1.866060e-02
1.469226e-01 2.655590e-01 -6.631998e-03
1.477528e-01 2.511566e-01 -2.473705e-03
1.457721e-01 2.588444e-01 1.203482e-03
1.890806e-01 2.733624e-01 4.901410e-02
1.555950e-01 2.639667e-01 5.332781e-02
1.518354e-01 2.584255e-01 4.716610e-02
1.980997e-01 3.242522e-01 5.698818e-02
2.010498e-01 2.725026e-01 3.492891e-02
8.619791e-02 -6.582167e-03 9.164894e-02
-4.342271e-04 -7.629041e-02 -5.649436e-03
-1.823533e-03 -7.735670e-02 -5.721864e-04
1.129029e-02 -6.766086e-02 7.459996e-02
3.140084e-02 -1.989121e-01 -4.760947e-02
2.148807e-02 -2.277167e-01 -3.686970e-02
2.171994e-02 -2.704131e-01 -4.576368e-02
4.163377e-02 -2.831483e-01 -6.971758e-02
3.321392e-02 -2.983981e-01 -6.472593e-02
5.041494e-02 -3.040469e-01 -7.380220e-02
3.783063e-02 -3.968858e-01 -9.679671e-02
3.417401e-02 -4.386145e-01 -1.015799e-01
2.991516e-02 -5.030273e-01 -9.485836e-02
1.969266e-03 -9.637414e-02 -4.349323e-03
4.735626e-03 -9.197453e-02 -1.242100e-02
8.648836e-03 -9.705845e-02 -2.247739e-02
1.349018e-02 -8.745535e-02 -2.372335e-02
5.770954e-03 -7.752505e-02 -1.369891e-02
3.349148e-03 -8.182558e-02 -8.117295e-03
-2.851946e-03 -8.004076e-02 2.136936e-02
1.201412e-01 3.807230e-01 6.747505e-02
1.448161e-01 2.907833e-01 4.345060e-02
1.466855e-01 2.891502e-01 3.430372e-02
1.541574e-01 2.790813e-01 5.920853e-02
1.588929e-01 2.720993e-01 5.818885e-02
3.461782e-02 -6.079417e-02 -5.569539e-02
5.524752e-02 -8.742444e-02 -4.627772e-02
4.047959e-02 -8.756270e-02 -4.235727e-02
3.331903e-02 -1.053404e-01 7.683490e-02
2.872024e-02 -1.190938e-01 6.884891e-02
2.127109e-02 -1.042835e-01 6.613437e-02
1.440209e-01 2.780346e-01 4.785375e-02
1.418878e-01 2.835831e-01 4.577690e-02
1.483513e-01 2.728288e-01 5.323085e-02
1.474448e-01 2.812151e-01 5.627863e-02
2.542183e-01 7.954158e-02 3.719431e-02
2.093521e-01 6.685186e-02 1.917744e-02
2.433469e-01 6.776997e-02 4.495183e-02
1.840463e-01 1.373983e-01 7.223201e-03
2.134518e-01 1.240933e-01 3.074771e-02
2.519729e-01 1.294047e-01 2.360247e-02
2.370873e-01 4.122952e-02 -1.853039e-03
2.187047e-01 6.268781e-02 3.203578e-02
2.008580e-01 9.399965e-02 1.822326e-02
2.463317e-01 1.157845e-01 3.331617e-02
2.625572e-01 9.754393e-02 1.626579e-02
1.843954e-01 1.217664e-01 -2.538781e-03
2.040840e-01 1.009489e-01 -2.404044e-02
2.365346e-01 1.557466e-01 2.743804e-02
2.408640e-01 1.640713e-01 -8.619979e-03
1.921227e-01 1.336695e-01 -2.963735e-02
1.774319e-01 1.686133e-01 1.322493e-02
2.206275e-01 1.413927e-01 -3.683758e-02
2.071819e-01 1.644485e-01 2.124857e-02
1.835449e-01 1.483221e-01 -2.689279e-02
2.450835e-01 1.614592e-01 1.672734e-02
1.727370e-01 1.818199e-01 -1.908784e-02
1.751682e-01 1.822666e-01 2.247754e-02
2.286778e-01 2.100592e-01 1.012713e-02
2.336878e-01 1.955649e-01 6.427868e-03
1.666424e-01 1.945485e-01 2.119786e-02
1.917410e-01 1.904430e-01 3.576808e-02
2.221702e-01 1.963416e-01 2.526196e-02
1.660442e-01 1.994578e-01 -1.596840e-02
1.773586e-01 1.538713e-01 2.862747e-03
2.507245e-01 5.068383e-02 -4.341133e-03
2.327739e-01 1.028315e-01 3.966441e-02
2.225494e-01 1.508776e-01 2.920318e-02
2.354222e-01 1.589929e-01 -2.090655e-02
2.187031e-01 1.751659e-01 2.490867e-02
2.337835e-01 1.885076e-01 -1.075139e-02
2.077342e-01 1.849811e-01 3.121832e-02
2.064950e-01 1.941396e-01 -3.685157e-02
2.218013e-01 2.211048e-01 2.055259e-02
2.052644e-01 2.164811e-01 -3.311427e-02
1.786691e-01 1.399790e-01 -1.051812e-02
2.106980e-01 5.991611e-02 5.266253e-03
2.664347e-01 6.777547e-02 8.471127e-03
2.510463e-01 1.076739e-01 -1.376900e-02
1.916790e-01 1.621796e-01 -3.688436e-02
2.110054e-01 1.589347e-01 -4.118018e-02
1.622459e-01 1.969429e-01 7.807944e-03
1.601036e-01 2.053891e-01 1.690754e-02
2.407054e-01 1.754865e-01 -4.644159e-03
2.636007e-01 8.285809e-02 2.341975e-02
2.555121e-01 6.867974e-02 -6.419692e-03
1.569578e-01 2.102508e-01 6.624406e-03
1.604680e-01 2.034934e-01 -4.214740e-03
1.776493e-01 1.991422e-01 -2.879129e-02
2.261041e-01 2.242808e-01 -5.814090e-03
2.045739e-01 1.531714e-01 2.045995e-02
1.909660e-01 1.774161e-01 2.882889e-02
2.037063e-01 1.733483e-01 2.617947e-02
1.804367e-01 1.693272e-01 -2.811560e-02
2.075947e-01 2.017746e-01 3.551240e-02
2.309231e-01 7.927637e-02 -2.093762e-02
2.191203e-01 4.600000e-02 5.626426e-03
1.761166e-01 1.991857e-01 3.437734e-02
2.083931e-01 1.335544e-01 -3.591408e-02
2.415231e-01 1.728324e-01 1.230224e-02
2.294052e-01 2.052696e-01 -9.530624e-03
2.498198e-01 1.529149e-01 7.388081e-03
2.458118e-01 1.526485e-01 -5.509723e-03
1.328145e-01 2.230874e-01 3.399894e-02
1.281399e-01 2.244332e-01 4.866221e-02
1.470691e-01 2.770475e-01 3.156110e-02
1.496717e-01 2.804408e-01 2.583451e-02
1.455251e-01 3.053644e-01 3.111044e-02
1.461422e-01 2.577868e-01 2.603512e-02
1.483972e-01 2.503395e-01 2.183915e-02
1.497261e-01 2.501009e-01 2.985353e-02
1.443164e-01 2.477416e-01 2.921997e-02
1.559089e-01 2.334515e-01 2.719899e-02
1.514892e-01 2.422695e-01 2.272030e-02
1.516723e-01 2.362307e-01 1.653013e-02
1.327465e-01 2.645950e-01 5.889640e-02
1.343642e-01 2.554477e-01 5.302123e-02
1.513849e-01 2.917585e-01 1.851510e-02
1.466722e-01 2.942607e-01 3.762271e-02
1.714873e-01 1.696127e-01 -4.265248e-03
2.003376e-01 8.875971e-02 -1.094600e-02
1.668984e-01 1.846756e-01 1.450646e-03
1.233198e-01 2.332163e-01 6.359349e-02
5.995736e-02 5.359558e-01 8.395531e-02
6.203995e-02 4.286665e-01 5.349828e-02
6.031859e-02 5.383253e-01 9.077037e-02
5.619456e-02 4.888701e-01 9.327964e-02
4.882801e-02 4.527305e-01 6.642409e-02
5.183176e-02 4.651636e-01 8.126032e-02
5.258759e-02 4.776628e-01 7.961269e-02
5.142477e-03 1.116983e-01 1.015132e-01
6.141859e-02 5.117265e-01 8.815237e-02
5.881074e-02 5.141397e-01 9.017964e-02
6.009980e-02 5.377536e-01 1.004231e-01
6.586101e-02 4.131263e-01 6.113778e-02
6.937518e-02 4.321406e-01 3.718981e-02
3.514330e-02 4.362033e-01 2.037263e-02
8.917830e-03 -7.379781e-02 -3.046582e-02
3.065957e-02 -6.785207e-02 -4.498262e-02
6.021407e-02 5.285183e-01 9.277183e-02
5.946490e-02 5.311919e-01 8.885992e-02
5.874270e-02 5.276347e-01 8.362040e-02
5.552534e-02 4.953870e-01 8.577095e-02
5.925012e-02 5.109101e-01 8.253340e-02
5.939459e-02 5.287963e-01 9.759383e-02
5.920922e-02 5.165929e-01 8.361201e-02
2.752890e-02 6.611582e-02 -4.735405e-02
1.143802e-01 8.298035e-02 1.148142e-02
1.171386e-01 5.620071e-02 4.471605e-02
1.067763e-01 3.238801e-02 7.718703e-02
6.328252e-02 2.117098e-02 9.692042e-02
2.465087e-03 1.641053e-02 9.976428e-02
4.761776e-02 4.097875e-01 8.121775e-02
3.441370e-02 4.154170e-01 9.286177e-02
3.305839e-02 4.294076e-01 1.043324e-01
2.216693e-02 4.232365e-01 1.179438e-01
1.832045e-02 4.274777e-01 1.441342e-01
5.939952e-03 4.672382e-01 1.639963e-01
9.629612e-02 3.605132e-01 8.417539e-02
9.980654e-02 4.183175e-01 2.505804e-02
9.071155e-02 4.175033e-01 9.422430e-03
1.650893e-01 3.873627e-01 3.143829e-02
2.024348e-01 3.393954e-01 4.628873e-02
8.287171e-02 2.896622e-01 -5.669356e-02
1.013829e-01 3.057527e-01 -5.256787e-02
1.581194e-01 3.223941e-01 -2.812003e-02
1.728513e-01 3.106050e-01 7.412355e-02
1.445559e-01 3.958198e-01 3.560996e-02
1.947119e-01 3.405349e-01 6.972067e-03
1.701350e-01 3.188773e-01 -2.414903e-02
1.936274e-01 3.049316e-01 5.786196e-02
1.669190e-01 3.775313e-01 6.755206e-02
1.460864e-01 3.008576e-01 1.731832e-02
1.445986e-01 2.951923e-01 1.618769e-02
1.447296e-01 2.989129e-01 2.211951e-02
1.493753e-01 3.042818e-01 1.114105e-02
1.468080e-01 2.996865e-01 1.147054e-02
1.508577e-01 2.993299e-01 1.652228e-02
1.516594e-01 3.001755e-01 1.132094e-02
1.487232e-01 3.046985e-01 1.502842e-02
1.582919e-01 3.053586e-01 -1.709290e-02
1.573734e-01 3.045046e-01 -1.433944e-02
1.586017e-01 2.966860e-01 -2.237509e-02
1.630683e-01 2.934448e-01 -2.641672e-02
1.459800e-01 2.978212e-01 4.506112e-02
1.468237e-01 2.995742e-01 3.878523e-02
1.474085e-01 3.003089e-01 3.260279e-02
1.547797e-01 2.984709e-01 8.783584e-04
1.530282e-01 2.995391e-01 6.134890e-03
1.525090e-01 3.017833e-01 -1.088160e-03
1.469188e-01 2.936015e-01 2.131214e-03
1.480389e-01 2.986699e-01 5.207167e-03
1.454262e-01 2.939923e-01 9.500289e-03
1.499553e-01 2.944904e-01 -7.164724e-03
1.495132e-01 2.975723e-01 -1.844665e-03
1.471581e-01 2.893847e-01 -3.954189e-03
1.564038e-01 2.976438e-01 -4.648884e-03
1.595495e-01 2.858846e-01 6.317002e-02
1.472573e-01 2.889753e-01 5.799299e-02
1.526434e-01 2.876059e-01 6.142227e-02
1.463226e-01 2.939253e-01 5.610518e-02
1.457135e-01 3.009921e-01 5.181354e-02
1.472479e-01 3.001992e-01 5.802543e-02
1.633612e-01 3.540929e-01 7.873858e-02
1.846300e-01 3.219511e-01 6.926765e-02
1.818774e-01 3.025558e-01 6.634843e-02
1.441098e-01 2.858542e-01 5.020258e-02
1.443781e-01 2.939647e-01 5.088434e-02
1.421233e-01 2.901916e-01 4.522116e-02
1.460250e-01 2.961167e-01 5.164354e-02
1.483655e-01 2.946677e-01 3.041779e-02
1.500059e-01 2.954462e-01 2.366676e-02
1.494373e-01 3.011724e-01 2.093657e-02
1.483226e-01 3.010294e-01 2.684529e-02
2.076699e-01 3.241036e-01 3.434222e-02
1.723950e-01 2.903123e-01 6.440718e-02
1.659517e-01 3.116979e-01 -2.471980e-02
2.040877e-01 3.092377e-01 4.525803e-02
1.736722e-01 3.840069e-01 4.921946e-02
2.008111e-01 3.259673e-01 8.626360e-03
1.733600e-01 3.474863e-01 -1.487842e-02
1.625130e-01 3.187163e-01 -2.428390e-02
1.602796e-01 3.361500e-01 8.129875e-02
1.533422e-01 3.101599e-01 8.237852e-02
1.535575e-01 3.016481e-01 7.260960e-02
1.593610e-01 3.056927e-01 7.635571e-02
1.485435e-01 2.998308e-01 6.350309e-02
1.256307e-01 3.435622e-01 8.786556e-02
1.619882e-01 2.938944e-01 6.789763e-02
1.690076e-01 3.009531e-01 7.154264e-02
1.549550e-01 2.947128e-01 6.598549e-02
1.589029e-01 2.999237e-01 7.218418e-02
1.446445e-01 3.040649e-01 4.108257e-02
1.460919e-01 3.059103e-01 2.677631e-02
1.478773e-01 3.054860e-01 1.885420e-02
1.469132e-01 3.051286e-01 2.277130e-02
1.513199e-01 3.025459e-01 2.835308e-03
1.535839e-01 3.014467e-01 -5.078476e-03
1.526796e-01 2.985563e-01 -9.720881e-03
1.546106e-01 2.989071e-01 -1.430514e-02
1.520817e-01 2.938080e-01 -1.356304e-02
1.551481e-01 2.946132e-01 -1.840361e-02
1.571990e-01 2.900523e-01 -2.297058e-02
1.531215e-01 2.880672e-01 -1.830233e-02
1.552735e-01 2.821426e-01 -2.239285e-02
1.567910e-01 2.748149e-01 -2.437610e-02
1.642029e-01 2.780179e-01 -2.898343e-02
1.751086e-01 2.377261e-01 -3.386659e-02
1.920018e-01 2.051133e-01 -3.529416e-02
2.014896e-01 1.728471e-01 -4.067254e-02
2.047411e-01 2.489795e-01 -2.659040e-02
2.204854e-01 2.088937e-01 -2.550071e-02
1.840327e-02 4.539616e-01 1.536177e-01
2.457473e-02 4.496453e-01 1.485561e-01
8.872285e-03 4.570540e-01 1.592696e-01
2.352850e-01 1.453479e-01 -2.872038e-02
2.258517e-01 1.558325e-01 -3.527674e-02
2.465857e-01 1.235310e-01 -1.776876e-02
2.569400e-01 1.215526e-01 3.120598e-03
2.479583e-01 1.476407e-01 2.135805e-02
2.395283e-01 1.375480e-01 3.177943e-02
2.013481e-01 1.132535e-01 2.256705e-02
1.910998e-01 1.171158e-01 1.083039e-02
1.992940e-01 1.170736e-01 -2.870596e-02
2.167834e-01 1.168010e-01 -3.213888e-02
2.535864e-01 1.429256e-02 5.976745e-02
2.432887e-01 -2.280568e-03 5.854518e-02
2.373781e-01 -9.580469e-04 3.657692e-02
2.552479e-01 2.148840e-03 1.771289e-02
2.743315e-01 -5.511795e-03 2.939643e-02
2.478547e-01 3.875343e-02 5.265276e-02
2.329391e-01 3.847411e-02 4.495531e-02
2.253723e-01 3.049533e-02 3.368297e-02
2.726665e-01 1.956929e-02 3.917034e-02
2.332156e-01 2.214005e-02 1.259820e-02
2.313822e-01 1.726451e-02 3.977562e-02
2.702368e-01 4.897290e-02 2.127109e-02
2.642466e-01 5.180920e-03 5.920435e-02
2.750114e-01 8.885633e-03 2.915115e-02
2.638277e-01 3.567313e-02 4.636962e-02
2.221057e-01 4.513443e-02 3.268081e-02
2.455635e-01 1.343898e-02 1.255360e-02
2.575107e-01 3.393570e-02 5.276474e-03
2.419063e-01 5.148335e-02 4.843125e-02
2.463202e-01 -5.311752e-02 5.443091e-02
2.346144e-01 -5.257212e-02 6.559832e-02
2.579361e-01 -7.256691e-02 8.250139e-02
2.679772e-01 -7.932453e-02 9.061313e-02
2.837818e-01 -5.648310e-02 6.159006e-02
2.571703e-01 -6.549758e-02 8.583868e-02
2.407123e-01 -2.361209e-02 5.769895e-02
2.334720e-01 -4.001538e-02 6.530955e-02
2.327360e-01 -4.546762e-02 7.630999e-02
2.614494e-01 -1.005721e-01 9.500391e-02
2.708139e-01 -1.078525e-01 9.800290e-02
2.630654e-01 -7.170306e-02 6.017390e-02
2.806573e-01 -7.033737e-02 3.403355e-02
2.692870e-01 -1.133372e-01 9.712281e-02
2.375521e-01 -3.523020e-02 7.489267e-02
2.405379e-01 -2.524390e-02 6.448564e-02
2.593197e-01 -7.851353e-02 7.698093e-02
2.642633e-01 -5.200168e-02 2.841669e-02
2.514989e-01 -5.862056e-02 8.841605e-02
2.484806e-01 -4.176645e-02 4.406532e-02
2.384230e-01 -4.348265e-02 5.557280e-02
2.511889e-01 -3.006298e-02 3.562313e-02
2.582775e-01 -2.217763e-02 2.814185e-02
2.434156e-01 -1.989089e-02 6.379671e-02
2.400732e-01 -6.952255e-02 7.579163e-02
2.591516e-01 -3.584708e-02 2.872060e-02
2.658436e-01 -9.501115e-02 9.568971e-02
2.692685e-01 -9.123698e-02 5.590455e-02
2.656182e-01 -7.292377e-02 4.980336e-02
2.731278e-01 -6.857035e-02 2.931793e-02
2.656052e-01 -1.019499e-01 9.840266e-02
2.752022e-01 -7.264294e-02 8.610547e-02
2.790236e-01 -8.750720e-02 4.645257e-02
2.619076e-01 -9.031492e-02 8.440798e-02
2.721255e-01 -1.006735e-01 8.669228e-02
2.849986e-01 -7.150218e-02 4.527783e-02
2.766044e-01 -5.925091e-02 2.868449e-02
2.777081e-01 -8.552710e-02 8.127171e-02
2.693805e-01 -2.155514e-02 6.589831e-02
2.727216e-01 -9.253690e-02 4.788270e-02
2.855830e-01 -6.096582e-02 5.043989e-02
2.834880e-01 -6.119164e-02 3.737450e-02
2.824371e-01 -7.906998e-02 3.838990e-02
2.855026e-01 -7.101510e-02 5.641917e-02
2.842200e-01 -4.691492e-02 5.484174e-02
2.849310e-01 -5.083292e-02 4.352142e-02
2.790738e-01 -1.611506e-02 3.840112e-02
2.788973e-01 -4.481637e-02 6.782705e-02
2.798124e-01 -6.693817e-02 7.751831e-02
2.651965e-01 -1.154635e-01 9.554483e-02
2.687997e-01 -1.108756e-01 9.280372e-02
2.729451e-01 -1.053787e-01 9.161654e-02
2.697368e-01 -3.440014e-02 7.207435e-02
2.686100e-01 -4.652128e-02 7.938956e-02
2.543147e-01 -2.168454e-02 7.051488e-02
2.553103e-01 -3.291378e-02 7.758278e-02
2.582638e-01 -1.097701e-01 1.011945e-01
2.377739e-01 -6.316569e-02 7.125727e-02
2.728527e-01 -8.359097e-03 5.691618e-02
2.498479e-01 -1.080589e-02 6.576296e-02
2.406481e-01 -1.081699e-02 5.043424e-02
2.710459e-01 -1.882225e-02 2.864683e-02
2.780778e-01 -5.794152e-03 4.491733e-02
2.620884e-01 -8.971338e-03 6.559382e-02
2.614214e-01 -1.055044e-01 1.002405e-01
2.733513e-01 -9.638876e-02 6.157727e-02
2.344156e-01 -5.211304e-02 8.519457e-02
2.810932e-01 -4.880311e-02 3.329651e-02
2.608509e-01 -8.054966e-02 8.517297e-02
2.743458e-01 -9.566941e-02 9.236313e-02
2.716075e-01 -9.325143e-02 7.797973e-02
2.466961e-01 -6.763680e-02 7.776519e-02
2.674747e-01 -1.047938e-01 8.739879e-02
2.636158e-01 -8.713696e-02 7.648542e-02
2.837200e-01 -8.461490e-02 7.170289e-02
2.439334e-01 -2.123971e-02 4.430943e-02
2.756945e-01 -8.173522e-02 8.845779e-02
2.672398e-01 -8.172742e-02 5.582090e-02
2.820680e-01 -9.212764e-02 6.698825e-02
2.722077e-01 -1.008451e-01 9.608392e-02
2.785877e-01 -9.669029e-02 6.583434e-02
2.762472e-01 -9.531885e-02 6.243740e-02
2.590590e-01 -1.065591e-01 9.623259e-02
2.653314e-01 -1.203744e-01 9.852953e-02
2.614421e-01 -1.193473e-01 9.707561e-02
2.683285e-01 -9.294447e-02 7.546597e-02
2.785990e-01 -5.534793e-02 7.375504e-02
2.670503e-01 -1.163643e-01 1.008022e-01
2.728742e-01 -5.036246e-02 2.664770e-02
2.659249e-01 -1.097944e-01 1.021124e-01
2.609492e-01 -6.246731e-02 5.088550e-02
2.432280e-01 -3.987651e-02 8.253267e-02
2.604094e-01 -9.477086e-03 2.379538e-02
2.687817e-01 -3.179793e-02 2.720973e-02
2.405182e-01 -5.983657e-02 9.095860e-02
2.826086e-01 -8.221748e-02 4.602160e-02
2.823787e-01 -8.987826e-02 6.014494e-02
2.742898e-01 -9.144461e-02 8.162817e-02
2.759912e-01 -8.955614e-02 8.751323e-02
2.709447e-01 -8.790050e-02 9.334201e-02
2.419904e-01 -3.251964e-02 5.015104e-02
2.447304e-01 -5.037526e-02 8.858065e-02
2.719828e-01 -6.046486e-02 8.317927e-02
2.641348e-01 -8.025657e-02 6.724099e-02
2.754984e-01 -8.970749e-02 4.562441e-02
2.272079e-01 3.414611e-02 7.748053e-03
2.624594e-01 -1.082645e-01 9.187621e-02
2.818201e-01 -8.998445e-02 5.229314e-02
2.794990e-01 -9.308814e-02 6.220639e-02
2.640521e-01 -1.246422e-01 1.009184e-01
2.615161e-01 -1.141957e-01 1.049523e-01
2.588701e-01 -1.259310e-01 9.830239e-02
2.610672e-01 -1.276007e-01 1.065275e-01
2.610571e-01 -1.329049e-01 1.053211e-01
2.573321e-01 -1.329630e-01 1.083151e-01
2.630230e-01 -1.196717e-01 1.054546e-01
2.603512e-01 -1.233985e-01 1.071522e-01
2.562955e-01 -1.283888e-01 1.075146e-01
2.556014e-01 -1.229604e-01 1.048602e-01
2.568665e-01 -1.180856e-01 1.044608e-01
2.620388e-01 -1.298594e-01 1.009259e-01
2.593244e-01 -1.134956e-01 9.634297e-02
2.567527e-01 -1.201587e-01 9.928947e-02
2.570558e-01 -1.138595e-01 1.019167e-01
2.576773e-01 -1.305436e-01 9.953039e-02
2.552138e-01 -1.273688e-01 1.018929e-01
2.595190e-01 -1.342534e-01 1.014177e-01
2.593530e-01 -1.367799e-01 1.043025e-01
2.555214e-01 -1.330738e-01 1.046195e-01
2.583695e-01 -1.358789e-01 1.072277e-01
2.654496e-01 -9.808379e-02 8.410048e-02
2.616943e-01 -9.502389e-02 9.190977e-02
2.634034e-01 -8.790651e-02 9.095322e-02
2.704423e-01 -9.542530e-02 8.218671e-02
2.618642e-01 -1.013874e-01 8.942355e-02
2.666984e-01 -9.278560e-02 7.965566e-02
2.743099e-01 -9.546558e-02 8.547384e-02
2.678726e-01 -1.174921e-01 7.671639e-02
2.750431e-01 -9.792073e-02 7.843096e-02
2.703536e-01 -9.455677e-02 6.190103e-02
2.721277e-01 -1.180739e-01 7.084049e-02
2.697727e-01 -9.835713e-02 7.619602e-02
2.780716e-01 -1.063598e-01 6.872573e-02
2.666378e-01 -8.975991e-02 6.975919e-02
2.694210e-01 -1.096737e-01 7.803684e-02
2.677614e-01 -1.324282e-01 7.510366e-02
2.779430e-01 -1.148929e-01 7.981281e-02
2.671186e-01 -1.232335e-01 8.085963e-02
2.795991e-01 -1.026906e-01 7.784145e-02
2.761123e-01 -1.121783e-01 6.961299e-02
2.727049e-01 -1.073640e-01 6.775720e-02
2.729087e-01 -1.231841e-01 8.285253e-02
2.684341e-01 -1.244136e-01 7.371739e-02
2.736433e-01 -1.239588e-01 7.250018e-02
2.689581e-01 -1.289806e-01 7.391796e-02
2.771008e-01 -1.213681e-01 7.843269e-02
2.710831e-01 -1.162719e-01 8.179892e-02
2.815162e-01 -9.650181e-02 7.514510e-02
2.712009e-01 -1.032867e-01 7.847781e-02
2.776313e-01 -1.170643e-01 7.267786e-02
2.698540e-01 -1.289693e-01 8.406248e-02
2.749363e-01 -1.283335e-01 7.728239e-02
2.722591e-01 -1.347167e-01 7.656526e-02
2.714366e-01 -1.449610e-01 8.058592e-02
2.689074e-01 -1.440109e-01 8.572043e-02
2.718238e-01 -1.388379e-01 8.311614e-02
2.702946e-01 -1.343704e-01 8.470930e-02
2.733120e-01 -1.322149e-01 8.190916e-02
2.648017e-01 -1.412544e-01 8.293546e-02
2.685863e-01 -1.385125e-01 8.540996e-02
2.714601e-01 -1.402597e-01 7.800775e-02
2.705421e-01 -1.494981e-01 8.202400e-02
2.657869e-01 -1.294480e-01 7.849780e-02
2.655457e-01 -1.338544e-01 8.266079e-02
2.662823e-01 -1.376507e-01 7.723876e-02
2.674235e-01 -1.439513e-01 7.823063e-02
2.661514e-01 -1.472535e-01 8.404607e-02
2.683101e-01 -1.488018e-01 8.057963e-02
2.700230e-01 -1.489809e-01 8.475472e-02
2.757711e-01 -9.163634e-02 7.809047e-02
2.716725e-01 -1.026705e-01 6.643553e-02
2.705722e-01 -1.119935e-01 7.070517e-02
2.685902e-01 -1.040543e-01 7.245603e-02
2.751151e-01 -1.082771e-01 8.091310e-02
2.765159e-01 -1.012948e-01 6.619838e-02
2.682295e-01 -9.684262e-02 6.929646e-02
2.816439e-01 -9.014738e-02 7.509610e-02
2.727616e-01 -9.806795e-02 6.442348e-02
2.807341e-01 -1.004145e-01 6.950427e-02
2.805424e-01 -1.091670e-01 7.517821e-02
2.812986e-01 -7.711896e-02 7.714244e-02
2.848742e-01 -7.671545e-02 6.577580e-02
2.839608e-01 -6.594613e-02 6.692068e-02
2.766826e-01 -1.117167e-01 6.320424e-02
2.762400e-01 -1.010757e-01 6.214458e-02
2.722669e-01 -1.161075e-01 6.350699e-02
2.705220e-01 -9.724259e-02 5.707743e-02
2.774544e-01 -9.753171e-02 5.073704e-02
2.703864e-01 -1.096775e-01 5.599409e-02
2.706340e-01 -1.192102e-01 5.372195e-02
2.801295e-01 -1.087866e-01 5.786847e-02
2.676755e-01 -1.230646e-01 5.604060e-02
2.686002e-01 -1.217107e-01 6.246955e-02
2.807179e-01 -1.023385e-01 5.951745e-02
2.724930e-01 -1.050989e-01 5.210080e-02
2.744194e-01 -1.214764e-01 6.349603e-02
2.683873e-01 -1.159998e-01 5.770680e-02
2.756229e-01 -1.214998e-01 5.680493e-02
2.764170e-01 -1.148424e-01 5.459358e-02
2.745617e-01 -1.099486e-01 5.252229e-02
2.749721e-01 -1.273158e-01 6.036849e-02
2.819767e-01 -9.568222e-02 5.700928e-02
2.776029e-01 -1.164933e-01 6.075400e-02
2.776212e-01 -1.061329e-01 6.264649e-02
2.715591e-01 -1.137534e-01 5.304651e-02
2.714968e-01 -1.271025e-01 6.450134e-02
2.715813e-01 -1.261805e-01 5.504132e-02
2.703694e-01 -1.361837e-01 6.535839e-02
2.720391e-01 -1.390850e-01 6.015911e-02
2.723273e-01 -1.312910e-01 6.420896e-02
2.682740e-01 -1.327262e-01 6.479928e-02
2.704977e-01 -1.393990e-01 6.525015e-02
2.676524e-01 -1.377039e-01 6.530558e-02
2.664241e-01 -1.416038e-01 6.218805e-02
2.709899e-01 -1.444880e-01 6.361031e-02
2.703490e-01 -1.359890e-01 5.713992e-02
2.659007e-01 -1.277398e-01 6.041555e-02
2.674356e-01 -1.294499e-01 5.635695e-02
2.732891e-01 -1.333036e-01 5.942708e-02
2.652890e-01 -1.344787e-01 5.962481e-02
2.681746e-01 -1.401667e-01 5.820975e-02
2.705428e-01 -1.438574e-01 6.054968e-02
2.693852e-01 -1.426203e-01 6.549508e-02
2.792167e-01 -9.761030e-02 6.125779e-02
2.725539e-01 -1.002977e-01 5.097563e-02
2.723295e-01 -1.102184e-01 6.245805e-02
2.729362e-01 -1.051959e-01 6.189278e-02
2.771962e-01 -9.241872e-02 4.908821e-02
2.705379e-01 -1.033656e-01 5.704283e-02
2.723873e-01 -9.586474e-02 4.986515e-02
2.781050e-01 -1.038201e-01 5.259192e-02
2.723451e-01 -1.004951e-01 6.072301e-02
2.811901e-01 -1.013160e-01 3.919503e-02
2.776147e-01 -9.747662e-02 4.322390e-02
2.694929e-01 -8.666477e-02 4.044240e-02
2.770633e-01 -9.138262e-02 3.392849e-02
2.768408e-01 -1.042946e-01 4.278321e-02
2.722180e-01 -1.025644e-01 3.531834e-02
2.711529e-01 -1.067221e-01 4.047834e-02
2.788252e-01 -9.241060e-02 4.350958e-02
2.746062e-01 -9.749470e-02 3.404510e-02
2.799997e-01 -1.067469e-01 3.841268e-02
2.759523e-01 -1.079852e-01 3.390048e-02
2.706836e-01 -1.087865e-01 3.546588e-02
2.759987e-01 -1.109640e-01 4.212397e-02
2.785666e-01 -8.367806e-02 3.441145e-02
2.734653e-01 -9.329201e-02 4.275759e-02
2.782752e-01 -1.020204e-01 3.467256e-02
2.781820e-01 -1.131169e-01 3.710749e-02
2.728958e-01 -1.141899e-01 3.387681e-02
2.762420e-01 -1.208155e-01 4.031449e-02
2.740614e-01 -1.243771e-01 4.123876e-02
2.757060e-01 -1.169693e-01 4.135551e-02
2.763382e-01 -1.188787e-01 3.556718e-02
2.725984e-01 -1.275317e-01 3.955565e-02
2.738995e-01 -1.209856e-01 4.177588e-02
2.757038e-01 -1.281119e-01 3.869513e-02
2.754438e-01 -1.239420e-01 3.573143e-02
2.701301e-01 -1.129355e-01 3.914917e-02
2.722564e-01 -1.200310e-01 3.438443e-02
2.698964e-01 -1.174867e-01 3.831620e-02
2.719002e-01 -1.250761e-01 3.606701e-02
2.702456e-01 -1.214753e-01 3.884939e-02
2.752745e-01 -1.274282e-01 3.633040e-02
2.714363e-01 -9.324730e-02 3.639442e-02
2.726535e-01 -9.858509e-02 4.108819e-02
2.724667e-01 -8.634535e-02 3.384227e-02
2.815982e-01 -8.770379e-02 3.989976e-02
2.813203e-01 -9.482452e-02 3.857187e-02
2.716168e-01 -8.972139e-02 4.469015e-02
2.441595e-01 -7.194265e-02 7.934586e-02
2.393389e-01 -7.520453e-02 7.812489e-02
2.327942e-01 -7.442760e-02 8.766866e-02
2.472576e-01 -7.207319e-02 8.388581e-02
2.467889e-01 -6.675064e-02 8.970494e-02
2.380214e-01 -6.910227e-02 9.199216e-02
2.337047e-01 -7.147808e-02 8.078079e-02
2.323659e-01 -6.348600e-02 8.590719e-02
2.374916e-01 -7.742472e-02 9.357145e-02
2.456119e-01 -7.586935e-02 9.143702e-02
2.436197e-01 -8.334523e-02 9.549304e-02
2.374118e-01 -9.478305e-02 9.756238e-02
2.389737e-01 -1.010811e-01 9.738537e-02
2.360240e-01 -8.574481e-02 9.489039e-02
2.336948e-01 -9.211225e-02 9.153119e-02
2.416625e-01 -8.933362e-02 9.808053e-02
2.376017e-01 -9.637377e-02 8.891129e-02
2.375159e-01 -8.579846e-02 8.165025e-02
2.330857e-01 -8.480996e-02 8.785222e-02
2.357979e-01 -9.858628e-02 9.382792e-02
2.467385e-01 -9.007008e-02 9.428849e-02
2.436155e-01 -9.529182e-02 9.895500e-02
2.444503e-01 -7.829736e-02 8.197304e-02
2.392267e-01 -8.224952e-02 7.980125e-02
2.420980e-01 -8.602964e-02 8.240280e-02
2.356746e-01 -7.998311e-02 8.123029e-02
2.472128e-01 -8.354732e-02 8.875620e-02
2.444635e-01 -9.269634e-02 8.853716e-02
2.390620e-01 -8.997961e-02 8.411209e-02
2.455402e-01 -9.683716e-02 9.386203e-02
2.430874e-01 -1.001690e-01 9.839569e-02
2.412520e-01 -1.000695e-01 9.254897e-02
2.798086e-01 -3.378914e-02 5.934968e-02
2.679244e-01 -8.899274e-02 6.226860e-02
2.839860e-01 -8.534925e-02 6.340546e-02
2.698918e-01 -9.039252e-02 4.980683e-02
2.746922e-01 -7.778668e-02 3.167417e-02
2.693084e-01 -8.052671e-02 3.454357e-02
2.667775e-01 -6.122850e-02 2.938661e-02
2.672216e-01 -7.218761e-02 3.359519e-02
2.640490e-01 -6.624160e-02 3.949886e-02
2.844349e-01 -8.235728e-02 5.387161e-02
2.681687e-01 -8.445502e-02 4.711497e-02
2.667173e-01 -7.746673e-02 4.143978e-02
2.612687e-01 -5.677028e-02 3.578396e-02
2.535130e-01 -6.380255e-02 6.190655e-02
2.573077e-01 -7.178829e-02 7.053342e-02
2.508545e-01 -6.765343e-02 8.204958e-02
2.653911e-01 -6.994276e-02 8.769163e-02
2.620316e-01 -5.660857e-02 8.646928e-02
2.560077e-01 -4.571110e-02 8.524127e-02
2.316806e-01 -5.767065e-02 7.671620e-02
2.433428e-01 -6.596864e-02 7.351937e-02
2.435134e-01 -6.124207e-02 6.484688e-02
2.565196e-01 -5.298771e-02 4.493588e-02
2.571724e-01 -4.547050e-02 3.397048e-02
2.381314e-01 -2.972915e-02 6.800964e-02
2.379042e-01 -3.071886e-02 6.039214e-02
2.442901e-01 -2.695278e-02 7.098523e-02
2.657174e-01 -4.344636e-02 2.630960e-02
2.769007e-01 -4.031174e-02 3.025192e-02
2.828175e-01 -3.706059e-02 4.460970e-02
2.783281e-01 -2.909999e-02 3.559584e-02
2.789637e-01 -2.164133e-02 5.141530e-02
2.343549e-01 -6.618319e-02 7.701340e-02
2.487045e-01 -6.629279e-02 7.077546e-02
2.530980e-01 -6.969363e-02 7.662077e-02
1.317278e-02 5.017459e-01 1.589481e-01
1.580393e-02 5.041644e-01 1.610558e-01
5.518150e-02 4.973600e-01 7.804164e-02
5.359314e-02 4.895014e-01 8.066952e-02
5.845875e-02 5.306343e-01 7.694206e-02
5.776879e-02 5.215649e-01 7.972488e-02
5.735486e-02 5.143923e-01 7.705928e-02
1.778309e-01 2.442112e-01 5.087994e-02
1.930127e-01 2.432863e-01 4.496652e-02
1.644879e-01 2.497824e-01 -2.991155e-02
2.031495e-01 2.338223e-01 3.775658e-02
2.147023e-01 2.381888e-01 2.485712e-02
1.517703e-01 2.279268e-01 2.400562e-03
1.539446e-01 2.207570e-01 9.170957e-03
1.550380e-01 2.179839e-01 -1.740368e-03
1.527578e-01 2.368760e-01 -1.018475e-02
1.507183e-01 2.451932e-01 -8.797800e-03
1.503690e-01 2.357164e-01 -1.632084e-03
1.617420e-01 2.375790e-01 -2.594519e-02
1.574755e-01 2.294673e-01 -1.734552e-02
1.548281e-01 2.425496e-01 -1.727832e-02
2.197332e-01 2.455426e-01 -1.137537e-02
1.533739e-01 2.423641e-01 3.062860e-02
1.576864e-01 2.382734e-01 3.650340e-02
1.620957e-01 2.286513e-01 3.595028e-02
1.715646e-01 2.291859e-01 4.472396e-02
2.236260e-01 2.382825e-01 7.521115e-03
1.550725e-01 2.267325e-01 1.917872e-02
1.568930e-01 2.164731e-01 1.789703e-02
1.802833e-01 2.205083e-01 -3.328984e-02
2.159420e-01 2.299498e-01 -2.297429e-02
1.465243e-01 2.539938e-01 1.480944e-02
1.443884e-01 2.617430e-01 1.050705e-02
1.463794e-01 2.521794e-01 6.496264e-03
1.500032e-01 2.612621e-01 -1.348046e-02
1.516357e-01 2.687357e-01 -1.538453e-02
1.460331e-01 2.735376e-01 -5.428487e-03
1.492821e-01 2.688959e-01 -1.367965e-02
1.740008e-01 2.734599e-01 -3.193969e-02
1.456424e-01 2.652385e-01 4.154431e-02
1.424741e-01 2.715698e-01 3.947874e-02
1.438127e-01 2.721288e-01 4.404634e-02
1.478442e-01 2.668316e-01 4.844267e-02
1.535352e-01 2.669683e-01 -2.069266e-02
1.601544e-01 2.684643e-01 -2.735901e-02
1.481834e-01 2.757686e-01 -1.224572e-02
1.520859e-01 2.750270e-01 -1.909350e-02
1.624256e-01 2.544576e-01 5.186487e-02
1.441726e-01 2.745713e-01 2.806625e-03
1.448684e-01 2.664810e-01 1.826605e-03
1.433914e-01 2.707327e-01 1.073064e-02
1.883594e-01 2.578295e-01 4.871250e-02
1.570848e-01 2.494351e-01 4.565476e-02
1.636759e-01 2.406852e-01 4.520959e-02
2.131979e-01 2.548323e-01 2.138334e-02
1.412149e-01 2.768197e-01 4.387184e-02
1.449182e-01 2.622545e-01 3.481356e-02
1.432520e-01 2.688856e-01 3.485040e-02
1.445640e-01 2.607864e-01 1.930992e-02
1.436799e-01 2.656411e-01 2.706781e-02
1.678498e-01 2.618202e-01 -3.171113e-02
1.052586e-01 1.877765e-01 -1.775163e-02
1.060759e-01 1.689865e-01 -6.360932e-03
1.169356e-01 1.728594e-01 4.634334e-02
9.476823e-02 1.480945e-01 7.902572e-02
1.161240e-01 1.732898e-01 8.592078e-03
5.316707e-02 1.918001e-01 -4.702802e-02
4.403395e-02 1.783965e-01 -4.353658e-02
1.211645e-01 1.806535e-01 2.697629e-02
9.145264e-02 2.025831e-01 -3.620668e-02
1.229766e-01 1.925555e-01 4.238483e-02
5.960662e-02 2.355431e-01 -5.550279e-02
1.172634e-01 1.890341e-01 -3.668309e-03
1.231059e-01 1.898548e-01 1.298985e-02
3.730818e-02 2.913099e-01 1.059319e-01
7.320551e-02 2.942119e-01 1.104543e-01
1.307412e-01 2.864400e-01 9.468461e-02
1.343219e-01 2.811278e-01 7.271820e-02
1.342539e-01 2.772462e-01 6.106925e-02
1.371662e-01 2.801773e-01 5.434879e-02
1.417226e-01 2.877563e-01 5.120962e-02
1.446685e-01 2.798888e-01 3.689266e-02
1.238862e-01 2.588668e-01 7.446267e-02
6.532311e-02 2.567698e-01 1.145719e-01
4.489181e-02 2.649799e-01 1.133032e-01
2.107983e-01 1.420479e-01 2.577509e-02
2.536671e-01 1.388806e-01 1.068620e-02
1.933927e-01 9.866801e-02 3.050489e-03
1.854206e-01 1.250820e-01 -1.816327e-02
2.323620e-01 1.285780e-01 -3.017426e-02
2.437313e-01 1.414975e-01 -1.734093e-02
2.513114e-01 1.364830e-01 -3.736278e-03
2.299727e-01 1.206557e-01 3.653037e-02
2.244681e-01 1.369536e-01 3.279747e-02
1.978796e-01 1.348081e-01 1.919645e-02
1.912388e-01 1.075513e-01 -1.296103e-02
2.196680e-01 9.533777e-02 -2.649694e-02
2.326661e-01 1.095697e-01 -2.713901e-02
2.523136e-01 9.729514e-02 3.360240e-02
2.137799e-01 1.037819e-01 3.305570e-02
2.097790e-01 8.106512e-02 2.598439e-02
2.595490e-01 1.026702e-01 -4.475474e-04
2.513175e-01 8.540194e-02 -1.247770e-02
2.398134e-01 9.497043e-02 -2.173737e-02
2.023949e-01 7.750942e-02 4.238893e-03
2.582457e-01 1.129481e-01 1.965410e-02
2.209574e-01 8.835335e-02 3.728784e-02
2.128148e-01 7.957157e-02 -1.745328e-02
2.585163e-01 6.421223e-02 3.951394e-02
2.195589e-01 3.646062e-02 2.006526e-02
2.271966e-01 7.404055e-02 4.010156e-02
2.285897e-01 5.307690e-02 -7.389652e-03
2.631935e-01 8.432005e-02 2.721809e-03
2.388120e-01 6.535573e-02 -1.430254e-02
2.392469e-01 8.639106e-02 4.181063e-02
2.644348e-01 5.072003e-02 6.016855e-03
2.671519e-01 6.620879e-02 2.483131e-02
2.149459e-01 5.025420e-02 2.057321e-02
2.164409e-01 6.522741e-02 -9.649865e-03
2.302512e-01 5.672942e-02 4.213867e-02
2.250696e-01 2.459501e-02 2.201859e-02
2.327419e-01 1.211806e-02 2.530796e-02
2.715448e-01 3.436073e-02 3.213260e-02
2.559818e-01 5.044312e-02 4.713762e-02
2.664379e-01 5.048196e-02 3.631546e-02
2.438873e-01 2.813737e-02 4.543580e-03
2.612153e-01 1.793698e-02 1.302478e-02
2.381116e-01 2.596774e-02 5.066415e-02
2.688051e-01 3.341740e-02 1.584871e-02
2.530045e-01 1.805675e-03 6.353916e-02
2.528972e-01 2.736256e-02 5.586651e-02
2.424762e-01 1.404510e-02 5.611026e-02
2.435379e-01 1.967840e-04 2.347534e-02
2.673465e-01 4.669709e-03 2.107008e-02
2.722201e-01 2.036197e-02 2.378445e-02
2.720956e-01 7.442789e-03 4.875793e-02
2.373895e-01 5.604308e-03 4.841534e-02
2.643213e-01 2.031317e-02 5.225045e-02
2.770749e-01 3.922356e-03 3.832927e-02
2.471030e-01 -1.308238e-02 3.135993e-02
9.412152e-02 4.193789e-01 3.829190e-02
4.120883e-02 3.962559e-01 -1.733943e-02
6.701384e-02 3.822487e-01 7.383299e-02
5.346675e-02 3.809363e-01 7.650137e-02
4.673465e-02 3.708410e-01 8.347659e-02
2.602057e-02 3.874007e-01 -2.033442e-02
8.406344e-02 4.040075e-01 -1.232920e-02
1.264615e-01 1.983532e-01 2.748140e-02
1.081122e-01 2.068929e-01 -2.419108e-02
1.277949e-01 2.095195e-01 3.963592e-02
4.748363e-02 1.783562e-01 1.012082e-01
1.200081e-01 2.063335e-01 -1.112467e-02
1.255355e-01 2.019579e-01 2.201244e-03
1.065721e-01 1.988202e-01 7.531595e-02
6.689686e-02 1.894916e-01 9.428755e-02
5.755341e-02 2.554596e-01 -5.773338e-02
1.133792e-01 3.941020e-01 -1.078549e-02
1.330022e-01 3.914866e-01 -1.339167e-04
1.647536e-01 3.773125e-01 9.528570e-03
2.036938e-01 3.406219e-01 2.508095e-02
2.061364e-01 3.138848e-01 1.693960e-02
2.132449e-01 2.773195e-01 2.948468e-03
2.118417e-01 2.653601e-01 -1.547247e-02
1.932920e-01 2.673884e-01 -2.953349e-02
1.707394e-01 2.887566e-01 -2.957718e-02
1.624433e-01 3.004611e-01 -2.474963e-02
1.624218e-01 3.071987e-01 -2.328014e-02
1.589824e-01 3.095566e-01 -2.165088e-02
1.586667e-01 3.075278e-01 -1.915178e-02
1.574295e-01 3.039438e-01 -2.191429e-02
1.550624e-01 3.012953e-01 -2.583794e-02
1.423410e-01 2.689838e-01 -3.036097e-02
1.263490e-01 2.474350e-01 -3.498342e-02
1.119421e-01 2.378639e-01 -3.755872e-02
9.853169e-02 2.238047e-01 -3.810588e-02
8.761024e-02 1.809517e-01 -3.149655e-02
8.667782e-02 1.354663e-01 -1.981873e-02
7.799360e-02 8.794696e-02 -2.787155e-02
1.022236e-01 9.400185e-02 -9.474579e-03
4.208877e-02 7.556432e-02 1.012563e-01
1.088514e-01 9.310961e-02 6.258811e-02
8.531395e-02 7.952601e-02 8.906654e-02
2.197503e-01 2.579815e-01 3.518792e-03
6.464057e-02 3.046741e-01 -5.629326e-02
1.053305e-01 3.428145e-01 -4.258678e-02
1.653546e-01 3.268062e-01 -2.442711e-02
1.889493e-01 3.286009e-01 -8.997471e-03
1.443127e-01 2.725328e-01 3.688517e-02
1.397327e-01 2.712782e-01 4.651589e-02
1.359270e-01 2.716781e-01 5.371706e-02
1.470626e-01 2.693601e-01 3.113297e-02
1.498319e-01 2.728608e-01 2.559346e-02
1.414551e-01 2.667191e-01 4.264379e-02
1.493049e-01 2.651421e-01 2.631950e-02
1.536565e-01 2.700130e-01 1.253772e-02
1.515286e-01 2.675043e-01 2.013363e-02
1.550116e-01 2.724469e-01 -3.728424e-03
1.547026e-01 2.707633e-01 4.150918e-03
1.557555e-01 2.804488e-01 -6.302677e-03
1.542154e-01 2.758912e-01 -1.198382e-02
1.533688e-01 2.876724e-01 -2.330441e-02
1.551349e-01 2.840975e-01 -1.635623e-02
1.492408e-01 2.835376e-01 -2.759512e-02
1.489413e-01 2.893888e-01 -2.994034e-02
1.451950e-01 2.960276e-01 -3.536579e-02
1.341773e-01 3.221656e-01 -4.078255e-02
1.026329e-01 3.631438e-01 -3.517916e-02
1.009812e-01 4.064783e-01 -1.798608e-03
1.306426e-01 2.421232e-01 5.323322e-02
1.363060e-01 2.470924e-01 4.491283e-02
1.336990e-01 2.357079e-01 4.169735e-02
1.452334e-01 2.415176e-01 1.645655e-02
1.417517e-01 2.340528e-01 1.283997e-02
1.375913e-01 2.335691e-01 2.982124e-02
1.438417e-01 2.409472e-01 -6.460645e-04
1.486067e-01 2.433942e-01 -5.383251e-04
1.447705e-01 2.402624e-01 7.526817e-03
1.466522e-01 2.470714e-01 -6.591853e-03
1.429211e-01 2.480994e-01 -1.552429e-02
1.404461e-01 2.403117e-01 -8.893583e-03
1.365903e-01 2.572146e-01 -3.129849e-02
1.414537e-01 2.534522e-01 -2.325943e-02
1.266975e-01 2.610542e-01 -4.112836e-02
1.365695e-01 2.725130e-01 -3.724255e-02
1.229376e-01 2.760706e-01 -4.679324e-02
8.837530e-02 3.220385e-01 -5.222147e-02
9.400652e-02 3.884042e-01 -2.433538e-02
5.447895e-02 4.110865e-01 -8.729512e-03
7.159360e-02 4.257202e-01 1.243278e-02
1.989262e-01 2.830459e-01 -2.259930e-02
2.059948e-01 2.985655e-01 5.382045e-03
1.983245e-01 3.134009e-01 -3.196943e-03
1.769486e-01 3.099135e-01 -2.476018e-02
1.977971e-01 2.995348e-01 -1.442254e-02
4.383703e-02 3.289942e-01 -4.830223e-02
1.569907e-01 3.314604e-01 -2.905565e-02
1.741389e-01 3.324265e-01 -2.001174e-02
1.791280e-01 3.216640e-01 -2.039234e-02
6.711946e-02 3.310388e-01 -5.090083e-02
1.126835e-01 3.262283e-01 -4.643865e-02
1.888533e-01 3.124773e-01 -1.691145e-02
1.677335e-01 3.209690e-01 7.839473e-02
1.761556e-01 3.381059e-01 7.435157e-02
1.910432e-01 3.442440e-01 6.227894e-02
1.965690e-01 3.577192e-01 4.252546e-02
1.932862e-01 3.575454e-01 2.048062e-02
1.547212e-01 3.209698e-01 8.375246e-02
1.783389e-01 3.588878e-01 6.981722e-02
1.854179e-01 3.685879e-01 5.683678e-02
1.857367e-01 3.740633e-01 3.692426e-02
1.329040e-01 3.994906e-01 1.908587e-02
1.067625e-01 4.120249e-01 1.362437e-02
8.341789e-02 4.263210e-01 2.637973e-02
5.036562e-02 4.267419e-01 8.508810e-03
1.735618e-02 4.108433e-01 -5.136198e-03
2.318534e-01 1.834789e-01 1.814051e-02
2.232851e-01 1.903034e-01 -2.725369e-02
2.318673e-01 1.745254e-01 -1.902868e-02
1.929529e-01 1.659570e-01 2.092489e-02
1.889755e-01 1.842166e-01 -3.546452e-02
2.392168e-01 1.829750e-01 4.582608e-03
2.141396e-01 1.782453e-01 -3.705917e-02
1.904912e-01 1.531136e-01 1.557537e-02
2.337507e-01 1.683516e-01 2.262464e-02
1.748158e-01 1.581597e-01 -1.531351e-02
2.182920e-01 1.610115e-01 2.519985e-02
1.997848e-01 1.484948e-01 -3.742481e-02
2.459785e-01 1.647762e-01 4.514444e-03
2.236634e-01 1.696225e-01 -3.220597e-02
1.633707e-01 3.392076e-01 -2.488535e-02
8.260497e-02 3.510536e-01 -4.480799e-02
2.837463e-02 2.878814e-01 -5.382985e-02
2.563297e-02 2.292086e-01 -4.762506e-02
3.398920e-02 2.223076e-01 -4.702893e-02
4.106350e-02 1.401520e-01 -3.877510e-02
2.717125e-02 9.544741e-02 -3.944849e-02
4.096982e-02 1.987263e-01 -4.628674e-02
3.106704e-02 1.565953e-01 -3.805460e-02
2.836231e-02 1.752055e-01 -3.904635e-02
4.229728e-02 2.493215e-01 -5.437606e-02
4.472208e-02 2.653465e-01 -5.657422e-02
4.418140e-02 3.025625e-01 -5.459765e-02
8.925339e-02 2.793307e-01 1.139905e-01
7.201853e-02 2.731213e-01 1.152907e-01
1.413178e-01 2.769563e-01 3.826348e-02
1.414234e-01 2.847829e-01 3.645935e-02
1.414415e-01 2.798063e-01 3.089823e-02
1.386740e-01 2.779824e-01 4.973267e-02
1.425035e-01 2.765629e-01 4.179766e-02
1.435735e-01 3.002773e-01 3.247417e-02
1.446973e-01 3.014435e-01 2.699657e-02
1.431931e-01 2.959353e-01 2.767169e-02
1.418289e-01 2.880942e-01 2.980640e-02
1.429736e-01 2.914749e-01 2.202962e-02
1.421731e-01 2.833331e-01 2.296155e-02
1.552557e-02 4.183860e-01 1.318706e-01
5.887731e-03 4.247232e-01 1.482219e-01
1.252604e-02 4.127870e-01 1.046784e-01
9.522667e-03 4.181846e-01 1.417114e-01
2.882040e-02 3.775469e-01 8.257238e-02
2.412465e-02 3.637789e-01 8.478857e-02
7.784318e-03 3.964449e-01 9.089236e-02
2.808453e-02 2.477532e-01 1.083601e-01
2.541291e-02 3.420750e-01 9.010736e-02
1.216116e-01 -6.144856e-02 -1.824916e-02
1.112327e-01 -4.628946e-02 -3.723796e-02
1.180526e-01 1.561267e-02 8.371225e-03
8.855984e-02 -5.612035e-02 -5.175863e-02
1.156806e-01 4.327423e-02 4.134631e-03
1.076942e-01 4.351771e-02 -1.672265e-02
1.110268e-01 1.981823e-02 -1.353377e-02
1.017492e-01 -3.510673e-02 -5.152462e-02
9.631976e-02 7.657383e-02 -2.241589e-02
2.047194e-02 -5.856051e-02 -5.854354e-02
1.134322e-01 -2.007334e-02 -3.197826e-02
8.833264e-02 2.374108e-02 -5.523954e-02
7.101434e-02 4.205697e-02 -5.625007e-02
1.024404e-01 2.652351e-02 -3.501779e-02
6.709395e-02 -5.237705e-02 -6.002820e-02
5.086493e-02 -6.052820e-03 -7.289457e-02
6.517617e-02 1.673914e-02 -6.858470e-02
5.234056e-02 7.873683e-02 -3.737358e-02
7.073344e-02 1.488374e-01 -3.432579e-02
5.519699e-02 -1.794540e-01 6.927931e-02
3.252113e-02 -2.123253e-01 4.532207e-02
4.802055e-02 -2.038290e-01 5.874100e-02
1.608752e-02 -1.954112e-01 -1.171567e-02
1.426980e-02 -1.847005e-01 2.730701e-03
6.785959e-03 -1.482574e-01 1.571840e-02
6.966054e-03 -1.419290e-01 2.386643e-02
6.737241e-03 -1.335640e-01 2.987661e-02
1.040833e-01 -1.750885e-01 5.627517e-02
1.157009e-01 -1.744712e-01 3.295239e-02
8.830736e-02 -2.243497e-01 4.808915e-02
6.380991e-03 -1.387712e-01 -1.911082e-02
1.749703e-02 -1.282158e-01 -3.662889e-02
2.923555e-02 -1.763923e-01 -4.570238e-02
1.143009e-01 -1.494215e-01 -2.534391e-02
1.089217e-01 -1.901828e-01 -3.934743e-02
1.196610e-01 -1.536423e-01 3.050197e-02
1.125374e-01 -2.096604e-01 1.388054e-02
1.787520e-02 -1.466887e-01 4.412384e-02
1.050176e-02 -1.522874e-01 2.505922e-02
1.161941e-02 -1.441485e-01 3.415167e-02
1.700969e-02 -1.971352e-01 1.179620e-02
1.626906e-02 -1.813987e-01 1.798886e-02
1.992142e-02 -1.900310e-01 2.810634e-02
3.371308e-02 -1.700643e-01 5.817469e-02
2.694888e-02 -1.506457e-01 5.552492e-02
2.652793e-02 -1.976168e-01 4.100750e-02
2.041325e-02 -2.067968e-01 2.714102e-02
1.826727e-02 -1.827695e-01 -2.782050e-02
3.818708e-03 -1.427369e-01 -5.901518e-03
5.187671e-03 -1.480352e-01 4.621376e-03
3.499600e-03 -1.396314e-01 1.164526e-02
1.896841e-03 -1.361681e-01 2.103164e-03
5.292842e-02 -1.292255e-01 -5.512672e-02
7.257959e-02 -1.734958e-01 -6.177968e-02
7.730111e-02 -1.340312e-01 -5.495613e-02
1.200277e-01 -1.433360e-01 -3.407857e-03
1.157796e-01 -1.943326e-01 -1.256816e-02
2.856499e-02 -1.393841e-01 -4.664910e-02
3.811552e-02 -1.172967e-01 -4.888054e-02
4.988678e-02 -1.799475e-01 -5.893241e-02
2.694813e-02 -3.947918e-01 -7.674469e-02
5.586357e-02 -4.268879e-01 -1.093263e-01
1.096056e-01 -4.138816e-01 -5.241563e-02
8.391636e-02 -4.509272e-01 -2.609567e-02
8.219771e-02 -4.339145e-01 -2.020801e-02
6.325760e-02 -4.437689e-01 -2.305290e-02
2.845648e-02 -3.971649e-01 -5.341270e-02
2.889061e-02 -4.245632e-01 -4.833761e-02
4.389801e-02 -4.345668e-01 -3.354757e-02
4.846588e-02 -4.531161e-01 -3.218055e-02
7.383864e-02 -4.153871e-01 -1.084173e-01
9.204833e-02 -4.056042e-01 -1.025728e-01
1.078594e-01 -4.300814e-01 -7.353377e-02
1.012749e-01 -4.388668e-01 -9.201321e-02
9.671419e-02 -4.000140e-01 -2.046072e-02
3.974053e-02 -4.184920e-01 -1.039961e-01
8.247633e-02 -3.906496e-01 -1.145876e-02
3.031593e-02 -3.736717e-01 -6.925409e-02
6.084432e-02 -3.569491e-01 -9.664013e-02
1.119699e-01 -3.698044e-01 -5.004875e-02
1.095948e-01 -3.482586e-01 -4.738573e-02
5.237453e-02 -3.819158e-01 -1.995706e-02
4.494246e-02 -3.619626e-01 -2.401109e-02
6.817609e-02 -4.000250e-01 -1.384568e-02
1.059229e-01 -3.620851e-01 -3.062207e-02
1.118219e-01 -3.811443e-01 -7.154801e-02
8.083303e-02 -3.360862e-01 -8.696593e-02
4.050004e-02 -3.870714e-01 -3.469256e-02
7.159302e-02 -3.714605e-01 -1.017976e-01
3.630435e-02 -3.535797e-01 -7.420075e-02
5.499466e-02 -4.837835e-01 -3.412080e-02
7.109540e-02 -4.849932e-01 -3.283785e-02
2.532293e-02 -4.554412e-01 -9.044562e-02
5.149444e-02 -4.696704e-01 -1.070404e-01
9.910394e-02 -4.637522e-01 -5.773985e-02
1.033696e-01 -4.469023e-01 -5.912180e-02
7.375436e-02 -4.636888e-01 -2.657400e-02
2.087994e-02 -4.565006e-01 -7.473892e-02
2.193547e-02 -4.407124e-01 -6.049519e-02
3.166044e-02 -4.868092e-01 -5.332996e-02
4.326466e-02 -4.720716e-01 -3.931184e-02
3.304735e-02 -4.490519e-01 -4.469844e-02
6.986206e-02 -4.396227e-01 -1.085271e-01
8.558979e-02 -4.451188e-01 -1.040501e-01
9.494339e-02 -4.872291e-01 -7.147315e-02
8.970167e-02 -4.927428e-01 -9.089286e-02
9.300151e-02 -4.802501e-01 -5.232808e-02
8.540558e-02 -4.757576e-01 -3.622428e-02
2.768366e-02 -5.844544e-02 8.267643e-02
4.430921e-02 -4.443210e-02 9.139831e-02
-1.232820e-03 -8.492307e-02 2.959300e-02
1.173865e-01 -1.208938e-02 6.520946e-02
1.257020e-01 -2.565705e-02 3.921883e-03
6.848322e-03 -7.535584e-02 6.457638e-02
1.276422e-01 -3.941226e-02 3.117830e-02
1.113364e-01 -2.978167e-02 7.472190e-02
5.098573e-02 -5.289873e-02 9.091277e-02
4.866555e-02 -6.389678e-02 9.028108e-02
-3.205615e-03 -8.214480e-02 4.375247e-02
2.288697e-02 -6.089089e-02 7.956794e-02
1.780109e-02 -6.442024e-02 7.620070e-02
-2.289473e-03 -7.971089e-02 1.189685e-02
1.181784e-01 -5.886711e-03 -1.032144e-02
1.078092e-01 3.818857e-03 -3.543406e-02
7.199927e-02 -1.330557e-02 -7.039953e-02
3.239049e-02 -2.000024e-02 -7.196409e-02
6.558375e-03 -6.861114e-02 9.592146e-02
-5.241821e-03 -5.303900e-02 1.126917e-01
2.623698e-03 -6.170628e-02 1.062918e-01
2.781926e-02 -7.432821e-02 -3.572776e-02
2.968967e-02 -8.461057e-02 -3.536765e-02
3.766824e-02 -7.539747e-02 -4.018251e-02
-5.040477e-03 -7.184535e-02 1.019463e-01
5.900370e-02 1.016313e-01 -3.136009e-02
1.150716e-01 7.934521e-02 3.960529e-02
5.146263e-03 8.185709e-02 1.015002e-01
2.288345e-02 5.739936e-02 9.874661e-02
9.093524e-02 5.450945e-02 8.573056e-02
6.293762e-02 1.713535e-01 -4.170662e-02
1.131833e-01 1.525449e-01 5.128930e-02
1.100855e-01 1.497515e-01 1.018503e-02
1.003513e-01 1.471083e-01 -6.158949e-03
1.149674e-01 1.454892e-01 2.952001e-02
3.845706e-02 1.672657e-01 -4.084427e-02
9.033503e-02 1.614878e-01 -2.287159e-02
1.111586e-01 6.723595e-02 -4.683317e-03
1.171815e-01 6.197618e-02 2.043303e-02
1.107470e-01 5.156296e-02 6.705652e-02
6.536102e-02 4.622390e-02 9.468845e-02
1.769120e-02 2.908249e-02 9.778184e-02
9.826839e-02 5.749234e-02 -2.863701e-02
5.282286e-02 5.824726e-02 -4.922119e-02
6.667128e-03 5.545829e-01 1.677979e-01
-8.901830e-04 4.884303e-01 1.707930e-01
1.485464e-02 5.797301e-01 4.422131e-02
5.182229e-03 6.020865e-01 1.144086e-01
6.181699e-05 5.164220e-01 1.743841e-01
5.190449e-03 5.020241e-01 1.662066e-01
9.598892e-03 5.388073e-01 1.720733e-01
1.176749e-02 4.414634e-01 2.248422e-02
-3.695260e-03 -8.057944e-02 2.664200e-02
-2.589589e-03 -7.980330e-02 1.864679e-02
2.262368e-02 1.843367e-01 -3.975816e-02
3.395321e-02 1.868534e-01 -4.247046e-02
2.601630e-02 -5.524028e-01 -9.086877e-02
4.849514e-02 -5.249231e-01 -1.092853e-01
3.492905e-02 -5.182378e-01 -1.028480e-01
6.536125e-02 -5.497693e-01 -1.003896e-01
7.525039e-02 -5.190117e-01 -1.005314e-01
7.194936e-02 -5.596542e-01 -7.098836e-02
6.207227e-02 -5.626405e-01 -5.471860e-02
5.441561e-02 -5.495775e-01 -4.648973e-02
7.232681e-02 -5.382597e-01 -5.097194e-02
2.415505e-02 -5.533898e-01 -7.552890e-02
5.249807e-02 -5.551299e-01 -1.076994e-01
3.194329e-02 -5.468117e-01 -1.039621e-01
2.145514e-02 -5.827201e-01 -8.789694e-02
2.463186e-02 -5.679603e-01 -8.876531e-02
3.734471e-02 -5.666410e-01 -1.109155e-01
3.424996e-02 -5.789124e-01 -1.117293e-01
4.925953e-02 -5.675594e-01 -1.084877e-01
5.025439e-02 -5.801265e-01 -1.061849e-01
5.798092e-02 -5.822318e-01 -9.875296e-02
6.526304e-02 -5.768265e-01 -8.502817e-02
6.425739e-02 -5.737919e-01 -6.996699e-02
5.846939e-02 -5.861665e-01 -6.304657e-02
2.150632e-02 -5.691933e-01 -7.060066e-02
4.340598e-02 -5.761722e-01 -1.127178e-01
4.402403e-02 -5.871372e-01 -1.134152e-01
2.695035e-02 -5.837971e-01 -9.982371e-02
6.531021e-02 -6.569499e-01 5.031155e-02
5.473840e-02 -6.635390e-01 5.592610e-02
8.201849e-02 -6.550819e-01 2.434196e-02
3.164561e-02 -6.577326e-01 5.704530e-02
2.871006e-02 -6.561044e-01 4.850386e-02
2.439618e-02 -6.623460e-01 4.946804e-02
2.938616e-02 -6.666326e-01 5.140920e-02
2.672371e-02 -6.662912e-01 4.340899e-02
3.908515e-02 -6.608206e-01 5.269058e-02
3.577682e-02 -6.565503e-01 5.113902e-02
5.668026e-02 -6.588388e-01 5.144108e-02
5.332521e-02 -6.560522e-01 5.134577e-02
4.734240e-02 -6.574163e-01 5.164710e-02
4.861480e-02 -6.607881e-01 5.552279e-02
4.746835e-02 -6.641613e-01 4.661184e-02
5.270131e-02 -6.627195e-01 4.595430e-02
6.351628e-02 -6.532619e-01 4.095234e-02
5.819132e-02 -6.523175e-01 3.746374e-02
5.643807e-02 -6.601617e-01 4.084878e-02
6.151907e-02 -6.629018e-01 4.320859e-02
6.732735e-02 -6.565568e-01 4.435830e-02
6.740541e-02 -6.559106e-01 3.945476e-02
7.759691e-02 -6.532822e-01 2.820674e-02
7.224038e-02 -6.503162e-01 2.750855e-02
7.270899e-02 -6.611500e-01 3.771503e-02
7.105865e-02 -6.606271e-01 3.363475e-02
7.640124e-02 -6.586004e-01 2.758290e-02
8.652785e-02 -6.536099e-01 1.357279e-02
8.061963e-02 -6.590024e-01 2.020318e-02
7.807989e-02 -6.575028e-01 1.667397e-02
8.234744e-02 -6.586640e-01 1.509942e-02
3.594670e-02 -6.601437e-01 6.170919e-02
3.092038e-02 -6.532032e-01 4.044864e-02
2.729112e-02 -6.503021e-01 3.154149e-02
2.709842e-02 -6.618702e-01 5.555411e-02
2.445211e-02 -6.537641e-01 3.684702e-02
3.558056e-02 -6.645061e-01 5.717108e-02
2.428275e-02 -6.647016e-01 3.272088e-02
3.059310e-02 -6.660317e-01 3.596852e-02
3.738667e-02 -6.582258e-01 5.701025e-02
3.791071e-02 -6.637656e-01 3.670863e-02
5.695887e-02 -6.607821e-01 5.488982e-02
5.357449e-02 -6.582971e-01 4.238024e-02
5.500223e-02 -6.574560e-01 5.542782e-02
4.424343e-02 -6.523771e-01 3.745940e-02
4.539561e-02 -6.561897e-01 4.680822e-02
5.201627e-02 -6.621832e-01 5.757329e-02
4.250661e-02 -6.561266e-01 4.247760e-02
3.899470e-02 -6.606932e-01 4.120005e-02
5.079019e-02 -6.641370e-01 5.387393e-02
4.638311e-02 -6.640285e-01 3.425770e-02
4.396586e-02 -6.639504e-01 4.058902e-02
4.059014e-02 -6.646621e-01 2.957471e-02
6.177736e-02 -6.563719e-01 4.718685e-02
5.930149e-02 -6.499616e-01 3.017135e-02
5.222457e-02 -6.520401e-01 3.442593e-02
6.035047e-02 -6.613983e-01 4.875274e-02
5.361854e-02 -6.558858e-01 3.742174e-02
6.419255e-02 -6.627402e-01 4.952223e-02
5.918609e-02 -6.622018e-01 2.869418e-02
5.941274e-02 -6.622276e-01 3.615233e-02
5.284081e-02 -6.623706e-01 3.333753e-02
6.734777e-02 -6.554372e-01 3.473558e-02
6.800169e-02 -6.570832e-01 2.969624e-02
6.500780e-02 -6.600959e-01 3.226802e-02
7.562418e-02 -6.589208e-01 2.212599e-02
7.891707e-02 -6.541231e-01 1.986527e-02
7.519563e-02 -6.600137e-01 1.330013e-02
7.283203e-02 -6.528555e-01 3.282632e-02
7.144352e-02 -6.478279e-01 1.911872e-02
7.118793e-02 -6.571091e-01 3.760274e-02
6.230770e-02 -6.475328e-01 2.113737e-02
7.543735e-02 -6.606111e-01 3.361112e-02
7.418211e-02 -6.599973e-01 1.757613e-02
7.130780e-02 -6.603285e-01 2.845724e-02
8.547273e-02 -6.560180e-01 2.069150e-02
8.309672e-02 -6.582016e-01 7.792218e-03
8.493938e-02 -6.482081e-01 9.194778e-03
7.822156e-02 -6.550005e-01 2.417445e-02
8.181249e-02 -6.582390e-01 2.362413e-02
7.852719e-02 -6.595748e-01 1.067408e-02
6.642574e-02 -6.606182e-01 5.101581e-02
5.547911e-02 -6.600108e-01 5.816870e-02
7.349967e-02 -6.591365e-01 4.005988e-02
2.291655e-02 -6.599725e-01 4.271187e-02
3.577041e-02 -6.647943e-01 4.293776e-02
3.839169e-02 -6.608059e-01 4.684593e-02
5.054029e-02 -6.629270e-01 4.039417e-02
5.513360e-02 -6.584198e-01 4.730744e-02
4.413315e-02 -6.609087e-01 4.839720e-02
4.612244e-02 -6.615322e-01 5.200844e-02
5.823065e-02 -6.555353e-01 4.203364e-02
5.807140e-02 -6.602504e-01 4.490424e-02
6.644416e-02 -6.606615e-01 4.281176e-02
6.519839e-02 -6.601470e-01 3.760875e-02
7.776655e-02 -6.558319e-01 3.224073e-02
6.836966e-02 -6.535745e-01 3.059225e-02
6.988533e-02 -6.560701e-01 3.376073e-02
8.358966e-02 -6.487690e-01 1.523121e-02
3.027198e-02 -6.633593e-01 5.969374e-02
3.175379e-02 -6.600726e-01 6.160892e-02
2.141771e-02 -6.599838e-01 3.534575e-02
3.619658e-02 -6.649318e-01 4.924549e-02
3.819738e-02 -6.562796e-01 3.882365e-02
3.570289e-02 -6.558039e-01 4.482671e-02
5.460406e-02 -6.632643e-01 5.119649e-02
5.011634e-02 -6.536774e-01 4.140838e-02
5.220333e-02 -6.550878e-01 4.638598e-02
5.239001e-02 -6.583389e-01 5.696911e-02
4.239683e-02 -6.611909e-01 4.453269e-02
6.325565e-02 -6.599312e-01 5.183457e-02
5.376358e-02 -6.597047e-01 3.769866e-02
6.771744e-02 -6.595221e-01 4.768078e-02
6.686766e-02 -6.505283e-01 2.719816e-02
6.481188e-02 -6.516957e-01 3.448737e-02
7.900129e-02 -6.498070e-01 1.728388e-02
7.738133e-02 -6.507730e-01 2.271687e-02
7.576846e-02 -6.564541e-01 3.752444e-02
6.668943e-02 -6.599544e-01 2.645363e-02
8.661339e-02 -6.526386e-01 3.604132e-03
8.293404e-02 -6.513390e-01 2.083767e-02
2.712333e-02 -5.533181e-01 -6.103251e-02
3.817433e-02 -5.494473e-01 -4.993915e-02
4.504567e-02 -5.640939e-01 -4.919530e-02
2.673572e-02 -5.231215e-01 -9.059187e-02
4.009995e-02 -5.554545e-01 -1.098242e-01
4.308882e-02 -5.420151e-01 -1.096703e-01
6.400520e-02 -5.301224e-01 -1.061954e-01
6.880346e-02 -5.613496e-01 -8.838380e-02
7.604253e-02 -5.479237e-01 -8.303903e-02
7.976140e-02 -5.411416e-01 -6.607191e-02
7.053739e-02 -5.516972e-01 -5.594566e-02
2.469560e-02 -5.351530e-01 -7.660615e-02
5.508739e-02 -5.415349e-01 -1.086910e-01
2.658380e-02 -5.382882e-01 -9.272336e-02
2.932524e-02 -5.383693e-01 -5.987150e-02
2.995081e-02 -5.648015e-01 -5.514666e-02
4.024275e-02 -5.299150e-01 -4.841854e-02
2.317342e-02 -5.790102e-01 -5.844270e-02
3.583486e-02 -5.908790e-01 -4.858379e-02
3.552508e-02 -5.763786e-01 -5.095256e-02
6.290983e-02 -5.916783e-01 -8.854105e-02
5.790460e-02 -6.004269e-01 -9.843527e-02
4.615848e-02 -5.997996e-01 -1.122788e-01
5.074991e-02 -6.065559e-01 -1.073737e-01
2.160859e-02 -5.921751e-01 -5.490146e-02
2.966844e-02 -6.020575e-01 -4.424101e-02
4.480429e-02 -6.045108e-01 -4.441242e-02
4.703864e-02 -5.843499e-01 -5.231014e-02
5.474960e-02 -5.736411e-01 -5.635842e-02
2.555354e-02 -6.411243e-01 1.059473e-02
4.459643e-02 -6.451377e-01 1.996205e-02
3.923693e-02 -6.367428e-01 6.389845e-03
5.161488e-02 -6.354223e-01 1.173250e-04
4.899023e-02 -6.407360e-01 1.071925e-02
6.053999e-02 -6.409124e-01 5.300447e-03
8.303129e-02 -6.444942e-01 -1.295111e-02
7.762695e-02 -6.423846e-01 -5.254665e-03
8.711731e-02 -6.508840e-01 -1.268308e-02
1.779757e-02 -6.533111e-01 1.339981e-03
1.894881e-02 -6.511627e-01 1.401026e-02
2.017830e-02 -6.604335e-01 9.209810e-03
2.917960e-02 -6.646293e-01 1.025076e-02
8.425367e-02 -6.572750e-01 -1.074988e-02
8.637036e-02 -6.499542e-01 -2.029256e-02
4.502514e-02 -6.634595e-01 -4.413170e-03
3.447701e-02 -6.643808e-01 -3.291026e-04
5.823644e-02 -6.630443e-01 -1.782689e-03
6.703749e-02 -6.624269e-01 -9.195596e-03
7.636230e-02 -6.610898e-01 -1.137380e-02
4.124311e-02 -6.287249e-01 -7.246339e-03
2.973396e-02 -6.335256e-01 -8.586134e-04
5.591010e-02 -6.311171e-01 -1.086526e-02
6.445660e-02 -6.319600e-01 -1.965201e-02
6.549770e-02 -6.379319e-01 -5.484684e-03
7.279703e-02 -6.360918e-01 -2.718490e-02
7.373870e-02 -6.387984e-01 -1.509713e-02
8.510555e-02 -6.497018e-01 -2.874007e-02
8.126587e-02 -6.430636e-01 -2.371552e-02
7.373019e-02 -6.374639e-01 -4.660509e-02
6.955796e-02 -6.318687e-01 -3.722111e-02
8.030313e-02 -6.461413e-01 -4.549409e-02
7.949374e-02 -6.422102e-01 -3.455004e-02
7.185280e-02 -6.443247e-01 -7.287510e-02
7.082867e-02 -6.367328e-01 -6.005447e-02
6.360060e-02 -6.406958e-01 -1.079229e-01
6.730403e-02 -6.340818e-01 -7.324130e-02
6.808800e-02 -6.397681e-01 -8.347709e-02
6.608237e-02 -6.274603e-01 -5.008360e-02
6.467936e-02 -6.248286e-01 -6.626122e-02
6.334209e-02 -6.262549e-01 -8.565876e-02
6.504165e-02 -6.368799e-01 -9.475873e-02
5.043810e-02 -6.426966e-01 -1.262232e-01
3.955730e-02 -6.509113e-01 -1.259291e-01
3.765776e-02 -6.394390e-01 -1.276552e-01
5.684001e-02 -6.327580e-01 -1.173708e-01
5.038459e-02 -6.225166e-01 -1.205285e-01
4.586981e-02 -6.294301e-01 -1.272808e-01
4.100874e-02 -6.153761e-01 -1.237983e-01
3.520453e-02 -6.256796e-01 -1.252879e-01
3.006991e-02 -6.191568e-01 -1.186355e-01
2.790357e-02 -6.319348e-01 -1.190669e-01
2.291061e-02 -6.399735e-01 -1.092474e-01
2.838589e-02 -6.459078e-01 -1.207000e-01
2.211330e-02 -6.355230e-01 -9.242875e-03
1.798257e-02 -6.441349e-01 -1.450487e-02
1.966684e-02 -6.434427e-01 -4.647759e-04
5.960934e-02 -6.243849e-01 -3.052845e-02
4.966730e-02 -6.234396e-01 -1.987589e-02
2.378306e-02 -6.207003e-01 -2.797759e-02
3.574779e-02 -6.198823e-01 -2.076389e-02
2.745239e-02 -6.267610e-01 -1.443007e-02
1.880665e-02 -6.332988e-01 -2.319312e-02
1.544131e-02 -6.402475e-01 -3.581325e-02
1.799108e-02 -6.495374e-01 -2.468863e-02
1.686019e-02 -6.460826e-01 -5.007569e-02
1.952633e-02 -6.554828e-01 -1.168702e-02
2.090252e-02 -6.527980e-01 -3.673170e-02
2.586236e-02 -6.539581e-01 -6.065512e-02
1.599898e-02 -6.435103e-01 -6.796755e-02
2.108283e-02 -6.480452e-01 -9.882572e-02
2.094803e-02 -6.322454e-01 -9.836370e-02
1.738174e-02 -6.272591e-01 -8.566155e-02
1.357073e-02 -6.289681e-01 -7.038598e-02
1.730929e-02 -6.276275e-01 -3.643888e-02
1.342508e-02 -6.299942e-01 -5.103171e-02
7.905751e-02 -6.579906e-01 -3.139537e-02
7.687183e-02 -6.453318e-01 -5.507886e-02
8.270285e-02 -6.518181e-01 -3.786844e-02
7.459828e-02 -6.462144e-01 -6.406845e-02
7.023165e-02 -6.509361e-01 -8.025619e-02
6.868809e-02 -6.485295e-01 -8.956356e-02
6.408848e-02 -6.529177e-01 -1.052514e-01
6.718913e-02 -6.471713e-01 -9.876981e-02
5.848819e-02 -6.555154e-01 -1.132142e-01
5.056275e-02 -6.544669e-01 -1.221326e-01
3.147025e-02 -6.551463e-01 -1.198542e-01
2.438189e-02 -6.522794e-01 -1.101603e-01
2.465957e-02 -6.541990e-01 -7.705496e-02
4.385958e-02 -6.140897e-01 -3.115886e-02
3.090127e-02 -6.116112e-01 -3.525016e-02
1.864952e-02 -6.055239e-01 -5.215632e-02
1.942789e-02 -6.157651e-01 -4.222941e-02
1.391278e-02 -6.164675e-01 -6.058676e-02
1.452308e-02 -6.122199e-01 -7.932226e-02
2.808726e-02 -6.097506e-01 -1.090621e-01
2.967251e-02 -5.983905e-01 -1.090561e-01
3.340341e-02 -6.009702e-01 -1.163059e-01
3.335314e-02 -6.098872e-01 -1.194926e-01
4.752303e-02 -6.109012e-01 -1.167479e-01
4.149689e-02 -6.047227e-01 -1.198203e-01
5.359514e-02 -6.191959e-01 -1.105268e-01
6.285922e-02 -6.092448e-01 -8.400908e-02
3.037523e-02 -6.621748e-01 -1.220584e-02
2.345154e-02 -6.620499e-01 -1.424331e-03
4.216234e-02 -6.621190e-01 -1.886595e-02
5.756606e-02 -6.614923e-01 -2.383823e-02
5.528819e-02 -6.625401e-01 -1.310327e-02
6.840764e-02 -6.601349e-01 -3.317163e-02
7.037515e-02 -6.612428e-01 -2.165682e-02
8.215132e-02 -6.578591e-01 -2.119694e-02
7.360198e-02 -6.581948e-01 -4.289208e-02
7.862279e-02 -6.541481e-01 -4.999375e-02
6.206138e-02 -6.594255e-01 -4.553073e-02
6.931769e-02 -6.579512e-01 -5.349693e-02
5.576410e-02 -6.605028e-01 -3.502878e-02
3.980708e-02 -6.601596e-01 -3.230131e-02
4.684493e-02 -6.595030e-01 -4.516513e-02
2.697315e-02 -6.588789e-01 -2.481386e-02
7.566406e-02 -6.539589e-01 -5.944232e-02
7.204054e-02 -6.540765e-01 -6.931058e-02
6.573265e-02 -6.580105e-01 -6.321282e-02
5.434947e-02 -6.590551e-01 -6.862994e-02
5.570373e-02 -6.591133e-01 -5.635967e-02
3.020593e-02 -6.566346e-01 -4.387560e-02
4.041781e-02 -6.584865e-01 -5.757059e-02
3.865182e-02 -6.587192e-01 -7.266086e-02
4.993544e-02 -6.593753e-01 -8.086350e-02
5.692132e-02 -6.584804e-01 -8.946494e-02
6.343748e-02 -6.576577e-01 -7.607469e-02
6.573500e-02 -6.554538e-01 -8.642024e-02
6.449609e-02 -6.545659e-01 -9.566918e-02
5.630351e-02 -6.577091e-01 -1.010222e-01
4.349976e-02 -6.594256e-01 -9.455412e-02
3.454624e-02 -6.592912e-01 -8.691483e-02
4.985923e-02 -6.582075e-01 -1.108161e-01
3.188628e-02 -6.588444e-01 -1.110040e-01
3.975549e-02 -6.591146e-01 -1.053565e-01
4.068824e-02 -6.582233e-01 -1.177264e-01
2.385917e-02 -6.639483e-01 2.596938e-02
2.127164e-02 -6.617129e-01 1.921001e-02
3.165326e-02 -6.651396e-01 2.803292e-02
2.961230e-02 -6.650224e-01 1.979640e-02
4.037664e-02 -6.645210e-01 1.044909e-02
4.848124e-02 -6.636919e-01 1.681515e-02
4.844483e-02 -6.636781e-01 2.606045e-02
4.000032e-02 -6.646309e-01 2.102006e-02
5.778415e-02 -6.626648e-01 1.346263e-02
6.600729e-02 -6.619189e-01 9.941706e-03
5.146856e-02 -6.634617e-01 6.606497e-03
5.527905e-02 -6.628074e-01 2.245620e-02
7.229913e-02 -6.610010e-01 8.509170e-03
6.718470e-02 -6.621780e-01 4.142933e-03
6.296159e-02 -6.618336e-01 2.007027e-02
6.939304e-02 -6.610709e-01 1.465768e-02
6.982910e-02 -6.607643e-01 2.078481e-02
7.353514e-02 -6.616954e-01 1.086245e-03
7.737046e-02 -6.603946e-01 5.365625e-03
8.287118e-02 -6.585742e-01 -1.705239e-03
8.665837e-02 -6.503739e-01 -4.694738e-03
7.721043e-02 -6.464533e-01 1.129715e-02
8.274814e-02 -6.457534e-01 2.134814e-03
6.735492e-02 -6.450267e-01 1.176749e-02
7.262055e-02 -6.434078e-01 3.523103e-03
5.264174e-02 -6.477555e-01 2.473797e-02
5.651562e-02 -6.448331e-01 1.571404e-02
3.636957e-02 -6.523150e-01 3.498807e-02
4.448535e-02 -6.495735e-01 2.944780e-02
3.502081e-02 -6.421209e-01 1.660590e-02
3.510609e-02 -6.474103e-01 2.627364e-02
2.072492e-02 -6.561514e-01 2.684188e-02
2.457080e-02 -6.472701e-01 2.301835e-02
3.506662e-02 -5.894737e-01 -1.149857e-01
3.000647e-02 -5.885950e-01 -1.072250e-01
4.092596e-02 -5.957780e-01 -1.175165e-01
1.627335e-02 -5.857525e-01 -7.163354e-02
1.761814e-02 -5.979066e-01 -8.615933e-02
1.420150e-02 -6.011149e-01 -6.712680e-02
5.800055e-02 -6.131842e-01 -5.490153e-02
5.578095e-02 -6.166826e-01 -4.157970e-02
6.058269e-02 -6.097248e-01 -6.913359e-02
6.207233e-02 -5.941515e-01 -7.416537e-02
5.296301e-02 -5.989829e-01 -5.627745e-02
1.447610e-01 3.047318e-01 3.585330e-02
1.430837e-01 2.980749e-01 4.398296e-02
1.448889e-01 3.036540e-01 4.641925e-02
1.881848e-02 3.715881e-01 -2.973144e-02
5.573070e-02 -3.627694e-01 -1.281126e-02
6.186594e-02 -3.529482e-01 -5.645713e-03
5.612242e-02 -3.395162e-01 -1.555793e-03
6.612922e-02 1.177811e-01 9.765603e-02
4.321303e-02 -1.231123e-01 7.893886e-02
5.468996e-02 -1.099165e-01 8.745803e-02
4.654179e-02 -1.413783e-01 7.593753e-02
6.690232e-02 -2.427921e-02 9.418177e-02
3.827785e-02 -1.884857e-01 5.717249e-02
4.480155e-02 -3.142674e-01 9.383006e-03
3.747046e-02 -3.200696e-01 -1.026680e-02
4.198680e-02 -2.817288e-01 2.716075e-02
5.454225e-02 -2.477119e-01 4.366161e-02
6.331992e-02 -3.442526e-03 9.749743e-02
3.178768e-02 -2.557272e-01 2.985673e-02
3.813477e-02 -2.970604e-01 1.595856e-02
7.564850e-02 -4.080185e-02 9.285676e-02
8.655550e-02 -2.326097e-02 9.010991e-02
7.531446e-02 -9.868882e-02 9.003564e-02
3.858337e-02 1.264479e-02 9.991083e-02
6.701330e-02 6.706336e-02 9.576770e-02
4.153940e-02 -1.571617e-01 6.823796e-02
4.999723e-02 -2.245075e-01 5.204527e-02
5.901890e-02 -6.550913e-02 9.340072e-02
7.371742e-02 -7.689313e-02 9.277034e-02
4.358697e-02 3.965671e-02 9.636482e-02
1.048424e-01 1.147534e-01 7.542978e-02
8.230582e-02 1.074944e-02 9.347118e-02
9.719150e-02 -1.362495e-01 7.381504e-02
1.119180e-01 -1.498066e-01 5.397427e-02
9.398842e-02 -2.003781e-01 5.537169e-02
6.960918e-02 -2.316198e-01 5.161628e-02
7.682532e-02 -2.804548e-01 2.426884e-02
9.030825e-02 -2.806822e-01 1.064614e-02
9.107735e-02 -3.151916e-01 -5.761448e-03
5.842264e-02 -3.273526e-01 8.661457e-03
5.544779e-02 -3.010326e-01 2.172306e-02
9.012623e-02 -2.637326e-01 2.424483e-02
6.884654e-02 -2.653451e-01 3.547874e-02
9.110834e-02 -6.085432e-02 8.817697e-02
1.132270e-01 -9.985381e-02 6.377180e-02
1.047882e-01 -1.175015e-02 8.243831e-02
8.701620e-02 3.179160e-02 9.232677e-02
1.032049e-01 7.339616e-02 7.008789e-02
8.083744e-02 -1.819013e-01 6.929656e-02
1.034480e-01 -2.190233e-01 3.454098e-02
9.583827e-02 -3.833383e-02 8.617897e-02
1.087943e-01 1.360192e-01 6.556895e-02
7.760292e-02 -3.568734e-01 -5.033662e-03
4.636268e-02 -3.421141e-01 -1.531037e-02
7.909242e-02 1.681440e-01 8.799424e-02
1.045998e-01 1.718386e-01 7.021920e-02
3.328508e-02 -6.380165e-02 8.345687e-02
4.095400e-02 -5.747364e-02 8.755555e-02
3.223958e-02 -5.561333e-02 8.603524e-02
1.215572e-01 -3.908081e-02 5.691802e-02
1.094878e-01 -5.254474e-02 7.404537e-02
-2.449375e-03 -7.955693e-02 1.556839e-02
1.040897e-01 -1.198782e-02 -4.901468e-02
-1.956125e-03 -8.388048e-02 2.446377e-02
-2.176793e-03 -8.401500e-02 1.912458e-02
-1.857474e-03 -8.289893e-02 1.473982e-02
-9.784298e-04 -8.366811e-02 9.151601e-03
1.282144e-01 -4.994398e-02 5.366882e-03
1.235243e-02 -7.328697e-02 6.870212e-02
7.065276e-03 -8.572908e-02 5.660990e-02
1.270790e-01 -6.784674e-02 2.611516e-02
4.059948e-02 -6.896683e-02 8.697810e-02
5.018117e-02 -7.589458e-02 9.019069e-02
9.388883e-05 -8.791979e-02 3.527213e-02
-1.720518e-03 -8.868384e-02 2.165948e-02
1.920819e-02 -7.214072e-02 7.367010e-02
1.136645e-02 -8.325137e-02 6.315007e-02
-2.233596e-03 -7.928719e-02 7.923338e-03
1.022806e-03 -8.167901e-02 -1.723861e-03
1.212287e-01 -3.506807e-02 -1.792255e-02
5.388048e-02 -3.421392e-02 -6.979855e-02
6.097243e-02 -4.624418e-02 9.285185e-02
7.195548e-02 -5.736379e-02 9.342009e-02
9.573503e-02 -8.509780e-02 8.372006e-02
1.560645e-01 3.082138e-01 -2.655528e-02
1.055657e-01 -7.059662e-02 -3.644325e-02
7.456530e-02 -9.246152e-02 -4.768040e-02
7.442092e-02 2.620392e-01 -5.683063e-02
5.710414e-02 -1.041122e-01 -5.023659e-02
8.953728e-02 -2.883702e-01 -6.283377e-02
8.932769e-02 -2.614708e-01 -5.893701e-02
1.028921e-01 -3.172154e-01 -5.711588e-02
1.053660e-01 -3.347403e-01 -6.218443e-02
7.829737e-02 -5.007389e-01 -1.019199e-01
7.795715e-02 -2.430878e-01 -6.394501e-02
1.089672e-01 -3.560055e-01 -6.785458e-02
-4.358358e-03 -8.349132e-02 6.690260e-02
4.474751e-02 3.726831e-01 -3.045706e-02
1.464149e-01 3.652048e-01 -2.038728e-02
1.091940e-01 2.548206e-01 -4.684542e-02
9.484802e-04 -1.118315e-01 2.334778e-02
1.136698e-03 -1.115832e-01 1.444354e-02
3.225595e-05 -1.042475e-01 2.538890e-02
1.239330e-03 -1.069199e-01 3.348500e-02
1.359108e-01 2.870795e-01 -4.068229e-02
3.418355e-03 -1.348883e-01 1.913613e-02
1.458577e-03 -1.203507e-01 1.654790e-02
6.988315e-04 -1.205673e-01 7.819008e-03
1.115800e-03 -1.293814e-01 1.131097e-02
7.593777e-03 -1.505706e-01 -1.476049e-02
7.628176e-03 -1.570032e-01 -3.746187e-03
1.051487e-01 -1.643080e-01 -4.270936e-02
1.046943e-01 -2.275584e-01 -4.293255e-02
1.112860e-01 -4.056443e-01 -7.264181e-02
1.022961e-01 -4.537148e-01 -7.994831e-02
-9.091590e-04 -8.986925e-02 2.657459e-02
-8.494644e-04 -9.622499e-02 2.292238e-02
-1.028442e-03 -9.162804e-02 1.738341e-02
1.535889e-04 -9.654409e-02 1.301018e-02
-3.073208e-03 -8.283085e-02 5.729263e-02
3.882470e-03 -7.851404e-02 5.962607e-02
2.031452e-02 -2.056779e-01 -3.036381e-02
3.175141e-02 -2.304211e-01 -5.256393e-02
2.250372e-02 -2.494356e-01 -4.478237e-02
3.176665e-02 -2.560754e-01 -5.943336e-02
2.879963e-02 -2.765557e-01 -6.063487e-02
4.019453e-02 -3.182193e-01 -6.949744e-02
4.541521e-02 -3.593239e-01 -8.941894e-02
3.647199e-02 -3.773737e-01 -8.761792e-02
2.311350e-02 -4.388547e-01 -8.645627e-02
1.144886e-01 3.769245e-01 -2.446588e-02
1.597243e-01 3.124944e-01 -2.345673e-02
1.701198e-01 3.018669e-01 -2.732659e-02
1.587075e-01 3.158621e-01 -2.596800e-02
1.799092e-01 3.608790e-01 4.513520e-03
7.604117e-02 2.167136e-01 -4.906581e-02
8.293028e-02 2.402136e-01 -5.058321e-02
1.283650e-01 2.972135e-01 -4.591566e-02
1.036902e-01 2.804588e-01 -5.367908e-02
1.845980e-01 2.844496e-01 -2.965380e-02
2.075792e-01 2.862275e-01 -9.075214e-03
1.844887e-01 3.455494e-01 -3.741144e-03
7.961440e-02 -3.723362e-02 -6.453115e-02
9.103817e-02 4.455197e-02 -4.305347e-02
6.010782e-02 1.255510e-01 -3.355977e-02
1.356250e-02 -1.766938e-01 -1.164234e-02
1.999208e-03 -1.309567e-01 -9.161465e-03
1.728948e-03 -1.208052e-01 -1.314896e-02
6.733761e-03 -1.265188e-01 -2.357867e-02
1.004752e-01 -1.341328e-01 -4.254121e-02
9.367934e-02 -1.820284e-01 -5.522029e-02
1.056565e-01 -4.160047e-01 -9.025691e-02
2.717420e-02 -4.154749e-01 -8.913518e-02
1.024330e-01 -3.667525e-01 -8.444034e-02
4.501282e-02 -3.366162e-01 -7.892688e-02
9.516353e-02 -4.739795e-01 -8.950533e-02
3.519687e-02 -4.636829e-01 -1.009328e-01
1.487600e-04 -8.164024e-02 4.821689e-02
8.997139e-02 2.954427e-03 -6.052260e-02
7.632208e-02 6.519896e-02 -4.051660e-02
7.635697e-02 -5.354118e-01 -9.293502e-02
5.982716e-02 -5.669408e-01 -9.966185e-02
2.943014e-02 -5.726714e-01 -1.032909e-01
2.967591e-02 -5.604393e-01 -1.017308e-01
3.433560e-02 -5.323650e-01 -1.043092e-01
5.047551e-02 -5.922648e-01 -1.052817e-01
5.993091e-02 -6.463427e-01 -1.179159e-01
6.025392e-02 -6.286353e-01 -1.031136e-01
1.832822e-02 -6.428828e-01 -8.510233e-02
2.530975e-02 -6.239629e-01 -1.086216e-01
2.438780e-02 -6.548041e-01 -9.021962e-02
2.199512e-02 -6.143414e-01 -9.667393e-02
5.871895e-02 -6.148947e-01 -9.844071e-02
2.906669e-02 -6.586875e-01 -1.003536e-01
2.502318e-02 -5.987538e-01 -9.927416e-02
9.107035e-02 -1.990546e-02 -6.246465e-02
1.052525e-03 -8.452434e-02 4.384129e-02
1.814885e-03 -8.084662e-02 5.398287e-02
1.156020e-01 4.015863e-01 4.406974e-02
1.054232e-01 4.103789e-01 4.113903e-02
2.497198e-02 9.733071e-02 1.051223e-01
7.245114e-02 2.110083e-01 9.073018e-02
2.093209e-02 -3.600800e-03 1.041999e-01
8.824836e-02 3.218091e-01 1.021551e-01
2.239053e-02 -4.671433e-02 1.037379e-01
2.940388e-02 -3.530016e-02 1.041027e-01
9.825853e-02 3.786141e-01 7.115120e-02
1.151403e-01 3.610573e-01 8.135771e-02
5.432292e-02 1.532665e-01 9.906361e-02
1.034057e-01 2.717701e-01 1.102795e-01
1.190936e-01 4.030322e-01 6.279343e-03
4.670670e-02 2.022455e-01 1.017019e-01
6.395993e-02 3.933135e-01 -2.258149e-02
1.194868e-01 4.071336e-01 2.111675e-02
8.666129e-02 2.544912e-01 1.107749e-01
8.409901e-03 -4.774905e-02 1.087173e-01
-1.583267e-03 -7.608327e-02 9.194984e-02
3.680836e-02 1.309520e-01 1.037678e-01
3.389548e-02 -4.496805e-02 -6.595729e-02
3.415257e-02 1.447952e-02 -7.119692e-02
4.627300e-02 5.150061e-01 1.444495e-01
5.087865e-02 5.301661e-01 1.374069e-01
5.783212e-02 5.405629e-01 1.146711e-01
5.786286e-02 5.457328e-01 7.620966e-02
5.951284e-02 5.175355e-01 9.295570e-02
5.735885e-02 5.130107e-01 9.270766e-02
5.838137e-02 5.156584e-01 9.231719e-02
5.862910e-02 5.153780e-01 9.752489e-02
5.942486e-02 5.202721e-01 1.016694e-01
5.333825e-02 4.887269e-01 8.897796e-02
5.671366e-02 4.922791e-01 8.955108e-02
6.226355e-02 4.915739e-01 8.977702e-02
6.324001e-02 4.973288e-01 8.908812e-02
5.643841e-02 5.014999e-01 9.472099e-02
1.065043e-01 3.145705e-01 1.046467e-01
1.327559e-01 3.256243e-01 9.222921e-02
7.643209e-02 2.354855e-01 1.007283e-01
1.463813e-01 3.006321e-01 8.439368e-02
1.531133e-01 2.854890e-01 1.295729e-02
1.548365e-01 2.863240e-01 5.061275e-03
1.577892e-01 3.004124e-01 -1.952217e-02
1.575463e-01 2.965119e-01 -1.639488e-02
1.300429e-01 3.944596e-01 5.247457e-02
1.566230e-01 2.888350e-01 -5.333368e-03
1.575338e-01 2.968210e-01 -9.605369e-03
1.337053e-01 3.643889e-01 7.985226e-02
1.380347e-01 2.844581e-01 6.454534e-02
1.477256e-01 2.962680e-01 7.549407e-02
1.466591e-01 2.941680e-01 6.780360e-02
1.513554e-01 2.846087e-01 2.015544e-02
1.058430e-01 2.550133e-01 9.962045e-02
1.462300e-01 3.132287e-01 -3.573097e-02
1.124005e-01 2.196145e-01 7.354495e-02
1.471268e-01 2.837262e-01 3.196095e-02
1.492790e-01 2.885127e-01 2.668650e-02
1.656238e-01 3.646435e-01 -8.522529e-03
1.258417e-01 4.028316e-01 3.407527e-02
1.529826e-01 3.685795e-01 7.766788e-02
1.548556e-01 3.907107e-01 5.384451e-02
1.445746e-01 3.478865e-01 8.386989e-02
1.448966e-01 3.314771e-01 8.625295e-02
5.564926e-02 2.865151e-01 1.104133e-01
1.183046e-01 2.895488e-01 1.058578e-01
1.296105e-01 2.753465e-01 8.203223e-02
1.300454e-01 2.698781e-01 6.795291e-02
1.415632e-01 2.825637e-01 4.272804e-02
1.444989e-01 2.850984e-01 3.954981e-02
1.492069e-01 3.898548e-01 1.550881e-02
1.789089e-01 3.738976e-01 2.073275e-02
1.524491e-01 2.951050e-01 -2.752610e-02
1.446362e-01 3.432858e-01 -3.209430e-02
1.376200e-01 2.632190e-01 4.954765e-02
1.388697e-01 2.557463e-01 4.543598e-02
1.481005e-01 2.539354e-01 2.629816e-02
1.444403e-01 2.646244e-01 3.649935e-02
1.420411e-01 2.593731e-01 4.076049e-02
1.528928e-01 2.623939e-01 1.442190e-02
1.523156e-01 2.551140e-01 1.381602e-02
1.507587e-01 2.588795e-01 2.116926e-02
1.539697e-01 2.626901e-01 -6.858988e-04
1.540573e-01 2.618837e-01 6.968227e-03
1.519981e-01 2.746299e-01 -1.818570e-02
1.523700e-01 2.599865e-01 -7.337706e-03
1.535639e-01 2.676406e-01 -8.182358e-03
1.501341e-01 2.786275e-01 -2.371754e-02
1.480098e-01 2.707275e-01 -2.312790e-02
1.459045e-01 2.765963e-01 -2.895013e-02
1.435904e-01 2.822507e-01 -3.329657e-02
1.215412e-01 3.120798e-01 -4.722710e-02
1.474728e-01 3.259313e-01 -3.419297e-02
1.278915e-01 3.385257e-01 -3.852132e-02
1.573787e-01 3.530956e-01 -2.332554e-02
3.622335e-02 3.149513e-01 9.797711e-02
1.322191e-01 3.766384e-01 -1.700789e-02
1.510151e-01 3.036061e-01 -3.106630e-02
1.385335e-01 3.056228e-01 -4.063957e-02
8.920094e-02 3.017679e-01 1.095702e-01
1.435238e-01 3.151994e-01 8.940718e-02
1.181714e-01 2.730134e-01 1.010695e-01
1.185435e-01 3.253577e-01 9.755084e-02
1.049898e-01 2.952159e-01 1.101274e-01
1.173160e-01 1.916797e-01 5.920021e-02
2.079973e-02 1.402418e-01 -3.668466e-02
3.283058e-02 1.198059e-01 -3.793116e-02
1.175341e-02 2.919675e-01 1.023440e-01
3.207020e-02 2.088351e-01 -4.463490e-02
2.784613e-02 1.967757e-01 -4.185778e-02
3.396579e-02 2.381519e-01 -5.005080e-02
2.784215e-02 2.497269e-01 -5.154877e-02
2.514400e-02 2.711870e-01 1.080173e-01
3.419448e-02 2.728902e-01 -5.469670e-02
3.040835e-02 2.603797e-01 -5.322805e-02
2.564868e-02 3.090607e-01 -5.137645e-02
-1.111454e-02 -7.809168e-02 9.472221e-02
7.264277e-03 1.360541e-01 1.015607e-01
6.238808e-04 -2.694367e-03 1.036398e-01
2.008821e-02 1.828929e-01 1.026389e-01
-3.404202e-02 5.164710e-01 1.634873e-01
-4.156733e-02 5.220160e-01 1.550802e-01
-1.116773e-02 4.786817e-01 1.624684e-01
-1.452617e-02 4.722377e-01 1.555907e-01
-1.123065e-02 4.718296e-01 1.639865e-01
-8.355716e-03 4.740602e-01 1.698283e-01
-1.124132e-02 4.684833e-01 1.583301e-01
-2.131422e-02 4.307672e-01 1.292714e-01
-1.554603e-02 4.463673e-01 1.488485e-01
-6.202536e-03 4.214905e-01 1.429433e-01
-4.322142e-02 4.913707e-01 1.401671e-01
-3.313189e-02 5.285736e-01 1.634573e-01
-4.183443e-02 5.391097e-01 1.539552e-01
-3.082969e-02 4.474506e-01 1.308108e-01
-4.129568e-02 4.638046e-01 1.215730e-01
-2.587402e-02 4.282797e-01 9.072071e-02
-4.860490e-02 5.018296e-01 1.309916e-01
-4.042863e-02 5.607384e-01 1.454977e-01
-5.762843e-02 5.523342e-01 9.637121e-02
-3.992767e-02 4.583971e-01 9.354902e-02
-4.062909e-02 4.614132e-01 8.208514e-02
-4.722873e-02 5.636093e-01 6.710077e-02
-4.634277e-02 5.468857e-01 5.898717e-02
-4.619556e-02 5.137353e-01 1.424476e-01
-5.326542e-02 5.384429e-01 7.086875e-02
-4.397275e-02 4.876643e-01 6.958732e-02
-3.039276e-02 4.436054e-01 5.082720e-02
-1.276541e-02 4.111581e-01 9.254383e-02
-3.534631e-02 5.003377e-01 5.357248e-02
-4.316322e-02 4.955715e-01 6.229119e-02
-3.571966e-02 4.848709e-01 5.534419e-02
-1.777085e-02 4.788337e-01 1.549826e-01
-2.461838e-02 5.208359e-01 1.691753e-01
-3.555718e-02 4.641654e-01 1.385597e-01
-2.833780e-02 5.621061e-01 1.560829e-01
-3.147762e-02 5.937487e-01 1.050542e-01
-2.122665e-02 4.946716e-01 4.459559e-02
-2.819759e-02 5.428740e-01 1.646751e-01
-4.970428e-02 5.488720e-01 1.370656e-01
-5.388875e-02 5.357223e-01 1.267529e-01
-4.690052e-02 4.823676e-01 1.268792e-01
-4.530738e-02 4.767126e-01 1.112081e-01
-5.481983e-02 5.573602e-01 1.134203e-01
-4.183248e-02 5.757893e-01 1.236199e-01
-5.184169e-02 5.679892e-01 8.597376e-02
-4.475294e-02 5.818384e-01 9.444709e-02
-2.933257e-02 5.984282e-01 8.107341e-02
-9.687085e-03 4.629182e-01 1.574114e-01
-5.489749e-03 4.168794e-01 1.036313e-01
-1.907472e-02 4.577467e-01 1.513019e-01
-3.589860e-02 4.323793e-01 6.346979e-02
-2.300774e-02 4.765757e-01 4.641153e-02
-4.168525e-03 4.942258e-01 3.758470e-02
-6.205082e-03 4.657964e-01 1.615079e-01
-3.008973e-03 4.789089e-01 1.738195e-01
-2.515591e-03 4.194907e-01 1.136000e-01
-1.302130e-02 5.189660e-01 1.728509e-01
-3.875716e-02 4.788323e-01 1.432398e-01
-2.332477e-02 4.689283e-01 1.509818e-01
-2.968514e-02 5.084232e-01 1.617313e-01
-2.706292e-02 4.791326e-01 1.510596e-01
-1.420957e-02 5.025480e-01 1.587275e-01
-4.036759e-02 5.018304e-01 1.450409e-01
-4.639428e-02 4.953967e-01 7.122112e-02
-4.272027e-02 4.804944e-01 8.422893e-02
-5.624949e-02 5.275351e-01 8.449349e-02
-5.683570e-02 5.253458e-01 9.888110e-02
-4.431886e-02 4.788725e-01 9.911527e-02
-4.216525e-02 4.735218e-01 7.882474e-02
-5.476262e-02 5.193698e-01 1.082944e-01
-3.413823e-02 5.835328e-01 6.221004e-02
-5.459709e-02 5.501183e-01 7.767256e-02
-7.713419e-03 5.895035e-01 4.975529e-02
-3.436562e-02 5.443205e-01 4.405661e-02
-4.882697e-02 5.299640e-01 6.132462e-02
-2.859212e-02 5.657234e-01 4.595531e-02
-2.954040e-02 5.128437e-01 4.436871e-02
-4.230795e-02 5.147523e-01 5.573623e-02
-2.423306e-02 5.297983e-01 3.622760e-02
-4.642497e-02 4.881558e-01 9.928327e-02
-5.173418e-02 5.027464e-01 1.136769e-01
-9.624507e-03 4.905476e-01 1.631715e-01
-2.873114e-02 4.374589e-01 1.160213e-01
-4.210776e-04 4.175793e-01 1.230243e-01
-2.548935e-02 4.518597e-01 1.434115e-01
-4.846132e-02 4.887809e-01 1.099447e-01
-2.335485e-02 5.821089e-01 1.392531e-01
-1.213945e-02 6.061314e-01 9.729140e-02
-1.485033e-02 4.656243e-01 1.538441e-01
-3.857711e-03 4.945259e-01 1.685759e-01
-2.182098e-03 4.707621e-01 1.754217e-01
-1.841710e-02 5.068602e-01 1.644421e-01
-2.174069e-02 5.121644e-01 1.691884e-01
-1.210001e-02 5.134532e-01 3.467916e-02
-5.639325e-03 4.491396e-01 2.967491e-02
-2.371463e-03 4.579904e-01 1.609393e-01
-8.001812e-03 4.689389e-01 1.666579e-01
-1.880105e-02 5.299332e-01 1.704272e-01
-1.244794e-02 4.969435e-01 1.575572e-01
2.753470e-03 4.628174e-01 1.633832e-01
-1.763554e-02 4.592667e-01 4.128157e-02
-5.879072e-03 4.685903e-01 1.706381e-01
-3.758500e-02 4.506052e-01 1.095899e-01
-3.406534e-02 4.232748e-01 7.683157e-02
-3.129456e-02 4.402417e-01 9.787262e-02
-1.153249e-02 5.732545e-01 1.552159e-01
-4.086819e-02 5.273901e-01 5.010054e-02
-1.001488e-02 5.435330e-01 3.072311e-02
-1.417952e-02 6.026122e-01 6.637327e-02
-5.383301e-02 5.106563e-01 9.966023e-02
-2.305467e-02 4.442640e-01 3.367413e-02
-4.795318e-02 5.278596e-01 1.427758e-01
-2.962993e-02 4.630118e-01 5.642200e-02
-4.878106e-02 5.169166e-01 6.500329e-02
-8.746277e-03 5.004862e-01 1.647387e-01
-4.217693e-02 4.730624e-01 9.013412e-02
-1.647825e-02 4.345357e-01 1.414198e-01
-4.269317e-02 4.673268e-01 1.027917e-01
-3.656195e-02 4.399188e-01 8.043310e-02
6.875890e-03 4.615929e-01 3.157945e-02
-6.655070e-03 4.754259e-01 3.670903e-02
-1.001279e-02 4.684134e-01 1.629026e-01
-2.122184e-03 4.654729e-01 1.656693e-01
-1.777165e-02 4.906282e-01 1.552721e-01
-3.979838e-02 5.102112e-01 1.545394e-01
-1.682594e-02 4.991815e-01 1.554193e-01
-3.419210e-02 4.914871e-01 1.482160e-01
4.464462e-03 5.178148e-01 2.944995e-02
-5.678485e-02 5.158735e-01 9.192259e-02
-5.639354e-02 5.225292e-01 9.267648e-02
-5.573297e-02 5.183752e-01 9.577110e-02
-5.866830e-02 5.219093e-01 8.405872e-02
-5.907551e-02 5.185508e-01 7.872908e-02
-5.619166e-02 5.161586e-01 7.765931e-02
-5.981302e-02 5.063657e-01 7.507250e-02
-5.963003e-02 5.032939e-01 7.512435e-02
-5.609322e-02 5.227563e-01 8.276879e-02
-5.645809e-02 5.233254e-01 8.696409e-02
-5.798111e-02 5.206934e-01 8.732237e-02
-5.264143e-02 5.120148e-01 8.212955e-02
-4.947772e-02 5.013314e-01 8.847076e-02
-4.876738e-02 5.010521e-01 8.411409e-02
-4.960709e-02 4.982460e-01 1.014657e-01
-4.412670e-02 4.826070e-01 9.105392e-02
-4.810208e-02 5.021188e-01 6.983452e-02
-5.412268e-02 4.919610e-01 8.149150e-02
-4.548124e-02 4.859815e-01 8.689250e-02
-5.477919e-02 5.203831e-01 8.012077e-02
-5.280835e-02 5.174024e-01 7.837103e-02
-5.245702e-02 5.128132e-01 7.674185e-02
-5.430632e-02 4.986963e-01 7.605856e-02
-5.214594e-02 4.945468e-01 7.873548e-02
-5.586858e-02 5.035248e-01 7.471632e-02
-4.925821e-02 4.979891e-01 7.686357e-02
-5.617349e-02 5.073953e-01 7.486621e-02
-5.121606e-02 5.030980e-01 7.503237e-02
-5.643314e-02 4.952749e-01 7.861008e-02
-5.615669e-02 5.114779e-01 7.601470e-02
-5.830736e-02 4.998082e-01 7.606354e-02
-5.149703e-02 4.922394e-01 8.668871e-02
-4.824074e-02 4.953657e-01 9.128699e-02
-5.544630e-02 4.999374e-01 8.011703e-02
-5.101089e-02 5.036258e-01 8.096732e-02
-5.550507e-02 5.100718e-01 8.089780e-02
-5.931913e-02 5.089952e-01 7.809240e-02
-5.891222e-02 5.137640e-01 7.972343e-02
-5.794727e-02 5.182463e-01 8.260654e-02
-5.938357e-02 5.156995e-01 7.706008e-02
-5.517033e-02 5.137272e-01 8.822254e-02
-5.616932e-02 5.171556e-01 8.665327e-02
-5.896847e-02 5.208473e-01 8.060084e-02
-5.958268e-02 5.125270e-01 7.606031e-02
-5.962833e-02 5.093873e-01 7.511060e-02
-5.427678e-02 5.062791e-01 7.982402e-02
-5.808317e-02 5.038794e-01 7.812819e-02
-5.012208e-02 5.034707e-01 9.370708e-02
-4.905708e-02 3.900776e-01 5.850281e-02
-6.633628e-02 3.657653e-01 7.161107e-02
-6.671328e-02 3.012775e-01 9.816003e-02
-7.457154e-02 4.058216e-01 3.200948e-02
-6.505518e-02 1.879919e-01 7.057235e-02
-9.879312e-02 2.109909e-01 1.202937e-02
-1.001006e-01 2.167051e-01 -6.701848e-03
-1.014103e-01 2.213094e-01 9.966752e-03
-1.412554e-01 2.144497e-01 2.015805e-02
-9.580758e-02 1.329464e-01 6.229727e-03
-1.640744e-01 3.317503e-01 2.379379e-02
-1.129219e-01 2.522844e-01 -1.023902e-02
-1.122912e-01 2.515629e-01 -2.015211e-03
-1.107897e-01 2.439763e-01 -6.495991e-03
-1.047924e-01 2.296363e-01 -1.441128e-03
-1.038689e-01 2.287243e-01 7.122391e-03
-1.018770e-01 2.220472e-01 4.737526e-04
-5.244185e-02 2.300090e-01 8.621807e-02
-7.075787e-02 1.372088e-01 6.643460e-02
-6.575624e-02 2.478793e-01 9.292760e-02
-1.233612e-01 3.017623e-01 5.211289e-02
-1.007412e-01 1.214234e-01 1.425129e-02
-1.114366e-01 3.005962e-01 -7.442567e-03
-3.187035e-02 2.582410e-01 1.090349e-01
-5.360230e-02 3.196260e-01 9.418789e-02
-3.288236e-02 3.476171e-01 8.590510e-02
-3.828514e-02 3.980809e-01 6.333612e-02
-1.091551e-01 2.866402e-01 6.725688e-02
-8.605079e-02 3.586188e-01 -5.112138e-02
-1.139587e-01 3.153240e-01 -4.815269e-02
-1.128630e-01 2.970876e-01 -4.220789e-02
-1.122683e-01 2.992414e-01 -3.733546e-02
-8.915521e-02 1.336765e-01 -8.024059e-03
-9.181380e-02 2.353305e-01 -4.312080e-02
-9.032930e-02 2.433175e-01 -4.925924e-02
2.172282e-02 3.329006e-01 -4.555328e-02
-1.112894e-01 2.499444e-01 -1.979637e-02
-1.104267e-01 2.446785e-01 -1.405990e-02
-1.122826e-01 2.558450e-01 -2.619978e-02
-1.155332e-01 2.749603e-01 -1.910681e-02
-7.884064e-02 4.128203e-01 1.419938e-02
-1.474534e-03 2.801784e-01 -6.494592e-02
-1.145400e-01 3.018859e-01 -4.036913e-02
-1.145554e-01 2.869971e-01 -3.665300e-02
-1.144201e-01 2.934831e-01 -3.996804e-02
-1.059701e-01 2.703900e-01 -4.900234e-02
-1.020675e-01 2.599135e-01 -4.848928e-02
-1.099645e-01 2.598533e-01 -3.826781e-02
4.625369e-03 2.239341e-01 -6.088721e-02
-1.110398e-01 2.915738e-01 3.033796e-02
-1.082204e-01 2.924495e-01 1.837996e-02
-1.102133e-01 2.924942e-01 2.724197e-02
-1.032803e-01 2.699182e-01 -1.380910e-03
-1.045594e-01 2.702963e-01 5.952713e-03
-1.049708e-01 2.755221e-01 9.953546e-03
-9.778401e-02 4.038838e-01 1.066791e-02
-1.054408e-01 2.859533e-01 -3.019398e-02
-1.018488e-01 2.729747e-01 -2.697569e-02
-1.568441e-01 2.194414e-01 1.550860e-02
-1.007494e-01 2.563489e-01 -2.460470e-02
-1.021362e-01 2.503854e-01 -2.987006e-02
-1.019139e-01 2.418082e-01 -2.810450e-02
-8.193686e-02 2.337680e-01 -4.940805e-02
-8.525718e-02 2.269723e-01 -4.267571e-02
-6.847278e-02 1.367853e-01 -2.776201e-02
-9.386252e-02 1.201252e-01 -6.139715e-03
-4.822062e-02 4.282206e-01 2.024922e-02
-1.095870e-01 3.578780e-02 -1.814879e-02
-2.098706e-02 4.260764e-01 3.556619e-03
-1.095309e-01 5.188580e-02 -8.889240e-03
-4.971346e-02 4.228946e-01 3.791433e-02
-1.173765e-01 2.143065e-02 1.891302e-03
-1.202743e-01 4.781001e-03 1.626717e-02
-1.157249e-02 4.370455e-01 1.854129e-02
-1.001658e-01 1.104888e-01 3.717826e-03
-6.018341e-02 -7.560095e-02 -5.131188e-02
-2.262583e-02 -7.988701e-02 -4.534602e-02
-3.354450e-03 2.633779e-02 -6.923869e-02
-1.046302e-01 1.070355e-01 2.163525e-02
-1.329912e-01 -1.075234e-01 2.371830e-02
-8.469378e-02 -1.085698e-01 -2.968076e-02
-4.951113e-02 8.721893e-02 8.524746e-02
-3.077640e-02 -2.484590e-02 1.051961e-01
-1.202565e-02 -8.092041e-02 -3.592468e-02
-1.039417e-02 -7.116218e-02 -5.290905e-02
-1.362629e-01 -1.172310e-01 4.333756e-02
-1.372791e-01 -1.292717e-01 6.253653e-02
-1.070094e-01 -1.249354e-01 1.048442e-01
-1.641669e-02 -7.617161e-02 7.344250e-02
-1.951092e-02 -7.329644e-02 6.795926e-02
-2.066499e-02 -7.165658e-02 7.801057e-02
2.772689e-03 -4.264354e-02 -6.906430e-02
-6.763592e-02 1.171174e-01 -3.235631e-02
-4.948109e-02 2.404524e-01 -6.108391e-02
-4.448611e-02 -1.296703e-01 -2.352118e-02
-3.701665e-02 -1.432430e-01 -1.733221e-02
-1.095517e-01 -1.316735e-01 -1.126640e-02
-1.341415e-01 -1.341044e-01 2.530412e-02
-1.001791e-01 -1.486987e-01 1.101849e-01
-4.199175e-02 -1.160730e-01 8.466092e-02
-7.573774e-02 -2.763823e-02 7.973032e-02
-5.758141e-02 -3.180473e-02 8.469947e-02
-2.119952e-02 9.150147e-02 9.722614e-02
-3.616161e-02 1.622311e-01 8.974502e-02
-1.485167e-02 2.996396e-01 1.011175e-01
-1.175230e-01 1.477409e-02 3.325830e-02
-1.419120e-02 -1.316393e-01 4.103979e-04
-1.650693e-02 -1.453091e-01 8.442375e-04
-9.384148e-03 -1.148635e-01 6.558734e-03
-1.302119e-02 -1.205307e-01 -7.710368e-04
-9.616442e-03 -1.258104e-01 7.481114e-03
-6.761494e-03 -1.202688e-01 1.448665e-02
-1.142245e-01 3.544982e-02 3.458027e-02
-9.631346e-02 1.330066e-01 2.610200e-02
-9.671318e-02 2.115205e-01 2.505872e-02
-9.964123e-02 2.194558e-01 1.894201e-02
-4.986018e-02 2.463585e-01 1.007666e-01
-1.232470e-01 -1.046873e-01 3.709121e-04
-1.251788e-01 -1.292209e-01 6.454521e-03
-1.068322e-01 -1.975882e-01 1.106649e-01
-2.352815e-02 -1.673153e-01 5.896429e-02
-3.706066e-02 -2.185230e-01 6.696399e-02
-3.198940e-02 -2.010834e-01 5.968573e-02
-1.229284e-01 -1.485256e-01 9.976352e-02
-1.431777e-01 -1.895252e-01 6.223916e-02
-8.933309e-02 -1.329255e-01 -2.283178e-02
-2.110716e-02 -1.234920e-01 6.632277e-02
-1.339269e-02 -1.289364e-01 5.563889e-02
-1.518111e-02 -1.648974e-01 1.274034e-02
-2.356099e-02 -1.736151e-01 3.694946e-03
-1.076099e-01 -1.898163e-01 -4.388726e-03
-1.159931e-01 -1.743895e-01 5.354400e-04
-1.391332e-01 -1.809411e-01 3.824580e-02
-1.370681e-01 -2.514804e-01 8.478765e-02
-1.418847e-01 -2.246192e-01 5.250727e-02
-1.342034e-01 -2.335225e-01 3.101413e-02
-1.335316e-01 -2.187946e-01 2.907137e-02
-1.153949e-01 -2.145088e-01 5.354826e-03
-1.243837e-01 -2.154166e-01 1.461719e-02
-1.059451e-01 -2.176563e-01 -7.253253e-04
-9.754078e-02 -2.108165e-01 -6.833754e-03
-7.608665e-02 -2.192714e-01 -6.967000e-03
-6.866726e-02 -2.073801e-01 -1.074628e-02
-4.491321e-02 -2.173394e-01 6.681020e-03
-6.936197e-02 -2.757741e-01 2.088888e-02
-7.002804e-02 -2.699741e-01 1.976714e-02
-1.079268e-01 -2.648374e-01 1.695631e-02
-1.214070e-01 -2.679806e-01 1.913870e-02
-1.310333e-01 -2.676903e-01 2.386926e-02
-1.364021e-01 -2.698730e-01 2.780777e-02
-1.425350e-01 -2.816793e-01 3.747206e-02
-1.423247e-01 -3.028775e-01 4.106801e-02
-1.425279e-01 -2.851935e-01 5.334942e-02
-4.794473e-02 -2.854388e-01 4.678002e-02
-7.297857e-02 -3.238932e-01 7.094803e-02
-1.428307e-01 -2.431062e-01 6.525101e-02
-1.264579e-01 -2.303091e-01 1.888989e-02
-1.167527e-01 -2.258916e-01 8.996340e-03
-4.372442e-02 -2.306603e-01 1.725074e-02
-5.592750e-02 -2.297448e-01 5.458115e-03
-3.717459e-02 -2.379570e-01 5.851802e-02
-1.204050e-01 -2.824353e-01 1.002845e-01
-1.435897e-01 -2.713350e-01 4.470067e-02
-1.411635e-01 -2.713777e-01 3.427780e-02
-1.344944e-01 -2.619425e-01 2.744839e-02
-1.389484e-01 -2.599306e-01 3.460606e-02
-1.295327e-01 -2.613176e-01 2.304392e-02
-1.022122e-01 -2.487639e-01 7.663172e-03
-1.127169e-01 -2.548106e-01 1.290391e-02
-1.092686e-01 -2.502463e-01 1.018805e-02
-8.966958e-02 -2.553135e-01 1.014493e-02
-6.040735e-02 -2.604070e-01 1.881501e-02
-7.617190e-02 -2.664296e-01 1.744368e-02
-6.554830e-02 -2.656330e-01 1.877566e-02
-4.256387e-02 -2.711665e-01 5.238312e-02
-1.187759e-01 -3.348541e-01 6.724049e-02
-9.089749e-02 -3.377673e-01 5.516563e-02
-8.912764e-02 -3.366447e-01 3.680558e-02
-1.440710e-01 -2.915143e-01 3.149807e-02
-1.234773e-01 -3.356204e-01 4.520268e-02
-1.267929e-01 -3.317923e-01 2.546530e-02
-6.117263e-02 -2.921185e-01 1.056322e-02
-5.661179e-02 -2.918551e-01 2.676546e-02
-7.575341e-02 -2.721834e-01 1.973319e-02
-8.267316e-02 -2.675835e-01 1.767777e-02
-1.079961e-01 -2.604215e-01 1.451494e-02
-1.241111e-01 -2.639756e-01 1.484986e-02
-1.155513e-01 -2.602095e-01 1.377197e-02
-1.140449e-01 -2.605550e-01 1.554237e-02
-1.465868e-01 -2.792875e-01 9.738881e-03
-1.394725e-01 -2.769591e-01 1.963549e-02
-1.451043e-01 -3.064036e-01 4.789862e-03
-1.470794e-01 -2.923249e-01 1.675135e-02
-1.319064e-01 -3.218566e-01 -2.214887e-02
-1.387946e-01 -3.176102e-01 -8.495411e-03
-1.351058e-01 -3.228791e-01 1.056428e-02
-1.434070e-01 -3.055475e-01 2.240607e-02
-1.005254e-01 -2.878004e-01 -1.135528e-01
-1.170937e-01 -2.925956e-01 -1.142481e-01
-6.080172e-02 -2.851204e-01 -8.578607e-04
-7.671172e-02 -2.631585e-01 1.149298e-02
-7.541258e-02 -2.582284e-01 4.174397e-03
-8.112869e-02 -2.512961e-01 1.837484e-04
-8.368143e-02 -2.575662e-01 1.001983e-02
-1.543139e-01 -2.708279e-01 -2.230543e-02
-5.693019e-02 -2.629743e-01 -5.994961e-02
-9.131707e-02 -2.291834e-01 -3.206880e-02
-7.977461e-02 -2.361758e-01 -2.864198e-02
-1.537758e-01 -2.540825e-01 -6.526536e-02
-1.552645e-01 -2.650464e-01 -5.166520e-02
-1.248306e-01 -3.168845e-01 -5.286098e-02
-1.118727e-01 -3.139304e-01 -5.998427e-02
-1.258802e-01 -3.089042e-01 -7.334518e-02
-7.151585e-02 -2.313861e-01 -1.197700e-01
-8.971214e-02 -2.191498e-01 -7.018340e-02
-1.428354e-01 -2.365353e-01 -1.205373e-01
-1.459043e-01 -2.540846e-01 -1.099933e-01
-1.300695e-01 -2.823795e-01 -1.221568e-01
-1.282638e-01 -2.720103e-01 -1.445294e-01
-1.149039e-01 -2.757630e-01 -1.510832e-01
-9.868650e-02 -2.679105e-01 -1.631126e-01
-7.273428e-02 -2.335297e-01 -1.419594e-01
-8.958206e-02 -2.124520e-01 -1.374997e-01
-1.213281e-01 -2.116920e-01 -1.408028e-01
-1.085103e-01 -2.106461e-01 -1.281171e-01
-1.346757e-01 -2.218209e-01 -1.286798e-01
-1.404206e-01 -2.393778e-01 -1.386943e-01
-1.372155e-01 -2.582129e-01 -1.437587e-01
-1.368449e-01 -2.433275e-01 -1.577717e-01
-1.299912e-01 -2.620765e-01 -1.601121e-01
-1.149501e-01 -2.697562e-01 -1.654702e-01
-7.203303e-03 -8.756249e-02 8.492677e-03
-8.407045e-03 -8.732904e-02 2.011143e-03
-7.165603e-03 -9.309027e-02 1.484680e-02
-6.195681e-03 -9.233310e-02 2.314622e-02
-5.240988e-03 -8.796088e-02 1.950456e-02
-5.643514e-03 -8.695779e-02 1.404423e-02
-3.867350e-02 -1.742011e-01 7.823820e-02
-4.844626e-02 -2.207959e-01 9.066453e-02
-4.288034e-02 -2.408460e-01 7.894590e-02
-4.886462e-02 -2.852113e-01 6.530561e-02
-5.426565e-02 -2.991226e-01 5.042440e-02
-6.214019e-02 -3.002930e-01 1.952421e-02
-6.891289e-02 -3.093132e-01 1.629854e-02
-6.513844e-02 -2.922685e-01 -2.686773e-02
-6.125847e-02 -2.749693e-01 -7.772148e-02
-7.049196e-02 -2.450773e-01 -1.299440e-01
-6.662295e-02 -2.528802e-01 -1.140346e-01
-7.617357e-02 -2.498877e-01 -1.488023e-01
-5.760730e-02 -6.768098e-02 8.753405e-02
-5.262911e-02 -7.662458e-02 8.777548e-02
-1.331805e-01 -3.088840e-01 7.279439e-02
-1.232364e-01 -3.222367e-01 8.224937e-02
-1.357109e-01 -2.475094e-01 3.210778e-02
-1.422654e-01 -2.562489e-01 4.645078e-02
-1.218496e-01 -2.446672e-01 1.593113e-02
-1.200735e-01 -2.357918e-01 1.357428e-02
-1.144497e-01 -2.439585e-01 1.119655e-02
-8.202744e-02 -2.531219e-01 9.647207e-03
-7.866778e-02 -2.457629e-01 6.227256e-03
-8.633757e-02 -2.469165e-01 5.962370e-03
-4.019823e-02 -2.562361e-01 6.201080e-02
-7.919630e-02 -2.823923e-01 1.103093e-01
-7.841732e-02 -3.053531e-01 1.042831e-01
-1.366601e-01 -3.189319e-01 3.049465e-02
-1.384277e-01 -2.777201e-01 2.684101e-02
-1.432416e-01 -2.829528e-01 2.317806e-02
-5.385610e-02 -2.920853e-01 3.491769e-02
-6.013742e-02 -3.043658e-01 3.338749e-02
-9.053310e-02 -3.161427e-01 -2.615933e-02
-1.025318e-01 -3.270127e-01 -1.938717e-02
-1.174660e-01 -3.280774e-01 -2.194154e-02
-1.229838e-01 -3.305369e-01 -5.801316e-03
-1.527607e-01 -2.877790e-01 -2.022952e-02
-1.215389e-01 -2.518849e-01 4.767455e-03
-1.319047e-01 -2.559594e-01 4.675584e-03
-1.320934e-01 -2.625781e-01 1.089476e-02
-1.233201e-01 -2.579411e-01 1.005580e-02
-1.199723e-01 -2.454769e-01 -2.083042e-03
-1.192485e-01 -2.400145e-01 -9.378547e-03
-1.112664e-01 -2.428135e-01 -3.930281e-03
-1.110133e-01 -2.367284e-01 -1.234387e-02
-6.211231e-02 1.535851e-01 -3.116409e-02
-9.127513e-02 2.393873e-01 5.153729e-02
-1.126825e-01 2.945938e-01 3.283358e-02
-1.113343e-01 2.878210e-01 4.263216e-02
-8.175294e-03 2.113057e-01 1.023013e-01
-5.197126e-02 -2.462748e-02 9.184387e-02
-5.085009e-02 -9.181749e-03 9.142928e-02
-1.623766e-02 -7.672963e-02 8.091577e-02
-1.889407e-02 -7.379749e-02 8.852996e-02
-2.490180e-02 -6.708764e-02 8.236857e-02
-1.056316e-02 -8.268259e-02 6.439082e-02
-1.230740e-02 2.252655e-01 -6.465220e-02
-7.835266e-03 3.577769e-01 -4.522904e-02
-5.197005e-03 -8.169147e-02 3.432114e-02
-2.672160e-02 -8.894528e-02 7.491699e-02
-1.929209e-02 -9.658111e-02 6.779987e-02
-2.102956e-02 -8.914292e-02 6.923234e-02
-1.327028e-01 -8.922703e-02 3.966508e-02
-6.473877e-02 -9.727644e-02 -3.864624e-02
-1.154835e-01 2.114174e-01 -4.712780e-02
-3.174692e-02 2.855418e-01 -6.771856e-02
-1.150575e-01 3.954104e-01 2.619903e-02
-1.689711e-02 3.124326e-03 -7.475127e-02
-4.338799e-02 2.634292e-01 -6.756111e-02
-1.251713e-02 2.771840e-01 1.076291e-01
-1.249479e-01 2.523004e-01 -5.634258e-02
-1.067739e-01 -1.046990e-01 -1.928967e-02
-1.011312e-01 -7.891742e-02 -2.891682e-02
-8.175600e-02 1.246071e-01 -2.032446e-02
-8.155816e-02 1.433001e-01 -1.496362e-02
-8.228286e-02 1.864063e-01 -2.323175e-02
-8.841649e-02 2.201677e-01 -3.593360e-02
-9.128300e-02 2.155931e-01 -2.827503e-02
-9.501486e-02 2.238883e-01 -2.915549e-02
-9.909838e-02 2.318094e-01 -2.943660e-02
-9.348962e-02 2.287540e-01 -3.607552e-02
-9.829462e-02 2.367811e-01 -3.602505e-02
-9.777515e-02 2.427081e-01 -4.234498e-02
-1.087054e-01 2.531883e-01 -3.375030e-02
-1.130923e-01 2.678190e-01 -3.803226e-02
-1.133104e-01 2.627309e-01 -3.153372e-02
-1.157593e-01 2.807725e-01 -2.568012e-02
-1.134007e-01 3.012218e-01 -3.057374e-02
-3.482899e-02 -9.067594e-02 8.021099e-02
-4.099604e-02 -8.209106e-02 8.279733e-02
-3.017649e-02 -6.117976e-02 8.779372e-02
-4.388001e-02 -4.859325e-02 8.185473e-02
-3.592427e-02 -5.576066e-02 8.748173e-02
-2.564652e-02 -6.654486e-02 7.468382e-02
-6.314889e-02 -2.500093e-01 1.301410e-02
-5.301695e-02 -2.545959e-01 2.021775e-02
-2.893527e-02 -1.332651e-01 -1.401683e-02
-3.232445e-02 -1.205656e-01 -1.937533e-02
-2.520425e-02 -1.119044e-01 -1.595920e-02
-2.075790e-02 -1.248321e-01 -9.107654e-03
-6.001591e-03 -8.213487e-02 3.895316e-02
-7.057190e-03 -8.703541e-02 4.767944e-02
-8.186063e-03 -8.242186e-02 4.705299e-02
-1.031928e-01 2.811417e-01 -2.397731e-02
-1.037934e-01 2.849739e-01 -1.670767e-02
-1.039916e-01 2.838384e-01 -8.784280e-03
-1.137572e-01 2.890708e-01 1.472591e-03
-1.153231e-01 2.904215e-01 -1.207909e-02
-1.149025e-01 2.961536e-01 -1.678334e-02
-1.161639e-01 2.965160e-01 -2.815652e-02
-1.097887e-01 3.188743e-01 7.401832e-02
-2.364966e-02 3.258021e-01 9.381537e-02
-4.949561e-02 3.769746e-01 7.037242e-02
-3.581738e-02 3.725633e-01 7.717366e-02
-2.541401e-02 3.646910e-01 8.267490e-02
-6.427243e-02 4.197391e-01 2.251988e-02
-6.301602e-02 3.948917e-01 4.768930e-02
-4.791336e-02 4.088311e-01 5.040810e-02
-2.778981e-02 3.907152e-01 7.216198e-02
-1.708290e-02 3.908378e-01 7.951596e-02
-1.682703e-01 2.220619e-01 2.532867e-03
-1.756404e-01 2.196126e-01 -1.503836e-02
-3.240217e-02 4.060637e-01 7.295448e-02
-1.261945e-01 -6.008857e-02 5.041379e-02
-1.301342e-01 -6.979740e-02 3.224547e-02
-9.330083e-02 1.468432e-01 1.728775e-02
-1.398603e-01 -3.000981e-01 5.918659e-02
2.025821e-02 2.069426e-01 1.053308e-01
-7.734482e-03 3.985753e-01 8.833427e-02
-1.550822e-02 -2.908724e-02 1.097028e-01
-1.518391e-01 2.863981e-01 2.916594e-02
-4.038385e-02 1.131934e-01 9.006162e-02
-1.062179e-01 2.795664e-01 2.993416e-02
-1.085376e-01 2.845187e-01 2.822981e-02
-6.519354e-02 2.788441e-01 1.023338e-01
-7.096205e-03 -8.287133e-02 4.425894e-02
-5.921273e-03 -1.077566e-01 2.956726e-02
-6.174127e-03 -1.005770e-01 2.713854e-02
-5.614686e-03 -1.063505e-01 2.126341e-02
-6.036608e-03 -9.950976e-02 3.409924e-02
-7.144788e-03 -1.026970e-01 4.659000e-02
-5.984831e-03 -1.061365e-01 3.782994e-02
-2.576284e-02 -9.813724e-02 7.420448e-02
-2.252463e-02 -1.098980e-01 6.972595e-02
-1.785329e-02 -1.149750e-01 -7.821683e-03
-1.889817e-02 -9.513152e-02 -1.855528e-02
-1.810711e-02 -1.051910e-01 -1.150365e-02
-1.304655e-02 -9.909743e-02 -7.885205e-03
-1.090183e-02 -9.124079e-02 -4.124455e-03
-5.911632e-03 -7.833743e-02 -1.072988e-02
-1.028991e-02 -8.118048e-02 -1.519244e-02
-5.511915e-02 -1.317334e-01 9.508942e-02
-4.977699e-02 -1.559885e-01 9.174022e-02
-6.546662e-02 -2.348602e-01 1.065888e-01
-5.364761e-02 -2.510019e-01 9.640630e-02
-5.260217e-02 -2.803632e-01 8.699696e-02
-6.152523e-02 -2.705759e-01 1.022419e-01
-5.746289e-02 -2.983298e-01 8.074117e-02
-5.944083e-02 -3.080016e-01 6.628747e-02
-6.315994e-02 -3.140534e-01 4.795869e-02
-6.869441e-02 -3.161817e-01 3.102336e-02
-8.129793e-02 -3.238658e-01 1.161143e-02
-7.413910e-02 -3.109541e-01 2.559462e-03
-7.065391e-02 -2.947505e-01 -4.940584e-02
-7.550655e-02 -2.825176e-01 -8.917644e-02
-7.609498e-02 -2.712608e-01 -1.108521e-01
-8.501313e-02 -2.583764e-01 -1.603556e-01
-1.041167e-01 2.414575e-01 -7.964741e-03
-1.093736e-01 2.267297e-01 -2.949432e-03
-1.070120e-01 2.341148e-01 -4.337444e-03
-1.052436e-01 2.307138e-01 -9.524181e-03
-1.062965e-01 2.272498e-01 -1.042631e-02
-1.043188e-01 2.214205e-01 -2.355833e-02
-1.082491e-01 2.079084e-01 -2.964130e-02
-1.059717e-01 2.152268e-01 -2.909377e-02
-1.051930e-01 2.214966e-01 -3.221787e-02
-1.090015e-01 2.167818e-01 -3.877710e-02
-1.271920e-01 2.177553e-01 -5.706493e-02
-1.264207e-01 2.122522e-01 1.453471e-02
-1.185901e-01 2.227148e-01 1.112264e-02
-1.183643e-01 2.137123e-01 6.862495e-03
-1.265465e-01 2.246633e-01 1.927373e-02
-1.608381e-01 2.846981e-01 1.287147e-02
-1.604153e-01 2.533011e-01 6.414125e-03
-1.158727e-01 2.521008e-01 2.543846e-02
-1.108873e-01 2.602046e-01 2.368709e-02
-1.130953e-01 2.465048e-01 1.676866e-02
-1.103182e-01 2.540688e-01 1.746871e-02
-1.045473e-01 2.448292e-01 -3.502519e-02
-1.088352e-01 2.481290e-01 -4.222794e-02
-1.074921e-01 2.403979e-01 -4.007604e-02
-1.380071e-01 2.773519e-01 3.728645e-02
-1.117492e-01 2.872446e-01 5.569009e-02
-1.153019e-01 2.794557e-01 -1.099039e-02
-1.139282e-01 2.799367e-01 -1.192508e-03
-1.089401e-01 2.493954e-01 1.422061e-02
-1.084729e-01 2.427137e-01 1.010176e-02
-1.065972e-01 2.457201e-01 1.927830e-02
-9.129202e-02 2.556075e-01 6.232293e-02
-5.601661e-02 3.402330e-01 8.622102e-02
-4.861676e-02 3.601471e-01 7.931715e-02
-1.006807e-01 2.241031e-01 -1.553369e-02
-1.024881e-01 2.239899e-01 -7.921463e-03
-1.037640e-01 2.314823e-01 -1.683480e-02
-1.000009e-01 2.273307e-01 -2.310420e-02
-9.763363e-02 2.158159e-01 -1.427789e-02
-9.697383e-02 2.200531e-01 -2.206669e-02
-9.370637e-02 2.118357e-01 -2.139023e-02
-1.380425e-01 2.611011e-01 3.241938e-02
-1.181991e-01 2.762601e-01 -5.287922e-02
-1.105117e-01 2.848700e-01 -4.469324e-02
-1.146223e-01 2.827854e-01 -4.961697e-02
-1.574688e-01 3.017015e-01 -3.181533e-02
-1.177148e-01 2.704508e-02 1.761879e-02
-1.142881e-01 3.939041e-02 4.457293e-04
-1.133021e-01 1.876847e-02 -1.416983e-02
-6.135813e-02 -1.987891e-02 8.591729e-02
-6.850506e-02 -1.080492e-02 8.134445e-02
-3.382231e-02 -1.063483e-01 7.955015e-02
-1.466424e-02 -7.902081e-02 6.158499e-02
-1.744315e-02 -7.640811e-02 6.433593e-02
-1.667955e-01 3.024335e-01 5.018172e-04
-5.969598e-03 -1.247660e-01 2.172430e-02
-5.728525e-03 -1.243922e-01 3.020160e-02
-6.476388e-03 -1.340608e-01 2.487056e-02
-6.423424e-03 -1.109743e-01 1.446684e-02
-5.539520e-03 -1.154866e-01 2.334164e-02
-1.223214e-01 -1.704075e-02 1.077101e-02
-1.186365e-01 1.280762e-03 -1.697859e-03
-9.846800e-02 1.167928e-01 3.682961e-02
-1.888787e-02 -1.761517e-01 1.679956e-02
-1.981006e-02 -1.812301e-01 2.998287e-02
-1.404324e-02 -1.671158e-01 2.617020e-02
-6.741104e-02 -1.768065e-01 -1.973779e-02
-8.514853e-02 -1.762753e-01 -1.794188e-02
-1.288223e-01 -1.805667e-01 1.615856e-02
-6.180952e-02 -2.186390e-01 -3.742898e-03
-5.061112e-02 -2.054852e-01 -4.601463e-03
-9.654654e-02 -2.760337e-01 1.108713e-01
-6.964720e-02 -3.129776e-01 8.779338e-02
-6.387745e-02 -2.927416e-01 9.898195e-02
-8.514833e-02 -2.618155e-01 1.407088e-02
-1.324966e-01 -2.694044e-01 9.002704e-02
-1.401070e-01 -2.408392e-01 4.374263e-02
-9.749979e-02 -2.236868e-01 -3.089119e-03
-8.990526e-02 -2.321009e-01 -1.149976e-03
-9.143435e-02 -2.397632e-01 2.367915e-03
-9.920952e-02 -2.324232e-01 4.828666e-04
-8.287964e-02 -2.386144e-01 1.968324e-03
-7.858065e-02 -2.307857e-01 -1.731267e-03
-6.816806e-02 -2.299708e-01 -1.911622e-04
-6.465581e-02 -2.401593e-01 7.079438e-03
-5.362899e-02 -2.420513e-01 1.397125e-02
-7.233623e-02 -2.622869e-01 1.627932e-02
-6.737688e-02 -2.571810e-01 1.511804e-02
-7.882243e-02 -2.599121e-01 1.374216e-02
-9.603333e-02 -2.648720e-01 1.692978e-02
-9.338013e-02 -2.565016e-01 1.189808e-02
-1.045478e-01 -2.460076e-01 9.722552e-04
-1.019754e-01 -2.566456e-01 1.157059e-02
-8.802558e-02 -3.069379e-01 -4.584216e-02
-9.829783e-02 -3.092350e-01 -6.059579e-02
-1.035251e-01 -2.282357e-01 -2.947524e-02
-1.014135e-01 -2.343569e-01 -1.740582e-02
-9.113003e-02 -2.338902e-01 -2.202315e-02
-1.173610e-01 -2.222933e-01 -4.765552e-02
-1.319729e-01 -2.301920e-01 -3.409416e-02
-1.397485e-01 -2.393650e-01 -2.517011e-02
-1.500494e-01 -2.832143e-01 -6.383794e-02
-1.442899e-01 -2.824664e-01 -8.780847e-02
-1.042535e-01 -2.828444e-01 -1.289086e-01
-9.400927e-02 -2.162068e-01 -9.373133e-02
-1.059085e-01 -2.132131e-01 -1.095566e-01
-1.197316e-01 -2.161181e-01 -9.600966e-02
-1.333271e-01 -2.234248e-01 -6.776908e-02
-1.363547e-01 -2.710023e-01 -1.294512e-01
-1.422072e-01 -2.563534e-01 -1.260683e-01
-8.838210e-02 -2.663449e-01 -1.451237e-01
-8.982378e-02 -2.153637e-01 -1.190674e-01
-1.153387e-02 -9.178579e-02 5.725762e-02
-1.366357e-02 -9.588681e-02 6.161139e-02
-1.000944e-02 -9.971306e-02 5.431890e-02
-8.656790e-03 -9.254596e-02 5.162945e-02
4.354910e-03 -7.466972e-02 -2.167068e-02
-2.881923e-03 -7.801896e-02 -2.810502e-02
-1.287426e-01 -7.820734e-02 5.973938e-02
-6.693750e-02 -3.195035e-02 8.111152e-02
-9.145603e-02 -4.056766e-02 8.208621e-02
-7.554712e-02 -4.061498e-02 8.343782e-02
-4.645068e-02 -4.396244e-02 8.906136e-02
-4.937748e-02 -4.490536e-02 8.166227e-02
-5.425037e-02 -3.989821e-02 8.238193e-02
-1.427332e-01 -2.669156e-01 6.490707e-02
-1.247840e-01 -2.535565e-01 1.874602e-02
-1.307007e-01 -2.536137e-01 2.423332e-02
-1.283673e-01 -2.435375e-01 2.186791e-02
-7.420464e-02 -2.536155e-01 1.145503e-02
-7.341925e-02 -2.385094e-01 3.219568e-03
-7.110056e-02 -2.468286e-01 8.490470e-03
-4.556582e-02 -2.650451e-01 7.758596e-02
-3.230850e-02 -1.713192e-01 -7.766853e-03
-4.636481e-02 -1.807664e-01 -1.291278e-02
-8.057607e-02 1.666175e-01 5.458014e-02
-8.870916e-02 1.725733e-01 -5.242792e-05
-8.967252e-02 1.477508e-01 2.541908e-04
-4.389245e-02 -2.052395e-02 9.942980e-02
-4.458816e-02 -9.578595e-02 8.577909e-02
-5.863797e-02 -9.096600e-02 9.283685e-02
-7.859173e-02 -8.917152e-02 9.893446e-02
-1.168344e-01 -1.020428e-01 9.471837e-02
-1.271217e-01 -9.242500e-02 7.741665e-02
-1.297952e-01 -8.595906e-02 1.540015e-02
-4.468322e-02 -9.493658e-02 -3.777467e-02
-1.047257e-01 2.835944e-01 -1.055994e-03
-1.027701e-01 2.762150e-01 -6.443517e-03
-1.016412e-01 2.754360e-01 -1.575953e-02
-1.649706e-01 2.852627e-01 -4.535773e-03
-1.023239e-01 2.575542e-01 -6.699233e-03
-1.019409e-01 2.420023e-01 -1.545396e-02
-1.006382e-01 2.475737e-01 -2.157863e-02
-1.489252e-01 2.716122e-01 2.671295e-02
-1.159318e-01 2.684158e-01 3.446717e-02
-1.243419e-01 2.685289e-01 3.711897e-02
-1.490020e-01 3.116746e-01 4.421425e-02
-1.635972e-01 2.691618e-01 -1.987883e-03
-1.759980e-02 1.179777e-01 9.947119e-02
-4.966405e-03 -7.870770e-02 -4.850589e-03
-2.937201e-02 -6.182882e-02 7.824212e-02
-3.917487e-02 -5.297088e-02 8.062890e-02
-3.452791e-02 -5.794559e-02 7.904789e-02
-3.425710e-02 -2.151094e-01 2.533448e-02
-3.467026e-02 -2.268302e-01 4.567041e-02
-4.399567e-02 -2.483604e-01 2.675010e-02
-4.840260e-02 -2.776584e-01 3.461004e-02
-5.524859e-02 -2.754518e-01 2.599923e-02
-6.237994e-02 -2.724836e-01 2.187469e-02
-6.671730e-02 -2.746126e-01 1.451460e-02
-6.308825e-02 -2.796092e-01 1.825127e-02
-7.316367e-02 -2.686799e-01 1.439993e-02
-6.299494e-02 -2.645558e-01 -1.450760e-02
-6.368382e-02 -2.561936e-01 -2.544493e-02
-6.922204e-02 -2.418796e-01 -3.627119e-02
-7.693988e-02 -2.238114e-01 -8.050831e-02
-7.811245e-02 -2.219925e-01 -1.310985e-01
-8.743980e-03 -1.052153e-01 6.676535e-03
-1.030892e-02 -9.871832e-02 3.540898e-04
-1.215795e-02 -1.088041e-01 -1.903108e-03
-6.459173e-03 -1.013697e-01 1.422150e-02
-6.198395e-03 -9.814962e-02 2.067593e-02
-7.913523e-03 -9.557424e-02 7.318104e-03
-5.734467e-03 -8.152914e-02 1.076417e-04
-5.324706e-03 -8.270408e-02 5.436981e-03
-9.060497e-03 -8.315118e-02 -6.639051e-03
-1.349179e-02 -8.936393e-02 -1.283994e-02
-3.140515e-03 -8.363885e-02 2.656984e-02
-1.028569e-01 3.875995e-01 4.515456e-02
-1.118329e-01 2.944004e-01 2.557061e-02
-1.161174e-01 2.767194e-01 3.746139e-02
-1.238090e-01 2.796368e-01 4.066131e-02
1.881625e-02 -6.589385e-02 -4.923295e-02
4.795039e-03 -6.720191e-02 -5.336770e-02
-4.918713e-02 -1.146253e-01 -2.934159e-02
-3.573570e-02 -1.063600e-01 -2.692909e-02
-5.498002e-02 -1.092651e-01 9.334473e-02
-1.635081e-01 2.362531e-01 -4.698584e-02
-1.114897e-01 2.869441e-01 3.151326e-02
-1.140584e-01 2.948102e-01 3.482889e-02
-1.098687e-01 2.723662e-01 2.717347e-02
-2.111485e-01 7.403678e-02 4.054058e-03
-1.661019e-01 4.824463e-02 -3.149580e-03
-1.632276e-01 5.838586e-02 -3.430059e-02
-1.367428e-01 1.195055e-01 -1.093041e-02
-1.675107e-01 1.173004e-01 6.468127e-03
-2.094613e-01 1.141521e-01 -1.807652e-02
-1.778227e-01 3.656632e-02 -2.864263e-02
-2.198714e-01 5.268371e-02 -1.277407e-02
-1.611059e-01 8.037928e-02 4.718425e-03
-2.065741e-01 1.084765e-01 -2.842931e-03
-2.141392e-01 8.068053e-02 -2.236267e-02
-1.438444e-01 1.058808e-01 -6.659115e-03
-1.486429e-01 8.444694e-02 -3.851878e-02
-1.932339e-01 1.581866e-01 -3.609580e-02
-1.782177e-01 1.097474e-01 -5.617550e-02
-1.403146e-01 1.159423e-01 -4.787128e-02
-1.369318e-01 1.705183e-01 3.234551e-03
-1.593821e-01 1.381200e-01 -6.253693e-02
-1.771568e-01 1.601912e-01 -3.627813e-03
-1.305853e-01 1.291912e-01 -4.173908e-02
-1.917270e-01 1.563198e-01 -8.294707e-03
-1.179639e-01 1.760660e-01 -3.040903e-02
-1.248717e-01 1.799928e-01 -1.559015e-03
-1.852211e-01 1.831336e-01 -2.222054e-02
-1.804809e-01 1.896556e-01 -3.548958e-02
-1.214263e-01 1.957011e-01 -5.066362e-02
-1.205571e-01 2.032317e-01 4.932990e-03
-1.523397e-01 1.994082e-01 1.489081e-02
-1.793265e-01 1.995311e-01 -1.451920e-02
-1.144507e-01 1.908132e-01 -3.457645e-02
-1.109286e-01 1.981898e-01 -2.539059e-02
-1.245997e-01 1.521518e-01 -1.721677e-02
-1.944288e-01 4.157012e-02 -3.468363e-02
-2.046456e-01 5.186883e-02 1.721194e-02
-1.789905e-01 1.457691e-01 8.519985e-04
-1.847368e-01 1.458771e-01 -4.737509e-02
-1.760470e-01 1.765435e-01 -4.895648e-02
-1.609713e-01 1.798466e-01 -5.920040e-02
-1.773786e-01 1.851189e-01 -5.844099e-03
-1.449902e-01 1.846134e-01 -6.195602e-02
-1.704474e-01 1.952047e-01 -4.900919e-02
-1.359664e-01 1.998915e-01 -5.975210e-02
-1.337058e-01 1.114625e-01 -3.340214e-02
-1.323312e-01 1.430655e-01 -9.725866e-03
-2.075720e-01 7.013313e-02 -3.542380e-02
-1.496187e-01 7.752856e-02 -1.129948e-02
-1.405225e-01 1.390939e-01 -5.646468e-02
-1.176742e-01 1.905749e-01 -6.960242e-03
-1.291409e-01 1.226790e-01 -2.589143e-02
-1.145744e-01 2.019498e-01 -5.732173e-03
-1.130573e-01 1.964691e-01 -1.449203e-02
-1.878331e-01 1.728801e-01 -3.656523e-02
-2.117252e-01 9.772311e-02 -2.116785e-02
-1.924336e-01 5.890901e-02 -4.111390e-02
-1.147330e-01 1.875781e-01 -2.177929e-02
-1.095667e-01 2.050750e-01 -1.768899e-02
-1.121583e-01 2.028473e-01 -3.841808e-02
-1.204171e-01 1.812854e-01 -4.502285e-02
-1.766374e-01 2.070404e-01 -3.219613e-02
-1.634938e-01 1.359126e-01 1.170650e-03
-1.524366e-01 1.790819e-01 8.138233e-03
-1.234334e-01 1.647847e-01 -4.530574e-02
-1.652494e-01 1.863513e-01 5.393994e-03
-1.693884e-01 2.044600e-01 3.844462e-03
-1.771402e-01 6.860157e-02 -4.581140e-02
-1.238772e-01 1.924475e-01 3.859781e-03
-1.326981e-01 1.995870e-01 1.349691e-02
-1.508261e-01 1.247319e-01 -5.724604e-02
-1.490955e-01 1.477671e-01 -2.871513e-03
-1.364624e-01 1.851654e-01 9.762255e-03
-2.001390e-01 1.498435e-01 -2.032881e-02
-1.962288e-01 1.408043e-01 -3.698281e-02
-1.021307e-01 2.292015e-01 1.807079e-02
-9.811658e-02 2.240330e-01 2.868385e-02
-8.112076e-02 2.256276e-01 6.107238e-02
-1.124191e-01 2.736095e-01 4.454491e-03
-1.106246e-01 2.771747e-01 1.159695e-02
-1.106283e-01 3.002081e-01 1.772303e-02
-1.094205e-01 2.497909e-01 1.078907e-02
-1.069428e-01 2.571434e-01 8.980480e-03
-1.111055e-01 2.503465e-01 6.473657e-03
-1.067726e-01 2.487129e-01 3.714168e-03
-1.126458e-01 2.273682e-01 4.450256e-03
-1.101733e-01 2.353906e-01 3.803986e-03
-1.101362e-01 2.424945e-01 8.164397e-03
-1.067049e-01 2.417471e-01 -3.659697e-04
-1.039999e-01 2.457302e-01 2.707036e-02
-1.043358e-01 2.540653e-01 3.021564e-02
-1.116955e-01 2.906588e-01 1.568566e-02
-1.126421e-01 2.892890e-01 9.248261e-03
-1.205169e-01 1.657984e-01 -2.184231e-02
-1.497995e-01 7.385032e-02 -2.717831e-02
-1.188967e-01 1.786220e-01 -1.434390e-02
-9.571289e-02 2.307895e-01 3.986221e-02
-5.361448e-02 5.292976e-01 7.412896e-02
-5.660385e-02 5.195579e-01 9.089840e-02
-3.889580e-02 4.261327e-01 4.951266e-02
-5.609789e-02 5.320952e-01 8.053641e-02
-4.747595e-02 4.886936e-01 9.128460e-02
-3.621102e-02 4.487939e-01 6.658021e-02
-3.887444e-02 4.659544e-01 6.991857e-02
-3.998639e-02 4.775710e-01 6.535579e-02
-5.186562e-02 5.094432e-01 8.094059e-02
-4.954178e-02 5.049033e-01 8.742971e-02
-5.305535e-02 5.136867e-01 8.389147e-02
-5.735078e-02 5.312262e-01 8.786546e-02
-5.707302e-02 5.276487e-01 9.174243e-02
-3.836447e-02 4.154556e-01 6.067523e-02
-3.703441e-02 4.341817e-01 3.604315e-02
1.744628e-03 4.285716e-01 9.711936e-03
1.006729e-02 -7.010356e-02 -4.139788e-02
-1.161627e-03 -7.461812e-02 -4.038633e-02
-5.449423e-02 5.260894e-01 7.984687e-02
-5.234094e-02 5.222788e-01 7.604399e-02
-4.783211e-02 4.938034e-01 8.051786e-02
-4.544973e-02 4.910019e-01 7.611487e-02
-5.201489e-02 5.081903e-01 7.513885e-02
-5.637410e-02 5.219159e-01 8.955187e-02
-4.932777e-02 5.097842e-01 7.043986e-02
-4.808425e-03 4.426655e-01 1.536581e-01
-8.585791e-02 5.793913e-02 -3.846873e-02
-1.051799e-01 6.780674e-02 -8.283980e-03
-1.072252e-01 7.841130e-02 7.420863e-03
-1.107195e-01 5.803245e-02 2.839698e-02
-1.057881e-01 2.638730e-02 5.372845e-02
-7.057946e-02 2.125283e-02 7.346994e-02
-1.840313e-02 7.253858e-03 9.817031e-02
-2.285615e-02 4.007943e-01 8.098232e-02
-2.458206e-02 4.151389e-01 8.605040e-02
-1.543900e-02 4.232224e-01 9.934410e-02
-2.203539e-02 4.307830e-01 1.068909e-01
-1.338367e-02 4.230666e-01 1.171294e-01
-1.168859e-02 4.204699e-01 1.323861e-01
-1.061954e-02 4.542904e-01 1.558592e-01
-8.404339e-02 3.734171e-01 5.956608e-02
-8.591749e-02 3.796496e-01 -3.632266e-02
-4.060154e-02 4.015226e-01 -2.659382e-02
-1.611661e-01 3.431755e-01 -8.526613e-03
-2.992101e-02 4.348401e-01 1.856366e-02
-7.151376e-02 2.964164e-01 -6.974094e-02
-1.162473e-01 3.199029e-01 -4.869907e-02
-1.392369e-01 3.085457e-01 5.129799e-02
-1.145065e-01 3.124161e-01 -4.580655e-02
-1.633700e-01 3.474243e-01 1.124570e-02
-1.188914e-01 3.146107e-01 -4.765784e-02
-1.622379e-01 2.995736e-01 2.073009e-02
-1.596317e-01 3.144833e-01 3.197671e-02
-1.449021e-01 3.755249e-01 3.410431e-02
-1.063829e-01 2.917036e-01 -2.915029e-03
-1.077631e-01 2.953414e-01 5.421207e-03
-1.112283e-01 3.011701e-01 -3.180568e-03
-1.110216e-01 3.020099e-01 1.339691e-03
-1.129560e-01 2.972198e-01 5.679709e-04
-1.139119e-01 2.950850e-01 -4.817152e-03
-1.146232e-01 3.034543e-01 -3.876872e-02
-1.140179e-01 3.023153e-01 -3.469012e-02
-1.098226e-01 2.930547e-01 -3.768604e-02
-1.110688e-01 2.903461e-01 -4.326768e-02
-1.148215e-01 2.896582e-01 -4.855308e-02
-1.122795e-01 2.943212e-01 1.988129e-02
-1.139660e-01 2.967394e-01 -1.065948e-02
-1.124932e-01 2.996820e-01 -2.179593e-02
-1.117068e-01 2.999204e-01 -1.676136e-02
-1.063655e-01 2.919666e-01 -1.724552e-02
-1.083448e-01 2.971355e-01 -4.450966e-04
-1.082147e-01 2.966622e-01 -7.229903e-03
-1.064583e-01 2.907563e-01 -2.422552e-02
-1.087535e-01 2.963955e-01 -2.080599e-02
-1.061484e-01 2.913676e-01 -1.032317e-02
-1.158659e-01 2.949194e-01 -2.247401e-02
-1.280812e-01 2.886577e-01 4.414721e-02
-1.251505e-01 2.958849e-01 4.694020e-02
-1.175339e-01 3.007414e-01 4.324258e-02
-1.137230e-01 2.927090e-01 3.885773e-02
-1.199484e-01 2.998462e-01 4.756451e-02
-1.154324e-01 2.942090e-01 4.416029e-02
-1.535766e-01 3.287456e-01 4.168473e-02
-1.513910e-01 2.996309e-01 3.661047e-02
-1.161013e-01 2.843899e-01 3.884792e-02
-1.187404e-01 2.891563e-01 4.182930e-02
-1.101645e-01 2.876806e-01 3.593746e-02
-1.125743e-01 3.005531e-01 3.033647e-02
-1.141448e-01 3.013610e-01 3.476669e-02
-1.122418e-01 2.954822e-01 1.247888e-02
-1.109508e-01 3.014086e-01 5.984456e-03
-1.128423e-01 2.958308e-01 5.850310e-03
-1.670235e-01 3.260988e-01 -8.368321e-04
-1.399978e-01 2.900144e-01 4.100586e-02
-1.182215e-01 3.092210e-01 -4.722676e-02
-1.145674e-01 3.089380e-01 -4.448992e-02
-1.671826e-01 3.156537e-01 1.416307e-02
-1.380740e-01 3.867429e-01 1.946979e-02
-1.573146e-01 3.301207e-01 -2.154739e-02
-1.476927e-01 3.064130e-01 -4.254847e-02
-1.249646e-01 3.090298e-01 -4.987934e-02
-1.106930e-01 3.693540e-01 5.820278e-02
-1.292468e-01 3.348592e-01 5.937007e-02
-1.292896e-01 3.167993e-01 5.995065e-02
-1.291027e-01 3.054370e-01 5.480598e-02
-1.240108e-01 3.043295e-01 5.921366e-02
-7.759795e-02 3.466700e-01 7.817122e-02
-1.122956e-01 3.426778e-01 6.575155e-02
-1.382511e-01 2.985893e-01 4.661847e-02
-1.180578e-01 2.947404e-01 4.252359e-02
-1.291787e-01 2.999962e-01 5.067786e-02
-1.106367e-01 3.010764e-01 1.139333e-02
-1.112719e-01 3.002115e-01 -1.199611e-02
-1.083187e-01 2.964170e-01 -1.368379e-02
-1.112460e-01 2.980081e-01 -3.246547e-02
-1.129471e-01 3.005283e-01 -2.653134e-02
-1.099871e-01 2.971708e-01 -2.725186e-02
-1.080990e-01 2.922352e-01 -3.133920e-02
-1.076495e-01 2.866971e-01 -3.786815e-02
-1.045240e-01 2.785376e-01 -3.316186e-02
-1.076521e-01 2.805111e-01 -4.080164e-02
-1.061652e-01 2.740678e-01 -3.896379e-02
-1.102634e-01 2.557415e-01 -4.423533e-02
-1.109608e-01 2.637428e-01 -4.579385e-02
-1.089535e-01 2.697970e-01 -4.339552e-02
-1.112212e-01 2.769034e-01 -4.659200e-02
-1.188250e-01 2.370946e-01 -5.330470e-02
-1.309366e-01 1.766768e-01 -5.762976e-02
-1.460790e-01 1.668237e-01 -6.323265e-02
-1.401680e-01 2.492391e-01 -5.768558e-02
-1.550079e-01 1.998558e-01 -5.853114e-02
-1.642133e-01 1.624524e-01 -6.001190e-02
-4.656980e-03 4.321228e-01 1.486191e-01
-1.799387e-01 1.319401e-01 -5.643241e-02
-1.715382e-01 1.477367e-01 -5.919451e-02
-1.921609e-01 1.045913e-01 -4.927120e-02
-2.042920e-01 1.065326e-01 -3.628769e-02
-2.044655e-01 1.284757e-01 -9.772851e-03
-1.957408e-01 1.207755e-01 3.931760e-03
-1.819580e-01 1.097464e-01 1.050627e-02
-1.591597e-01 1.006098e-01 4.644521e-03
-1.421541e-01 9.074294e-02 -1.999426e-02
-1.487623e-01 1.000113e-01 -4.827585e-02
-1.610511e-01 1.088808e-01 -5.600892e-02
-2.175766e-01 2.620421e-03 3.074243e-02
-2.089178e-01 -2.270042e-03 2.924900e-02
-1.987286e-01 -1.069359e-02 1.551603e-02
-2.074158e-01 -1.264158e-02 -9.478998e-03
-2.291808e-01 4.921083e-04 -4.454674e-03
-2.139132e-01 3.931892e-02 1.777926e-02
-1.783425e-01 2.307141e-02 -2.986280e-03
-1.953646e-01 -6.418149e-03 1.662962e-03
-2.281882e-01 1.250495e-02 2.978144e-03
-1.922072e-01 4.902514e-03 1.301083e-02
-2.083282e-01 1.111434e-02 2.793997e-02
-2.244373e-01 2.471798e-02 -6.562181e-03
-2.258834e-01 2.432457e-03 2.456973e-02
-2.188858e-01 2.551855e-02 2.028161e-02
-2.239467e-01 2.753780e-02 8.922038e-03
-1.994269e-01 1.285163e-02 -2.186848e-02
-2.086032e-01 2.869747e-02 -2.560877e-02
-2.211304e-01 -1.648277e-02 -8.311512e-03
-2.116287e-01 4.244355e-02 -2.688687e-02
-2.012201e-01 -5.784000e-02 5.323262e-02
-2.212984e-01 -7.349628e-02 5.632913e-02
-2.420225e-01 -7.589772e-02 6.116140e-02
-2.490218e-01 -7.093925e-02 3.681398e-02
-2.242584e-01 -7.056277e-02 3.159735e-02
-2.038776e-01 -3.553327e-02 3.560906e-02
-2.014694e-01 -4.615897e-02 4.988917e-02
-2.117478e-01 -5.078615e-02 5.459793e-03
-2.250136e-01 -3.893270e-02 -3.867097e-03
-2.277028e-01 -7.679802e-02 6.001290e-02
-2.372959e-01 -9.905883e-02 3.309293e-02
-2.379366e-01 -7.550181e-02 2.737676e-03
-2.060296e-01 -4.894631e-02 5.902066e-02
-2.131482e-01 -4.193873e-02 5.429783e-02
-2.277956e-01 -7.991942e-02 5.038159e-02
-2.196035e-01 -6.975444e-02 5.269237e-03
-2.216613e-01 -6.667047e-02 6.586085e-02
-2.109289e-01 -5.291276e-02 1.897738e-02
-2.012802e-01 -5.548452e-02 4.248016e-02
-2.073094e-01 -3.955454e-02 1.068311e-02
-2.075611e-01 -2.853822e-02 2.441396e-03
-2.127188e-01 -3.071954e-02 4.167278e-02
-2.347676e-01 -8.036480e-02 6.438312e-02
-2.326076e-01 -8.846237e-02 4.522943e-02
-2.368231e-01 -9.635384e-02 5.318423e-02
-2.476148e-01 -8.663404e-02 4.668060e-02
-2.296853e-01 -7.984640e-02 2.113585e-04
-2.319342e-01 -6.926705e-02 -1.921808e-03
-2.444912e-01 -6.941694e-02 5.347681e-02
-2.273944e-01 -7.826046e-02 2.658668e-02
-2.426368e-01 -9.064344e-02 1.804230e-02
-2.437841e-01 -1.025955e-01 5.548507e-02
-2.474660e-01 -1.038414e-01 6.015885e-02
-2.437781e-01 -5.807140e-02 1.374038e-02
-2.411470e-01 -6.659802e-02 6.789776e-03
-2.453074e-01 -9.264294e-02 4.831916e-02
-2.340413e-01 -9.489930e-02 6.129967e-02
-2.378322e-01 -1.077087e-01 6.822082e-02
-2.464129e-01 -6.725250e-02 2.011467e-02
-2.484277e-01 -7.590511e-02 4.619830e-02
-2.385202e-01 -5.282493e-02 3.840670e-03
-2.438222e-01 -7.649696e-02 1.280393e-02
-2.455458e-01 -5.293418e-02 2.525217e-02
-2.378296e-01 -3.123965e-02 1.199070e-02
-2.311868e-01 -2.661087e-02 -1.721959e-03
-2.409024e-01 -3.969226e-02 2.943354e-02
-2.475800e-01 -6.202954e-02 3.168277e-02
-2.424459e-01 -1.208908e-01 6.027682e-02
-2.428701e-01 -1.121911e-01 5.778785e-02
-2.453409e-01 -6.153996e-02 4.495956e-02
-2.356480e-01 -2.773524e-02 2.897077e-02
-2.370130e-01 -5.395722e-02 5.275216e-02
-2.199093e-01 -3.653168e-02 4.822564e-02
-2.174112e-01 -1.924074e-02 3.704735e-02
-2.363051e-01 -1.147549e-01 6.596644e-02
-2.278479e-01 -1.830739e-02 3.427932e-02
-2.158295e-01 -6.186895e-02 1.135918e-02
-2.150393e-01 -9.555182e-03 3.357162e-02
-2.063403e-01 -1.405056e-02 2.742636e-02
-2.031544e-01 -2.418099e-02 1.603943e-02
-2.310753e-01 -1.206119e-02 -3.639851e-03
-2.316002e-01 -4.834848e-03 1.698337e-02
-2.235596e-01 -6.818976e-03 3.224124e-02
-2.411431e-01 -1.130851e-01 7.069547e-02
-2.035483e-01 -6.401030e-02 6.603575e-02
-2.348141e-01 -6.108732e-02 -1.115849e-03
-2.312279e-01 -8.560620e-02 5.905074e-02
-2.422853e-01 -8.474133e-02 6.423579e-02
-2.447168e-01 -1.051204e-01 6.816563e-02
-2.056217e-01 -5.451953e-02 3.156979e-02
-2.332734e-01 -4.241082e-02 4.558577e-02
-2.389202e-01 -1.051077e-01 5.703104e-02
-2.434147e-01 -1.073937e-01 5.694304e-02
-2.495534e-01 -8.239669e-02 3.719804e-02
-2.077072e-01 -2.497248e-02 3.226879e-02
-2.462875e-01 -9.075449e-02 6.146350e-02
-2.315098e-01 -8.688311e-02 3.495793e-02
-2.483845e-01 -9.280163e-02 3.664355e-02
-2.299185e-01 -8.815064e-02 2.590822e-02
-2.412796e-01 -9.890445e-02 3.241784e-02
-2.354697e-01 -1.990524e-02 1.961752e-02
-2.456835e-01 -1.204027e-01 6.375187e-02
-2.395668e-01 -1.163701e-01 5.982884e-02
-2.385014e-01 -1.103452e-01 5.943244e-02
-2.396376e-01 -9.653724e-02 4.980949e-02
-2.427519e-01 -5.011230e-02 3.924755e-02
-2.468620e-01 -1.128550e-01 6.560030e-02
-2.254239e-01 -6.224849e-02 -3.851295e-03
-2.305811e-01 -1.087775e-02 2.622943e-02
-2.194974e-01 -6.445607e-02 2.255045e-02
-2.149857e-01 -5.075962e-02 6.335071e-02
-2.167100e-01 -2.662839e-02 -5.497809e-03
-2.198501e-01 -5.071574e-02 -3.823445e-03
-2.192939e-01 -5.871445e-02 6.688311e-02
-2.334465e-01 -9.107451e-02 5.269888e-02
-2.453237e-01 -9.956635e-02 2.525048e-02
-2.471202e-01 -9.828573e-02 5.783887e-02
-2.471409e-01 -8.207066e-02 5.551112e-02
-2.379558e-01 -9.896678e-02 6.774809e-02
-2.042916e-01 -3.443397e-02 2.346701e-02
-2.042125e-01 -4.474813e-02 2.686464e-02
-2.374710e-01 -6.378084e-02 5.852438e-02
-2.449315e-01 -1.158364e-01 5.973177e-02
-2.358764e-01 -9.544811e-02 1.498600e-02
-1.810167e-01 2.441257e-02 -1.991449e-02
-2.136661e-01 -3.971245e-02 -1.040899e-03
-2.454101e-01 -9.398745e-02 2.362642e-02
-2.445361e-01 -9.643441e-02 3.078455e-02
-2.440092e-01 -1.195593e-01 7.042514e-02
-2.427874e-01 -1.258854e-01 6.189846e-02
-2.419108e-01 -1.303510e-01 7.372066e-02
-2.441732e-01 -1.319264e-01 6.903319e-02
-2.422386e-01 -1.355665e-01 7.364631e-02
-2.422291e-01 -1.256347e-01 7.240820e-02
-2.452250e-01 -1.257807e-01 6.720289e-02
-2.372404e-01 -1.306267e-01 7.209629e-02
-2.367841e-01 -1.252002e-01 7.013945e-02
-2.423600e-01 -1.349670e-01 6.593233e-02
-2.426539e-01 -1.386565e-01 7.079952e-02
-2.374511e-01 -1.220036e-01 6.324264e-02
-2.378096e-01 -1.196523e-01 7.065382e-02
-2.427066e-01 -1.307791e-01 6.363174e-02
-2.378531e-01 -1.288814e-01 6.444134e-02
-2.381072e-01 -1.346420e-01 6.675666e-02
-2.408913e-01 -1.388780e-01 6.853270e-02
-2.385319e-01 -1.360990e-01 7.254851e-02
-2.445188e-01 -9.672181e-02 6.614988e-02
-2.373989e-01 -1.007480e-01 5.560111e-02
-2.375049e-01 -8.979030e-02 6.567010e-02
-2.463505e-01 -9.011185e-02 5.371569e-02
-2.448930e-01 -9.620219e-02 5.384918e-02
-2.352537e-01 -1.032014e-01 6.335209e-02
-2.412741e-01 -9.840898e-02 5.320947e-02
-2.465496e-01 -1.101001e-01 5.967131e-02
-2.378882e-01 -1.200667e-01 5.089529e-02
-2.457506e-01 -1.123565e-01 5.258354e-02
-2.428982e-01 -1.011985e-01 5.050766e-02
-2.439306e-01 -1.065905e-01 5.201618e-02
-2.398438e-01 -1.192757e-01 4.302678e-02
-2.365653e-01 -9.550168e-02 4.846229e-02
-2.447311e-01 -1.044099e-01 3.676537e-02
-2.340258e-01 -9.501101e-02 3.918009e-02
-2.486978e-01 -1.157542e-01 4.402041e-02
-2.444504e-01 -1.162271e-01 4.025718e-02
-2.469204e-01 -1.182002e-01 5.131248e-02
-2.389107e-01 -1.256804e-01 5.432131e-02
-2.473897e-01 -1.037507e-01 4.868703e-02
-2.459061e-01 -1.098953e-01 3.890795e-02
-2.398397e-01 -1.070235e-01 3.813778e-02
-2.425393e-01 -1.217968e-01 5.448791e-02
-2.383988e-01 -1.136305e-01 4.896937e-02
-2.376465e-01 -1.265890e-01 4.702888e-02
-2.460607e-01 -1.220791e-01 4.395165e-02
-2.413077e-01 -1.256794e-01 4.326063e-02
-2.445453e-01 -1.298108e-01 4.575453e-02
-2.418206e-01 -1.162023e-01 5.373011e-02
-2.462291e-01 -1.253605e-01 5.121698e-02
-2.417043e-01 -1.109558e-01 5.326853e-02
-2.394521e-01 -1.065655e-01 5.072501e-02
-2.453674e-01 -1.330036e-01 5.167459e-02
-2.428586e-01 -1.292466e-01 5.538212e-02
-2.385504e-01 -1.316891e-01 4.640460e-02
-2.402314e-01 -1.412790e-01 5.689424e-02
-2.437088e-01 -1.447967e-01 5.607758e-02
-2.445913e-01 -1.388696e-01 5.421998e-02
-2.426571e-01 -1.345048e-01 5.596124e-02
-2.435679e-01 -1.358102e-01 4.700324e-02
-2.396864e-01 -1.480314e-01 5.564305e-02
-2.377532e-01 -1.369925e-01 5.446083e-02
-2.436775e-01 -1.480846e-01 5.612577e-02
-2.445286e-01 -1.446003e-01 5.083417e-02
-2.374716e-01 -1.313768e-01 5.313925e-02
-2.380749e-01 -1.373716e-01 4.837331e-02
-2.430499e-01 -1.406853e-01 4.790932e-02
-2.412128e-01 -1.451122e-01 4.832301e-02
-2.432214e-01 -1.497537e-01 5.104701e-02
-2.403061e-01 -1.493160e-01 5.121970e-02
-2.374911e-01 -1.433617e-01 5.181042e-02
-2.439980e-01 -1.499926e-01 5.420665e-02
-2.464436e-01 -9.805301e-02 4.784529e-02
-2.402668e-01 -1.123512e-01 4.037593e-02
-2.359950e-01 -9.979179e-02 4.521970e-02
-2.371945e-01 -1.071217e-01 4.443616e-02
-2.389167e-01 -1.016252e-01 4.953395e-02
-2.453312e-01 -9.916453e-02 3.531990e-02
-2.366167e-01 -1.014587e-01 3.778698e-02
-2.491268e-01 -1.021661e-01 4.132105e-02
-2.403934e-01 -1.017729e-01 3.547076e-02
-2.489617e-01 -1.096961e-01 4.742176e-02
-2.424913e-01 -9.500680e-02 4.987166e-02
-2.482566e-01 -9.356318e-02 4.418376e-02
-2.481540e-01 -7.636383e-02 2.657970e-02
-2.356586e-01 -1.139357e-01 2.872874e-02
-2.455323e-01 -1.111826e-01 2.925598e-02
-2.430884e-01 -1.064417e-01 3.188045e-02
-2.335536e-01 -9.522117e-02 3.092023e-02
-2.396444e-01 -1.091306e-01 2.218452e-02
-2.441000e-01 -1.149809e-01 3.257242e-02
-2.384541e-01 -1.256332e-01 2.605257e-02
-2.352253e-01 -1.175028e-01 2.527401e-02
-2.437391e-01 -1.175242e-01 2.869010e-02
-2.343190e-01 -1.206832e-01 3.007844e-02
-2.388688e-01 -1.162384e-01 3.385261e-02
-2.366504e-01 -1.145359e-01 2.388650e-02
-2.353755e-01 -1.052940e-01 2.305128e-02
-2.414298e-01 -1.251877e-01 3.406014e-02
-2.340953e-01 -1.268881e-01 2.804707e-02
-2.366686e-01 -1.315728e-01 2.702004e-02
-2.391067e-01 -1.188481e-01 2.472517e-02
-2.350202e-01 -1.223296e-01 2.562249e-02
-2.424642e-01 -1.231745e-01 2.947782e-02
-2.376264e-01 -1.231015e-01 3.436443e-02
-2.400018e-01 -1.033896e-01 2.105829e-02
-2.421986e-01 -1.202456e-01 3.342654e-02
-2.402462e-01 -1.104793e-01 3.313676e-02
-2.412697e-01 -1.136346e-01 2.363943e-02
-2.416417e-01 -1.293879e-01 3.084788e-02
-2.400735e-01 -1.291264e-01 3.501766e-02
-2.326932e-01 -1.335986e-01 2.973821e-02
-2.385337e-01 -1.405558e-01 3.696961e-02
-2.381805e-01 -1.416470e-01 3.256535e-02
-2.394644e-01 -1.372596e-01 3.609118e-02
-2.404878e-01 -1.331111e-01 3.502483e-02
-2.376118e-01 -1.433992e-01 3.741631e-02
-2.398614e-01 -1.353673e-01 3.073149e-02
-2.352781e-01 -1.443486e-01 3.769162e-02
-2.358823e-01 -1.398255e-01 3.762325e-02
-2.372217e-01 -1.339473e-01 3.642952e-02
-2.351117e-01 -1.386970e-01 2.845467e-02
-2.346849e-01 -1.292663e-01 3.337430e-02
-2.327646e-01 -1.364018e-01 3.435627e-02
-2.338970e-01 -1.433113e-01 2.997620e-02
-2.320297e-01 -1.397564e-01 3.083494e-02
-2.327061e-01 -1.441895e-01 3.422729e-02
-2.360274e-01 -1.463746e-01 3.253432e-02
-2.369533e-01 -1.465133e-01 3.616289e-02
-2.441370e-01 -1.016707e-01 3.043174e-02
-2.347901e-01 -1.004527e-01 2.150187e-02
-2.371639e-01 -1.069643e-01 3.122876e-02
-2.390853e-01 -1.028080e-01 3.185984e-02
-2.348322e-01 -1.013477e-01 2.820304e-02
-2.356248e-01 -1.097200e-01 2.446384e-02
-2.397853e-01 -9.708017e-02 1.928591e-02
-2.451710e-01 -1.060572e-01 2.587623e-02
-2.419197e-01 -1.101087e-01 6.615382e-03
-2.394090e-01 -9.821969e-02 1.203305e-02
-2.334747e-01 -1.023289e-01 4.363010e-03
-2.382141e-01 -9.031569e-02 3.762714e-03
-2.392320e-01 -1.084043e-01 1.130892e-02
-2.333105e-01 -1.152704e-01 4.197096e-03
-2.342912e-01 -1.136858e-01 9.437471e-03
-2.413315e-01 -9.377081e-02 7.819206e-03
-2.333397e-01 -9.490781e-02 3.180158e-03
-2.339733e-01 -1.062218e-01 1.004617e-02
-2.385260e-01 -1.124148e-01 3.226954e-03
-2.338125e-01 -1.104079e-01 4.693846e-03
-2.392134e-01 -1.144634e-01 1.041595e-02
-2.372236e-01 -8.387152e-02 2.857928e-03
-2.417374e-01 -1.032979e-01 8.575720e-03
-2.390277e-01 -1.059202e-01 3.252707e-03
-2.407935e-01 -1.162957e-01 5.948371e-03
-2.367003e-01 -1.181338e-01 2.827698e-03
-2.368237e-01 -1.234185e-01 3.164322e-03
-2.397828e-01 -1.218548e-01 6.829981e-03
-2.382157e-01 -1.190800e-01 1.009131e-02
-2.384525e-01 -1.292811e-01 7.421180e-03
-2.357071e-01 -1.301457e-01 9.160204e-03
-2.373249e-01 -1.256669e-01 9.613439e-03
-2.378845e-01 -1.329960e-01 5.153858e-03
-2.360630e-01 -1.271457e-01 3.399189e-03
-2.333100e-01 -1.212920e-01 8.745769e-03
-2.328968e-01 -1.204508e-01 4.416005e-03
-2.322756e-01 -1.251461e-01 7.102421e-03
-2.332926e-01 -1.300245e-01 5.308629e-03
-2.375246e-01 -1.324823e-01 7.556379e-03
-2.364299e-01 -1.316509e-01 3.565486e-03
-2.306177e-01 -9.544896e-02 8.828657e-03
-2.336251e-01 -1.002370e-01 1.162690e-02
-2.376253e-01 -1.031496e-01 1.211722e-02
-2.417524e-01 -8.653228e-02 1.045679e-02
-2.394408e-01 -9.865736e-02 4.012980e-03
-2.394789e-01 -9.291478e-02 1.451243e-02
-2.125537e-01 -7.249548e-02 6.118515e-02
-2.051669e-01 -7.154257e-02 6.539369e-02
-2.190484e-01 -7.175540e-02 6.287383e-02
-2.194033e-01 -7.273477e-02 6.984404e-02
-2.155765e-01 -7.715215e-02 6.530090e-02
-2.157077e-01 -6.598292e-02 7.242662e-02
-2.074025e-01 -6.708324e-02 7.228529e-02
-2.142075e-01 -7.138317e-02 7.581237e-02
-2.054053e-01 -7.408159e-02 7.347230e-02
-2.190678e-01 -7.984275e-02 7.086337e-02
-2.169791e-01 -7.796682e-02 7.734229e-02
-2.078112e-01 -9.214476e-02 8.333144e-02
-2.100807e-01 -7.654981e-02 7.908628e-02
-2.090874e-01 -8.407104e-02 8.228659e-02
-2.131737e-01 -8.922517e-02 8.502847e-02
-2.158477e-01 -8.299722e-02 8.189300e-02
-2.095096e-01 -9.380470e-02 7.930642e-02
-2.063305e-01 -8.834756e-02 7.934333e-02
-2.053283e-01 -8.222082e-02 7.588697e-02
-2.179977e-01 -8.768871e-02 8.208637e-02
-2.145038e-01 -9.462233e-02 8.637737e-02
-2.081103e-01 -7.938629e-02 6.776404e-02
-2.090983e-01 -8.758133e-02 7.329859e-02
-2.192063e-01 -8.530807e-02 7.583579e-02
-2.158313e-01 -9.110855e-02 7.622637e-02
-2.150842e-01 -8.502322e-02 7.017630e-02
-2.139200e-01 -9.634084e-02 8.201118e-02
-2.173502e-01 -9.331247e-02 8.182930e-02
-2.096721e-01 -9.552476e-02 8.594820e-02
-2.343864e-01 -9.730700e-02 1.905516e-02
-2.473142e-01 -8.797108e-02 2.911017e-02
-2.321875e-01 -9.570451e-02 2.292616e-02
-2.258983e-01 -8.232930e-02 1.710751e-02
-2.273099e-01 -8.853070e-02 9.969237e-03
-2.243137e-01 -7.133175e-02 -1.045009e-03
-2.237742e-01 -7.989476e-02 6.429828e-03
-2.320195e-01 -9.489113e-02 1.591075e-02
-2.455261e-01 -8.447482e-02 1.989003e-02
-2.290649e-01 -9.042546e-02 1.824736e-02
-2.299634e-01 -8.717100e-02 2.964740e-03
-2.220735e-01 -7.300331e-02 1.532619e-02
-2.197934e-01 -7.115952e-02 4.430441e-02
-2.286584e-01 -7.837935e-02 3.953583e-02
-2.339237e-01 -7.154931e-02 6.275786e-02
-2.256362e-01 -7.016221e-02 6.241271e-02
-2.283513e-01 -5.987739e-02 6.190160e-02
-2.252871e-01 -4.836490e-02 5.771405e-02
-2.100294e-01 -5.873263e-02 6.918203e-02
-2.032309e-01 -5.700350e-02 6.269161e-02
-2.082248e-01 -6.519357e-02 4.614192e-02
-2.137232e-01 -6.331801e-02 3.377834e-02
-2.176565e-01 -6.067044e-02 8.105286e-04
-2.003633e-01 -4.479988e-02 3.856667e-02
-2.057321e-01 -3.762548e-02 4.588049e-02
-2.278749e-01 -3.011555e-02 3.977967e-02
-2.297907e-01 -5.232032e-02 -3.527547e-03
-2.418273e-01 -4.473506e-02 1.486399e-02
-2.350338e-01 -4.058149e-02 2.381338e-03
-2.355398e-01 -1.674278e-02 7.073846e-03
-2.052792e-01 -6.627797e-02 5.786873e-02
-2.140932e-01 -7.040004e-02 5.445896e-02
-2.455578e-02 4.964070e-01 1.540730e-01
-2.127965e-02 5.031753e-01 1.577717e-01
-4.334798e-02 4.825648e-01 7.590691e-02
-4.398554e-02 4.865815e-01 8.073961e-02
-5.119697e-02 5.233359e-01 6.947006e-02
-5.066269e-02 5.160151e-01 7.289800e-02
-4.583567e-02 5.068772e-01 6.302582e-02
-1.378001e-01 2.299103e-01 2.423678e-02
-1.515414e-01 2.365726e-01 1.983923e-02
-1.098728e-01 2.333156e-01 -4.341010e-02
-1.142963e-01 2.250792e-01 -4.811682e-02
-1.619267e-01 2.369134e-01 8.221614e-03
-1.705081e-01 2.384094e-01 -7.534244e-03
-1.728374e-01 2.277568e-01 -3.439318e-02
-1.061547e-01 2.203813e-01 -1.513189e-02
-1.098066e-01 2.114709e-01 -1.088791e-02
-1.067359e-01 2.130844e-01 -2.064114e-02
-1.039478e-01 2.343643e-01 -1.288411e-02
-1.017179e-01 2.375469e-01 -2.117583e-02
-1.033854e-01 2.285909e-01 -1.952306e-02
-1.033807e-01 2.274007e-01 -2.903920e-02
-1.023151e-01 2.337077e-01 -2.716180e-02
-1.068713e-01 2.272875e-01 -3.772099e-02
-1.047721e-01 2.352445e-01 -3.449050e-02
-1.323171e-01 2.340159e-01 -5.888255e-02
-1.492439e-01 2.357779e-01 -5.603664e-02
-1.183266e-01 2.425795e-01 2.203446e-02
-1.141882e-01 2.394158e-01 1.382087e-02
-1.146718e-01 2.321882e-01 1.059873e-02
-1.262766e-01 2.363709e-01 2.415473e-02
-1.193073e-01 2.331017e-01 1.750676e-02
-1.729102e-01 2.426675e-01 -2.425553e-02
-1.652072e-01 2.150108e-01 -4.925795e-02
-1.135564e-01 2.115481e-01 -2.171114e-03
-1.094556e-01 2.192692e-01 -7.020302e-03
-1.131603e-01 2.196979e-01 1.379321e-03
-1.477463e-01 2.184771e-01 -5.823098e-02
-1.040148e-01 2.490680e-01 -4.563280e-03
-1.016704e-01 2.495416e-01 -1.270769e-02
-1.047777e-01 2.553226e-01 1.395648e-03
-1.039125e-01 2.626689e-01 1.584194e-03
-1.005290e-01 2.572552e-01 -1.580637e-02
-1.013728e-01 2.643111e-01 -2.725167e-02
-1.215617e-01 2.658464e-01 -5.493136e-02
-1.142888e-01 2.698517e-01 -4.993402e-02
-1.570729e-01 2.689485e-01 1.373240e-02
-1.120638e-01 2.761250e-01 3.208366e-02
-1.121972e-01 2.668071e-01 2.886360e-02
-1.156743e-01 2.600281e-01 3.052551e-02
-1.040191e-01 2.677998e-01 -3.484186e-02
-1.031813e-01 2.587832e-01 -3.285063e-02
-1.058553e-01 2.532319e-01 -3.742376e-02
-1.068487e-01 2.618673e-01 -3.959874e-02
-1.394999e-01 2.457765e-01 2.801337e-02
-1.671294e-01 2.741571e-01 -2.138127e-02
-1.016712e-01 2.663155e-01 -9.171706e-03
-1.005387e-01 2.663659e-01 -1.852589e-02
-1.508216e-01 2.548181e-01 2.110964e-02
-1.243094e-01 2.476746e-01 2.831178e-02
-1.233193e-01 2.574571e-01 3.251551e-02
-1.685896e-01 2.568709e-01 -1.250200e-02
-1.061538e-01 2.699852e-01 1.394598e-02
-1.083476e-01 2.659837e-01 2.136776e-02
-1.075253e-01 2.613425e-01 1.591947e-02
-1.055263e-01 2.648610e-01 9.630567e-03
-1.154236e-01 2.602676e-01 -5.060268e-02
-1.123188e-01 2.419879e-01 -4.718935e-02
-1.152699e-01 2.501959e-01 -5.035473e-02
-7.067802e-02 1.864149e-01 -3.470593e-02
-2.495715e-03 2.080131e-01 -5.972285e-02
-7.688711e-02 1.717597e-01 -2.212916e-02
-6.533280e-03 1.615076e-01 1.008720e-01
-9.022422e-02 1.609323e-01 9.904544e-03
-8.493123e-02 1.770915e-01 -1.294497e-02
-4.089911e-02 1.615361e-01 -4.429869e-02
1.812924e-03 1.775679e-01 -5.015960e-02
-9.156617e-02 1.812754e-01 8.800899e-03
-9.370472e-02 1.925536e-01 1.216104e-03
-7.027964e-02 2.034682e-01 -4.137855e-02
-9.097479e-02 1.710012e-01 2.101211e-02
-9.298243e-02 1.868379e-01 2.347505e-02
-4.962254e-03 2.440940e-01 -6.681975e-02
-8.097959e-02 1.972835e-01 -3.056591e-02
-9.010780e-02 1.861562e-01 -6.539537e-03
-8.916951e-02 1.942795e-01 -1.693699e-02
-4.936526e-02 2.850634e-01 1.043636e-01
-8.877339e-02 3.024139e-01 9.093361e-02
-1.099684e-01 2.854685e-01 4.804704e-02
-1.027375e-01 2.677428e-01 3.758321e-02
-1.032447e-01 2.741838e-01 4.333651e-02
-1.077716e-01 2.735380e-01 1.870720e-02
-1.045419e-01 2.753350e-01 3.444762e-02
-9.706821e-02 2.538855e-01 4.688250e-02
-1.008295e-01 2.725928e-01 6.518995e-02
-5.448112e-02 2.636575e-01 1.055960e-01
-8.702540e-03 2.534943e-01 1.091733e-01
-1.328630e-02 2.353939e-01 1.047289e-01
-2.041031e-01 1.348427e-01 -2.447489e-02
-1.484652e-01 9.156618e-02 -5.176825e-03
-1.399268e-01 9.765758e-02 -3.387346e-02
-1.677677e-01 1.241580e-01 -6.030869e-02
-1.917414e-01 1.242718e-01 -4.704404e-02
-2.034785e-01 1.218058e-01 -3.267179e-02
-1.954355e-01 1.404941e-01 -2.991533e-03
-1.815706e-01 1.296053e-01 5.773304e-03
-1.516791e-01 1.187904e-01 -1.673581e-04
-1.361853e-01 1.067014e-01 -1.950650e-02
-1.625134e-01 8.922074e-02 -5.058832e-02
-1.786335e-01 8.888543e-02 -5.156329e-02
-1.614817e-01 7.285204e-02 -4.309019e-02
-1.755476e-01 9.194990e-02 1.231864e-02
-1.800712e-01 7.333688e-02 1.461472e-02
-2.110218e-01 8.946568e-02 -3.099152e-03
-1.924937e-01 7.844005e-02 -4.606196e-02
-1.965346e-01 9.985556e-02 9.168073e-03
-1.579188e-01 6.494193e-02 -3.907624e-03
-2.041827e-01 8.914733e-02 -3.930537e-02
-1.955325e-01 8.433391e-02 1.318321e-02
-1.559504e-01 6.061506e-02 -1.835886e-02
-2.155384e-01 5.730595e-02 5.968709e-03
-1.792890e-01 3.789214e-02 9.151778e-03
-1.782928e-01 5.018933e-02 -3.800544e-02
-1.703848e-01 6.056191e-02 8.201738e-03
-2.088001e-01 5.513595e-02 -3.188286e-02
-1.985131e-01 6.686046e-02 1.528681e-02
-1.714324e-01 3.462959e-02 -1.045218e-02
-2.174360e-01 6.765405e-02 -1.334571e-02
-1.856306e-01 5.339671e-02 1.559764e-02
-1.658080e-01 4.590832e-02 -2.211200e-02
-1.965268e-01 3.979610e-02 1.993591e-02
-1.855397e-01 1.939555e-02 1.003042e-02
-1.871048e-01 7.116665e-03 -1.077411e-03
-2.209326e-01 3.652213e-02 -1.361022e-02
-2.214077e-01 4.216107e-02 3.473990e-03
-1.925587e-01 2.732203e-02 1.888621e-02
-1.936641e-01 2.680182e-02 -2.837972e-02
-2.144360e-01 1.742096e-02 -1.949165e-02
-2.229198e-01 9.643517e-03 -1.153689e-02
-1.870724e-01 1.259321e-02 -1.418154e-02
-2.182790e-01 1.467150e-02 2.585156e-02
-2.067591e-01 2.646367e-02 2.467424e-02
-1.982257e-01 1.522741e-02 2.239568e-02
-1.966618e-01 -7.750758e-04 -1.131152e-02
-2.199567e-01 -4.429861e-03 -1.164692e-02
-2.021717e-01 -1.805685e-02 1.287332e-03
-2.323952e-01 -2.038100e-03 6.562038e-03
-2.006983e-01 1.113114e-03 2.298824e-02
-2.261675e-01 1.210553e-02 1.611045e-02
-2.093198e-01 1.969417e-03 -1.684868e-02
-6.075772e-02 4.103772e-01 3.976110e-02
-7.244357e-03 4.011649e-01 -1.936057e-02
-6.305315e-02 3.809262e-01 6.111654e-02
-3.706179e-02 3.835072e-01 6.831514e-02
-2.258289e-02 3.785569e-01 7.715949e-02
-1.823732e-03 3.792363e-01 -3.181875e-02
-9.494333e-02 1.942558e-01 1.147872e-02
-9.953190e-02 2.138555e-01 2.353463e-03
-9.695357e-02 2.039401e-01 3.581871e-03
-7.597508e-02 2.193510e-01 -4.471176e-02
-9.429368e-02 1.986077e-01 3.178643e-02
-9.648947e-02 2.018804e-01 1.850106e-02
-8.875850e-02 2.040506e-01 -2.447816e-02
-8.377962e-02 2.096966e-01 -3.409519e-02
-9.415849e-02 1.988981e-01 -6.898948e-03
-9.761259e-02 2.083300e-01 -6.150849e-03
-9.395114e-02 2.056144e-01 -1.493652e-02
-9.422851e-02 2.126650e-01 3.792572e-02
-1.945861e-02 2.653968e-01 -6.754658e-02
-4.382212e-02 3.803287e-01 -4.194379e-02
-9.611463e-02 3.914911e-01 -2.142591e-02
-1.332448e-01 3.661337e-01 -2.722051e-02
-1.628630e-01 3.117886e-01 -1.588968e-02
-1.639608e-01 2.931160e-01 -1.929148e-02
-1.691448e-01 2.552264e-01 -3.441551e-02
-1.567455e-01 2.539718e-01 -5.007505e-02
-1.379851e-01 2.637634e-01 -5.732226e-02
-1.208718e-01 2.862876e-01 -5.319460e-02
-1.148281e-01 2.954084e-01 -4.641819e-02
-1.159279e-01 3.011531e-01 -4.587267e-02
-1.141252e-01 2.980515e-01 -4.290870e-02
-1.149779e-01 3.053055e-01 -4.244638e-02
-1.151447e-01 3.009971e-01 -4.228860e-02
-1.139376e-01 3.024256e-01 -4.529807e-02
-9.449887e-02 2.741487e-01 -5.939600e-02
-1.008657e-01 2.683718e-01 -5.340385e-02
-1.016043e-01 2.761165e-01 -5.464680e-02
-7.998554e-02 2.475662e-01 -5.782465e-02
-6.764662e-02 2.356974e-01 -5.584738e-02
-5.687272e-02 2.198313e-01 -5.251884e-02
-5.198149e-02 2.000374e-01 -4.917025e-02
-5.375755e-02 1.813992e-01 -4.337040e-02
-4.031528e-02 7.561799e-02 -4.962922e-02
-9.793001e-02 9.975860e-02 -7.064232e-03
-8.078336e-02 1.042479e-01 -2.780508e-02
-1.046542e-01 9.486401e-02 8.458297e-03
-7.066147e-02 9.397481e-02 -3.744010e-02
-1.060245e-01 9.071619e-02 2.727300e-02
-8.986305e-02 1.095655e-01 -1.638089e-02
-2.915819e-02 9.845724e-02 -4.390430e-02
-1.288697e-01 2.759725e-01 -5.664048e-02
-8.536116e-03 2.964055e-01 -6.417402e-02
-9.821527e-02 3.411215e-01 -5.532261e-02
-1.218560e-01 3.236275e-01 -4.869893e-02
-1.296962e-01 3.315791e-01 -4.654580e-02
-2.697659e-03 3.367776e-01 -5.193323e-02
-1.057219e-01 2.696456e-01 2.684143e-02
-1.066434e-01 2.752565e-01 2.435593e-02
-1.109595e-01 2.623798e-01 8.663474e-03
-1.073386e-01 2.725700e-01 2.109694e-02
-1.096094e-01 2.696227e-01 1.236265e-02
-1.126356e-01 2.663510e-01 2.173373e-03
-1.139635e-01 2.718017e-01 -4.208832e-03
-1.148194e-01 2.680798e-01 -1.202247e-02
-1.148391e-01 2.723745e-01 -2.959863e-02
-1.148586e-01 2.811548e-01 -3.336231e-02
-1.117151e-01 2.810243e-01 -4.167791e-02
-1.122692e-01 2.881662e-01 -4.285520e-02
-1.052540e-01 2.898816e-01 -5.328506e-02
-1.091647e-01 2.895792e-01 -4.830847e-02
-1.028956e-01 2.988707e-01 -5.681435e-02
-1.080850e-01 2.962748e-01 -5.157669e-02
-8.914896e-02 3.232313e-01 -6.183552e-02
-6.078594e-02 3.522248e-01 -5.533680e-02
-6.251416e-02 3.926439e-01 -3.143512e-02
-9.998845e-02 2.458415e-01 3.678438e-02
-1.011007e-01 2.360125e-01 2.860378e-02
-1.054496e-01 2.356016e-01 1.200853e-02
-1.042433e-01 2.385023e-01 1.976154e-02
-1.071495e-01 2.363583e-01 3.815097e-03
-1.100016e-01 2.434815e-01 1.607257e-03
-1.080010e-01 2.367996e-01 -4.369765e-03
-1.037125e-01 2.348512e-01 -2.304954e-02
-1.075319e-01 2.375325e-01 -1.294909e-02
-1.074970e-01 2.414045e-01 -2.095801e-02
-1.037401e-01 2.395145e-01 -2.888210e-02
-1.030350e-01 2.437640e-01 -3.489540e-02
-1.082862e-01 2.471247e-01 -2.783837e-02
-1.041623e-01 2.492363e-01 -3.904639e-02
-9.934126e-02 2.504568e-01 -4.562122e-02
-1.055573e-01 2.557281e-01 -4.234773e-02
-9.455143e-02 2.536654e-01 -5.196995e-02
-9.577966e-02 2.628982e-01 -5.540740e-02
-8.431005e-02 2.617135e-01 -6.137034e-02
-7.395401e-02 2.744111e-01 -6.793542e-02
-5.298120e-02 3.300228e-01 -6.455100e-02
-6.508884e-02 3.714972e-01 -4.455307e-02
-2.304361e-02 4.124373e-01 -1.401210e-02
-4.105856e-02 4.165550e-01 -9.679537e-03
-1.428607e-01 2.799019e-01 -5.416763e-02
-1.634784e-01 2.707185e-01 -3.838708e-02
-1.437714e-01 3.308381e-01 -3.724170e-02
-1.271480e-01 3.173845e-01 -4.890234e-02
-1.252331e-01 2.991298e-01 -5.225052e-02
-1.482365e-01 2.920965e-01 -4.762636e-02
-2.591680e-02 3.081306e-01 -6.555169e-02
-7.206716e-02 3.169874e-01 -6.718571e-02
-1.142641e-01 3.302079e-01 -5.205322e-02
-1.385679e-01 3.168460e-01 -4.550575e-02
-1.185349e-01 3.437083e-01 -4.921068e-02
-2.568705e-02 3.284601e-01 -6.228251e-02
-5.004884e-02 3.061484e-01 -6.828519e-02
-1.365557e-01 3.026890e-01 -5.053261e-02
-1.327296e-01 2.898769e-01 -5.466341e-02
-1.404354e-01 3.237702e-01 5.336974e-02
-1.563503e-01 3.493669e-01 3.380595e-02
-1.527949e-01 3.616785e-01 -7.537404e-03
-1.477052e-01 3.482561e-01 -2.528707e-02
-1.433398e-01 3.416286e-01 5.057936e-02
-1.426845e-01 3.616982e-01 4.663228e-02
-1.549215e-01 3.675847e-01 1.636208e-02
-1.046274e-01 3.976060e-01 -5.627888e-03
-6.271822e-02 4.179122e-01 2.333280e-03
-4.184576e-02 4.254209e-01 4.667366e-03
-4.353940e-03 4.165415e-01 -3.845383e-03
-1.347488e-01 1.567062e-01 -4.481244e-03
-1.253874e-01 1.670049e-01 -8.635242e-03
-1.842712e-01 1.718847e-01 -1.063545e-02
-1.336708e-01 1.560635e-01 -5.728764e-02
-1.663351e-01 1.709656e-01 -1.243632e-03
-1.522670e-01 1.641261e-01 4.484263e-04
-1.215813e-01 1.549348e-01 -3.215149e-02
-1.806825e-01 1.613738e-01 -4.803065e-02
-1.639058e-01 1.537284e-01 -3.106347e-03
-1.269057e-01 1.453007e-01 -4.431796e-02
-1.933485e-01 1.667635e-01 -2.286150e-02
-1.304335e-01 1.315766e-01 -1.504614e-02
-1.246722e-01 1.389308e-01 -2.695810e-02
-1.439488e-01 1.326393e-01 -4.070328e-03
-1.506707e-01 1.513706e-01 -6.410547e-02
-1.078832e-01 3.576044e-01 -4.777092e-02
-3.557081e-02 3.503611e-01 -5.651895e-02
1.472934e-02 2.822906e-01 -5.851752e-02
1.645856e-02 2.276178e-01 -5.344685e-02
2.348283e-02 2.179250e-01 -4.585657e-02
1.363347e-02 2.145147e-01 -5.281676e-02
3.117610e-03 1.464314e-01 -4.321170e-02
3.110540e-03 1.934297e-01 -5.382766e-02
1.268158e-02 2.021816e-01 -5.071937e-02
2.122887e-02 1.685029e-01 -3.757433e-02
9.193387e-03 2.532469e-01 -6.252857e-02
1.165589e-02 2.687294e-01 -6.104851e-02
-5.787528e-04 2.629444e-01 -6.619827e-02
2.447357e-03 3.153751e-01 -5.720880e-02
-7.577366e-02 2.641359e-01 9.608135e-02
-9.160133e-02 2.674451e-01 8.095168e-02
-1.087578e-01 2.872701e-01 2.409270e-02
-1.092056e-01 2.805677e-01 2.772336e-02
-1.076112e-01 2.814294e-01 2.213018e-02
-1.068652e-01 2.758211e-01 1.977730e-02
-1.058806e-01 2.789535e-01 1.478845e-02
-1.060144e-01 2.886436e-01 3.866093e-03
-1.081337e-01 2.957231e-01 1.210204e-02
-1.066886e-01 2.893669e-01 1.102634e-02
-1.069318e-01 2.853680e-01 1.659381e-02
-1.054411e-01 2.826954e-01 8.514056e-03
-1.041907e-01 2.777369e-01 3.058827e-03
5.757914e-03 4.169984e-01 1.107900e-01
2.850890e-03 4.083230e-01 1.001695e-01
9.566452e-04 4.157117e-01 1.342231e-01
-6.369435e-03 3.833454e-01 8.217686e-02
-9.741738e-03 3.683940e-01 8.435258e-02
2.621243e-03 4.487920e-01 1.574743e-01
9.576347e-03 2.339052e-01 1.049165e-01
-1.053657e-02 3.486566e-01 8.814187e-02
-1.180871e-01 -8.022473e-02 -8.668464e-03
-9.249990e-02 -5.287230e-02 -4.047363e-02
-1.094924e-01 1.836937e-03 -2.078419e-02
-9.917063e-02 1.815657e-02 -3.163397e-02
-3.631174e-02 -4.442371e-02 -7.205582e-02
-9.732620e-02 4.004767e-02 -3.246196e-02
-1.013256e-01 5.571394e-02 -2.349555e-02
-8.245122e-02 3.162830e-02 -4.606871e-02
-8.650538e-02 -2.862981e-02 -4.805586e-02
-7.347319e-02 -5.033012e-02 -5.556807e-02
-2.734039e-02 -6.693755e-02 -6.047857e-02
-1.185756e-02 -5.606953e-02 -6.549480e-02
5.902697e-03 -5.688702e-02 -6.169287e-02
-7.114539e-02 -2.500309e-02 -6.103376e-02
-4.215616e-02 4.981996e-03 -7.237694e-02
-6.290347e-02 5.018077e-02 -5.429427e-02
-3.925869e-02 -8.179188e-02 -4.768667e-02
-4.874225e-02 -6.249826e-02 -6.403857e-02
1.234244e-02 5.281171e-04 -7.359499e-02
-3.445463e-02 3.288452e-02 -6.698611e-02
-1.778499e-03 1.026758e-01 -4.376069e-02
-1.710556e-02 1.438285e-01 -4.499187e-02
-1.097168e-01 -1.749027e-01 1.093466e-01
-7.512885e-02 -2.162199e-01 1.105196e-01
-2.877331e-02 -1.838199e-01 6.051276e-02
-2.164151e-02 -1.385930e-01 6.438300e-02
-2.109259e-02 -1.527595e-01 6.056462e-02
-1.415683e-01 -1.638952e-01 5.783195e-02
-1.389620e-01 -1.750648e-01 8.090074e-02
-1.196391e-01 -2.181411e-01 1.051311e-01
-1.091528e-02 -1.375387e-01 8.452764e-03
-7.147283e-03 -1.317068e-01 1.512567e-02
-1.538098e-02 -1.557010e-01 7.004015e-03
-2.232648e-02 -1.600191e-01 -2.654360e-03
-3.468289e-02 -2.026895e-01 1.059224e-02
-2.563639e-02 -1.878680e-01 1.306964e-02
-1.192369e-01 -1.539792e-01 1.903082e-03
-1.204723e-01 -1.975235e-01 7.116673e-03
-1.393963e-01 -1.454854e-01 4.564972e-02
-1.404955e-01 -2.060300e-01 4.431308e-02
-3.384019e-02 -1.521972e-01 7.630558e-02
-3.477457e-02 -1.307106e-01 7.865196e-02
-4.150715e-02 -1.965475e-01 8.009355e-02
-6.165598e-02 -1.746802e-01 1.020447e-01
-5.762871e-02 -1.989716e-01 1.000298e-01
-2.679093e-02 -1.975695e-01 2.677161e-02
-1.354454e-02 -1.418421e-01 5.194670e-02
-1.387570e-02 -1.547116e-01 4.625618e-02
-9.862843e-03 -1.438728e-01 4.018933e-02
-1.037325e-02 -1.549081e-01 3.256181e-02
-5.536838e-02 -1.456202e-01 -2.411146e-02
-5.279846e-02 -1.640551e-01 -2.031310e-02
-5.945996e-02 -1.937230e-01 -1.324202e-02
-7.650055e-02 -1.547100e-01 -2.343184e-02
-1.076577e-01 -2.036854e-01 -2.807619e-03
-9.336647e-02 -1.956489e-01 -1.165581e-02
-1.335092e-01 -1.587519e-01 2.355878e-02
-1.315589e-01 -2.008854e-01 2.319271e-02
-2.523994e-02 -1.473697e-01 -8.284888e-03
-1.980637e-02 -1.365321e-01 -6.010230e-03
-3.588068e-02 -1.580324e-01 -1.396116e-02
-3.543164e-02 -1.890547e-01 -1.541055e-03
-5.948198e-02 -2.788546e-01 -4.027993e-02
-8.197694e-02 -2.291584e-01 -4.167908e-02
-8.725155e-02 -2.229299e-01 -5.423879e-02
-1.545141e-01 -2.809498e-01 -3.991269e-02
-1.407222e-01 -2.978944e-01 -7.068659e-02
-1.218086e-01 -3.022346e-01 -9.248760e-02
-1.057436e-01 -2.968847e-01 -9.792621e-02
-1.063144e-01 -3.054278e-01 -7.896050e-02
-6.042993e-02 -2.804153e-01 -5.860307e-02
-7.215668e-02 -2.890590e-01 -7.000372e-02
-8.623940e-02 -2.988370e-01 -6.601436e-02
-9.141754e-02 -2.949020e-01 -8.450995e-02
-9.961817e-02 -2.234586e-01 -4.249496e-02
-1.052659e-01 -2.188981e-01 -5.771772e-02
-1.170679e-01 -2.270998e-01 -3.244792e-02
-1.119291e-01 -2.315647e-01 -2.193250e-02
-1.238318e-01 -2.337103e-01 -2.108940e-02
-1.469648e-01 -2.351682e-01 -6.671122e-02
-1.483376e-01 -2.965059e-01 -4.527898e-02
-7.208961e-02 -2.316445e-01 -5.523297e-02
-1.416943e-01 -3.110922e-01 -3.216204e-02
-1.379646e-01 -3.081602e-01 -5.215066e-02
-6.031189e-02 -2.780741e-01 -1.936497e-02
-8.924268e-02 -2.501086e-01 4.051403e-03
-8.665080e-02 -2.448650e-01 -5.482318e-03
-7.371837e-02 -2.536670e-01 -4.644941e-03
-8.340184e-02 -2.402536e-01 -1.622984e-02
-7.797672e-02 -2.467725e-01 -1.030430e-02
-1.498618e-01 -2.714146e-01 -2.883999e-03
-6.479197e-02 -2.937031e-01 -9.982309e-03
-6.555296e-02 -2.992372e-01 4.908612e-03
-8.735698e-02 -3.215070e-01 -6.622758e-03
-1.228063e-01 -3.224201e-01 -3.679700e-02
-1.042399e-01 -3.195657e-01 -3.948325e-02
-1.502822e-01 -2.904368e-01 -9.437855e-04
-1.473418e-01 -3.033935e-01 -1.756094e-02
-1.487316e-01 -2.561859e-01 -1.554518e-02
-1.066426e-01 -2.576758e-01 1.290854e-02
-1.068953e-01 -2.528164e-01 8.205972e-03
-1.139466e-01 -2.552816e-01 9.649038e-03
-1.128462e-01 -2.491966e-01 3.720276e-03
-7.548059e-02 -3.064995e-01 -1.292736e-02
-7.692631e-02 -3.037414e-01 -3.091900e-02
-9.552141e-02 -2.452125e-01 -8.668781e-04
-9.312449e-02 -2.392450e-01 -1.110873e-02
-1.024172e-01 -2.404068e-01 -7.053210e-03
-9.852426e-02 -2.509736e-01 6.384163e-03
-6.298549e-02 -2.719832e-01 -1.932531e-03
-6.294898e-02 -2.754829e-01 6.037842e-03
-1.008317e-01 -2.754322e-01 -1.442619e-01
-1.187049e-01 -2.827456e-01 -1.343366e-01
-5.789474e-02 -2.563271e-01 -7.945731e-02
-6.126706e-02 -2.490943e-01 -9.669904e-02
-1.503090e-01 -2.459036e-01 -8.319718e-02
-1.480405e-01 -2.633121e-01 -9.532533e-02
-1.315976e-01 -2.895603e-01 -1.065284e-01
-1.356330e-01 -2.939572e-01 -9.109633e-02
-6.457318e-02 -2.674492e-01 -9.655407e-02
-8.934722e-02 -2.751088e-01 -1.251806e-01
-7.714702e-02 -2.610935e-01 -1.304594e-01
-8.910351e-02 -2.853628e-01 -1.021859e-01
-1.045555e-01 -2.160913e-01 -7.900642e-02
-1.197746e-01 -2.180153e-01 -7.241287e-02
-1.358670e-01 -2.234152e-01 -1.081878e-01
-1.371537e-01 -2.253752e-01 -8.681996e-02
-1.510368e-01 -2.689516e-01 -7.800452e-02
-1.410997e-01 -2.745378e-01 -1.091791e-01
-8.009638e-02 -2.212071e-01 -1.044884e-01
-6.228004e-02 -3.923902e-02 8.129340e-02
-5.729722e-02 -4.816277e-02 8.170313e-02
-4.755460e-03 -8.791088e-02 2.592901e-02
-4.714681e-03 -8.129916e-02 3.183673e-02
-1.207156e-01 -8.492149e-03 3.383337e-02
-1.240869e-01 -2.724076e-02 3.231582e-02
-1.142573e-01 -1.567261e-02 -1.207285e-02
-2.147736e-02 -7.797235e-02 6.762671e-02
-2.268167e-02 -7.033811e-02 7.105265e-02
-2.556421e-02 -7.603621e-02 7.154016e-02
-1.246376e-01 -3.941004e-02 1.314096e-02
-1.125084e-01 -1.661357e-02 5.831668e-02
-6.926283e-02 -5.786186e-02 8.725701e-02
-7.959317e-02 -5.305975e-02 8.780423e-02
-6.754636e-02 -4.779140e-02 8.363724e-02
-4.993433e-03 -8.543491e-02 3.916541e-02
-8.496668e-03 -8.363222e-02 5.030882e-02
-3.286514e-02 -6.642829e-02 7.644614e-02
-3.871677e-02 -6.467202e-02 7.942327e-02
-4.292487e-02 -5.861509e-02 8.071745e-02
-3.265151e-03 -8.024790e-02 2.404932e-02
-9.770838e-02 -9.372053e-03 -3.428422e-02
-6.249260e-02 -4.592389e-03 -6.562196e-02
-3.107046e-02 -1.849708e-02 -7.456130e-02
-1.016459e-03 -1.977652e-02 -7.435445e-02
-4.001155e-02 -4.539274e-02 9.611298e-02
-3.364541e-02 -5.361289e-02 9.592444e-02
-4.115922e-02 -5.026105e-02 8.941845e-02
-2.164677e-02 -5.333194e-02 1.077210e-01
-2.493621e-02 -1.011440e-01 -2.343753e-02
-2.515172e-02 -9.038877e-02 -3.262566e-02
-1.408952e-02 -8.587475e-02 -2.521672e-02
-1.186726e-02 -6.350199e-02 1.087596e-01
-4.325670e-03 7.774574e-02 -4.710666e-02
-1.016718e-01 8.409519e-02 -7.730232e-03
-8.396871e-02 8.067843e-02 -3.315756e-02
-6.184144e-02 4.654523e-02 7.584147e-02
-6.735592e-02 7.259535e-02 -4.515024e-02
-3.419026e-02 6.406838e-02 8.868001e-02
-9.213619e-02 9.152173e-02 -2.077573e-02
-6.402461e-02 1.698555e-01 -3.286543e-02
-1.352178e-02 1.894087e-01 -5.660407e-02
-2.274628e-02 1.404551e-01 9.714619e-02
-8.449122e-02 1.606870e-01 -7.638301e-03
-7.556701e-02 1.560349e-01 -1.984143e-02
-8.803893e-02 1.403788e-01 4.460100e-02
-3.211461e-02 1.830714e-01 -5.312626e-02
6.220512e-03 1.643237e-01 -4.519185e-02
2.275567e-02 3.958119e-02 -6.234768e-02
-9.611408e-02 7.312666e-02 -2.266148e-02
-1.107792e-01 6.039645e-02 7.909426e-03
-1.146971e-01 4.511547e-02 1.697543e-02
-1.086336e-01 7.408869e-02 2.381128e-02
-1.053948e-01 4.958218e-02 4.541029e-02
-4.467396e-02 3.189242e-02 8.342460e-02
-3.285367e-04 5.319597e-02 -5.763681e-02
-2.860243e-02 5.719065e-02 -5.762884e-02
-1.346906e-02 5.549288e-01 1.660422e-01
-7.075145e-03 4.842382e-01 1.684746e-01
-7.751894e-03 5.699195e-01 3.831976e-02
-1.705919e-02 5.953678e-01 1.208981e-01
-1.227865e-02 5.093058e-01 1.703774e-01
-2.402437e-03 5.043862e-01 1.702668e-01
-8.703073e-03 5.398648e-01 1.714447e-01
9.781202e-03 3.768980e-01 8.148983e-02
-4.154208e-03 -8.090776e-02 2.929301e-02
8.028092e-03 3.582375e-01 8.527570e-02
1.281636e-02 1.868052e-01 -4.658758e-02
1.476924e-02 1.754101e-01 -4.229018e-02
-7.601488e-02 -2.227885e-01 -1.716706e-01
-8.734070e-02 -2.083526e-01 -1.599206e-01
-1.099069e-01 -2.022599e-01 -1.762255e-01
-1.211441e-01 -2.096426e-01 -1.585863e-01
-1.249983e-01 -2.200213e-01 -1.895850e-01
-1.159942e-01 -2.442198e-01 -2.051916e-01
-1.250223e-01 -2.382514e-01 -1.910203e-01
-1.210009e-01 -2.609577e-01 -1.774192e-01
-7.721850e-02 -2.330972e-01 -1.881066e-01
-1.003060e-01 -1.970650e-01 -1.899718e-01
-8.184832e-02 -2.089871e-01 -1.756529e-01
-7.641127e-02 -2.157428e-01 -2.175480e-01
-8.933892e-02 -1.937052e-01 -2.137473e-01
-8.811472e-02 -1.972650e-01 -2.007355e-01
-1.097124e-01 -2.000596e-01 -2.031203e-01
-1.018076e-01 -1.938534e-01 -2.150910e-01
-1.205509e-01 -2.108578e-01 -2.056479e-01
-1.220180e-01 -2.157191e-01 -2.184231e-01
-1.219665e-01 -2.267424e-01 -2.041301e-01
-1.196164e-01 -2.316763e-01 -2.165781e-01
-7.313911e-02 -2.332763e-01 -2.152412e-01
-7.650257e-02 -2.244449e-01 -2.027598e-01
-9.862049e-02 -1.941068e-01 -2.037540e-01
-8.041975e-02 -2.093374e-01 -2.010619e-01
-1.077934e-01 -3.623971e-01 -2.833583e-01
-9.456838e-02 -3.668582e-01 -2.865406e-01
-1.235868e-01 -3.392650e-01 -2.875013e-01
-7.891718e-02 -3.511305e-01 -2.768509e-01
-7.321656e-02 -3.569711e-01 -2.761480e-01
-6.511149e-02 -3.431692e-01 -2.825893e-01
-6.649838e-02 -3.505315e-01 -2.824210e-01
-7.185357e-02 -3.465972e-01 -2.889944e-01
-7.192080e-02 -3.535960e-01 -2.881568e-01
-8.000252e-02 -3.566445e-01 -2.770846e-01
-8.374401e-02 -3.596196e-01 -2.812976e-01
-9.507383e-02 -3.597300e-01 -2.789310e-01
-9.866152e-02 -3.634849e-01 -2.825156e-01
-8.892134e-02 -3.584382e-01 -2.789484e-01
-8.847494e-02 -3.524729e-01 -2.886738e-01
-8.896913e-02 -3.585655e-01 -2.872957e-01
-9.490310e-02 -3.589035e-01 -2.875988e-01
-1.003870e-01 -3.483585e-01 -2.790312e-01
-1.066006e-01 -3.501738e-01 -2.795217e-01
-9.995040e-02 -3.568899e-01 -2.867401e-01
-1.052088e-01 -3.610567e-01 -2.884509e-01
-1.023472e-01 -3.533739e-01 -2.804094e-01
-1.097869e-01 -3.555806e-01 -2.851442e-01
-1.182081e-01 -3.405637e-01 -2.811576e-01
-1.127416e-01 -3.427645e-01 -2.812958e-01
-1.112689e-01 -3.453453e-01 -2.849783e-01
-1.126540e-01 -3.464988e-01 -2.895500e-01
-1.170219e-01 -3.436933e-01 -2.899303e-01
-1.263052e-01 -3.293101e-01 -2.819338e-01
-1.214815e-01 -3.283166e-01 -2.798524e-01
-1.214366e-01 -3.365669e-01 -2.866926e-01
-1.240967e-01 -3.290940e-01 -2.911742e-01
-7.377712e-02 -3.635650e-01 -2.767174e-01
-7.965779e-02 -3.620993e-01 -2.761890e-01
-7.549059e-02 -3.448243e-01 -2.747318e-01
-6.804857e-02 -3.571212e-01 -2.822702e-01
-6.816500e-02 -3.426706e-01 -2.753116e-01
-7.340745e-02 -3.657524e-01 -2.829344e-01
-7.793922e-02 -3.489403e-01 -2.894629e-01
-6.853332e-02 -3.386194e-01 -2.886868e-01
-8.279075e-02 -3.639518e-01 -2.801714e-01
-8.222485e-02 -3.531421e-01 -2.859633e-01
-9.522891e-02 -3.669995e-01 -2.806583e-01
-9.632399e-02 -3.493061e-01 -2.861678e-01
-9.179424e-02 -3.640018e-01 -2.798453e-01
-9.283193e-02 -3.491412e-01 -2.774613e-01
-8.916753e-02 -3.412161e-01 -2.752871e-01
-8.674939e-02 -3.529563e-01 -2.788102e-01
-8.938168e-02 -3.650500e-01 -2.834122e-01
-8.302294e-02 -3.548314e-01 -2.819574e-01
-8.605143e-02 -3.479938e-01 -2.767260e-01
-9.172811e-02 -3.643701e-01 -2.870066e-01
-9.398641e-02 -3.379699e-01 -2.917073e-01
-8.803703e-02 -3.450670e-01 -2.903365e-01
-1.046488e-01 -3.617775e-01 -2.823172e-01
-9.789189e-02 -3.399412e-01 -2.761705e-01
-1.061413e-01 -3.429915e-01 -2.781969e-01
-1.050687e-01 -3.636525e-01 -2.856899e-01
-9.659503e-02 -3.535934e-01 -2.826907e-01
-9.605681e-02 -3.478922e-01 -2.822704e-01
-1.002468e-01 -3.527894e-01 -2.887604e-01
-1.020224e-01 -3.404153e-01 -2.910829e-01
-1.012726e-01 -3.478656e-01 -2.897682e-01
-1.071895e-01 -3.572396e-01 -2.813990e-01
-1.066857e-01 -3.447250e-01 -2.895364e-01
-1.077967e-01 -3.502550e-01 -2.877175e-01
-1.168712e-01 -3.383965e-01 -2.901656e-01
-1.194301e-01 -3.305378e-01 -2.909343e-01
-1.200679e-01 -3.401187e-01 -2.861940e-01
-1.150856e-01 -3.475361e-01 -2.824437e-01
-1.186416e-01 -3.338742e-01 -2.795569e-01
-1.120339e-01 -3.376882e-01 -2.790304e-01
-1.152785e-01 -3.530135e-01 -2.888247e-01
-1.132806e-01 -3.505192e-01 -2.894193e-01
-1.113598e-01 -3.420274e-01 -2.890042e-01
-1.150816e-01 -3.282894e-01 -2.926305e-01
-1.163607e-01 -3.339188e-01 -2.913255e-01
-1.282651e-01 -3.167882e-01 -2.882933e-01
-1.248461e-01 -3.354768e-01 -2.838687e-01
-1.239467e-01 -3.233466e-01 -2.791064e-01
-1.228887e-01 -3.380581e-01 -2.904377e-01
-1.216361e-01 -3.345366e-01 -2.912765e-01
-1.193606e-01 -3.256587e-01 -2.927941e-01
-7.777675e-02 -3.672836e-01 -2.775024e-01
-9.685118e-02 -3.676990e-01 -2.837165e-01
-1.179091e-01 -3.503076e-01 -2.851264e-01
-7.059719e-02 -3.507929e-01 -2.758156e-01
-8.103979e-02 -3.600402e-01 -2.858728e-01
-7.839914e-02 -3.547558e-01 -2.886294e-01
-9.785500e-02 -3.583370e-01 -2.831743e-01
-9.319450e-02 -3.495198e-01 -2.889436e-01
-9.417763e-02 -3.543819e-01 -2.875860e-01
-8.604891e-02 -3.560490e-01 -2.837047e-01
-8.747735e-02 -3.610560e-01 -2.827717e-01
-9.892276e-02 -3.528796e-01 -2.839875e-01
-1.023193e-01 -3.579370e-01 -2.822610e-01
-1.101100e-01 -3.524343e-01 -2.830494e-01
-1.056180e-01 -3.553544e-01 -2.892500e-01
-1.196471e-01 -3.443671e-01 -2.850090e-01
-1.126093e-01 -3.497952e-01 -2.854627e-01
-1.280313e-01 -3.254756e-01 -2.861127e-01
-1.208497e-01 -3.366653e-01 -2.843427e-01
-7.374545e-02 -3.670435e-01 -2.787665e-01
-7.036260e-02 -3.623436e-01 -2.812251e-01
-7.870433e-02 -3.664922e-01 -2.823772e-01
-7.409367e-02 -3.605731e-01 -2.868123e-01
-8.251977e-02 -3.486293e-01 -2.817661e-01
-8.130136e-02 -3.452992e-01 -2.775041e-01
-9.653178e-02 -3.635436e-01 -2.866157e-01
-9.369950e-02 -3.543399e-01 -2.783766e-01
-9.544072e-02 -3.447851e-01 -2.784030e-01
-9.264957e-02 -3.677879e-01 -2.834573e-01
-8.279944e-02 -3.476768e-01 -2.869486e-01
-8.451605e-02 -3.517570e-01 -2.849261e-01
-1.017741e-01 -3.607965e-01 -2.862718e-01
-9.550358e-02 -3.451200e-01 -2.893111e-01
-1.093544e-01 -3.596250e-01 -2.851461e-01
-1.105007e-01 -3.488331e-01 -2.828992e-01
-1.166353e-01 -3.497446e-01 -2.899028e-01
-1.223000e-01 -3.323285e-01 -2.831054e-01
-1.146767e-01 -3.530533e-01 -2.856599e-01
-1.095573e-01 -3.379903e-01 -2.909217e-01
-1.269287e-01 -3.333361e-01 -2.879178e-01
-1.277753e-01 -3.194885e-01 -2.811444e-01
-1.203153e-01 -3.333223e-01 -2.876921e-01
-8.161613e-02 -2.483119e-01 -1.880431e-01
-9.378985e-02 -2.594133e-01 -1.865848e-01
-1.049909e-01 -2.566977e-01 -1.981250e-01
-9.454557e-02 -2.008004e-01 -1.752461e-01
-8.588368e-02 -2.020848e-01 -1.887254e-01
-1.045377e-01 -2.040026e-01 -1.602830e-01
-1.248442e-01 -2.129446e-01 -1.751758e-01
-1.316541e-01 -2.331036e-01 -1.759710e-01
-1.299186e-01 -2.500037e-01 -1.749657e-01
-7.748134e-02 -2.425693e-01 -1.706315e-01
-1.017909e-01 -2.075210e-01 -1.452468e-01
-7.420306e-02 -2.323444e-01 -1.581473e-01
-8.699626e-02 -2.570923e-01 -1.748215e-01
-8.965865e-02 -2.543009e-01 -2.010188e-01
-1.064849e-01 -2.640834e-01 -1.803134e-01
-7.842584e-02 -2.428541e-01 -2.039029e-01
-1.017567e-01 -2.537352e-01 -2.128989e-01
-8.546328e-02 -2.530640e-01 -2.153641e-01
-1.217654e-01 -2.167474e-01 -2.337093e-01
-1.206614e-01 -2.083130e-01 -2.358104e-01
-1.194859e-01 -2.074592e-01 -2.267151e-01
-1.060876e-01 -1.967683e-01 -2.264840e-01
-9.767211e-02 -1.891420e-01 -2.301208e-01
-7.505154e-02 -2.448837e-01 -2.240798e-01
-7.978017e-02 -2.566944e-01 -2.315070e-01
-9.286824e-02 -2.594277e-01 -2.276536e-01
-1.131496e-01 -2.447050e-01 -2.203604e-01
-1.190757e-01 -2.532222e-01 -1.913974e-01
-7.800320e-02 -3.240149e-01 -2.682469e-01
-6.635725e-02 -3.173067e-01 -2.699297e-01
-8.591492e-02 -3.131856e-01 -2.646236e-01
-9.011848e-02 -3.233061e-01 -2.701825e-01
-9.976143e-02 -3.149349e-01 -2.686361e-01
-1.107812e-01 -3.112663e-01 -2.712395e-01
-1.180734e-01 -3.037086e-01 -2.723947e-01
-1.254403e-01 -2.985350e-01 -2.770057e-01
-1.298771e-01 -2.959935e-01 -2.865757e-01
-6.127136e-02 -3.114571e-01 -2.804938e-01
-6.389923e-02 -3.183986e-01 -2.894970e-01
-7.317238e-02 -3.198780e-01 -2.936654e-01
-6.363801e-02 -3.071844e-01 -2.904515e-01
-1.249461e-01 -2.987138e-01 -2.952703e-01
-8.257413e-02 -3.121922e-01 -2.959590e-01
-9.277652e-02 -3.036827e-01 -2.963494e-01
-1.035790e-01 -3.106002e-01 -2.965264e-01
-1.088311e-01 -3.198613e-01 -2.950948e-01
-1.144012e-01 -3.040647e-01 -2.972685e-01
-7.248145e-02 -2.972591e-01 -2.600447e-01
-8.465647e-02 -2.997476e-01 -2.579400e-01
-9.674276e-02 -3.039545e-01 -2.626146e-01
-9.836648e-02 -2.921501e-01 -2.561886e-01
-1.084758e-01 -2.988504e-01 -2.653188e-01
-1.184181e-01 -2.895159e-01 -2.686849e-01
-1.231130e-01 -2.779814e-01 -2.722839e-01
-1.271762e-01 -2.887982e-01 -2.793308e-01
-1.282137e-01 -2.804704e-01 -2.822542e-01
-1.223607e-01 -2.666610e-01 -2.687851e-01
-1.159504e-01 -2.668167e-01 -2.558516e-01
-1.266510e-01 -2.651828e-01 -2.821343e-01
-1.219786e-01 -2.338276e-01 -2.818964e-01
-1.246611e-01 -2.540342e-01 -2.782700e-01
-1.183658e-01 -2.090130e-01 -2.817645e-01
-1.194603e-01 -2.237458e-01 -2.710806e-01
-1.216595e-01 -2.410423e-01 -2.711997e-01
-1.210089e-01 -2.533381e-01 -2.643081e-01
-1.180171e-01 -2.181981e-01 -2.561318e-01
-1.191737e-01 -2.317624e-01 -2.604933e-01
-1.166283e-01 -2.090848e-01 -2.680081e-01
-1.058440e-01 -1.844360e-01 -2.741300e-01
-1.016991e-01 -1.841895e-01 -2.865302e-01
-9.343620e-02 -1.804275e-01 -2.778301e-01
-1.104093e-01 -1.941538e-01 -2.624456e-01
-9.982957e-02 -1.817301e-01 -2.640873e-01
-1.042666e-01 -1.880411e-01 -2.529654e-01
-8.524205e-02 -1.834810e-01 -2.669953e-01
-9.281986e-02 -1.825371e-01 -2.555403e-01
-8.367050e-02 -1.878637e-01 -2.565343e-01
-8.095036e-02 -1.976110e-01 -2.525814e-01
-8.140293e-02 -1.855892e-01 -2.804740e-01
-7.499411e-02 -1.961068e-01 -2.789027e-01
-7.392000e-02 -3.085749e-01 -2.628879e-01
-6.482816e-02 -3.041089e-01 -2.704249e-01
-6.604256e-02 -2.912482e-01 -2.690880e-01
-1.110392e-01 -2.810539e-01 -2.580447e-01
-9.450133e-02 -2.801502e-01 -2.468801e-01
-8.647016e-02 -2.893170e-01 -2.513746e-01
-7.722625e-02 -2.765896e-01 -2.484821e-01
-6.797864e-02 -2.786786e-01 -2.619897e-01
-6.591956e-02 -2.654738e-01 -2.707582e-01
-7.490617e-02 -2.880768e-01 -2.546081e-01
-6.486107e-02 -2.793988e-01 -2.754442e-01
-7.018603e-02 -2.689078e-01 -2.845424e-01
-6.270738e-02 -2.977252e-01 -2.811476e-01
-6.760842e-02 -2.967606e-01 -2.918883e-01
-6.608728e-02 -2.853488e-01 -2.855947e-01
-7.046616e-02 -2.531936e-01 -2.793381e-01
-7.056811e-02 -2.359831e-01 -2.747482e-01
-7.837444e-02 -1.948311e-01 -2.660933e-01
-7.201264e-02 -2.234516e-01 -2.622896e-01
-6.915289e-02 -2.399311e-01 -2.547382e-01
-6.696282e-02 -2.508882e-01 -2.631387e-01
-6.913735e-02 -2.636392e-01 -2.556301e-01
-1.274307e-01 -2.757040e-01 -2.889503e-01
-1.286636e-01 -2.874762e-01 -2.898719e-01
-1.229908e-01 -2.550297e-01 -2.905540e-01
-1.234013e-01 -2.455651e-01 -2.853693e-01
-1.202941e-01 -2.208428e-01 -2.826511e-01
-1.142818e-01 -2.155140e-01 -2.924230e-01
-1.124947e-01 -2.054856e-01 -2.936892e-01
-1.143254e-01 -1.980332e-01 -2.874653e-01
-8.982898e-02 -1.880358e-01 -2.942570e-01
-9.132260e-02 -1.832354e-01 -2.882046e-01
-8.325870e-02 -1.874069e-01 -2.903672e-01
-7.347204e-02 -2.056395e-01 -2.860211e-01
-7.718520e-02 -2.276056e-01 -2.882251e-01
-1.032899e-01 -2.677474e-01 -2.418691e-01
-8.754258e-02 -2.680040e-01 -2.387470e-01
-7.415929e-02 -2.592509e-01 -2.433127e-01
-7.148982e-02 -2.435506e-01 -2.397008e-01
-7.185307e-02 -2.248881e-01 -2.455621e-01
-7.690655e-02 -2.103387e-01 -2.482342e-01
-8.251629e-02 -1.987016e-01 -2.398674e-01
-8.740653e-02 -1.879534e-01 -2.456921e-01
-9.630105e-02 -1.869702e-01 -2.379838e-01
-9.790320e-02 -1.853271e-01 -2.456146e-01
-1.039211e-01 -1.931755e-01 -2.384762e-01
-1.091163e-01 -1.971822e-01 -2.477484e-01
-1.162125e-01 -2.071483e-01 -2.518911e-01
-1.202294e-01 -2.150951e-01 -2.441624e-01
-7.228556e-02 -3.076834e-01 -2.952395e-01
-7.599620e-02 -2.877456e-01 -2.939261e-01
-8.055522e-02 -2.988285e-01 -2.960119e-01
-9.115173e-02 -2.872749e-01 -2.951098e-01
-1.037234e-01 -2.966518e-01 -2.966761e-01
-1.081962e-01 -2.852455e-01 -2.964072e-01
-1.177575e-01 -2.914862e-01 -2.971753e-01
-1.213763e-01 -2.806860e-01 -2.958370e-01
-1.228813e-01 -2.665603e-01 -2.930458e-01
-1.144597e-01 -2.604411e-01 -2.948538e-01
-1.128503e-01 -2.724581e-01 -2.959746e-01
-1.004753e-01 -2.758096e-01 -2.948234e-01
-8.854392e-02 -2.694185e-01 -2.922252e-01
-7.738359e-02 -2.763898e-01 -2.916380e-01
-1.171155e-01 -2.406048e-01 -2.929220e-01
-1.118574e-01 -2.499219e-01 -2.946191e-01
-1.025132e-01 -2.616426e-01 -2.939149e-01
-9.713706e-02 -2.489588e-01 -2.934211e-01
-8.198762e-02 -2.576885e-01 -2.893409e-01
-7.932168e-02 -2.416787e-01 -2.879611e-01
-9.024862e-02 -2.335486e-01 -2.936324e-01
-1.049030e-01 -2.376046e-01 -2.950030e-01
-1.071101e-01 -2.245841e-01 -2.957047e-01
-1.167070e-01 -2.284977e-01 -2.917477e-01
-1.029942e-01 -2.097329e-01 -2.963507e-01
-9.582058e-02 -2.215436e-01 -2.956765e-01
-8.422458e-02 -2.183767e-01 -2.940691e-01
-1.055970e-01 -1.990007e-01 -2.963308e-01
-9.761378e-02 -1.874172e-01 -2.939836e-01
-7.721008e-02 -1.950002e-01 -2.895053e-01
-7.963280e-02 -2.072898e-01 -2.934811e-01
-8.481927e-02 -1.958387e-01 -2.948537e-01
-6.397156e-02 -3.346336e-01 -2.797306e-01
-6.571738e-02 -3.293033e-01 -2.887750e-01
-7.508748e-02 -3.326109e-01 -2.916462e-01
-8.561551e-02 -3.354597e-01 -2.920605e-01
-8.011623e-02 -3.429928e-01 -2.899315e-01
-8.362842e-02 -3.260231e-01 -2.938418e-01
-9.214877e-02 -3.177138e-01 -2.952398e-01
-9.278544e-02 -3.292697e-01 -2.932773e-01
-1.004011e-01 -3.241142e-01 -2.942658e-01
-1.093264e-01 -3.266985e-01 -2.935235e-01
-1.017848e-01 -3.326651e-01 -2.925148e-01
-1.112571e-01 -3.322466e-01 -2.922069e-01
-1.140416e-01 -3.232390e-01 -2.939357e-01
-1.149011e-01 -3.169940e-01 -2.956538e-01
-1.242710e-01 -3.224945e-01 -2.922925e-01
-1.192950e-01 -3.203814e-01 -2.941990e-01
-1.234551e-01 -3.119305e-01 -2.949452e-01
-1.293767e-01 -3.069232e-01 -2.883105e-01
-1.272568e-01 -3.108647e-01 -2.798615e-01
-1.202923e-01 -3.162745e-01 -2.763070e-01
-1.173569e-01 -3.234181e-01 -2.766060e-01
-1.126771e-01 -3.294973e-01 -2.769861e-01
-1.108835e-01 -3.212696e-01 -2.741844e-01
-1.007921e-01 -3.257450e-01 -2.732547e-01
-1.036298e-01 -3.347753e-01 -2.763360e-01
-8.238170e-02 -3.351466e-01 -2.728476e-01
-9.275963e-02 -3.332513e-01 -2.738441e-01
-7.227319e-02 -3.357619e-01 -2.722842e-01
-6.698020e-02 -3.285654e-01 -2.719513e-01
-6.165677e-02 -3.236614e-01 -2.803149e-01
-8.214244e-02 -2.026775e-01 -2.217745e-01
-8.558446e-02 -1.952054e-01 -2.275645e-01
-9.426807e-02 -1.900713e-01 -2.225910e-01
-8.863042e-02 -1.904576e-01 -2.353098e-01
-7.771943e-02 -2.093807e-01 -2.327795e-01
-7.102350e-02 -2.276147e-01 -2.302434e-01
-1.179869e-01 -2.432697e-01 -2.521230e-01
-1.128303e-01 -2.553098e-01 -2.439621e-01
-1.195929e-01 -2.289494e-01 -2.433487e-01
-1.152299e-01 -2.408613e-01 -2.348879e-01
-1.201267e-01 -2.276307e-01 -2.289157e-01
-1.053579e-01 -2.550365e-01 -2.299241e-01
-1.113360e-01 3.005199e-01 2.427909e-02
1.007538e-02 3.957911e-01 -1.653854e-02
-9.525345e-02 -3.365333e-01 1.780682e-02
-1.010832e-01 -3.335610e-01 -1.100072e-03
-1.158990e-01 -3.362472e-01 1.011858e-02
-1.045975e-01 -3.407146e-01 4.042958e-02
-6.482321e-02 1.089085e-01 7.582318e-02
-7.195726e-02 -1.105653e-01 1.016635e-01
-8.357024e-02 -1.281144e-01 1.077685e-01
-7.057774e-02 -1.482979e-01 1.058157e-01
-8.179444e-02 -1.921864e-01 1.115781e-01
-1.055237e-01 -3.314931e-01 8.256014e-02
-9.000476e-02 -3.337820e-01 7.277307e-02
-7.530747e-02 -3.283828e-01 5.051903e-02
-9.384793e-02 -3.025771e-01 1.075482e-01
-1.095103e-01 -2.958841e-01 1.047087e-01
-9.363701e-02 -2.447438e-01 1.126554e-01
-8.163179e-02 -1.780197e-03 7.462009e-02
-7.655391e-02 -2.578891e-01 1.109438e-01
-8.793803e-02 -3.225846e-01 9.236089e-02
-9.085426e-02 -2.119849e-02 7.386181e-02
-4.741912e-02 1.369316e-01 8.374649e-02
-9.459574e-02 -1.036828e-01 1.034933e-01
-5.769981e-02 7.775509e-03 8.370799e-02
-8.138122e-02 8.657574e-02 6.487260e-02
-8.628680e-02 -1.679068e-01 1.117465e-01
-9.757863e-02 -2.209946e-01 1.125898e-01
-1.030244e-01 -8.036420e-02 9.466147e-02
-7.004613e-02 6.729747e-02 7.300325e-02
-8.429237e-02 1.157679e-01 5.802048e-02
-9.828413e-02 5.082682e-03 6.606531e-02
-1.254488e-01 -1.269059e-01 9.213945e-02
-1.322675e-01 -1.141535e-01 7.700165e-02
-1.367967e-01 -1.463805e-01 7.787415e-02
-1.314191e-01 -1.974324e-01 9.496960e-02
-1.362920e-01 -2.273640e-01 8.835217e-02
-1.200332e-01 -2.428640e-01 1.036017e-01
-1.373104e-01 -2.860765e-01 7.566798e-02
-1.359611e-01 -3.177655e-01 4.921388e-02
-1.298522e-01 -3.249385e-01 6.281400e-02
-1.065831e-01 -3.400117e-01 5.912495e-02
-1.092205e-01 -3.158698e-01 9.712257e-02
-1.272016e-01 -3.013518e-01 9.072419e-02
-1.115365e-01 -2.631801e-01 1.071771e-01
-1.175437e-01 -5.581898e-02 6.943928e-02
-9.012537e-02 1.573793e-01 3.268602e-02
-1.335777e-01 -1.016009e-01 5.804012e-02
-1.133197e-01 4.575349e-03 5.069265e-02
-8.718445e-02 3.038607e-02 6.686293e-02
-9.678031e-02 9.745089e-02 4.682173e-02
-1.271093e-01 -1.710536e-01 9.821506e-02
-1.423409e-01 -2.107963e-01 7.348905e-02
-1.079745e-01 -3.626679e-02 7.082955e-02
-9.985906e-02 7.393973e-02 4.497351e-02
-8.873884e-02 5.467991e-02 6.093276e-02
-1.109461e-01 -3.395807e-01 2.606981e-02
-7.924059e-02 -3.276305e-01 2.857286e-02
-6.058842e-02 1.625223e-01 7.275330e-02
-8.948592e-02 1.770284e-01 3.796409e-02
-5.747324e-02 -5.701545e-02 8.435337e-02
-4.958462e-02 -5.413825e-02 8.181235e-02
-4.873058e-02 -6.422190e-02 8.400550e-02
-1.269108e-01 -4.859566e-02 3.142896e-02
-1.216393e-01 -3.809622e-02 5.197546e-02
-2.359005e-03 -7.833587e-02 3.703424e-03
-8.219167e-02 2.011664e-03 -5.025760e-02
-3.852152e-03 -8.342279e-02 1.656199e-02
-3.370793e-03 -8.372673e-02 2.198624e-02
-3.671814e-03 -8.427576e-02 3.088292e-02
-4.332537e-03 -8.484566e-02 3.507203e-02
-1.172661e-01 -3.383703e-02 -6.555454e-03
-1.081761e-01 -5.640586e-02 -2.219287e-02
-1.865801e-02 -8.248018e-02 6.582884e-02
-2.380023e-02 -8.228821e-02 7.120170e-02
-3.030338e-02 -8.079640e-02 7.675927e-02
-1.199052e-01 -5.502021e-02 -3.967189e-03
-1.270330e-01 -6.414713e-02 1.211406e-02
-6.800371e-02 -7.396861e-02 9.226155e-02
-8.261491e-02 -6.947246e-02 9.380908e-02
-4.773994e-03 -9.158733e-02 3.587361e-02
-5.839452e-03 -8.614204e-02 4.327708e-02
-5.328536e-03 -9.111941e-02 4.114508e-02
-2.941218e-02 -7.242157e-02 7.476480e-02
-4.296710e-02 -7.152645e-02 8.266497e-02
-3.588340e-02 -7.450406e-02 7.893878e-02
-4.402800e-03 -8.319438e-02 1.072835e-02
-1.029035e-01 -3.238288e-02 -2.789213e-02
-1.614016e-02 -3.629145e-02 -7.211810e-02
1.812737e-02 -3.147310e-02 -7.048554e-02
-1.003084e-01 -5.811283e-02 8.632658e-02
-1.176574e-01 -7.343560e-02 8.056401e-02
-1.127191e-01 3.094423e-01 -4.890476e-02
-7.957050e-02 -6.950929e-02 -4.637438e-02
-2.312334e-02 1.228976e-01 -4.332241e-02
-6.691256e-02 -1.262744e-01 -2.877093e-02
-8.277384e-02 -2.068086e-01 -1.157042e-02
-8.925346e-02 -2.164059e-01 -7.354141e-03
-8.598109e-02 -2.250017e-01 -4.723766e-03
-1.159385e-01 -2.660765e-01 1.776658e-02
-1.182254e-01 -2.515773e-01 1.449625e-02
-1.253541e-01 -2.630168e-01 1.992766e-02
-1.201949e-01 -2.596000e-01 1.744538e-02
-1.269826e-01 -2.703009e-01 2.056907e-02
-1.385113e-01 -2.715158e-01 1.495671e-02
-1.317328e-01 -2.685349e-01 1.635546e-02
-1.329793e-01 -2.735824e-01 2.208072e-02
-1.346351e-01 -2.233750e-01 -1.460850e-01
-1.070635e-01 -2.434189e-01 6.891361e-03
-9.965850e-02 -2.404095e-01 3.669718e-03
-9.432612e-02 -2.469345e-01 5.824590e-03
-1.408656e-01 -2.654228e-01 6.919778e-03
-1.412816e-01 -2.565901e-01 -1.776762e-03
-1.073718e-02 -8.107259e-02 7.801720e-02
-1.003609e-02 -8.249579e-02 7.142351e-02
-1.436035e-02 -7.834745e-02 6.793035e-02
-8.371091e-02 -8.771788e-02 -3.781055e-02
-6.445112e-02 2.575840e-01 -6.549020e-02
-9.811531e-03 -1.091211e-01 5.233805e-02
-1.496661e-02 -1.054394e-01 6.234430e-02
-7.178835e-03 -1.124293e-01 4.303156e-02
-5.843026e-03 -1.152645e-01 3.345526e-02
-8.609981e-02 2.847988e-01 -6.559268e-02
-1.341704e-02 -1.159512e-01 5.850099e-02
-9.652286e-03 -1.206988e-01 4.842419e-02
-9.351742e-03 -1.323506e-01 4.447605e-02
-6.889256e-03 -1.231409e-01 3.915755e-02
-1.507663e-02 -1.663097e-01 3.926004e-02
-2.033015e-02 -1.767946e-01 4.506101e-02
-1.001761e-01 -1.757050e-01 -1.138803e-02
-1.127307e-01 -2.355724e-01 8.093676e-03
-1.059679e-01 -2.365979e-01 4.372039e-03
-1.074264e-01 -2.278611e-01 3.013786e-03
-1.490781e-01 -2.406759e-01 -4.536666e-02
-1.529510e-01 -2.540732e-01 -3.380693e-02
-1.457867e-01 -2.381974e-01 -9.966160e-02
-5.794745e-03 -9.346076e-02 2.963694e-02
-5.529971e-03 -9.730541e-02 4.072051e-02
-4.309142e-03 -8.856355e-02 3.131467e-02
-6.540448e-03 -9.391610e-02 4.648519e-02
-3.137640e-02 2.115156e-01 -5.917640e-02
-1.116222e-01 3.043840e-01 -4.938352e-02
-3.069690e-02 -2.101239e-01 4.258563e-02
-3.768241e-02 -2.339932e-01 3.223477e-02
-3.924519e-02 -2.540832e-01 4.295547e-02
-5.693318e-02 -2.669646e-01 2.236045e-02
-4.735104e-02 -2.652658e-01 3.016003e-02
-5.614933e-02 -2.835712e-01 2.745605e-02
-6.190749e-02 -2.796396e-01 2.354978e-02
-6.051346e-02 -2.821349e-01 1.210578e-02
-5.857316e-02 -2.862179e-01 2.051279e-02
-6.961929e-02 -2.531872e-01 -1.369531e-02
-7.272277e-02 -2.450605e-01 -2.144848e-02
-5.932478e-02 -2.614311e-01 -3.869084e-02
-6.165734e-02 -2.478676e-01 -4.981604e-02
-6.494378e-02 -2.352379e-01 -8.459900e-02
2.032800e-02 3.537201e-01 -3.826660e-02
-1.139813e-01 3.061872e-01 -4.626101e-02
-1.187069e-01 2.956813e-01 -5.012700e-02
-1.193791e-01 3.047525e-01 -4.866594e-02
-1.163554e-01 3.057238e-01 -4.572344e-02
-1.526740e-01 3.173664e-01 -3.232829e-02
-1.310939e-02 1.650822e-01 -4.988614e-02
-2.939691e-02 2.401674e-01 -6.468026e-02
-4.897412e-02 1.217354e-01 -3.798728e-02
-5.564563e-02 2.831502e-01 -7.018541e-02
-2.521173e-02 3.710286e-01 -4.527880e-02
-1.530124e-01 2.709644e-01 -5.011682e-02
-1.593444e-01 2.863255e-01 -3.723358e-02
-1.330317e-01 3.489394e-01 -3.891326e-02
-5.920325e-02 -4.449642e-02 -6.817095e-02
-6.236081e-02 2.210688e-02 -6.145917e-02
-4.617172e-02 1.420559e-01 -3.858881e-02
-2.531228e-02 -1.928392e-01 4.290191e-02
-6.570891e-03 -1.339362e-01 3.449027e-02
-8.068490e-03 -1.443765e-01 2.920730e-02
-1.120402e-02 -1.472703e-01 1.174026e-02
-8.215412e-03 -1.420591e-01 1.893851e-02
-1.069920e-02 -1.546778e-01 2.022590e-02
-9.913731e-02 -1.556128e-01 -1.467284e-02
-7.669049e-02 -1.929956e-01 -1.581078e-02
-1.347631e-01 -2.269538e-01 -5.073354e-02
-6.183052e-02 -2.415270e-01 -6.748386e-02
-1.295776e-01 -2.484939e-01 -2.583159e-03
-1.376280e-01 -2.464471e-01 -1.112815e-02
-1.287012e-01 -2.409958e-01 -1.175916e-02
-6.747805e-02 -2.699239e-01 9.123028e-03
-7.036383e-02 -2.647277e-01 5.541800e-03
-6.782095e-02 -2.618708e-01 -2.956643e-03
-1.231588e-01 -2.150410e-01 -1.182705e-01
-6.766275e-02 -2.335336e-01 -1.032318e-01
-1.257433e-02 -8.093497e-02 5.785258e-02
-1.068530e-02 -8.235411e-02 5.402233e-02
-5.294505e-02 9.765898e-02 -4.201864e-02
-1.331050e-01 -2.245425e-01 -1.620469e-01
-7.833184e-02 -2.162552e-01 -1.884769e-01
-1.132590e-01 -2.024341e-01 -2.162898e-01
-8.258466e-02 -2.031581e-01 -2.107261e-01
-1.157167e-01 -2.047131e-01 -1.902706e-01
-7.914717e-02 -2.183422e-01 -1.510475e-01
-1.128773e-01 -2.015850e-01 -2.354039e-01
-1.096279e-01 -1.893997e-01 -2.844436e-01
-1.141230e-01 -1.969673e-01 -2.753047e-01
-7.253847e-02 -2.211062e-01 -2.773833e-01
-7.566679e-02 -2.079093e-01 -2.623346e-01
-1.047354e-01 -1.903816e-01 -2.934910e-01
-7.336456e-02 -2.086533e-01 -2.755373e-01
-1.184044e-01 -2.064400e-01 -2.429603e-01
-9.596107e-02 -1.955263e-01 -2.963908e-01
-7.513165e-02 -2.153654e-01 -2.877574e-01
-9.070462e-02 -2.072672e-01 -2.957452e-01
-5.139255e-02 -2.468516e-02 -7.218577e-02
-1.238331e-02 -8.582517e-02 5.764645e-02
-1.586135e-02 -8.928122e-02 6.377872e-02
-9.741221e-03 -8.659368e-02 5.288843e-02
-1.489151e-02 -8.394548e-02 6.162370e-02
-3.400530e-02 2.375788e-01 1.013413e-01
-9.168016e-02 4.008520e-01 2.873772e-02
-4.655907e-02 1.870772e-01 8.178212e-02
-3.281049e-02 -6.569896e-03 9.960049e-02
-2.176298e-02 3.915407e-01 -3.198748e-02
-2.673556e-02 2.205083e-01 9.506901e-02
-5.008034e-02 -3.607173e-02 8.967932e-02
-4.304044e-02 -3.563516e-02 9.783681e-02
-8.070102e-02 3.894981e-01 4.515938e-02
-3.787950e-02 1.132548e-02 9.219850e-02
-9.599992e-02 3.548287e-01 6.737534e-02
-2.601186e-02 1.882651e-01 9.429619e-02
-7.654649e-02 4.000969e-01 -1.910120e-02
-3.990440e-02 2.083636e-01 8.577134e-02
-5.901854e-02 4.091618e-01 -1.450870e-02
-8.191176e-02 4.078194e-01 -3.845888e-03
-3.067433e-02 -4.076488e-02 1.055684e-01
-2.448412e-02 -6.203812e-02 9.838359e-02
-2.382057e-02 -6.722210e-02 9.093270e-02
-1.923210e-02 3.220975e-02 9.120537e-02
1.851843e-02 -4.703308e-02 -6.432582e-02
-3.328114e-02 5.018488e-01 1.523620e-01
-5.174460e-02 5.186474e-01 1.253076e-01
-5.708883e-02 5.345477e-01 1.108142e-01
-5.842158e-02 5.370061e-01 9.789131e-02
-5.768173e-02 5.404972e-01 8.595214e-02
-5.629343e-02 5.142471e-01 8.338736e-02
-5.133371e-02 5.077392e-01 8.409482e-02
-5.322814e-02 5.108763e-01 8.592418e-02
-5.382066e-02 5.146176e-01 8.553019e-02
-5.116966e-02 5.071241e-01 8.064654e-02
-5.355719e-02 5.098398e-01 9.126458e-02
-4.633200e-02 4.902724e-01 8.357278e-02
-5.164858e-02 4.889049e-01 8.358139e-02
-4.957130e-02 4.869818e-01 8.705693e-02
-5.321303e-02 4.966357e-01 8.297805e-02
-4.924298e-02 4.986024e-01 8.641484e-02
-7.739995e-02 3.230329e-01 8.860811e-02
-6.327385e-02 2.131825e-01 7.223378e-02
-3.905956e-02 3.027249e-01 9.977593e-02
-1.175418e-01 2.977429e-01 6.275775e-02
-1.159840e-01 2.863578e-01 -1.873129e-02
-1.161600e-01 2.986970e-01 -3.391227e-02
-1.159852e-01 2.932535e-01 -3.375851e-02
-7.159118e-02 2.368608e-01 7.442234e-02
-1.103150e-01 3.720331e-01 -3.559967e-02
-1.160646e-01 2.885464e-01 -2.789345e-02
-1.072929e-01 2.828078e-01 3.557710e-02
-1.071539e-01 2.813800e-01 4.221194e-02
-1.178963e-01 2.954491e-01 5.429295e-02
-1.146002e-01 2.913760e-01 4.896355e-02
-1.147505e-01 2.867512e-01 -5.809822e-03
-7.940283e-02 1.978742e-01 6.021777e-02
-1.003656e-01 3.121677e-01 -5.881432e-02
-1.126191e-01 2.824051e-01 6.579930e-03
-1.106025e-01 2.835144e-01 1.500456e-02
-1.411665e-01 3.787489e-01 -4.378120e-03
-1.102758e-01 3.212910e-01 -5.340490e-02
-1.267559e-01 3.822775e-01 4.445057e-02
-1.231790e-01 3.928544e-01 4.942939e-03
-1.269786e-01 3.555365e-01 5.813273e-02
-1.195428e-01 3.109241e-01 6.686935e-02
-3.271847e-02 2.792166e-01 1.068690e-01
-9.906639e-02 2.860441e-01 8.358826e-02
-1.052642e-01 2.781742e-01 5.330047e-02
-1.013169e-01 2.587225e-01 3.926605e-02
-9.983224e-02 2.669446e-01 5.031628e-02
-1.106165e-01 2.878237e-01 2.183327e-02
-1.086018e-01 2.811401e-01 2.187159e-02
-8.848640e-02 2.144209e-01 5.032581e-02
-1.120631e-01 2.938165e-01 -4.531721e-02
-1.158981e-01 2.990800e-01 -3.808267e-02
-1.113769e-01 2.994801e-01 -4.828466e-02
-1.042014e-01 2.623289e-01 3.129608e-02
-1.067153e-01 2.622485e-01 2.346107e-02
-1.074597e-01 2.541796e-01 2.169877e-02
-1.098997e-01 2.564608e-01 1.315598e-02
-1.082761e-01 2.650940e-01 1.742941e-02
-1.123890e-01 2.580425e-01 2.761529e-03
-1.135869e-01 2.609523e-01 -5.564606e-03
-1.139512e-01 2.584592e-01 -1.634970e-02
-1.148313e-01 2.656583e-01 -2.241986e-02
-1.136402e-01 2.754014e-01 -3.701164e-02
-1.079750e-01 2.644657e-01 -4.404726e-02
-1.105144e-01 2.733052e-01 -4.347565e-02
-1.074081e-01 2.778150e-01 -4.897908e-02
-1.035860e-01 2.832287e-01 -5.373033e-02
-1.086681e-01 2.837815e-01 -4.779325e-02
-9.741610e-02 2.904906e-01 -5.997169e-02
-7.807335e-02 3.380366e-01 -6.016626e-02
-1.014530e-01 3.267741e-01 -5.698951e-02
-1.206316e-01 3.834801e-01 -1.783186e-02
-8.007920e-02 2.515947e-01 8.050267e-02
7.458877e-03 3.160862e-01 9.627124e-02
-1.079351e-01 3.040505e-01 -5.306333e-02
-1.095055e-01 3.133689e-01 -5.304388e-02
-8.848086e-02 3.043491e-01 -6.523141e-02
-1.185082e-01 3.262693e-01 6.615455e-02
-1.091488e-01 3.020573e-01 7.641643e-02
-9.700511e-02 3.340081e-01 7.586625e-02
-9.669137e-02 3.158628e-01 8.319660e-02
-8.258121e-02 2.842066e-01 9.533019e-02
-8.917604e-02 1.934160e-01 4.593211e-02
1.717157e-02 1.573345e-01 -3.775073e-02
6.195259e-03 1.239928e-01 -4.138722e-02
5.198920e-03 3.366847e-01 9.150821e-02
2.218190e-02 2.066395e-01 -4.419805e-02
1.943871e-02 1.949780e-01 -4.363126e-02
1.090798e-02 2.384069e-01 -5.977203e-02
2.267347e-02 2.392067e-01 -5.100985e-02
1.833198e-02 2.488244e-01 -5.564860e-02
5.957350e-03 2.663456e-01 1.070630e-01
1.983386e-02 2.602159e-01 -5.558313e-02
2.316121e-02 2.720123e-01 -5.445199e-02
1.097289e-02 2.970352e-01 -5.852616e-02
-6.155950e-03 5.681656e-02 9.477770e-02
-1.629698e-02 -7.106716e-02 9.979885e-02
-1.379873e-02 -4.348478e-02 1.127203e-01
-1.595297e-02 -1.289738e-02 1.045184e-01
-4.313318e-03 1.894751e-01 1.012797e-01
-1.155839e-01 3.007387e-01 3.875752e-02
3 58 0 12 
3 97 0 58 
3 62 0 97 
3 13 0 10 
3 12 0 13 
3 60 1 42 
3 125 2 105 
3 131 86 95 
3 95 86 94 
3 5 2 125 
3 95 5 125 
3 129 4 57 
3 56 4 129 
3 49 5 56 
3 94 4 95 
3 57 4 94 
3 49 2 5 
3 9 6 906 
3 35 6 9 
3 14 9 809 
3 809 51 1580 
3 905 7 8 
3 906 89 905 
3 905 8 906 
3 906 8 123 
3 905 89 93 
3 809 9 123 
3 1579 14 809 
3 1579 809 1582 
3 108 63 65 
3 135 63 108 
3 1284 11 134 
3 58 12 40 
3 41 13 2312 
3 41 12 13 
3 35 1 6 
3 16 1 35 
3 124 19 73 
3 124 73 122 
3 124 15 19 
3 16 15 124 
3 43 1 16 
3 117 80 2311 
3 44 17 41 
3 100 17 36 
3 46 18 24 
3 21 18 46 
3 45 18 21 
3 782 19 781 
3 72 19 782 
3 73 19 72 
3 19 15 781 
3 781 15 20 
3 20 15 110 
3 45 21 37 
3 2314 22 74 
3 77 22 2314 
3 32 23 29 
3 70 44 2312 
3 2313 44 70 
3 30 26 32 
3 128 23 32 
3 128 32 53 
3 780 27 54 
3 54 39 106 
3 106 31 54 
3 806 28 488 
3 54 27 486 
3 29 23 81 
3 66 29 82 
3 30 29 66 
3 1286 30 66 
3 255 54 486 
3 53 25 31 
3 32 29 30 
3 26 25 32 
3 98 23 128 
3 131 95 125 
3 134 33 1284 
3 103 34 64 
3 105 61 107 
3 906 6 89 
3 6 1 61 
3 132 80 117 
3 2311 108 117 
3 100 36 111 
3 45 37 1743 
3 91 45 1743 
3 1742 76 79 
3 38 23 98 
3 106 39 99 
3 58 40 1746 
3 102 58 1746 
3 100 40 41 
3 40 12 41 
3 41 17 100 
3 44 41 2312 
3 65 60 117 
3 122 43 124 
3 43 16 124 
3 2313 24 44 
3 24 18 44 
3 45 17 18 
3 18 17 44 
3 36 17 45 
3 91 36 45 
3 37 21 47 
3 47 21 75 
3 75 21 46 
3 46 24 48 
3 74 46 48 
3 92 37 47 
3 93 49 907 
3 808 14 1579 
3 51 7 4110 
3 905 93 907 
3 110 87 807 
3 31 25 118 
3 780 31 118 
3 54 31 780 
3 128 53 126 
3 808 28 807 
3 50 28 808 
3 810 130 2507 
3 810 56 129 
3 2462 57 94 
3 2498 3 57 
3 1581 28 50 
3 97 58 102 
3 102 34 97 
3 1744 34 102 
3 102 59 1744 
3 61 1 60 
3 13 10 2311 
3 10 0 62 
3 107 60 65 
3 107 63 131 
3 103 96 120 
3 120 62 103 
3 96 64 1745 
3 61 60 107 
3 1286 66 67 
3 161 67 153 
3 1286 67 161 
3 779 84 2320 
3 792 68 797 
3 797 69 145 
3 146 70 80 
3 90 43 122 
3 90 71 152 
3 122 71 90 
3 84 72 2320 
3 70 69 138 
3 146 69 70 
3 76 47 75 
3 74 22 75 
3 75 46 74 
3 114 47 76 
3 114 76 1742 
3 2480 114 1742 
3 78 77 2314 
3 2314 776 1288 
3 1288 78 2314 
3 79 22 77 
3 79 77 113 
3 121 79 113 
3 146 80 85 
3 112 23 38 
3 81 23 112 
3 82 29 81 
3 82 81 119 
3 67 66 82 
3 1290 82 119 
3 112 38 113 
3 113 38 83 
3 73 72 84 
3 90 85 132 
3 85 80 132 
3 133 86 131 
3 89 61 105 
3 1579 88 808 
3 1741 104 2497 
3 89 6 61 
3 152 85 90 
3 2497 104 4305 
3 4305 104 1745 
3 111 36 91 
3 111 91 2513 
3 1743 92 2495 
3 1743 37 92 
3 93 2 49 
3 1582 809 1580 
3 94 86 1741 
3 57 3 129 
3 2503 907 2507 
3 133 131 134 
3 103 62 97 
3 97 34 103 
3 76 22 79 
3 75 22 76 
3 83 38 98 
3 128 55 98 
3 106 99 101 
3 99 39 255 
3 789 99 255 
3 1740 40 100 
3 1740 100 111 
3 1746 40 1740 
3 907 7 905 
3 103 64 96 
3 104 86 133 
3 1741 86 104 
3 125 105 107 
3 105 2 93 
3 93 89 105 
3 106 101 126 
3 135 62 120 
3 125 107 131 
3 129 3 130 
3 810 129 130 
3 130 3 2498 
3 110 16 87 
3 110 15 16 
3 42 1 43 
3 805 109 806 
3 116 109 805 
3 32 25 53 
3 807 109 110 
3 4300 111 2513 
3 1740 111 4300 
3 112 77 78 
3 81 78 119 
3 112 78 81 
3 113 77 112 
3 2516 92 114 
3 92 47 114 
3 488 28 1581 
3 116 52 109 
3 255 39 54 
3 1747 99 789 
3 60 42 117 
3 2312 13 2311 
3 117 42 132 
3 118 25 26 
3 108 65 117 
3 119 78 1288 
3 1285 11 1284 
3 1745 104 133 
3 113 83 121 
3 121 83 2515 
3 84 71 122 
3 122 73 84 
3 123 9 906 
3 35 9 14 
3 35 14 87 
3 87 16 35 
3 109 20 110 
3 52 20 109 
3 126 31 106 
3 53 31 126 
3 127 101 2527 
3 127 55 128 
3 128 101 127 
3 126 101 128 
3 5 4 56 
3 95 4 5 
3 63 33 131 
3 810 49 56 
3 90 42 43 
3 132 42 90 
3 135 10 62 
3 134 11 133 
3 133 11 1745 
3 131 33 134 
3 65 63 107 
3 120 96 1285 
3 96 11 1285 
3 1745 11 96 
3 2535 83 98 
3 98 55 2535 
3 178 136 2319 
3 2319 136 145 
3 145 69 2319 
3 792 139 140 
3 144 140 141 
3 158 141 181 
3 792 140 144 
3 792 144 156 
3 797 139 792 
3 145 139 797 
3 2319 69 146 
3 146 115 2319 
3 185 147 148 
3 149 148 2324 
3 185 149 173 
3 185 148 149 
3 2324 150 170 
3 2324 148 150 
3 148 147 150 
3 152 71 151 
3 151 84 779 
3 151 71 84 
3 152 151 170 
3 170 150 152 
3 153 67 796 
3 2319 115 2318 
3 2318 178 2319 
3 2321 155 779 
3 2322 155 2321 
3 157 144 158 
3 156 144 157 
3 144 141 158 
3 166 157 158 
3 166 158 181 
3 182 166 181 
3 161 159 795 
3 159 154 160 
3 163 154 159 
3 162 154 163 
3 163 159 161 
3 164 153 796 
3 163 153 164 
3 161 153 163 
3 164 162 163 
3 164 143 165 
3 165 162 164 
3 798 167 796 
3 167 164 796 
3 174 164 167 
3 174 143 164 
3 168 154 162 
3 798 157 166 
3 167 142 174 
3 166 142 167 
3 182 142 166 
3 798 166 167 
3 184 162 165 
3 171 169 2323 
3 2323 169 2322 
3 169 155 2322 
3 170 169 2324 
3 168 162 184 
3 171 168 172 
3 172 168 184 
3 173 171 172 
3 171 149 2324 
3 173 149 171 
3 784 177 785 
3 784 175 177 
3 175 143 174 
3 174 142 175 
3 177 142 182 
3 175 142 177 
3 181 141 176 
3 181 176 177 
3 181 177 182 
3 137 136 178 
3 488 179 492 
3 176 141 180 
3 141 140 180 
3 140 139 180 
3 139 137 180 
3 150 85 152 
3 146 85 115 
3 147 85 150 
3 115 85 147 
3 183 172 784 
3 784 172 184 
3 184 175 784 
3 184 143 175 
3 165 143 184 
3 2318 115 147 
3 2318 147 185 
3 185 173 183 
3 185 183 2316 
3 210 186 483 
3 478 187 811 
3 2297 478 811 
3 811 187 203 
3 2294 188 2387 
3 2387 188 1359 
3 2388 876 1530 
3 2328 876 2388 
3 213 189 482 
3 562 191 192 
3 200 191 562 
3 1431 191 1433 
3 1433 191 756 
3 2391 2325 2387 
3 244 193 540 
3 540 193 1309 
3 750 244 540 
3 1730 194 249 
3 857 651 1527 
3 1527 651 815 
3 764 198 2364 
3 198 196 1495 
3 764 196 198 
3 1495 197 198 
3 2369 198 2368 
3 2364 198 2369 
3 198 197 2368 
3 559 200 562 
3 200 199 1497 
3 559 199 200 
3 1496 199 559 
3 756 200 1497 
3 756 191 200 
3 2141 290 2162 
3 2118 206 629 
3 203 188 2294 
3 2305 552 2341 
3 2339 419 879 
3 2339 205 2338 
3 879 205 2339 
3 877 475 2338 
3 2338 205 877 
3 249 194 259 
3 256 249 259 
3 261 206 2118 
3 569 206 261 
3 2327 202 552 
3 284 208 497 
3 497 208 1586 
3 209 188 203 
3 1587 209 480 
3 480 209 557 
3 1427 484 558 
3 1427 210 484 
3 2328 211 2338 
3 2328 195 211 
3 2141 206 569 
3 2209 212 2384 
3 2290 213 2289 
3 2290 189 213 
3 834 214 892 
3 833 214 834 
3 833 215 2331 
3 1452 215 833 
3 2331 214 833 
3 448 216 217 
3 446 216 448 
3 1456 216 1457 
3 217 216 1456 
3 4819 272 1518 
3 4819 1518 2619 
3 2241 212 1490 
3 220 219 221 
3 2370 219 220 
3 1501 220 221 
3 2370 220 2373 
3 219 197 221 
3 2368 197 219 
3 2329 222 2330 
3 2330 222 223 
3 2334 472 2330 
3 2334 223 1482 
3 2330 223 2334 
3 1564 225 435 
3 2401 225 1564 
3 834 226 474 
3 453 228 2332 
3 228 227 2332 
3 1484 227 228 
3 452 228 453 
3 1485 228 452 
3 1505 230 450 
3 1455 230 1504 
3 230 229 450 
3 2376 230 1455 
3 2376 229 230 
3 2376 1455 2377 
3 1557 231 232 
3 232 231 426 
3 2112 233 235 
3 885 233 2112 
3 2112 235 861 
3 861 860 2112 
3 1573 233 2111 
3 234 233 1573 
3 235 233 234 
3 1516 236 2243 
3 239 237 1578 
3 238 237 239 
3 1343 237 238 
3 1343 238 1342 
3 1334 238 239 
3 1316 238 1334 
3 1342 238 1316 
3 1334 239 641 
3 2347 2289 2333 
3 2347 240 2289 
3 2304 240 2347 
3 468 241 243 
3 848 241 468 
3 243 241 896 
3 1330 243 897 
3 468 243 1329 
3 485 193 244 
3 1294 193 485 
3 485 244 747 
3 247 245 1304 
3 547 245 247 
3 547 247 1318 
3 247 246 1318 
3 1457 216 248 
3 248 216 446 
3 1729 443 1460 
3 443 271 1460 
3 252 251 1590 
3 1734 252 1592 
3 777 253 788 
3 787 253 777 
3 254 251 252 
3 285 251 254 
3 1747 427 3298 
3 442 249 256 
3 2196 434 1591 
3 1591 434 640 
3 264 257 640 
3 678 257 264 
3 1462 271 443 
3 443 442 1462 
3 433 260 292 
3 265 260 433 
3 441 275 302 
3 2135 261 1463 
3 2406 262 2293 
3 802 263 289 
3 678 264 791 
3 791 264 1719 
3 1717 791 1719 
3 2144 265 2143 
3 2155 265 433 
3 638 265 2155 
3 2120 266 267 
3 2119 266 2120 
3 574 268 422 
3 656 268 574 
3 422 270 574 
3 270 269 574 
3 2207 269 270 
3 2191 257 2309 
3 1602 257 2191 
3 2255 271 1721 
3 1460 271 2255 
3 2210 1457 2247 
3 2247 1457 1458 
3 2247 439 2210 
3 679 273 680 
3 2199 273 679 
3 1646 273 2199 
3 2199 274 1640 
3 1621 275 1643 
3 276 260 1623 
3 277 266 2121 
3 300 266 277 
3 279 278 280 
3 306 278 279 
3 1614 278 306 
3 280 278 514 
3 505 279 280 
3 506 279 505 
3 620 281 1697 
3 2122 282 620 
3 2128 282 2122 
3 282 281 620 
3 1434 491 2299 
3 1699 285 289 
3 578 287 2258 
3 287 286 668 
3 578 286 287 
3 500 286 578 
3 464 287 668 
3 288 287 464 
3 2259 287 288 
3 2258 287 2259 
3 285 254 289 
3 289 254 802 
3 1464 259 290 
3 1464 290 2141 
3 259 194 290 
3 1433 756 757 
3 757 291 1433 
3 775 291 757 
3 293 260 276 
3 292 260 293 
3 639 292 293 
3 293 276 1643 
3 1643 275 293 
3 1607 294 2159 
3 1609 294 1607 
3 383 295 296 
3 1626 295 383 
3 1612 295 1626 
3 1637 295 1612 
3 297 295 2221 
3 296 295 297 
3 299 298 1610 
3 2144 300 1615 
3 2143 300 2144 
3 2143 266 300 
3 2160 301 2145 
3 2145 301 1615 
3 302 275 2260 
3 2260 274 302 
3 306 303 1614 
3 304 303 306 
3 2211 304 305 
3 506 305 306 
3 306 279 506 
3 305 304 306 
3 628 307 1645 
3 1620 307 628 
3 1645 307 581 
3 1621 308 2222 
3 1616 309 585 
3 309 301 1624 
3 1616 301 309 
3 590 310 1617 
3 2160 310 311 
3 1617 310 2160 
3 1624 311 312 
3 312 311 324 
3 1644 312 313 
3 313 312 591 
3 1622 313 314 
3 1622 314 2261 
3 314 313 2223 
3 1647 315 586 
3 1641 315 1647 
3 586 315 592 
3 586 326 657 
3 589 316 660 
3 660 333 589 
3 2200 318 319 
3 319 318 331 
3 320 319 331 
3 338 320 321 
3 406 320 338 
3 2149 321 490 
3 338 321 2149 
3 2236 322 659 
3 659 322 388 
3 2124 323 2125 
3 2130 323 2124 
3 2125 323 522 
3 311 310 325 
3 324 311 325 
3 624 324 325 
3 2223 313 591 
3 2223 591 626 
3 327 299 658 
3 387 299 327 
3 2147 328 398 
3 2153 328 2147 
3 400 329 331 
3 329 320 331 
3 321 320 329 
3 331 318 330 
3 331 330 400 
3 2201 317 332 
3 2201 332 2205 
3 462 332 333 
3 462 333 2235 
3 659 388 402 
3 659 402 2234 
3 399 334 335 
3 2150 334 2124 
3 335 334 2150 
3 2150 336 2117 
3 594 317 2200 
3 594 337 342 
3 2200 337 594 
3 406 338 344 
3 344 338 404 
3 405 335 339 
3 405 339 348 
3 407 340 389 
3 2237 340 407 
3 1674 342 343 
3 595 342 1674 
3 342 337 343 
3 343 337 2202 
3 2203 344 1668 
3 2202 344 2203 
3 406 344 2202 
3 1672 345 349 
3 1668 345 1672 
3 345 344 404 
3 1668 344 345 
3 347 346 1664 
3 349 346 347 
3 348 345 404 
3 349 345 348 
3 349 348 2163 
3 2163 346 349 
3 1679 350 1678 
3 1678 350 1688 
3 351 340 1677 
3 1665 351 1677 
3 2238 352 1666 
3 352 341 595 
3 2265 341 352 
3 1667 353 1673 
3 412 353 1667 
3 2240 354 2263 
3 2263 354 391 
3 599 355 663 
3 1650 356 1660 
3 2224 1650 1660 
3 2225 1660 1683 
3 1660 356 1683 
3 358 357 1662 
3 1652 357 358 
3 1652 358 359 
3 359 358 1671 
3 409 359 1671 
3 597 359 409 
3 1653 359 597 
3 1652 359 1653 
3 1680 361 1685 
3 361 360 394 
3 1690 362 1649 
3 1649 362 664 
3 1694 609 1692 
3 1692 363 1694 
3 609 364 1692 
3 372 364 609 
3 366 365 610 
3 1679 610 1695 
3 1679 366 610 
3 367 365 366 
3 376 367 1915 
3 1902 368 665 
3 394 360 665 
3 665 368 394 
3 2204 370 606 
3 1756 370 2204 
3 1693 364 371 
3 1693 371 2204 
3 371 364 372 
3 373 371 372 
3 375 374 1760 
3 375 372 609 
3 1908 373 375 
3 373 372 375 
3 1908 375 1760 
3 375 365 374 
3 374 367 376 
3 374 365 367 
3 1760 374 376 
3 2189 377 380 
3 378 377 2189 
3 381 377 501 
3 671 378 2189 
3 2176 379 2175 
3 2177 379 2176 
3 381 379 2177 
3 2177 377 381 
3 380 377 2177 
3 1629 382 383 
3 1630 382 1629 
3 384 382 516 
3 383 296 1629 
3 383 382 384 
3 1626 383 384 
3 386 298 299 
3 385 298 386 
3 386 299 387 
3 1628 298 385 
3 519 387 627 
3 387 327 627 
3 402 388 521 
3 388 322 408 
3 522 388 408 
3 389 340 351 
3 389 351 524 
3 1654 390 1665 
3 1665 1648 1654 
3 390 351 1665 
3 391 354 1655 
3 1655 354 1686 
3 394 392 393 
3 1685 393 528 
3 393 361 394 
3 1685 361 393 
3 392 368 529 
3 394 368 392 
3 634 395 2186 
3 396 395 634 
3 397 396 634 
3 2167 395 396 
3 2167 396 2182 
3 2182 396 397 
3 632 467 633 
3 2148 398 490 
3 490 398 399 
3 624 329 400 
3 626 401 2223 
3 2201 401 626 
3 593 592 2205 
3 627 327 402 
3 402 327 2234 
3 588 403 520 
3 2130 403 588 
3 2126 403 2130 
3 405 404 2149 
3 404 338 2149 
3 405 348 404 
3 406 319 320 
3 2202 319 406 
3 662 316 594 
3 408 322 407 
3 407 322 661 
3 408 389 523 
3 407 389 408 
3 526 409 1675 
3 1675 409 1669 
3 1664 346 410 
3 1662 411 412 
3 411 353 412 
3 412 347 1662 
3 413 343 2203 
3 2264 413 2206 
3 2264 414 596 
3 596 413 2264 
3 2129 415 518 
3 2127 415 2129 
3 1729 1460 1732 
3 1366 416 417 
3 417 416 775 
3 862 419 495 
3 855 419 862 
3 862 837 854 
3 2302 497 2948 
3 421 420 2296 
3 2293 421 570 
3 2296 281 421 
3 4776 270 422 
3 4776 422 423 
3 2307 268 1714 
3 422 268 2307 
3 2404 423 2307 
3 423 422 2307 
3 2230 424 467 
3 2876 424 2207 
3 425 424 2230 
3 2207 424 425 
3 426 231 1355 
3 2246 426 1355 
3 2208 272 4819 
3 1429 1425 2208 
3 481 427 1537 
3 789 427 1747 
3 2956 466 1706 
3 616 430 431 
3 504 430 615 
3 432 430 572 
3 431 430 432 
3 2180 431 432 
3 433 292 2181 
3 489 433 2181 
3 900 536 1302 
3 1313 536 900 
3 1467 225 1565 
3 435 225 1467 
3 816 435 1467 
3 436 253 787 
3 2333 487 2349 
3 1604 1603 2310 
3 2310 258 1604 
3 816 439 2198 
3 2249 439 816 
3 1447 440 1322 
3 1322 440 1344 
3 293 275 441 
3 639 293 441 
3 639 441 1588 
3 443 249 442 
3 1728 443 1729 
3 1728 249 443 
3 1349 1346 1356 
3 1346 1345 1356 
3 445 444 1435 
3 563 444 445 
3 447 445 446 
3 563 445 447 
3 445 248 446 
3 563 447 561 
3 447 446 448 
3 1503 447 448 
3 561 447 1503 
3 450 449 451 
3 451 449 2373 
3 449 229 1319 
3 450 229 449 
3 451 220 1501 
3 2373 220 451 
3 1502 450 451 
3 1482 452 2334 
3 2334 452 453 
3 2180 432 455 
3 2187 455 456 
3 2180 455 2187 
3 456 455 683 
3 2187 456 457 
3 1696 460 1707 
3 1708 458 656 
3 1707 458 1708 
3 460 458 1707 
3 459 458 460 
3 458 268 656 
3 459 268 458 
3 1714 268 459 
3 2169 460 1696 
3 622 460 2169 
3 461 460 622 
3 461 459 460 
3 462 326 593 
3 2233 326 462 
3 464 463 465 
3 507 463 464 
3 465 288 464 
3 465 273 1646 
3 463 273 465 
3 680 273 463 
3 2956 633 2923 
3 633 467 4259 
3 1332 470 1320 
3 1320 468 1329 
3 470 468 1320 
3 848 468 470 
3 848 469 843 
3 470 469 848 
3 831 471 841 
3 830 471 831 
3 770 471 830 
3 864 770 830 
3 840 472 849 
3 841 473 840 
3 841 471 473 
3 473 472 840 
3 474 226 454 
3 474 454 2335 
3 849 454 890 
3 2335 454 849 
3 2328 475 876 
3 2325 476 2294 
3 2390 476 2325 
3 2383 188 209 
3 478 477 1426 
3 479 478 1426 
3 479 187 478 
3 1428 479 1427 
3 557 479 1428 
3 1428 480 557 
3 788 253 1536 
3 1536 253 1424 
3 1425 481 1511 
3 1538 481 1425 
3 1538 1425 1429 
3 1538 1429 4665 
3 2297 477 478 
3 482 477 2297 
3 483 186 787 
3 484 210 483 
3 558 484 492 
3 558 179 1583 
3 492 179 558 
3 1294 485 1295 
3 486 250 255 
3 486 27 777 
3 1295 485 726 
3 2336 487 673 
3 806 488 492 
3 619 433 489 
3 2162 194 1727 
3 1727 194 1730 
3 490 321 625 
3 625 321 329 
3 2148 490 625 
3 3860 491 2407 
3 1585 179 488 
3 2308 491 2405 
3 420 262 493 
3 549 494 868 
3 648 494 549 
3 2308 283 2118 
3 419 418 495 
3 862 495 1364 
3 1364 674 862 
3 495 418 496 
3 1364 495 496 
3 2302 284 497 
3 1368 1367 1567 
3 2352 1368 1567 
3 2327 284 2292 
3 1524 1515 1517 
3 500 499 501 
3 576 499 500 
3 666 500 501 
3 2212 499 576 
3 502 499 2212 
3 2229 499 502 
3 501 499 2229 
3 2229 381 501 
3 2229 502 2227 
3 2229 2227 2228 
3 2214 503 504 
3 503 305 506 
3 2214 305 503 
3 2214 504 613 
3 505 503 506 
3 572 503 505 
3 504 503 572 
3 572 430 504 
3 1718 463 507 
3 680 463 1718 
3 508 507 669 
3 1718 507 508 
3 669 464 668 
3 507 464 669 
3 510 508 669 
3 669 509 511 
3 668 509 669 
3 511 510 669 
3 3104 512 617 
3 670 512 3104 
3 3104 511 670 
3 2136 513 1632 
3 682 513 2119 
3 571 513 682 
3 571 280 514 
3 514 513 571 
3 1632 513 514 
3 1633 515 1630 
3 2123 515 1633 
3 1631 515 2123 
3 516 515 1631 
3 515 382 1630 
3 516 382 515 
3 518 415 517 
3 517 386 518 
3 517 385 386 
3 1634 385 517 
3 2129 518 519 
3 519 386 387 
3 518 386 519 
3 520 403 519 
3 520 519 627 
3 588 520 521 
3 588 521 522 
3 522 323 588 
3 521 388 522 
3 2125 522 523 
3 522 408 523 
3 523 389 524 
3 1670 524 525 
3 1670 525 1675 
3 1654 526 1675 
3 1655 526 1654 
3 1656 526 1655 
3 528 527 1689 
3 1686 528 1689 
3 611 392 529 
3 531 530 533 
3 767 531 533 
3 533 532 767 
3 533 530 1499 
3 1296 532 533 
3 1301 533 1499 
3 1296 533 1301 
3 1303 534 535 
3 535 534 1298 
3 536 534 1303 
3 1302 536 1303 
3 1313 537 727 
3 904 727 1314 
3 1312 538 539 
3 1311 539 765 
3 539 538 540 
3 540 538 750 
3 1308 539 540 
3 1308 540 1309 
3 541 494 648 
3 823 494 541 
3 1335 542 652 
3 1292 542 1335 
3 1306 545 763 
3 545 544 763 
3 546 544 545 
3 1336 545 1307 
3 546 545 1336 
3 650 546 1336 
3 1340 544 546 
3 1293 548 1344 
3 1293 245 548 
3 548 245 547 
3 548 547 1327 
3 677 549 850 
3 2337 418 550 
3 2337 550 1361 
3 2338 211 550 
3 759 551 2340 
3 1475 551 759 
3 551 222 2329 
3 2340 551 2329 
3 1493 555 2363 
3 555 553 764 
3 555 554 2366 
3 764 554 555 
3 2364 554 764 
3 2363 555 2366 
3 1366 190 416 
3 556 202 2292 
3 1438 556 2292 
3 416 190 2341 
3 209 203 557 
3 203 187 557 
3 557 187 479 
3 560 559 563 
3 561 560 563 
3 1496 559 560 
3 562 192 444 
3 562 444 563 
3 563 559 562 
3 564 549 677 
3 649 564 677 
3 1331 564 649 
3 1448 565 836 
3 899 565 1448 
3 836 565 895 
3 254 252 801 
3 1710 568 1700 
3 1590 251 568 
3 2134 570 2128 
3 570 282 2128 
3 421 282 570 
3 421 281 282 
3 455 432 572 
3 573 455 572 
3 683 455 573 
3 573 571 683 
3 573 505 571 
3 572 505 573 
3 505 280 571 
3 574 269 1701 
3 656 574 2179 
3 2231 425 2230 
3 2231 269 425 
3 1701 269 2231 
3 2179 574 1701 
3 575 541 567 
3 870 541 575 
3 567 541 652 
3 2218 576 577 
3 2218 577 579 
3 577 500 578 
3 576 500 577 
3 2258 577 578 
3 579 577 2258 
3 2257 579 2258 
3 568 285 580 
3 568 251 285 
3 290 194 2162 
3 581 307 582 
3 2220 581 582 
3 1618 581 2220 
3 584 583 1642 
3 1641 583 584 
3 1644 308 585 
3 585 309 1644 
3 1647 586 657 
3 2129 587 2127 
3 2127 587 2153 
3 588 323 2130 
3 332 317 589 
3 317 316 589 
3 2152 310 590 
3 325 310 2152 
3 591 312 324 
3 591 324 624 
3 624 400 591 
3 592 314 401 
3 593 586 592 
3 593 326 586 
3 333 332 589 
3 594 316 317 
3 594 341 662 
3 342 341 594 
3 595 341 342 
3 1666 352 596 
3 1674 352 595 
3 596 352 1674 
3 597 409 526 
3 597 526 1656 
3 1676 598 599 
3 598 355 599 
3 1658 355 598 
3 1659 600 1658 
3 1658 598 1659 
3 1658 600 1690 
3 1659 601 2262 
3 603 602 1651 
3 602 356 357 
3 1683 356 602 
3 1683 602 603 
3 611 604 1687 
3 611 367 604 
3 1688 604 1678 
3 1687 604 1688 
3 1688 527 1687 
3 1681 605 606 
3 1681 362 605 
3 1681 606 612 
3 2204 606 607 
3 607 605 608 
3 606 605 607 
3 1661 608 1691 
3 2225 608 1661 
3 1691 600 1661 
3 610 375 609 
3 610 365 375 
3 1695 610 1694 
3 610 609 1694 
3 1915 367 611 
3 1915 529 1913 
3 611 529 1915 
3 606 370 612 
3 370 369 612 
3 2227 614 2226 
3 2184 614 615 
3 614 613 615 
3 2227 613 614 
3 2184 615 616 
3 615 430 616 
3 616 431 2287 
3 3104 510 511 
3 790 510 3104 
3 618 510 790 
3 1717 508 618 
3 618 508 510 
3 619 489 2171 
3 2154 619 2171 
3 2192 1697 1704 
3 2192 620 1697 
3 1697 621 2168 
3 622 621 623 
3 2169 621 622 
3 623 621 1697 
3 2295 461 622 
3 623 281 2296 
3 1697 281 623 
3 2295 622 623 
3 625 329 624 
3 624 325 625 
3 625 325 2148 
3 591 400 626 
3 400 330 626 
3 593 332 462 
3 2205 332 593 
3 521 520 627 
3 627 402 521 
3 1640 583 628 
3 1640 628 1645 
3 629 206 1348 
3 1347 630 1352 
3 1730 249 1728 
3 1459 631 1353 
3 2306 420 493 
3 1706 633 2956 
3 636 635 681 
3 635 397 634 
3 636 397 635 
3 681 635 683 
3 635 456 683 
3 457 456 635 
3 634 457 635 
3 2183 397 636 
3 637 636 2120 
3 2183 636 637 
3 2194 638 2155 
3 2133 638 2194 
3 2133 267 638 
3 2181 292 639 
3 640 434 2197 
3 641 470 1332 
3 641 469 470 
3 642 469 641 
3 826 642 1577 
3 845 642 826 
3 845 469 642 
3 2244 643 818 
3 1499 530 646 
3 646 247 1300 
3 646 246 247 
3 1499 646 1300 
3 646 530 1317 
3 647 246 646 
3 645 246 647 
3 647 646 1317 
3 648 549 564 
3 648 564 1335 
3 686 649 677 
3 1326 649 686 
3 650 649 1326 
3 1331 649 650 
3 857 819 858 
3 858 823 857 
3 1310 726 742 
3 726 711 742 
3 644 567 652 
3 2308 783 2291 
3 2405 783 2308 
3 2291 283 2308 
3 2156 653 2132 
3 2156 263 653 
3 1635 657 2232 
3 658 299 2232 
3 2233 462 2235 
3 2234 2233 2235 
3 2235 659 2234 
3 2236 659 2235 
3 2236 333 660 
3 2237 407 661 
3 2237 341 2265 
3 662 341 2237 
3 2239 1665 1677 
3 2239 1677 2238 
3 2239 599 663 
3 664 362 2267 
3 1649 664 1663 
3 1902 665 1754 
3 666 377 378 
3 501 377 666 
3 666 378 667 
3 667 378 671 
3 666 286 500 
3 667 286 666 
3 668 286 667 
3 667 509 668 
3 671 509 667 
3 671 512 670 
3 670 509 671 
3 511 509 670 
3 2189 654 671 
3 787 186 436 
3 2336 673 2298 
3 862 674 837 
3 837 674 771 
3 839 771 863 
3 838 771 839 
3 837 771 838 
3 850 676 677 
3 686 676 687 
3 677 676 686 
3 3180 678 791 
3 1597 678 3180 
3 679 264 640 
3 679 640 2197 
3 680 264 679 
3 1719 264 680 
3 2199 679 2197 
3 2119 681 682 
3 682 681 683 
3 683 571 682 
3 2356 684 859 
3 1568 684 2356 
3 1325 684 1568 
3 2356 859 861 
3 687 684 686 
3 859 684 687 
3 690 688 1398 
3 1401 689 729 
3 1394 695 1403 
3 1403 690 1394 
3 1402 748 1397 
3 1391 748 1402 
3 1389 693 697 
3 1389 697 1382 
3 1383 692 914 
3 1390 1383 1384 
3 718 694 1395 
3 933 695 1401 
3 695 689 1401 
3 1408 929 1400 
3 914 696 1383 
3 1382 697 719 
3 1396 698 737 
3 1385 698 1396 
3 1381 731 1387 
3 1387 731 1386 
3 915 691 699 
3 1547 701 708 
3 708 701 912 
3 736 702 1541 
3 916 703 751 
3 1548 709 746 
3 1550 705 751 
3 1373 705 908 
3 1546 704 717 
3 722 706 1549 
3 909 733 1552 
3 1550 703 707 
3 1547 708 752 
3 752 708 1551 
3 1543 741 901 
3 741 709 716 
3 774 710 713 
3 774 704 710 
3 1539 712 715 
3 1544 712 1539 
3 901 741 1313 
3 713 538 735 
3 750 538 713 
3 714 244 750 
3 715 711 726 
3 712 711 715 
3 740 534 716 
3 1298 534 740 
3 1548 717 772 
3 717 704 772 
3 1397 718 1395 
3 1382 719 1398 
3 936 690 1403 
3 720 701 1549 
3 1552 1540 1541 
3 909 721 908 
3 1374 721 755 
3 908 721 1374 
3 753 723 1540 
3 904 753 1540 
3 1547 722 1549 
3 724 715 747 
3 722 715 724 
3 1539 715 722 
3 715 485 747 
3 726 485 715 
3 904 742 753 
3 727 725 901 
3 1386 748 1387 
3 1397 748 1386 
3 1386 738 1397 
3 699 691 728 
3 1372 699 728 
3 728 717 1548 
3 729 689 1388 
3 1396 730 738 
3 1388 696 1371 
3 1371 773 1388 
3 1386 731 1385 
3 1550 707 732 
3 774 713 734 
3 733 705 1550 
3 909 705 733 
3 728 703 1372 
3 707 703 728 
3 739 734 735 
3 734 713 735 
3 1551 702 736 
3 1400 1392 1408 
3 737 698 1382 
3 1390 1384 1394 
3 1384 695 1394 
3 740 734 739 
3 740 739 1298 
3 774 734 740 
3 740 716 774 
3 716 534 536 
3 716 536 741 
3 741 536 1313 
3 1376 692 1383 
3 1383 719 1376 
3 753 711 712 
3 742 711 753 
3 1378 743 1546 
3 1369 743 1378 
3 743 720 1549 
3 1369 720 743 
3 745 744 1542 
3 745 722 724 
3 1543 709 741 
3 746 709 1543 
3 724 714 744 
3 745 724 744 
3 747 714 724 
3 747 244 714 
3 1395 694 749 
3 749 694 1042 
3 713 710 750 
3 1546 691 1378 
3 751 703 1550 
3 744 704 1542 
3 710 704 744 
3 714 710 744 
3 750 710 714 
3 753 712 723 
3 723 712 1544 
3 1551 754 755 
3 754 708 912 
3 1551 708 754 
3 755 702 1551 
3 721 702 755 
3 4819 2114 2208 
3 1494 756 1497 
3 757 756 1494 
3 1492 757 1494 
3 1365 758 2344 
3 1471 758 1365 
3 759 758 1475 
3 2344 758 759 
3 1306 763 766 
3 1315 762 1342 
3 763 762 766 
3 762 761 1342 
3 763 761 762 
3 761 544 1340 
3 763 544 761 
3 1343 761 1340 
3 1342 761 1343 
3 766 765 1306 
3 767 765 766 
3 762 531 766 
3 766 531 767 
3 767 532 1311 
3 1311 765 767 
3 1493 769 1492 
3 768 417 769 
3 2363 769 1493 
3 2362 769 2363 
3 2345 770 864 
3 866 863 864 
3 864 863 2345 
3 2340 770 2345 
3 863 675 2345 
3 771 675 863 
3 772 709 1548 
3 1372 703 916 
3 774 709 772 
3 716 709 774 
3 775 757 1492 
3 794 776 793 
3 145 136 139 
3 139 136 137 
3 777 27 116 
3 116 27 52 
3 793 776 778 
3 155 151 779 
3 170 155 169 
3 170 151 155 
3 52 27 780 
3 781 20 780 
3 780 118 781 
3 780 20 52 
3 781 118 782 
3 1287 26 30 
3 782 26 1287 
3 118 26 782 
3 1287 72 782 
3 2291 783 1723 
3 173 172 183 
3 2315 176 180 
3 180 137 2315 
3 786 68 778 
3 786 138 797 
3 797 68 786 
3 483 116 805 
3 777 116 787 
3 787 116 483 
3 788 486 777 
3 789 250 1537 
3 255 250 789 
3 1537 427 789 
3 177 176 785 
3 3299 618 790 
3 791 618 3180 
3 1717 618 791 
3 3180 618 3299 
3 792 156 793 
3 778 68 793 
3 793 68 792 
3 793 156 794 
3 794 156 157 
3 794 157 1289 
3 1286 161 795 
3 798 796 1290 
3 796 67 1290 
3 1289 798 1290 
3 138 69 797 
3 1289 157 798 
3 1605 799 1559 
3 1733 1592 1593 
3 1733 1593 1738 
3 1738 1596 1733 
3 1733 800 1734 
3 1734 800 1722 
3 1722 801 1734 
3 802 254 1735 
3 2157 263 802 
3 2157 802 1725 
3 2157 803 2142 
3 2293 570 2134 
3 2293 804 2406 
3 2406 804 3315 
3 484 483 805 
3 492 484 805 
3 806 492 805 
3 806 109 807 
3 807 28 806 
3 807 87 808 
3 87 14 808 
3 123 51 809 
3 4110 7 907 
3 907 49 2507 
3 2507 49 810 
3 2297 811 2298 
3 1536 812 813 
3 813 812 1535 
3 2384 1440 1441 
3 2241 1440 2384 
3 2382 2209 2346 
3 1528 1443 1529 
3 1528 815 1443 
3 2209 437 2346 
3 788 250 486 
3 2198 435 816 
3 2379 566 817 
3 2248 566 2379 
3 2342 1489 2380 
3 2380 643 2342 
3 882 819 878 
3 882 878 884 
3 874 869 2242 
3 2244 874 2242 
3 2349 820 2333 
3 1527 815 1528 
3 1443 821 1529 
3 2252 1470 1520 
3 1520 873 2252 
3 874 822 869 
3 823 541 870 
3 823 651 857 
3 870 651 823 
3 2349 824 871 
3 845 826 829 
3 829 825 832 
3 826 825 829 
3 827 825 826 
3 888 825 827 
3 887 825 888 
3 827 826 1577 
3 844 207 889 
3 865 830 832 
3 864 830 865 
3 865 832 887 
3 831 207 828 
3 832 830 831 
3 831 828 832 
3 835 214 2331 
3 894 214 835 
3 835 215 1449 
3 2331 215 835 
3 836 835 1449 
3 895 835 836 
3 885 838 2111 
3 885 837 838 
3 2113 837 885 
3 839 760 2111 
3 2111 838 839 
3 889 840 842 
3 841 207 831 
3 889 207 841 
3 841 840 889 
3 844 843 845 
3 847 843 844 
3 843 469 845 
3 829 207 844 
3 828 207 829 
3 845 829 844 
3 832 828 829 
3 893 846 891 
3 846 241 848 
3 893 241 846 
3 847 846 848 
3 890 846 847 
3 891 846 890 
3 848 843 847 
3 889 842 847 
3 847 844 889 
3 890 842 849 
3 842 840 849 
3 883 850 881 
3 852 850 883 
3 883 204 852 
3 852 676 850 
3 687 676 852 
3 852 204 851 
3 851 687 852 
3 855 204 879 
3 2112 854 2113 
3 854 853 855 
3 860 853 854 
3 853 204 855 
3 856 824 2348 
3 1531 824 856 
3 1525 819 857 
3 1526 857 1527 
3 868 494 858 
3 858 494 823 
3 851 204 853 
3 859 687 851 
3 861 859 860 
3 860 851 853 
3 859 851 860 
3 860 854 2112 
3 862 854 855 
3 879 419 855 
3 854 837 2113 
3 866 760 839 
3 886 760 866 
3 866 839 863 
3 866 864 865 
3 888 865 887 
3 866 865 888 
3 886 866 888 
3 867 575 1444 
3 870 575 867 
3 1443 815 867 
3 850 549 868 
3 881 850 868 
3 815 651 867 
3 867 651 870 
3 1515 872 1444 
3 1515 1444 1514 
3 872 821 1443 
3 2245 873 2346 
3 2252 873 2245 
3 2243 869 1516 
3 869 822 1516 
3 874 818 1469 
3 2348 2336 2350 
3 2336 880 2350 
3 875 856 2350 
3 1530 876 1525 
3 876 475 878 
3 878 475 877 
3 878 877 884 
3 811 476 2298 
3 811 203 476 
3 884 881 882 
3 881 868 882 
3 868 858 882 
3 858 819 882 
3 879 204 205 
3 205 204 883 
3 883 881 884 
3 884 877 883 
3 877 205 883 
3 1574 760 886 
3 2111 760 1573 
3 1574 886 888 
3 832 825 887 
3 847 842 890 
3 890 454 891 
3 892 226 834 
3 891 226 892 
3 454 226 891 
3 893 891 892 
3 893 892 894 
3 892 214 894 
3 894 835 895 
3 896 893 894 
3 896 895 897 
3 896 241 893 
3 897 243 896 
3 896 894 895 
3 895 565 897 
3 1328 898 899 
3 898 565 899 
3 897 565 898 
3 1330 897 898 
3 1328 899 1322 
3 1328 1322 1344 
3 1293 440 900 
3 901 725 1543 
3 1543 725 902 
3 903 440 1447 
3 904 725 727 
3 1540 725 904 
3 1545 725 1540 
3 8 7 123 
3 123 7 51 
3 908 705 909 
3 1552 721 909 
3 911 731 910 
3 911 910 1375 
3 911 693 1389 
3 1370 693 911 
3 1370 911 1375 
3 912 701 913 
3 913 693 912 
3 1376 697 913 
3 1376 913 1377 
3 1377 692 1376 
3 915 914 1378 
3 914 692 1378 
3 1371 914 915 
3 1371 696 914 
3 1379 773 1371 
3 1379 700 773 
3 916 751 917 
3 917 705 1373 
3 751 705 917 
3 1414 918 1421 
3 1413 918 1415 
3 1415 919 1413 
3 1420 919 1415 
3 1420 920 997 
3 1416 920 1405 
3 1029 921 1417 
3 1418 931 1417 
3 1417 1410 1418 
3 1422 922 931 
3 936 923 1407 
3 1411 925 928 
3 1411 924 925 
3 928 925 1404 
3 1405 928 1404 
3 1405 934 1416 
3 1419 926 1421 
3 1393 1042 1404 
3 1042 927 1404 
3 1405 920 928 
3 1415 928 1420 
3 1411 928 1415 
3 1406 929 1408 
3 1406 926 1418 
3 1412 1406 1418 
3 1421 930 1419 
3 1418 926 931 
3 931 926 1422 
3 932 923 1414 
3 1421 932 1414 
3 1407 923 932 
3 1408 932 1406 
3 925 924 933 
3 1410 934 1409 
3 935 718 1399 
3 1409 694 935 
3 935 694 718 
3 1417 922 1029 
3 924 923 936 
3 1412 935 1399 
3 1399 929 1412 
3 1270 1262 1282 
3 1282 1262 1263 
3 945 938 1268 
3 944 938 945 
3 1268 938 994 
3 1283 1008 1282 
3 1283 939 1264 
3 1264 939 942 
3 1023 985 1129 
3 1129 1127 1128 
3 1129 985 1127 
3 977 941 980 
3 1264 942 955 
3 1264 955 1221 
3 1272 956 958 
3 952 943 1274 
3 1273 952 1274 
3 1273 944 951 
3 951 944 945 
3 1272 958 962 
3 1278 1277 1279 
3 1277 1030 1279 
3 1026 947 967 
3 1250 964 1076 
3 1030 998 1279 
3 979 949 972 
3 951 945 1028 
3 1028 1003 1038 
3 1028 945 1003 
3 960 952 1275 
3 991 960 1275 
3 1040 953 1263 
3 1263 948 1040 
3 1282 1263 1283 
3 1027 948 1262 
3 1261 954 1255 
3 1261 1255 1257 
3 1256 966 1253 
3 1030 959 998 
3 957 937 938 
3 938 937 1270 
3 957 938 944 
3 958 956 1037 
3 1012 958 1037 
3 962 958 959 
3 1423 958 1012 
3 960 943 952 
3 994 961 1281 
3 1269 961 994 
3 1005 940 1265 
3 1265 939 1005 
3 1272 962 1276 
3 1036 963 1006 
3 1016 963 967 
3 1006 963 1016 
3 1013 974 1127 
3 1127 968 1013 
3 1080 1010 1040 
3 966 949 1253 
3 973 949 966 
3 978 949 973 
3 1026 967 1001 
3 1039 968 985 
3 1265 968 1039 
3 965 948 1027 
3 1005 939 953 
3 1041 969 1174 
3 1174 969 1044 
3 1071 1009 1043 
3 1005 970 1069 
3 1009 971 988 
3 981 977 982 
3 1258 972 980 
3 1032 972 1258 
3 978 973 1004 
3 1116 974 1034 
3 1257 965 1027 
3 1043 946 1071 
3 1019 946 1043 
3 1001 946 1019 
3 967 946 1001 
3 1216 976 1252 
3 980 972 977 
3 985 968 1127 
3 977 972 978 
3 972 949 978 
3 982 977 978 
3 1253 979 1192 
3 1253 949 979 
3 1280 1249 1278 
3 1258 980 1128 
3 1258 1128 1251 
3 981 941 977 
3 1249 981 1278 
3 1278 981 982 
3 988 947 987 
3 1280 1278 1279 
3 999 995 1280 
3 1280 983 999 
3 989 984 1249 
3 1023 941 984 
3 1129 941 1023 
3 1127 1011 1128 
3 1127 974 1011 
3 1021 986 1020 
3 988 987 1009 
3 987 947 950 
3 1039 985 1023 
3 1016 947 988 
3 1072 1010 1022 
3 1022 1010 1080 
3 1249 975 989 
3 1280 975 1249 
3 1266 990 1267 
3 1028 992 1275 
3 1275 951 1028 
3 996 960 991 
3 1267 990 992 
3 1267 992 1028 
3 1019 993 1001 
3 1060 993 1058 
3 991 975 1000 
3 996 991 1000 
3 994 938 1270 
3 1261 1027 1271 
3 1257 1027 1261 
3 995 930 1000 
3 1413 919 996 
3 960 919 997 
3 997 943 960 
3 1012 997 1423 
3 997 920 1423 
3 1029 922 998 
3 998 922 983 
3 1419 995 999 
3 1000 930 1413 
3 1413 996 1000 
3 996 919 960 
3 1047 993 1060 
3 1281 1224 1268 
3 1031 1003 1224 
3 1271 956 1272 
3 1004 973 1025 
3 1010 970 1005 
3 1005 953 1010 
3 1069 940 1005 
3 1013 940 1036 
3 1034 1007 1116 
3 1070 1007 1034 
3 1271 937 956 
3 990 989 992 
3 1040 948 1014 
3 1070 971 1067 
3 1067 971 1009 
3 1015 1011 1123 
3 1251 1011 1015 
3 1080 1040 1250 
3 962 959 1030 
3 1012 943 997 
3 1035 1013 1036 
3 1252 964 1014 
3 1252 1014 1259 
3 1040 1014 1250 
3 1033 1015 1045 
3 1251 1015 1033 
3 1045 1015 1017 
3 967 947 1016 
3 1014 964 1250 
3 1045 1017 1018 
3 979 972 1032 
3 995 975 1280 
3 1058 993 1019 
3 1058 1019 1043 
3 986 950 1024 
3 1020 986 1024 
3 987 986 1043 
3 1043 986 1058 
3 1058 986 1021 
3 1009 987 1043 
3 1072 1007 1070 
3 1022 1007 1072 
3 1265 940 968 
3 1023 984 990 
3 990 984 989 
3 968 940 1013 
3 1025 973 1255 
3 1255 954 1025 
3 1000 975 995 
3 1026 993 1047 
3 1001 993 1026 
3 1276 1030 1277 
3 934 921 1416 
3 1267 1028 1038 
3 959 958 1423 
3 998 959 1029 
3 999 922 1422 
3 983 922 999 
3 1276 962 1030 
3 1224 1003 1268 
3 1031 955 1038 
3 1221 955 1031 
3 1072 970 1010 
3 1148 1033 1045 
3 1010 953 1040 
3 1035 1006 1073 
3 1073 1034 1035 
3 1035 974 1013 
3 1034 974 1035 
3 1047 1024 1026 
3 950 947 1026 
3 1024 950 1026 
3 1069 963 1036 
3 963 946 967 
3 1037 943 1012 
3 1037 956 957 
3 1037 957 1274 
3 1039 990 1266 
3 1023 990 1039 
3 1265 1039 1266 
3 987 950 986 
3 1014 948 965 
3 1041 976 1216 
3 1174 976 1041 
3 1042 694 1409 
3 1409 927 1042 
3 1029 959 1423 
3 1044 1033 1148 
3 1274 943 1037 
3 1045 1018 1170 
3 1052 1020 1024 
3 1052 1024 1047 
3 1056 1047 1060 
3 1021 1020 1046 
3 1048 1021 1046 
3 1058 1021 1059 
3 1057 1049 1050 
3 1057 1046 1049 
3 1051 1049 1054 
3 1050 1049 1051 
3 1066 1050 1051 
3 1053 1046 1052 
3 1049 1046 1053 
3 1053 1052 1056 
3 1052 1047 1056 
3 1054 1049 1053 
3 1046 1020 1052 
3 1065 1051 1054 
3 1062 1054 1055 
3 1054 1053 1055 
3 1055 1053 1056 
3 1063 1050 1064 
3 1057 1050 1063 
3 1060 1058 1059 
3 1059 1056 1060 
3 1059 1055 1056 
3 1062 1055 1059 
3 1059 1021 1048 
3 1048 1046 1057 
3 1061 1048 1057 
3 1059 1048 1062 
3 1062 1048 1061 
3 1062 1061 1065 
3 1061 1057 1063 
3 1065 1063 1064 
3 1065 1064 1066 
3 1065 1054 1062 
3 1065 1061 1063 
3 1066 1051 1065 
3 1064 1050 1066 
3 1067 970 1072 
3 1067 1009 1071 
3 1071 946 1068 
3 1069 970 1068 
3 1068 946 963 
3 1068 963 1069 
3 1073 971 1070 
3 1070 1034 1073 
3 1068 970 1067 
3 1068 1067 1071 
3 1036 1006 1035 
3 1070 1067 1072 
3 1016 988 1006 
3 1006 971 1073 
3 988 971 1006 
3 1036 940 1069 
3 1085 1075 1095 
3 1120 1085 1095 
3 1076 1002 1124 
3 1122 1022 1080 
3 1078 1007 1022 
3 1096 1086 1126 
3 1125 1079 1121 
3 1086 1079 1126 
3 1120 1081 1093 
3 1122 1076 1124 
3 1080 1076 1122 
3 1250 1076 1080 
3 1077 1074 1118 
3 1126 1083 1096 
3 1091 1090 1098 
3 1096 1083 1092 
3 1084 1074 1089 
3 1109 1084 1089 
3 1093 1074 1084 
3 1120 1083 1126 
3 1126 1085 1120 
3 1094 1075 1085 
3 1087 1079 1086 
3 1087 1086 1118 
3 1121 1079 1087 
3 1121 1087 1117 
3 1121 1117 1124 
3 1081 1074 1093 
3 1088 1084 1097 
3 1118 1074 1081 
3 1093 1083 1120 
3 1109 1089 1091 
3 1098 1090 1092 
3 1090 1077 1096 
3 1089 1077 1090 
3 1091 1089 1090 
3 1096 1077 1086 
3 1086 1077 1118 
3 1092 1088 1098 
3 1093 1084 1088 
3 1094 1015 1123 
3 1125 1015 1094 
3 1092 1083 1093 
3 1093 1088 1092 
3 1075 1007 1078 
3 1095 1075 1078 
3 1095 1081 1120 
3 1092 1090 1096 
3 1089 1074 1077 
3 1099 1098 1104 
3 1104 1088 1097 
3 1098 1088 1104 
3 1099 1091 1098 
3 1099 1082 1091 
3 1106 1101 1102 
3 1115 1100 1101 
3 1101 1100 1102 
3 1102 1100 1107 
3 1115 1101 1113 
3 1104 1097 1103 
3 1103 1102 1104 
3 1106 1102 1103 
3 1103 1097 1110 
3 1105 1101 1106 
3 1102 1099 1104 
3 1107 1099 1102 
3 1113 1101 1105 
3 1110 1105 1106 
3 1106 1103 1110 
3 1114 1100 1108 
3 1110 1097 1109 
3 1097 1084 1109 
3 1091 1082 1109 
3 1112 1105 1111 
3 1111 1105 1110 
3 1110 1109 1111 
3 1109 1082 1111 
3 1111 1099 1107 
3 1111 1082 1099 
3 1111 1107 1112 
3 1112 1100 1114 
3 1107 1100 1112 
3 1114 1108 1115 
3 1113 1105 1112 
3 1113 1112 1114 
3 1115 1113 1114 
3 1108 1100 1115 
3 1116 1007 1075 
3 1078 1022 1122 
3 1119 1078 1122 
3 1118 1081 1119 
3 1119 1081 1095 
3 1095 1078 1119 
3 1121 1017 1125 
3 1017 1015 1125 
3 1122 1117 1119 
3 1124 1117 1122 
3 1119 1087 1118 
3 1117 1087 1119 
3 1116 1094 1123 
3 1116 1075 1094 
3 1124 1017 1121 
3 1018 1017 1124 
3 1124 1002 1018 
3 1094 1085 1125 
3 1125 1085 1126 
3 1126 1079 1125 
3 1011 974 1123 
3 1123 974 1116 
3 1128 1011 1251 
3 1128 980 1129 
3 980 941 1129 
3 1172 1135 1143 
3 1149 1130 1132 
3 1137 1130 1149 
3 1150 1131 1173 
3 1170 1131 1140 
3 1140 1131 1150 
3 1132 1130 1172 
3 1151 1135 1146 
3 1076 964 1133 
3 1133 1002 1076 
3 1177 1137 1146 
3 1153 1136 1144 
3 1138 1136 1153 
3 1146 1137 1145 
3 1145 1137 1149 
3 1150 1130 1137 
3 1139 1138 1163 
3 1143 1138 1139 
3 1139 1132 1143 
3 1170 1140 1148 
3 1150 1137 1140 
3 1146 1141 1177 
3 1171 1134 1177 
3 1177 1141 1171 
3 1176 1134 1171 
3 1143 1132 1172 
3 1149 1132 1142 
3 1143 1136 1138 
3 1144 1136 1145 
3 1153 1144 1147 
3 1145 1136 1151 
3 1151 1136 1143 
3 1146 1145 1151 
3 1149 1144 1145 
3 1144 1142 1147 
3 1149 1142 1144 
3 1142 1132 1139 
3 1142 1139 1152 
3 1134 1044 1148 
3 1131 1002 1178 
3 1173 1131 1178 
3 1172 1130 1150 
3 1172 1150 1173 
3 1143 1135 1151 
3 1147 1142 1152 
3 1156 1147 1152 
3 1153 1147 1165 
3 1164 1153 1165 
3 1164 1138 1153 
3 1155 1154 1158 
3 1161 1155 1158 
3 1168 1155 1161 
3 1165 1154 1155 
3 1161 1158 1169 
3 1156 1154 1165 
3 1157 1154 1156 
3 1158 1154 1159 
3 1169 1158 1159 
3 1165 1147 1156 
3 1169 1159 1160 
3 1159 1157 1166 
3 1159 1154 1157 
3 1156 1152 1157 
3 1165 1155 1162 
3 1162 1155 1167 
3 1167 1155 1168 
3 1152 1139 1163 
3 1163 1138 1164 
3 1166 1157 1163 
3 1157 1152 1163 
3 1165 1162 1164 
3 1164 1162 1166 
3 1166 1162 1167 
3 1166 1163 1164 
3 1167 1160 1166 
3 1168 1160 1167 
3 1160 1159 1166 
3 1161 1160 1168 
3 1169 1160 1161 
3 1170 1018 1131 
3 1146 1135 1141 
3 1173 1135 1172 
3 1175 1135 1173 
3 1178 1133 1175 
3 1178 1002 1133 
3 1175 1173 1178 
3 1174 1044 1134 
3 1171 1133 1176 
3 1171 1141 1175 
3 1141 1135 1175 
3 1175 1133 1171 
3 1148 1045 1170 
3 1174 1134 1176 
3 1176 976 1174 
3 1148 1140 1177 
3 1177 1134 1148 
3 1140 1137 1177 
3 1018 1002 1131 
3 1212 1184 1185 
3 1188 1179 1183 
3 1187 1182 1215 
3 1194 1187 1215 
3 1183 1180 1212 
3 1211 1181 1213 
3 1190 1184 1189 
3 1190 1189 1196 
3 1194 1179 1188 
3 1205 1185 1190 
3 1191 1185 1205 
3 1180 1179 1215 
3 1186 1180 1215 
3 1214 1186 1215 
3 1211 1182 1187 
3 1213 1182 1211 
3 1185 1183 1212 
3 1188 1183 1191 
3 1183 1179 1180 
3 1185 1184 1190 
3 1189 1184 1194 
3 1194 1184 1187 
3 1189 1188 1195 
3 1191 1183 1185 
3 1192 979 1214 
3 1195 1188 1191 
3 1186 1041 1193 
3 1193 1180 1186 
3 1212 1180 1193 
3 1194 1188 1189 
3 1195 1191 1199 
3 1199 1191 1205 
3 1196 1195 1200 
3 1196 1189 1195 
3 1206 1196 1200 
3 1198 1197 1202 
3 1204 1203 1210 
3 1200 1197 1204 
3 1204 1198 1203 
3 1204 1197 1198 
3 1203 1198 1201 
3 1199 1197 1200 
3 1200 1195 1199 
3 1202 1197 1199 
3 1209 1198 1202 
3 1201 1198 1209 
3 1202 1199 1207 
3 1209 1202 1207 
3 1206 1200 1204 
3 1208 1204 1210 
3 1205 1190 1196 
3 1205 1196 1207 
3 1207 1199 1205 
3 1207 1196 1206 
3 1209 1206 1208 
3 1207 1206 1209 
3 1206 1204 1208 
3 1210 1201 1208 
3 1203 1201 1210 
3 1208 1201 1209 
3 1186 969 1041 
3 1212 1193 1211 
3 1193 1181 1211 
3 1216 1181 1193 
3 1187 1184 1212 
3 1211 1187 1212 
3 1214 969 1186 
3 1032 969 1214 
3 1214 979 1032 
3 1214 1182 1192 
3 1215 1182 1214 
3 1215 1179 1194 
3 1193 1041 1216 
3 1226 1220 1221 
3 1218 1217 1239 
3 1218 961 1217 
3 1240 1218 1239 
3 1281 961 1223 
3 1223 961 1218 
3 1223 1218 1242 
3 1223 1219 1224 
3 1220 1008 1264 
3 1217 1008 1220 
3 1239 1217 1220 
3 1226 1221 1222 
3 1221 1220 1264 
3 1221 1031 1222 
3 1281 1223 1224 
3 1224 1219 1222 
3 1222 1031 1224 
3 1226 1222 1225 
3 1222 1219 1225 
3 1225 1219 1235 
3 1235 1219 1242 
3 1242 1219 1223 
3 1226 1225 1227 
3 1239 1226 1243 
3 1239 1220 1226 
3 1237 1227 1232 
3 1236 1228 1231 
3 1232 1228 1238 
3 1229 1228 1236 
3 1230 1228 1232 
3 1231 1228 1230 
3 1230 1225 1235 
3 1231 1230 1235 
3 1232 1227 1230 
3 1227 1225 1230 
3 1236 1231 1233 
3 1235 1234 1245 
3 1233 1231 1245 
3 1236 1233 1248 
3 1245 1231 1235 
3 1242 1234 1235 
3 1237 1232 1238 
3 1246 1238 1247 
3 1246 1237 1238 
3 1238 1228 1247 
3 1247 1228 1229 
3 1242 1218 1240 
3 1241 1234 1240 
3 1245 1234 1241 
3 1241 1239 1243 
3 1240 1239 1241 
3 1240 1234 1242 
3 1243 1226 1227 
3 1243 1227 1237 
3 1243 1237 1244 
3 1244 1237 1246 
3 1244 1241 1243 
3 1245 1241 1244 
3 1248 1233 1244 
3 1248 1244 1246 
3 1248 1246 1247 
3 1247 1229 1248 
3 1244 1233 1245 
3 1248 1229 1236 
3 984 941 981 
3 984 981 1249 
3 1251 1033 1258 
3 1176 964 1252 
3 1133 964 1176 
3 1252 976 1176 
3 1014 965 1259 
3 1259 965 1260 
3 1256 1253 1254 
3 1253 1213 1254 
3 1213 1181 1254 
3 973 966 1255 
3 1255 966 1256 
3 1257 1255 1256 
3 1256 1254 1260 
3 1260 1181 1259 
3 1259 1181 1216 
3 1044 1032 1258 
3 1044 969 1032 
3 1258 1033 1044 
3 1259 1216 1252 
3 1254 1181 1260 
3 1192 1182 1213 
3 1253 1192 1213 
3 1257 1256 1260 
3 1260 965 1257 
3 1262 948 1263 
3 956 937 957 
3 1263 953 1283 
3 953 939 1283 
3 942 939 1265 
3 955 942 1266 
3 1266 942 1265 
3 1267 955 1266 
3 1038 955 1267 
3 1038 1003 1031 
3 1003 945 1268 
3 1008 961 1269 
3 1217 961 1008 
3 1269 994 1270 
3 1282 1269 1270 
3 1270 937 1262 
3 1262 937 1027 
3 1027 937 1271 
3 1272 1261 1271 
3 1272 954 1261 
3 1276 954 1272 
3 957 944 1274 
3 1274 944 1273 
3 1275 952 1273 
3 1273 951 1275 
3 992 991 1275 
3 989 975 991 
3 992 989 991 
3 1025 954 1276 
3 1277 1004 1025 
3 1277 1025 1276 
3 982 978 1004 
3 1278 982 1004 
3 1278 1004 1277 
3 998 983 1279 
3 1279 983 1280 
3 1268 994 1281 
3 1282 1008 1269 
3 1264 1008 1283 
3 135 33 63 
3 1284 33 1285 
3 120 33 135 
3 1285 33 120 
3 1287 30 1286 
3 1286 795 1287 
3 1287 795 2320 
3 2320 72 1287 
3 1288 794 1289 
3 1288 776 794 
3 1290 119 1289 
3 1289 119 1288 
3 1290 67 82 
3 1309 1291 1337 
3 1309 193 1291 
3 1291 193 1292 
3 1292 193 1294 
3 1293 900 1302 
3 1302 245 1293 
3 1295 542 1294 
3 1294 542 1292 
3 1310 742 1305 
3 1310 1305 1466 
3 1297 532 1296 
3 1297 1296 1298 
3 1296 535 1298 
3 1298 739 1297 
3 1304 1299 1300 
3 1299 535 1301 
3 1303 535 1299 
3 1301 535 1296 
3 1499 1300 1301 
3 1300 1299 1301 
3 1304 1302 1303 
3 1304 245 1302 
3 1300 247 1304 
3 1303 1299 1304 
3 900 440 537 
3 537 440 903 
3 1314 903 1305 
3 1306 765 1307 
3 1307 765 1308 
3 765 539 1308 
3 1307 545 1306 
3 1337 1308 1309 
3 1337 1307 1308 
3 1338 1295 1310 
3 1338 1310 1466 
3 1295 726 1310 
3 1305 742 1314 
3 1314 742 904 
3 735 538 1312 
3 1312 539 1311 
3 739 735 1312 
3 1311 1297 1312 
3 1311 532 1297 
3 1297 739 1312 
3 900 537 1313 
3 1313 727 901 
3 1314 537 903 
3 727 537 1314 
3 1316 1315 1342 
3 1315 531 762 
3 1317 530 531 
3 1317 531 1315 
3 1316 647 1317 
3 1317 1315 1316 
3 1321 645 1320 
3 1318 645 1321 
3 1327 1318 1321 
3 1321 1320 1329 
3 1327 547 1318 
3 1318 246 645 
3 1320 645 1333 
3 1322 899 1448 
3 652 541 648 
3 652 648 1335 
3 1323 650 1326 
3 1324 1323 1325 
3 1341 1323 1324 
3 1340 546 1323 
3 1323 546 650 
3 1568 1324 1325 
3 686 684 1325 
3 1325 1323 1326 
3 1326 686 1325 
3 1328 548 1327 
3 1327 898 1328 
3 1330 898 1327 
3 1329 243 1330 
3 1330 1321 1329 
3 1327 1321 1330 
3 1291 564 1331 
3 1335 564 1291 
3 1337 1291 1331 
3 1466 644 1338 
3 1333 645 647 
3 1333 647 1316 
3 1332 1320 1333 
3 1333 1316 1334 
3 1334 641 1332 
3 1334 1332 1333 
3 1335 1291 1292 
3 1331 650 1336 
3 1337 1331 1336 
3 1336 1307 1337 
3 652 542 1338 
3 1338 644 652 
3 1338 542 1295 
3 1570 237 1341 
3 1341 1324 1568 
3 1570 1341 1568 
3 1340 1323 1341 
3 1341 237 1343 
3 1343 1340 1341 
3 1344 548 1328 
3 1344 440 1293 
3 2299 491 2308 
3 1732 1345 1346 
3 1459 1345 1732 
3 1350 426 631 
3 1560 426 1350 
3 1560 232 426 
3 1729 1346 1728 
3 1728 1346 1349 
3 1727 630 1347 
3 2407 491 1434 
3 2165 1348 2166 
3 1730 630 1727 
3 1352 630 1349 
3 1562 1351 1731 
3 1751 1351 1562 
3 1431 1352 1357 
3 1354 1352 1431 
3 1435 1345 1432 
3 1458 1353 2246 
3 1353 631 2246 
3 1354 1347 1352 
3 2392 1347 1354 
3 1439 1355 1563 
3 1436 1356 1435 
3 1356 1345 1435 
3 1357 1356 1436 
3 1357 1349 1356 
3 1352 1349 1357 
3 2387 1359 1566 
3 211 195 1360 
3 1361 211 2354 
3 2354 211 1360 
3 550 211 1361 
3 2337 1361 1362 
3 1362 496 2337 
3 1363 496 1362 
3 1363 1362 1473 
3 1571 685 1364 
3 1339 685 1571 
3 1364 1363 1571 
3 1572 1365 2357 
3 1572 685 1339 
3 2357 685 1572 
3 2355 417 768 
3 1366 417 2355 
3 2354 190 1366 
3 2354 1366 2355 
3 2354 1360 2389 
3 2389 190 2354 
3 1368 208 1367 
3 1586 208 1368 
3 1587 480 1584 
3 1378 692 1369 
3 1369 692 1377 
3 912 693 1370 
3 1370 754 912 
3 915 699 1371 
3 1371 699 1379 
3 916 700 1379 
3 1372 916 1379 
3 1373 910 1381 
3 910 731 1381 
3 1373 908 1374 
3 1374 910 1373 
3 1374 755 1375 
3 1375 910 1374 
3 1375 754 1370 
3 755 754 1375 
3 697 693 913 
3 913 701 720 
3 913 720 1377 
3 1377 720 1369 
3 1378 691 915 
3 1379 699 1372 
3 1380 700 917 
3 917 700 916 
3 1381 917 1373 
3 1380 917 1381 
3 1391 700 1380 
3 773 700 1391 
3 1382 698 1389 
3 1382 688 737 
3 1384 696 1388 
3 1388 689 1384 
3 1383 696 1384 
3 1398 688 1382 
3 1389 698 1385 
3 1385 911 1389 
3 1385 731 911 
3 1396 738 1386 
3 719 697 1376 
3 1387 1380 1381 
3 1402 729 1388 
3 1386 1385 1396 
3 1398 719 1390 
3 1390 719 1383 
3 1387 748 1380 
3 1380 748 1391 
3 1402 1388 1391 
3 1388 773 1391 
3 1392 688 690 
3 1407 690 936 
3 1392 690 1407 
3 1401 749 1393 
3 1398 1390 1394 
3 1397 1395 1402 
3 1384 689 695 
3 1400 730 737 
3 737 730 1396 
3 1399 718 738 
3 738 730 1399 
3 738 718 1397 
3 1394 690 1398 
3 1401 729 749 
3 1393 749 1042 
3 929 730 1400 
3 1399 730 929 
3 1400 688 1392 
3 737 688 1400 
3 1403 695 933 
3 1395 729 1402 
3 749 729 1395 
3 1403 924 936 
3 933 924 1403 
3 1404 925 1393 
3 1393 925 933 
3 1393 933 1401 
3 1404 927 1405 
3 1405 927 934 
3 932 926 1406 
3 1412 929 1406 
3 1408 1392 1407 
3 1407 932 1408 
3 1410 935 1412 
3 1418 1410 1412 
3 1409 935 1410 
3 1414 923 1411 
3 1411 923 924 
3 934 927 1409 
3 1421 918 930 
3 930 918 1413 
3 1415 918 1414 
3 1414 1411 1415 
3 928 920 1420 
3 1423 920 1416 
3 1410 921 934 
3 931 922 1417 
3 1419 930 995 
3 997 919 1420 
3 1421 926 932 
3 1422 926 1419 
3 1419 999 1422 
3 1417 921 1410 
3 1416 1029 1423 
3 1416 921 1029 
3 253 189 1424 
3 436 189 253 
3 2290 812 1424 
3 1424 189 2290 
3 2290 240 812 
3 477 186 1426 
3 1426 186 210 
3 1427 479 1426 
3 1426 210 1427 
3 1583 480 1428 
3 1584 480 1583 
3 1428 558 1583 
3 1427 558 1428 
3 436 186 477 
3 482 436 477 
3 482 189 436 
3 1491 813 1535 
3 2303 224 1430 
3 1511 224 2303 
3 1357 192 1431 
3 192 191 1431 
3 1432 248 1435 
3 2247 1458 2246 
3 1433 291 1354 
3 1433 1354 1431 
3 1354 291 2392 
3 2407 1434 2302 
3 2407 2302 2948 
3 1435 444 1436 
3 1435 248 445 
3 444 192 1436 
3 1436 192 1357 
3 1437 291 2343 
3 2392 291 1437 
3 2343 291 775 
3 1439 435 2198 
3 1564 435 1439 
3 2114 1429 2208 
3 1510 218 2303 
3 2303 1430 1510 
3 1441 1440 2301 
3 2358 1441 1534 
3 1534 1441 2301 
3 1442 814 2359 
3 2358 814 1442 
3 2359 1529 2245 
3 1533 1529 2359 
3 872 867 1444 
3 1443 867 872 
3 1444 575 1514 
3 575 567 1514 
3 1514 567 1445 
3 1445 567 644 
3 1446 1445 1466 
3 1466 1305 1446 
3 1305 903 1446 
3 1446 903 1447 
3 2250 1322 1448 
3 1448 836 2243 
3 2243 836 1449 
3 1449 215 1450 
3 1451 1450 1452 
3 1450 215 1452 
3 1452 833 1453 
3 1453 1451 1452 
3 1453 227 1454 
3 2332 227 1453 
3 2195 1453 1454 
3 2195 1451 1453 
3 2378 1507 2215 
3 2377 1507 2378 
3 2377 1455 1507 
3 2210 1456 1457 
3 1506 1456 2210 
3 1457 248 1458 
3 1432 1353 1458 
3 1458 248 1432 
3 1432 1345 1353 
3 1353 1345 1459 
3 1605 1559 1721 
3 1721 1559 2394 
3 1722 259 1464 
3 1722 256 259 
3 1723 1463 2291 
3 1724 1463 1723 
3 1461 271 1462 
3 1596 1461 1462 
3 1462 442 800 
3 442 256 800 
3 1445 644 1466 
3 1447 1322 2250 
3 1509 1467 1522 
3 1509 1468 1523 
3 2381 2361 2380 
3 2380 1489 2381 
3 1469 818 1519 
3 1469 822 874 
3 1521 1470 1524 
3 1520 1470 1521 
3 2361 212 2209 
3 1471 1365 1572 
3 1572 1339 1472 
3 1472 1339 1571 
3 1572 1472 1476 
3 1476 1471 1572 
3 1473 1472 1571 
3 1571 1363 1473 
3 1479 1475 1477 
3 1475 758 1474 
3 1474 758 1471 
3 1475 1474 1477 
3 2365 1471 1476 
3 1474 1471 2365 
3 1478 222 551 
3 1479 551 1475 
3 1478 551 1479 
3 2367 1478 1479 
3 223 222 1481 
3 1480 223 1481 
3 1482 223 1480 
3 1481 222 1478 
3 1481 1478 2371 
3 1485 452 1483 
3 1483 452 1482 
3 1483 242 1485 
3 1483 1480 2374 
3 1482 1480 1483 
3 1486 1484 2375 
3 1484 228 1485 
3 1484 242 2375 
3 1485 242 1484 
3 2372 242 1483 
3 1487 1484 1486 
3 2360 1484 1487 
3 2360 1487 1488 
3 2360 1488 2385 
3 2379 1489 2386 
3 2386 1489 2342 
3 2381 212 2361 
3 1554 218 1490 
3 1491 1440 1510 
3 1510 1430 1491 
3 1430 224 813 
3 769 417 1492 
3 1492 417 775 
3 1497 553 1494 
3 1493 553 555 
3 1494 553 1493 
3 1493 1492 1494 
3 1495 196 199 
3 1495 199 1496 
3 1497 196 553 
3 199 196 1497 
3 553 196 764 
3 221 197 1500 
3 1498 221 1500 
3 1501 221 1498 
3 1498 560 561 
3 1500 560 1498 
3 1496 560 1500 
3 1500 1495 1496 
3 1500 197 1495 
3 1502 451 1501 
3 448 217 1502 
3 1505 450 1502 
3 1502 1501 1503 
3 1503 448 1502 
3 1501 1498 1503 
3 1498 561 1503 
3 1504 230 1505 
3 1504 217 1456 
3 1505 217 1504 
3 1502 217 1505 
3 1504 1456 1506 
3 1507 1455 1504 
3 1507 1504 1506 
3 2249 1508 2210 
3 1508 1506 2210 
3 1507 1506 1508 
3 2249 816 817 
3 1509 816 1467 
3 817 816 1509 
3 1554 1468 1509 
3 1554 1509 1522 
3 272 218 1554 
3 1510 1440 2241 
3 2208 218 272 
3 2303 218 2208 
3 2208 1425 2303 
3 813 224 1512 
3 1512 224 1537 
3 1537 224 1511 
3 1513 1447 2250 
3 2251 1513 1517 
3 2251 1445 1446 
3 1514 1445 2251 
3 1524 1470 1515 
3 1515 1514 1517 
3 1517 1514 2251 
3 1513 236 1517 
3 1517 236 1524 
3 1522 1467 1518 
3 1518 1467 1565 
3 1523 817 1509 
3 2379 817 1523 
3 1519 818 2380 
3 1553 1469 1519 
3 1520 1469 1553 
3 1521 822 1520 
3 1520 822 1469 
3 2382 1553 2361 
3 1553 1519 2361 
3 2381 1489 1523 
3 1516 822 1521 
3 1524 236 1516 
3 1524 1516 1521 
3 2250 236 1513 
3 1525 876 878 
3 878 819 1525 
3 1525 857 1526 
3 1531 1527 1532 
3 1531 1526 1527 
3 1532 1528 1533 
3 1532 1527 1528 
3 1533 1528 1529 
3 2245 821 2252 
3 1529 821 2245 
3 1525 875 1530 
3 1526 875 1525 
3 1526 856 875 
3 1531 856 1526 
3 1532 824 1531 
3 871 824 1532 
3 1533 871 1532 
3 2347 820 1534 
3 812 240 1535 
3 1535 240 2304 
3 1424 812 1536 
3 1536 813 1512 
3 1512 788 1536 
3 1512 250 788 
3 1537 250 1512 
3 1511 481 1537 
3 746 707 1548 
3 732 707 746 
3 1547 752 1539 
3 1539 722 1547 
3 772 704 774 
3 1540 723 1541 
3 902 725 1545 
3 1541 723 736 
3 736 723 1544 
3 902 732 1543 
3 1543 732 746 
3 1542 706 745 
3 745 706 722 
3 1542 704 1546 
3 1539 752 1544 
3 1545 1540 1552 
3 1541 702 721 
3 717 691 1546 
3 1549 706 743 
3 1552 733 1545 
3 1545 733 902 
3 743 706 1542 
3 1546 743 1542 
3 1549 701 1547 
3 728 691 717 
3 1548 707 728 
3 752 736 1544 
3 1551 736 752 
3 1541 721 1552 
3 733 732 902 
3 1550 732 733 
3 1553 873 1520 
3 2382 873 1553 
3 2361 2209 2382 
3 1490 1468 1554 
3 1522 272 1554 
3 1518 272 1522 
3 4992 1555 2401 
3 1555 225 2401 
3 4082 1556 1557 
3 2398 1556 4988 
3 1557 1556 2398 
3 2398 231 1557 
3 4082 1557 2396 
3 1557 232 2396 
3 2394 1559 4983 
3 2396 232 1560 
3 1751 1350 1351 
3 1560 1350 1751 
3 4087 1561 4982 
3 1731 1561 4087 
3 4087 1562 1731 
3 1563 231 2398 
3 1355 231 1563 
3 1564 1439 1563 
3 1564 1563 2402 
3 1565 225 1555 
3 2403 1518 1565 
3 2619 1518 2403 
3 1567 1367 2305 
3 2341 190 2389 
3 1570 1569 1576 
3 1569 1568 2356 
3 1570 1568 1569 
3 1569 234 1576 
3 235 234 1569 
3 861 235 1569 
3 2356 861 1569 
3 1575 1573 1574 
3 1575 234 1573 
3 1573 760 1574 
3 1575 827 1577 
3 1574 827 1575 
3 888 827 1574 
3 1578 1576 1577 
3 1578 1570 1576 
3 1576 1575 1577 
3 1576 234 1575 
3 1578 237 1570 
3 641 239 642 
3 642 239 1578 
3 1577 642 1578 
3 1581 50 4105 
3 4110 907 2503 
3 88 50 808 
3 4105 50 88 
3 1583 179 4307 
3 1586 1368 2400 
3 2395 1358 2383 
3 2383 209 1587 
3 2383 1587 4972 
3 4984 1587 4309 
3 1587 1584 4309 
3 4111 497 1586 
3 2948 497 4111 
3 1589 1588 2196 
3 2178 639 1588 
3 2190 1589 1598 
3 2190 1588 1589 
3 1594 1590 1710 
3 1590 568 1710 
3 1592 1590 1594 
3 1595 1589 1591 
3 2253 1602 2191 
3 1592 252 1590 
3 1593 1592 1594 
3 1601 1593 1594 
3 1601 1594 1711 
3 1595 1591 2253 
3 1598 1589 1595 
3 2309 257 678 
3 2309 1597 4899 
3 2309 678 1597 
3 1598 1595 2173 
3 2286 1595 2253 
3 2253 1712 2286 
3 1604 1599 2269 
3 1600 1599 1604 
3 2254 1593 1601 
3 1738 1593 2254 
3 2254 1599 1600 
3 2270 1738 2254 
3 1711 1599 1601 
3 1591 640 1602 
3 640 257 1602 
3 1712 1604 2269 
3 1712 1603 1604 
3 2310 1603 1713 
3 2310 1713 4131 
3 1604 258 1600 
3 1600 258 1739 
3 2270 1600 1739 
3 2394 1558 2255 
3 2255 1721 2394 
3 2255 438 1606 
3 1558 438 2255 
3 2159 277 1607 
3 300 277 2159 
3 1608 415 2137 
3 517 415 1608 
3 1609 1608 2137 
3 1610 298 1628 
3 2256 1610 1611 
3 1611 1610 1628 
3 1611 297 2256 
3 1611 296 297 
3 1629 296 1611 
3 1613 1612 1626 
3 1638 1612 1613 
3 1638 1613 2216 
3 1614 1613 1627 
3 2216 1613 1614 
3 1614 303 2216 
3 1615 301 1616 
3 2144 1616 1623 
3 2144 1615 1616 
3 2145 294 1617 
3 1617 294 2146 
3 1619 288 465 
3 2259 288 1619 
3 2259 581 1618 
3 1619 581 2259 
3 1645 581 1619 
3 1647 657 1620 
3 2260 275 1621 
3 2222 308 1622 
3 1644 313 1622 
3 1622 308 1644 
3 585 276 1623 
3 1643 276 585 
3 1616 585 1623 
3 1644 309 1624 
3 2160 311 1624 
3 1625 278 1627 
3 514 278 1625 
3 1627 384 1625 
3 1626 384 1627 
3 1627 1613 1626 
3 1627 278 1614 
3 1629 1628 1630 
3 1629 1611 1628 
3 1630 1628 1634 
3 1628 385 1634 
3 1632 516 1631 
3 1632 1631 2136 
3 1632 514 1625 
3 1625 516 1632 
3 1625 384 516 
3 1633 1630 1634 
3 1634 517 1608 
3 1634 1608 1633 
3 582 307 1635 
3 2256 582 1635 
3 1635 307 1620 
3 1620 657 1635 
3 1639 1636 1637 
3 1639 1637 1638 
3 2219 1638 2216 
3 1639 1638 2219 
3 1637 1612 1638 
3 2219 579 1639 
3 1642 583 1640 
3 2199 1640 1646 
3 1640 274 1642 
3 1647 583 1641 
3 2260 584 1642 
3 2222 1622 2261 
3 1643 585 1621 
3 585 308 1621 
3 1624 312 1644 
3 1646 1640 1645 
3 1645 1619 1646 
3 1619 465 1646 
3 628 583 1647 
3 1620 628 1647 
3 2263 391 1648 
3 1663 355 1649 
3 2224 353 1650 
3 1673 353 2224 
3 1650 353 411 
3 1653 1651 1652 
3 1651 602 1652 
3 602 357 1652 
3 1684 1651 1653 
3 1653 350 1684 
3 1657 350 1653 
3 1648 391 1654 
3 1654 391 1655 
3 1689 1655 1686 
3 1656 1655 1689 
3 1653 597 1656 
3 1657 1656 1689 
3 1657 1653 1656 
3 1690 1649 1658 
3 1649 355 1658 
3 1676 414 598 
3 598 414 601 
3 1659 598 601 
3 2224 1660 2262 
3 1661 1660 2225 
3 2262 1660 1661 
3 411 357 1650 
3 357 356 1650 
3 1662 357 411 
3 663 355 1663 
3 1671 358 1664 
3 1664 358 1662 
3 1662 347 1664 
3 2239 1648 1665 
3 1676 599 1666 
3 1666 599 2238 
3 1672 1667 1668 
3 1672 412 1667 
3 1668 1667 2206 
3 525 351 390 
3 524 351 525 
3 1669 410 2115 
3 1670 1669 2115 
3 1675 1669 1670 
3 1669 409 1671 
3 1671 410 1669 
3 1664 410 1671 
3 1672 347 412 
3 349 347 1672 
3 2206 1673 2264 
3 2206 1667 1673 
3 1674 413 596 
3 1674 343 413 
3 1675 390 1654 
3 525 390 1675 
3 596 414 1676 
3 1666 596 1676 
3 1677 340 2265 
3 604 366 1678 
3 367 366 604 
3 1678 366 1679 
3 2240 1680 1685 
3 2267 362 1681 
3 1694 363 1682 
3 1682 363 2225 
3 1683 1682 2225 
3 1684 603 1651 
3 1695 603 1684 
3 1684 1679 1695 
3 1684 350 1679 
3 1685 528 1686 
3 2240 1685 1686 
3 1686 354 2240 
3 527 393 1687 
3 528 393 527 
3 393 392 1687 
3 1687 392 611 
3 1689 527 1688 
3 1688 1657 1689 
3 1688 350 1657 
3 605 362 1690 
3 1690 600 1691 
3 1691 605 1690 
3 608 605 1691 
3 2266 1692 1693 
3 1692 364 1693 
3 2266 363 1692 
3 1694 603 1695 
3 1682 603 1694 
3 1683 603 1682 
3 1681 360 2267 
3 612 360 1681 
3 2879 429 498 
3 4246 429 2879 
3 498 428 2921 
3 4308 1698 4246 
3 1698 429 4246 
3 580 285 1699 
3 2170 1699 1703 
3 2170 580 1699 
3 2178 1700 1702 
3 2231 2230 2288 
3 1702 580 2170 
3 1702 568 580 
3 1700 568 1702 
3 2161 1703 2156 
3 1703 1699 2156 
3 1704 1697 2168 
3 2138 1704 1705 
3 2192 1704 2138 
3 2182 1705 2168 
3 1705 1704 2168 
3 466 428 1706 
3 2921 428 466 
3 2268 633 1706 
3 429 428 498 
3 1708 656 2186 
3 1708 395 1707 
3 2186 395 1708 
3 2186 656 2179 
3 2190 1598 1710 
3 1710 1700 2190 
3 1711 1594 1710 
3 2191 1603 1712 
3 1713 1603 2191 
3 1714 461 1716 
3 1714 459 461 
3 2306 461 2295 
3 1716 461 2306 
3 2306 493 1715 
3 1715 493 4996 
3 1720 1716 4275 
3 1716 1715 4275 
3 1718 508 1717 
3 1718 1717 1719 
3 1719 680 1718 
3 4995 1720 4275 
3 1739 799 1605 
3 1721 1461 1605 
3 800 256 1722 
3 1462 800 1733 
3 1596 1462 1733 
3 2158 801 1722 
3 2135 1463 2140 
3 2140 1736 2135 
3 1737 1724 4994 
3 1722 1464 2158 
3 2140 1724 1737 
3 1725 1465 2135 
3 1732 1346 1729 
3 1726 438 1731 
3 1731 1351 1726 
3 1351 1350 1726 
3 2165 629 1348 
3 1349 630 1728 
3 1728 630 1730 
3 2162 206 2141 
3 1348 206 2162 
3 1350 631 1726 
3 1561 438 1558 
3 1731 438 1561 
3 1732 1460 1606 
3 1739 258 799 
3 799 258 4291 
3 1734 1592 1733 
3 801 252 1734 
3 1735 254 801 
3 1735 801 2158 
3 1725 802 1735 
3 2158 1725 1735 
3 1736 803 2157 
3 2140 1737 2134 
3 4898 1737 4994 
3 4898 804 1737 
3 1739 1605 2270 
3 4107 88 1579 
3 2491 88 4107 
3 4107 1579 1582 
3 4306 1740 4300 
3 2527 99 1747 
3 101 99 2527 
3 2462 94 1741 
3 2498 57 2462 
3 1742 121 4302 
3 1742 79 121 
3 4303 91 1743 
3 4305 64 1744 
3 64 34 1744 
3 4106 488 1581 
3 1585 488 4106 
3 1745 64 4305 
3 1746 59 102 
3 4306 59 1746 
3 1746 1740 4306 
3 2507 130 2530 
3 1584 1583 4307 
3 4309 1584 4307 
3 4307 179 1585 
3 1751 1562 1750 
3 2397 1750 4986 
3 1751 1750 2397 
3 1761 1752 1765 
3 1910 1752 1761 
3 1912 1752 1910 
3 1754 369 1753 
3 2275 1753 1904 
3 1754 1753 2275 
3 1762 1755 2272 
3 1911 1755 1762 
3 1905 1756 2271 
3 2271 1755 1905 
3 1906 1757 1772 
3 1772 1771 1906 
3 1907 1757 1906 
3 1758 1757 1909 
3 1772 1758 1927 
3 1772 1757 1758 
3 1759 1758 1909 
3 1760 1759 1909 
3 1760 376 1759 
3 1774 1761 1765 
3 1899 1761 1774 
3 1904 1762 1903 
3 1911 1762 1904 
3 1765 1764 1774 
3 1903 1766 2274 
3 1777 1767 2101 
3 2273 1766 1767 
3 2274 1766 2273 
3 1768 1762 2272 
3 1769 1768 2272 
3 1776 1769 2276 
3 1775 1769 1776 
3 1775 1768 1769 
3 1771 1770 2272 
3 1919 1770 1771 
3 1906 1771 2272 
3 2109 1771 1772 
3 1919 1771 2109 
3 2109 1772 1773 
3 1773 1772 1927 
3 1774 1764 2103 
3 1916 1774 2103 
3 1768 1766 1903 
3 1775 1766 1768 
3 1903 1762 1768 
3 1767 1766 1775 
3 1776 1767 1775 
3 2100 1767 1776 
3 1777 1764 1765 
3 1777 1765 2273 
3 2273 1765 2274 
3 1859 1778 1888 
3 1824 1779 1860 
3 1853 1780 1857 
3 1787 1781 1817 
3 1782 1781 1787 
3 1882 1782 1787 
3 1810 1782 1882 
3 1784 1783 1785 
3 1785 1783 1862 
3 1879 1785 1862 
3 1815 1785 1879 
3 1863 1784 1785 
3 1880 1784 1863 
3 1863 1785 1816 
3 1817 1786 1787 
3 1882 1787 1864 
3 1787 1786 1864 
3 1821 1788 1789 
3 1789 1788 1866 
3 1885 1789 1866 
3 1866 1820 1885 
3 1886 1789 1790 
3 1823 1790 1885 
3 1790 1789 1885 
3 1884 1823 1885 
3 1867 1792 1868 
3 1887 1792 1867 
3 1829 1792 1887 
3 1868 1792 1827 
3 1865 1792 1829 
3 1793 1792 1865 
3 1883 1792 1793 
3 1827 1792 1883 
3 1798 1794 1831 
3 1869 1794 1795 
3 1831 1794 1869 
3 1870 1797 1834 
3 1870 1796 1797 
3 1872 1797 1838 
3 1797 1796 1838 
3 1836 1797 1871 
3 1834 1797 1836 
3 1871 1797 1872 
3 1890 1836 1871 
3 1892 1799 1840 
3 1799 1794 1798 
3 1892 1794 1799 
3 1801 1800 1894 
3 1846 1800 1801 
3 1873 1800 1846 
3 1803 1802 1848 
3 1875 1803 1848 
3 1874 1841 1875 
3 1841 1803 1875 
3 1852 1803 1841 
3 1850 1802 1803 
3 1852 1804 1850 
3 1850 1803 1852 
3 1876 1805 1855 
3 1898 1805 1876 
3 1853 1805 1898 
3 1898 1876 1893 
3 1844 1806 1857 
3 1807 1806 1844 
3 1808 1806 1807 
3 1853 1806 1808 
3 1809 1781 1878 
3 1817 1781 1809 
3 1881 1810 1882 
3 2094 1810 1881 
3 1811 1810 2094 
3 1813 1810 1811 
3 1812 1783 1784 
3 1812 1784 1877 
3 1813 1811 2098 
3 1879 1813 2098 
3 1862 1813 1879 
3 1814 1784 1880 
3 1877 1784 1814 
3 1830 1818 2069 
3 1816 1815 2069 
3 1818 1816 2069 
3 1863 1816 1818 
3 1816 1785 1815 
3 1863 1818 1826 
3 1860 1819 1821 
3 1819 1788 1821 
3 1889 1820 1865 
3 1865 1839 1889 
3 1860 1821 1886 
3 1821 1789 1886 
3 2095 1822 1833 
3 2094 1822 2095 
3 1881 1822 2094 
3 1884 1822 1825 
3 1833 1822 1884 
3 1825 1823 1884 
3 1827 1791 1868 
3 1824 1791 1827 
3 1826 1825 1881 
3 1825 1822 1881 
3 1887 1825 1826 
3 1887 1823 1825 
3 1827 1779 1824 
3 1883 1779 1827 
3 1865 1828 1839 
3 1829 1828 1865 
3 1828 1818 1830 
3 1829 1818 1828 
3 1839 1828 2073 
3 1831 1778 1798 
3 1891 1832 1892 
3 1849 1832 1891 
3 1832 1795 1892 
3 1833 1795 1832 
3 1795 1794 1892 
3 1888 1834 1836 
3 1835 1795 1833 
3 1835 1796 1869 
3 1889 1796 1835 
3 1869 1795 1835 
3 1896 1837 2081 
3 1842 1837 1896 
3 1838 1837 1842 
3 1839 1837 1838 
3 1872 1838 1842 
3 1890 1778 1859 
3 1798 1778 1890 
3 1840 1799 1872 
3 1874 1840 1841 
3 1842 1840 1872 
3 1896 1841 1842 
3 1841 1840 1842 
3 1856 1804 1843 
3 1856 1844 1894 
3 1856 1843 1844 
3 1845 1807 1851 
3 1843 1807 1844 
3 1851 1807 1843 
3 1873 1846 1895 
3 1893 1847 1894 
3 2088 1847 1893 
3 1891 1847 1849 
3 1847 1801 1894 
3 1891 1801 1847 
3 1848 1802 1861 
3 1874 1801 1891 
3 1843 1804 1852 
3 2083 1843 1852 
3 1851 1843 2083 
3 2083 1896 2081 
3 2083 1852 1896 
3 1897 1805 1854 
3 1854 1805 1808 
3 1876 1855 2088 
3 1893 1876 2088 
3 1857 1780 1844 
3 1857 1806 1853 
3 1854 1808 1858 
3 1858 1807 1845 
3 1808 1807 1858 
3 1888 1836 1859 
3 1877 1809 1878 
3 1814 1809 1877 
3 1886 1824 1860 
3 1898 1780 1853 
3 1862 1810 1813 
3 1783 1782 1862 
3 1862 1782 1810 
3 1812 1782 1783 
3 1812 1781 1782 
3 1880 1863 1864 
3 1863 1826 1864 
3 1864 1786 1880 
3 1820 1793 1865 
3 1866 1793 1820 
3 1866 1788 1883 
3 1883 1793 1866 
3 1867 1790 1823 
3 1868 1790 1867 
3 1867 1823 1887 
3 1791 1790 1868 
3 1870 1831 1869 
3 1869 1796 1870 
3 1834 1831 1870 
3 1871 1798 1890 
3 1872 1799 1871 
3 1799 1798 1871 
3 1850 1804 1873 
3 1804 1800 1873 
3 1856 1800 1804 
3 1875 1846 1874 
3 1846 1801 1874 
3 1848 1846 1875 
3 1808 1805 1853 
3 1893 1844 1898 
3 1877 1781 1812 
3 1878 1781 1877 
3 2067 1879 2098 
3 2067 1815 1879 
3 1814 1786 1817 
3 1880 1786 1814 
3 1817 1809 1814 
3 1882 1826 1881 
3 1864 1826 1882 
3 1819 1779 1883 
3 1883 1788 1819 
3 1860 1779 1819 
3 1835 1833 1884 
3 1884 1820 1835 
3 1835 1820 1889 
3 1885 1820 1884 
3 1886 1790 1791 
3 1886 1791 1824 
3 1887 1826 1829 
3 1826 1818 1829 
3 1888 1831 1834 
3 1888 1778 1831 
3 1839 1838 1889 
3 1838 1796 1889 
3 1859 1836 1890 
3 1892 1874 1891 
3 1892 1840 1874 
3 1895 1802 1850 
3 1861 1802 1895 
3 1895 1850 1873 
3 1894 1844 1893 
3 1894 1800 1856 
3 1895 1846 1848 
3 1895 1848 1861 
3 1852 1841 1896 
3 2089 1855 1897 
3 1855 1805 1897 
3 1844 1780 1898 
3 1899 1774 1914 
3 1914 1774 1916 
3 1913 1900 1915 
3 1913 1899 1900 
3 1918 1901 1914 
3 1910 1902 1912 
3 2274 1763 1903 
3 1904 1763 2275 
3 1903 1763 1904 
3 1905 1755 1911 
3 1905 370 1756 
3 1907 1755 2271 
3 1906 1755 1907 
3 1907 373 1908 
3 2271 373 1907 
3 1908 1757 1907 
3 1908 1760 1909 
3 1909 1757 1908 
3 1910 368 1902 
3 529 368 1910 
3 1913 1761 1899 
3 1910 1761 1913 
3 1753 370 1905 
3 1753 369 370 
3 1904 1753 1911 
3 1911 1753 1905 
3 1902 1754 2275 
3 1912 1902 2275 
3 1913 529 1910 
3 1901 1900 1914 
3 1900 1899 1914 
3 1901 1759 1900 
3 1900 376 1915 
3 1759 376 1900 
3 1923 1916 2103 
3 1918 1917 1926 
3 1917 1916 1923 
3 1918 1916 1917 
3 1918 1914 1916 
3 1920 1919 2030 
3 2030 1919 2109 
3 1920 1770 1919 
3 2102 1776 1921 
3 2102 1921 2028 
3 1921 1776 2276 
3 2105 1923 2103 
3 2019 1923 2105 
3 1924 1917 1923 
3 1924 1923 2019 
3 1925 1917 1924 
3 1925 1924 2018 
3 1926 1917 2110 
3 2110 1917 1925 
3 1926 1773 1927 
3 2110 1773 1926 
3 1926 1901 1918 
3 1927 1901 1926 
3 1901 1758 1759 
3 1927 1758 1901 
3 2099 1928 1938 
3 2096 1928 2099 
3 1930 1928 2096 
3 2096 1929 1932 
3 1932 1930 2096 
3 1949 1928 1930 
3 1933 1931 1932 
3 1933 1932 2093 
3 1931 1930 1932 
3 2091 1935 1952 
3 1952 1931 1933 
3 2091 1933 2090 
3 1952 1933 2091 
3 1954 1934 1956 
3 1935 1934 1954 
3 1952 1935 1954 
3 1942 1934 1936 
3 1956 1934 1942 
3 2087 1934 1935 
3 1936 1934 2087 
3 1938 1937 1939 
3 1984 1937 1938 
3 1938 1928 1984 
3 1939 1937 2032 
3 2068 1938 1939 
3 1944 1940 2032 
3 1940 1939 2032 
3 2038 1936 1941 
3 1942 1936 2038 
3 2071 1943 2077 
3 1944 1943 2071 
3 2071 1940 1944 
3 1946 1945 2035 
3 1945 1943 2035 
3 2077 1943 1945 
3 1947 1946 2037 
3 2084 1946 1947 
3 2080 1946 2084 
3 2080 1945 1946 
3 2038 1941 1947 
3 2038 1947 2037 
3 1947 1941 2086 
3 1949 1948 1989 
3 1948 1930 1931 
3 1949 1930 1948 
3 1986 1948 1950 
3 1948 1931 1950 
3 1954 1951 1952 
3 1986 1950 1951 
3 1950 1931 1952 
3 1951 1950 1952 
3 1956 1953 1954 
3 1953 1951 1954 
3 1960 1955 2006 
3 1956 1955 1960 
3 2006 1959 1960 
3 1960 1953 1956 
3 1956 1942 1955 
3 1966 1957 1962 
3 1958 1957 1966 
3 1985 1958 2107 
3 2107 1958 1966 
3 1985 1953 1958 
3 1958 1953 1960 
3 1985 1951 1953 
3 2005 1957 1959 
3 1962 1957 2005 
3 1960 1957 1958 
3 1959 1957 1960 
3 1962 1961 1964 
3 2007 1961 1962 
3 2007 1962 2005 
3 2010 1963 2011 
3 2011 1963 1969 
3 1965 1961 2008 
3 1964 1961 1965 
3 2011 1969 2009 
3 1969 1965 2009 
3 1966 1962 1967 
3 1967 1962 1964 
3 1967 1964 1968 
3 1968 1965 1969 
3 1968 1964 1965 
3 2278 1968 1969 
3 2283 1968 2278 
3 1969 1963 2278 
3 2277 1970 1973 
3 1972 1970 1971 
3 1975 1970 1972 
3 1972 1971 1981 
3 1974 1973 1975 
3 1973 1970 1975 
3 2029 1973 1974 
3 2029 1974 2027 
3 1976 1975 1977 
3 1976 1974 1975 
3 1978 1976 1977 
3 1979 1972 1981 
3 1977 1972 1979 
3 1975 1972 1977 
3 2280 1978 1979 
3 2023 1978 2280 
3 2280 1979 1980 
3 1978 1977 1979 
3 2015 1980 1981 
3 1980 1979 1981 
3 1984 1928 1949 
3 1982 1949 1989 
3 1984 1949 1982 
3 1994 1983 1992 
3 1984 1983 1994 
3 1994 1937 1984 
3 1984 1982 1983 
3 2017 1985 2107 
3 1986 1985 2017 
3 1986 1951 1985 
3 1988 1986 2017 
3 1988 1948 1986 
3 2018 1987 1988 
3 1988 1987 1989 
3 1989 1948 1988 
3 1990 1982 1989 
3 1983 1982 1990 
3 1989 1987 1990 
3 1991 1990 2002 
3 1990 1987 2002 
3 1992 1991 1995 
3 1992 1983 1990 
3 1992 1990 1991 
3 1993 1991 2003 
3 1995 1991 1993 
3 1994 1992 2046 
3 2032 1937 1994 
3 2046 1992 1995 
3 2052 1993 1996 
3 1995 1993 2052 
3 1997 1993 2003 
3 1996 1993 1997 
3 2016 1997 2279 
3 1999 1980 1998 
3 1998 1980 2015 
3 2000 1999 2279 
3 2282 1999 2000 
3 2001 2000 2279 
3 2279 1997 2001 
3 2021 2001 2003 
3 2001 1997 2003 
3 2003 2002 2020 
3 2002 1987 2020 
3 2003 1991 2002 
3 1955 1942 2038 
3 2004 1955 2038 
3 2006 1955 2004 
3 2005 1959 2040 
3 2047 2005 2040 
3 2040 1959 2006 
3 2007 2005 2047 
3 2048 2007 2047 
3 2048 1961 2007 
3 2008 1961 2048 
3 2059 2009 2058 
3 2009 2008 2058 
3 2011 2009 2059 
3 2009 1965 2008 
3 2059 2010 2011 
3 2277 2010 2012 
3 2066 1971 2013 
3 1971 1970 2013 
3 2014 1971 2066 
3 1981 1971 2014 
3 2015 2014 2064 
3 2015 1981 2014 
3 2284 1998 2015 
3 2284 2015 2064 
3 2281 2016 2279 
3 2016 1996 1997 
3 2017 1925 2018 
3 2107 1925 2017 
3 2020 1924 2019 
3 2018 1924 2020 
3 2020 1987 2018 
3 2018 1988 2017 
3 2020 2019 2021 
3 2021 2003 2020 
3 2022 2001 2021 
3 2022 2021 2105 
3 2021 2019 2105 
3 2282 2022 2104 
3 2282 2000 2022 
3 2022 2000 2001 
3 2282 2104 2285 
3 2024 2023 2285 
3 2025 2023 2024 
3 2026 1978 2023 
3 2026 2023 2025 
3 2026 2025 2028 
3 2026 1976 1978 
3 2028 1976 2026 
3 2027 1921 1922 
3 2028 1921 2027 
3 2027 1974 1976 
3 2027 1976 2028 
3 2027 1922 2029 
3 2283 1920 2030 
3 2030 1968 2283 
3 2033 2031 2046 
3 2031 1944 2032 
3 2031 1994 2046 
3 2032 1994 2031 
3 2035 1943 2033 
3 2031 1943 1944 
3 2033 1943 2031 
3 2035 2033 2034 
3 2037 1946 2035 
3 2036 2034 2043 
3 2037 2034 2036 
3 2035 2034 2037 
3 2039 2004 2036 
3 2006 2004 2039 
3 2037 2004 2038 
3 2036 2004 2037 
3 2040 2039 2042 
3 2040 2006 2039 
3 2047 2040 2042 
3 2041 2036 2043 
3 2039 2036 2041 
3 2042 2039 2041 
3 2042 2041 2051 
3 2051 2041 2045 
3 2045 2041 2043 
3 2044 2033 2046 
3 2034 2033 2044 
3 2045 2043 2044 
3 2045 2044 2052 
3 2043 2034 2044 
3 2046 1995 2052 
3 2052 2044 2046 
3 2048 2047 2049 
3 2047 2042 2049 
3 2057 2008 2048 
3 2049 2042 2051 
3 2057 2049 2050 
3 2057 2048 2049 
3 2050 2049 2051 
3 2053 2050 2051 
3 2051 2045 2053 
3 2053 2045 2052 
3 2054 2050 2053 
3 2052 1996 2053 
3 2053 1996 2054 
3 2054 1996 2016 
3 2054 2016 2062 
3 2055 2054 2062 
3 2055 2050 2054 
3 2061 2055 2062 
3 2057 2056 2058 
3 2057 2055 2056 
3 2057 2050 2055 
3 2058 2008 2057 
3 2058 2056 2059 
3 2059 2056 2060 
3 2060 2010 2059 
3 2012 2010 2060 
3 2060 2056 2061 
3 2056 2055 2061 
3 2284 2061 2062 
3 2065 2061 2284 
3 2062 2016 2281 
3 2063 2012 2060 
3 2066 2013 2063 
3 2064 2014 2066 
3 2284 2064 2065 
3 2065 2060 2061 
3 2063 2060 2065 
3 2066 2063 2065 
3 2065 2064 2066 
3 2068 2067 2098 
3 2069 2067 2070 
3 2074 2069 2070 
3 2069 1815 2067 
3 2070 2067 2068 
3 2068 1939 1940 
3 2068 1940 2070 
3 2072 2071 2077 
3 2074 2071 2072 
3 2073 2072 2078 
3 2074 2072 2073 
3 2070 1940 2071 
3 2074 1830 2069 
3 2073 1830 2074 
3 2073 1828 1830 
3 2074 2070 2071 
3 2076 1945 2080 
3 2075 1945 2076 
3 2077 1945 2075 
3 2081 2075 2076 
3 2073 1837 1839 
3 2078 1837 2073 
3 2081 1837 2078 
3 2075 2072 2077 
3 2078 2072 2075 
3 2078 2075 2081 
3 1858 1845 2079 
3 2084 2079 2080 
3 2085 2079 2084 
3 2079 2076 2080 
3 2082 1845 1851 
3 2079 1845 2082 
3 2083 2081 2082 
3 2082 2076 2079 
3 2081 2076 2082 
3 2082 1851 2083 
3 2084 1947 2086 
3 2085 1858 2079 
3 2085 1854 1858 
3 2086 1854 2085 
3 2085 2084 2086 
3 2086 1941 2087 
3 1941 1936 2087 
3 2087 1897 2086 
3 1897 1854 2086 
3 2089 1897 2087 
3 2091 2088 2089 
3 2088 1855 2089 
3 2089 1935 2091 
3 2087 1935 2089 
3 2093 1849 2090 
3 2090 1847 2088 
3 1849 1847 2090 
3 2090 2088 2091 
3 2092 1849 2093 
3 2093 1929 2092 
3 2092 1832 1849 
3 1833 1832 2092 
3 1932 1929 2093 
3 2090 1933 2093 
3 2092 1929 2095 
3 2095 1833 2092 
3 2097 1929 2096 
3 2095 1929 2097 
3 2097 2094 2095 
3 2097 2096 2099 
3 2097 1811 2094 
3 2099 1811 2097 
3 2098 1938 2068 
3 2099 1938 2098 
3 2098 1811 2099 
3 2100 2024 2101 
3 2025 2024 2100 
3 2101 1767 2100 
3 2028 2025 2102 
3 2102 2025 2100 
3 2100 1776 2102 
3 2103 1764 2104 
3 2104 2022 2105 
3 2285 1764 1777 
3 2104 1764 2285 
3 2105 2103 2104 
3 2106 1966 1967 
3 2107 1966 2106 
3 2106 1967 2108 
3 2106 1925 2107 
3 2110 1925 2106 
3 2108 1968 2030 
3 2108 1967 1968 
3 2109 1773 2110 
3 2108 2030 2109 
3 2110 2106 2108 
3 2110 2108 2109 
3 2111 233 885 
3 2113 885 2112 
3 1538 427 481 
3 3298 427 1538 
3 2164 2116 2117 
3 2117 336 2164 
3 2164 1670 2115 
3 2164 2115 2116 
3 2116 2115 2163 
3 410 346 2163 
3 2115 410 2163 
3 2116 339 2117 
3 283 261 2118 
3 569 261 1465 
3 2121 266 2119 
3 2120 636 681 
3 2120 681 2119 
3 2121 513 2136 
3 2119 513 2121 
3 2136 277 2121 
3 2122 653 2128 
3 2132 653 2122 
3 2123 1608 1609 
3 1633 1608 2123 
3 1609 1607 2123 
3 2125 336 2124 
3 2124 336 2150 
3 2124 334 2151 
3 2125 523 2164 
3 2164 336 2125 
3 2151 328 2126 
3 2126 328 587 
3 2137 415 2127 
3 2137 2127 2146 
3 2128 653 2142 
3 2142 803 2128 
3 2126 587 2129 
3 2129 403 2126 
3 519 403 2129 
3 2130 2124 2151 
3 2151 2126 2130 
3 2122 620 2192 
3 2131 2122 2192 
3 2132 2122 2131 
3 2120 267 2133 
3 2133 637 2120 
3 2139 637 2133 
3 2128 803 2134 
3 2134 803 2140 
3 1465 261 2135 
3 1631 1607 2136 
3 2123 1607 1631 
3 1607 277 2136 
3 2137 294 1609 
3 2146 294 2137 
3 2138 637 2139 
3 2183 637 2138 
3 2193 2139 2154 
3 2193 2138 2139 
3 1736 1725 2135 
3 2299 629 2165 
3 2140 803 1736 
3 2142 263 2157 
3 653 263 2142 
3 2143 265 638 
3 267 266 2143 
3 638 267 2143 
3 2144 260 265 
3 1623 260 2144 
3 2159 294 2145 
3 2146 590 1617 
3 2127 590 2146 
3 2153 590 2127 
3 2147 398 2148 
3 2152 2147 2148 
3 2148 325 2152 
3 2149 399 405 
3 490 399 2149 
3 399 335 405 
3 339 335 2150 
3 2117 339 2150 
3 398 328 2151 
3 398 334 399 
3 2151 334 398 
3 2141 569 1464 
3 2152 590 2153 
3 2153 2147 2152 
3 587 328 2153 
3 2161 2131 2154 
3 2161 2154 2171 
3 2154 2131 2193 
3 1727 1347 2166 
3 2155 433 619 
3 2155 619 2194 
3 289 263 2156 
3 1699 289 2156 
3 1727 1348 2162 
3 2166 1348 1727 
3 2158 569 1465 
3 1464 569 2158 
3 1615 300 2159 
3 2145 1615 2159 
3 2145 1617 2160 
3 1624 301 2160 
3 2156 2132 2161 
3 2132 2131 2161 
3 2158 1465 1725 
3 2157 1725 1736 
3 2163 339 2116 
3 348 339 2163 
3 2164 524 1670 
3 2164 523 524 
3 1437 556 2166 
3 2392 1437 2166 
3 2165 556 1438 
3 2166 556 2165 
3 2166 1347 2392 
3 1696 395 2167 
3 1707 395 1696 
3 2168 621 2169 
3 2169 2167 2168 
3 2168 2167 2182 
3 2169 1696 2167 
3 2170 489 1702 
3 2171 489 2170 
3 2170 1703 2171 
3 2171 1703 2161 
3 1710 1598 1711 
3 1711 1598 2173 
3 2286 1712 2269 
3 1748 1698 4308 
3 2174 1698 1748 
3 2175 672 1749 
3 2174 672 2175 
3 4263 672 2174 
3 2174 1748 4263 
3 2188 380 2177 
3 2176 1749 2172 
3 2175 1749 2176 
3 2177 1709 2188 
3 2176 1709 2177 
3 2172 1709 2176 
3 2178 1588 2190 
3 2190 1700 2178 
3 2231 2180 2187 
3 2187 1701 2231 
3 2288 431 2180 
3 2268 431 2288 
3 2288 2180 2231 
3 1702 489 2181 
3 2181 639 2178 
3 2178 1702 2181 
3 2138 1705 2183 
3 2183 1705 2182 
3 2182 397 2183 
3 2184 428 429 
3 1706 428 2287 
3 2184 429 1698 
3 2226 1698 2174 
3 2185 2174 2175 
3 2186 457 634 
3 2179 457 2186 
3 2187 457 2179 
3 2179 1701 2187 
3 4728 380 2188 
3 654 512 671 
3 655 654 2189 
3 655 380 4728 
3 2189 380 655 
3 2191 1712 2253 
3 2309 1713 2191 
3 4752 1713 2309 
3 2192 2138 2193 
3 2193 2131 2192 
3 2194 619 2154 
3 2154 2139 2194 
3 2139 2133 2194 
3 2242 2195 2244 
3 2242 1451 2195 
3 1591 1589 2196 
3 434 302 2197 
3 302 274 2197 
3 2198 439 2247 
3 1642 274 2260 
3 2197 274 2199 
3 315 314 592 
3 2261 314 315 
3 2200 317 2201 
3 2201 318 2200 
3 626 330 2201 
3 330 318 2201 
3 337 319 2202 
3 2200 319 337 
3 2203 343 2202 
3 2204 371 1756 
3 425 269 2207 
3 2205 401 2201 
3 592 401 2205 
3 2206 413 2203 
3 2203 1668 2206 
3 2876 2207 4777 
3 4777 270 4776 
3 2207 270 4777 
3 441 302 2196 
3 2196 302 434 
3 1588 441 2196 
3 2384 437 2209 
3 2210 439 2249 
3 2227 502 2213 
3 2211 502 2212 
3 2213 502 2211 
3 2213 2211 2214 
3 2213 613 2227 
3 2214 613 2213 
3 2211 305 2214 
3 613 504 615 
3 2215 1507 1508 
3 2215 1508 2248 
3 1508 566 2248 
3 2217 2211 2212 
3 2217 303 304 
3 2219 303 2217 
3 2217 304 2211 
3 2217 2212 2218 
3 2212 576 2218 
3 2219 2217 2218 
3 2216 303 2219 
3 2218 579 2219 
3 2220 582 2221 
3 582 297 2221 
3 2256 297 582 
3 2221 1636 2220 
3 1637 1636 2221 
3 2221 295 1637 
3 2222 584 2260 
3 2261 584 2222 
3 401 314 2223 
3 2224 601 1673 
3 2262 601 2224 
3 2266 608 2225 
3 2225 363 2266 
3 2226 2185 2227 
3 1698 614 2184 
3 2226 614 1698 
3 2226 2174 2185 
3 2227 2185 2228 
3 2229 379 381 
3 2228 379 2229 
3 2175 379 2228 
3 2185 2175 2228 
3 2230 632 2288 
3 2230 467 632 
3 2195 643 2244 
3 2232 299 1610 
3 2232 1610 1635 
3 658 657 2233 
3 2232 657 658 
3 657 326 2233 
3 2234 658 2233 
3 2234 327 658 
3 2235 333 2236 
3 661 322 2236 
3 2236 660 661 
3 660 316 662 
3 2237 661 662 
3 661 660 662 
3 2265 340 2237 
3 2238 599 2239 
3 1648 663 2263 
3 2239 663 1648 
3 1680 664 2267 
3 2240 664 1680 
3 369 360 612 
3 665 360 369 
3 665 369 1754 
3 2346 437 1442 
3 2242 1450 1451 
3 2242 869 1450 
3 2252 821 1470 
3 1450 869 2243 
3 2243 1449 1450 
3 2244 818 874 
3 1470 821 872 
3 1470 872 1515 
3 2243 236 1448 
3 1606 438 1726 
3 631 426 2246 
3 2246 1355 2247 
3 2247 1439 2198 
3 2247 1355 1439 
3 1605 1461 2270 
3 1721 271 1461 
3 2386 2215 2248 
3 817 566 2249 
3 2249 566 1508 
3 2241 1490 1510 
3 1490 218 1510 
3 1513 1446 1447 
3 2251 1446 1513 
3 1448 236 2250 
3 2253 1591 1602 
3 2173 1595 2286 
3 1601 1599 2254 
3 2254 1600 2270 
3 1606 1460 2255 
3 1635 1610 2256 
3 2259 2257 2258 
3 1639 579 2257 
3 2257 1636 1639 
3 2257 1618 1636 
3 1636 1618 2220 
3 2259 1618 2257 
3 2260 1621 2222 
3 2261 315 1641 
3 1641 584 2261 
3 2262 600 1659 
3 1661 600 2262 
3 2263 663 1663 
3 1663 664 2263 
3 2263 664 2240 
3 601 414 2264 
3 1673 601 2264 
3 2265 352 2238 
3 2238 1677 2265 
3 2204 607 1693 
3 2266 607 608 
3 1693 607 2266 
3 2267 360 361 
3 2267 361 1680 
3 2268 1706 2287 
3 2268 632 633 
3 2288 632 2268 
3 2269 1599 1711 
3 2269 1711 2173 
3 1726 631 1459 
3 1732 1606 1726 
3 1726 1459 1732 
3 2270 1596 1738 
3 2270 1461 1596 
3 2271 371 373 
3 1756 371 2271 
3 1763 1752 1912 
3 2274 1752 1763 
3 1765 1752 2274 
3 1770 1769 2272 
3 2276 1769 1770 
3 2273 1767 1777 
3 2272 1755 1906 
3 2275 1763 1912 
3 2276 1770 1920 
3 2276 1920 1922 
3 1922 1921 2276 
3 2277 1963 2010 
3 1973 1963 2277 
3 2278 1963 1973 
3 2278 1973 2029 
3 2278 2029 2283 
3 2279 1998 2281 
3 1999 1998 2279 
3 2280 1999 2282 
3 2280 1980 1999 
3 2277 2012 2013 
3 2013 1970 2277 
3 2281 1998 2284 
3 2282 2023 2280 
3 2285 2023 2282 
3 2029 1922 2283 
3 1922 1920 2283 
3 2013 2012 2063 
3 2284 2062 2281 
3 2101 2024 2285 
3 2285 1777 2101 
3 2269 2173 2286 
3 616 428 2184 
3 2287 428 616 
3 2287 431 2268 
3 1367 208 2327 
3 2305 1367 2327 
3 2327 208 284 
3 2289 213 2333 
3 2333 213 673 
3 2289 240 2290 
3 2165 1434 2299 
3 1438 1434 2165 
3 1463 261 283 
3 1463 283 2291 
3 2293 262 420 
3 2293 420 421 
3 476 203 2294 
3 2295 623 2296 
3 2295 420 2306 
3 2296 420 2295 
3 2297 213 482 
3 2298 673 2297 
3 673 213 2297 
3 1737 804 2293 
3 2134 1737 2293 
3 2298 476 880 
3 2302 1434 1438 
3 2301 1440 1491 
3 2301 1491 1535 
3 2302 1438 2292 
3 2292 284 2302 
3 1430 813 1491 
3 2303 1425 1511 
3 2301 1535 2304 
3 2347 1534 2304 
3 2304 1534 2301 
3 2305 1566 1567 
3 2300 1566 2305 
3 2306 1715 1716 
3 1720 1714 1716 
3 2307 1720 2404 
3 2307 1714 1720 
3 2140 1463 1724 
3 2308 2118 2299 
3 2118 629 2299 
3 4752 2309 4899 
3 108 10 135 
3 2311 10 108 
3 2311 80 2312 
3 80 70 2312 
3 2313 70 138 
3 48 24 786 
3 786 24 2313 
3 2313 138 786 
3 778 48 786 
3 778 776 2314 
3 2314 48 778 
3 74 48 2314 
3 2317 785 2315 
3 785 176 2315 
3 2318 185 2316 
3 2316 183 785 
3 2316 785 2317 
3 2318 2316 2317 
3 2317 2315 2318 
3 2315 137 178 
3 2315 178 2318 
3 785 183 784 
3 2321 779 2320 
3 2320 795 2321 
3 2322 159 160 
3 2321 159 2322 
3 795 159 2321 
3 2322 160 2323 
3 160 154 2323 
3 2323 154 168 
3 2323 168 171 
3 2324 169 171 
3 2388 195 2328 
3 2390 201 2326 
3 2327 552 2305 
3 2292 202 2327 
3 2352 188 1358 
3 1359 188 2352 
3 2338 475 2328 
3 2330 471 2329 
3 473 471 2330 
3 2330 472 473 
3 833 474 2332 
3 834 474 833 
3 1453 833 2332 
3 2332 474 2335 
3 2335 453 2332 
3 1358 188 2383 
3 416 202 2343 
3 552 202 416 
3 673 487 2333 
3 1441 437 2384 
3 849 472 2334 
3 2334 453 2335 
3 2335 849 2334 
3 2348 487 2336 
3 496 418 2337 
3 1364 496 1363 
3 550 418 2339 
3 2338 550 2339 
3 2339 418 419 
3 2329 471 770 
3 2329 770 2340 
3 1437 202 556 
3 552 416 2341 
3 2342 643 2385 
3 775 416 2343 
3 2344 759 2345 
3 2344 675 2357 
3 2357 1365 2344 
3 2345 759 2340 
3 2345 675 2344 
3 2359 814 1533 
3 1533 814 871 
3 2346 873 2382 
3 818 643 2380 
3 2333 820 2347 
3 824 487 2348 
3 2349 487 824 
3 871 814 2349 
3 2349 814 820 
3 2298 880 2336 
3 2351 875 2350 
3 2350 856 2348 
3 2351 880 2326 
3 2350 880 2351 
3 1530 875 2351 
3 2388 1530 2351 
3 1368 1358 2400 
3 2352 1358 1368 
3 1567 1359 2352 
3 1566 1359 1567 
3 2353 2300 2389 
3 2355 1361 2354 
3 1362 1361 2355 
3 1362 768 1473 
3 2355 768 1362 
3 685 674 1364 
3 2357 674 685 
3 675 674 2357 
3 771 674 675 
3 2343 202 1437 
3 2358 437 1441 
3 1442 437 2358 
3 2360 227 1484 
3 1454 227 2360 
3 2361 1519 2380 
3 1468 212 2381 
3 1490 212 1468 
3 2366 2362 2363 
3 2366 1476 2362 
3 2362 1472 1473 
3 1476 1472 2362 
3 2362 768 769 
3 1473 768 2362 
3 1474 543 1477 
3 2365 543 1474 
3 2366 554 2365 
3 2365 1476 2366 
3 554 543 2365 
3 2364 543 554 
3 2371 2367 2368 
3 2367 1479 2369 
3 2371 1478 2367 
3 1479 1477 2369 
3 2369 543 2364 
3 1477 543 2369 
3 2368 2367 2369 
3 2370 1481 2371 
3 2370 1480 1481 
3 2374 1480 2370 
3 2371 219 2370 
3 2368 219 2371 
3 1483 1319 2372 
3 2374 1319 1483 
3 2374 449 1319 
3 2373 449 2374 
3 2374 2370 2373 
3 2377 2375 2376 
3 2375 242 2372 
3 2377 1486 2375 
3 2375 2372 2376 
3 2372 1319 2376 
3 1319 229 2376 
3 2378 1486 2377 
3 1487 1486 2378 
3 1488 1487 2378 
3 2215 1488 2378 
3 2386 1488 2215 
3 2386 2248 2379 
3 1523 1489 2379 
3 1523 1468 2381 
3 1534 820 2358 
3 820 814 2358 
3 2341 2300 2305 
3 2389 2300 2341 
3 2395 2383 4972 
3 2400 1358 2395 
3 2384 212 2241 
3 2385 1454 2360 
3 2195 1454 2385 
3 2385 643 2195 
3 2346 1442 2245 
3 2245 1442 2359 
3 2386 2342 2385 
3 2385 1488 2386 
3 2325 2294 2387 
3 2387 1566 2391 
3 2351 2326 2388 
3 2326 201 2388 
3 201 195 2388 
3 1360 201 2353 
3 1360 195 201 
3 2389 1360 2353 
3 2326 880 2390 
3 880 476 2390 
3 2325 201 2390 
3 2391 201 2325 
3 2353 201 2391 
3 2391 2300 2353 
3 2391 1566 2300 
3 4982 1561 2393 
3 2393 1558 2394 
3 1561 1558 2393 
3 4983 2393 2394 
3 4972 1587 4984 
3 4985 2396 2397 
3 4082 2396 4985 
3 2397 1560 1751 
3 2396 1560 2397 
3 2399 1563 2398 
3 2399 2398 4988 
3 2402 1563 2399 
3 2400 2395 4990 
3 4990 1586 2400 
3 2401 1564 2402 
3 4992 2402 4991 
3 4992 2401 2402 
3 1724 1723 4994 
3 1565 1555 2403 
3 2404 1720 4995 
3 493 262 2950 
3 4996 493 2950 
3 4997 262 2406 
3 2950 262 4997 
3 4291 258 2310 
3 2409 2408 2419 
3 2431 2409 2519 
3 2424 2418 2470 
3 2448 2422 2441 
3 2448 2441 2465 
3 2466 2411 2439 
3 2489 2410 4301 
3 2496 2411 2466 
3 2411 2410 2439 
3 2413 2412 2504 
3 2509 2413 2504 
3 2529 2412 2414 
3 4301 2410 2413 
3 2498 2413 2509 
3 2462 2413 2498 
3 2412 2411 2414 
3 2492 2421 2524 
3 3322 2416 3308 
3 2457 2416 3322 
3 2492 2416 2457 
3 2524 2416 2492 
3 4107 2417 3321 
3 2506 2469 2533 
3 2445 2419 2505 
3 2420 2419 2445 
3 2420 2409 2419 
3 2519 2409 2420 
3 2422 2421 2441 
3 2510 2421 2422 
3 2510 2422 2525 
3 2523 2427 2525 
3 2428 2427 2523 
3 3317 2423 2511 
3 2511 2423 2526 
3 4902 2447 2450 
3 2447 2446 2450 
3 2446 2425 2451 
3 2453 2450 2451 
3 2452 2450 2453 
3 2452 2426 2450 
3 2476 2428 2523 
3 2526 2427 2428 
3 2512 2427 2526 
3 2526 2428 3288 
3 2451 2443 2453 
3 2479 2430 2432 
3 2479 2429 2430 
3 2444 2436 2484 
3 4903 2426 4904 
3 3286 2432 3283 
3 2438 2433 2437 
3 3290 2433 2438 
3 2459 2438 2444 
3 2438 2436 2444 
3 2508 2502 2518 
3 3285 2434 3297 
3 2437 2436 2438 
3 3795 2436 2437 
3 3297 2434 2518 
3 2520 2459 2508 
3 2508 2434 2520 
3 2531 2410 2489 
3 2439 2410 2531 
3 4304 2464 2500 
3 2464 2440 2500 
3 2468 2465 2466 
3 2465 2441 2466 
3 4900 2534 3789 
3 2448 2424 2488 
3 2431 2424 2470 
3 2494 2442 2513 
3 2494 2425 2442 
3 4303 2443 2451 
3 2483 2478 2480 
3 2483 2480 4302 
3 2501 2444 2484 
3 4306 2445 2505 
3 4300 2445 4306 
3 2425 2420 2442 
3 2442 2420 2445 
3 2519 2420 2446 
3 2446 2420 2425 
3 2519 2446 2447 
3 2519 2447 4901 
3 2449 2422 2448 
3 2525 2422 2449 
3 2525 2449 2475 
3 4902 2426 4903 
3 2450 2426 4902 
3 2450 2446 2451 
3 2451 2425 2494 
3 4303 2451 2494 
3 2479 2426 2452 
3 2478 2453 2454 
3 2478 2452 2453 
3 2453 2443 2454 
3 4904 2426 2479 
3 2454 2443 2495 
3 3318 2435 2456 
3 2529 2461 2504 
3 2512 2423 3319 
3 3288 2458 2526 
3 2526 2458 2511 
3 3289 2520 3288 
3 2520 2434 3288 
3 2518 2434 2508 
3 2528 2444 2460 
3 2459 2444 2528 
3 2460 55 127 
3 2460 127 2528 
3 3320 2456 2463 
3 3318 2456 3320 
3 2463 2456 4105 
3 2505 2419 2440 
3 2419 2408 2440 
3 2464 59 2505 
3 1744 59 2464 
3 2532 2409 2431 
3 2532 2408 2409 
3 2465 2418 2448 
3 2499 2467 3790 
3 2467 2408 2532 
3 2534 2418 2465 
3 2468 2439 2531 
3 2500 2467 2499 
3 2499 2469 2522 
3 4304 2499 2522 
3 2522 2489 2497 
3 2506 2489 2522 
3 2534 2465 2468 
3 2552 2437 2471 
3 2471 2433 3304 
3 2437 2433 2471 
3 2554 2472 2551 
3 2545 2473 2544 
3 2538 2474 2537 
3 2488 2477 2517 
3 4901 2477 2488 
3 2551 2475 2487 
3 2523 2472 2476 
3 3791 2472 3792 
3 2476 2472 3791 
3 2517 2477 2538 
3 2477 2474 2538 
3 2478 2429 2452 
3 2452 2429 2479 
3 2480 2478 2516 
3 2478 2454 2516 
3 2480 1742 4302 
3 2514 2430 2481 
3 2482 2430 2514 
3 2432 2430 2482 
3 3283 2482 3793 
3 3283 2432 2482 
3 2481 2430 2483 
3 2515 2483 4302 
3 2515 2481 2483 
3 2550 2488 2517 
3 2514 2484 2485 
3 2486 2484 2514 
3 2485 2436 3795 
3 2484 2436 2485 
3 2521 2485 3795 
3 3795 2437 2552 
3 2501 2484 2486 
3 2535 2501 2515 
3 2501 2486 2515 
3 2554 2551 3287 
3 2551 2472 2523 
3 2493 2488 2550 
3 2550 2487 2493 
3 2493 2448 2488 
3 3320 2415 2490 
3 3320 2463 2491 
3 3320 2491 3321 
3 4301 1741 2497 
3 2492 2457 2466 
3 2466 2441 2492 
3 2487 2475 2493 
3 2475 2449 2493 
3 2522 2497 4305 
3 2494 91 4303 
3 2513 91 2494 
3 2495 92 2516 
3 2516 2454 2495 
3 2455 2414 2496 
3 2414 2411 2496 
3 2457 2455 2496 
3 3322 2455 2457 
3 2417 1580 3415 
3 4301 2413 2462 
3 2413 2410 2412 
3 3790 2469 2499 
3 2440 2408 2500 
3 2500 2408 2467 
3 2483 2429 2478 
3 2430 2429 2483 
3 2460 2444 2501 
3 2518 2502 2657 
3 4300 2442 2445 
3 2527 2502 2508 
3 2527 2508 2528 
3 2505 2440 2464 
3 2500 2499 4304 
3 2531 2489 2506 
3 2497 2489 4301 
3 2461 2414 2455 
3 2529 2414 2461 
3 2530 2503 2507 
3 2466 2439 2468 
3 2466 2457 2496 
3 2508 2459 2528 
3 2530 130 2509 
3 2509 2504 2530 
3 2509 130 2498 
3 2504 2461 2530 
3 2510 2427 2512 
3 2525 2427 2510 
3 3319 2490 2512 
3 2512 2490 2510 
3 2520 2438 2459 
3 3290 2438 2520 
3 2526 2423 2512 
3 2513 2442 4300 
3 2515 83 2535 
3 2514 2481 2486 
3 2485 2482 2514 
3 2521 2482 2485 
3 2486 2481 2515 
3 2516 114 2480 
3 2583 2517 4910 
3 4105 2456 4106 
3 2511 2458 3296 
3 2502 1747 2657 
3 2448 2418 2424 
3 4901 2431 2519 
3 3290 2520 3289 
3 3793 2482 2521 
3 2533 2469 3790 
3 2488 2424 4901 
3 2523 2475 2551 
3 2421 2415 2524 
3 2490 2415 2421 
3 2525 2475 2523 
3 2490 2421 2510 
3 2528 127 2527 
3 2504 2412 2529 
3 2412 2410 2411 
3 3789 2531 2533 
3 4900 2470 2534 
3 2441 2421 2492 
3 2449 2448 2493 
3 4900 2467 2532 
3 2534 2468 3789 
3 2522 2469 2506 
3 2531 2506 2533 
3 3789 2468 2531 
3 2470 2418 2534 
3 2535 2460 2501 
3 2535 55 2460 
3 4907 2576 4908 
3 3284 2536 2538 
3 2577 2536 3284 
3 3306 2546 3284 
3 3306 2545 2546 
3 2538 2537 3284 
3 2545 2539 2546 
3 2578 2539 2544 
3 2579 2565 2580 
3 2562 2542 2580 
3 2578 2544 2555 
3 2544 2539 2545 
3 2536 2517 2538 
3 3292 2548 2583 
3 2568 2548 4915 
3 4915 2548 2549 
3 2549 2548 3292 
3 2568 2550 2583 
3 2583 2548 2568 
3 2551 2487 3287 
3 3287 2487 2568 
3 2552 2471 2561 
3 2563 2552 2561 
3 4910 2517 2536 
3 2541 2540 2555 
3 2556 2541 2555 
3 2555 2540 2578 
3 2575 2540 2541 
3 2579 2541 2565 
3 2575 2541 2579 
3 2557 2541 2556 
3 2565 2541 2557 
3 2559 2553 2564 
3 2559 2558 2561 
3 2564 2558 2559 
3 3303 2559 2561 
3 3303 2553 2559 
3 2566 2543 2560 
3 2566 2558 2564 
3 2560 2558 2566 
3 2563 2558 2560 
3 2561 2558 2563 
3 2560 2542 2562 
3 2543 2542 2560 
3 3305 2560 2562 
3 2563 2560 3305 
3 2566 2564 2569 
3 2565 2562 2580 
3 2565 2557 3305 
3 3305 2562 2565 
3 2582 2543 2566 
3 2567 2553 4912 
3 4914 2553 2567 
3 4913 2567 4912 
3 2568 2567 3287 
3 2581 2569 2570 
3 4915 2549 4914 
3 4914 2549 2570 
3 2570 2569 4914 
3 2569 2564 4914 
3 2581 2571 2572 
3 2580 2542 2572 
3 2582 2542 2543 
3 2572 2542 2582 
3 2580 2572 2579 
3 2579 2572 2573 
3 2572 2571 2573 
3 2573 2540 2575 
3 2574 2573 4905 
3 2574 2540 2573 
3 2579 2573 2575 
3 2576 2536 2577 
3 4908 2576 2577 
3 4108 1585 2949 
3 4908 2577 4905 
3 2577 2574 4905 
3 2571 2547 4905 
3 2574 2539 2578 
3 2578 2540 2574 
3 2546 2539 2574 
3 2577 2546 2574 
3 2568 2487 2550 
3 2550 2517 2583 
3 2581 2570 4909 
3 2582 2569 2581 
3 2582 2566 2569 
3 3292 2583 4910 
3 2570 2549 3292 
3 4909 2570 4906 
3 4906 2570 3292 
3 2938 2584 2610 
3 2610 2584 3941 
3 3323 2585 3940 
3 2933 2585 3021 
3 3021 2585 3020 
3 3020 2585 3389 
3 2608 2586 4918 
3 2603 2601 2700 
3 3945 2589 2591 
3 3946 2589 3945 
3 2591 2589 2699 
3 3946 3945 3953 
3 3945 2590 3953 
3 2600 2590 3945 
3 3023 2590 2600 
3 3945 2591 2600 
3 3875 2586 4916 
3 3216 2592 2642 
3 3125 2593 2946 
3 3365 2594 3335 
3 4053 2594 3365 
3 3332 2594 4053 
3 4919 2611 4977 
3 2596 2595 2597 
3 4957 2596 3269 
3 4018 3017 3269 
3 3269 2596 4018 
3 4018 2596 2597 
3 4017 2598 2599 
3 2991 2598 4019 
3 3023 2598 2991 
3 2600 2598 3023 
3 2600 2591 2599 
3 2599 2598 2600 
3 4942 3875 4977 
3 4977 3875 4979 
3 2700 2601 4879 
3 4288 2697 3050 
3 4288 3050 4693 
3 4892 2601 4917 
3 4670 2602 4693 
3 4916 2608 3020 
3 4923 2603 4971 
3 4929 3363 3364 
3 4928 3363 4929 
3 4928 2604 3363 
3 3388 2604 4928 
3 3363 3361 3364 
3 4919 3388 4928 
3 2605 2593 2649 
3 2658 2605 2649 
3 4688 4670 4693 
3 4879 2607 2700 
3 4917 2601 4923 
3 4884 3885 4879 
3 3885 2607 4879 
3 2932 2608 4918 
3 2932 2609 3020 
3 3020 2608 2932 
3 4112 2609 2932 
3 2935 2609 4112 
3 2939 2610 3941 
3 3942 2939 3941 
3 4923 2601 2603 
3 3013 2611 4919 
3 4880 3176 4887 
3 4887 2587 4880 
3 3331 2613 4755 
3 3343 2615 2626 
3 2615 2614 2626 
3 3344 2615 3343 
3 3397 2615 3344 
3 3344 2908 3397 
3 2895 2616 3125 
3 2616 2593 3125 
3 2646 2617 2618 
3 2618 2617 2903 
3 2646 2618 3975 
3 4027 2618 2903 
3 4029 2618 4027 
3 4011 2612 4034 
3 2621 2595 2620 
3 2597 2595 2621 
3 2620 2595 4959 
3 2622 2620 4959 
3 4025 2620 2622 
3 4920 2623 3014 
3 2907 2623 4920 
3 4035 3325 4036 
3 4089 2625 4080 
3 4993 2625 3989 
3 4080 2625 4993 
3 4921 3344 4950 
3 3344 3343 4950 
3 4921 2908 3344 
3 2628 2627 4922 
3 4005 2627 2628 
3 3968 2628 4950 
3 4005 2628 4949 
3 4963 2629 4962 
3 2630 2629 3973 
3 4962 2905 4963 
3 4962 2629 2630 
3 4962 2631 2905 
3 4028 2631 4962 
3 4962 2630 4028 
3 4081 2632 4987 
3 3858 2632 4083 
3 4664 2634 3266 
3 2635 2634 4664 
3 3370 2635 4664 
3 3187 2635 3370 
3 3829 3138 3844 
3 3829 2636 2637 
3 3844 2636 3829 
3 4104 2636 3135 
3 2638 2637 4104 
3 3829 2637 3853 
3 2637 2636 4104 
3 4880 2639 2887 
3 2924 2641 3402 
3 2925 2924 3355 
3 2924 2640 3355 
3 3402 2640 2924 
3 3402 2641 3838 
3 3404 3402 3838 
3 3216 2642 3252 
3 2644 2643 3140 
3 3839 2643 2644 
3 2645 2644 3140 
3 3009 2645 3812 
3 3009 2644 2645 
3 3011 3009 3812 
3 2647 2617 2646 
3 2897 2647 3947 
3 2647 2646 3947 
3 2901 2617 2647 
3 2866 2648 4287 
3 2649 2616 2894 
3 2649 2593 2616 
3 2894 2648 2676 
3 4061 2650 3327 
3 3036 2655 3035 
3 3035 2651 3036 
3 2653 2651 3035 
3 4293 2653 3035 
3 2654 2650 2936 
3 2938 2654 3938 
3 3035 2655 3034 
3 2656 2655 3049 
3 3034 2655 2656 
3 3034 2656 2689 
3 3327 2652 4061 
3 3327 2518 2657 
3 3981 2649 3986 
3 2658 2649 3981 
3 4779 2659 2884 
3 4756 2659 4779 
3 4123 2660 4129 
3 2668 2660 4123 
3 2667 2660 2668 
3 3982 2676 3984 
3 2894 2676 3982 
3 2662 2605 2658 
3 2662 2658 3983 
3 2883 2663 2669 
3 2669 2663 2681 
3 2892 2664 2709 
3 4688 2665 4670 
3 4692 2665 4688 
3 4997 2666 2950 
3 4997 3315 4882 
3 4882 2666 4997 
3 3313 2689 4711 
3 2696 2689 3313 
3 4273 3133 4129 
3 4129 2660 4273 
3 3300 2667 2668 
3 4273 2667 4274 
3 4273 2660 2667 
3 4710 2669 2670 
3 4710 2670 4696 
3 3130 2671 4686 
3 4695 2671 3130 
3 4686 2671 4672 
3 4778 2673 3041 
3 2673 2672 4251 
3 4778 2672 2673 
3 2914 2875 3148 
3 4251 2672 2674 
3 2914 2674 2875 
3 4251 2674 2914 
3 4751 2675 4124 
3 4124 4117 4751 
3 3984 2676 4856 
3 4856 2676 4827 
3 4835 4757 4827 
3 4780 2677 3976 
3 2889 2677 4780 
3 4829 2878 4079 
3 4163 2678 2679 
3 4758 2678 4163 
3 3182 2678 4758 
3 2918 2678 3182 
3 2917 2678 2918 
3 4842 2680 2709 
3 2701 2680 2702 
3 4151 2669 2681 
3 4151 2681 4169 
3 2707 2671 4695 
3 2682 2671 2707 
3 4672 2671 2682 
3 4154 2964 3039 
3 3039 2683 4154 
3 4154 2710 2964 
3 3037 2684 3107 
3 3038 2684 3037 
3 3037 2685 2871 
3 3107 2685 3037 
3 4243 2685 3107 
3 2952 2686 3146 
3 4670 2665 2952 
3 4890 2687 3860 
3 4918 2688 2932 
3 4711 2689 4247 
3 2689 2656 4247 
3 3167 2693 2965 
3 4143 2690 2694 
3 4172 2690 2691 
3 2694 2690 2693 
3 4143 2694 4144 
3 3046 2692 3165 
3 2695 2692 3046 
3 2694 2692 2695 
3 2693 2692 2694 
3 3167 2692 2693 
3 4144 2694 2695 
3 3034 2696 4294 
3 3034 2689 2696 
3 4713 2662 3985 
3 3050 2662 4713 
3 2697 2605 3050 
3 3050 2605 2662 
3 3955 2698 3948 
3 2698 2589 3949 
3 2699 2589 2698 
3 2699 2698 3262 
3 3262 2698 3955 
3 2701 2663 3132 
3 2702 2663 2701 
3 2681 2663 2702 
3 4149 2681 2702 
3 4169 2681 4149 
3 2702 2680 4149 
3 4689 4135 4674 
3 4135 2703 4674 
3 4791 2704 4137 
3 4153 2704 4139 
3 4137 2704 2821 
3 4139 2704 4160 
3 3152 2705 2744 
3 4805 2705 3152 
3 2706 2705 4805 
3 4714 2707 4697 
3 4697 2707 4695 
3 4698 2708 4715 
3 4141 2708 4698 
3 2709 2664 4758 
3 2709 2680 2892 
3 2964 2710 4786 
3 4138 2710 4154 
3 2711 2710 4138 
3 4786 2710 2711 
3 2713 2712 3051 
3 4146 2712 2713 
3 4148 2713 3051 
3 4174 2713 4148 
3 3121 2713 4174 
3 4146 2713 3121 
3 4792 2714 2715 
3 3056 2715 4150 
3 2715 2714 4150 
3 2716 2708 4140 
3 4152 2708 2716 
3 4715 2739 4699 
3 4715 2718 2739 
3 2739 2717 4699 
3 2720 2718 4152 
3 3064 2718 2719 
3 2739 2718 3064 
3 2719 2718 2720 
3 2740 2719 2720 
3 2722 2720 4170 
3 2740 2720 2722 
3 2740 2722 2741 
3 2722 2721 2741 
3 4795 2723 3065 
3 2723 2721 4167 
3 4795 2721 2723 
3 2741 2721 4795 
3 2724 2723 4167 
3 3065 2723 2724 
3 3071 2725 3057 
3 2726 2725 4759 
3 3057 2726 3058 
3 3057 2725 2726 
3 3151 2727 4147 
3 2742 2727 3151 
3 2743 2727 2742 
3 2729 2728 2767 
3 3156 2728 2729 
3 2756 2729 2767 
3 3062 2768 3077 
3 4769 2732 4766 
3 2733 2732 4769 
3 2747 2733 2849 
3 2849 2733 4769 
3 2849 2734 2747 
3 2850 2734 2849 
3 2762 2734 2850 
3 2947 2735 4702 
3 2735 2734 2762 
3 2736 2734 2735 
3 2736 2735 2947 
3 3154 2737 2851 
3 2851 2737 2825 
3 2980 2738 4677 
3 2979 2738 2980 
3 3060 2738 2979 
3 4683 2738 3060 
3 3113 2739 2838 
3 2838 2739 3064 
3 3116 2740 2840 
3 2840 2839 3116 
3 2840 2740 2741 
3 2840 2741 4793 
3 3073 2742 3153 
3 2743 2742 3073 
3 2744 2705 2823 
3 2845 2744 2823 
3 4705 4679 4706 
3 4679 2745 4706 
3 2746 2734 2736 
3 2747 2734 2746 
3 2747 2746 2749 
3 2749 2733 2747 
3 2748 2733 2749 
3 2748 2732 2733 
3 2750 2732 2748 
3 3114 2750 3115 
3 4764 2750 3114 
3 4764 2732 2750 
3 4766 2732 4764 
3 2750 2748 3115 
3 4764 3114 4765 
3 3077 2730 2769 
3 3080 2769 4212 
3 3077 2769 3080 
3 2772 2730 4762 
3 2769 2730 2772 
3 4212 2752 2753 
3 2769 2752 4212 
3 2772 2752 2769 
3 3077 2754 3062 
3 3080 2754 3077 
3 3062 2754 2842 
3 3062 2842 3076 
3 3156 2757 4808 
3 2757 2755 4808 
3 3075 2755 2757 
3 3075 2757 3074 
3 3074 2729 2756 
3 2757 2729 3074 
3 3156 2729 2757 
3 2758 2737 3154 
3 2836 2759 4675 
3 4675 2759 4704 
3 4676 4675 4704 
3 4676 2760 4677 
3 2761 2760 4669 
3 4677 2760 2761 
3 2776 2762 2850 
3 2780 2762 2776 
3 2780 2735 2762 
3 2848 2763 4702 
3 2764 2763 2848 
3 4719 2763 2764 
3 4669 2763 4719 
3 2826 2765 4813 
3 4813 2766 2826 
3 4813 2765 4812 
3 2784 2768 3159 
3 2768 2767 3159 
3 3078 2730 3077 
3 4213 2730 3078 
3 4762 2730 2771 
3 2771 2770 4762 
3 2861 2770 2771 
3 2770 2731 4762 
3 2850 2773 2776 
3 2774 2773 2850 
3 4767 2773 2774 
3 2776 2775 2780 
3 4209 2775 2776 
3 2776 2773 4209 
3 4195 2777 2778 
3 4195 2778 4210 
3 2856 2777 2855 
3 2778 2777 2856 
3 2779 2778 2856 
3 4668 2779 2856 
3 2779 2775 2778 
3 4668 2764 2779 
3 2780 2779 2848 
3 2780 2775 2779 
3 2779 2764 2848 
3 2782 2781 4181 
3 4180 2782 4181 
3 2783 2765 4205 
3 4812 2765 2783 
3 4204 2783 4205 
3 4222 2783 4197 
3 2787 2768 2784 
3 2787 2784 2785 
3 2786 2785 4200 
3 2787 2786 4198 
3 2787 2785 2786 
3 2857 2788 4178 
3 4203 2788 2857 
3 4797 2788 4211 
3 4211 2788 4203 
3 4845 2789 4226 
3 4817 2789 4845 
3 4201 2791 3085 
3 4815 2791 4201 
3 2791 2790 3085 
3 4176 2791 3162 
3 4176 2790 2791 
3 4796 2792 2793 
3 4240 2792 4228 
3 3089 2793 4240 
3 2793 2792 4240 
3 4193 4179 4196 
3 4179 2796 4196 
3 2796 2794 4196 
3 3082 2795 4182 
3 4208 2795 3082 
3 4208 2794 2795 
3 4182 2795 2796 
3 2795 2794 2796 
3 2830 2797 2831 
3 2831 2797 4853 
3 4227 2831 4853 
3 3092 2798 3163 
3 4236 2798 3092 
3 4798 2799 2800 
3 3097 2799 2810 
3 2800 2799 3097 
3 4225 2782 2801 
3 4225 2801 3096 
3 4225 2802 2803 
3 3096 2802 4225 
3 2804 2803 2814 
3 4224 2803 2804 
3 4475 2804 2814 
3 2805 2797 2830 
3 3164 2797 2805 
3 4862 2805 4472 
3 3164 2806 3099 
3 2808 2807 4852 
3 4471 2807 2808 
3 3093 2808 4852 
3 2810 2809 4770 
3 2810 2799 2809 
3 2812 2810 4770 
3 4857 2812 4770 
3 2813 2811 2812 
3 2811 2810 2812 
3 3097 2810 2811 
3 2813 2802 2811 
3 2803 2802 2813 
3 2814 2813 4319 
3 2814 2803 2813 
3 2820 2815 4749 
3 3172 2815 2816 
3 4749 2815 3172 
3 2819 2817 2820 
3 3172 2188 4749 
3 4245 2818 2819 
3 4245 2819 4731 
3 4730 2819 2820 
3 4731 2819 4730 
3 4730 2820 4749 
3 4245 3175 4732 
3 4731 3175 4245 
3 4730 1709 2172 
3 4749 1709 4730 
3 2188 1709 4749 
3 2973 2821 4153 
3 2821 2704 4153 
3 2823 2705 2822 
3 2822 2705 4155 
3 3120 2823 2975 
3 2845 2823 3120 
3 2823 2822 2975 
3 2825 2824 2979 
3 2824 2737 2758 
3 2825 2737 2824 
3 2981 2827 2852 
3 4205 2765 2826 
3 2827 2826 2852 
3 2826 2766 2852 
3 4205 2826 2827 
3 4216 2828 4204 
3 4217 2828 4216 
3 4204 2828 4197 
3 4184 2829 4183 
3 2829 2789 4183 
3 4226 2789 2829 
3 4234 2830 2831 
3 2832 2830 4234 
3 2832 2805 2830 
3 4472 2805 2832 
3 4472 2832 4470 
3 4255 2833 4723 
3 2834 2833 4741 
3 4747 2834 2910 
3 4725 2834 4747 
3 4725 2833 2834 
3 2947 2835 4701 
3 2836 2835 4703 
3 4706 2835 2836 
3 4701 2835 4706 
3 2837 2749 2838 
3 3064 2837 2838 
3 2837 2748 2749 
3 3115 2748 2837 
3 2749 2746 2838 
3 2841 2753 4763 
3 4763 2839 2841 
3 4765 3114 4763 
3 2753 2752 4763 
3 4771 2841 4793 
3 4771 2753 2841 
3 2843 2842 2844 
3 3069 2843 2844 
3 3069 2844 3067 
3 2844 2754 4773 
3 2842 2754 2844 
3 3067 2844 4773 
3 2845 2758 4807 
3 4807 2744 2845 
3 2847 2846 4678 
3 3061 2846 2847 
3 2977 2846 3061 
3 2848 2735 2780 
3 4702 2735 2848 
3 4769 2774 2849 
3 2849 2774 2850 
3 2851 2766 4810 
3 2852 2766 2851 
3 2851 2825 2852 
3 2852 2825 2980 
3 4217 2853 3081 
3 4208 2853 2854 
3 3081 2853 4208 
3 4668 2856 4667 
3 2856 2854 4667 
3 2855 2854 2856 
3 4193 2857 4178 
3 4210 2857 4193 
3 4210 4193 4195 
3 4775 2859 4846 
3 2861 2859 2860 
3 4846 2858 2862 
3 2859 2858 4846 
3 2860 2770 2861 
3 2861 2858 2859 
3 4214 2858 2861 
3 2861 2771 4214 
3 2863 2862 2864 
3 4848 2862 2863 
3 2864 2862 4215 
3 3079 2864 4215 
3 2865 2863 2864 
3 4848 2863 4191 
3 2865 2864 4220 
3 4682 2974 4680 
3 4680 2974 4136 
3 4680 4136 4690 
3 4283 2866 4287 
3 3881 2867 3019 
3 4013 2867 3881 
3 3177 2633 2868 
3 3177 2868 3370 
3 3362 4999 3187 
3 3364 4999 3362 
3 3361 4999 3364 
3 2868 2633 3369 
3 3187 2868 3369 
3 3362 2869 3364 
3 3362 3187 3369 
3 2686 2665 4281 
3 2952 2665 2686 
3 2872 2871 3126 
3 4882 2872 3126 
3 3037 2871 2872 
3 2873 2672 4776 
3 2674 2672 2873 
3 2875 2674 2874 
3 2874 2674 2873 
3 2875 2874 4897 
3 2873 423 2874 
3 4776 423 2873 
3 4854 424 2876 
3 4854 2876 3040 
3 4855 424 4854 
3 467 424 4855 
3 2877 2632 3858 
3 4803 2877 3858 
3 4062 2652 3298 
3 2657 1747 3298 
3 2882 2880 2963 
3 4737 2880 2882 
3 2963 2881 2882 
3 4876 2881 3101 
3 2882 2881 4876 
3 3132 2663 2883 
3 2883 2669 4710 
3 3132 2883 2945 
3 2884 2664 4779 
3 2997 2885 3799 
3 3799 2885 2998 
3 3214 2885 3245 
3 2886 2625 3956 
3 3989 2625 2886 
3 3938 2654 2936 
3 2888 2661 4131 
3 4825 4084 4134 
3 4828 2889 4780 
3 4780 4032 4828 
3 2889 2886 3956 
3 4828 2886 2889 
3 4941 2607 2890 
3 2890 2607 3884 
3 3856 2891 3854 
3 3813 2891 3409 
3 3854 2891 3832 
3 2892 2680 2701 
3 2892 2701 4113 
3 2893 2892 4113 
3 3986 2649 2894 
3 3986 2894 3982 
3 2894 2616 2895 
3 2895 2648 2894 
3 4287 2648 2895 
3 3862 2896 3859 
3 3857 2896 3871 
3 3859 2896 3857 
3 3025 2899 3027 
3 3027 2898 3028 
3 2899 2898 3027 
3 2899 2897 2898 
3 2901 2897 2899 
3 2901 2647 2897 
3 2901 2900 2902 
3 4020 2900 3025 
3 4023 2900 4020 
3 2900 2899 3025 
3 2901 2899 2900 
3 2902 2900 4023 
3 2903 2902 4024 
3 4024 2902 4023 
3 2902 2617 2901 
3 2903 2617 2902 
3 2904 2622 2906 
3 4025 2622 2904 
3 2904 2631 4028 
3 2906 2631 2904 
3 2905 2631 2906 
3 4925 2627 4003 
3 4922 2627 4925 
3 4925 2907 4920 
3 4003 2907 4925 
3 2963 2880 2909 
3 2909 2880 4738 
3 3127 2909 2910 
3 2910 2909 4738 
3 3149 2913 4270 
3 4270 2912 3149 
3 3148 2875 2911 
3 3150 2913 3149 
3 3150 2911 2913 
3 3148 2911 3150 
3 2915 2755 3075 
3 2916 2755 2915 
3 3153 2916 3073 
3 2916 2915 3073 
3 4172 2917 2920 
3 4171 2917 4172 
3 2920 2917 2918 
3 2679 2678 2917 
3 2920 2918 2919 
3 2965 2693 2920 
3 2920 2690 4172 
3 2693 2690 2920 
3 2920 2919 2965 
3 2923 633 4259 
3 4259 467 4855 
3 3296 2458 3285 
3 3136 2641 2924 
3 3136 2924 2925 
3 2926 2925 3357 
3 3136 2925 2926 
3 3342 2928 4930 
3 3349 2928 3342 
3 3341 2927 3374 
3 3342 2927 3341 
3 4930 2927 3342 
3 2929 2928 3349 
3 3398 2930 3358 
3 3358 3350 3398 
3 2930 2908 4921 
3 3398 2908 2930 
3 4940 3388 4919 
3 4978 3390 4976 
3 4976 2931 4978 
3 4916 3389 4978 
3 4979 4916 4978 
3 2933 2584 3940 
3 3940 2585 2933 
3 3941 2933 2934 
3 2934 2933 3021 
3 4062 3939 4035 
3 4062 1538 4665 
3 4665 3939 4062 
3 2937 2587 4887 
3 4887 3323 3940 
3 3940 2937 4887 
3 2938 2610 3296 
3 3316 2939 2940 
3 2943 2610 2939 
3 3252 2941 2942 
3 2941 2642 3800 
3 3252 2642 2941 
3 3297 2518 3327 
3 3252 2942 3217 
3 3384 3176 4937 
3 3317 2511 2943 
3 2943 2511 3296 
3 2949 2435 3316 
3 2945 2883 3106 
3 2945 2944 4726 
3 3106 2944 2945 
3 4740 2945 4726 
3 3132 2945 4740 
3 2946 2697 4709 
3 4701 2736 2947 
3 3860 2407 4998 
3 2948 2870 4998 
3 3316 2940 2949 
3 2949 1585 4106 
3 4106 2435 2949 
3 4285 2405 3860 
3 2686 783 3146 
3 4996 2950 4895 
3 2950 2666 4895 
3 3012 2951 3141 
3 3376 2951 3012 
3 4927 2869 3369 
3 4927 3369 4926 
3 3369 2633 2954 
3 3369 2869 3362 
3 3369 2954 4926 
3 4884 2870 3885 
3 3874 2955 3883 
3 3883 2607 4941 
3 4941 3874 3883 
3 4879 2601 4884 
3 4884 2601 4892 
3 3169 2958 2959 
3 4784 2957 2962 
3 2959 2957 3047 
3 2958 2957 2959 
3 2960 2957 2958 
3 2958 2818 4799 
3 3169 2818 2958 
3 2960 2958 4799 
3 2962 2960 4800 
3 4784 2962 4783 
3 2962 2957 2960 
3 4800 2961 2962 
3 3101 2881 4782 
3 2964 2881 2963 
3 4782 2881 2964 
3 4782 2964 4786 
3 2967 2919 4272 
3 2965 2919 2967 
3 2967 2966 2968 
3 4272 2966 2967 
3 2968 2966 3174 
3 3167 2967 2968 
3 3167 2965 2967 
3 2969 2968 3174 
3 3166 2968 2969 
3 3167 2968 3166 
3 3173 2969 3174 
3 3173 2816 2969 
3 2970 512 654 
3 2970 654 3147 
3 617 512 2970 
3 2971 617 2970 
3 4154 2683 2972 
3 2972 2683 3184 
3 4157 4155 4156 
3 4156 2821 2973 
3 4155 2821 4156 
3 4157 4156 4674 
3 2974 2822 4136 
3 2975 2822 2974 
3 2975 2974 4682 
3 2977 2975 4682 
3 3120 2975 2977 
3 3061 2976 2977 
3 2977 2976 3120 
3 2979 2978 3060 
3 2978 2976 3061 
3 2978 2824 2976 
3 2979 2824 2978 
3 2980 2825 2979 
3 2981 2852 2980 
3 2981 2980 4677 
3 2982 2827 2981 
3 2983 2827 2982 
3 2982 2981 4720 
3 4216 2983 4206 
3 4206 2853 4216 
3 2983 2982 4206 
3 2984 2828 4217 
3 3081 2984 4217 
3 4184 2984 4185 
3 4183 2984 4184 
3 4185 2984 3081 
3 4232 2985 2986 
3 4232 2829 2985 
3 2986 2985 4235 
3 3098 2832 4234 
3 4470 2832 2987 
3 2987 2832 3098 
3 3821 3247 3802 
3 3274 2988 3826 
3 2990 2988 3274 
3 3806 2988 2990 
3 2990 2989 2992 
3 3808 2992 3803 
3 3806 2992 3808 
3 3139 2988 3806 
3 3806 2990 2992 
3 3809 2993 2996 
3 3803 2993 3808 
3 3805 2993 3803 
3 2995 2993 3805 
3 3805 2994 2995 
3 3244 2994 3805 
3 2996 2993 2995 
3 3811 2996 2997 
3 2995 2994 2997 
3 2997 2994 3245 
3 2996 2995 2997 
3 3245 2885 2997 
3 3825 2998 3230 
3 3813 2998 3825 
3 3825 3413 3821 
3 3000 2999 3001 
3 3002 2999 3000 
3 3822 3001 3215 
3 3824 3000 3001 
3 3271 3000 3824 
3 3001 2999 3215 
3 3002 2592 2999 
3 3796 2592 3002 
3 2999 2592 3255 
3 3003 2951 3334 
3 3834 3004 3846 
3 3006 3005 3008 
3 3837 3005 3006 
3 3007 3005 3815 
3 3008 3005 3007 
3 3852 3006 3008 
3 3840 3009 3010 
3 3840 2644 3009 
3 3839 2644 3840 
3 3840 3010 3405 
3 3855 3010 3011 
3 3010 3009 3011 
3 3179 3012 3143 
3 3359 3012 3179 
3 3376 3012 3359 
3 4943 3013 3876 
3 3015 3014 4000 
3 3264 3015 4000 
3 3269 3016 4955 
3 3017 3016 3269 
3 4954 3018 3275 
3 4954 3016 3018 
3 3018 3016 3017 
3 4917 2588 4881 
3 4917 4881 4892 
3 4971 3019 4923 
3 3019 2867 4923 
3 4923 2867 3263 
3 3020 2609 3021 
3 3021 2609 2935 
3 2935 2934 3021 
3 4108 2940 3942 
3 4108 3942 4109 
3 2940 2939 3942 
3 3022 2991 3024 
3 3023 2991 3022 
3 3024 2991 4021 
3 3025 3024 4020 
3 3025 3022 3024 
3 3953 2590 3026 
3 3026 2590 3023 
3 3027 3022 3025 
3 3026 3022 3027 
3 3023 3022 3026 
3 3028 3026 3027 
3 3143 3029 3848 
3 3029 3012 3141 
3 3143 3012 3029 
3 3833 3030 3408 
3 3408 3030 3032 
3 3346 3032 3347 
3 3403 3032 3346 
3 3408 3032 3403 
3 3403 3346 3401 
3 4785 3328 4032 
3 4975 3328 4785 
3 4975 4785 4967 
3 3960 3033 3961 
3 3961 3042 3960 
3 3137 3042 3961 
3 3035 3034 4294 
3 4293 3035 4294 
3 4249 3049 4115 
3 3049 2655 3036 
3 3049 3036 4115 
3 4713 4688 4693 
3 3038 2872 4687 
3 3037 2872 3038 
3 4681 3038 4687 
3 2964 2963 3039 
3 3039 2909 3127 
3 2963 2909 3039 
3 3127 2683 3039 
3 3042 3003 3334 
3 3137 3003 3042 
3 3045 3043 3044 
3 4144 3043 3045 
3 3047 2695 3046 
3 3043 2695 3047 
3 4144 2695 3043 
3 3045 3044 4837 
3 4789 3044 4784 
3 4784 3044 3047 
3 3047 2957 4784 
3 3046 2959 3047 
3 3044 3043 3047 
3 4247 2656 3048 
3 3048 2656 3049 
3 2697 2593 2605 
3 2946 2593 2697 
3 3052 3051 3053 
3 4148 3051 3052 
3 3051 2712 3053 
3 3053 2712 4841 
3 3122 3054 4164 
3 4165 3054 3122 
3 4166 3054 3055 
3 3055 3054 4843 
3 3056 2716 4169 
3 4170 2716 3056 
3 3057 2743 3071 
3 3057 2727 2743 
3 3058 2727 3057 
3 4707 3059 4680 
3 4680 3059 4682 
3 3060 2978 3061 
3 3060 2847 4683 
3 3061 2847 3060 
3 2768 2756 2767 
3 3113 2717 2739 
3 3063 2717 3113 
3 3064 2719 2837 
3 3116 2719 2740 
3 2837 2719 3116 
3 3067 3066 3069 
3 3066 3065 4761 
3 3068 3065 3066 
3 3068 3067 4772 
3 4794 3068 4772 
3 3068 3066 3067 
3 3118 3069 3070 
3 3118 2843 3069 
3 3070 3066 4761 
3 3069 3066 3070 
3 3118 3070 3071 
3 3070 2725 3071 
3 4761 2725 3070 
3 3118 3072 3119 
3 3118 3071 3072 
3 3072 2743 3073 
3 3071 2743 3072 
3 3074 2756 3076 
3 3117 3074 3076 
3 3075 3074 3117 
3 3076 2756 2768 
3 3076 2768 3062 
3 3078 2768 2787 
3 3077 2768 3078 
3 4221 3078 4198 
3 3078 2787 4198 
3 4213 3078 4221 
3 4221 3079 4213 
3 4218 3079 4221 
3 4221 4198 4218 
3 4185 3081 3082 
3 3082 3081 4208 
3 4189 3083 4187 
3 3083 2790 4187 
3 3085 2790 3083 
3 3084 3083 4190 
3 3085 3083 3084 
3 4190 2865 3084 
3 4187 3086 4189 
3 4237 3086 4188 
3 3095 3086 4237 
3 3087 3086 4844 
3 4189 3086 3087 
3 4844 3086 3095 
3 4191 3087 3088 
3 3088 3087 4796 
3 4848 3088 4847 
3 4191 3088 4848 
3 4179 3089 3090 
3 3090 3089 4240 
3 4233 2781 3091 
3 4233 3091 4224 
3 4233 3098 4234 
3 4224 3098 4233 
3 4236 3092 3094 
3 3094 3092 3093 
3 3094 3093 4852 
3 4192 3095 4239 
3 4239 3095 4237 
3 3096 2801 4241 
3 3097 3096 4241 
3 4241 2800 3097 
3 3097 2811 3096 
3 2811 2802 3096 
3 2987 2804 4473 
3 3098 2804 2987 
3 4224 2804 3098 
3 2808 2806 4471 
3 3099 2806 2808 
3 3099 2808 3093 
3 4877 3100 3103 
3 4875 3100 4877 
3 4876 3100 4875 
3 3101 3100 4876 
3 3103 2922 4877 
3 3102 3100 3101 
3 3103 3100 3102 
3 3103 3102 4802 
3 3102 2961 4802 
3 4802 2922 3103 
3 3104 617 3105 
3 3105 617 2971 
3 3105 790 3104 
3 3105 2971 4274 
3 4274 2667 3105 
3 4708 2944 3106 
3 4708 3106 4754 
3 4243 3109 4257 
3 4243 3107 3109 
3 3107 2684 3109 
3 4885 2685 3112 
3 2871 2685 4885 
3 3112 2685 4243 
3 3112 3110 4885 
3 3111 3110 3112 
3 3110 2912 4270 
3 3111 2912 3110 
3 2838 2746 3113 
3 3113 2736 4701 
3 2746 2736 3113 
3 3115 2837 3116 
3 2841 2839 2840 
3 3114 2839 4763 
3 3116 2839 3114 
3 3116 3114 3115 
3 3117 2842 2843 
3 3076 2842 3117 
3 3119 2843 3118 
3 3117 2843 3119 
3 3073 2915 3072 
3 3117 2915 3075 
3 3119 2915 3117 
3 3072 2915 3119 
3 3120 2758 2845 
3 2824 2758 3120 
3 2976 2824 3120 
3 4164 3121 3122 
3 4173 3121 4164 
3 3122 3121 4174 
3 3865 3124 3861 
3 3865 3861 3868 
3 3872 3124 3865 
3 4287 2895 4286 
3 4286 2895 3125 
3 3979 3978 4289 
3 4289 3978 4803 
3 4886 2666 3126 
3 4895 2666 4886 
3 3127 2834 3128 
3 2910 2834 3127 
3 3128 2834 4741 
3 4671 3129 4686 
3 3129 3128 4741 
3 4671 3128 3129 
3 4696 3130 3131 
3 3131 3130 4754 
3 4754 3130 4691 
3 4113 2701 3132 
3 4113 3132 4740 
3 2884 2659 3133 
3 4099 3134 3337 
3 3135 3134 4104 
3 3337 2926 3357 
3 3134 2926 3337 
3 3135 2926 3134 
3 3136 2926 3135 
3 4974 2613 4936 
3 4755 2613 4974 
3 3843 3137 3961 
3 3145 3137 3843 
3 3830 3138 3827 
3 3807 2645 3140 
3 3827 3140 3830 
3 3140 2643 3830 
3 3140 3139 3807 
3 3827 3139 3140 
3 3846 3141 3834 
3 3846 3029 3141 
3 3848 3142 3143 
3 3837 3142 3848 
3 3143 3142 3178 
3 3335 3144 3365 
3 3366 3144 3335 
3 3247 2942 3802 
3 3217 2942 3247 
3 3145 3003 3137 
3 4694 4254 4684 
3 4711 4254 4694 
3 3147 654 655 
3 3150 3149 4262 
3 4260 2914 3148 
3 4260 3148 3150 
3 4806 2742 3151 
3 4805 3151 4158 
3 3152 3151 4805 
3 4806 3151 3152 
3 4806 3152 4807 
3 4807 3153 4806 
3 3152 2744 4807 
3 4809 2916 3153 
3 4809 2758 3154 
3 4807 2758 4809 
3 4811 3155 4810 
3 3156 3155 4811 
3 4811 2728 3156 
3 4811 4810 4813 
3 4810 2766 4813 
3 3158 2728 4811 
3 3157 2728 3158 
3 3159 3157 4849 
3 3159 2728 3157 
3 2767 2728 3159 
3 4222 3160 4851 
3 4197 3160 4222 
3 4814 3160 3161 
3 4815 3161 3162 
3 3162 2791 4815 
3 4242 3163 4853 
3 4845 3163 4194 
3 4818 3163 4845 
3 4853 3163 4818 
3 3163 2798 4194 
3 3164 2805 4862 
3 3168 3165 3170 
3 3166 3165 3167 
3 3170 3165 3166 
3 3165 2692 3167 
3 3168 3046 3165 
3 3166 2816 3170 
3 2969 2816 3166 
3 2818 2817 2819 
3 3169 2817 2818 
3 3168 2817 3169 
3 3170 2817 3168 
3 2817 2815 2820 
3 3170 2815 2817 
3 2816 2815 3170 
3 3168 2959 3046 
3 3169 2959 3168 
3 3172 3171 4728 
3 3172 2816 3171 
3 4728 2188 3172 
3 3147 655 3171 
3 3173 2970 3147 
3 2971 2970 3173 
3 3174 2971 3173 
3 3173 3147 3171 
3 3171 2816 3173 
3 3938 2937 2938 
3 2937 2584 2938 
3 3323 3176 3384 
3 3348 3277 4946 
3 4946 2633 3177 
3 4946 3177 3348 
3 3179 3178 3367 
3 3179 3143 3178 
3 3368 3179 3367 
3 3181 3180 3299 
3 3300 3181 3299 
3 3300 2668 3181 
3 3181 1597 3180 
3 3183 3133 4273 
3 3183 2918 3182 
3 2919 2918 3183 
3 3182 3133 3183 
3 3182 2884 3133 
3 4671 2972 3184 
3 3184 2683 3127 
3 3184 3127 3128 
3 3184 3128 4671 
3 3367 3178 3835 
3 3835 3186 3367 
3 4095 3186 3835 
3 3908 3189 3915 
3 3915 3189 3901 
3 3913 3189 3908 
3 3911 3190 3904 
3 3913 3222 3916 
3 3916 3222 3918 
3 3253 3191 3910 
3 3898 3191 3253 
3 4076 3192 4074 
3 3198 3194 3241 
3 3901 3198 3241 
3 3422 3193 3893 
3 3423 3193 3422 
3 3423 3422 3899 
3 3886 3194 3420 
3 3891 3194 3886 
3 3221 3195 3924 
3 3924 3195 3550 
3 3916 3909 3911 
3 3909 3190 3911 
3 3912 3196 3915 
3 3887 3197 3234 
3 3423 3197 3887 
3 3899 3197 3423 
3 3903 3198 3901 
3 3905 3199 3241 
3 3233 3199 3905 
3 3905 3418 3902 
3 3902 3418 3897 
3 3895 3192 3200 
3 3888 3201 3425 
3 3896 3201 3898 
3 3892 3209 3259 
3 3426 3203 3889 
3 4072 3250 4069 
3 4069 3210 3279 
3 3250 3210 4069 
3 4064 3205 4063 
3 3211 3205 4064 
3 4065 3212 4073 
3 3889 3206 3256 
3 4067 3207 4071 
3 4073 3209 4065 
3 4077 3206 3417 
3 3417 3414 4077 
3 3208 3204 3235 
3 4071 3248 3257 
3 4073 3202 3259 
3 3259 3209 4073 
3 3410 3246 3250 
3 3258 3211 3254 
3 3227 3212 4065 
3 3217 3212 3227 
3 3240 3212 3213 
3 3410 3214 3246 
3 3254 3215 3255 
3 3238 3215 3254 
3 3254 3211 3236 
3 3255 2592 3216 
3 3258 3216 3249 
3 3255 3216 3258 
3 3247 3213 3217 
3 3213 3212 3217 
3 3219 3218 3245 
3 3218 3210 3246 
3 3243 3210 3218 
3 3219 2994 3244 
3 3245 2994 3219 
3 3243 3218 3219 
3 3912 3233 3242 
3 3910 3195 3221 
3 3223 3209 3892 
3 4070 3225 3414 
3 3416 3224 3417 
3 3890 3224 3416 
3 3260 3224 3890 
3 3414 3411 4077 
3 4065 3207 4067 
3 4067 3227 4065 
3 3226 3225 3229 
3 3209 3207 4065 
3 3413 3229 3821 
3 3413 3226 3229 
3 3411 3228 3410 
3 3252 3227 3251 
3 3252 3217 3227 
3 3821 3229 3247 
3 3253 3242 3902 
3 3237 3192 3895 
3 3895 3231 3237 
3 4074 3192 3237 
3 4075 3220 3232 
3 4075 3232 4074 
3 3917 3190 3914 
3 3904 3190 3907 
3 3907 3190 3917 
3 3280 3234 3907 
3 3887 3234 3424 
3 3419 3418 3905 
3 4072 3208 3235 
3 4064 3279 3281 
3 3281 3211 4064 
3 3236 3211 3281 
3 3237 3208 4075 
3 3254 3236 3238 
3 3822 3215 3238 
3 3243 3236 3281 
3 3238 3236 3239 
3 3240 3225 4070 
3 3908 3196 3922 
3 3915 3196 3908 
3 3241 3199 3901 
3 3911 3900 3916 
3 3243 3219 3239 
3 3239 3236 3243 
3 3239 3219 3244 
3 3244 3238 3239 
3 3804 3238 3244 
3 3218 3214 3245 
3 3246 3214 3218 
3 3906 3899 3903 
3 3899 3422 3903 
3 3229 3213 3247 
3 3257 3248 4076 
3 4071 3223 3248 
3 4068 3205 3249 
3 4068 3249 4067 
3 3246 3210 3250 
3 4072 3235 4066 
3 3249 3216 3251 
3 3251 3227 4067 
3 4067 3249 3251 
3 3251 3216 3252 
3 3914 3195 3917 
3 3550 3195 3914 
3 3258 3254 3255 
3 3215 2999 3255 
3 3257 3232 4063 
3 3249 3205 3258 
3 3258 3205 3211 
3 3225 3213 3229 
3 3886 3259 3260 
3 3259 3202 3260 
3 3260 3202 3224 
3 2878 2114 4819 
3 3943 2114 2878 
3 4014 3261 3262 
3 3261 2591 2699 
3 2599 2591 3261 
3 4015 2599 3261 
3 3282 3262 3955 
3 4014 3262 3282 
3 3261 2699 3262 
3 4933 3264 3265 
3 3265 3264 3998 
3 4934 3879 4947 
3 3879 3265 3998 
3 4934 3265 3879 
3 3852 3268 3853 
3 3008 3007 3267 
3 3268 3008 3267 
3 3852 3008 3268 
3 3851 3006 3852 
3 3270 3267 3273 
3 3268 3267 3270 
3 3828 3268 3270 
3 3853 3268 3829 
3 3272 2989 2990 
3 3271 2989 3272 
3 3272 2990 3274 
3 3816 3272 3273 
3 3817 3272 3816 
3 3273 3272 3274 
3 3274 3270 3273 
3 3817 3271 3272 
3 3273 3007 3816 
3 3267 3007 3273 
3 4944 3276 4013 
3 3276 3275 4013 
3 4954 3275 3276 
3 4934 3277 3278 
3 3278 2927 4933 
3 3278 3277 3372 
3 3374 2927 3278 
3 3374 3278 3372 
3 3279 3220 4069 
3 3231 3208 3237 
3 3231 3204 3208 
3 3424 3234 3280 
3 3281 3210 3243 
3 3279 3210 3281 
3 3301 3283 3302 
3 3284 2546 2577 
3 2581 2572 2582 
3 2458 2434 3285 
3 3286 3283 3301 
3 3301 2473 3286 
3 4913 2554 3287 
3 3287 2567 4913 
3 3288 2434 2458 
3 3288 2428 3289 
3 3289 2428 2476 
3 3290 2476 3791 
3 3289 2476 3290 
3 3791 2433 3290 
3 1723 783 2686 
3 4905 2547 3293 
3 2573 2571 4905 
3 4905 3293 4908 
3 3291 2547 2571 
3 3291 2571 2581 
3 3295 2473 2545 
3 3294 2473 3295 
3 3286 2473 3294 
3 2537 2474 3295 
3 3296 2610 2943 
3 3285 2938 3296 
3 3297 2654 3285 
3 3285 2654 2938 
3 3297 2650 2654 
3 2657 2652 3327 
3 3298 2652 2657 
3 3105 2667 3300 
3 3300 790 3105 
3 3299 790 3300 
3 2544 2473 3301 
3 2555 2544 3301 
3 2556 2555 3302 
3 3302 2555 3301 
3 2557 2556 3794 
3 3794 2556 3302 
3 3303 2561 3304 
3 2561 2471 3304 
3 4911 3304 3792 
3 4911 3303 3304 
3 3307 2563 3305 
3 3307 2552 2563 
3 3306 2537 3295 
3 3295 2545 3306 
3 3284 2537 3306 
3 3307 2557 3794 
3 3305 2557 3307 
3 4276 3987 4133 
3 4276 799 4298 
3 4292 3309 4119 
3 4292 3310 4277 
3 4277 3310 3311 
3 3311 3310 4293 
3 4293 3312 4295 
3 4295 3311 4293 
3 4294 2696 3312 
3 3312 2696 4296 
3 4296 2696 3313 
3 4694 3314 4712 
3 4681 3314 4694 
3 4888 2872 4882 
3 4687 2872 4888 
3 4888 4297 4687 
3 4888 3315 4898 
3 4997 2406 3315 
3 2943 2939 3316 
3 3316 2435 3317 
3 3317 2943 3316 
3 3317 2435 3318 
3 3318 2423 3317 
3 3319 2423 3318 
3 3319 3318 3320 
3 3320 2490 3319 
3 3321 2415 3320 
3 2524 2415 3321 
3 3321 2417 2524 
3 2524 2417 3415 
3 3322 3308 4110 
3 4110 2503 3322 
3 2461 2455 2503 
3 2530 2461 2503 
3 4889 2585 3323 
3 3389 2585 4889 
3 4894 2624 4060 
3 4970 4935 4938 
3 3332 3326 3375 
3 4832 3959 4924 
3 4924 4078 4832 
3 3327 2650 3297 
3 4049 2886 4828 
3 4044 3328 4975 
3 4969 4932 4936 
3 4936 4932 4974 
3 4936 2613 3329 
3 4052 3144 3330 
3 3387 3330 3393 
3 4823 3377 3378 
3 3377 3331 3378 
3 3381 3326 4055 
3 3329 2613 3333 
3 3333 2613 3331 
3 3333 3331 3377 
3 3335 3334 3366 
3 3379 3334 3335 
3 3335 2594 3379 
3 4099 3337 3338 
3 3353 3337 3354 
3 3338 3337 3353 
3 3373 3338 3353 
3 3353 3339 3340 
3 3353 3340 3373 
3 3341 3339 3342 
3 3349 2606 3395 
3 3342 2606 3349 
3 3339 2606 3342 
3 3340 3339 3341 
3 3345 2614 2615 
3 3346 2614 3345 
3 3345 2615 3397 
3 3966 3346 3347 
3 3966 2614 3346 
3 3372 3277 3348 
3 4664 3266 3348 
3 4664 3177 3370 
3 3348 3177 4664 
3 3348 3266 3372 
3 3395 2929 3349 
3 3351 2929 3395 
3 3350 2929 3351 
3 3358 2929 3350 
3 3357 2925 3352 
3 3357 3352 3396 
3 3396 3354 3357 
3 3395 3354 3396 
3 3354 3337 3357 
3 3354 2606 3339 
3 3395 2606 3354 
3 3354 3339 3353 
3 3352 2925 3355 
3 3355 2640 3400 
3 3356 3355 3399 
3 3356 3352 3355 
3 3396 3352 3356 
3 3356 3351 3396 
3 3359 3179 3368 
3 3360 3359 3368 
3 3392 3360 3368 
3 3392 3361 3363 
3 3392 4999 3361 
3 4937 3336 4057 
3 4057 4056 4939 
3 3365 3144 4052 
3 3366 2951 3376 
3 3334 2951 3366 
3 3367 3187 3368 
3 3371 3187 3370 
3 3186 2635 3187 
3 3367 3186 3187 
3 3368 3187 3392 
3 3187 4999 3392 
3 3371 2868 3187 
3 3370 2868 3371 
3 3372 3266 3394 
3 3374 3372 3394 
3 3394 3373 3374 
3 3373 3341 3374 
3 3373 3340 3341 
3 3375 3042 3379 
3 3960 3042 3375 
3 3376 3359 3391 
3 3391 3366 3376 
3 3391 3359 3360 
3 3391 3360 3393 
3 4821 4041 4822 
3 4822 3377 4823 
3 3379 3042 3334 
3 3375 2594 3332 
3 3379 2594 3375 
3 4935 3380 4938 
3 4058 3336 3380 
3 4058 3380 4935 
3 3960 3381 4824 
3 4824 3033 3960 
3 4055 3959 4832 
3 4041 3383 4822 
3 3383 3333 3377 
3 3383 3377 4822 
3 3390 3384 4939 
3 4056 3385 4939 
3 3388 3386 3387 
3 4940 3386 3388 
3 3387 2604 3388 
3 3393 2604 3387 
3 4889 3390 4978 
3 3390 3385 4976 
3 4939 3385 3390 
3 3393 3330 3391 
3 3330 3144 3391 
3 3391 3144 3366 
3 3363 3360 3392 
3 3360 2604 3393 
3 3363 2604 3360 
3 3356 3350 3351 
3 3399 3350 3356 
3 3396 3351 3395 
3 3399 2908 3398 
3 3397 2908 3399 
3 3398 3350 3399 
3 3399 3355 3400 
3 3400 3397 3399 
3 3400 3345 3397 
3 3401 3345 3400 
3 3346 3345 3401 
3 3400 2640 3401 
3 3403 3401 3402 
3 3403 3402 3404 
3 3401 2640 3402 
3 3408 3404 3407 
3 3408 3403 3404 
3 3833 3406 3854 
3 3407 3406 3833 
3 3406 3405 3854 
3 3407 3404 3838 
3 3841 3407 3838 
3 3408 3407 3833 
3 3841 3406 3407 
3 3841 3405 3406 
3 3409 2998 3813 
3 3799 2998 3409 
3 3410 3228 3230 
3 3230 3214 3410 
3 3411 3410 4066 
3 3814 3412 3813 
3 3814 3813 3825 
3 3230 3228 3413 
3 3228 3226 3413 
3 3411 3226 3228 
3 3414 3226 3411 
3 2503 2455 3322 
3 3308 2416 3415 
3 3415 2416 2524 
3 3415 51 3308 
3 3416 3206 3889 
3 3417 3206 3416 
3 4070 3414 3417 
3 3235 3206 4077 
3 3256 3206 3235 
3 3890 3203 3418 
3 3890 3418 3419 
3 3890 3419 3891 
3 3419 3194 3891 
3 3420 3259 3886 
3 3892 3259 3420 
3 3421 3198 3903 
3 3422 3421 3903 
3 3893 3421 3422 
3 3894 3193 3423 
3 3423 3200 3894 
3 3887 3200 3423 
3 3280 3201 3424 
3 3424 3201 3888 
3 3426 3204 3425 
3 3256 3204 3426 
3 3889 3256 3426 
3 3936 3439 3928 
3 3928 3440 3936 
3 3503 3427 3508 
3 3428 3427 3503 
3 3437 3427 3428 
3 3504 3428 3503 
3 3504 3429 3935 
3 3436 3434 3920 
3 3444 3430 3537 
3 3926 3925 3937 
3 3932 3926 3937 
3 3934 3431 3506 
3 3432 3222 3908 
3 3930 3923 3929 
3 3923 3918 3929 
3 3919 3436 3920 
3 3920 3434 3931 
3 3550 3433 3927 
3 3914 3433 3550 
3 3436 3429 3434 
3 3935 3429 3436 
3 3930 3437 3935 
3 3437 3428 3935 
3 3922 3196 3921 
3 3921 3438 3922 
3 3507 3439 3936 
3 3534 3439 3507 
3 3508 3439 3534 
3 3926 3435 3438 
3 3926 3431 3435 
3 3441 3432 3922 
3 3440 3432 3441 
3 3922 3438 3441 
3 3923 3909 3918 
3 3443 3221 3924 
3 3445 3221 3443 
3 3924 3442 3443 
3 3932 3430 3444 
3 3937 3430 3932 
3 3918 3432 3929 
3 3918 3222 3432 
3 3445 3443 3921 
3 3452 3446 3464 
3 3788 3447 3769 
3 3455 3447 3772 
3 3771 3455 3772 
3 3771 3448 3468 
3 3778 3450 3535 
3 3730 3462 3772 
3 3772 3462 3773 
3 3463 3453 3465 
3 3458 3446 3452 
3 3776 3446 3458 
3 3465 3453 3551 
3 3785 3454 3783 
3 3532 3509 3514 
3 3769 3447 3460 
3 3460 3455 3512 
3 3475 3450 3770 
3 3768 3475 3760 
3 3703 3457 3472 
3 3490 3454 3785 
3 3458 3452 3459 
3 3498 3459 3781 
3 3781 3467 3498 
3 3459 3452 3781 
3 3467 3451 3520 
3 3781 3451 3467 
3 3763 3472 3762 
3 3773 3462 3539 
3 3538 3454 3551 
3 3551 3454 3537 
3 3778 3464 3777 
3 3515 3464 3778 
3 3780 3452 3464 
3 3466 3465 3551 
3 3545 3465 3505 
3 3505 3465 3466 
3 3499 3467 3520 
3 3729 3728 3787 
3 3538 3453 3779 
3 3540 3460 3512 
3 3469 3460 3540 
3 3759 3524 3641 
3 3485 3471 3543 
3 3543 3474 3485 
3 3524 3475 3522 
3 3472 3457 3473 
3 3762 3472 3473 
3 3762 3473 3533 
3 3509 3483 3514 
3 3547 3448 3771 
3 3474 3448 3547 
3 3512 3455 3468 
3 3688 3476 3727 
3 3574 3482 3512 
3 3576 3477 3542 
3 3478 3477 3518 
3 3579 3478 3518 
3 3637 3484 3487 
3 3637 3487 3765 
3 3765 3487 3725 
3 3511 3473 3480 
3 3473 3457 3480 
3 3535 3475 3768 
3 3535 3450 3475 
3 3514 3483 3544 
3 3482 3470 3540 
3 3512 3482 3540 
3 3577 3483 3529 
3 3544 3483 3577 
3 3759 3757 3764 
3 3484 3479 3480 
3 3484 3480 3487 
3 3495 3449 3485 
3 3485 3474 3495 
3 3480 3457 3487 
3 3480 3479 3486 
3 3784 3489 3785 
3 3758 3637 3765 
3 3488 3479 3484 
3 3488 3484 3492 
3 3784 3479 3488 
3 3491 3489 3784 
3 3486 3479 3784 
3 3506 3490 3786 
3 3491 3488 3531 
3 3492 3449 3495 
3 3531 3488 3492 
3 3519 3471 3485 
3 3485 3449 3519 
3 3528 3493 3548 
3 3518 3494 3579 
3 3548 3532 3579 
3 3531 3492 3495 
3 3532 3514 3579 
3 3514 3478 3579 
3 3585 3469 3540 
3 3540 3470 3585 
3 3496 3489 3491 
3 3782 3491 3516 
3 3496 3491 3782 
3 3516 3491 3531 
3 3531 3497 3516 
3 3782 3467 3499 
3 3774 3498 3516 
3 3516 3497 3774 
3 3782 3499 3501 
3 3464 3446 3777 
3 3777 3446 3787 
3 3502 3461 3779 
3 3508 3499 3503 
3 3505 3504 3520 
3 3505 3429 3504 
3 3505 3466 3933 
3 3506 3444 3490 
3 3934 3506 3786 
3 3786 3507 3934 
3 3526 3507 3786 
3 3534 3507 3526 
3 3501 3499 3508 
3 3534 3501 3508 
3 3503 3499 3504 
3 3504 3499 3520 
3 3500 3483 3509 
3 3566 3500 3509 
3 3787 3510 3729 
3 3775 3510 3776 
3 3734 3510 3775 
3 3533 3511 3783 
3 3533 3473 3511 
3 3512 3468 3574 
3 3574 3468 3513 
3 3572 3521 3542 
3 3542 3478 3572 
3 3572 3478 3514 
3 3575 3481 3635 
3 3635 3530 3578 
3 3515 3463 3546 
3 3516 3498 3782 
3 3770 3469 3522 
3 3573 3477 3578 
3 3517 3477 3573 
3 3518 3477 3517 
3 3518 3517 3529 
3 3770 3460 3469 
3 3523 3519 3758 
3 3522 3469 3587 
3 3545 3505 3520 
3 3490 3444 3537 
3 3537 3454 3490 
3 3521 3513 3543 
3 3575 3521 3543 
3 3630 3523 3553 
3 3553 3523 3758 
3 3703 3472 3767 
3 3524 3522 3641 
3 3553 3525 3630 
3 3487 3457 3703 
3 3725 3487 3703 
3 3528 3500 3565 
3 3529 3500 3528 
3 3548 3493 3527 
3 3528 3494 3529 
3 3548 3494 3528 
3 3565 3493 3528 
3 3529 3494 3518 
3 3585 3470 3530 
3 3468 3448 3513 
3 3548 3527 3532 
3 3543 3448 3474 
3 3513 3448 3543 
3 3526 3501 3534 
3 3526 3496 3501 
3 3783 3454 3538 
3 3434 3430 3931 
3 3536 3458 3459 
3 3774 3459 3498 
3 3536 3459 3774 
3 3551 3453 3538 
3 3539 3462 3733 
3 3587 3469 3585 
3 3727 3476 3725 
3 3552 3541 3553 
3 3576 3542 3575 
3 3542 3521 3575 
3 3575 3471 3481 
3 3543 3471 3575 
3 3532 3527 3554 
3 3554 3509 3532 
3 3572 3514 3544 
3 3572 3544 3574 
3 3546 3463 3465 
3 3546 3465 3545 
3 3546 3451 3780 
3 3545 3451 3546 
3 3775 3539 3733 
3 3495 3474 3547 
3 3531 3495 3497 
3 3497 3495 3547 
3 3579 3494 3548 
3 3522 3475 3770 
3 3688 3549 3757 
3 3727 3549 3688 
3 3757 3549 3764 
3 3529 3483 3500 
3 3537 3466 3551 
3 3933 3466 3537 
3 3552 3476 3688 
3 3520 3451 3545 
3 3554 3527 3560 
3 3560 3527 3555 
3 3566 3509 3554 
3 3527 3493 3555 
3 3555 3493 3565 
3 3560 3555 3567 
3 3564 3557 3563 
3 3558 3557 3564 
3 3558 3556 3557 
3 3557 3556 3559 
3 3560 3557 3559 
3 3559 3554 3560 
3 3567 3557 3560 
3 3571 3556 3558 
3 3561 3556 3571 
3 3559 3556 3561 
3 3562 3559 3561 
3 3566 3559 3562 
3 3566 3554 3559 
3 3571 3558 3564 
3 3563 3557 3567 
3 3564 3563 3570 
3 3565 3500 3566 
3 3566 3562 3565 
3 3562 3561 3568 
3 3567 3555 3568 
3 3568 3555 3565 
3 3569 3563 3567 
3 3569 3567 3568 
3 3568 3561 3569 
3 3565 3562 3568 
3 3570 3563 3569 
3 3570 3569 3571 
3 3571 3564 3570 
3 3569 3561 3571 
3 3574 3521 3572 
3 3574 3513 3521 
3 3529 3517 3577 
3 3577 3517 3573 
3 3577 3482 3544 
3 3544 3482 3574 
3 3576 3575 3635 
3 3578 3576 3635 
3 3578 3477 3576 
3 3573 3470 3482 
3 3573 3482 3577 
3 3530 3470 3578 
3 3578 3470 3573 
3 3542 3477 3478 
3 3601 3581 3590 
3 3583 3581 3603 
3 3634 3581 3583 
3 3592 3582 3625 
3 3583 3582 3592 
3 3633 3456 3631 
3 3626 3584 3589 
3 3587 3585 3627 
3 3589 3588 3593 
3 3632 3586 3593 
3 3631 3587 3627 
3 3631 3456 3587 
3 3596 3584 3626 
3 3601 3596 3603 
3 3600 3599 3607 
3 3598 3588 3589 
3 3590 3588 3598 
3 3634 3588 3590 
3 3590 3581 3634 
3 3597 3580 3591 
3 3597 3591 3617 
3 3591 3580 3595 
3 3634 3583 3592 
3 3632 3592 3625 
3 3634 3592 3632 
3 3626 3589 3593 
3 3593 3586 3594 
3 3626 3593 3594 
3 3594 3586 3633 
3 3601 3580 3596 
3 3606 3591 3595 
3 3601 3590 3595 
3 3606 3595 3602 
3 3603 3581 3601 
3 3607 3597 3617 
3 3584 3580 3597 
3 3600 3598 3599 
3 3598 3584 3599 
3 3589 3584 3598 
3 3599 3597 3607 
3 3599 3584 3597 
3 3602 3598 3600 
3 3602 3590 3598 
3 3595 3580 3601 
3 3632 3523 3630 
3 3636 3523 3632 
3 3595 3590 3602 
3 3604 3582 3583 
3 3604 3583 3603 
3 3629 3582 3604 
3 3629 3530 3582 
3 3596 3580 3584 
3 3602 3600 3605 
3 3605 3600 3612 
3 3606 3602 3605 
3 3617 3591 3606 
3 3612 3600 3607 
3 3609 3608 3610 
3 3616 3609 3610 
3 3624 3615 3616 
3 3615 3609 3616 
3 3616 3610 3619 
3 3611 3605 3610 
3 3606 3605 3611 
3 3610 3608 3611 
3 3613 3608 3609 
3 3619 3610 3612 
3 3610 3605 3612 
3 3613 3609 3615 
3 3623 3608 3613 
3 3611 3608 3614 
3 3617 3611 3614 
3 3617 3606 3611 
3 3624 3613 3615 
3 3620 3616 3619 
3 3621 3616 3620 
3 3618 3614 3623 
3 3617 3614 3618 
3 3614 3608 3623 
3 3618 3607 3617 
3 3612 3607 3618 
3 3619 3612 3618 
3 3620 3618 3623 
3 3619 3618 3620 
3 3622 3620 3623 
3 3621 3620 3622 
3 3624 3621 3622 
3 3623 3613 3622 
3 3622 3613 3624 
3 3624 3616 3621 
3 3625 3582 3635 
3 3635 3481 3625 
3 3582 3530 3635 
3 3631 3594 3633 
3 3626 3594 3628 
3 3628 3627 3629 
3 3604 3596 3628 
3 3629 3604 3628 
3 3603 3596 3604 
3 3627 3585 3629 
3 3585 3530 3629 
3 3630 3586 3632 
3 3628 3596 3626 
3 3631 3627 3628 
3 3628 3594 3631 
3 3625 3481 3636 
3 3632 3625 3636 
3 3630 3525 3633 
3 3525 3456 3633 
3 3633 3586 3630 
3 3632 3593 3634 
3 3593 3588 3634 
3 3523 3471 3519 
3 3636 3471 3523 
3 3481 3471 3636 
3 3758 3519 3637 
3 3519 3449 3637 
3 3637 3449 3492 
3 3492 3484 3637 
3 3647 3638 3648 
3 3648 3643 3659 
3 3659 3643 3646 
3 3682 3640 3685 
3 3660 3639 3643 
3 3640 3639 3660 
3 3759 3641 3686 
3 3641 3456 3686 
3 3686 3456 3685 
3 3658 3642 3689 
3 3660 3643 3648 
3 3649 3638 3645 
3 3648 3638 3660 
3 3646 3639 3661 
3 3653 3644 3652 
3 3654 3645 3655 
3 3652 3644 3655 
3 3661 3649 3654 
3 3643 3639 3646 
3 3652 3647 3657 
3 3675 3652 3657 
3 3675 3657 3663 
3 3657 3647 3648 
3 3689 3639 3640 
3 3689 3640 3682 
3 3682 3541 3689 
3 3687 3642 3650 
3 3683 3650 3658 
3 3649 3642 3687 
3 3661 3642 3649 
3 3650 3642 3658 
3 3655 3645 3647 
3 3655 3647 3652 
3 3655 3644 3654 
3 3662 3644 3653 
3 3654 3644 3656 
3 3649 3645 3654 
3 3656 3646 3654 
3 3656 3644 3662 
3 3662 3651 3656 
3 3657 3651 3663 
3 3657 3648 3659 
3 3659 3651 3657 
3 3688 3541 3552 
3 3658 3541 3688 
3 3663 3651 3662 
3 3659 3646 3656 
3 3656 3651 3659 
3 3685 3640 3684 
3 3684 3640 3660 
3 3654 3646 3661 
3 3645 3638 3647 
3 3662 3653 3670 
3 3663 3662 3668 
3 3673 3663 3668 
3 3653 3652 3664 
3 3670 3653 3674 
3 3666 3665 3667 
3 3681 3666 3680 
3 3669 3666 3681 
3 3670 3666 3667 
3 3669 3665 3666 
3 3670 3667 3668 
3 3668 3667 3673 
3 3667 3665 3672 
3 3672 3665 3669 
3 3668 3662 3670 
3 3671 3669 3681 
3 3672 3669 3671 
3 3672 3671 3679 
3 3673 3672 3676 
3 3673 3667 3672 
3 3674 3666 3670 
3 3680 3666 3677 
3 3677 3666 3674 
3 3675 3663 3673 
3 3664 3652 3675 
3 3675 3673 3676 
3 3676 3664 3675 
3 3674 3653 3664 
3 3674 3664 3678 
3 3678 3664 3676 
3 3679 3677 3678 
3 3677 3674 3678 
3 3680 3677 3679 
3 3676 3672 3679 
3 3678 3676 3679 
3 3680 3679 3681 
3 3679 3671 3681 
3 3682 3525 3553 
3 3660 3638 3684 
3 3685 3684 3686 
3 3684 3638 3687 
3 3684 3650 3686 
3 3686 3650 3683 
3 3687 3638 3649 
3 3687 3650 3684 
3 3553 3541 3682 
3 3757 3683 3688 
3 3683 3658 3688 
3 3661 3639 3689 
3 3689 3541 3658 
3 3689 3642 3661 
3 3685 3525 3682 
3 3685 3456 3525 
3 3694 3690 3702 
3 3724 3691 3704 
3 3704 3694 3724 
3 3722 3698 3767 
3 3761 3722 3767 
3 3701 3692 3699 
3 3698 3692 3726 
3 3726 3692 3705 
3 3724 3694 3699 
3 3701 3695 3700 
3 3700 3690 3705 
3 3705 3690 3704 
3 3710 3696 3702 
3 3696 3694 3702 
3 3704 3691 3726 
3 3726 3691 3697 
3 3699 3694 3696 
3 3710 3702 3706 
3 3704 3690 3694 
3 3696 3695 3701 
3 3699 3696 3701 
3 3700 3695 3707 
3 3705 3692 3701 
3 3706 3700 3707 
3 3706 3690 3700 
3 3703 3693 3725 
3 3702 3690 3706 
3 3723 3549 3691 
3 3723 3691 3724 
3 3701 3700 3705 
3 3709 3706 3707 
3 3710 3706 3709 
3 3707 3695 3717 
3 3708 3707 3717 
3 3712 3711 3720 
3 3713 3709 3711 
3 3721 3711 3715 
3 3714 3711 3721 
3 3711 3709 3715 
3 3709 3708 3715 
3 3710 3709 3713 
3 3713 3711 3712 
3 3709 3707 3708 
3 3713 3712 3718 
3 3716 3713 3718 
3 3716 3710 3713 
3 3721 3715 3719 
3 3717 3695 3716 
3 3716 3696 3710 
3 3716 3695 3696 
3 3718 3708 3717 
3 3715 3708 3718 
3 3719 3715 3718 
3 3717 3716 3718 
3 3721 3719 3720 
3 3720 3714 3721 
3 3718 3712 3719 
3 3719 3712 3720 
3 3720 3711 3714 
3 3697 3691 3727 
3 3722 3692 3698 
3 3764 3549 3723 
3 3724 3699 3723 
3 3723 3722 3764 
3 3723 3692 3722 
3 3699 3692 3723 
3 3725 3693 3697 
3 3725 3697 3727 
3 3697 3693 3726 
3 3726 3693 3698 
3 3705 3704 3726 
3 3691 3549 3727 
3 3731 3462 3730 
3 3732 3728 3749 
3 3749 3728 3729 
3 3736 3729 3734 
3 3729 3510 3734 
3 3730 3728 3732 
3 3733 3462 3731 
3 3733 3731 3735 
3 3731 3730 3732 
3 3737 3731 3732 
3 3734 3733 3735 
3 3775 3733 3734 
3 3749 3729 3736 
3 3736 3734 3735 
3 3740 3735 3738 
3 3736 3735 3740 
3 3746 3736 3740 
3 3749 3736 3746 
3 3735 3731 3738 
3 3738 3731 3737 
3 3743 3738 3751 
3 3741 3739 3745 
3 3742 3739 3741 
3 3756 3742 3748 
3 3756 3739 3742 
3 3746 3740 3741 
3 3746 3741 3745 
3 3747 3742 3743 
3 3740 3738 3743 
3 3741 3740 3743 
3 3742 3741 3743 
3 3745 3739 3744 
3 3744 3739 3756 
3 3754 3744 3756 
3 3745 3744 3750 
3 3746 3745 3750 
3 3748 3742 3755 
3 3755 3742 3747 
3 3747 3743 3751 
3 3753 3732 3749 
3 3737 3732 3753 
3 3753 3749 3750 
3 3753 3750 3752 
3 3749 3746 3750 
3 3751 3737 3753 
3 3738 3737 3751 
3 3752 3747 3751 
3 3752 3751 3753 
3 3755 3752 3754 
3 3755 3747 3752 
3 3754 3748 3755 
3 3756 3748 3754 
3 3752 3744 3754 
3 3750 3744 3752 
3 3784 3488 3491 
3 3759 3683 3757 
3 3641 3522 3587 
3 3587 3456 3641 
3 3765 3552 3758 
3 3758 3552 3553 
3 3686 3683 3759 
3 3766 3759 3764 
3 3760 3475 3524 
3 3760 3524 3766 
3 3767 3472 3763 
3 3763 3761 3767 
3 3762 3461 3763 
3 3763 3461 3768 
3 3768 3760 3763 
3 3763 3760 3761 
3 3761 3760 3766 
3 3762 3533 3779 
3 3779 3461 3762 
3 3765 3476 3552 
3 3725 3476 3765 
3 3766 3524 3759 
3 3764 3722 3761 
3 3764 3761 3766 
3 3767 3693 3703 
3 3698 3693 3767 
3 3768 3461 3502 
3 3768 3502 3535 
3 3502 3453 3463 
3 3770 3450 3769 
3 3769 3450 3778 
3 3769 3460 3770 
3 3460 3447 3455 
3 3468 3455 3771 
3 3773 3771 3772 
3 3773 3547 3771 
3 3774 3497 3773 
3 3773 3497 3547 
3 3773 3539 3774 
3 3539 3536 3774 
3 3775 3536 3539 
3 3776 3458 3536 
3 3776 3536 3775 
3 3788 3777 3787 
3 3788 3769 3777 
3 3777 3769 3778 
3 3535 3463 3778 
3 3778 3463 3515 
3 3502 3463 3535 
3 3779 3453 3502 
3 3780 3464 3515 
3 3780 3515 3546 
3 3781 3452 3780 
3 3780 3451 3781 
3 3498 3467 3782 
3 3779 3533 3538 
3 3538 3533 3783 
3 3511 3480 3486 
3 3511 3486 3783 
3 3785 3486 3784 
3 3783 3486 3785 
3 3785 3489 3490 
3 3490 3489 3786 
3 3786 3489 3526 
3 3526 3489 3496 
3 3501 3496 3782 
3 3787 3446 3776 
3 3776 3510 3787 
3 3787 3728 3788 
3 3730 3447 3788 
3 3788 3728 3730 
3 3772 3447 3730 
3 4900 3789 3790 
3 3790 2467 4900 
3 3789 2533 3790 
3 4112 2932 4984 
3 3304 2433 3791 
3 3792 3304 3791 
3 3302 3283 3793 
3 3794 3302 3793 
3 3793 2521 3794 
3 3794 2521 3307 
3 3307 2521 3795 
3 3795 2552 3307 
3 3797 3796 3842 
3 3842 3796 3818 
3 2642 2592 3796 
3 3797 3004 3800 
3 3797 2642 3796 
3 3800 2642 3797 
3 3798 3011 3812 
3 3855 3011 3798 
3 3799 3798 3811 
3 3811 2997 3799 
3 3798 3409 3855 
3 3799 3409 3798 
3 3800 3004 3801 
3 3801 2941 3800 
3 3820 3801 3849 
3 2942 2941 3801 
3 3820 3185 3802 
3 3962 3185 3820 
3 3803 2992 3823 
3 3804 3803 3823 
3 2992 2989 3823 
3 3804 3244 3805 
3 3805 3803 3804 
3 3807 3139 3806 
3 3807 3806 3808 
3 3810 3808 3809 
3 3808 2993 3809 
3 3810 3807 3808 
3 3810 3809 3812 
3 3810 2645 3807 
3 3812 2645 3810 
3 3812 3809 3811 
3 3809 2996 3811 
3 3811 3798 3812 
3 3412 2891 3813 
3 3825 3185 3814 
3 3821 3185 3825 
3 3814 3185 3963 
3 3816 3815 3819 
3 3816 3007 3815 
3 3817 3816 3819 
3 3817 3000 3271 
3 3819 3000 3817 
3 3002 3000 3819 
3 3796 3002 3818 
3 3818 3815 3847 
3 3818 3002 3819 
3 3819 3815 3818 
3 3820 2942 3801 
3 3802 2942 3820 
3 3802 3185 3821 
3 3822 3804 3823 
3 3824 3822 3823 
3 3822 3238 3804 
3 3824 3001 3822 
3 3824 2989 3271 
3 3823 2989 3824 
3 2998 2885 3214 
3 3230 2998 3214 
3 3825 3230 3413 
3 3827 3138 3826 
3 3827 2988 3139 
3 3826 2988 3827 
3 3828 3138 3829 
3 3826 3138 3828 
3 3828 3270 3826 
3 3826 3270 3274 
3 3829 3268 3828 
3 3845 2641 3136 
3 3831 2641 3845 
3 3830 2643 3845 
3 3831 2643 3839 
3 3845 2643 3831 
3 3832 3030 3833 
3 3854 3832 3833 
3 3834 3003 3145 
3 3145 3004 3834 
3 3141 2951 3003 
3 3141 3003 3834 
3 3836 3142 3837 
3 3835 3142 3836 
3 3178 3142 3835 
3 3835 3188 4095 
3 3836 3188 3835 
3 3851 3188 3836 
3 3997 3188 3851 
3 3836 3006 3851 
3 3837 3006 3836 
3 3838 2641 3831 
3 3838 3831 3839 
3 3841 3839 3840 
3 3841 3838 3839 
3 3840 3405 3841 
3 3847 3029 3842 
3 3848 3029 3847 
3 3962 3820 3849 
3 3849 3145 3843 
3 3849 3843 3962 
3 3136 3135 3844 
3 3135 2636 3844 
3 3844 3138 3830 
3 3844 3830 3845 
3 3845 3136 3844 
3 3846 3004 3797 
3 3846 3797 3842 
3 3842 3029 3846 
3 3847 3005 3848 
3 3815 3005 3847 
3 3848 3005 3837 
3 3842 3818 3847 
3 3801 3004 3849 
3 3849 3004 3145 
3 4097 3188 3997 
3 4095 3188 4097 
3 4097 3850 4098 
3 3997 3850 4097 
3 3851 3850 3997 
3 3850 2638 4098 
3 4096 4095 4097 
3 3853 3850 3852 
3 3852 3850 3851 
3 3850 2637 2638 
3 3853 2637 3850 
3 3855 3409 3856 
3 3409 2891 3856 
3 3854 3405 3856 
3 3856 3010 3855 
3 3405 3010 3856 
3 3860 2687 4285 
3 4283 3857 3979 
3 3978 3857 3867 
3 3979 3857 3978 
3 4803 3858 4284 
3 4284 3858 4085 
3 4287 3859 4283 
3 4286 3859 4287 
3 3859 3857 4283 
3 4722 3868 4709 
3 4288 2602 3123 
3 3861 3124 4286 
3 3873 2896 3862 
3 3862 3124 3872 
3 4310 3864 4085 
3 4290 3864 4311 
3 3872 3865 3866 
3 3944 3865 3869 
3 3866 3865 3944 
3 3867 3857 3871 
3 3951 3867 3871 
3 3978 3977 4803 
3 4892 4881 4890 
3 3869 3868 4722 
3 3869 3865 3868 
3 3948 3869 4722 
3 4890 3860 4998 
3 3870 2877 4826 
3 3956 3870 4826 
3 3871 2896 3873 
3 3950 3871 3873 
3 3873 3862 3872 
3 3872 3866 3952 
3 3873 3872 3952 
3 4941 2688 4918 
3 2890 2688 4941 
3 4918 3874 4941 
3 4918 2586 3874 
3 3874 2586 2955 
3 4943 2611 3013 
3 3882 2611 4943 
3 4927 3878 4943 
3 4943 3876 4927 
3 3880 3877 3878 
3 3880 3878 4927 
3 4947 3879 3995 
3 4947 2953 2954 
3 3995 2953 4947 
3 4944 3881 4945 
3 4013 3881 4944 
3 4945 3019 3882 
3 3881 3019 4945 
3 3882 3019 4093 
3 2700 2607 3883 
3 3884 2607 3885 
3 4111 3884 3885 
3 3248 3223 3893 
3 3893 3193 3248 
3 3424 3200 3887 
3 3895 3200 3424 
3 3888 3204 3231 
3 3425 3204 3888 
3 3418 3203 3897 
3 3889 3203 3416 
3 3416 3203 3890 
3 3891 3260 3890 
3 3886 3260 3891 
3 3420 3198 3421 
3 3420 3194 3198 
3 3892 3421 3893 
3 3892 3420 3421 
3 3893 3223 3892 
3 3248 3193 3894 
3 4076 3248 3894 
3 3894 3192 4076 
3 3200 3192 3894 
3 3888 3231 3895 
3 3895 3424 3888 
3 3425 3201 3896 
3 3426 3425 3896 
3 3897 3203 3896 
3 3896 3203 3426 
3 3280 3191 3898 
3 3898 3201 3280 
3 3234 3197 3904 
3 3911 3197 3900 
3 3904 3197 3911 
3 3900 3197 3899 
3 3901 3189 3906 
3 3903 3901 3906 
3 3905 3241 3419 
3 3242 3233 3902 
3 3897 3253 3902 
3 3907 3234 3904 
3 3902 3233 3905 
3 3241 3194 3419 
3 3900 3899 3906 
3 3897 3896 3898 
3 3898 3253 3897 
3 3907 3191 3280 
3 3917 3191 3907 
3 3908 3222 3913 
3 3914 3190 3909 
3 3909 3433 3914 
3 3913 3900 3906 
3 3916 3900 3913 
3 3910 3191 3917 
3 3917 3195 3910 
3 3915 3199 3233 
3 3915 3233 3912 
3 3912 3221 3445 
3 3910 3242 3253 
3 3910 3221 3242 
3 3906 3189 3913 
3 3445 3196 3912 
3 3901 3199 3915 
3 3242 3221 3912 
3 3918 3909 3916 
3 3929 3432 3440 
3 3920 3433 3919 
3 3919 3909 3923 
3 3919 3433 3909 
3 3927 3433 3920 
3 3438 3435 3441 
3 3921 3196 3445 
3 3922 3432 3908 
3 3930 3436 3919 
3 3930 3919 3923 
3 3924 3550 3927 
3 3927 3442 3924 
3 3925 3442 3937 
3 3443 3442 3925 
3 3926 3438 3925 
3 3925 3438 3921 
3 3921 3443 3925 
3 3931 3442 3927 
3 3927 3920 3931 
3 3508 3427 3439 
3 3439 3427 3928 
3 3929 3440 3928 
3 3928 3427 3437 
3 3929 3437 3930 
3 3928 3437 3929 
3 3935 3436 3930 
3 3933 3429 3505 
3 3434 3429 3933 
3 3937 3442 3931 
3 3931 3430 3937 
3 3506 3431 3932 
3 3932 3444 3506 
3 3932 3431 3926 
3 3933 3430 3434 
3 3934 3507 3936 
3 3936 3435 3934 
3 3935 3428 3504 
3 3936 3440 3441 
3 3441 3435 3936 
3 3435 3431 3934 
3 3537 3430 3933 
3 2936 2587 3938 
3 2624 2587 2936 
3 3941 2584 2933 
3 3940 2584 2937 
3 3941 2934 3942 
3 3942 2935 4109 
3 3942 2934 2935 
3 3938 2587 2937 
3 3943 3939 4665 
3 4893 4891 4894 
3 4894 4060 4893 
3 3946 3944 3949 
3 3946 3866 3944 
3 3949 2589 3946 
3 3952 3946 3953 
3 3952 3866 3946 
3 3951 2897 3947 
3 3947 3867 3951 
3 3977 2677 4803 
3 4803 2677 4826 
3 3944 3869 3949 
3 3949 3869 3948 
3 3948 2698 3949 
3 4998 2870 4890 
3 3951 3871 3950 
3 3028 2898 3950 
3 3950 2898 3951 
3 2898 2897 3951 
3 3954 3952 3953 
3 3950 3873 3954 
3 3954 3873 3952 
3 3954 3028 3950 
3 3954 3026 3028 
3 3953 3026 3954 
3 4948 3955 4981 
3 4981 4931 4948 
3 3956 2625 4090 
3 4090 3870 3956 
3 4883 3943 4829 
3 4012 3325 3957 
3 4891 3324 3958 
3 4012 3324 4891 
3 4059 3958 4970 
3 4970 3959 4935 
3 3375 3326 3381 
3 3960 3375 3381 
3 4831 3843 3961 
3 3963 3962 4038 
3 3963 3185 3962 
3 3964 3412 3963 
3 3963 3412 3814 
3 3988 3030 3832 
3 3965 3030 3988 
3 3032 3030 3965 
3 3347 3032 3965 
3 3966 3347 4821 
3 3969 2626 3967 
3 3343 2626 3969 
3 2626 2614 3967 
3 3969 3967 4823 
3 3967 2614 3966 
3 3969 3378 4820 
3 3971 3969 4820 
3 3970 3969 3971 
3 3970 3343 3969 
3 3970 3968 4950 
3 4965 3972 3974 
3 4967 3972 4965 
3 3973 3972 4030 
3 3974 3972 3973 
3 3974 2629 4964 
3 3973 2629 3974 
3 4780 3975 4031 
3 3976 3975 4780 
3 4031 3975 4029 
3 3975 2618 4029 
3 3976 2646 3975 
3 3947 2646 3976 
3 3977 3947 3976 
3 3976 2677 3977 
3 3977 3867 3947 
3 3978 3867 3977 
3 3979 3863 4283 
3 4835 2648 2866 
3 2676 2648 4827 
3 4827 2648 4835 
3 4856 3980 4280 
3 3983 2658 3981 
3 3985 2662 3983 
3 4994 2686 4281 
3 4282 3981 3986 
3 3986 3982 4282 
3 4717 4688 4713 
3 4757 3987 4827 
3 3962 3843 4038 
3 3988 3832 3964 
3 3964 2891 3412 
3 3832 2891 3964 
3 3989 2886 4043 
3 4043 2886 4049 
3 4044 4033 4049 
3 4968 4033 4044 
3 4045 3990 4969 
3 4936 3329 4045 
3 4045 3329 3991 
3 3991 3329 3333 
3 3991 3333 4040 
3 4039 3992 4046 
3 4078 2612 3990 
3 4952 3994 4953 
3 3994 3877 3880 
3 4952 3877 3994 
3 4953 3994 4956 
3 3994 3879 4956 
3 3995 3879 3994 
3 3880 2953 3995 
3 3994 3880 3995 
3 4956 3879 3998 
3 3998 3996 4956 
3 3998 3264 3999 
3 3999 3996 3998 
3 4957 3996 3999 
3 4958 3999 4000 
3 3999 3264 4000 
3 4958 4000 4001 
3 4000 3014 4001 
3 4001 2623 4960 
3 4960 2623 4002 
3 3014 2623 4001 
3 4961 4002 4003 
3 4002 2623 2907 
3 4002 2907 4003 
3 4003 2627 4004 
3 4961 4003 4004 
3 4004 2627 4005 
3 4005 3031 4004 
3 4007 3031 4005 
3 4966 3031 4007 
3 4007 4005 4949 
3 4009 4007 4949 
3 4951 4009 4949 
3 4009 4006 4007 
3 4008 4006 4009 
3 4973 4008 4009 
3 4932 4010 4975 
3 4969 4010 4932 
3 4968 4011 4033 
3 4893 3325 4012 
3 4893 4012 4891 
3 4036 3325 4893 
3 4014 3282 4013 
3 3282 2867 4013 
3 4013 3275 4014 
3 4016 3261 4014 
3 4015 3261 4016 
3 4014 3275 4016 
3 4015 3017 4017 
3 4016 3017 4015 
3 3018 3017 4016 
3 3275 3018 4016 
3 4017 3017 4018 
3 4019 2598 4017 
3 4017 2599 4015 
3 4019 2597 4021 
3 4018 2597 4019 
3 4019 4017 4018 
3 4021 2597 2621 
3 4021 2991 4019 
3 4020 3024 4021 
3 4022 4020 4021 
3 4021 2621 4022 
3 4022 2620 4025 
3 2621 2620 4022 
3 4023 4020 4022 
3 4024 4023 4025 
3 4023 4022 4025 
3 4026 2903 4024 
3 4026 2904 4028 
3 4024 2904 4026 
3 4025 2904 4024 
3 4027 2903 4026 
3 4027 4026 4028 
3 4030 2630 3973 
3 4029 2630 4030 
3 4027 2630 4029 
3 4028 2630 4027 
3 4030 3972 4031 
3 4031 4029 4030 
3 4032 3972 4785 
3 4031 3972 4032 
3 4828 3328 4049 
3 4012 3957 4034 
3 4034 3324 4012 
3 4829 3957 4883 
3 4035 3939 4883 
3 4883 3325 4035 
3 4060 4036 4893 
3 4061 4036 4060 
3 4051 3988 4037 
3 3988 3964 4037 
3 4831 4042 4830 
3 4042 4037 4830 
3 3961 3033 4831 
3 4824 4039 4046 
3 4046 3382 4824 
3 3382 3033 4824 
3 4040 3333 3383 
3 4050 3383 4041 
3 4050 4041 4051 
3 4042 3033 3382 
3 4831 3033 4042 
3 4051 4037 4042 
3 4042 3382 4050 
3 4050 3382 4046 
3 4091 3989 4043 
3 4091 4043 4048 
3 4048 4043 4049 
3 4049 4033 4048 
3 4049 3328 4044 
3 4936 4045 4969 
3 4045 3991 3992 
3 4046 3992 4040 
3 3992 3991 4040 
3 4045 3992 4047 
3 4047 3990 4045 
3 4048 4033 4079 
3 4048 3993 4091 
3 4044 4010 4968 
3 4046 3383 4050 
3 4040 3383 4046 
3 4051 4042 4050 
3 3386 3330 3387 
3 4052 3330 3386 
3 4056 3365 4052 
3 4053 3365 4056 
3 4058 3332 4053 
3 4054 3326 3332 
3 4054 3332 4058 
3 4055 3326 4054 
3 4832 3992 4039 
3 4052 3385 4056 
3 3386 3385 4052 
3 4057 4053 4056 
3 4053 3336 4058 
3 4057 3336 4053 
3 4935 4054 4058 
3 2639 2624 4894 
3 4060 2624 2936 
3 4060 2650 4061 
3 2936 2650 4060 
3 4061 2652 4036 
3 4036 2652 4035 
3 4035 2652 4062 
3 4072 4069 4075 
3 3232 3220 4063 
3 4063 3220 4064 
3 4064 3220 3279 
3 3414 3225 3226 
3 3240 3213 3225 
3 3410 3250 4066 
3 4068 4067 4071 
3 4066 3250 4072 
3 4068 3257 4063 
3 4063 3205 4068 
3 4073 3212 3240 
3 4069 3220 4075 
3 4077 3411 4066 
3 3224 3202 4070 
3 4074 3232 4076 
3 4071 3207 3223 
3 4075 3208 4072 
3 4071 3257 4068 
3 3240 3202 4073 
3 3223 3207 3209 
3 4074 3237 4075 
3 3235 3204 3256 
3 4070 3202 3240 
3 4076 3232 3257 
3 3417 3224 4070 
3 4066 3235 4077 
3 4047 3992 4832 
3 4078 3990 4047 
3 4968 2612 4011 
3 4033 4011 4079 
3 4079 3993 4048 
3 4079 2878 3993 
3 4080 1555 4992 
3 4993 1555 4080 
3 4988 1556 4081 
3 4081 1556 4082 
3 4083 2632 4081 
3 4083 4081 4082 
3 4134 4084 4983 
3 4983 4133 4757 
3 4757 4134 4983 
3 4983 1559 4133 
3 4086 3858 4083 
3 4085 3858 4086 
3 4311 4087 4290 
3 4290 4087 4982 
3 4982 4084 4290 
3 4987 3870 4088 
3 3870 2632 2877 
3 4987 2632 3870 
3 4090 2625 4089 
3 4089 4088 4090 
3 4088 3870 4090 
3 4993 3989 4091 
3 2619 2403 4091 
3 3993 2619 4091 
3 4092 2955 4980 
3 3883 2955 4092 
3 4093 4092 4980 
3 4093 3019 4971 
3 4971 2603 4092 
3 3883 2603 2700 
3 4094 2634 2635 
3 4102 2634 4094 
3 4096 4094 4095 
3 4094 2635 3186 
3 4094 3186 4095 
3 4098 4096 4097 
3 4102 4096 4098 
3 4102 4098 4103 
3 4101 2634 4102 
3 4102 4094 4096 
3 4100 3338 3394 
3 4101 3338 4100 
3 3394 3338 3373 
3 3266 2634 4100 
3 3394 3266 4100 
3 4103 4101 4102 
3 4103 4099 4101 
3 4099 3338 4101 
3 4100 2634 4101 
3 4103 2638 4104 
3 4098 2638 4103 
3 4103 3134 4099 
3 4104 3134 4103 
3 3321 2491 4107 
3 4106 1581 4105 
3 2456 2435 4106 
3 4105 88 2491 
3 2491 2463 4105 
3 4990 2890 3884 
3 4984 2932 4972 
3 2949 2940 4108 
3 4990 3884 4111 
3 4111 1586 4990 
3 4309 4112 4984 
3 4309 4109 4112 
3 4109 2935 4112 
3 3885 2870 4111 
3 4111 2870 2948 
3 4735 2893 4113 
3 4114 2893 4735 
3 4756 2893 4114 
3 4122 4114 4121 
3 4756 4114 4122 
3 4264 4115 4116 
3 4115 3036 4116 
3 4116 2651 4118 
3 3036 2651 4116 
3 4122 2659 4756 
3 4123 4117 4124 
3 4130 4117 4123 
3 4118 2651 4119 
3 4119 2651 2653 
3 4118 3309 4120 
3 4119 3309 4118 
3 4729 4116 4120 
3 4120 4116 4118 
3 4833 4117 4130 
3 4122 4121 4126 
3 4299 4276 4298 
3 4124 2668 4123 
3 4124 2675 4125 
3 3181 2668 4124 
3 4125 3181 4124 
3 4125 1597 3181 
3 4899 1597 4125 
3 4874 4117 4833 
3 4132 4127 4834 
3 4834 4120 4128 
3 4120 3309 4128 
3 4128 3980 4299 
3 4729 4120 4834 
3 3133 2659 4129 
3 4129 2659 4130 
3 4130 4123 4129 
3 4127 2888 4266 
3 4267 2888 4131 
3 4132 2661 2888 
3 4132 2888 4127 
3 4276 3980 3987 
3 4299 3980 4276 
3 4133 3987 4757 
3 4835 4134 4757 
3 4835 3863 4134 
3 4689 2682 4135 
3 4135 2682 2707 
3 4135 2707 4714 
3 4674 4136 4157 
3 4690 4136 4674 
3 4674 2703 4690 
3 4155 2706 4137 
3 4155 2705 2706 
3 4137 2706 4836 
3 4139 4138 4153 
3 4159 2711 4138 
3 4159 4139 4160 
3 4159 4138 4139 
3 4697 4140 4141 
3 4140 2708 4141 
3 4700 4142 4699 
3 4699 4142 4698 
3 4699 4698 4715 
3 4841 4145 4839 
3 4839 2691 4143 
3 4145 2691 4839 
3 4840 4143 4144 
3 4839 4143 4840 
3 2691 2690 4143 
3 4841 2712 4145 
3 4145 2712 4146 
3 4146 2691 4145 
3 4171 2691 4146 
3 4148 4147 4174 
3 4158 4147 4148 
3 4149 2680 4842 
3 4842 2715 4149 
3 4792 2715 4842 
3 4150 2721 2722 
3 4167 2721 4150 
3 4150 2714 4167 
3 4169 4140 4151 
3 4169 2716 4140 
3 4715 2708 4152 
3 4152 2718 4715 
3 4152 2716 4170 
3 4153 4138 4154 
3 4154 2973 4153 
3 4154 2972 2973 
3 4137 2821 4155 
3 4157 2822 4155 
3 2973 2972 4673 
3 4156 2973 4673 
3 4136 2822 4157 
3 4158 3151 4147 
3 4158 3052 4836 
3 4148 3052 4158 
3 4788 4159 4161 
3 4161 4159 4160 
3 4788 4161 4837 
3 4788 2711 4159 
3 4162 4160 4790 
3 4161 4160 4162 
3 4838 4161 4162 
3 4837 4161 4838 
3 4164 4163 4173 
3 4163 2679 4173 
3 4166 4163 4164 
3 4165 2726 4843 
3 3058 2726 4165 
3 4843 3054 4165 
3 4164 3054 4166 
3 4168 2724 4167 
3 4167 2714 4168 
3 4149 3056 4169 
3 4149 2715 3056 
3 4170 2720 4152 
3 4170 3056 4150 
3 4150 2722 4170 
3 4171 2679 2917 
3 4173 2679 4171 
3 4171 4146 4173 
3 4172 2691 4171 
3 4146 3121 4173 
3 4174 3058 3122 
3 4147 3058 4174 
3 3122 3058 4165 
3 4147 2727 3058 
3 4175 2789 4816 
3 4183 2789 4175 
3 4816 2789 4817 
3 4177 4176 4194 
3 4194 2798 4177 
3 4187 4176 4177 
3 4797 2793 4178 
3 4178 2788 4797 
3 4179 3090 4231 
3 4231 2796 4179 
3 4180 2796 4231 
3 4182 4180 4181 
3 4182 2796 4180 
3 4175 2828 2984 
3 4175 2984 4183 
3 4186 4184 4185 
3 4186 2985 4184 
3 2985 2829 4184 
3 4185 4182 4186 
3 4185 3082 4182 
3 4182 4181 4186 
3 4187 4177 4188 
3 4187 2790 4176 
3 4188 3086 4187 
3 4177 2798 4188 
3 4190 4189 4191 
3 4190 3083 4189 
3 4191 2863 2865 
3 4191 2865 4190 
3 4189 3087 4191 
3 4844 4192 4796 
3 4228 2792 4192 
3 4192 2792 4796 
3 4178 2793 3089 
3 4178 3089 4193 
3 4193 3089 4179 
3 4194 3162 4817 
3 4176 3162 4194 
3 4207 2777 4195 
3 2855 2777 4207 
3 4207 4195 4196 
3 4196 2794 4207 
3 4195 4193 4196 
3 4816 3161 4197 
3 3161 3160 4197 
3 4197 4175 4816 
3 4197 2828 4175 
3 4197 2783 4204 
3 4199 2786 4202 
3 4198 2786 4199 
3 4219 4199 4201 
3 4218 4198 4199 
3 4201 3085 4219 
3 4202 2786 4200 
3 4815 4201 4202 
3 4201 4199 4202 
3 4774 2773 4767 
3 4203 2773 4774 
3 4209 2773 4203 
3 4203 2857 4209 
3 4216 4204 4205 
3 4205 2983 4216 
3 4205 2827 2983 
3 2854 2853 4206 
3 4667 2854 4206 
3 4207 2794 4208 
3 4208 2854 2855 
3 4208 2855 4207 
3 4210 2775 4209 
3 2778 2775 4210 
3 4209 2857 4210 
3 4847 4211 4775 
3 4847 3088 4211 
3 4211 4203 4775 
3 4214 2730 4213 
3 2771 2730 4214 
3 4213 3079 4215 
3 4215 2858 4214 
3 2862 2858 4215 
3 4214 4213 4215 
3 4216 2853 4217 
3 4219 3084 4220 
3 3085 3084 4219 
3 4218 4199 4219 
3 4220 4218 4219 
3 3084 2865 4220 
3 4220 3079 4218 
3 4220 2864 3079 
3 4849 3157 4223 
3 4849 4222 4850 
3 4223 4222 4849 
3 4223 2783 4222 
3 4812 2783 4223 
3 4224 3091 4225 
3 4225 2803 4224 
3 3091 2781 2782 
3 3091 2782 4225 
3 4818 4227 4853 
3 4818 4226 4227 
3 4845 4226 4818 
3 3099 3092 4242 
3 3093 3092 3099 
3 4240 4228 4229 
3 4229 4228 4798 
3 4798 2800 4229 
3 4241 2801 4230 
3 4230 2782 4180 
3 2801 2782 4230 
3 4230 4180 4231 
3 4226 2829 4232 
3 4227 4226 4232 
3 4232 2831 4227 
3 2986 2831 4232 
3 4234 2986 4233 
3 4234 2831 2986 
3 4181 2781 4235 
3 4235 2985 4186 
3 4186 4181 4235 
3 4235 2781 4233 
3 4233 2986 4235 
3 4237 4188 4236 
3 4188 2798 4236 
3 4237 3094 4239 
3 4236 3094 4237 
3 2809 2799 4238 
3 4239 4238 4798 
3 4238 2799 4798 
3 4230 3090 4241 
3 4231 3090 4230 
3 4229 3090 4240 
3 4241 3090 4229 
3 4229 2800 4241 
3 3099 2797 3164 
3 4242 2797 3099 
3 4242 3092 3163 
3 4244 3111 3112 
3 4244 3112 4243 
3 4724 3111 4244 
3 4262 2912 4724 
3 3149 2912 4262 
3 4724 2912 3111 
3 4247 3048 4248 
3 4734 4249 4750 
3 4750 4249 4264 
3 4249 4115 4264 
3 4736 3040 3041 
3 4252 2673 4251 
3 4250 2673 4252 
3 3041 2673 4250 
3 4251 2914 4746 
3 4252 4251 4746 
3 4734 3048 4249 
3 4253 3048 4734 
3 4249 3048 3049 
3 4248 3048 4253 
3 4254 4247 4248 
3 4254 4248 4727 
3 4716 4254 4727 
3 4257 4255 4723 
3 4723 4244 4257 
3 4244 4243 4257 
3 3109 3108 4256 
3 4257 3109 4256 
3 4256 4255 4257 
3 4748 4260 4261 
3 4746 4260 4748 
3 4746 2914 4260 
3 4725 4261 4262 
3 4747 4261 4725 
3 4261 3150 4262 
3 4260 3150 4261 
3 4264 4121 4750 
3 4264 4116 4729 
3 4834 4265 4729 
3 4266 2888 4267 
3 4751 4266 4267 
3 4131 1713 4752 
3 4267 4131 4752 
3 4269 4268 4270 
3 4269 2911 4896 
3 2913 2911 4269 
3 4270 2913 4269 
3 4895 4271 4996 
3 4271 1715 4996 
3 4275 1715 4271 
3 4271 4269 4896 
3 4272 3183 4273 
3 4272 2919 3183 
3 4273 2966 4272 
3 4274 2966 4273 
3 3174 2966 4274 
3 4274 2971 3174 
3 4275 4271 4896 
3 4995 4275 4896 
3 2874 423 2404 
3 3987 3980 4856 
3 4277 3311 3983 
3 4277 3981 4282 
3 3983 3981 4277 
3 4278 3982 3984 
3 4282 3982 4278 
3 3985 3311 4295 
3 3983 3311 3985 
3 4994 4281 4898 
3 4278 3984 4280 
3 4280 3984 4856 
3 4717 3985 4295 
3 4898 4281 4297 
3 4292 4277 4282 
3 4282 4278 4292 
3 4717 4296 4718 
3 4718 4688 4717 
3 4085 3864 4284 
3 4284 3864 4825 
3 3861 2946 4709 
3 3868 3861 4709 
3 3123 2602 4721 
3 4286 3124 3862 
3 3862 3859 4286 
3 3125 2946 3861 
3 4286 3125 3861 
3 4289 4284 4825 
3 4825 3863 4289 
3 4290 4084 4825 
3 4825 3864 4290 
3 3863 2866 4283 
3 4835 2866 3863 
3 4291 2661 4298 
3 4280 3309 4278 
3 4278 3309 4292 
3 4119 3310 4292 
3 4119 2653 3310 
3 3310 2653 4293 
3 4294 3312 4293 
3 4295 3312 4717 
3 4717 3312 4296 
3 4712 4279 4718 
3 4712 3314 4279 
3 3315 804 4898 
3 4298 4132 4299 
3 4298 2661 4132 
3 4128 3309 4280 
3 1580 51 3415 
3 2527 1747 2502 
3 2462 1741 4301 
3 4302 121 2515 
3 4303 1743 2495 
3 2495 2443 4303 
3 4304 1744 2464 
3 4305 1744 4304 
3 4304 2522 4305 
3 2505 59 4306 
3 4107 1582 2417 
3 1582 1580 2417 
3 4307 4108 4109 
3 4307 4109 4309 
3 4307 1585 4108 
3 4310 1750 4311 
3 4986 1750 4310 
3 4311 1562 4087 
3 1750 1562 4311 
3 4311 3864 4310 
3 4858 4312 4320 
3 4858 4320 4333 
3 4464 4313 4322 
3 4313 2806 4862 
3 4471 2806 4313 
3 4861 4314 4321 
3 4770 2807 4315 
3 4315 4314 4467 
3 4318 4316 4330 
3 4468 4316 4318 
3 4467 4316 4468 
3 4318 4317 4488 
3 4319 2813 4469 
3 4475 4319 4488 
3 4475 2814 4319 
3 4488 4463 4475 
3 4476 4320 4461 
3 4333 4320 4476 
3 4464 4314 4466 
3 4321 4314 4464 
3 4465 4321 4464 
3 4858 4335 4465 
3 4465 4322 4858 
3 4332 4323 4333 
3 4858 4333 4335 
3 4860 4324 4325 
3 4652 4324 4860 
3 4335 4325 4465 
3 4859 4326 4327 
3 4326 4321 4334 
3 4861 4321 4326 
3 4327 4326 4334 
3 4481 4329 4859 
3 4329 4328 4859 
3 4330 4329 4331 
3 4330 4328 4329 
3 4330 4316 4328 
3 4487 4317 4331 
3 4330 4317 4318 
3 4331 4317 4330 
3 4476 4332 4333 
3 4334 4324 4327 
3 4325 4324 4334 
3 4327 4324 4654 
3 4325 4321 4465 
3 4334 4321 4325 
3 4335 4323 4860 
3 4333 4323 4335 
3 4390 4336 4393 
3 4438 4419 4440 
3 4420 4337 4447 
3 4340 4339 4345 
3 4422 4339 4340 
3 4369 4340 4345 
3 4368 4340 4369 
3 4343 4341 4342 
3 4344 4342 4371 
3 4343 4342 4344 
3 4374 4344 4424 
3 4374 4343 4344 
3 4424 4344 4441 
3 4345 4339 4385 
3 4346 4345 4385 
3 4369 4346 4376 
3 4369 4345 4346 
3 4394 4347 4445 
3 4425 4347 4394 
3 4348 4347 4425 
3 4349 4347 4380 
3 4445 4347 4349 
3 4445 4349 4383 
3 4380 4347 4378 
3 4428 4350 4449 
3 4351 4350 4428 
3 4429 4351 4428 
3 4387 4351 4429 
3 4429 4384 4387 
3 4426 4350 4427 
3 4427 4350 4351 
3 4427 4351 4352 
3 4352 4351 4387 
3 4357 4353 4354 
3 4357 4354 4399 
3 4431 4357 4399 
3 4396 4379 4430 
3 4430 4355 4396 
3 4356 4355 4450 
3 4433 4355 4356 
3 4401 4396 4433 
3 4398 4396 4401 
3 4396 4355 4433 
3 4432 4354 4453 
3 4399 4354 4432 
3 4399 4358 4452 
3 4432 4358 4399 
3 4434 4359 4404 
3 4404 4359 4437 
3 4405 4359 4434 
3 4360 4359 4405 
3 4410 4361 4362 
3 4362 4361 4435 
3 4409 4362 4435 
3 4363 4362 4454 
3 4410 4362 4363 
3 4454 4362 4409 
3 4414 4364 4458 
3 4458 4364 4436 
3 4455 4364 4414 
3 4460 4366 4417 
3 4417 4403 4460 
3 4417 4367 4403 
3 4419 4368 4369 
3 4438 4368 4419 
3 4370 4339 4422 
3 4372 4370 4422 
3 4443 4339 4370 
3 4441 4371 4439 
3 4441 4344 4371 
3 4439 4373 4441 
3 4342 4341 4372 
3 4422 4342 4372 
3 4372 4341 4622 
3 4441 4373 4440 
3 4440 4423 4441 
3 4441 4423 4424 
3 4626 4343 4374 
3 4624 4375 4626 
3 4375 4343 4626 
3 4419 4376 4440 
3 4419 4369 4376 
3 4626 4374 4448 
3 4448 4377 4442 
3 4378 4348 4420 
3 4378 4347 4348 
3 4426 4379 4451 
3 4427 4379 4426 
3 4394 4379 4427 
3 4383 4381 4445 
3 4386 4381 4383 
3 4382 4381 4386 
3 4446 4381 4382 
3 4443 4382 4386 
3 4446 4382 4391 
3 4387 4384 4447 
3 4447 4337 4387 
3 4449 4383 4428 
3 4442 4383 4449 
3 4448 4442 4449 
3 4443 4386 4442 
3 4386 4383 4442 
3 4444 4352 4387 
3 4387 4337 4444 
3 4451 4389 4426 
3 4451 4388 4389 
3 4626 4389 4625 
3 4448 4389 4626 
3 4389 4350 4426 
3 4448 4350 4389 
3 4399 4390 4431 
3 4399 4336 4390 
3 4354 4353 4392 
3 4391 4353 4446 
3 4392 4391 4646 
3 4407 4392 4646 
3 4392 4353 4391 
3 4393 4356 4450 
3 4430 4379 4395 
3 4395 4353 4430 
3 4446 4353 4395 
3 4397 4388 4451 
3 4398 4397 4451 
3 4400 4397 4398 
3 4457 4397 4400 
3 4400 4398 4401 
3 4452 4336 4399 
3 4457 4400 4410 
3 4400 4361 4410 
3 4401 4361 4400 
3 4453 4361 4401 
3 4421 4405 4434 
3 4412 4402 4460 
3 4460 4403 4412 
3 4460 4402 4404 
3 4460 4437 4455 
3 4460 4404 4437 
3 4456 4405 4421 
3 4407 4359 4360 
3 4406 4359 4407 
3 4643 4406 4407 
3 4643 4365 4406 
3 4642 4365 4643 
3 4456 4409 4435 
3 4456 4408 4409 
3 4409 4408 4454 
3 4410 4402 4457 
3 4410 4363 4402 
3 4457 4402 4412 
3 4412 4403 4411 
3 4457 4412 4633 
3 4412 4411 4633 
3 4458 4338 4414 
3 4636 4367 4436 
3 4436 4413 4636 
3 4415 4364 4365 
3 4436 4415 4459 
3 4436 4364 4415 
3 4417 4366 4416 
3 4366 4338 4416 
3 4365 4364 4455 
3 4403 4367 4418 
3 4418 4367 4636 
3 4440 4373 4438 
3 4447 4378 4420 
3 4421 4408 4456 
3 4439 4340 4368 
3 4371 4340 4439 
3 4422 4340 4371 
3 4371 4342 4422 
3 4385 4377 4423 
3 4423 4346 4385 
3 4423 4377 4424 
3 4377 4374 4424 
3 4448 4374 4377 
3 4425 4352 4444 
3 4444 4348 4425 
3 4427 4352 4425 
3 4425 4394 4427 
3 4429 4349 4380 
3 4429 4380 4384 
3 4428 4349 4429 
3 4383 4349 4428 
3 4431 4355 4430 
3 4450 4355 4431 
3 4430 4357 4431 
3 4430 4353 4357 
3 4453 4401 4432 
3 4401 4358 4432 
3 4433 4356 4452 
3 4452 4358 4433 
3 4433 4358 4401 
3 4404 4363 4434 
3 4402 4363 4404 
3 4434 4363 4454 
3 4435 4361 4405 
3 4361 4360 4405 
3 4436 4367 4458 
3 4458 4367 4417 
3 4455 4366 4460 
3 4414 4366 4455 
3 4438 4373 4439 
3 4439 4368 4438 
3 4622 4341 4375 
3 4375 4341 4343 
3 4376 4346 4423 
3 4440 4376 4423 
3 4385 4339 4442 
3 4442 4377 4385 
3 4442 4339 4443 
3 4420 4348 4444 
3 4444 4337 4420 
3 4395 4379 4394 
3 4395 4381 4446 
3 4394 4381 4395 
3 4445 4381 4394 
3 4380 4378 4447 
3 4384 4380 4447 
3 4449 4350 4448 
3 4450 4390 4393 
3 4431 4390 4450 
3 4451 4379 4398 
3 4398 4379 4396 
3 4393 4336 4452 
3 4452 4356 4393 
3 4453 4354 4392 
3 4453 4360 4361 
3 4392 4360 4453 
3 4407 4360 4392 
3 4454 4408 4421 
3 4454 4421 4434 
3 4437 4359 4406 
3 4406 4365 4455 
3 4437 4406 4455 
3 4435 4405 4456 
3 4416 4338 4458 
3 4417 4416 4458 
3 4459 4413 4436 
3 4414 4338 4366 
3 4476 4461 4474 
3 4462 4461 4473 
3 4474 4463 4477 
3 4474 4462 4463 
3 4470 4312 4472 
3 4464 4322 4465 
3 4466 4314 4315 
3 4466 4315 4471 
3 4315 2807 4471 
3 4861 4316 4467 
3 4328 4316 4861 
3 4468 2812 4857 
3 4857 4467 4468 
3 4488 4319 4469 
3 4469 4318 4488 
3 4468 4318 4469 
3 4469 2812 4468 
3 2813 2812 4469 
3 4461 4320 4470 
3 4320 4312 4470 
3 4466 4313 4464 
3 4471 4313 4466 
3 4862 4312 4313 
3 4472 4312 4862 
3 4473 4461 4470 
3 4470 2987 4473 
3 4474 4461 4462 
3 4475 4462 4473 
3 4463 4462 4475 
3 4473 2804 4475 
3 4484 4332 4476 
3 4484 4476 4478 
3 4478 4477 4486 
3 4478 4474 4477 
3 4486 4477 4663 
3 4476 4474 4478 
3 4662 4329 4479 
3 4331 4329 4662 
3 4479 4329 4481 
3 4480 4479 4481 
3 4589 4479 4480 
3 4863 4480 4481 
3 4870 4480 4863 
3 4482 4327 4654 
3 4859 4327 4482 
3 4586 4483 4584 
3 4483 4482 4654 
3 4586 4482 4483 
3 4579 4484 4485 
3 4485 4478 4486 
3 4484 4478 4485 
3 4577 4485 4486 
3 4576 4486 4663 
3 4577 4486 4576 
3 4663 4477 4487 
3 4477 4317 4487 
3 4488 4317 4463 
3 4463 4317 4477 
3 4490 4489 4650 
3 4541 4489 4490 
3 4491 4489 4541 
3 4492 4489 4491 
3 4492 4491 4493 
3 4645 4492 4493 
3 4493 4491 4510 
3 4512 4494 4510 
3 4494 4493 4510 
3 4644 4493 4494 
3 4495 4494 4512 
3 4641 4494 4495 
3 4640 4495 4496 
3 4641 4495 4640 
3 4496 4495 4513 
3 4639 4496 4497 
3 4640 4496 4639 
3 4564 4497 4515 
3 4497 4496 4515 
3 4651 4490 4650 
3 4498 4490 4651 
3 4499 4498 4651 
3 4501 4498 4499 
3 4501 4499 4590 
3 4590 4499 4500 
3 4590 4500 4503 
3 4502 4497 4564 
3 4639 4497 4502 
3 4639 4502 4638 
3 4503 4500 4627 
3 4628 4503 4627 
3 4504 4503 4628 
3 4630 4505 4628 
3 4505 4504 4628 
3 4594 4504 4505 
3 4635 4505 4506 
3 4507 4505 4635 
3 4594 4505 4507 
3 4638 4507 4635 
3 4638 4502 4507 
3 4507 4502 4596 
3 4509 4491 4541 
3 4541 4508 4509 
3 4510 4491 4509 
3 4509 4508 4550 
3 4511 4509 4546 
3 4510 4509 4511 
3 4512 4510 4511 
3 4512 4511 4544 
3 4513 4512 4544 
3 4513 4495 4512 
3 4515 4496 4513 
3 4515 4513 4514 
3 4514 4513 4544 
3 4515 4514 4516 
3 4563 4516 4519 
3 4564 4515 4516 
3 4518 4517 4544 
3 4517 4514 4544 
3 4525 4517 4518 
3 4521 4517 4525 
3 4519 4517 4521 
3 4519 4514 4517 
3 4516 4514 4519 
3 4566 4521 4524 
3 4524 4520 4566 
3 4524 4521 4525 
3 4523 4520 4524 
3 4865 4522 4528 
3 4570 4522 4865 
3 4523 4522 4567 
3 4528 4522 4523 
3 4567 4520 4523 
3 4527 4524 4658 
3 4658 4524 4525 
3 4658 4525 4659 
3 4525 4518 4659 
3 4526 4523 4527 
3 4528 4523 4526 
3 4527 4523 4524 
3 4528 4526 4588 
3 4865 4529 4864 
3 4864 4529 4530 
3 4530 4529 4531 
3 4572 4530 4531 
3 4539 4531 4535 
3 4572 4539 4573 
3 4572 4531 4539 
3 4532 4529 4865 
3 4534 4532 4587 
3 4533 4529 4532 
3 4533 4532 4534 
3 4531 4529 4533 
3 4536 4534 4585 
3 4536 4533 4534 
3 4537 4535 4536 
3 4537 4536 4583 
3 4535 4533 4536 
3 4535 4531 4533 
3 4540 4539 4558 
3 4539 4535 4558 
3 4558 4535 4537 
3 4869 4540 4558 
3 4558 4537 4538 
3 4558 4538 4867 
3 4619 4539 4540 
3 4541 4490 4542 
3 4543 4508 4542 
3 4542 4508 4541 
3 4542 4490 4498 
3 4542 4498 4553 
3 4543 4542 4553 
3 4555 4543 4553 
3 4576 4518 4544 
3 4576 4544 4545 
3 4544 4511 4545 
3 4545 4511 4546 
3 4546 4509 4550 
3 4547 4546 4550 
3 4547 4545 4546 
3 4577 4545 4547 
3 4548 4543 4551 
3 4562 4547 4548 
3 4550 4508 4543 
3 4548 4547 4550 
3 4550 4543 4548 
3 4551 4543 4555 
3 4549 4548 4551 
3 4552 4549 4551 
3 4561 4549 4556 
3 4556 4549 4552 
3 4553 4501 4554 
3 4553 4498 4501 
3 4555 4553 4554 
3 4552 4551 4555 
3 4603 4552 4555 
3 4609 4556 4608 
3 4556 4552 4608 
3 4561 4556 4557 
3 4559 4557 4866 
3 4574 4540 4869 
3 4581 4559 4867 
3 4580 4559 4581 
3 4869 4559 4866 
3 4867 4559 4869 
3 4560 4557 4559 
3 4560 4559 4580 
3 4561 4557 4560 
3 4562 4549 4561 
3 4562 4548 4549 
3 4562 4561 4578 
3 4578 4547 4562 
3 4564 4516 4563 
3 4564 4563 4597 
3 4563 4519 4598 
3 4565 4519 4521 
3 4598 4519 4565 
3 4565 4521 4566 
3 4566 4520 4604 
3 4613 4567 4568 
3 4613 4520 4567 
3 4604 4520 4613 
3 4568 4522 4569 
3 4567 4522 4568 
3 4569 4522 4570 
3 4617 4569 4570 
3 4868 4570 4864 
3 4617 4570 4868 
3 4868 4530 4618 
3 4618 4530 4572 
3 4572 4571 4618 
3 4573 4571 4572 
3 4573 4539 4619 
3 4619 4540 4574 
3 4619 4574 4620 
3 4866 4557 4575 
3 4866 4575 4872 
3 4557 4556 4609 
3 4575 4557 4609 
3 4576 4545 4577 
3 4578 4485 4577 
3 4577 4547 4578 
3 4561 4560 4578 
3 4578 4560 4579 
3 4579 4485 4578 
3 4579 4560 4580 
3 4657 4579 4580 
3 4657 4580 4656 
3 4656 4580 4581 
3 4538 4537 4583 
3 4582 4538 4583 
3 4655 4582 4583 
3 4583 4536 4585 
3 4584 4583 4585 
3 4655 4583 4584 
3 4586 4584 4585 
3 4586 4534 4587 
3 4585 4534 4586 
3 4863 4586 4587 
3 4870 4588 4589 
3 4588 4526 4589 
3 4589 4480 4870 
3 4660 4479 4589 
3 4555 4554 4591 
3 4592 4554 4590 
3 4554 4501 4590 
3 4591 4554 4592 
3 4592 4503 4504 
3 4590 4503 4592 
3 4592 4504 4593 
3 4593 4591 4592 
3 4593 4504 4594 
3 4601 4593 4595 
3 4595 4593 4594 
3 4594 4507 4596 
3 4595 4594 4596 
3 4600 4595 4597 
3 4597 4595 4596 
3 4596 4564 4597 
3 4596 4502 4564 
3 4598 4565 4599 
3 4597 4563 4598 
3 4600 4597 4598 
3 4600 4598 4599 
3 4600 4599 4606 
3 4601 4595 4600 
3 4601 4600 4606 
3 4602 4601 4606 
3 4602 4593 4601 
3 4603 4593 4602 
3 4603 4591 4593 
3 4603 4602 4608 
3 4608 4552 4603 
3 4603 4555 4591 
3 4604 4565 4566 
3 4605 4565 4604 
3 4599 4565 4605 
3 4605 4604 4611 
3 4606 4599 4605 
3 4607 4605 4611 
3 4606 4605 4607 
3 4608 4606 4607 
3 4608 4607 4609 
3 4608 4602 4606 
3 4610 4575 4609 
3 4609 4607 4610 
3 4616 4610 4615 
3 4615 4610 4611 
3 4615 4611 4612 
3 4610 4607 4611 
3 4612 4611 4613 
3 4611 4604 4613 
3 4613 4568 4612 
3 4614 4569 4617 
3 4614 4568 4569 
3 4612 4568 4614 
3 4615 4612 4614 
3 4615 4614 4873 
3 4616 4615 4873 
3 4616 4575 4610 
3 4872 4575 4616 
3 4618 4571 4871 
3 4621 4571 4573 
3 4621 4573 4619 
3 4621 4619 4620 
3 4621 4620 4873 
3 4871 4614 4617 
3 4873 4614 4871 
3 4871 4621 4873 
3 4871 4571 4621 
3 4651 4622 4623 
3 4622 4375 4623 
3 4623 4499 4651 
3 4624 4500 4623 
3 4500 4499 4623 
3 4627 4500 4624 
3 4625 4624 4626 
3 4623 4375 4624 
3 4389 4388 4625 
3 4627 4624 4625 
3 4625 4388 4629 
3 4628 4627 4629 
3 4627 4625 4629 
3 4630 4628 4629 
3 4632 4388 4397 
3 4629 4388 4632 
3 4632 4397 4457 
3 4630 4629 4632 
3 4506 4505 4630 
3 4631 4630 4632 
3 4633 4631 4632 
3 4631 4506 4630 
3 4632 4457 4633 
3 4631 4411 4634 
3 4633 4411 4631 
3 4634 4506 4631 
3 4411 4403 4418 
3 4635 4506 4634 
3 4635 4634 4637 
3 4634 4411 4418 
3 4634 4418 4637 
3 4637 4418 4636 
3 4638 4635 4637 
3 4637 4636 4638 
3 4636 4413 4638 
3 4638 4413 4639 
3 4639 4413 4640 
3 4640 4413 4459 
3 4640 4459 4641 
3 4641 4415 4642 
3 4459 4415 4641 
3 4644 4494 4641 
3 4644 4641 4642 
3 4644 4643 4645 
3 4644 4642 4643 
3 4643 4407 4646 
3 4415 4365 4642 
3 4645 4493 4644 
3 4645 4643 4646 
3 4648 4492 4645 
3 4646 4391 4648 
3 4648 4645 4646 
3 4647 4489 4492 
3 4649 4489 4647 
3 4443 4370 4647 
3 4647 4492 4648 
3 4391 4382 4648 
3 4647 4382 4443 
3 4648 4382 4647 
3 4649 4370 4372 
3 4647 4370 4649 
3 4650 4489 4649 
3 4649 4622 4650 
3 4649 4372 4622 
3 4650 4622 4651 
3 4653 4652 4656 
3 4653 4582 4655 
3 4656 4582 4653 
3 4653 4324 4652 
3 4654 4324 4653 
3 4654 4653 4655 
3 4655 4483 4654 
3 4584 4483 4655 
3 4657 4323 4332 
3 4656 4323 4657 
3 4652 4323 4656 
3 4657 4484 4579 
3 4657 4332 4484 
3 4661 4658 4659 
3 4659 4518 4576 
3 4659 4576 4663 
3 4660 4527 4658 
3 4660 4526 4527 
3 4589 4526 4660 
3 4660 4658 4661 
3 4662 4660 4661 
3 4487 4331 4662 
3 4662 4479 4660 
3 4661 4487 4662 
3 4661 4659 4663 
3 4663 4487 4661 
3 3298 1538 4062 
3 4720 2761 4666 
3 4667 2982 4666 
3 4206 2982 4667 
3 4668 4666 4719 
3 4667 4666 4668 
3 4666 2761 4669 
3 4719 4666 4669 
3 4670 2952 4685 
3 4685 2602 4670 
3 4672 4671 4686 
3 4672 2682 4673 
3 4672 2972 4671 
3 4673 2972 4672 
3 4673 2682 4689 
3 4684 4681 4694 
3 4684 3038 4681 
3 4684 2684 3038 
3 4674 4156 4689 
3 4683 4675 4676 
3 4676 2738 4683 
3 4677 2738 4676 
3 4704 2760 4676 
3 4677 2761 4720 
3 4720 2981 4677 
3 4678 2846 3059 
3 4705 4678 4679 
3 3059 2745 4679 
3 4678 3059 4679 
3 4700 4680 4690 
3 4707 4680 4700 
3 4687 3314 4681 
3 4682 2846 2977 
3 3059 2846 4682 
3 4683 4678 4705 
3 4705 4675 4683 
3 4683 2847 4678 
3 4716 3108 4684 
3 3108 2684 4684 
3 3109 2684 3108 
3 4721 2602 4685 
3 4691 3130 4686 
3 4686 3129 4691 
3 4297 3314 4687 
3 4692 4688 4718 
3 4689 4156 4673 
3 4690 2703 4142 
3 4690 4142 4700 
3 4754 4691 4753 
3 4753 4691 4742 
3 4691 3129 4742 
3 4718 4279 4692 
3 4279 3314 4297 
3 4693 2602 4288 
3 4693 3050 4713 
3 4694 3313 4711 
3 4697 4695 4696 
3 4696 2670 4697 
3 4695 3130 4696 
3 2670 2669 4151 
3 4151 4140 4697 
3 4697 2670 4151 
3 4698 2703 4135 
3 4142 2703 4698 
3 4698 4135 4714 
3 4714 4141 4698 
3 4699 2717 4700 
3 4701 2745 3063 
3 4706 2745 4701 
3 4701 3063 3113 
3 4702 2835 2947 
3 4703 2835 4702 
3 4703 2759 2836 
3 2763 2759 4703 
3 4702 2763 4703 
3 4669 2760 4704 
3 4704 2759 2763 
3 4704 2763 4669 
3 4705 2836 4675 
3 4706 2836 4705 
3 3063 2745 4707 
3 4700 2717 3063 
3 4700 3063 4707 
3 4707 2745 3059 
3 4753 3108 4716 
3 4753 4708 4754 
3 4716 4708 4753 
3 4709 3123 4722 
3 3106 2883 4710 
3 4696 3131 4710 
3 3131 3106 4710 
3 4711 4247 4254 
3 4712 3313 4694 
3 4288 3123 4709 
3 4713 3985 4717 
3 4697 4141 4714 
3 4684 4254 4716 
3 4709 2697 4288 
3 4718 3313 4712 
3 4296 3313 4718 
3 4719 2764 4668 
3 4666 2982 4720 
3 4881 2588 4721 
3 4721 2588 3123 
3 3123 2588 4931 
3 4981 3123 4931 
3 4722 3123 4981 
3 4981 3948 4722 
3 4724 4244 4723 
3 4724 4723 4725 
3 4723 2833 4725 
3 4725 4262 4724 
3 4727 4248 4726 
3 4726 2944 4727 
3 4726 4248 4253 
3 4727 4708 4716 
3 4727 2944 4708 
3 4126 4121 4729 
3 4729 4121 4264 
3 4265 4126 4729 
3 4265 4127 4874 
3 4874 4127 4266 
3 4730 1749 4731 
3 2172 1749 4730 
3 1749 672 4731 
3 4732 3175 4308 
3 4263 3175 4731 
3 4732 2879 4733 
3 4246 2879 4732 
3 4731 672 4263 
3 3175 1748 4308 
3 4263 1748 3175 
3 4308 4246 4732 
3 4735 4734 4750 
3 4739 4734 4735 
3 4735 4113 4739 
3 4878 4736 4876 
3 4738 2880 4737 
3 4736 2882 4876 
3 4737 2882 4736 
3 4878 3040 4736 
3 4737 4250 4252 
3 4736 4250 4737 
3 4738 4252 4746 
3 4737 4252 4738 
3 4736 3041 4250 
3 4739 4113 4740 
3 4739 4253 4734 
3 4740 4253 4739 
3 4726 4253 4740 
3 4741 2833 4255 
3 4742 3129 4741 
3 4742 4255 4256 
3 4741 4255 4742 
3 4733 498 4258 
3 2879 498 4733 
3 4744 466 2956 
3 4258 466 4744 
3 2921 466 4258 
3 2956 2922 4744 
3 2923 2922 2956 
3 4258 498 2921 
3 4748 4738 4746 
3 4748 2910 4738 
3 4747 2910 4748 
3 4748 4261 4747 
3 3171 655 4728 
3 4750 4114 4735 
3 4121 4114 4750 
3 4266 4117 4874 
3 4751 4117 4266 
3 4267 2675 4751 
3 4752 2675 4267 
3 4256 3108 4753 
3 4742 4256 4753 
3 4754 3106 3131 
3 3378 3331 4755 
3 4079 3957 4829 
3 4011 3957 4079 
3 4779 2893 4756 
3 4758 2884 3182 
3 4758 2664 2884 
3 4826 2889 3956 
3 4826 2677 2889 
3 4166 2709 4758 
3 4758 4163 4166 
3 4760 2725 4761 
3 4759 2725 4760 
3 4760 2724 4759 
3 4761 3065 4760 
3 3065 2724 4760 
3 4763 2772 4765 
3 4763 2752 2772 
3 4765 2772 4762 
3 4764 2731 4766 
3 4765 2731 4764 
3 4762 2731 4765 
3 4768 4767 4769 
3 4767 2774 4769 
3 4767 2860 4774 
3 4768 2860 4767 
3 4768 2770 2860 
3 4766 2770 4768 
3 4769 4766 4768 
3 4766 2731 2770 
3 4852 2807 2809 
3 2809 2807 4770 
3 3041 3040 4778 
3 4773 2754 3080 
3 4772 3067 4773 
3 4773 2751 4772 
3 3080 2751 4773 
3 2753 2751 3080 
3 4771 2751 2753 
3 4772 2751 4771 
3 4212 2753 3080 
3 4772 4771 4794 
3 4775 4203 4774 
3 4774 2859 4775 
3 2860 2859 4774 
3 4777 2672 4778 
3 4776 2672 4777 
3 4778 2876 4777 
3 3040 2876 4778 
3 3943 2878 4829 
3 4779 2892 2893 
3 4779 2664 2892 
3 4780 4031 4032 
3 4786 4781 4782 
3 4781 3102 4782 
3 4802 2961 4800 
3 4781 2961 3102 
3 3102 3101 4782 
3 2962 2961 4783 
3 4783 2961 4781 
3 4785 3972 4967 
3 4787 4781 4786 
3 4783 4781 4787 
3 4787 2711 4788 
3 4786 2711 4787 
3 4789 4783 4787 
3 4789 4788 4837 
3 4837 3044 4789 
3 4789 4787 4788 
3 4784 4783 4789 
3 4790 2704 4791 
3 4160 2704 4790 
3 4790 3053 4162 
3 4790 3052 3053 
3 4791 3052 4790 
3 4792 3055 4168 
3 4168 2714 4792 
3 4842 3055 4792 
3 4794 4793 4795 
3 4793 2741 4795 
3 2841 2840 4793 
3 4794 4771 4793 
3 4795 3068 4794 
3 4795 3065 3068 
3 4797 3088 4796 
3 4796 2793 4797 
3 4211 3088 4797 
3 4228 4192 4239 
3 4798 4228 4239 
3 4800 4743 4745 
3 4801 4743 4799 
3 4799 2818 4245 
3 4801 4245 4732 
3 4799 4245 4801 
3 4743 2960 4799 
3 4800 2960 4743 
3 4800 4745 4802 
3 4801 4733 4743 
3 4745 4258 4744 
3 4743 4258 4745 
3 4733 4258 4743 
3 4801 4732 4733 
3 4745 2922 4802 
3 4744 2922 4745 
3 4803 4284 4289 
3 4820 3378 4755 
3 4804 3971 4820 
3 4820 4755 4804 
3 3153 2742 4806 
3 4809 3153 4807 
3 4808 2755 2916 
3 4808 3155 3156 
3 4809 3154 3155 
3 4808 2916 4809 
3 4809 3155 4808 
3 3155 3154 4810 
3 3154 2851 4810 
3 4812 3157 3158 
3 4223 3157 4812 
3 4813 3158 4811 
3 4812 3158 4813 
3 4814 4200 4851 
3 4851 3160 4814 
3 4814 3161 4815 
3 4815 4202 4814 
3 4202 4200 4814 
3 4817 3162 4816 
3 3162 3161 4816 
3 4862 2806 3164 
3 4034 2612 3324 
3 4924 3959 4970 
3 4823 3378 3969 
3 4039 3381 4055 
3 3967 3966 4821 
3 4821 3347 3965 
3 4822 3967 4821 
3 4823 3967 4822 
3 4824 3381 4039 
3 4054 3959 4055 
3 4041 3965 4051 
3 4821 3965 4041 
3 4134 3863 4825 
3 4826 2877 4803 
3 4827 3987 4856 
3 4967 4008 4975 
3 4032 3328 4828 
3 4034 3957 4011 
3 4037 3964 4830 
3 3964 3963 4830 
3 4830 3963 4038 
3 4830 4038 4831 
3 4038 3843 4831 
3 4051 3965 3988 
3 4832 4039 4055 
3 4130 4122 4833 
3 4130 2659 4122 
3 4833 4122 4126 
3 4833 4126 4874 
3 4834 4128 4132 
3 4132 4128 4299 
3 4791 4137 4836 
3 4836 3052 4791 
3 4805 4158 4836 
3 4836 2706 4805 
3 4144 3045 4840 
3 4838 3045 4837 
3 4840 3045 4838 
3 4838 4162 4841 
3 4162 3053 4841 
3 4841 4839 4840 
3 4840 4838 4841 
3 4166 3055 4842 
3 4842 2709 4166 
3 4843 2726 4759 
3 4168 3055 4843 
3 4759 4168 4843 
3 4759 2724 4168 
3 4844 3095 4192 
3 4796 3087 4844 
3 4845 4194 4817 
3 4847 4775 4846 
3 4847 4846 4848 
3 4846 2862 4848 
3 4850 3159 4849 
3 4850 4222 4851 
3 4850 2784 3159 
3 4851 2785 4850 
3 4200 2785 4851 
3 2785 2784 4850 
3 4238 3094 4852 
3 4852 2809 4238 
3 4239 3094 4238 
3 4853 2797 4242 
3 4834 4127 4265 
3 4289 3863 3979 
3 4280 3980 4128 
3 4857 4315 4467 
3 4770 4315 4857 
3 4322 4312 4858 
3 4861 4326 4328 
3 4328 4326 4859 
3 4860 4325 4335 
3 4860 4323 4652 
3 4467 4314 4861 
3 4313 4312 4322 
3 4863 4482 4586 
3 4482 4481 4859 
3 4863 4481 4482 
3 4864 4570 4865 
3 4532 4528 4588 
3 4865 4528 4532 
3 4587 4532 4588 
3 4869 4866 4872 
3 4867 4538 4581 
3 4869 4558 4867 
3 4864 4530 4868 
3 4620 4574 4872 
3 4872 4574 4869 
3 4656 4581 4582 
3 4581 4538 4582 
3 4870 4587 4588 
3 4863 4587 4870 
3 4868 4618 4871 
3 4871 4617 4868 
3 4872 4616 4620 
3 4620 4616 4873 
3 4874 4126 4265 
3 4877 4259 4855 
3 4855 4854 4875 
3 4875 4854 4878 
3 4877 4855 4875 
3 4854 3040 4878 
3 4259 2922 2923 
3 4877 2922 4259 
3 4876 4875 4878 
3 4916 2586 2608 
3 4880 2887 3176 
3 4880 2587 2624 
3 4880 2624 2639 
3 4721 2687 4881 
3 4881 2687 4890 
3 3126 2666 4882 
3 4883 3939 3943 
3 4916 3020 3389 
3 4285 2952 3146 
3 4685 2952 4285 
3 4885 3110 4886 
3 4268 3110 4270 
3 4886 3110 4268 
3 4886 4268 4895 
3 4886 2871 4885 
3 3126 2871 4886 
3 4887 3176 3323 
3 4882 3315 4888 
3 4889 3323 3384 
3 4978 3389 4889 
3 4685 2687 4721 
3 4665 1429 2114 
3 4665 2114 3943 
3 4891 3958 4894 
3 3957 3325 4883 
3 4890 4884 4892 
3 4890 2870 4884 
3 4281 2665 4692 
3 4059 2639 4894 
3 4894 3958 4059 
3 4092 2603 3883 
3 4895 4268 4269 
3 4895 4269 4271 
3 4896 2911 4897 
3 2911 2875 4897 
3 4897 2874 4995 
3 4995 4896 4897 
3 4281 4279 4297 
3 4692 4279 4281 
3 4285 2687 4685 
3 4898 4297 4888 
3 4125 2675 4899 
3 4899 2675 4752 
3 2661 2310 4131 
3 2532 2470 4900 
3 2532 2431 2470 
3 4901 2424 2431 
3 4901 2447 4902 
3 4902 2477 4901 
3 4902 2474 2477 
3 4903 2474 4902 
3 4903 3294 3295 
3 3295 2474 4903 
3 4904 3294 4903 
3 4904 3286 3294 
3 4904 2432 3286 
3 2479 2432 4904 
3 4910 2536 2576 
3 4907 3292 4910 
3 4906 3292 4907 
3 4906 3291 4909 
3 4906 2547 3291 
3 4907 2547 4906 
3 3293 2547 4907 
3 3291 2581 4909 
3 4910 2576 4907 
3 4908 3293 4907 
3 3792 2472 2554 
3 3792 2554 4911 
3 4912 2553 3303 
3 4912 3303 4911 
3 4912 4911 4913 
3 4911 2554 4913 
3 2564 2553 4914 
3 4915 2567 2568 
3 4914 2567 4915 
3 4979 3875 4916 
3 4940 4919 4977 
3 4979 2931 4977 
3 4928 3013 4919 
3 4920 2928 2929 
3 4920 2929 3358 
3 4930 2928 3014 
3 3014 2928 4920 
3 4950 3343 3970 
3 4922 2930 4921 
3 4950 2628 4922 
3 4922 4921 4950 
3 4923 3263 4917 
3 3176 2887 4937 
3 4970 3958 4924 
3 3958 3324 4924 
3 3358 2930 4925 
3 4925 2930 4922 
3 4920 3358 4925 
3 3876 2869 4927 
3 4926 3880 4927 
3 4926 2953 3880 
3 4929 3013 4928 
3 4929 2869 3876 
3 3364 2869 4929 
3 3876 3013 4929 
3 3015 2927 4930 
3 4930 3014 3015 
3 4933 2927 3015 
3 4931 2588 4917 
3 4974 4932 4973 
3 4948 2867 3282 
3 3263 2867 4948 
3 4948 3282 3955 
3 4934 3278 4933 
3 4933 3015 3264 
3 4933 3265 4934 
3 4078 4047 4832 
3 4938 2639 4059 
3 2887 2639 4938 
3 4937 2887 3380 
3 3380 3336 4937 
3 4939 3384 4937 
3 4937 4057 4939 
3 3380 2887 4938 
3 4889 3384 3390 
3 4976 3386 4940 
3 4976 3385 3386 
3 4942 4093 4980 
3 4942 2611 3882 
3 4942 3882 4093 
3 4945 3882 4943 
3 4943 3878 4945 
3 4944 3877 4952 
3 3878 3877 4945 
3 4945 3877 4944 
3 2954 2633 4946 
3 4946 3277 4934 
3 4946 4934 4947 
3 4947 2954 4946 
3 2954 2953 4926 
3 4931 3263 4948 
3 4917 3263 4931 
3 4935 3959 4054 
3 4949 3968 4951 
3 4949 2628 3968 
3 3971 3968 3970 
3 4951 3968 3971 
3 4951 3971 4804 
3 3990 2612 4968 
3 4952 3276 4944 
3 4953 3276 4952 
3 4954 3276 4953 
3 4955 4954 4956 
3 4955 3016 4954 
3 4954 4953 4956 
3 4955 3996 4957 
3 4956 3996 4955 
3 4957 3269 4955 
3 4958 2595 2596 
3 4958 2596 4957 
3 4957 3999 4958 
3 4958 4001 4959 
3 4960 2622 4959 
3 4959 2595 4958 
3 4959 4001 4960 
3 2906 2622 4960 
3 4002 2906 4960 
3 4002 2905 2906 
3 4961 2905 4002 
3 4964 2629 4963 
3 4963 2905 4961 
3 4964 4004 4966 
3 4963 4004 4964 
3 4961 4004 4963 
3 4004 3031 4966 
3 4965 3974 4964 
3 4965 4964 4966 
3 4966 4006 4965 
3 4007 4006 4966 
3 4965 4006 4967 
3 4967 4006 4008 
3 4975 4010 4044 
3 4969 3990 4010 
3 4010 3990 4968 
3 4938 4059 4970 
3 4971 4092 4093 
3 2932 2688 4972 
3 2890 2395 2688 
3 4990 2395 2890 
3 4924 2612 4078 
3 3324 2612 4924 
3 4951 4804 4973 
3 4973 4009 4951 
3 4973 4755 4974 
3 4804 4755 4973 
3 4932 4008 4973 
3 4975 4008 4932 
3 4980 2586 3875 
3 2955 2586 4980 
3 4940 2931 4976 
3 4977 2931 4940 
3 4977 2611 4942 
3 4978 2931 4979 
3 4980 3875 4942 
3 3955 3948 4981 
3 3308 51 4110 
3 4084 2393 4983 
3 4982 2393 4084 
3 3146 783 2405 
3 2688 2395 4972 
3 4083 4082 4985 
3 4086 4083 4985 
3 4986 4086 4985 
3 4985 2397 4986 
3 4310 4086 4986 
3 4310 4085 4086 
3 4988 4987 4989 
3 4988 4081 4987 
3 4987 4088 4989 
3 2402 2399 4991 
3 4989 2399 4988 
3 4991 2399 4989 
3 4989 4088 4991 
3 3993 2878 4819 
3 4819 2619 3993 
3 4298 799 4291 
3 4991 4088 4089 
3 4991 4089 4992 
3 4089 4080 4992 
3 4994 1723 2686 
3 2403 1555 4993 
3 4091 2403 4993 
3 1559 799 4276 
3 4133 1559 4276 
3 2874 2404 4995 
3 2405 491 3860 
3 3146 2405 4285 
3 4291 2310 2661 
3 4998 2407 2948 
