v -0.114224 0.409969 -0.0831563
v -0.107908 0.399622 -0.0815778
v -0.10764 0.38142 -0.0863994
v -0.130804 0.378534 -0.110928
v -0.106902 0.353804 -0.121895
v -0.0771005 0.342592 -0.114418
v -0.0452651 0.326912 -0.127859
v -0.0172097 0.265643 -0.165815
v -0.0346843 0.256713 -0.161681
v -0.125484 0.434805 -0.0732063
v -0.138662 0.437925 -0.0959424
v -0.149124 0.427967 -0.106576
v -0.164101 0.421957 -0.115689
v -0.182735 0.423186 -0.112992
v -0.188988 0.428622 -0.103026
v -0.183748 0.434646 -0.106253
v -0.182664 0.435783 -0.112613
v -0.181938 0.428267 -0.113009
v -0.132784 0.446806 -0.0708486
v -0.145385 0.436489 -0.0607917
v -0.156084 0.42687 -0.0672424
v -0.162648 0.423126 -0.0728047
v -0.160154 0.419515 -0.0690778
v -0.178414 0.421746 -0.0844824
v -0.177462 0.425915 -0.0855963
v -0.183104 0.425669 -0.0835655
v -0.185994 0.422772 -0.0856147
v -0.181435 0.419269 -0.0865186
v -0.176111 0.419449 -0.0811647
v -0.134008 0.437129 -0.0628017
v -0.124641 0.413059 -0.0663909
v -0.146747 0.411956 -0.0606986
v -0.155767 0.433259 -0.0691224
v -0.160824 0.432787 -0.0754217
v -0.122542 0.419495 -0.0897217
v -0.10313 0.401657 -0.109585
v -0.0893551 0.370872 -0.15555
v -0.0847036 0.340577 -0.172849
v -0.0955397 0.3432 -0.124721
v -0.0968397 0.355322 -0.107113
v -0.0869282 0.362599 -0.10084
v -0.0758482 0.379112 -0.111572
v -0.0883982 0.384332 -0.0962424
v -0.127111 0.426237 -0.0647494
v -0.144184 0.46374 -0.0779963
v -0.147724 0.463367 -0.0882224
v -0.158464 0.463952 -0.0936347
v -0.181457 0.460882 -0.0934247
v -0.194585 0.451146 -0.105416
v -0.201077 0.447265 -0.0985217
v -0.197717 0.446592 -0.0830517
v -0.199781 0.433322 -0.0931217
v -0.200728 0.440366 -0.101942
v -0.181471 0.445922 -0.118826
v -0.171385 0.459665 -0.109612
v -0.161454 0.454019 -0.114135
v -0.121698 0.420486 -0.0768578
v -0.131295 0.404967 -0.0642578
v -0.140541 0.390052 -0.0794824
v -0.152087 0.391649 -0.0902717
v -0.157714 0.393492 -0.0869555
v -0.153487 0.397132 -0.0724924
v -0.167097 0.418847 -0.0737063
v -0.118964 0.404969 -0.0720809
v -0.129651 0.396135 -0.0716363
v -0.158719 0.408602 -0.0666547
v -0.172905 0.397142 -0.0817047
v -0.146597 0.395372 -0.105282
v -0.143565 0.406996 -0.106375
v -0.12515 0.401512 -0.113116
v -0.107791 0.387782 -0.131713
v -0.152097 0.447553 -0.0640763
v -0.162221 0.439986 -0.0631432
v -0.182704 0.458619 -0.0692563
v -0.181212 0.461077 -0.0761609
v -0.160997 0.463479 -0.0828717
v -0.168872 0.461075 -0.0686794
v -0.141911 0.455422 -0.0675017
v -0.150255 0.463626 -0.0711824
v -0.136397 0.45573 -0.0781524
v -0.136437 0.421017 -0.0591555
v -0.141998 0.462879 -0.0842047
v -0.142257 0.45777 -0.0902586
v -0.129364 0.436737 -0.0837463
v -0.153895 0.459182 -0.0631478
v -0.153119 0.463842 -0.0803724
v -0.169845 0.451336 -0.0605109
v -0.174004 0.429266 -0.0772655
v -0.185991 0.446896 -0.0720201
v -0.174974 0.460926 -0.0686717
v -0.171531 0.458466 -0.0636855
v -0.12034 0.394135 -0.0749794
v -0.142289 0.398909 -0.0683194
v -0.150405 0.441783 -0.0645886
v -0.146477 0.446389 -0.0640755
v -0.137604 0.448915 -0.0897009
v -0.146104 0.449693 -0.0996363
v -0.171784 0.462102 -0.0734217
v -0.165401 0.461772 -0.0626417
v -0.159017 0.447249 -0.0599332
v -0.0945805 0.394169 -0.0968594
v -0.0341097 0.352059 -0.147282
v -0.0143197 0.331955 -0.179593
v -0.00269818 0.311846 -0.204005
v -0.0311305 0.293272 -0.213829
v -0.0498605 0.283233 -0.209313
v -0.063649 0.220312 -0.206916
v -0.104974 0.219902 -0.192989
v -0.102597 0.251149 -0.17477
v -0.060769 0.276826 -0.203492
v -0.0616066 0.295877 -0.201832
v -0.0439643 0.327686 -0.198389
v -0.0306936 0.316259 -0.206169
v -0.161877 0.455706 -0.0580324
v -0.158531 0.433393 -0.0723532
v -0.127237 0.413642 -0.100636
v -0.0822482 0.387709 -0.124671
v -0.056729 0.368152 -0.130399
v -0.162631 0.462145 -0.0715686
v -0.154131 0.437389 -0.0670332
v -0.148411 0.425939 -0.0601994
v -0.112104 0.399143 -0.118399
v -0.155524 0.441726 -0.0648432
v -0.168111 0.435002 -0.0679486
v -0.169761 0.429466 -0.0780794
v -0.171827 0.427842 -0.0824132
v -0.180208 0.424762 -0.0881217
v -0.183244 0.423016 -0.0891617
v -0.186524 0.416906 -0.0875632
v -0.184964 0.427372 -0.0787463
v -0.184721 0.430852 -0.0757847
v -0.181428 0.413782 -0.0842147
v -0.19686 0.415602 -0.110793
v -0.200614 0.420276 -0.108302
v -0.18939 0.408267 -0.0919294
v -0.181494 0.433999 -0.0750878
v -0.192022 0.446573 -0.0758517
v -0.11126 0.390012 -0.0799555
v -0.123965 0.384462 -0.0837217
v -0.0998043 0.391522 -0.0870955
v -0.114732 0.409187 -0.102278
v -0.0915443 0.394446 -0.109569
v -0.168378 0.430667 -0.0741355
v -0.178744 0.427273 -0.0809294
v -0.104587 0.40359 -0.0939978
v -0.0980305 0.395306 -0.122416
v -0.0754774 0.372419 -0.157239
v -0.068552 0.35051 -0.178876
v -0.0582874 0.339726 -0.188782
v -0.076532 0.32747 -0.185981
v -0.0806066 0.313139 -0.174442
v -0.0713274 0.307805 -0.15283
v -0.0448297 0.291386 -0.153082
v -0.0423943 0.278259 -0.162459
v -0.0548674 0.266252 -0.158532
v -0.0518666 0.251359 -0.153188
v -0.0834013 0.185942 -0.14673
v -0.0966374 0.165282 -0.155038
v -0.069832 0.175257 -0.170076
v -0.0567436 0.189972 -0.167236
v -0.052442 0.202735 -0.158886
v -0.0252736 0.225463 -0.171326
v -0.0193689 0.232414 -0.174572
v -0.00867433 0.249012 -0.179365
v -0.00343356 0.256755 -0.182856
v -0.0112182 0.310054 -0.156185
v -0.0238974 0.336426 -0.148672
v -0.062579 0.244659 -0.146363
v -0.0712313 0.379019 -0.121781
v -0.0128574 0.323527 -0.157945
v -0.000273563 0.299275 -0.167396
v -0.00465741 0.258214 -0.176246
v -0.00764741 0.266142 -0.169978
v -0.0833051 0.385983 -0.107326
v -0.159995 0.436463 -0.0681594
v -0.163071 0.430736 -0.0771478
v -0.149621 0.460026 -0.0968163
v -0.0929574 0.388356 -0.134093
v -0.072482 0.380032 -0.141046
v -0.172492 0.443245 -0.0636255
v -0.0481805 0.364439 -0.142135
v -0.0602613 0.363309 -0.16662
v -0.0639574 0.372609 -0.124503
v -0.153494 0.446362 -0.109456
v -0.152107 0.433492 -0.0640824
v -0.0946051 0.377982 -0.0913894
v -0.164058 0.43368 -0.0723994
v -0.0745774 0.367972 -0.105202
v -0.177811 0.455106 -0.0643432
v -0.0451543 0.3539 -0.132219
v -0.0441105 0.312627 -0.134478
v -0.076542 0.319522 -0.139202
v -0.168804 0.463199 -0.0796332
v -0.175834 0.462277 -0.0802401
v -0.136255 0.424126 -0.0978494
v -0.0832613 0.374076 -0.0988278
v -0.0406751 0.357105 -0.160338
v -0.00115664 0.315163 -0.174709
v 0.000267976 0.278412 -0.203883
v -0.0228613 0.261542 -0.209692
v -0.0479251 0.259266 -0.209399
v -0.0272051 0.346332 -0.165169
v -0.181867 0.448376 -0.0667632
v -0.159951 0.428566 -0.0729932
v -0.058909 0.37089 -0.151866
v -0.171257 0.462546 -0.0893978
v -0.136297 0.383277 -0.0903347
v -0.151132 0.392362 -0.0822586
v -0.146914 0.388819 -0.0877524
v -0.167588 0.395096 -0.0921494
v -0.155981 0.395416 -0.0984924
v -0.0161813 0.335507 -0.164616
v -0.054702 0.357099 -0.123152
v -0.157908 0.460029 -0.10468
v -0.188537 0.455896 -0.0780909
v -0.134992 0.394519 -0.113939
v -0.165541 0.427432 -0.0777455
v -0.087662 0.381124 -0.145133
v -0.180331 0.438759 -0.0702794
v -0.176994 0.433932 -0.0712978
v -0.0623043 0.34806 -0.115598
v -0.169304 0.463359 -0.101013
v -0.0460843 0.351879 -0.176189
v -0.0293974 0.32378 -0.138599
v -0.134268 0.40625 -0.108125
v -0.00469202 0.320646 -0.191315
v 0.000556437 0.296805 -0.209249
v -0.013012 0.288632 -0.214259
v -0.187661 0.458576 -0.0867755
v -0.193542 0.454563 -0.0954532
v -0.163181 0.395126 -0.0799694
v -0.0323305 0.340436 -0.183902
v -0.121231 0.39245 -0.122291
v -0.127452 0.384807 -0.120833
v -0.101085 0.373935 -0.145192
v -0.110767 0.365403 -0.136129
v -0.0934797 0.343815 -0.156262
v -0.168008 0.429936 -0.0801155
v -0.099852 0.35815 -0.147366
v -0.0202043 0.326103 -0.197582
v -0.0364574 0.340902 -0.135679
v -0.184537 0.440546 -0.0734917
v -0.171445 0.407179 -0.0741194
v -0.175682 0.413692 -0.0784886
v -0.180581 0.397849 -0.0935055
v -0.180491 0.40419 -0.0835886
v -0.172128 0.397682 -0.102152
v -0.185895 0.405652 -0.1145
v -0.175752 0.413302 -0.116909
v -0.177699 0.402007 -0.111259
v -0.165231 0.400637 -0.0726886
v -0.152178 0.408696 -0.105091
v -0.0792143 0.360649 -0.168149
v -0.103874 0.362289 -0.101546
v -0.101875 0.371132 -0.0937932
v 0.0062749 0.310092 -0.189408
v -0.0508882 0.340122 -0.123229
v -0.0626851 0.323985 -0.126153
v 0.00964875 0.296856 -0.184036
v -0.174617 0.426089 -0.0835624
v -0.118437 0.365985 -0.108306
v -0.0741082 0.355109 -0.108133
v -0.0161582 0.296762 -0.152623
v -0.15742 0.415866 -0.109319
v -0.161128 0.43597 -0.117002
v -0.115677 0.372899 -0.0941655
v -0.0170105 0.30728 -0.211152
v -0.164049 0.446932 -0.120209
v -0.116897 0.379119 -0.130875
v 0.00967875 0.301009 -0.199232
v -0.171965 0.440589 -0.121059
v -0.188717 0.441976 -0.113765
v -0.198349 0.432222 -0.0971224
v -0.0906405 0.358596 -0.159999
v -0.187887 0.449947 -0.113353
v -0.183609 0.456709 -0.105486
v -0.0664151 0.335252 -0.119009
v -0.0813113 0.3315 -0.127035
v -0.190075 0.421297 -0.0834155
v 0.00929182 0.28038 -0.184029
v 0.00266875 0.268305 -0.189282
v -0.016162 0.237852 -0.183782
v -0.0310236 0.215817 -0.182199
v -0.0746982 0.169446 -0.188329
v -0.133377 0.123324 -0.181692
v -0.198727 0.0943685 -0.159803
v -0.239051 0.0945801 -0.0735924
v -0.231099 0.12943 -0.0208294
v -0.231411 0.13385 0.0132645
v -0.208687 0.156612 0.0441368
v -0.193184 0.169702 0.0535553
v -0.170544 0.177449 0.0646668
v -0.152591 0.176106 0.0535214
v -0.133478 0.18226 0.0570676
v -0.104661 0.171202 0.0442507
v -0.100347 0.176883 0.0579953
v -0.111718 0.184335 0.109577
v -0.0990136 0.140739 0.129728
v -0.144914 0.124569 0.120695
v -0.202258 0.104645 0.0940653
v -0.190507 0.141342 0.0987045
v -0.148012 0.17097 0.111161
v -0.169634 0.455229 -0.118789
v -0.172492 0.450133 -0.122572
v -0.13797 0.385679 -0.107836
v -0.0116674 0.271249 -0.209558
v -0.194447 0.439216 -0.0814517
v -0.025052 0.308879 -0.143389
v 0.00432798 0.285825 -0.172436
v -0.00609664 0.260637 -0.196256
v -0.0105836 0.249615 -0.189795
v -0.0234774 0.226913 -0.183809
v -0.040902 0.204247 -0.185995
v -0.0325905 0.224825 -0.19618
v -0.103558 0.153375 -0.191708
v -0.128664 0.148215 -0.195618
v -0.137387 0.161673 -0.199598
v -0.103148 0.18795 -0.199876
v -0.035292 0.236944 -0.203773
v 0.00916952 0.286019 -0.197296
v -0.123684 0.37383 -0.120271
v -0.116684 0.364472 -0.123159
v -0.179322 0.454766 -0.116775
v -0.172714 0.428202 -0.118698
v -0.178587 0.433605 -0.117795
v -0.188141 0.437665 -0.109948
v -0.193811 0.438152 -0.107216
v -0.199628 0.449 -0.0897563
v -0.102689 0.348715 -0.137489
v -0.0885382 0.348289 -0.112166
v -0.181948 0.431209 -0.108033
v -0.191499 0.425567 -0.0823624
v -0.199517 0.425513 -0.0972132
v -0.200008 0.425482 -0.102966
v -0.201874 0.420359 -0.0949486
v -0.045412 0.304606 -0.209279
v -0.159847 0.401673 -0.104626
v -0.196101 0.414852 -0.0897678
v -0.184904 0.426777 -0.105869
v -0.183982 0.43086 -0.103248
v -0.0617313 0.324462 -0.197945
v -0.0724643 0.300672 -0.187959
v -0.0100582 0.283629 -0.161426
v -0.165752 0.407739 -0.111343
v -0.18957 0.433599 -0.102016
v -0.191664 0.420949 -0.111663
v -0.186985 0.423932 -0.108815
v -0.0325813 0.274049 -0.212948
v -0.194125 0.429959 -0.0995186
v -0.194378 0.427452 -0.103612
v -0.196777 0.423986 -0.107399
v -0.203554 0.420826 -0.102015
v -0.0941974 0.336409 -0.138539
v -0.198127 0.4354 -0.100585
v -0.195471 0.44414 -0.108869
v -0.185144 0.418392 -0.114413
v -0.191701 0.411274 -0.113416
v -0.189469 0.403232 -0.103709
v -0.199208 0.411723 -0.100452
v -0.0193882 0.250082 -0.201726
v -0.0507866 0.232795 -0.206912
v -0.0601743 0.307993 -0.203111
v -0.0713151 0.276849 -0.191808
v -0.0761374 0.271313 -0.187906
v -0.100358 0.250263 -0.159055
v -0.109604 0.231876 -0.144321
v -0.112217 0.235916 -0.150729
v -0.115917 0.229782 -0.152176
v -0.12328 0.229169 -0.161471
v -0.120002 0.227352 -0.154992
v -0.132877 0.220899 -0.172812
v -0.0358636 0.250602 -0.208133
v -0.085772 0.321216 -0.160703
v -0.0607513 0.310949 -0.136988
v -0.0668536 0.308712 -0.197671
v -0.0680274 0.286445 -0.195729
v -0.0697713 0.290295 -0.189335
v -0.0626582 0.286145 -0.171146
v -0.0538082 0.283002 -0.167082
v 0.00254105 0.268033 -0.177499
v -0.0201743 0.239725 -0.19391
v -0.0893882 0.327814 -0.148379
v -0.030192 0.28893 -0.153225
v -0.0668013 0.29239 -0.197149
v -0.0403566 0.300219 -0.143569
v -0.057299 0.299725 -0.150343
v -0.00284202 0.275442 -0.168836
v -0.0667166 0.300145 -0.197669
v -0.0696213 0.282473 -0.191679
v -0.0719397 0.278562 -0.183633
v -0.0841782 0.250432 -0.142672
v -0.094409 0.195933 -0.132369
v -0.111998 0.150495 -0.146143
v -0.122797 0.108367 -0.159442
v -0.202067 0.00277007 -0.128259
v -0.248545 0.00600007 -0.0660432
v -0.236287 -0.0942469 -0.0320694
v -0.242071 -0.0842338 0.0198545
v -0.203952 -0.0637384 0.0751714
v -0.202391 -0.159118 0.0715991
v -0.181508 -0.183115 0.0827976
v -0.156299 -0.140784 0.0933237
v -0.133384 -0.136281 0.0880391
v -0.0953767 -0.138193 0.0673045
v -0.103982 -0.140367 0.0716976
v -0.111534 -0.139308 0.0772237
v -0.0995005 -0.140478 0.0696568
v -0.0994936 -0.144758 0.0730237
v -0.0966636 -0.143094 0.0686383
v -0.10223 -0.148098 0.0703853
v -0.104755 -0.149991 0.0719253
v -0.0996705 -0.151237 0.0696107
v -0.0971751 -0.150647 0.0672545
v -0.0909874 -0.145311 0.0617737
v -0.0893905 -0.14355 0.0605922
v -0.0863236 -0.140971 0.0569814
v -0.0888166 -0.142468 0.0578391
v -0.0915136 -0.142425 0.0610091
v -0.088169 -0.13841 0.0582376
v -0.076632 -0.136178 0.0455283
v -0.0703336 -0.134655 0.0363368
v -0.0686436 -0.134035 0.0332907
v -0.0639905 -0.133788 0.0265499
v -0.0622974 -0.131618 0.0106291
v -0.0656451 -0.12747 0.00426526
v -0.0625174 -0.129138 0.00540834
v -0.0657205 -0.127348 -0.000679351
v -0.0645766 -0.129061 -0.00547089
v -0.0616536 -0.13134 -0.0161278
v -0.0653782 -0.129217 -0.0183378
v -0.062632 -0.128294 -0.0184855
v -0.0615982 -0.125708 -0.0229386
v -0.0664174 -0.130495 -0.0302994
v -0.0633366 -0.125943 -0.0298694
v -0.0655651 -0.126748 -0.0384555
v -0.0688166 -0.12955 -0.0494547
v -0.0713566 -0.132457 -0.0615232
v -0.088552 -0.148773 -0.0966047
v -0.0908282 -0.150721 -0.0998824
v -0.0868751 -0.149235 -0.100572
v -0.0979243 -0.166325 -0.122638
v -0.094349 -0.174688 -0.130901
v -0.0893674 -0.172235 -0.136038
v -0.0886766 -0.189725 -0.147219
v -0.0795413 -0.231255 -0.153991
v -0.105532 -0.281395 -0.122602
v -0.150481 -0.26378 -0.110675
v -0.158709 -0.279578 -0.0495286
v -0.134798 -0.29713 -0.0428386
v -0.101304 -0.314247 0.0441122
v -0.0347666 -0.300038 0.0406953
v -0.0155536 -0.283377 0.0171991
v 0.00689567 -0.250341 0.0102368
v 0.00935259 -0.221451 0.0268922
v 0.0143611 -0.220476 0.0134637
v -0.0289774 0.275445 -0.161075
v -0.0637251 0.286219 -0.199799
v -0.0627905 0.260122 -0.206163
v -0.0690574 0.286046 -0.179873
v -0.0716005 0.29579 -0.174903
v -0.072002 0.301727 -0.164479
v -0.0468651 0.212565 -0.200176
v -0.0540266 0.290573 -0.159758
v -0.0623236 0.293515 -0.163686
v -0.0670082 0.279612 -0.196729
v -0.0795443 0.224119 -0.205576
v -0.0460443 0.284969 -0.160719
v -0.0236205 0.252425 -0.165896
v -0.0142282 0.240502 -0.176142
v -0.0175189 0.245027 -0.171362
v -0.0337551 0.227519 -0.16338
v -0.0458713 0.223329 -0.155893
v -0.0699105 0.186639 -0.15722
v -0.0714813 0.267807 -0.197579
v -0.0666582 0.179229 -0.192533
v -0.0893013 0.188466 -0.201042
v -0.0235774 0.238559 -0.16864
v -0.0134105 0.253166 -0.171459
v -0.0440705 0.266473 -0.161322
v -0.049019 0.192475 -0.18049
v -0.0595605 0.27833 -0.169939
v -0.0659582 0.278219 -0.17308
v -0.070302 0.242439 -0.206696
v -0.0641413 0.203979 -0.20337
v -0.118425 0.163506 -0.198812
v -0.083642 0.265483 -0.181851
v -0.0522466 0.273703 -0.165266
v -0.084142 0.252092 -0.196166
v -0.0928651 0.258365 -0.159632
v -0.0593505 0.274182 -0.166138
v -0.0970467 0.236615 -0.193012
v -0.0779274 0.266522 -0.160392
v -0.0936951 0.258509 -0.178806
v -0.109354 0.244002 -0.158759
v -0.037412 0.240182 -0.159452
v -0.0727166 0.189182 -0.200582
v -0.145278 0.129362 -0.189086
v -0.153281 0.126447 -0.188403
v -0.155461 0.114969 -0.182106
v -0.115311 0.144164 -0.190132
v -0.0898536 0.163737 -0.193339
v -0.159877 0.122035 -0.185056
v -0.0723082 0.272765 -0.169573
v 0.437981 -0.283211 -0.178496
v 0.440391 -0.276611 -0.177636
v 0.443606 -0.277296 -0.171521
v 0.448539 -0.279455 -0.163636
v 0.442683 -0.283451 -0.174719
v 0.425496 -0.281305 -0.190408
v 0.421805 -0.286508 -0.178599
v 0.424156 -0.28855 -0.16561
v 0.430703 -0.287128 -0.175896
v 0.419325 -0.28384 -0.187282
v 0.41207 -0.288017 -0.173865
v 0.40105 -0.287587 -0.180889
v 0.386866 -0.287478 -0.181875
v 0.359678 -0.287038 -0.174728
v 0.335376 -0.29033 -0.170476
v 0.325793 -0.29111 -0.176419
v 0.299292 -0.293485 -0.171276
v 0.294456 -0.302008 -0.156585
v 0.287036 -0.293744 -0.152669
v 0.29471 -0.254745 -0.13974
v 0.281713 -0.240256 -0.151059
v 0.262993 -0.217138 -0.152546
v 0.232072 -0.187506 -0.164609
v 0.206693 -0.144917 -0.187809
v 0.256036 -0.198243 -0.174232
v 0.288203 -0.214083 -0.178122
v 0.293223 -0.175591 -0.175572
v 0.259806 -0.136128 -0.184235
v 0.256633 -0.150503 -0.139115
v 0.28582 -0.16259 -0.173876
v 0.430936 -0.278898 -0.189039
v 0.434128 -0.281757 -0.184415
v 0.442292 -0.286055 -0.166002
v 0.436848 -0.286855 -0.169029
v 0.43625 -0.287341 -0.160649
v 0.440776 -0.287173 -0.153409
v 0.431639 -0.288508 -0.152645
v 0.444 -0.287471 -0.139682
v 0.451913 -0.283187 -0.142738
v 0.45268 -0.278731 -0.152161
v 0.446473 -0.272048 -0.150935
v 0.443682 -0.26579 -0.146106
v 0.446653 -0.268684 -0.140912
v -0.064372 0.270364 -0.161561
v -0.064779 0.262329 -0.153899
v -0.0919982 0.221172 -0.200336
v 0.429786 -0.285557 -0.183963
v 0.397229 -0.288934 -0.170948
v 0.39451 -0.289321 -0.1581
v 0.382443 -0.287703 -0.152185
v 0.376446 -0.284784 -0.142273
v 0.423171 -0.274115 -0.191212
v 0.417516 -0.273991 -0.190376
v 0.419708 -0.270968 -0.184712
v 0.420312 -0.268668 -0.175921
v 0.407246 -0.264931 -0.172803
v 0.385135 -0.256724 -0.175865
v 0.354509 -0.233273 -0.174679
v 0.418346 -0.279971 -0.192149
v 0.411822 -0.283301 -0.190476
v 0.402636 -0.284703 -0.190189
v 0.393833 -0.285658 -0.189223
v 0.36787 -0.28366 -0.185562
v 0.349483 -0.277515 -0.185388
v 0.337088 -0.260741 -0.182459
v 0.295946 -0.223985 -0.177831
v -0.072992 0.254322 -0.146778
v -0.0829582 0.20349 -0.203366
v -0.105007 0.172049 -0.199242
v -0.162731 0.145556 -0.19242
v -0.204324 0.138106 -0.161579
v -0.179157 0.180867 -0.172285
v -0.171954 0.136802 -0.186582
v -0.0853443 0.176033 -0.198472
v 0.437105 -0.269095 -0.17079
v 0.43775 -0.265825 -0.154479
v 0.432706 -0.273687 -0.181755
v 0.426156 -0.272183 -0.186302
v -0.0559266 0.192299 -0.194542
v 0.432793 -0.268431 -0.175912
v 0.44595 -0.282387 -0.171182
v -0.0888866 0.263463 -0.170289
v -0.0969413 0.256329 -0.169659
v -0.104864 0.24941 -0.166775
v 0.447316 -0.282224 -0.167606
v 0.443948 -0.268535 -0.154905
v 0.446318 -0.273584 -0.161746
v 0.411606 -0.279775 -0.193092
v 0.400383 -0.278631 -0.193636
v 0.382592 -0.27526 -0.192262
v 0.412636 -0.274997 -0.190806
v 0.414505 -0.272383 -0.187452
v 0.397042 -0.261361 -0.175482
v 0.393566 -0.280347 -0.194138
v -0.0674482 0.233122 -0.141289
v -0.0920774 0.184702 -0.137125
v -0.0386513 0.211266 -0.168916
v -0.128972 0.134763 -0.188368
v -0.146569 0.119517 -0.183389
v 0.446952 -0.286217 -0.148426
v 0.446398 -0.285248 -0.160473
v 0.441168 -0.267551 -0.163029
v 0.418045 -0.266053 -0.164306
v 0.434745 -0.266168 -0.164945
v 0.439908 -0.266755 -0.150763
v 0.444653 -0.26532 -0.140952
v 0.431363 -0.266543 -0.146626
v 0.429686 -0.267165 -0.168899
v 0.412382 -0.27001 -0.182535
v 0.405838 -0.273708 -0.189628
v 0.402201 -0.268088 -0.183959
v 0.399003 -0.270048 -0.187096
v -0.083242 0.260455 -0.151128
v 0.395456 -0.274497 -0.191462
v 0.406513 -0.279991 -0.193376
v 0.37629 -0.279078 -0.191652
v 0.34926 -0.266071 -0.185465
v 0.355985 -0.25131 -0.182395
v 0.451213 -0.278568 -0.157868
v 0.456732 -0.281024 -0.149285
v 0.443328 -0.269863 -0.150312
v 0.43665 -0.266051 -0.145228
v 0.435081 -0.267877 -0.140725
v 0.427922 -0.26906 -0.133396
v 0.433209 -0.271451 -0.131778
v 0.448159 -0.274958 -0.129082
v 0.461856 -0.279698 -0.137129
v 0.462206 -0.27814 -0.124676
v 0.459879 -0.275245 -0.130061
v -0.076492 0.222507 -0.135879
v 0.388645 -0.266101 -0.184341
v 0.453289 -0.275125 -0.146703
v -0.0931343 0.238349 -0.138143
v -0.103167 0.244439 -0.148613
v -0.0789382 0.240074 -0.138341
v -0.0988405 0.248335 -0.185225
v 0.367746 -0.275978 -0.189776
v -0.0597005 0.219425 -0.146603
v -0.103484 0.204022 -0.197691
v -0.084032 0.160075 -0.18193
v -0.113167 0.138739 -0.181622
v -0.108175 0.14294 -0.171322
v -0.0995051 0.151282 -0.168582
v -0.118635 0.127909 -0.153949
v 0.44839 -0.27366 -0.153692
v 0.395716 -0.268621 -0.186702
v -0.151307 0.179719 -0.196789
v -0.105322 0.144933 -0.182423
v -0.123524 0.128029 -0.178599
v 0.388978 -0.27324 -0.190898
v 0.362761 -0.264951 -0.186536
v -0.060119 0.179823 -0.179622
v 0.447803 -0.270958 -0.145688
v 0.39719 -0.266046 -0.183016
v -0.113262 0.227389 -0.184019
v -0.116307 0.237206 -0.162869
v -0.109637 0.239087 -0.179059
v 0.376159 -0.268694 -0.188316
v 0.4408 -0.264458 -0.141472
v 0.44032 -0.272805 -0.134096
v 0.449463 -0.275853 -0.134819
v 0.451795 -0.284073 -0.138811
v 0.451813 -0.287014 -0.134509
v 0.452702 -0.282758 -0.124132
v 0.459461 -0.28234 -0.125722
v -0.103334 0.236103 -0.141541
v -0.107567 0.17526 -0.129139
v -0.109075 0.16851 -0.128933
v -0.112221 0.156634 -0.132389
v -0.11799 0.122589 -0.140213
v 0.45791 -0.278123 -0.144162
v 0.451886 -0.274111 -0.140142
v 0.358621 -0.274621 -0.188068
v -0.118968 0.189785 -0.198812
v -0.094302 0.153405 -0.183871
v 0.372813 -0.258108 -0.182258
v 0.445503 -0.270683 -0.136486
v 0.446536 -0.274904 -0.134302
v 0.452002 -0.277621 -0.136106
v -0.0940974 0.251739 -0.147016
v 0.371826 -0.244468 -0.173849
v 0.456749 -0.28547 -0.129816
v 0.456909 -0.283955 -0.138066
v -0.0963043 0.211989 -0.131425
v -0.100237 0.206535 -0.131069
v -0.107801 0.159742 -0.141519
v 0.460908 -0.284941 -0.13529
v 0.404711 -0.257781 -0.160231
v 0.418972 -0.264788 -0.135692
v 0.42662 -0.266051 -0.157131
v -0.157535 0.161386 -0.196239
v 0.456776 -0.27958 -0.137482
v 0.39259 -0.250543 -0.163045
v 0.370572 -0.235768 -0.136169
v 0.337926 -0.217964 -0.137492
v 0.31502 -0.198467 -0.143348
v 0.336709 -0.222421 -0.174035
v -0.110437 0.244102 -0.169592
v -0.158735 0.203493 -0.174742
v -0.158407 0.204005 -0.140226
v -0.146104 0.199252 -0.129545
v -0.128611 0.221773 -0.151256
v 0.464763 -0.276155 -0.129279
v 0.456475 -0.276597 -0.134271
v 0.452939 -0.275534 -0.132759
v 0.443629 -0.273675 -0.133378
v 0.438988 -0.272221 -0.131646
v 0.413879 -0.261835 -0.151626
v -0.106124 0.226016 -0.138399
v -0.107 0.191295 -0.130371
v -0.0724136 0.203195 -0.143409
v -0.119465 0.214737 -0.189871
v -0.121697 0.228339 -0.173682
v -0.095199 0.226522 -0.133699
v -0.130718 0.207359 -0.190909
v 0.334478 -0.283528 -0.180621
v -0.145008 0.200692 -0.189108
v 0.437052 -0.271091 -0.135059
v 0.391962 -0.245074 -0.153559
v -0.144632 0.213622 -0.174149
v -0.133814 0.182557 -0.200068
v 0.340766 -0.277661 -0.183366
v 0.433709 -0.269724 -0.136666
v 0.381619 -0.241265 -0.161133
v 0.377618 -0.233124 -0.149919
v -0.0770466 0.166392 -0.174089
v -0.141735 0.136562 -0.191776
v -0.161068 0.129352 -0.187882
v -0.168781 0.12362 -0.183809
v -0.182947 0.124885 -0.178346
v 0.356872 -0.281918 -0.184731
v 0.402986 -0.253128 -0.147019
v 0.394345 -0.255375 -0.133903
v 0.389933 -0.267655 -0.126859
v 0.383738 -0.286148 -0.139809
v 0.394788 -0.288715 -0.143749
v 0.383259 -0.288738 -0.168652
v 0.361043 -0.223395 -0.150509
v 0.428956 -0.267435 -0.139422
v -0.0859836 0.215182 -0.133031
v -0.0851005 0.199932 -0.135199
v 0.368536 -0.231353 -0.162778
v 0.32952 -0.27252 -0.181146
v 0.393643 -0.245567 -0.144441
v -0.110894 0.225572 -0.142129
v -0.108231 0.218543 -0.137423
v -0.1061 0.211327 -0.134032
v -0.105914 0.204833 -0.132335
v -0.106935 0.187262 -0.129016
v -0.107294 0.17913 -0.127169
v -0.107342 0.159265 -0.125258
v -0.104474 0.12939 -0.125779
v -0.101754 0.135535 -0.0801832
v -0.121389 0.152135 -0.0910509
v -0.128077 0.157809 -0.0964494
v -0.133947 0.160336 -0.0979694
v -0.133431 0.1642 -0.102253
v -0.133137 0.173522 -0.109763
v -0.112749 0.223056 -0.146323
v -0.113691 0.226692 -0.148856
v -0.11154 0.219823 -0.143568
v -0.107517 0.195556 -0.131766
v -0.107348 0.183345 -0.127922
v -0.110655 0.191375 -0.130313
v -0.113312 0.18763 -0.126876
v -0.108064 0.166625 -0.117622
v -0.1026 0.146039 -0.0994132
v -0.141822 0.217752 -0.155683
v 0.350673 -0.220434 -0.163818
v -0.163339 0.190366 -0.183766
v 0.386399 -0.239238 -0.150679
v 0.383966 -0.240618 -0.139926
v -0.155164 0.211085 -0.158871
v -0.16758 0.20174 -0.153405
v -0.175658 0.188786 -0.133341
v -0.148757 0.184859 -0.117278
v 0.328526 -0.287493 -0.180021
v 0.454493 -0.276935 -0.125116
v 0.448662 -0.278758 -0.123023
v 0.444338 -0.284938 -0.121883
v 0.438696 -0.285697 -0.121816
v 0.427016 -0.277318 -0.126558
v 0.410816 -0.266234 -0.130923
v 0.317086 -0.276687 -0.178629
v 0.306825 -0.27741 -0.175076
v 0.442188 -0.274671 -0.128876
v -0.147861 0.146153 -0.195212
v 0.309402 -0.24148 -0.182066
v 0.406536 -0.25936 -0.136783
v -0.119318 0.222256 -0.148918
v -0.118142 0.216624 -0.144376
v -0.115814 0.196652 -0.132005
v -0.120389 0.191982 -0.127451
v -0.125519 0.179626 -0.114595
v -0.0892774 0.159362 -0.168962
v -0.114105 0.13692 -0.172832
v -0.125932 0.121199 -0.172052
v 0.33901 -0.240591 -0.179349
v 0.32292 -0.250763 -0.181125
v 0.312243 -0.223878 -0.1797
v 0.323606 -0.233747 -0.181309
v -0.166604 0.114909 -0.180739
v -0.197142 0.118546 -0.167798
v -0.220924 0.143155 -0.115783
v -0.204975 0.166709 -0.100809
v -0.17879 0.165122 -0.0811209
v -0.169027 0.156692 -0.0841524
v -0.161664 0.153615 -0.0846278
v -0.160237 0.150316 -0.0897432
v -0.142329 0.153816 -0.0694194
v -0.136647 0.152273 -0.0638032
v -0.130047 0.15713 -0.0523078
v -0.134261 0.191296 -0.0621824
v -0.184441 0.196732 -0.0732624
v -0.218905 0.209799 -0.0540832
v -0.226111 0.229736 0.0042245
v -0.243667 0.241189 -0.0260063
v -0.250711 0.25678 -0.0327678
v -0.254329 0.26276 -0.0226232
v -0.25142 0.273875 -0.0451894
v -0.242981 0.271049 -0.0617055
v -0.24487 0.254272 -0.0476963
v -0.227882 0.252759 -0.0684286
v -0.206785 0.279769 -0.0793255
v -0.24034 0.278953 -0.0658363
v -0.235734 0.253453 -0.0613255
v 0.444453 -0.27659 -0.125481
v 0.440078 -0.280133 -0.123746
v 0.344812 -0.213614 -0.150048
v 0.323566 -0.211698 -0.174532
v 0.325282 -0.282031 -0.180812
v 0.29615 -0.284954 -0.170532
v 0.285255 -0.285013 -0.152783
v 0.319555 -0.28761 -0.179643
v 0.436723 -0.275175 -0.128042
v 0.314942 -0.262598 -0.176719
v -0.113837 0.206585 -0.137669
v 0.233326 -0.10055 -0.191122
v 0.248243 -0.10687 -0.174229
v 0.255001 -0.161005 -0.187738
v 0.275803 -0.174048 -0.18384
v 0.200555 -0.128345 -0.194355
v 0.333793 -0.207827 -0.162549
v 0.197156 -0.0793476 -0.203156
v 0.189713 -0.0519199 -0.202139
v 0.31293 -0.200871 -0.174222
v 0.212928 -0.0696338 -0.195842
v 0.153512 -0.0619546 -0.127826
v 0.150093 -0.089313 -0.13132
v 0.15632 -0.132748 -0.164892
v 0.173398 -0.0865361 -0.205848
v 0.14376 -0.0563276 -0.202919
v 0.13088 -0.0523338 -0.197323
v 0.12003 -0.0609269 -0.178883
v 0.120633 -0.0623299 -0.163371
v 0.12369 -0.0718269 -0.130119
v 0.117568 -0.0821384 -0.129066
v 0.102893 -0.114137 -0.117073
v 0.0543749 -0.204901 -0.0634147
v 0.0355526 -0.205235 -0.0424555
v 0.0252349 -0.201711 -0.0303524
v 0.0194403 -0.206157 -0.0217424
v 0.226226 -0.0716446 -0.165018
v 0.208025 -0.0522299 -0.157669
v 0.221026 -0.0627776 -0.17844
v 0.29344 -0.19901 -0.178909
v 0.286426 -0.185911 -0.180906
v 0.269136 -0.188961 -0.182008
v 0.238926 -0.176305 -0.179403
v 0.276678 -0.201434 -0.179678
v -0.111027 0.216123 -0.141666
v 0.224973 -0.0800853 -0.19021
v 0.209429 -0.103337 -0.133088
v 0.235912 -0.0858915 -0.175592
v 0.2145 -0.0949069 -0.198696
v 0.244368 -0.11194 -0.186969
v 0.252562 -0.125048 -0.185186
v 0.318836 -0.195388 -0.163662
v 0.281421 -0.17302 -0.143212
v 0.304178 -0.189431 -0.173832
v 0.272772 -0.160724 -0.183895
v 0.250222 -0.14463 -0.190102
v 0.180089 -0.130787 -0.191299
v 0.200705 -0.162193 -0.169012
v 0.304669 -0.210038 -0.177773
v 0.200076 -0.0384007 -0.187295
v 0.242699 -0.0993453 -0.161218
v 0.23592 -0.125161 -0.193449
v 0.222599 -0.142255 -0.190019
v -0.153352 0.136292 -0.190976
v 0.297959 -0.250925 -0.172386
v -0.0969882 0.172339 -0.142636
v -0.106092 0.153762 -0.155945
v 0.179208 -0.0656161 -0.205776
v 0.197452 -0.104798 -0.19996
v 0.153181 0.0181024 -0.187529
v 0.14354 -0.00491301 -0.133136
v 0.162986 -0.0533699 -0.205712
v 0.162446 -0.0124745 -0.197033
v 0.140316 -0.0152407 -0.200372
v 0.118203 -0.0522369 -0.187192
v 0.115336 -0.0564499 -0.183853
v 0.115233 -0.0659284 -0.176259
v 0.110733 -0.0713238 -0.173999
v 0.11336 -0.0741715 -0.168668
v 0.114349 -0.0799976 -0.147499
v 0.113603 -0.0882815 -0.135601
v 0.109059 -0.0937384 -0.112599
v 0.102022 -0.0141407 -0.110885
v 0.107829 -0.0793784 -0.104869
v 0.0652026 -0.0570653 -0.0900709
v 0.0572995 0.00392315 -0.137466
v 0.0689895 0.0144116 -0.160755
v 0.073018 -0.00163993 -0.186636
v 0.103913 -0.0186999 -0.195815
v 0.277012 -0.148868 -0.170561
v 0.30101 -0.264341 -0.169982
v 0.29061 -0.291288 -0.164226
v 0.311458 -0.290337 -0.176741
v -0.103138 0.193252 -0.130372
v -0.100657 0.217762 -0.132892
v -0.103311 0.199525 -0.130582
v 0.205509 -0.0558976 -0.195326
v 0.17968 -0.00499993 -0.169146
v 0.164925 0.00440161 -0.155133
v 0.127693 -0.0171284 -0.122596
v 0.141041 -0.0652707 -0.130263
v 0.13363 -0.0634846 -0.132653
v 0.131058 -0.061703 -0.128376
v 0.119633 -0.0672969 -0.151098
v 0.158063 -0.0478176 -0.129671
v 0.168855 -0.0697653 -0.128039
v -0.114134 0.140785 -0.155975
v 0.373322 -0.28612 -0.150435
v 0.350576 -0.286398 -0.150458
v 0.262269 -0.128983 -0.171578
v 0.267561 -0.146301 -0.182386
v 0.237195 -0.142768 -0.191351
v 0.303569 -0.286937 -0.174922
v 0.401979 -0.284605 -0.126722
v 0.404852 -0.272361 -0.126501
v 0.39636 -0.277668 -0.126089
v 0.414313 -0.28651 -0.125141
v 0.427286 -0.289443 -0.132851
v 0.425138 -0.289893 -0.143443
v 0.41971 -0.272104 -0.128176
v -0.113009 0.20118 -0.13513
v -0.109745 0.212532 -0.139479
v -0.110821 0.180613 -0.123711
v -0.10819 0.204015 -0.135772
v -0.108741 0.2084 -0.137712
v -0.107647 0.199696 -0.133339
v 0.161653 0.00382315 -0.192222
v -0.174041 0.193762 -0.162576
v -0.200231 0.156823 -0.152426
v -0.179241 0.18822 -0.144722
v -0.164635 0.179297 -0.118053
v -0.166147 0.171309 -0.111731
v -0.147342 0.162153 -0.0996186
v -0.143391 0.163349 -0.100326
v 0.328102 -0.202221 -0.149072
v 0.302066 -0.178397 -0.164323
v 0.149722 -0.100217 -0.198532
v 0.16063 -0.116664 -0.195875
v 0.219145 -0.117661 -0.195971
v 0.369208 -0.249315 -0.128606
v 0.376643 -0.280146 -0.134905
v 0.371063 -0.27875 -0.137865
v 0.184936 -0.035393 -0.197589
v 0.177572 -0.00707685 -0.185419
v 0.186852 -0.0142399 -0.177252
v 0.354646 -0.226535 -0.137433
v 0.268885 -0.138338 -0.160959
v -0.177417 0.154905 -0.186222
v -0.190881 0.146875 -0.174852
v -0.134804 0.212855 -0.142819
v -0.130304 0.202023 -0.131646
v 0.229653 -0.0852753 -0.153892
v 0.190183 -0.104965 -0.127271
v 0.176446 -0.145538 -0.153582
v 0.282285 -0.157521 -0.157198
v -0.171155 0.172962 -0.186919
v 0.258198 -0.209015 -0.166102
v 0.278569 -0.228501 -0.167585
v 0.281286 -0.238098 -0.162038
v 0.282008 -0.244231 -0.156383
v 0.297525 -0.239208 -0.176393
v 0.381686 -0.253953 -0.129772
v 0.233479 -0.160608 -0.184979
v -0.100234 0.187023 -0.131962
v -0.104235 0.182183 -0.130846
v 0.310678 -0.186788 -0.157916
v 0.256243 -0.179127 -0.183182
v 0.28795 -0.233231 -0.172459
v 0.267518 -0.221457 -0.161981
v 0.290988 -0.298658 -0.160223
v 0.408653 -0.282305 -0.124566
v 0.397336 -0.287685 -0.134111
v 0.388226 -0.283386 -0.132326
v 0.379703 -0.282968 -0.136245
v 0.379586 -0.275285 -0.130516
v 0.373408 -0.27906 -0.136793
v 0.181135 -0.0203838 -0.191352
v 0.365921 -0.278768 -0.139289
v 0.353016 -0.25005 -0.127885
v 0.338805 -0.26687 -0.127661
v 0.166843 -0.0310038 -0.201902
v 0.13518 -0.0393853 -0.200035
v 0.176259 -0.10815 -0.202312
v 0.287183 -0.241318 -0.166436
v 0.136965 0.0140762 -0.196818
v 0.106909 0.00882315 -0.197169
v 0.147105 0.00224623 -0.198488
v 0.122739 -0.00214993 -0.199162
v 0.21123 -0.0479384 -0.176441
v 0.215233 -0.0644353 -0.155238
v 0.292215 -0.167748 -0.160632
v 0.2722 -0.214485 -0.173546
v 0.291206 -0.278563 -0.165702
v 0.199503 -0.036523 -0.162588
v 0.0135049 -0.0346069 -0.152235
v 0.0487403 -0.0882038 -0.190842
v 0.0297157 -0.108053 -0.187298
v 0.00345951 -0.106735 -0.182359
v -0.0278943 -0.0831869 -0.152186
v -0.00424895 -0.0506576 -0.125796
v -0.00406741 -0.0648738 -0.109829
v -0.00549049 -0.0911446 -0.0835786
v 0.00967952 -0.147128 -0.0459478
v -0.00965203 -0.156378 -0.0411263
v -0.0165089 -0.163545 -0.0358886
v -0.0282866 -0.156353 -0.0423378
v -0.0325297 -0.154731 -0.0447594
v -0.0475582 -0.146624 -0.0451055
v -0.0543136 -0.136231 -0.0368186
v -0.0437674 -0.138127 -0.0212886
v -0.0453651 -0.135264 -0.0149932
v -0.0456236 -0.133618 -0.00624935
v -0.0475505 -0.132688 0.000661418
v -0.0451082 -0.131115 0.0164083
v -0.0473636 -0.130767 0.0236814
v -0.0570251 -0.128697 0.0309053
v -0.0587913 -0.130491 0.0376922
v -0.066172 -0.136446 0.0502114
v -0.0668074 -0.141594 0.0555383
v -0.0752936 -0.137435 0.0656107
v -0.0650436 -0.136467 0.0591407
v -0.0696074 -0.133665 0.0646622
v -0.0533082 -0.126435 0.0588253
v -0.0325382 -0.14825 0.0405345
v -0.0281336 -0.150495 0.0388676
v -0.0495013 -0.140471 0.0489114
v -0.0603366 -0.136337 0.0561022
v -0.0607351 -0.141084 0.0521553
v -0.057132 -0.142233 0.0500337
v -0.0535974 -0.139024 0.0471722
v -0.0406897 -0.13672 0.0318145
v -0.0254582 -0.143444 -0.0016232
v -0.0260366 -0.155037 -0.0310378
v -0.0182151 -0.162551 -0.0270424
v 0.0364218 -0.0481069 -0.186758
v 0.00900952 -0.0479538 -0.164336
v 0.0463149 -0.128058 -0.178389
v 0.375036 -0.282034 -0.137669
v 0.1529 -0.0755176 -0.204579
v 0.136458 -0.084223 -0.195652
v 0.158406 -0.127731 -0.183116
v 0.219633 -0.169105 -0.176286
v 0.17217 -0.141587 -0.172752
v 0.150609 0.0276155 -0.174855
v 0.0541195 -0.0654115 -0.193262
v 0.365791 -0.266668 -0.129736
v 0.371551 -0.275001 -0.134089
v 0.0625649 -0.10562 -0.181563
v 0.0827288 -0.143201 -0.141903
v 0.0363195 -0.202973 -0.138982
v 0.0921257 -0.136061 -0.101499
v 0.343592 -0.234794 -0.132362
v 0.309395 -0.281554 -0.129436
v 0.30062 -0.292265 -0.133662
v 0.291693 -0.297772 -0.142805
v 0.290006 -0.30031 -0.154091
v 0.126991 -0.0587676 -0.193451
v 0.123338 -0.0655899 -0.187706
v 0.125775 -0.0758746 -0.187252
v 0.127083 -0.0946415 -0.173059
v 0.142843 -0.116438 -0.178332
v 0.295616 -0.176955 -0.15025
v 0.258882 -0.168227 -0.135742
v 0.240586 -0.176005 -0.137853
v 0.281259 -0.192997 -0.136972
v 0.092328 -0.00112685 -0.195286
v 0.104708 0.041877 -0.174942
v 0.12978 0.0426232 -0.173802
v 0.140473 0.0349724 -0.166162
v 0.17214 0.00242853 -0.183241
v 0.0286364 -0.0765199 -0.189522
v -0.105297 0.171583 -0.133212
v 0.064148 -0.0285876 -0.191868
v 0.0354057 -0.175965 -0.158748
v 0.00185105 -0.261428 -0.108139
v -0.0741643 -0.282467 -0.124136
v 0.085008 -0.0976569 -0.173055
v 0.293136 -0.188158 -0.141083
v 0.251933 -0.185377 -0.137443
v 0.210519 -0.157787 -0.181019
v 0.121196 0.0351616 -0.191758
v 0.140589 0.0294062 -0.187398
v 0.0981618 0.0236239 -0.190678
v 0.126332 0.0231893 -0.195749
v -0.123639 0.211589 -0.140338
v -0.12043 0.203989 -0.135051
v -0.132472 0.188759 -0.12161
v 0.00524798 -0.173238 -0.169122
v -0.0509536 -0.176137 -0.161429
v -0.0797605 -0.168263 -0.145721
v -0.0518513 -0.118277 -0.146882
v -0.0670966 -0.143633 -0.146388
v 0.0194049 -0.14436 -0.178342
v -0.102014 0.177775 -0.133066
v -0.114074 0.15315 -0.137996
v 0.0721634 -0.0859976 -0.184416
v -0.00777203 -0.13757 -0.177492
v -0.0333466 -0.150695 -0.168582
v 0.125133 -0.0274076 -0.198016
v 0.254261 -0.118405 -0.161076
v 0.135002 -0.0682346 -0.197799
v 0.125489 -0.0850469 -0.180322
v 0.131759 -0.0948546 -0.184488
v 0.242493 -0.190888 -0.171372
v 0.291025 -0.266933 -0.164472
v 0.172193 0.00390238 -0.168212
v 0.0691157 -0.0483584 -0.192586
v 0.0968795 -0.0854938 -0.172362
v 0.101006 -0.0915607 -0.163156
v 0.110013 -0.0985853 -0.126109
v 0.256771 -0.133397 -0.148108
v 0.336643 -0.282124 -0.13414
v 0.325828 -0.230338 -0.132182
v 0.305198 -0.262247 -0.132785
v 0.14946 -0.0370684 -0.203253
v 0.289656 -0.255105 -0.163759
v 0.285079 -0.263994 -0.147069
v 0.285156 -0.246698 -0.161479
v 0.165761 0.012117 -0.177748
v 0.114591 -0.032703 -0.193485
v 0.0862511 -0.030763 -0.193769
v 0.115978 -0.0448545 -0.190669
v 0.0884864 -0.0779115 -0.180275
v 0.0788157 -0.0658399 -0.188169
v 0.320065 -0.212175 -0.135765
v 0.266982 -0.200685 -0.137609
v -0.17793 0.0996685 -0.173225
v 0.11194 0.0232362 -0.195469
v 0.0428418 -0.0249638 -0.178222
v 0.00726644 -0.0375253 -0.133985
v 0.103113 -0.0411145 -0.190025
v 0.107695 -0.0540469 -0.185765
v -0.0233466 -0.171421 -0.167989
v 0.132296 0.0387424 -0.184389
v 0.149869 0.0235224 -0.157716
v -0.107455 0.165215 -0.136059
v -0.171611 0.196246 -0.142475
v 0.0929795 -0.0514084 -0.188353
v -0.182004 0.183095 -0.154545
v -0.189027 0.168027 -0.164476
v 0.124215 -0.0511361 -0.190696
v 0.122336 -0.0545576 -0.186386
v 0.278155 -0.236138 -0.155873
v -0.116492 0.211075 -0.14024
v 0.243985 -0.12008 -0.145493
v 0.305435 -0.188921 -0.146435
v -0.156231 0.102023 -0.178439
v -0.00128664 -0.0637815 -0.167506
v -0.110135 0.174809 -0.120738
v -0.106924 0.173287 -0.124936
v -0.106837 0.150082 -0.126233
v -0.106738 0.167055 -0.123892
v 0.0971364 -0.063463 -0.183808
v 0.105201 -0.0958507 -0.152065
v 0.110923 -0.0889607 -0.146145
v 0.113235 -0.0788699 -0.155286
v 0.10879 -0.0638753 -0.180059
v 0.127433 -0.0470169 -0.194503
v -0.148137 0.087747 -0.175596
v -0.215949 0.027277 -0.120819
v -0.236804 0.0653501 0.0392337
v -0.145541 0.106363 0.117981
v -0.149948 0.105263 0.116891
v -0.117612 0.108172 0.119802
v -0.0959382 0.10842 0.118075
v -0.0338697 0.120002 0.0971037
v 0.0182295 0.142467 0.0997345
v 0.0330634 0.162146 0.0845614
v 0.0633995 0.153759 0.114465
v 0.0586418 0.154822 0.132121
v 0.0851603 0.182049 0.142232
v 0.28441 -0.26212 -0.157462
v 0.283436 -0.253563 -0.153959
v 0.102368 -0.0728538 -0.177205
v 0.293205 -0.214621 -0.135572
v -0.00322818 -0.224258 -0.148446
v 0.284303 -0.273737 -0.155888
v 0.289628 -0.299232 -0.148636
v 0.108186 0.0374701 -0.1886
v 0.0572949 -0.0121653 -0.181868
v 0.0532988 -0.00258839 -0.16395
v 0.186176 -0.0191184 -0.162363
v 0.177749 -0.0563738 -0.133709
v 0.15559 -0.0763553 -0.127716
v 0.19506 -0.026653 -0.176346
v -0.0146713 -0.199847 -0.161529
v 0.300676 -0.203251 -0.137509
v -0.135144 0.108776 -0.173549
v 0.0452164 -0.152881 -0.166726
v -0.212842 0.0553955 -0.138816
v -0.211287 0.110935 -0.154302
v -0.235081 0.114707 -0.0769732
v 0.223946 -0.179268 -0.16861
v 0.189728 -0.149744 -0.177486
v 0.118886 0.0439247 -0.180035
v -0.0515866 -0.137315 -0.158062
v -0.151367 0.0668801 -0.173272
v -0.216669 0.0873601 -0.141408
v -0.193295 0.0708793 -0.160796
v -0.0260943 -0.104475 -0.166945
v -0.0501351 -0.106683 -0.121416
v -0.0455566 -0.10867 -0.105422
v -0.00625203 -0.14242 -0.0497132
v 0.160451 0.0159055 -0.16599
v 0.10644 -0.0802146 -0.168766
v 0.108453 -0.085543 -0.158136
v 0.0896549 -0.114568 -0.158453
v 0.100135 -0.108651 -0.147826
v 0.332026 -0.250263 -0.129646
v 0.116231 -0.0703115 -0.164349
v 0.112829 -0.0771246 -0.162519
v 0.122555 -0.0588069 -0.188541
v 0.120152 -0.0622507 -0.183913
v 0.118782 -0.0678207 -0.165908
v 0.123569 -0.0715246 -0.122021
v 0.120383 -0.0696753 -0.114556
v 0.013338 -0.201551 -0.153629
v -0.0134374 -0.066433 -0.155519
v 0.0391026 -0.0169276 -0.126175
v 0.012208 -0.10132 -0.0709763
v -0.0327451 -0.124378 -0.167479
v -0.1178 0.182005 -0.121061
v -0.0587274 -0.264728 -0.140683
v -0.0367882 -0.197011 -0.161919
v 0.115551 -0.0607684 -0.180726
v 0.119393 -0.0614138 -0.178339
v 0.121833 -0.0580807 -0.176422
v 0.116268 -0.0695638 -0.171152
v 0.119412 -0.0643669 -0.172942
v 0.11898 -0.0665684 -0.155656
v 0.116836 -0.073633 -0.145169
v 0.0794403 -0.129208 -0.157328
v 0.0729357 -0.117537 -0.169953
v 0.287079 -0.278285 -0.144982
v 0.291188 -0.289117 -0.140682
v 0.0838111 0.0165839 -0.184352
v 0.0836888 0.0271385 -0.165589
v 0.0952188 0.0284885 -0.142019
v 0.0981334 0.0109947 -0.121188
v -0.0117651 -0.0855553 -0.171188
v 0.0121557 -0.0688769 -0.180181
v -0.0538051 -0.199635 -0.16006
v -0.0879182 -0.215371 -0.153068
v -0.0845451 -0.161368 -0.135402
v -0.0803082 -0.146275 -0.123551
v -0.0752736 -0.139861 -0.109792
v -0.0638974 -0.132511 -0.101552
v -0.0574882 -0.13165 -0.0925247
v -0.041019 -0.142965 -0.0655155
v -0.0389866 -0.146656 -0.0607409
v -0.0693351 -0.198915 -0.157526
v -0.0631936 -0.217825 -0.157346
v -0.189992 0.174419 -0.146925
v 0.115585 -0.0725776 -0.152659
v 0.11557 -0.0718699 -0.158952
v -0.035732 -0.224274 -0.155766
v 0.31675 -0.295313 -0.136538
v 0.320136 -0.265471 -0.128685
v 0.336305 -0.290271 -0.151138
v 0.298915 -0.281167 -0.133609
v 0.29833 -0.239618 -0.137701
v 0.286381 -0.240088 -0.143099
v 0.306856 -0.225093 -0.134313
v 0.292356 -0.268424 -0.13851
v 0.286481 -0.252467 -0.145893
v 0.210922 -0.171105 -0.161901
v 0.21249 -0.165235 -0.146262
v 0.283715 -0.246543 -0.150715
v -0.0584243 -0.157928 -0.157789
v 0.0644388 -0.146545 -0.157941
v -0.130894 0.0747324 -0.165086
v -0.151101 -0.00246608 -0.152849
v -0.130318 -0.0605207 -0.135162
v -0.125067 -0.0868884 -0.130592
v -0.137002 -0.150738 -0.128329
v -0.168861 -0.205033 -0.109769
v -0.168688 -0.249158 -0.0741324
v 0.323766 -0.278575 -0.128391
v 0.26537 -0.21304 -0.144439
v 0.249066 -0.203358 -0.158306
v 0.25525 -0.202004 -0.144365
v 0.119098 -0.0651538 -0.159759
v 0.119943 -0.0680276 -0.146649
v 0.120541 -0.0690546 -0.142729
v 0.284983 -0.22688 -0.139472
v -0.129537 0.0933985 -0.166286
v -0.0734443 0.0518601 -0.106369
v -0.070329 0.032407 -0.103255
v -0.0587013 0.0308855 -0.0686463
v -0.0718382 0.0664739 -0.0474578
v -0.109188 0.134769 -0.0592894
v -0.124254 0.151507 -0.0838755
v -0.138777 0.162987 -0.0994901
v -0.144594 0.166066 -0.103949
v -0.148051 0.170232 -0.107278
v -0.166639 0.0452139 -0.167108
v -0.201744 -0.0877069 -0.113239
v -0.218534 -0.140795 -0.0723694
v -0.188391 -0.203613 -0.0449647
v -0.173631 -0.228253 -0.0258763
v -0.177541 -0.22351 -0.0135563
v -0.173804 -0.232068 -0.00992474
v -0.182414 -0.247656 0.0246922
v -0.162447 -0.283004 0.000885264
v -0.150528 -0.293135 -0.00324627
v 0.316986 -0.288668 -0.130345
v 0.220272 -0.178038 -0.156838
v 0.228005 -0.184327 -0.155439
v 0.298248 -0.299762 -0.139519
v 0.27228 -0.161195 -0.143312
v 0.312758 -0.246433 -0.133158
v 0.120201 -0.0678899 -0.180858
v 0.120273 -0.0737369 -0.177296
v -0.140977 0.0435155 -0.164453
v -0.0820651 0.0193232 -0.114976
v -0.110801 -0.0731815 -0.129871
v -0.0971913 -0.0591869 -0.123679
v -0.0976382 0.0567785 -0.126248
v 0.309878 -0.294932 -0.133079
v 0.304333 -0.2986 -0.136591
v 0.302118 -0.300777 -0.144585
v 0.299092 -0.301552 -0.151222
v 0.303166 -0.299948 -0.160135
v 0.315492 -0.296571 -0.166136
v -0.172641 0.0723116 -0.171346
v -0.215081 0.13965 -0.141382
v 0.237051 -0.191787 -0.154881
v 0.133782 -0.104451 -0.177371
v -0.0744166 -0.180235 -0.153089
v -0.0822036 -0.198275 -0.153518
v -0.0581936 -0.239458 -0.152439
v 0.273843 -0.227105 -0.148478
v -0.174387 -0.0190145 -0.140892
v -0.181154 -0.141138 -0.116696
v -0.182422 -0.213 -0.0586424
v -0.169937 -0.249025 -0.0538986
v -0.168611 -0.265595 -0.0308417
v -0.174015 -0.247888 -0.0210194
v 0.244259 -0.192755 -0.146502
v 0.0929464 0.0324916 -0.179196
v 0.269622 -0.14792 -0.149836
v 0.225296 -0.132581 -0.133659
v -0.123954 0.0576201 -0.156376
v 0.118843 -0.0696915 -0.171368
v 0.119655 -0.0710599 -0.160402
v 0.126263 -0.0703453 -0.142239
v 0.128083 -0.0617361 -0.122212
v 0.119483 -0.0746453 -0.166258
v 0.120139 -0.0783546 -0.171749
v 0.120248 -0.0774469 -0.160202
v 0.121715 -0.0836484 -0.16261
v 0.123856 -0.072073 -0.148542
v -0.00457202 -0.247144 -0.131732
v -0.194171 0.041587 -0.151799
v 0.173256 -0.1329 -0.138252
v 0.098928 0.0358855 -0.158401
v 0.139158 0.0241132 -0.143292
v 0.114463 0.0234593 -0.131548
v 0.122306 0.0334632 -0.146306
v 0.114438 0.0413201 -0.163755
v 0.23169 -0.101321 -0.145788
v -0.114727 0.105542 -0.137109
v 0.120765 -0.0608246 -0.169736
v 0.118785 -0.0648707 -0.175303
v 0.12123 -0.0574169 -0.182228
v 0.118591 -0.066133 -0.167072
v 0.121316 -0.0725784 -0.154619
v -0.178972 0.00840007 -0.145658
v -0.141327 -0.0268538 -0.145749
v 0.195276 -0.15791 -0.154285
v 0.174413 -0.00890147 -0.155236
v 0.13128 -0.103418 -0.166049
v 0.128035 0.0393785 -0.160739
v -0.116079 0.171499 -0.113749
v -0.11039 0.161134 -0.107402
v -0.11582 0.154943 -0.0979124
v -0.111999 0.118633 -0.132319
v -0.109169 0.13899 -0.129533
v -0.115674 0.134802 -0.135629
v 0.192731 -0.0477645 -0.145588
v -0.115949 0.0256239 -0.147981
v 0.27791 -0.211815 -0.137842
v 0.142608 -0.117824 -0.158322
v 0.026998 -0.0313569 -0.167346
v -0.103807 0.156289 -0.115263
v -0.0928936 0.118596 -0.110236
v -0.090542 -0.181028 -0.140388
v -0.0923805 -0.202298 -0.148982
v -0.110417 0.0490162 -0.141322
v 0.232493 -0.18217 -0.146972
v 0.192199 -0.148845 -0.141299
v 0.188968 -0.138301 -0.133153
v -0.0363897 -0.0847215 -0.131871
v -0.0433274 -0.100398 -0.142882
v -0.0863251 -0.15671 -0.126152
v -0.0776243 -0.149151 -0.135473
v -0.10085 0.0988985 -0.122451
v -0.10261 0.114979 -0.123832
v -0.0871343 0.0775416 -0.112038
v -0.0948351 -0.195923 -0.143122
v -0.102477 -0.219538 -0.14646
v -0.0960474 -0.179945 -0.133526
v -0.103525 -0.19536 -0.140156
v -0.110078 -0.206135 -0.14219
v -0.123379 -0.193328 -0.130639
v -0.127909 -0.206128 -0.134176
v 0.213143 -0.075053 -0.145529
v -0.0985651 -0.208301 -0.145175
v -0.0933967 -0.238038 -0.149122
v -0.208621 0.155862 -0.134826
v -0.214468 0.158499 -0.105283
v 0.0952103 -0.10278 -0.161372
v 0.267038 -0.183907 -0.136052
v 0.0748688 -0.171431 -0.122546
v -0.173964 0.0256893 -0.156506
v -0.0987451 0.140083 -0.114366
v 0.210548 -0.0887915 -0.137829
v 0.208743 -0.120178 -0.130095
v -0.0998243 -0.200734 -0.141769
v -0.115499 0.0808401 -0.144866
v -0.141544 0.0186932 -0.157683
v -0.115932 -0.262048 -0.135418
v -0.129784 -0.239085 -0.137828
v 0.131843 0.0103193 -0.131366
v 0.171492 -0.0223215 -0.144256
v -0.164618 0.192329 -0.129622
v -0.154387 0.172332 -0.111128
v -0.15966 0.167196 -0.108752
v -0.119024 -0.220104 -0.142498
v -0.118707 0.0967693 -0.149999
v -0.0981805 -0.184753 -0.135522
v -0.101568 -0.168987 -0.123565
v -0.111949 -0.177098 -0.125309
v -0.124339 -0.186238 -0.125285
v -0.132132 -0.189595 -0.124071
v -0.158701 -0.191271 -0.120511
v -0.160439 -0.138891 -0.126449
v -0.103252 -0.100135 -0.120672
v -0.102077 -0.0875607 -0.123138
v -0.0951482 -0.0946346 -0.111899
v -0.0936982 -0.0745238 -0.120313
v -0.170947 -0.101598 -0.124989
v -0.189269 -0.191005 -0.0895363
v -0.159355 -0.0477784 -0.138768
v -0.093282 0.0319255 -0.126359
v -0.185857 -0.0653461 -0.127863
v 0.122761 -0.0864876 -0.170776
v 0.125868 -0.0928853 -0.161001
v 0.1267 -0.0866946 -0.153119
v 0.144982 -0.0756107 -0.130476
v 0.135823 -0.0725046 -0.135402
v 0.139306 -0.0533207 -0.127945
v 0.134186 -0.0394707 -0.121816
v 0.117823 0.00153853 -0.122269
v 0.226046 -0.170848 -0.142138
v 0.185726 -0.0301269 -0.150906
v -0.109024 -0.237144 -0.144836
v 0.123826 -0.0790576 -0.152988
v 0.132856 -0.0867799 -0.144943
v 0.138523 -0.0832499 -0.137109
v 0.0604064 -0.195816 -0.119815
v 0.157353 -0.124648 -0.145882
v 0.195466 -0.0702299 -0.137102
v -0.198361 0.168074 -0.136449
v -0.144508 -0.245358 -0.125681
v -0.167469 -0.227001 -0.0987347
v -0.0334236 -0.253618 -0.14208
v -0.00469356 -0.0504484 -0.144953
v -0.0979213 -0.19319 -0.138622
v -0.102247 -0.188575 -0.137582
v -0.118311 -0.00255377 -0.146479
v -0.0605851 -0.0186807 -0.0776209
v -0.0596182 0.00551469 -0.0372394
v -0.064372 0.0544955 0.0179907
v -0.10331 0.00333315 0.0690983
v -0.094232 -0.0574246 0.0627737
v -0.0739674 -0.0859953 0.00134526
v -0.0757005 -0.0973746 0.00292219
v -0.0826313 -0.106907 0.0220722
v -0.087412 -0.113305 0.0406883
v -0.0844213 -0.118736 0.0430107
v -0.0786913 -0.124815 0.0469968
v -0.0713482 -0.124001 0.0368576
v -0.0696043 -0.123943 0.0324776
v -0.0662966 -0.126887 0.0345114
v -0.0684005 -0.128946 0.0419522
v -0.069379 -0.12792 0.0417553
v -0.0642436 -0.125214 0.0251522
v -0.117261 -0.0290753 -0.138898
v 0.0922257 -0.124065 -0.145533
v 0.0885111 -0.150445 -0.116326
v 0.039758 -0.0115515 -0.149952
v -0.0910767 -0.169268 -0.129929
v -0.175581 0.16939 -0.112378
v -0.170444 0.155635 -0.0984109
v -0.166037 0.150543 -0.0928024
v -0.162324 0.159155 -0.0980955
v -0.153154 0.161076 -0.0958609
v -0.137247 0.155843 -0.0825055
v -0.126441 0.146555 -0.0641994
v -0.094609 -0.188238 -0.139022
v -0.114034 -0.192594 -0.137173
v 0.228125 -0.115435 -0.137868
v -0.121247 -0.142805 -0.126202
v -0.113954 -0.165683 -0.120758
v -0.116644 -0.173973 -0.122042
v -0.143764 -0.193625 -0.123321
v 0.242409 -0.140723 -0.136996
v 0.12036 -0.0723776 -0.137256
v 0.107352 -0.100553 -0.139363
v -0.221878 0.114832 -0.141296
v -0.0177151 -0.0636069 -0.140528
v -0.182957 0.175099 -0.121492
v -0.196327 0.168399 -0.122851
v -0.177664 0.161477 -0.103313
v -0.187341 0.164594 -0.107172
v -0.10623 -0.180383 -0.132429
v -0.106029 0.0801939 -0.129412
v -0.0866266 -0.126325 -0.0911378
v -0.0913343 -0.139648 -0.0961794
v -0.0934536 -0.134154 -0.100843
v -0.102058 -0.119947 -0.117156
v -0.144378 -0.182957 -0.125293
v -0.120227 -0.179768 -0.123612
v -0.133425 -0.198424 -0.125416
v -0.138402 -0.217288 -0.129205
v -0.142604 -0.204814 -0.122863
v -0.0875536 -0.0428815 -0.117045
v -0.0546782 -0.0465245 -0.0493186
v -0.0644182 -0.0144099 -0.000232428
v -0.145571 -0.167678 -0.126685
v -0.151907 -0.226545 -0.118168
v 0.12432 -0.0680976 -0.137866
v 0.127748 -0.0660476 -0.129856
v -0.212602 0.15664 -0.121332
v -0.179541 -0.21716 -0.0367647
v 0.0720357 -0.160224 -0.139752
v -0.0886851 -0.163181 -0.128506
v -0.0917951 -0.162448 -0.120611
v -0.078672 -0.145717 -0.0969317
v -0.0795474 -0.149723 -0.0938432
v -0.0769366 -0.147891 -0.0848447
v -0.0807443 -0.146461 -0.0889278
v -0.0809966 -0.141358 -0.0878401
v -0.0847343 -0.147708 -0.0965601
v -0.0910674 -0.15541 -0.110333
v -0.0903713 -0.160124 -0.118326
v -0.0928943 -0.164968 -0.123042
v -0.116624 -0.183785 -0.128928
v -0.0953282 0.00350546 -0.129022
v -0.121951 -0.164881 -0.12392
v -0.127562 -0.180761 -0.124089
v -0.134352 -0.18117 -0.125372
v 0.24143 -0.160787 -0.134986
v 0.190371 -0.124098 -0.128151
v -0.0633274 -0.127178 -0.132358
v 0.160936 -0.00883608 -0.141938
v -0.131864 -0.170008 -0.125882
v -0.100584 -0.144528 -0.11048
v -0.0963167 -0.142704 -0.104861
v -0.0936713 -0.144891 -0.0990763
v -0.0884305 -0.141717 -0.0907978
v -0.0779036 -0.135121 -0.0688655
v -0.0744313 -0.130611 -0.0667894
v -0.0667836 -0.127518 -0.0430347
v -0.0644313 -0.121707 -0.0239178
v -0.062862 -0.121648 -0.0155294
v -0.0661705 -0.117815 -0.0147647
v -0.0664082 -0.12225 0.0136545
v -0.0613866 -0.1243 0.0118907
v -0.108642 -0.159017 -0.117299
v -0.102574 -0.159965 -0.113141
v -0.093672 -0.156055 -0.106696
v 0.102149 -0.115211 -0.133755
v -0.0566397 -0.116508 -0.127762
v -0.101352 -0.173933 -0.129041
v -0.107527 -0.135131 -0.119895
v -0.102474 -0.151204 -0.112606
v -0.0968943 -0.150561 -0.106891
v -0.0954582 -0.148448 -0.102475
v -0.0889705 -0.134188 -0.0930709
v -0.0907074 -0.144034 -0.0948124
v -0.091522 -0.153674 -0.103325
v -0.0956413 -0.0228515 -0.125786
v -0.123122 -0.174098 -0.123859
v -0.151891 -0.075573 -0.133623
v -0.192021 -0.115788 -0.111398
v 0.227356 -0.151338 -0.134585
v 0.0567288 -0.179428 -0.140632
v 0.0229957 -0.231845 -0.123705
v -0.0847474 -0.25999 -0.142513
v 0.1531 0.00933623 -0.144265
v -0.142125 -0.122635 -0.128928
v 0.117276 -0.0783084 -0.137539
v 0.126149 -0.0674376 -0.133266
v 0.137449 -0.106045 -0.152883
v 0.144558 -0.10244 -0.141025
v 0.132888 -0.0957138 -0.150085
v 0.0603064 -0.206985 -0.0896463
v 0.024168 -0.0233684 -0.141151
v 0.0428826 -0.127714 -0.0604217
v -0.0927967 0.12833 -0.0965686
v -0.119532 -0.124403 -0.126289
v -0.189921 0.167867 -0.115939
v -0.116362 -0.104828 -0.126198
v -0.162984 -0.170727 -0.122945
v -0.154304 -0.209031 -0.117636
v 0.171803 -0.114765 -0.129269
v 0.159286 -0.102835 -0.130595
v -0.0712874 -0.137041 -0.131949
v -0.0840482 0.0526901 -0.116528
v -0.0958951 -0.170391 -0.127466
v -0.110757 -0.0492615 -0.131269
v -0.146228 -0.100288 -0.129866
v -0.202629 -0.141211 -0.0987494
v -0.198244 -0.0352799 -0.126485
v -0.109647 -0.296197 -0.100872
v -0.014552 -0.290318 -0.0510678
v -0.0267936 -0.0762915 -0.120762
v 0.0107311 -0.0627299 -0.0990363
v 0.00532644 -0.0787799 -0.0880032
v 0.0769418 0.00301315 -0.117465
v -0.0832205 0.100766 -0.0970478
v -0.0761636 0.0912416 -0.0701917
v -0.0748474 0.0677862 -0.100696
v -0.12318 0.164005 -0.102791
v -0.138449 0.166139 -0.104326
v 0.129906 -0.0681653 -0.136478
v 0.211223 -0.151853 -0.136288
v -0.0705543 -0.297398 -0.103939
v 0.0238249 -0.0330853 -0.120086
v -0.0858851 -0.152574 -0.116048
v -0.0839874 -0.149915 -0.112249
v -0.0939105 -0.1675 -0.125363
v -0.106618 -0.171705 -0.122559
v -0.111735 -0.172311 -0.120306
v -0.0986136 -0.132338 -0.110191
v -0.109354 -0.148511 -0.117836
v 0.129916 -0.0778099 -0.144206
v 0.205916 -0.136955 -0.131078
v -0.226567 0.126495 -0.126628
v -0.221547 0.146257 -0.0971955
v -0.214112 0.160947 -0.0896963
v -0.187079 0.170399 -0.0822178
v -0.232374 0.102083 -0.11864
v -0.0420613 -0.0949661 -0.120092
v 0.0776864 0.0173855 -0.136249
v -0.0892266 -0.158114 -0.116218
v -0.0982436 -0.161847 -0.113749
v -0.118102 -0.156281 -0.122559
v 0.0936311 -0.134105 -0.132339
v 0.0462064 -0.216394 -0.114986
v 0.00825798 -0.267001 -0.0827409
v -0.0716582 -0.134983 -0.119445
v -0.0882505 -0.156435 -0.113662
v 0.170005 -0.0377638 -0.136706
v 0.0813718 -0.16739 -0.102609
v -0.222191 -0.0328984 -0.106279
v -0.217928 -0.117521 -0.0891455
v -0.0974105 -0.163713 -0.118505
v -0.10746 -0.167927 -0.11792
v 0.17945 -0.088033 -0.127326
v -0.230437 -0.00674531 -0.0993747
v -0.242821 0.0389562 -0.0727217
v -0.227961 0.0776562 -0.12159
v -0.0852313 -0.152514 -0.120868
v -0.0810043 -0.145857 -0.115056
v -0.0802751 -0.145683 -0.106263
v -0.0719574 -0.144905 -0.0915409
v -0.0627766 -0.145181 -0.0747755
v -0.0544236 -0.141525 -0.0552655
v -0.0442643 -0.151381 -0.0606524
v -0.0371113 -0.153575 -0.0519278
v -0.0401205 -0.152995 -0.0534963
v -0.0467213 -0.148391 -0.0654709
v -0.035882 -0.148775 -0.0565509
v -0.166151 0.164853 -0.106139
v -0.154167 0.165709 -0.106472
v 0.13742 -0.046743 -0.125409
v -0.0310643 -0.278633 -0.116362
v -0.0168705 -0.0755199 -0.111126
v -0.0127951 -0.0822499 -0.0989209
v -0.0558536 -0.11859 -0.112232
v 0.135906 -0.0581538 -0.129992
v 0.135233 -0.052293 -0.126362
v 0.144353 -0.0452969 -0.126942
v 0.151796 -0.0218945 -0.133002
v 0.0976311 -0.129921 -0.118532
v -0.228275 0.132542 -0.0860586
v -0.133642 -0.28124 -0.109678
v -0.126554 -0.299631 -0.0766847
v -0.0266597 -0.0728715 -0.135428
v -0.0639636 -0.12773 -0.113695
v -0.181518 -0.167274 -0.112915
v -0.0664713 0.0555493 -0.0937217
v 0.0582595 -0.0077907 -0.117888
v -0.0825443 -0.14837 -0.108506
v -0.0757151 -0.00717993 -0.106305
v 0.144935 -0.0566015 -0.128165
v -0.230198 0.127602 -0.106076
v 0.0320226 -0.0418715 -0.105073
v -0.079812 -0.0290045 -0.109796
v -0.193547 0.165729 -0.101312
v 0.132522 -0.0472415 -0.12075
v 0.0960749 -0.0439938 -0.100719
v 0.12807 -0.0648515 -0.125759
v 0.126361 -0.0687307 -0.125948
v 0.113552 -0.0645084 -0.107222
v 0.117243 -0.0814999 -0.119499
v -0.223567 0.141592 -0.0696263
v -0.217884 0.161497 -0.0341578
v -0.212629 0.157815 0.0250337
v -0.198131 0.168632 0.0426245
v -0.225151 0.142813 -0.0480463
v -0.174724 -0.225884 -0.0750647
v 0.0105157 -0.0485607 -0.114125
v -0.0761166 0.0375101 -0.110832
v -0.0919874 -0.157903 -0.113465
v -0.0910374 -0.120645 -0.103013
v -0.098722 -0.155463 -0.109575
v -0.0908874 -0.0843107 -0.112906
v 0.131866 -0.057083 -0.124062
v 0.128822 -0.0541107 -0.118972
v 0.0712295 -0.186337 -0.102132
v 0.0439911 -0.22946 -0.0923747
v 0.0225464 -0.221904 -0.0355732
v 0.0182087 -0.214738 -0.0233494
v 0.038118 -0.18276 -0.0431555
v -0.198108 -0.166218 -0.0943709
v -0.0308174 -0.0910415 -0.107509
v -0.0263766 -0.112908 -0.0797424
v -0.0108536 -0.106765 -0.0743709
v -0.0846666 -0.152261 -0.102476
v -0.0872436 -0.154753 -0.111288
v -0.0821782 -0.147593 -0.101519
v -0.0958574 -0.107733 -0.111766
v -0.0870743 -0.105494 -0.100793
v -0.0764213 -0.100974 -0.0750978
v -0.0600374 -0.0755246 -0.0667386
v -0.0713097 -0.0506269 -0.0945447
v 0.138675 -0.0300169 -0.125279
v -0.162548 -0.249191 -0.0971724
v -0.0469782 -0.300404 -0.0900517
v -0.0618166 0.0346655 -0.0872094
v -0.014962 -0.0618353 -0.124336
v 0.0519103 -0.024763 -0.107199
v 0.150035 -0.0355753 -0.129316
v 0.063368 -0.117121 -0.0721624
v 0.0444618 -0.225335 -0.0661686
v -0.0685174 0.0413193 -0.102209
v -0.034852 -0.104241 -0.0961578
v -0.0411374 -0.117038 -0.0893524
v -0.0210105 -0.136166 -0.0581909
v -0.0720836 0.0141801 -0.102262
v -0.085979 -0.152635 -0.109813
v -0.0800343 -0.146425 -0.0996455
v -0.0614482 -0.136923 -0.0620863
v -0.0610566 -0.136438 -0.0580932
v -0.058349 -0.142008 -0.0349447
v -0.0612597 -0.143138 -0.0439555
v -0.0536636 -0.137211 -0.0192117
v -0.0506505 -0.133777 -0.00403166
v -0.0539643 -0.135266 0.00162065
v -0.055829 -0.136255 -0.00488627
v -0.0624813 -0.131448 -0.0192432
v -0.0603113 -0.135721 -0.0155663
v -0.063582 -0.131831 -0.0236109
v -0.0668074 -0.130453 -0.0337794
v -0.0657866 -0.129715 -0.0274824
v -0.0868436 -0.153595 -0.107425
v -0.0898251 -0.152918 -0.107283
v -0.0880905 -0.150715 -0.103916
v 0.0978511 -0.109158 -0.102056
v 0.0340518 -0.242671 -0.0765617
v 0.00130336 -0.273198 -0.0500409
v -0.000962024 -0.271406 -0.0313363
v 0.0127495 -0.260366 -0.0557286
v -0.222148 -0.0617376 -0.103495
v -0.237517 -0.084043 -0.0592378
v -0.248448 -0.0270007 -0.0522286
v -0.211954 -0.162113 -0.0210232
v -0.196457 -0.204835 0.0207422
v -0.179685 -0.225024 0.0021868
v -0.174812 -0.23547 -0.000162428
v 0.0245357 -0.247531 -0.0987332
v -0.231164 0.0527816 -0.108859
v -0.0668597 0.0472632 -0.0996686
v -0.0837451 -0.14991 -0.105489
v -0.0849382 -0.151301 -0.107529
v -0.180177 -0.186788 -0.106572
v -0.236961 0.108505 -0.0955417
v -0.0212966 -0.0969269 -0.0909694
v -0.00484664 -0.122764 -0.0619632
v -0.0827182 -0.148528 -0.103932
v -0.0811882 -0.150813 -0.0985917
v -0.0841574 -0.149171 -0.0961617
v -0.0854205 -0.146233 -0.0921309
v -0.083822 -0.145081 -0.0943747
v -0.0860151 -0.146125 -0.0977547
v -0.0796536 -0.0708076 -0.102333
v -0.0791882 -0.092673 -0.0864078
v -0.146611 0.160369 -0.0929963
v -0.186838 0.160985 -0.0994724
v -0.186695 0.161149 -0.0903747
v -0.181131 0.156206 -0.0963032
v -0.178357 0.153302 -0.0914455
v -0.178134 0.157397 -0.0865447
v -0.00640356 -0.279665 -0.0813986
v -0.0851043 -0.312605 -0.0525086
v -0.0645143 0.0400532 -0.0943301
v -0.0645766 0.0226032 -0.0928947
v -0.0760905 -0.147104 -0.0914694
v -0.074232 -0.147873 -0.0855647
v -0.069962 -0.144971 -0.0815347
v -0.0684836 -0.141104 -0.0767055
v -0.072449 -0.14238 -0.0852486
v -0.0772636 -0.149281 -0.0889532
v -0.0735905 -0.147628 -0.0816194
v -0.072852 -0.145258 -0.0790624
v -0.0748882 -0.138708 -0.0761163
v -0.0765436 -0.143014 -0.0829478
v -0.0799913 -0.13917 -0.0851263
v -0.0819266 -0.142388 -0.0912547
v -0.0787151 -0.143985 -0.0807332
v -0.0772513 -0.142781 -0.0764594
v -0.0706605 -0.137334 -0.0651186
v -0.0722636 -0.13585 -0.0578686
v -0.0675136 -0.132435 -0.0402978
v -0.0673174 -0.143767 -0.0629532
v -0.0693913 -0.143945 -0.0669032
v -0.0680505 -0.136435 -0.0584486
v -0.065869 -0.136415 -0.0513524
v -0.0674405 -0.133931 -0.0486624
v -0.0685851 -0.132944 -0.0459547
v -0.0733013 -0.136845 -0.0621347
v -0.0754251 -0.138204 -0.0657409
v -0.076182 -0.141398 -0.0728094
v -0.0732566 -0.13745 -0.0717747
v -0.0692436 -0.136377 -0.0614424
v -0.127981 0.154134 -0.0904024
v -0.143154 0.160636 -0.0974032
v -0.131811 0.156962 -0.0864832
v -0.130302 0.154519 -0.0804047
v -0.151677 0.163857 -0.101883
v -0.202388 0.166222 -0.113332
v 0.0702911 -0.179001 -0.0771563
v 0.0804326 -0.131625 -0.0819732
v -0.225155 -0.0919407 -0.0902455
v 0.0785088 -0.0148369 -0.106542
v -0.0777282 -0.144153 -0.102259
v -0.0693951 -0.140187 -0.0970063
v -0.115011 0.147689 -0.0886617
v -0.139388 0.159007 -0.0957978
v -0.158637 0.163593 -0.102342
v 0.122652 -0.0349599 -0.115002
v -0.178599 -0.208306 -0.0931817
v -0.0533774 -0.122255 -0.0990963
v -0.0341436 -0.143113 -0.0601917
v -0.0373574 -0.138803 -0.0664955
v -0.082052 -0.0572669 -0.109986
v -0.155137 0.154134 -0.0914447
v -0.149614 0.15245 -0.0865494
v -0.144075 0.155533 -0.0851586
v -0.192028 0.165839 -0.110536
v 0.102231 -0.060193 -0.100652
v -0.242924 -0.030163 -0.0804947
v -0.0685174 0.0709547 -0.0818594
v -0.0622936 0.0542062 -0.0664778
v -0.0690436 -0.030363 -0.0943086
v -0.0829074 -0.112361 -0.0897255
v -0.0741597 -0.115043 -0.0540186
v -0.0703436 -0.102093 -0.0350732
v -0.0686974 -0.0950869 -0.0195709
v -0.084919 -0.0877769 -0.0997578
v 0.118996 -0.0529215 -0.110631
v -0.0585036 0.010587 -0.0710894
v -0.0768213 -0.145125 -0.0942555
v -0.076202 -0.145516 -0.0907486
v -0.081402 -0.144035 -0.0849086
v -0.0748151 -0.140451 -0.0694686
v -0.13569 0.157275 -0.0940817
v -0.141041 0.159795 -0.0919524
v -0.161115 0.153396 -0.0942678
v 0.0799957 -0.154988 -0.0844294
v -0.155671 -0.276208 -0.0851663
v -0.0914836 -0.307465 -0.0812663
v -0.0748505 -0.142871 -0.0904217
v -0.0739366 -0.144717 -0.0873109
v -0.195881 -0.187975 -0.0738294
v -0.185087 -0.206331 -0.0741894
v -0.0898143 0.118563 -0.0758717
v -0.0714443 -0.14601 -0.0755032
v -0.0634074 -0.14238 -0.0496309
v -0.0595336 -0.142574 -0.0394401
v -0.0618405 -0.140618 -0.0356694
v -0.0610536 -0.138841 -0.0307132
v -0.0584605 -0.14209 -0.0302247
v -0.0573982 -0.135728 -0.0151463
v -0.058092 -0.140854 -0.0254863
v -0.0568505 -0.140014 -0.0204563
v -0.0553505 -0.138575 -0.0154094
v -0.0635836 -0.140127 -0.0418963
v -0.0627836 -0.136405 -0.0390509
v -0.083242 -0.13476 -0.0812894
v -0.132914 0.157092 -0.0911909
v 0.0205734 -0.256958 -0.0753209
v -0.0625851 -0.00229608 -0.0843732
v -0.0737382 -0.14075 -0.101828
v -0.0740766 -0.14359 -0.0972655
v -0.0244397 -0.293555 -0.0819778
v 0.00633259 -0.257008 -0.0230478
v 0.0118318 -0.25238 -0.0366255
v 0.013398 -0.238191 -0.0119909
v 0.0164811 -0.238441 0.00266834
v -0.0636474 -0.138091 -0.0923494
v -0.0673343 -0.142374 -0.0899863
v -0.0616336 -0.141005 -0.0855647
v -0.0686643 -0.145577 -0.0861786
v 0.0314995 -0.0587738 -0.0929117
v -0.083372 -0.144938 -0.0892301
v -0.0862836 -0.140261 -0.0861163
v -0.0844782 -0.139757 -0.0812686
v -0.171051 -0.233405 -0.0580732
v -0.147394 -0.288784 -0.0651255
v -0.117305 0.14379 -0.0656047
v 0.10845 -0.0359638 -0.107389
v -0.0533274 -0.135181 -0.0833717
v -0.0562036 -0.142104 -0.0792855
v -0.0506013 -0.143865 -0.0726947
v -0.0329282 -0.150745 -0.0523986
v -0.0288674 -0.152191 -0.0480047
v -0.077302 -0.138411 -0.0804886
v -0.077262 -0.140351 -0.0784832
v -0.079489 -0.140621 -0.0822024
v -0.0796251 -0.132841 -0.0749309
v -0.0860666 -0.134151 -0.0873563
v -0.0723051 -0.126555 -0.0608824
v -0.0694351 -0.131371 -0.0571578
v -0.0614005 0.0474185 -0.0828524
v -0.0758174 -0.121125 -0.0644163
v -0.0670082 -0.11757 -0.0289009
v -0.0679666 -0.120108 0.00309373
v -0.0726105 -0.119465 0.0118607
v -0.0806482 -0.118773 0.0346214
v -0.121239 0.149372 -0.0752763
v -0.241147 -0.0594269 -0.0743455
v -0.165271 -0.266065 -0.0629494
v -0.167844 -0.263614 -0.0456278
v -0.0446382 -0.127455 -0.0824294
v -0.0433943 -0.137487 -0.0721878
v -0.081859 -0.122507 -0.0805832
v -0.0705297 -0.124681 -0.0548678
v -0.068162 -0.121 -0.0406486
v -0.0692082 -0.122698 -0.0475817
v -0.0682574 -0.117474 -0.0345594
v -0.0676097 -0.116308 -0.0225201
v -0.0632582 -0.121694 -0.00361474
v -0.059929 -0.12523 -0.0157486
v -0.0612813 -0.12784 -0.0105017
v -0.0613366 -0.127525 -0.00156166
v -0.0615774 -0.128041 -0.00627089
v -0.0624951 -0.128205 0.0101114
v -0.0638651 -0.128591 0.0177768
v -0.0651097 -0.129001 0.0233276
v -0.066722 -0.129381 0.0291037
v -0.0686136 -0.130195 0.0355622
v -0.073579 -0.133175 0.0455637
v -0.078509 -0.13676 0.0521899
v -0.0794566 -0.137298 0.0510276
v -0.084992 -0.139265 0.0550776
v -0.0877851 -0.14199 0.0592653
v -0.0799951 -0.137028 0.0536883
v -0.0829551 -0.138091 0.0527914
v -0.080852 -0.136325 0.0500753
v -0.0717282 -0.133328 0.0373591
v -0.0721282 -0.134771 0.0387322
v -0.0693405 -0.132188 0.0296968
v -0.0645705 -0.132161 0.0110714
v -0.0683136 -0.127345 0.0200807
v -0.0635736 -0.131045 0.0177914
v -0.0820874 -0.129153 -0.0815717
v -0.0778043 -0.127058 -0.0722578
v -0.114157 0.14413 -0.0781986
v -0.136707 0.158702 -0.0898086
v -0.173911 0.151136 -0.0939494
v -0.0586582 -0.036733 -0.0713409
v 0.0257095 -0.0787253 -0.0808024
v 0.0526326 -0.0428276 -0.0962647
v -0.205511 0.168652 -0.0893809
v -0.0628351 -0.0586753 -0.0795255
v -0.0714566 -0.0746907 -0.0859017
v -0.0639874 -0.145426 -0.0805178
v 0.078878 -0.033993 -0.0988347
v -0.194908 0.254385 -0.0878032
v -0.194428 0.250475 -0.0816809
v -0.189857 0.244283 -0.0803363
v -0.172797 0.238115 -0.0828509
v -0.159301 0.237952 -0.0784878
v -0.188421 0.272935 -0.0865032
v -0.195431 0.274992 -0.0835101
v -0.206651 0.27073 -0.0807809
v -0.19829 0.261807 -0.0819363
v -0.196764 0.256139 -0.0820101
v -0.190001 0.281222 -0.0822563
v -0.192101 0.29444 -0.0794732
v -0.194718 0.269322 -0.0851755
v -0.199101 0.269699 -0.0836778
v -0.19749 0.266395 -0.0868378
v -0.197424 0.26046 -0.0860194
v -0.190422 0.257725 -0.0890832
v -0.189251 0.262016 -0.0882694
v -0.19179 0.249926 -0.0876209
v -0.177914 0.240693 -0.0860109
v -0.172299 0.232345 -0.0807709
v -0.175664 0.222893 -0.0764601
v -0.194694 0.220689 -0.0724578
v -0.183054 0.270889 -0.0866109
v -0.182934 0.280012 -0.0839624
v -0.186812 0.265806 -0.0866655
v -0.181557 0.265829 -0.0840632
v -0.193144 0.261923 -0.0904324
v -0.189947 0.2689 -0.0885724
v -0.194737 0.259075 -0.0900032
v -0.192935 0.265737 -0.0898594
v -0.185034 0.257762 -0.0808663
v 0.0260795 -0.245257 -0.0574947
v -0.237464 0.0961047 -0.0460747
v -0.0874843 0.109609 -0.0549224
v -0.0797313 -0.114491 -0.0742286
v -0.0673013 -0.141958 -0.0696855
v -0.0664336 -0.138911 -0.0731447
v -0.0700843 -0.14557 -0.0713355
v -0.0646405 -0.138158 -0.0690724
v -0.0587643 -0.136521 -0.0549763
v -0.0593574 -0.13926 -0.0460755
v -0.0579243 -0.1361 -0.0508886
v -0.0702582 -0.140581 -0.0809324
v -0.0634251 -0.13797 -0.0653986
v -0.0605043 -0.144077 -0.0691455
v -0.0581797 -0.139048 -0.0597994
v -0.0543366 -0.138928 -0.0500332
v -0.0807974 -0.142131 -0.0801263
v -0.081069 -0.140455 -0.0767917
v -0.082619 -0.137671 -0.0765278
v -0.185937 0.25044 -0.0873563
v -0.180882 0.247892 -0.0837609
v -0.180798 0.250339 -0.0790694
v 0.0927411 -0.0830807 -0.0947617
v 0.032218 -0.225381 -0.0497255
v -0.236517 0.0202785 -0.0924178
v 0.0404157 -0.101208 -0.0703124
v -0.188229 0.244563 -0.0872617
v -0.180585 0.237387 -0.0848978
v -0.184718 0.228106 -0.0762847
v -0.202288 0.263575 -0.0808247
v 0.0834518 -0.107097 -0.0874409
v -0.0559013 -0.307398 -0.0331455
v -0.0635874 0.0336162 -0.0408432
v -0.105884 0.135592 -0.00765551
v -0.115734 0.13739 -0.0154924
v -0.109814 0.129923 -0.0274524
v -0.124134 0.14289 -0.0561824
v -0.131532 0.149519 -0.0705194
v -0.126892 0.15205 -0.0759417
v -0.182911 0.242709 -0.0872124
v -0.176648 0.234759 -0.0833694
v -0.169205 0.227339 -0.0771955
v -0.188031 0.276875 -0.0848532
v 0.0834326 -0.0629946 -0.0926894
v -0.185517 0.240482 -0.0837647
v -0.182001 0.235799 -0.0781009
v -0.186255 0.258152 -0.0852732
v -0.185405 0.253659 -0.0818163
v -0.170474 0.151719 -0.0890194
v -0.196335 0.170219 -0.0878317
v -0.209314 0.168765 -0.0780147
v -0.0756382 -0.108091 -0.0641032
v -0.0688343 -0.0869907 -0.0693817
v -0.145314 0.150842 -0.0746578
v -0.142434 0.151389 -0.0790632
v -0.172921 0.246243 -0.0813263
v -0.176917 0.247979 -0.0795978
v -0.173901 0.251704 -0.0799201
v -0.181034 0.257165 -0.0792832
v -0.181265 0.274532 -0.0849601
v -0.210837 -0.166045 -0.0487717
v -0.0706536 0.0484647 -0.0247424
v -0.0720005 -0.14171 -0.0716609
v -0.0719636 -0.138821 -0.0678894
v -0.069619 -0.134414 -0.0504894
v -0.0727605 -0.131815 -0.0561055
v -0.0802851 -0.137684 -0.0719863
v -0.0747166 -0.132907 -0.0603747
v -0.0682882 -0.130755 -0.0528663
v -0.0576736 -0.143705 -0.0633794
v -0.181088 0.260453 -0.0814724
v -0.0562943 -0.309271 -0.0640855
v -0.148008 0.150452 -0.0810417
v -0.175142 0.272047 -0.0823824
v -0.161681 0.17726 -0.0744909
v -0.15439 0.152254 -0.0815917
v -0.149559 0.157285 -0.0743324
v -0.196089 0.281609 -0.0807824
v -0.202057 0.253669 -0.0799024
v -0.212117 0.262529 -0.0782786
v -0.177451 0.181827 -0.0756563
v -0.20398 0.20818 -0.0659332
v -0.057259 -0.0198361 -0.0442632
v -0.0692305 -0.140248 -0.0618094
v -0.066639 -0.142674 -0.0582778
v -0.065422 -0.14211 -0.0538924
v -0.0651913 -0.1398 -0.0478932
v -0.0303751 -0.127144 -0.0713763
v -0.029962 -0.145921 -0.0545663
v -0.152644 0.266669 -0.0779701
v -0.127671 0.275383 -0.0638994
v -0.113937 0.2864 -0.0486517
v -0.1247 0.295112 -0.0579063
v -0.125154 0.307295 -0.0507386
v -0.141774 0.331159 -0.0416701
v -0.190748 0.342469 -0.0485817
v -0.205988 0.344556 -0.0482717
v -0.206802 0.317769 -0.0703386
v -0.148114 0.23538 -0.0778447
v -0.165287 0.267786 -0.0789794
v -0.167719 0.25343 -0.0797432
v -0.167484 0.23575 -0.0795947
v -0.156974 0.250693 -0.0790024
v -0.127002 0.286946 -0.0625709
v -0.189591 0.307726 -0.0763832
v -0.242905 0.316349 -0.0519517
v -0.244498 0.294025 -0.0613578
v -0.249465 0.27538 -0.0534155
v -0.174461 0.260922 -0.0806509
v -0.141507 0.28085 -0.0719147
v -0.10965 0.291622 -0.0403055
v -0.123697 0.31816 -0.0322786
v -0.147358 0.308075 0.0252053
v -0.168304 0.288779 0.0348768
v -0.184211 0.268955 0.0330514
v -0.197151 0.254553 0.0316607
v -0.196302 0.248024 0.0367576
v -0.190535 0.248486 0.0345791
v -0.17976 0.254095 0.0322668
v -0.175051 0.270727 0.0327422
v -0.209831 0.335429 -0.0576647
v -0.231474 0.332365 -0.0380347
v -0.249327 0.303419 0.00582373
v -0.226667 0.292269 0.0268183
v -0.228664 0.309473 0.0244737
v -0.245547 0.30941 -0.00793474
v -0.226147 0.339377 -0.0427924
v -0.225141 0.336943 -0.0512124
v -0.235717 0.327872 -0.0459586
v -0.238235 0.323625 -0.0506724
v -0.186131 0.287189 -0.0808394
v -0.168402 0.166645 -0.0780147
v -0.203264 0.292752 -0.0785932
v -0.219107 0.151552 -0.0820632
v -0.216685 0.177903 -0.0400363
v -0.204437 0.226974 0.0156437
v -0.203472 0.242237 0.0238299
v -0.197112 0.241285 0.0247876
v -0.192914 0.236227 0.0296745
v -0.187805 0.23783 0.0323645
v -0.180777 0.236813 0.0237983
v -0.173127 0.231182 0.0245737
v -0.176425 0.234127 0.0230637
v -0.163837 0.243725 0.0252207
v -0.175968 0.259482 0.0306737
v -0.080312 -0.312173 -0.0176963
v -0.0703636 -0.0986076 -0.0577017
v -0.0660736 -0.0888469 -0.0291209
v -0.0705297 -0.134717 -0.0527132
v -0.0711543 -0.135378 -0.0549194
v -0.0694882 -0.132925 -0.0484594
v -0.0676197 -0.12936 -0.0462932
v -0.137278 0.219823 -0.0737317
v -0.101374 0.204369 -0.0364386
v -0.109097 0.209649 -0.0118832
v -0.104668 0.237559 -0.0149655
v -0.115514 0.264507 -0.00336858
v -0.110115 0.278119 -0.00555243
v -0.143478 0.254555 -0.0770409
v -0.155044 0.293835 -0.0762363
v -0.141711 0.308722 -0.0651924
v -0.159074 0.339067 -0.0423578
v -0.196261 0.348032 -0.0352247
v -0.187962 0.339446 0.00182834
v -0.144251 0.32256 0.0108476
v -0.188927 0.298339 0.0346945
v -0.205251 0.26471 0.0292668
v -0.197962 0.265195 0.0307645
v -0.167547 0.313215 -0.0722524
v 0.018188 -0.129691 -0.0552686
v 0.014848 -0.16892 -0.0326755
v 0.00890259 -0.177805 -0.0249209
v 0.00402105 -0.175428 -0.0284694
v 0.00386875 -0.179674 -0.0219717
v -0.175604 0.29647 -0.0793847
v -0.164301 0.280529 -0.0791678
v -0.138862 0.150019 -0.0742547
v -0.132364 0.14831 -0.0617286
v -0.175185 0.283306 -0.0821732
v -0.227129 0.313283 -0.0658463
v -0.196472 0.245002 -0.0788155
v -0.203914 0.242033 -0.0768794
v -0.238769 0.239682 -0.0446532
v -0.206254 0.178712 -0.0678694
v 0.0702595 -0.0883769 -0.0830255
v -0.176055 -0.251215 -0.0109455
v -0.172841 -0.241808 -0.0104163
v -0.176635 -0.244146 -8.89747e-07
v -0.179878 -0.24651 0.0113837
v -0.133821 0.266543 -0.0718417
v -0.0516574 -0.149261 -0.0673147
v -0.0570805 -0.147408 -0.0733947
v -0.054362 -0.149141 -0.0605417
v -0.048602 -0.150465 -0.0585801
v -0.0569505 -0.148465 -0.0664486
v -0.167291 0.24494 -0.0794347
v -0.191291 0.327655 -0.0650824
v -0.213198 0.228642 -0.0675586
v -0.231801 0.29512 -0.0697778
v -0.220584 0.276016 -0.0753247
v -0.231374 0.124452 -0.0609463
v -0.034702 -0.302593 -0.0483817
v -0.0669643 -0.135943 -0.0549655
v -0.071582 -0.130815 -0.0523609
v -0.11053 0.211822 -0.0578317
v -0.160168 0.226532 -0.0777763
v -0.166234 0.218312 -0.0764017
v -0.151795 0.214302 -0.0760294
v -0.137059 0.148965 -0.0682994
v 0.0511388 -0.0759807 -0.0816532
v -0.177152 0.231733 -0.0773378
v -0.157961 0.158892 -0.0789094
v -0.155441 0.166393 -0.0746178
v -0.145905 0.185919 -0.0674724
v -0.143409 0.163249 -0.0687501
v -0.133271 0.156456 -0.0592109
v -0.209601 0.252743 -0.0775432
v -0.215949 0.298239 -0.0745694
v 0.0629749 -0.148897 -0.0644694
v 0.0504303 -0.168701 -0.0529917
v -0.207374 -0.167744 -0.0729794
v -0.237704 0.11343 0.0177853
v -0.233362 0.118902 -0.0392932
v -0.0722936 -0.113446 -0.0427978
v -0.11671 0.296427 -0.0487347
v -0.167534 0.205419 -0.0755694
v -0.217505 0.24673 -0.0726863
v -0.213645 0.189137 -0.0546947
v -0.239117 0.0810516 -0.0970763
v -0.055482 -0.0594684 -0.0626286
v -0.0651105 -0.089323 -0.0446655
v -0.122625 0.223126 -0.0655324
v -0.129167 0.147439 -0.0551555
v -0.181657 0.213612 -0.0750824
v -0.198081 0.233403 -0.0746924
v -0.238657 0.309609 -0.0614824
v -0.240909 0.0642693 -0.0788217
v -0.021932 -0.291628 -0.00308781
v -0.129357 0.254476 -0.0718109
v -0.117007 0.273839 -0.0454247
v -0.106397 0.24924 -0.0409694
v -0.0934136 0.241327 -0.0359032
v -0.0941882 0.23494 -0.0308424
v -0.100961 0.217646 -0.0205147
v -0.119439 0.2689 -0.0543655
v -0.112421 0.281733 -0.0400794
v -0.110274 0.27747 -0.0321186
v -0.10599 0.274465 -0.0246409
v -0.106005 0.264927 -0.0197386
v -0.102084 0.266132 -0.0248694
v -0.0971143 0.260849 -0.0259132
v -0.0857013 0.241405 -0.0292878
v -0.0986897 0.236627 -0.0373517
v -0.0956836 0.227515 -0.0264124
v -0.105391 0.234007 -0.0465732
v -0.122017 0.242789 -0.0662109
v -0.177331 0.335515 -0.0550547
v -0.064592 -0.135115 -0.0465178
v -0.0662105 -0.121918 -0.0345755
v -0.0609082 -0.125305 -0.0190617
v -0.0595074 -0.124853 -0.0126978
v -0.0593751 -0.124445 -0.00997243
v -0.146891 0.172889 -0.0693663
v -0.15994 0.19162 -0.0735517
v -0.189971 0.236969 -0.0770647
v 0.0552926 -0.186558 -0.0575563
v 0.0156018 -0.237068 -0.0391694
v -0.109564 -0.310282 -0.0222486
v -0.134688 0.239316 -0.0735609
v -0.063689 -0.135023 -0.0424932
v -0.0545466 -0.146251 -0.0576386
v -0.0522466 -0.148044 -0.0537909
v -0.0505097 -0.146765 -0.0497086
v 0.0223487 -0.159081 -0.0417586
v -0.194982 0.179072 -0.0755478
v -0.112257 0.236759 -0.0566109
v -0.104287 0.240036 -0.0418263
v -0.0680274 -0.0413976 -0.0033332
v -0.0712243 -0.103946 -0.0462847
v -0.0614843 -0.135345 -0.0188978
v -0.159887 0.327976 -0.0589463
v -0.0434443 -0.146318 -0.0401324
v -0.0391482 -0.149063 -0.0462017
v -0.0432805 -0.152888 -0.0556432
v -0.224258 0.329267 -0.0579847
v -0.219204 0.322192 -0.0646324
v -0.232247 0.266599 -0.0684755
v -0.217464 0.156665 -0.0674609
v 0.00386336 -0.267008 -0.0132717
v 0.0132326 -0.250464 -0.0030232
v -0.00663818 -0.280188 -0.0159932
v -0.112904 -0.307782 -0.0501517
v -0.0989713 0.244909 -0.0386047
v -0.101157 0.25799 -0.0329947
v -0.119404 0.257634 -0.0607617
v -0.114887 0.258949 -0.0471809
v -0.135767 0.294865 -0.0649624
v -0.0677066 -0.130511 -0.0428294
v -0.0668536 -0.129786 -0.0387817
v -0.065609 -0.133275 -0.0330178
v -0.0647751 -0.133678 -0.0292217
v -0.0628705 -0.134953 -0.0221355
v -0.14084 0.200459 -0.0688994
v -0.2473 0.270792 -0.0553424
v -0.240887 0.075557 -0.0555809
v -0.120251 0.280039 -0.0554109
v -0.118971 0.288589 -0.0562017
v -0.106837 0.199952 -0.0503624
v -0.116191 0.185522 -0.0238724
v -0.126561 0.184643 -0.0156963
v -0.126575 0.190119 -0.00855781
v -0.138415 0.197302 0.00389834
v -0.185039 0.219562 0.0174376
v -0.184005 0.212119 0.0151476
v -0.189012 0.224122 0.0186622
v -0.194554 0.235999 0.0231507
v -0.0643305 -0.126698 -0.0337232
v -0.134844 0.169109 -0.0596486
v -0.238721 0.248032 -0.0541378
v -0.247795 0.283162 -0.0571524
v -0.213884 0.169963 -0.0624209
v -0.122194 0.189185 -0.0564432
v -0.126925 0.168269 -0.0429117
v -0.134074 0.177929 -0.0122417
v -0.159858 0.181839 0.00753757
v -0.139345 0.172307 -0.00806474
v -0.0679336 -0.132907 -0.0435286
v -0.138634 0.159605 -0.0650547
v -0.150937 -0.287085 -0.0299401
v -0.0616236 -0.134711 -0.0322055
v -0.059042 -0.135671 -0.0222794
v -0.0560166 -0.136415 -0.0115232
v -0.0618943 -0.135948 -0.0354594
v -0.0613282 -0.134297 -0.0251463
v -0.0673366 -0.132165 -0.0364947
v -0.064022 -0.134518 -0.0259109
v -0.103515 0.124389 -0.0438186
v -0.0193836 -0.149991 -0.0464586
v -0.200867 0.193062 -0.0665555
v -0.230811 0.242077 -0.0606555
v -0.246811 0.274635 -0.0585609
v 0.0240057 -0.211373 -0.0318001
v -0.124167 0.202175 -0.0636317
v -0.113952 0.182919 -0.0368517
v -0.130101 0.173962 -0.0191909
v -0.0562613 -0.135807 -0.0461378
v -0.0555866 -0.13617 -0.0414147
v -0.0448251 -0.14885 -0.0509994
v -0.231485 0.333449 -0.0468201
v -0.111171 0.246549 -0.0507247
v -0.1368 0.320275 -0.0543032
v -0.0713282 -0.112763 -0.0352878
v -0.0706582 -0.11328 -0.0286794
v -0.0639274 -0.132968 -0.0375863
v -0.235488 0.319892 -0.0569978
v -0.241174 0.258023 -0.0564009
v -0.172865 -0.253903 -0.0330186
v -0.10773 0.225427 -0.0549832
v -0.062179 -0.125967 -0.0264117
v -0.0619551 -0.128383 -0.0143586
v -0.245938 0.265792 -0.0548732
v -0.062192 -0.067793 -0.0285217
v -0.0553613 -0.138777 -0.0302794
v -0.0544597 -0.138505 -0.0242217
v -0.0507636 -0.134193 -0.0210509
v -0.0506582 -0.134091 -0.0153409
v -0.050279 -0.133813 -0.00991474
v -0.0950074 0.119873 -0.0215247
v -0.0470736 -0.141894 -0.0388132
v -0.0513636 -0.139573 -0.0435878
v -0.0475382 -0.137474 -0.0266809
v -0.0463013 -0.140087 -0.0321278
v -0.0373443 -0.142964 -0.0227009
v -0.248681 0.266919 -0.0494847
v 0.0173757 -0.226137 -0.00853935
v -0.0363736 -0.300657 0.0182514
v -0.0529474 -0.135227 -0.0321101
v -0.038719 -0.145717 -0.0331647
v -0.0288243 -0.147598 -0.0223424
v -0.0348405 -0.153434 -0.0482709
v -0.0213351 -0.15879 -0.0393586
v -0.247018 0.308043 -0.0385778
v -0.245435 0.291675 0.0137637
v -0.220079 0.248942 0.0196507
v -0.200829 0.276375 0.0332776
v -0.170915 -0.232744 -0.0376394
v -0.170598 -0.237033 -0.0190586
v -0.114825 0.302587 -0.0377055
v -0.095452 0.221629 -0.0359324
v -0.089769 0.248537 -0.0211201
v -0.0596043 -0.135661 -0.0256317
v -0.137434 0.180612 -0.0610447
v -0.219091 0.342815 -0.0471678
v -0.220751 0.197037 -0.0393324
v -0.248787 0.303369 -0.0503547
v -0.175238 -0.223797 -0.0479517
v -0.060579 -0.311728 0.0145245
v -0.0846582 -0.316835 0.0178007
v -0.111477 0.261477 -0.0378632
v -0.0715213 -0.106815 -0.0271724
v -0.071042 -0.111235 -0.0220832
v -0.0722782 -0.111728 -0.00862935
v -0.0757236 -0.112261 0.00439911
v -0.079109 -0.110825 0.00994757
v -0.0826374 -0.108568 0.0144876
v -0.0811943 -0.103854 0.0149237
v -0.0768274 -0.103963 -0.00323781
v -0.0796405 -0.1054 -7.81282e-06
v -0.0345666 -0.14965 -0.0386678
v -0.028749 -0.156268 -0.0369086
v -0.016292 -0.16823 -0.0306794
v 0.0375864 -0.153888 -0.0491147
v -0.244864 0.052357 -0.0430586
v -0.0606413 -0.0418715 -0.0260786
v -0.0688943 -0.0755499 -0.0121278
v -0.0550082 -0.135983 -0.00162089
v -0.0646051 -0.119908 -0.00932935
v -0.0687143 -0.118178 -0.00334089
v -0.0691951 -0.122053 0.0229468
v -0.0748643 -0.119861 0.0198407
v -0.075282 -0.121764 0.0334068
v -0.0589874 -0.0731753 -0.0471309
v -0.0653513 -0.128881 -0.0216117
v -0.0647774 -0.128871 -0.0146694
v -0.0655651 -0.129353 -0.0246194
v -0.00896356 -0.166008 -0.0345917
v -0.241441 0.31981 -0.0456486
v -0.235057 0.325569 -0.0188286
v -0.224504 0.327764 0.0131491
v -0.229841 0.330214 -0.00341474
v -0.219147 0.33619 0.000508341
v -0.210144 0.343915 -0.0145686
v -0.224608 0.336242 -0.0158363
v -0.2389 0.321842 -0.0351155
v -0.227829 0.230226 -0.0552694
v -0.234549 0.322765 0.0104537
v -0.235167 0.229367 -0.0127632
v -0.251361 0.287192 -0.0467601
v -0.221022 -0.141241 -0.0422478
v -0.236162 -0.115611 0.0171568
v -0.228485 -0.0850515 0.0463345
v -0.0550736 -0.135975 -0.00810012
v -0.0604005 -0.135331 -0.0287386
v -0.118575 0.137099 -0.0507594
v -0.125038 0.137544 -0.0329394
v -0.129254 0.142469 -0.0337232
v -0.140479 0.149246 0.000688341
v -0.161321 0.146713 0.0131576
v -0.175668 0.160639 0.0106653
v -0.173447 0.17097 0.00858911
v -0.138661 0.187602 -0.00263935
v -0.170251 -0.245017 -0.0410863
v 0.00892952 -0.259257 -0.00827781
v 0.0113449 -0.250351 -0.0124886
v -0.083452 0.0937555 -0.0347709
v -0.163008 0.343227 -0.0234947
v -0.182911 0.347813 -0.0223986
v -0.119942 0.13449 -0.0399878
v -0.118834 0.133392 -0.0325394
v -0.121337 0.137319 -0.0267147
v -0.128797 0.149159 -0.0218509
v -0.235627 0.226967 -0.0276363
v -0.230035 -0.114988 -0.0562678
v -0.229855 -0.121278 -0.0182817
v -0.0251366 -0.294098 -0.0261217
v -0.0971274 0.230543 -0.0367532
v -0.0853074 0.245939 -0.0261163
v -0.0967305 0.244756 -0.0178847
v -0.0705836 -0.112993 -0.0149017
v -0.0218674 -0.162281 -0.0331747
v -0.254631 0.268599 -0.0315986
v -0.0720666 -0.103755 -0.0163655
v -0.0376082 -0.138708 -0.0110917
v -0.0368913 -0.1364 -0.000903198
v -0.0366266 -0.134915 0.00969373
v -0.0399797 -0.13411 0.0216314
v 0.00281105 -0.179347 -0.0148417
v -0.0068251 -0.170097 -0.0157047
v 0.00169182 -0.169115 -0.0336417
v -0.229678 0.221185 -0.0412117
v -0.254987 0.286832 -0.0296778
v -0.144248 0.335463 -0.0224163
v -0.061429 -0.133288 -0.0124832
v -0.0644374 -0.129961 -0.0109132
v -0.0608543 -0.132985 -0.0080332
v -0.0593705 -0.133271 -0.00337781
v -0.0610613 -0.131853 0.00612757
v -0.0523336 -0.134561 -0.0265101
v -0.129204 0.18184 -0.0540694
v -0.129881 0.150869 -0.0311894
v 0.00453182 -0.159965 -0.0392363
v 0.0263287 -0.173785 -0.0361086
v -0.254817 0.292892 -0.00243012
v -0.106587 0.287015 -0.0348086
v -0.107887 0.292639 -0.0328432
v -0.101724 0.213312 -0.0444209
v -0.0974567 0.214153 -0.0283632
v -0.102424 0.205859 -0.0257478
v -0.11042 0.188952 -0.0473124
v -0.0744051 -0.110944 -0.00195474
v -0.173018 0.342532 -0.00886935
v -0.014642 -0.167727 -0.0264786
v -0.0110674 -0.170118 -0.0236794
v -0.00964818 -0.170981 -0.0289047
v -0.214175 0.34625 -0.0350417
v -0.198217 -0.189305 -0.0548232
v -0.250664 0.0264732 -0.0357286
v -0.107117 0.196746 -0.0203386
v -0.138927 0.211105 0.0117976
v -0.144704 0.242384 0.0231737
v -0.115438 0.252735 0.00102219
v -0.112192 0.287005 0.00368834
v -0.129192 0.173045 -0.0501924
v 0.0238826 -0.19164 -0.0276624
v 0.0284911 -0.186745 -0.0339132
v -0.17042 -0.241303 -0.0289163
v -0.176634 -0.259915 0.00962911
v -0.167858 -0.271351 -0.0137132
v -0.174135 -0.260805 -0.0049832
v -0.10894 -0.315082 0.0104876
v -0.092629 0.255945 -0.0285347
v -0.107425 0.267469 -0.0302678
v -0.106058 0.28441 -0.0294078
v -0.10776 0.2723 -0.0182955
v -0.0614113 -0.127223 0.00294834
v -0.064632 -0.131531 0.00689065
v -0.0637036 -0.130085 -0.00161858
v -0.0641405 -0.130718 0.0022668
v -0.12894 0.153502 -0.0425347
v -0.0208251 -0.155578 -0.0224224
v -0.217568 0.161953 -0.0507855
v -0.245944 0.248263 -0.0364163
v -0.248257 0.25032 -0.0290932
v -0.246548 0.246262 -0.0179486
v -0.256787 0.277192 -0.0150178
v -0.177288 -0.254034 -0.000347813
v -0.100568 0.225989 -0.0449078
v -0.113957 0.304276 -0.0227709
v -0.115088 0.270436 -0.0353117
v -0.058049 -0.135908 -0.0187709
v -0.0594405 -0.124573 -0.00732089
v -0.0179351 -0.152836 -0.00987243
v -0.0185474 -0.150355 0.0154722
v -0.0228613 -0.151678 0.0262776
v -0.0221643 -0.159375 0.0305707
v -0.0130589 -0.162501 -0.0178009
v -0.00317433 -0.171651 0.0146322
v -0.0147805 -0.165578 0.0289837
v -0.00767895 -0.162427 -0.00253627
v -0.00827895 -0.161888 0.0103368
v -0.0115974 -0.161031 0.0184237
v -0.00381818 -0.174641 -0.0226117
v -0.210491 0.180709 -0.00502858
v -0.17436 0.183903 0.00924834
v -0.00476356 -0.274087 3.14179e-05
v -0.0204397 -0.283715 0.0552022
v -0.0554051 -0.280397 0.110588
v -0.105177 -0.304893 0.0744376
v -0.0474766 -0.30319 -0.00863166
v -0.100177 0.229447 -0.0188124
v -0.0591843 -0.124695 -0.00440243
v -0.0608813 -0.124456 0.0079868
v -0.224394 0.338329 -0.0306824
v -0.253939 0.263917 -0.0109663
v -0.190001 -0.200231 -0.0234517
v -0.252159 0.0375001 -0.0100917
v -0.224835 0.0522132 0.0645368
v -0.250005 0.0165924 0.0181991
v -0.210732 0.0218616 0.0760145
v -0.252272 -0.00146993 -0.0350778
v -0.252995 -0.0277999 -0.0160763
v -0.0950005 0.249655 -0.0352786
v -0.107481 0.291865 -0.0231232
v -0.0617413 -0.13082 0.00124219
v -0.0590343 -0.136407 -0.0120455
v -0.0577051 -0.136377 -0.0083132
v -0.198577 -0.185908 -0.0331832
v -0.0898382 0.238486 -0.0305094
v -0.0912143 0.240142 -0.0244347
v -0.103104 0.194836 -0.0332394
v -0.131312 0.158473 -0.0172678
v -0.145507 0.171666 -0.00179012
v -0.127087 0.143202 -0.0430294
v -0.252537 0.257135 -0.0240263
v -0.205722 -0.180241 -0.00706781
v -0.229277 -0.13767 0.0227383
v -0.106144 0.283405 -0.0172109
v -0.0747036 -0.10475 -0.00920243
v -0.0729036 -0.100431 -0.00735628
v -0.0719474 -0.094243 -0.00681474
v -0.124777 0.180052 -0.0236986
v -0.0293905 -0.139784 0.0164653
v -0.0303205 -0.142421 0.0272576
v -0.0289636 -0.147817 0.0315545
v -0.0172789 -0.158735 0.0249683
v -0.0118597 -0.16543 0.0235922
v -0.0107136 -0.169475 0.0268837
v -0.0199766 -0.157958 0.0353922
v -0.0247043 -0.155407 0.0367937
v -0.024642 -0.14587 0.0403568
v -0.0441682 -0.0918984 0.0840653
v -0.0481382 -0.0441984 0.126639
v -0.0466851 -0.0311345 0.188055
v -0.0498051 -0.0792899 0.198889
v 0.000512591 -0.179985 0.0194814
v 0.00534336 -0.1835 0.0166776
v -0.215112 0.166653 -0.0167155
v -0.185454 0.19375 0.00996065
v -0.249681 0.251199 -0.0224286
v -0.224471 -0.143295 -0.00750628
v -0.0887743 0.245627 -0.0341763
v -0.0884766 0.252095 -0.0287286
v -0.0571982 -0.134658 0.0077045
v -0.0576513 -0.134097 0.0022945
v -0.058492 -0.134211 0.0121537
v -0.044512 -0.13215 0.00702142
v -0.149834 0.179765 0.00208526
v -0.215511 0.343409 -0.0206755
v -0.209615 0.171303 0.00253065
v -0.205774 0.168569 0.0208791
v -0.252727 0.296596 -0.0169355
v -0.0972374 0.213347 -0.0354394
v -0.0790405 -0.0957799 0.0144476
v -0.0831943 -0.0949469 0.0283714
v -0.0596866 -0.124271 0.00154526
v -0.060312 -0.124165 0.00461373
v -0.0594405 -0.124506 -0.00141474
v -0.0632936 -0.124714 0.0204991
v -0.0622243 -0.124471 0.0160237
v -0.0708043 -0.122025 0.0277907
v -0.0663305 -0.121575 0.00820373
v -0.0684413 -0.12182 0.0179883
v -0.127605 0.164635 -0.0308594
v -0.199011 0.197342 0.00559911
v -0.217424 0.187213 -0.0208094
v -0.244254 0.0738924 -0.0181817
v -0.127744 -0.306824 -0.00424551
v -0.0641943 0.0413493 -0.00334858
v -0.0796443 -0.108955 0.00310373
v -0.0664036 -0.131935 0.0190768
v -0.245629 0.309553 -0.0256463
v -0.0522682 -0.132891 0.00603065
v -0.052832 -0.130781 0.0147176
v -0.0556736 -0.133797 0.0248676
v -0.0717713 -0.135114 0.0438945
v -0.0646251 -0.131155 0.0377637
v -0.0754697 -0.134905 0.0513491
v -0.083712 -0.135431 0.0541345
v -0.091622 -0.138687 0.0626276
v -0.0898943 -0.138505 0.0606253
v -0.092799 -0.139164 0.0643822
v -0.103158 -0.146135 0.0756814
v -0.117079 -0.157511 0.0915537
v -0.126947 -0.162775 0.0947676
v -0.126354 -0.166878 0.0995668
v -0.131991 -0.176671 0.104815
v -0.132537 -0.194605 0.111614
v -0.122734 -0.179311 0.119668
v -0.120677 -0.193478 0.128631
v -0.138077 -0.21434 0.118889
v -0.152524 -0.208697 0.108925
v -0.160374 -0.188774 0.0898637
v -0.141481 -0.17118 0.0921545
v -0.139321 -0.165407 0.0891276
v -0.124587 -0.14996 0.0833053
v -0.115227 -0.152324 0.0796245
v -0.0499636 -0.130976 0.0108706
v -0.082069 -0.106151 0.00321373
v -0.079389 -0.102365 0.00717911
v -0.0821143 -0.105028 0.00985527
v -0.237044 0.102362 -0.0192578
v -0.162359 -0.277458 -0.0272863
v -0.0931397 0.254565 -0.0220309
v -0.0822405 -0.0578776 0.0459707
v -0.0545397 -0.136318 0.00578065
v -0.0663066 -0.134638 0.0368207
v -0.069012 -0.134731 0.0403645
v -0.0748336 -0.134028 0.0489976
v -0.0971613 -0.137047 0.0689007
v -0.104365 -0.140935 0.0776714
v -0.110331 -0.144797 0.0897537
v -0.114991 -0.147211 0.0856907
v -0.111504 -0.144638 0.0821022
v -0.123687 -0.160077 0.0930907
v -0.125241 -0.171868 0.102057
v -0.123129 -0.176028 0.104885
v -0.129349 -0.179674 0.105885
v -0.112825 -0.150194 0.0809714
v -0.119268 -0.155148 0.0860822
v -0.102009 -0.143431 0.0773145
v -0.0948774 -0.143134 0.0656668
v -0.0797682 -0.135027 0.0503883
v -0.0727782 -0.133621 0.0497145
v -0.096602 -0.139463 0.0681768
v -0.0706482 -0.131138 0.0447722
v -0.066722 -0.129531 0.0418422
v -0.0682343 -0.12685 0.0401683
v -0.0711336 -0.133077 0.0472783
v -0.0700305 -0.1307 0.0444383
v -0.0657682 -0.132861 0.0454976
v -0.083479 -0.108305 0.00614373
v -0.137068 0.151087 -0.00490551
v -0.127357 0.142206 -0.0280294
v -0.225771 0.144492 -0.00744551
v -0.217784 0.157796 -0.00114781
v -0.113574 0.259906 -0.0121263
v -0.0530266 -0.130375 0.0197353
v -0.0542882 -0.135385 0.0109114
v -0.0547113 -0.135138 0.0155883
v -0.064052 -0.126995 0.0357053
v -0.0686643 -0.126361 0.0381845
v -0.085112 0.0767385 0.0516553
v -0.133571 0.0366739 0.0896791
v -0.140188 0.0923093 0.109845
v -0.11985 0.098787 0.110027
v -0.0975782 0.104932 0.101308
v -0.122652 0.176439 -0.0341555
v -0.250948 0.253722 -0.0153924
v -0.128942 0.322777 -0.00795243
v -0.0731782 0.0757662 0.0302707
v -0.0748682 0.0714701 -0.0174078
v -0.219501 0.339405 -0.0140263
v -0.224731 0.207537 -0.0253294
v 0.00334798 -0.250455 0.0250007
v 0.00605951 -0.236024 0.0338376
v 0.00230875 -0.236033 0.0484391
v -0.0102866 -0.269698 0.0375707
v 0.00515951 -0.221043 0.0409745
v 0.00358644 -0.237238 0.0599476
v 0.000171822 -0.243063 0.0640276
v 0.0206811 -0.21654 0.0999584
v 0.0117234 -0.20021 0.14204
v -0.0472436 -0.105048 0.196532
v -0.00137356 -0.24335 0.0572699
v 0.00646644 -0.239317 0.0670337
v 0.0292511 -0.139438 0.0771345
v 0.026338 -0.108763 0.0869291
v -0.0441282 -0.032753 0.134455
v 0.00681875 -0.244048 0.0803776
v -0.00249818 -0.250481 0.0622845
v -0.00885818 -0.263898 0.0564137
v -0.244121 -0.0748838 -0.0125255
v -0.225655 -0.0520099 0.0574168
v -0.0967143 0.0287216 0.0667299
v -0.164398 0.0544101 0.105971
v -0.237784 0.0384585 0.0379391
v -0.0989067 0.258852 -0.0206917
v -0.106125 0.258026 -0.0170517
v -0.10158 0.251156 -0.0169147
v -0.0978843 0.236089 -0.0224124
v -0.0722743 -0.0639499 0.00568219
v -0.0651674 -0.125851 0.0299083
v -0.0694813 -0.130968 0.0409783
v -0.0736166 -0.129997 0.0496922
v -0.0827113 -0.132735 0.0593537
v -0.0868751 -0.130598 0.0608976
v -0.0963743 -0.140168 0.0697545
v -0.0834566 -0.108781 0.00987834
v -0.180932 -0.215514 -0.0232994
v -0.185778 -0.211291 -0.00709012
v -0.244795 -0.0539199 -0.0389163
v -0.158414 -0.291688 0.0209953
v -0.155455 -0.288345 0.0685645
v -0.115534 -0.285161 0.102554
v -0.125418 -0.238784 0.129874
v -0.113864 -0.147793 0.111594
v -0.108758 -0.139968 0.109741
v -0.11053 -0.145291 0.0997645
v -0.106867 -0.141145 0.0975522
v -0.104217 -0.139793 0.0929599
v -0.101401 -0.140253 0.0882584
v -0.104918 -0.144635 0.0890799
v -0.0936667 -0.145951 0.0742745
v -0.0900536 -0.145438 0.0715222
v -0.0845651 -0.147165 0.0647983
v -0.0810543 -0.138745 0.0576683
v -0.0835782 -0.140923 0.0613668
v -0.0899997 -0.140808 0.0595883
v -0.215884 0.341686 -0.0127647
v -0.173144 -0.258114 -0.0204155
v -0.113262 0.269259 -0.0126663
v -0.0583313 -0.131155 0.0292445
v -0.0539374 -0.129244 0.0256037
v -0.0550982 -0.134745 0.0200876
v 0.00701644 -0.185578 0.0307491
v 0.00704644 -0.203351 0.0298976
v 0.00840105 -0.177483 0.0295583
v 0.00918567 -0.175531 0.0383622
v 0.0169857 -0.123435 0.0679745
v -0.0170374 -0.11464 0.0592314
v -0.026942 -0.124188 0.0530391
v -0.0194974 -0.137873 0.0444445
v -0.017802 -0.162514 0.0319322
v -0.00855664 -0.161528 0.0323476
v 0.000277976 -0.168121 0.0288291
v 0.0110349 -0.159998 0.0465314
v 0.0170726 -0.200001 0.0604014
v -0.00330664 -0.147805 0.0417068
v -0.00747741 -0.128108 0.0520145
v 0.00229567 -0.162154 0.0349476
v 0.00495336 -0.167955 0.0335307
v 0.0171057 -0.144217 0.0575122
v 0.0243364 -0.161664 0.0666091
v 0.0255011 -0.0725699 0.105691
v 0.0108018 -0.0353399 0.113889
v 0.0343987 -0.12323 0.0951184
v 0.0286334 -0.0404845 0.117285
v 0.0505903 -0.0272853 0.136557
v 0.0110818 0.0411785 0.174112
v -0.00660895 0.0312047 0.174195
v 0.011218 0.0180532 0.148104
v -0.223881 0.148059 -0.0258855
v -0.186444 -0.217458 0.0117837
v -0.190269 -0.218994 0.0356807
v -0.220978 -0.162861 0.0175607
v -0.184095 -0.233451 0.0270376
v -0.195479 -0.182217 0.0714214
v -0.118217 0.190395 -0.0141909
v -0.0631851 0.0163762 -0.00771243
v -0.0614836 -0.129058 0.0331445
v -0.0669536 -0.127915 0.0381837
v -0.0843013 -0.111607 0.0304222
v -0.00592972 -0.172801 0.0249376
v -0.00572203 -0.166351 0.0295114
v 0.0020349 -0.174185 0.0238214
v -0.216929 0.339695 -0.00851474
v -0.221225 0.337489 -0.00862858
v 0.00904182 -0.18936 0.0410368
v 0.0169387 -0.179065 0.0550945
v 0.0113549 -0.236987 0.0173314
v -0.138087 -0.297044 -0.0186217
v -0.110835 0.249325 -0.0102755
v -0.068089 -0.131928 0.0261007
v -0.0695113 -0.126848 0.0240345
v -0.0699882 -0.131116 0.0362791
v -0.0727982 -0.13446 0.0385568
v -0.0824882 -0.137751 0.0543537
v -0.076552 -0.119434 0.0266176
v -0.0777182 -0.0826607 0.0155068
v -0.0888966 -0.0959546 0.0453937
v -0.10907 -0.0846053 0.0722176
v -0.096869 -0.0781246 0.0603583
v -0.049179 -0.131573 0.0301314
v -0.0524043 -0.132538 0.0362207
v -0.0688897 -0.139274 0.0528122
v -0.0637682 -0.140911 0.0538976
v -0.067429 -0.132108 0.0225922
v -0.0123013 -0.15529 0.0354445
v 0.00133567 -0.112838 0.0643607
v -0.0326651 -0.107658 0.0659922
v -0.043619 -0.060733 0.110808
v -0.0566166 -0.0327699 0.163418
v 0.0150234 -0.111825 0.192635
v 0.0258434 -0.0910569 0.195601
v 0.0222687 -0.101051 0.192665
v 0.0298995 -0.0949484 0.188525
v 0.0330626 -0.0981046 0.180919
v 0.0365111 -0.0930415 0.17695
v 0.0450288 -0.078663 0.162472
v 0.0429295 -0.0811015 0.168234
v 0.0418687 -0.076293 0.171454
v 0.0423457 -0.0717076 0.169615
v 0.0404018 -0.0754638 0.177107
v 0.0406626 -0.070133 0.175595
v 0.0385526 -0.0715876 0.183135
v 0.033978 -0.0734776 0.193088
v 0.0331018 -0.0668215 0.197498
v 0.0296811 -0.0572376 0.211231
v -0.0236605 -0.000856082 0.204664
v -0.0394851 -0.0142953 0.185599
v -0.0428843 -0.0130538 0.164624
v -0.0165566 -0.0838853 0.0831945
v 0.00575644 -0.178998 0.0194722
v -0.00380356 -0.155533 0.0369053
v -0.239334 0.31884 -9.85821e-05
v -0.209514 0.21689 0.00677526
v -0.252369 0.275329 0.00218219
v -0.19732 -0.196984 0.00124834
v -0.00308049 -0.265751 0.0180714
v -0.243727 -0.0569699 0.0272645
v -0.117024 0.297819 0.00383911
v -0.0599382 -0.13402 0.0168822
v -0.060742 -0.134147 0.0225368
v -0.00350126 -0.176156 0.0208107
v -0.0267636 -0.15525 0.0323083
v -0.0372036 -0.149167 0.0403483
v 0.000256437 -0.139305 0.0478822
v -0.221965 0.211876 -0.00963551
v -0.242771 0.242756 -0.0103694
v -0.209161 -0.178544 0.0491314
v -0.119002 0.308477 -0.00512243
v -0.0648174 -0.130578 0.0221983
v -0.068792 -0.129611 0.0290237
v -0.072132 -0.127055 0.0317737
v -0.155401 0.335589 -0.00303089
v -0.131442 0.185406 -0.00987166
v -0.133785 0.151152 -0.00981628
v -0.0166505 -0.148195 0.0390183
v -0.0308505 -0.140925 0.0430522
v -0.0307913 -0.134235 0.0466945
v -0.122317 0.206087 0.000548341
v -0.0719474 -0.0161615 0.0302576
v -0.0792474 -0.113981 0.0194037
v -0.0404082 -0.142281 0.0390491
v -0.0462043 -0.143821 0.0456583
v -0.0326251 -0.149551 0.0362222
v -0.0353682 -0.143401 0.0350414
v -0.241569 0.313379 0.0130268
v -0.205961 0.315655 0.0306737
v 0.00934952 -0.204798 0.0458899
v -0.177734 -0.26254 0.0218953
v -0.228407 0.0191393 0.0547707
v -0.066889 -0.133654 0.0301707
v -0.0692482 -0.131848 0.0332222
v -0.0732536 -0.132783 0.0410722
v -0.076512 -0.134733 0.0487222
v -0.0708643 -0.126585 0.0278176
v -0.0750982 -0.0394853 0.0400645
v -0.0669113 -0.130241 0.0260276
v -0.0451974 -0.138803 0.0398491
v -0.0495951 -0.143715 0.0465976
v -0.124312 0.144019 -0.0143478
v -0.131731 0.147762 -0.0015032
v -0.209411 0.331632 0.0179399
v -0.241211 0.277413 0.0156699
v -0.00562972 -0.253873 0.0524191
v -0.106104 0.225959 -0.00998781
v -0.078032 -0.0703046 0.0283153
v -0.129684 0.147945 -0.0116647
v -0.0183274 -0.0979515 0.0717722
v -0.245677 0.254769 -0.000413197
v -0.109728 0.293407 -0.00887243
v -0.065332 -0.128861 0.0385814
v -0.0634436 -0.130976 0.0414207
v -0.138007 0.160886 -0.00784628
v -0.0473151 -0.11046 0.0683883
v -0.0681405 -0.123951 0.0710583
v -0.0843766 -0.118148 0.0921507
v -0.057502 -0.196121 0.162621
v -0.11073 -0.211035 0.139625
v -0.062842 -0.0903415 0.0988353
v -0.0840666 -0.0984784 0.163309
v -0.0111613 -0.102588 0.205128
v -0.00271664 -0.0443853 0.220038
v -0.0121905 0.0140016 0.155678
v -0.211517 0.19661 -0.00272551
v -0.000842024 -0.249104 0.0435914
v -0.0696736 -0.130007 0.0322814
v -0.0738051 -0.130518 0.0394545
v -0.0728805 -0.128551 0.0357645
v -0.0768766 -0.135444 0.0475507
v -0.0786482 -0.13715 0.0468614
v -0.163381 0.163506 0.00724988
v 0.020998 -0.0901199 0.0928876
v 0.00188182 -0.0726353 0.0918945
v -0.178788 -0.234363 0.0123791
v -0.251434 -0.0521507 -0.000832428
v -0.172389 -0.277548 0.0266845
v -0.0900136 0.128522 0.0098268
v -0.103587 0.143757 0.00895219
v -0.115699 0.151905 0.0175514
v -0.127098 0.165092 0.0269414
v -0.135151 0.163639 0.0273368
v -0.126031 0.159265 0.0190614
v -0.115674 0.146596 0.0031668
v -0.0814451 0.103703 -0.00338243
v -0.0726036 -0.125468 0.0416253
v -0.0825674 -0.128108 0.0560283
v -0.0898951 -0.133351 0.0638768
v -0.0970213 -0.1365 0.0679714
v -0.0313774 -0.153493 0.0377745
v -0.207491 0.338339 0.0039768
v 0.00588875 -0.0966876 0.0781583
v -0.111371 0.239504 -0.0049832
v -0.118704 0.23914 0.00861527
v -0.0630297 -0.134061 0.0341807
v -0.0711643 -0.132963 0.0338253
v -0.0733582 -0.134811 0.0415914
v -0.142821 0.181385 -0.00337474
v -0.0683813 0.0113185 0.0177845
v -0.0605505 -0.134044 0.0304368
v -0.0699136 -0.0438207 0.0209607
v -0.0491036 -0.139124 0.0437845
v -0.153291 0.164692 0.00358065
v -0.0520382 -0.076143 0.102751
v -0.0685913 -0.0615638 0.129304
v -0.051769 -0.0543299 0.192801
v -0.0735836 -0.0611515 0.148681
v 0.0269018 -0.182923 0.0750268
v 0.0200703 -0.209895 0.0775514
v -0.0708513 0.0764855 0.0063545
v -0.0566474 -0.134334 0.0432976
v -0.0602082 -0.137085 0.0491314
v -0.174058 0.333205 0.0127137
v -0.229957 0.2584 0.0168391
v -0.217964 0.262215 0.0249714
v -0.122652 0.285979 0.0163476
v -0.159887 0.253137 0.0271991
v -0.114217 0.226399 0.0010768
v -0.079122 -0.131564 0.0566983
v -0.0736474 -0.128054 0.0460114
v -0.0773882 -0.129381 0.0526876
v -0.0906813 -0.127681 0.0640222
v -0.147562 0.188283 0.00230219
v -0.176401 0.208702 0.0146276
v -0.039422 -0.139855 0.0449783
v -0.0367705 -0.14437 0.0426783
v -0.0447382 -0.139041 0.0467953
v -0.052109 -0.133135 0.0537176
v -0.0391282 -0.132746 0.0491191
v -0.0424936 -0.123611 0.0563207
v -0.0775382 -0.123158 0.0405722
v -0.0735705 -0.134585 0.0415822
v -0.169057 0.195113 0.0114668
v -0.125001 0.149195 0.00401911
v -0.225761 0.318652 0.0205968
v 0.0387487 -0.143005 0.100842
v 0.0385895 -0.159267 0.116161
v 0.0300226 -0.172978 0.136185
v 0.0352157 -0.163893 0.0911837
v 0.0150826 -0.226557 0.0715307
v -0.231185 -0.0253745 0.0533383
v -0.156587 -0.293458 0.0432537
v -0.086879 -0.104595 0.0364983
v -0.0972367 -0.0978169 0.0601522
v -0.13006 -0.0850807 0.0848107
v -0.145515 -0.00715608 0.0935945
v -0.194864 0.209985 0.0107483
v 0.0366834 -0.0257099 0.127168
v -0.213104 0.236854 0.0177637
v 0.0107849 -0.221181 0.0557683
v -0.151197 0.286292 0.0308214
v -0.093022 -0.116955 0.0578199
v -0.098932 -0.122958 0.0671045
v -0.0948213 -0.121047 0.0616376
v -0.167964 0.320085 0.0246145
v -0.116835 0.142546 -0.0055332
v -0.200264 0.174762 0.0155353
v -0.187444 0.169537 0.0219307
v -0.176591 0.160802 0.0326845
v -0.144471 0.149929 0.0169337
v -0.136331 0.149045 0.00828757
v -0.233551 0.24682 0.00853527
v 0.0417334 -0.136196 0.125698
v 0.0434757 -0.118125 0.132494
v 0.0412718 -0.117705 0.149561
v 0.0342618 -0.133725 0.15439
v 0.0276164 -0.105528 0.183791
v 0.0119026 -0.0834184 0.208305
v 0.019438 -0.0707499 0.210385
v 0.0229403 -0.076793 0.205335
v 0.0306149 -0.0655607 0.204164
v -0.234111 0.120649 -0.00245935
v -0.239937 0.0887201 0.0279437
v -0.119065 0.264859 0.0085645
v -0.0896651 -0.108945 0.0469507
v -0.0915913 -0.112811 0.0530907
v -0.153539 0.200399 0.0091268
v -0.145695 0.156197 0.000620649
v -0.00941972 -0.0262699 0.119795
v -0.239251 0.301675 0.0204207
v -0.233657 0.131457 0.0375522
v -0.220927 0.144497 0.0540968
v -0.239189 0.109309 0.0385807
v -0.256151 0.00232392 -0.00640781
v -0.175491 -0.274614 0.0495583
v -0.185308 -0.240311 0.0455837
v -0.152038 -0.27598 0.0934176
v -0.169644 -0.25474 0.0913437
v -0.127287 0.302196 0.0142191
v -0.0861543 -0.0786038 0.0443737
v -0.125111 0.145765 -0.00514474
v -0.126835 0.153269 0.0121337
v -0.146298 0.148764 0.0036468
v -0.197215 0.182902 0.0078668
v -0.171667 0.148242 0.0166468
v -0.166572 0.151683 0.0119137
v -0.171151 -0.271631 0.00549834
v -0.0900305 -0.119386 0.0535868
v -0.046462 -0.134723 0.0501368
v -0.061582 -0.129117 0.0622483
v -0.169171 0.216713 0.0160137
v -0.135138 -0.307193 0.0227191
v -0.0864582 -0.124895 0.0576214
v -0.0837251 -0.122905 0.0515037
v -0.0893713 -0.123965 0.0605476
v -0.101322 -0.133181 0.0717368
v -0.120584 -0.127815 0.0821422
v -0.117688 -0.114477 0.0807368
v -0.0773674 -0.133443 0.0535845
v -0.0816751 -0.136021 0.0565545
v -0.0846366 -0.137368 0.0584314
v -0.0922051 -0.141935 0.0653453
v -0.0750374 -0.141677 0.0566645
v -0.0784866 -0.144051 0.0589476
v -0.0794697 -0.141323 0.0604122
v -0.0851651 -0.143055 0.0638007
v -0.0811674 -0.146268 0.0617922
v -0.0725713 -0.143594 0.0574722
v -0.0885636 -0.14137 0.0745614
v -0.0854743 -0.142977 0.0695837
v -0.0734197 -0.137867 0.0550183
v -0.0763605 -0.138698 0.0578568
v -0.0795636 -0.13666 0.0553153
v -0.0706705 -0.14192 0.0554045
v -0.077522 -0.14228 0.0625276
v -0.0809036 -0.139811 0.0682099
v -0.0831274 -0.135855 0.0740076
v -0.166241 0.206949 0.0127653
v -0.0030951 0.0064693 0.142122
v -0.029019 0.0042493 0.177881
v -0.183665 0.174225 0.0115653
v -0.179821 0.157175 0.0231899
v -0.166025 0.154252 0.0310853
v -0.209704 0.248017 0.0242014
v -0.201137 0.246847 0.0256553
v -0.203598 0.252457 0.0274199
v -0.199712 0.25786 0.0289522
v -0.240154 0.262849 0.0112653
v -0.115277 0.276979 0.0102291
v -0.0588866 -0.116513 0.0696576
v -0.0787213 -0.10927 0.0948268
v -0.0962551 -0.115948 0.144531
v -0.0914713 -0.139543 0.163024
v -0.0819505 -0.174538 0.162418
v -0.102464 -0.184138 0.148525
v -0.114091 -0.163605 0.135391
v -0.105131 -0.130205 0.125048
v -0.0976151 -0.117181 0.117869
v -0.0751405 -0.144201 0.0586737
v -0.154731 0.145605 0.0110868
v -0.232651 0.0852185 0.0566237
v -0.220491 0.104055 0.0766683
v -0.126648 0.251415 0.0174422
v -0.0883505 -0.116917 0.0478168
v 0.00299336 -0.0536976 0.102962
v -0.192004 0.175202 0.0179276
v 0.0394287 -0.111621 0.114112
v 0.0478434 -0.0533976 0.129708
v 0.0409149 -0.127703 0.114455
v 0.0335626 -0.0871838 0.188055
v 0.012128 -0.0968238 0.201949
v -0.0117036 -0.0623638 0.21573
v 0.0295587 -0.190901 0.0967668
v -0.00762741 -0.263761 0.0751199
v -0.239588 -0.0996661 -0.00245551
v -0.132227 0.227017 0.0153768
v -0.116237 -0.0697315 0.0776207
v -0.0966743 -0.111076 0.0607637
v -0.0953397 -0.130111 0.0676983
v -0.0283036 -0.0711976 0.0957853
v -0.0332382 -0.0418876 0.119205
v -0.200624 0.235443 0.0216022
v -0.212734 0.275085 0.0292368
v -0.130037 0.269915 0.0210999
v -0.063912 0.0324685 0.0214883
v -0.104105 0.0954755 0.0650214
v -0.119567 0.0901662 0.0846645
v -0.118765 0.094807 0.0780245
v -0.103574 0.118482 0.0678483
v -0.0919882 0.130829 0.0574314
v -0.0946351 0.123326 0.0598868
v -0.0921967 0.161434 0.0452953
v -0.0772774 -0.135886 0.0537307
v -0.082472 -0.136644 0.0577222
v -0.109335 -0.129025 0.0756014
v -0.0860582 -0.134214 0.0616822
v -0.093089 -0.135711 0.0661345
v -0.0869774 -0.138198 0.0606583
v -0.0951574 -0.140403 0.0672853
v -0.110692 0.148506 0.0126007
v -0.117107 0.154909 0.0220337
v -0.121604 0.160775 0.0206245
v -0.124231 0.163172 0.0239014
v -0.178858 0.217753 0.0169814
v -0.155164 0.153123 0.00634757
v 0.0169811 0.00300623 0.136028
v 0.0326549 0.0230993 0.152641
v -0.194237 0.220357 0.0158383
v 0.0339457 -0.0584738 0.115601
v 0.0476649 -0.0638007 0.131215
v 0.054058 -0.0450999 0.140211
v 0.0552695 -0.0484769 0.146829
v 0.0583588 -0.0384276 0.146014
v 0.0567149 -0.0435976 0.146908
v 0.0558788 -0.0503469 0.152974
v 0.0580488 -0.0523853 0.152168
v 0.0536088 -0.0560799 0.155427
v 0.053098 -0.0513284 0.150399
v 0.0565303 -0.0566884 0.152875
v 0.0610564 -0.0553684 0.150857
v 0.0618564 -0.0462376 0.151151
v 0.065808 -0.0576576 0.149321
v 0.0615826 -0.0507007 0.150909
v 0.0710826 -0.0528015 0.148901
v 0.102573 -0.0668338 0.150554
v 0.0917064 -0.116961 0.143968
v 0.0984349 -0.156141 0.174195
v 0.111566 -0.161221 0.186618
v 0.109289 -0.132635 0.205595
v 0.132363 -0.127981 0.207794
v 0.132609 -0.0820284 0.207691
v 0.0980526 -0.0502599 0.155255
v 0.0413764 -0.0821415 0.122538
v -0.0764436 0.0108962 0.0391107
v -0.0941943 -0.14143 0.0653722
v -0.0956074 -0.14523 0.0671407
v -0.0939251 -0.139093 0.0669999
v -0.0921843 -0.136084 0.0637353
v -0.0930651 -0.140961 0.0639145
v -0.0709866 -0.13944 0.0603414
v -0.175831 0.226292 0.0262214
v -0.182851 0.226489 0.0275207
v -0.182187 0.223102 0.0205976
v -0.185024 0.22592 0.0198391
v -0.187462 0.227882 0.0242053
v -0.188441 0.229113 0.0204207
v 0.0218964 -0.0169845 0.125541
v -0.165038 0.143099 0.0191653
v -0.167251 0.144553 0.0245968
v -0.15817 0.143009 0.0178522
v -0.144061 0.146263 0.0103845
v 0.0447057 -0.0418015 0.127574
v 0.0583349 -0.0442469 0.151662
v 0.0518588 -0.0644138 0.157491
v 0.0475726 -0.0696146 0.163641
v 0.0439411 -0.073403 0.170342
v 0.0560634 -0.0783099 0.156469
v 0.051168 -0.0768053 0.161598
v 0.0657364 -0.0651038 0.148812
v 0.0689926 -0.072963 0.147348
v 0.0814434 -0.0618769 0.146794
v 0.138851 -0.100723 0.204355
v 0.155258 -0.165044 0.193479
v 0.164 -0.145128 0.16686
v 0.152072 -0.142835 0.151579
v 0.143652 -0.108671 0.167655
v 0.00264105 -0.245738 0.0702345
v -0.253107 -0.0183669 0.0133291
v -0.132645 -0.30393 0.0534899
v -0.0865697 -0.138228 0.0611807
v -0.0914351 -0.141041 0.0628668
v -0.0844705 -0.140151 0.0590868
v -0.0902597 -0.137901 0.0646607
v -0.0941943 -0.142198 0.0647683
v -0.0951174 -0.14265 0.0699837
v -0.098429 -0.145511 0.0705468
v -0.116238 -0.156625 0.0906676
v -0.118854 -0.159708 0.0939645
v -0.11762 -0.156811 0.0932891
v -0.12021 -0.159751 0.0943714
v -0.121984 -0.153804 0.0923653
v -0.119189 -0.150498 0.0938276
v -0.114484 -0.147855 0.0915568
v -0.101711 -0.140076 0.0745137
v -0.123652 -0.156581 0.0968814
v -0.128347 -0.1656 0.101987
v -0.135051 -0.175978 0.105645
v -0.135727 -0.186097 0.107729
v -0.145484 -0.253157 0.113108
v -0.0761874 -0.0984815 0.102801
v -0.0688266 -0.0753707 0.117058
v -0.159972 0.235294 0.0226707
v -0.171502 0.233336 0.0233883
v -0.153572 0.227433 0.0194553
v -0.157494 0.215492 0.0152437
v -0.206808 0.294307 0.0324637
v -0.239234 0.0957932 0.00330911
v -0.0886866 -0.0108361 0.0534745
v -0.0885005 -0.138713 0.0623145
v -0.0991197 -0.142835 0.0721553
v -0.101754 -0.145293 0.0715107
v -0.11963 0.152032 0.0114691
v -0.120577 0.156272 0.0169468
v -0.195134 0.229317 0.0197907
v 0.0422926 -0.0075607 0.138765
v -0.247139 0.048277 0.0125122
v -0.098352 -0.146161 0.0682145
v -0.087672 -0.147144 0.0669414
v -0.0973874 -0.14882 0.0713999
v -0.0960913 -0.145321 0.0678253
v -0.0995836 -0.142685 0.0737891
v -0.106884 -0.150498 0.0842653
v -0.108622 -0.148865 0.0890337
v -0.0999982 -0.143781 0.0841776
v -0.0996513 -0.147273 0.0789984
v -0.090749 -0.14859 0.0690014
v -0.0948882 -0.148093 0.0701091
v -0.101878 -0.150451 0.0770507
v -0.103347 -0.148275 0.0811837
v -0.14715 0.157077 0.0250207
v -0.189324 0.230532 0.0274168
v -0.228817 0.272405 0.0215814
v -0.221907 0.148893 0.0121291
v -0.219938 0.132109 0.0710176
v -0.184624 0.157535 0.0940345
v -0.12937 0.181452 0.109237
v 0.0440595 -0.0994807 0.130989
v 0.0445226 -0.108457 0.141802
v 0.0418057 -0.096973 0.163675
v 0.0447064 -0.0680915 0.161691
v 0.0474949 -0.0681199 0.157304
v 0.0463618 -0.0642015 0.159574
v 0.0469426 -0.0737069 0.156914
v 0.0497188 -0.0644784 0.155378
v 0.0514003 -0.0615838 0.152538
v 0.0468734 -0.0608061 0.159648
v 0.0430457 -0.0640069 0.166195
v 0.043208 -0.0683346 0.166525
v 0.0442226 -0.0733838 0.163748
v 0.0402264 -0.0605453 0.171038
v 0.0386011 -0.0562538 0.181241
v 0.0374487 -0.0549299 0.191088
v 0.0317911 -0.0532361 0.211831
v 0.0329934 -0.0541138 0.208425
v 0.0317249 -0.0515684 0.214201
v 0.0334564 -0.0470261 0.214571
v 0.0329949 -0.0500945 0.219868
v 0.0352134 -0.050973 0.224488
v 0.0873449 -0.0127638 0.229051
v 0.0858488 -0.0338399 0.233061
v 0.0555395 -0.0739499 0.231968
v 0.0352618 -0.0670838 0.220371
v 0.0327764 -0.0561869 0.218472
v 0.033058 -0.0563915 0.211908
v 0.0326687 -0.0623499 0.215212
v 0.0328703 -0.0625415 0.208888
v 0.0337987 -0.0615846 0.201304
v 0.0418434 -0.0623499 0.177884
v 0.0405711 -0.0582476 0.182978
v 0.0352703 -0.0586199 0.196418
v 0.0388264 -0.0565138 0.186897
v 0.0435464 -0.0583615 0.174715
v 0.0418326 -0.0574453 0.178691
v 0.044388 -0.0620007 0.172194
v 0.0499426 -0.0596669 0.161168
v 0.0454026 -0.060033 0.163404
v 0.0493788 -0.0695684 0.153847
v 0.0509249 -0.0645699 0.151899
v 0.0487711 -0.0750084 0.151488
v 0.0514788 -0.0646284 0.142798
v -0.136635 0.287802 0.0243976
v -0.143962 0.261585 0.0261414
v -0.124721 -0.0508199 0.0821668
v -0.119669 0.0159993 0.0803845
v -0.0949974 -0.148441 0.0651583
v -0.166817 0.226715 0.0210014
v -0.174744 0.239263 0.0250183
v 0.0042549 -0.0107338 0.127155
v -0.198671 0.252486 0.0287045
v -0.209111 0.257603 0.0266222
v -0.204547 0.165042 0.0337053
v -0.198675 0.172452 0.0267068
v -0.211664 0.164073 0.0120183
v -0.00190356 -0.254537 0.0932168
v -0.243967 0.0716516 0.0104222
v -0.0898174 -0.139138 0.0635037
v -0.0820736 -0.143461 0.0656514
v -0.0992436 -0.149945 0.0742576
v -0.168658 0.237819 0.0244676
v -0.183195 0.24763 0.0304445
v -0.191097 0.232426 0.0220653
v -0.177695 0.153339 0.0169545
v -0.172258 0.145854 0.0222307
v -0.160538 0.145312 0.0241268
v -0.181459 0.159689 0.0172376
v -0.182955 0.16333 0.0250099
v -0.222381 0.146952 0.0309453
v -0.181225 -0.257917 0.0369853
v -0.0948605 -0.139251 0.0649637
v -0.107301 -0.143435 0.0868514
v -0.0929867 -0.146758 0.0632614
v -0.0932536 -0.143944 0.0629153
v -0.0975951 -0.147405 0.0682176
v -0.0979136 -0.140668 0.0707153
v -0.0955743 -0.145625 0.0657083
v -0.0993736 -0.141145 0.0736991
v -0.102694 -0.147983 0.0756345
v -0.100811 -0.148808 0.0723822
v -0.108535 -0.151808 0.0794053
v -0.105069 -0.154431 0.0738653
v -0.104554 -0.151068 0.0759745
v -0.115927 -0.156545 0.0806991
v -0.113038 -0.154381 0.0830284
v -0.129054 -0.168901 0.0954653
v -0.12376 -0.164111 0.0898953
v -0.132107 -0.170338 0.0970607
v -0.126477 -0.166407 0.0926953
v -0.130241 -0.165233 0.0911153
v -0.128081 -0.162948 0.0889468
v -0.125844 -0.160748 0.0868045
v -0.125394 -0.157308 0.0845268
v -0.119727 -0.151555 0.0800437
v -0.128961 -0.153738 0.0849914
v -0.134822 -0.155513 0.0877307
v -0.141647 -0.158214 0.0898091
v -0.153085 -0.158088 0.0919953
v -0.0940782 -0.142708 0.0665953
v -0.0183813 -0.0472899 0.109101
v -0.132794 0.156657 0.0168207
v -0.138459 0.158825 0.0222376
v 0.0320149 0.00931469 0.143322
v -0.19716 0.245414 0.0265183
v -0.192302 0.17234 0.0312583
v -0.0816736 0.0291662 0.0550499
v -0.108007 -0.144345 0.0775214
v -0.107954 -0.11867 0.0728514
v -0.0910067 -0.138907 0.0789645
v -0.095842 -0.13823 0.0840114
v -0.0972974 -0.133201 0.0915614
v -0.167437 0.261016 0.0291776
v -0.180474 0.243194 0.0255068
v -0.197661 0.249002 0.0282253
v -0.198031 0.251843 0.0352237
v -0.192151 0.269282 0.0326414
v 0.0501626 0.00838623 0.154285
v 0.0310118 0.0574155 0.196572
v 0.0251995 0.0591432 0.208092
v 0.0251011 0.0306462 0.234481
v 0.073378 0.0238562 0.227338
v 0.0939888 0.00849238 0.209978
v 0.109026 -0.0280453 0.188405
v 0.0891388 -0.0932238 0.225035
v 0.100506 -0.148733 0.192429
v 0.121825 -0.180153 0.157205
v 0.12889 -0.170473 0.144552
v 0.0595449 -0.0409069 0.151048
v 0.0633257 -0.041483 0.151231
v 0.0549018 -0.0189476 0.143485
v 0.0620034 -0.0324069 0.150451
v 0.0569588 -0.0473238 0.152318
v 0.059008 -0.0323445 0.145264
v -0.181985 -0.253098 0.0624722
v -0.065499 -0.312933 0.0435153
v -0.0704243 0.0377301 0.0413145
v -0.0731282 -0.117473 0.0812591
v -0.0931205 -0.12156 0.101312
v -0.0754636 -0.130677 0.0718414
v -0.0810943 -0.12733 0.0798007
v -0.0881305 -0.126427 0.0882245
v -0.0892966 -0.133408 0.0827976
v -0.180812 0.31219 0.0317907
v -0.105858 -0.136267 0.0745068
v -0.159337 0.270839 0.0301283
v -0.184762 0.24078 0.0287037
v -0.182201 0.234563 0.0296568
v -0.191385 0.262237 0.0326883
v 0.0471657 -0.074633 0.134599
v 0.0490564 -0.075953 0.144492
v -0.241262 -0.00268839 0.0376776
v -0.0850151 -0.0339053 0.0538253
v -0.0958251 -0.14455 0.0780137
v -0.173617 0.24974 0.0282114
v -0.194878 0.254909 0.0370414
v -0.180117 0.281015 0.0351083
v -0.185914 0.230909 0.0300691
v -0.190257 0.278682 0.0350153
v -0.196689 0.24212 0.0300253
v -0.19289 0.2428 0.0347953
v -0.185658 0.170402 0.0381753
v -0.165725 0.164663 0.0369553
v 0.037588 -0.0957115 0.114225
v 0.0459795 -0.0895315 0.155225
v -0.0628805 -0.104901 0.0842214
v -0.0883366 -0.106211 0.110715
v -0.101867 -0.153344 0.0717145
v -0.0294636 -0.022173 0.132359
v -0.177497 0.232256 0.0275422
v -0.153282 0.147672 0.0217022
v -0.150631 0.144832 0.0154322
v -0.194541 0.258099 0.0320376
v -0.19827 0.246775 0.0324753
v -0.176091 0.1509 0.0223122
v -0.171242 0.149502 0.0278707
v 0.0654618 -0.0142684 0.156052
v 0.0675034 -0.0231584 0.154671
v 0.0627295 -0.00222608 0.158709
v 0.0648257 -0.0352045 0.152177
v 0.060408 -0.0605369 0.151027
v 0.0579788 -0.00886531 0.150508
v 0.0608949 -0.0369999 0.150758
v -0.202598 0.149799 0.0796607
v -0.208865 -0.186706 0.0247737
v 0.0128757 -0.234255 0.0909753
v -0.0475805 -0.302637 0.0627099
v -0.0983336 -0.0285299 0.0652299
v -0.104881 -0.147278 0.0790876
v -0.116877 -0.15666 0.0904245
v -0.105034 -0.151473 0.0796945
v -0.184201 0.261157 0.0344614
v -0.190204 0.25886 0.0369368
v -0.187347 0.254269 0.0353753
v 0.0626726 -0.0261853 0.149335
v 0.0532395 -0.0533715 0.141837
v 0.0545126 -0.0568707 0.154401
v 0.0510764 -0.0591338 0.155228
v -0.0894643 0.00866469 0.0580907
v -0.0148443 -0.00801454 0.135511
v 0.0825211 0.00665392 0.180385
v 0.0896811 -0.037863 0.156534
v 0.0618926 -0.0193384 0.150855
v -0.223071 -0.11643 0.0450368
v -0.0804051 0.0964032 0.0373453
v -0.107698 -0.147451 0.0848268
v -0.11061 -0.151255 0.0841491
v -0.11729 -0.159215 0.0836637
v -0.113054 -0.149058 0.0775907
v -0.105932 -0.144271 0.0733007
v -0.110555 -0.145234 0.0753783
v -0.119494 -0.155451 0.0822368
v -0.123207 -0.154998 0.0827068
v 0.0444518 0.028527 0.162484
v -0.179601 -0.233294 0.0784983
v -0.154751 -0.177157 0.0906545
v -0.244207 -0.032923 0.0318907
v -0.10486 -0.109644 0.0700453
v -0.107727 -0.148541 0.0737214
v -0.109994 -0.151354 0.0751353
v -0.108392 -0.155044 0.0763468
v -0.130108 0.162249 0.0236953
v 0.0374549 -0.149563 0.136091
v 0.0144657 -0.15828 0.166574
v -0.0806474 0.108129 0.0208245
v -0.0865036 0.133202 0.0297745
v -0.108255 -0.149341 0.0774253
v -0.11566 -0.152463 0.0832984
v -0.107512 -0.148871 0.0817691
v -0.112935 -0.153611 0.0860245
v -0.114537 -0.154654 0.0864945
v -0.110608 0.152952 0.0196022
v -0.105735 0.157469 0.0265545
v -0.15697 0.155579 0.0286745
v 0.0830588 -0.0773707 0.144215
v 0.0456326 -0.0975407 0.146351
v -0.0453243 -0.294348 0.0856184
v -0.12173 -0.163681 0.0965707
v -0.111761 -0.15534 0.0788153
v -0.122222 -0.158995 0.0843784
v -0.130794 0.166135 0.0292214
v -6.51013e-05 0.0258024 0.162915
v -0.153404 0.164805 0.0338937
v -0.141792 0.167479 0.0371683
v -0.13245 0.165819 0.0343076
v -0.133764 0.169272 0.0390322
v -0.135064 0.17435 0.0450468
v -0.141272 0.165522 0.0308307
v 0.0604688 0.0301124 0.173285
v 0.0956788 -0.00474378 0.189807
v 0.121369 -0.0482676 0.189789
v 0.139749 -0.0884153 0.191002
v 0.121466 -0.144791 0.200925
v 0.146368 -0.198604 0.175712
v 0.167632 -0.21484 0.175335
v 0.16809 -0.175735 0.187617
v 0.155506 -0.130515 0.190581
v 0.0647818 -0.0292176 0.152964
v 0.0752457 -0.0187569 0.158165
v 0.0701518 -0.0388676 0.151232
v 0.0718557 -0.0306107 0.153272
v 0.078378 -0.0446753 0.150527
v 0.0666649 -0.0455053 0.150427
v 0.0999964 -0.0869253 0.144038
v 0.110602 -0.127878 0.144287
v 0.0737657 -0.086993 0.145475
v 0.0684311 -0.0957784 0.150004
v 0.0642326 -0.111858 0.162728
v 0.066318 -0.125503 0.176828
v 0.0702149 -0.123404 0.200655
v 0.0864088 -0.0987507 0.142362
v 0.0301526 -0.188965 0.118635
v 0.0284657 -0.155601 0.151811
v -0.0769582 0.0568324 0.0479653
v -0.0918551 -0.0994953 0.130204
v -0.105647 -0.143115 0.0823507
v -0.112238 -0.151724 0.0891284
v -0.10995 -0.148621 0.0882168
v -0.114857 -0.152515 0.0932853
v -0.114651 -0.154765 0.0879214
v -0.118377 -0.158508 0.0874399
v -0.115464 -0.133923 0.0793614
v -0.123917 -0.139461 0.0840137
v -0.120748 -0.1458 0.0818568
v -0.116238 -0.144441 0.0792891
v -0.130899 -0.146805 0.0873453
v -0.112237 -0.0990853 0.0754376
v -0.0176382 0.0187593 0.172624
v -0.00128202 0.0409824 0.182198
v -0.00318126 0.0350332 0.210365
v -0.0189989 0.014987 0.193958
v 0.0745626 -0.0060807 0.164448
v 0.109065 -0.0396099 0.174154
v 0.115462 -0.0854515 0.152581
v 0.0539334 -0.0549707 0.147451
v 0.129556 -0.0909138 0.162715
v 0.0637095 -0.0831707 0.150971
v 0.0600564 -0.0728576 0.151748
v 0.0584095 -0.0887215 0.157124
v 0.0447618 -0.0854884 0.175362
v 0.0422811 -0.0758176 0.175331
v 0.0444864 -0.0691869 0.167695
v 0.0434257 -0.0670253 0.171441
v 0.0542488 -0.0578453 0.157365
v 0.0526849 -0.057813 0.152388
v 0.0625434 -0.0994938 0.157125
v 0.0578588 -0.118478 0.188675
v 0.0414926 -0.0926638 0.190244
v 0.0410164 -0.0845353 0.188008
v -0.024259 -0.282855 0.0758314
v -0.144637 -0.128297 0.0915353
v -0.134141 -0.112758 0.0879053
v -0.11469 0.159857 0.0272753
v -0.110331 0.162899 0.0326014
v -0.134739 0.16697 0.0317353
v -0.158611 0.169349 0.0424783
v -0.167107 0.172559 0.0524553
v 0.0818088 -0.0284161 0.156938
v -0.137162 0.167226 0.0357414
v 0.0989211 -0.0265015 0.171884
v 0.0528634 -0.0594784 0.148485
v 0.0501657 -0.0565469 0.151272
v 0.0554395 -0.0543307 0.152215
v -0.116957 -0.00881378 0.0789507
v -0.104621 -0.147576 0.0848384
v -0.122121 -0.15717 0.0888122
v -0.127932 0.170329 0.0384068
v 0.014478 0.0310885 0.160922
v 0.10965 -0.107261 0.144334
v 0.127339 -0.12112 0.14784
v 0.0577857 -0.0654453 0.152362
v 0.055158 -0.0699215 0.155101
v 0.0509626 -0.0698669 0.159602
v 0.101968 -0.1406 0.149935
v 0.0739188 -0.127761 0.165695
v -0.231584 0.114349 0.0587745
v -0.058112 -0.052563 0.127008
v -0.123232 -0.163123 0.0941891
v -0.127081 -0.166996 0.0974522
v -0.120855 -0.161917 0.0870545
v -0.120644 -0.160547 0.0914984
v -0.12134 -0.159411 0.0986137
v -0.129144 -0.168888 0.10056
v -0.148184 -0.195715 0.107911
v -0.171494 -0.235484 0.0952899
v -0.121784 0.160805 0.0282176
v -0.138924 0.169395 0.0407145
v -0.202322 0.157969 0.0605045
v -0.191978 0.163805 0.0733022
v 0.050438 -0.0690176 0.150122
v 0.0740949 -0.106758 0.149321
v -0.0158743 -0.266664 0.0970453
v -0.106391 -0.0493099 0.0726353
v -0.120477 0.157807 0.0247553
v -0.125827 0.161973 0.0297737
v 0.0277195 0.0388101 0.167082
v -0.149101 0.16962 0.0421037
v 0.121791 -0.0691969 0.168044
v 0.0882688 -0.0153253 0.168679
v 0.0464788 -0.0872399 0.139258
v 0.0503095 -0.109178 0.182862
v 0.0437611 -0.100113 0.188958
v -0.0308582 -0.278705 0.0954422
v -0.0131666 -0.252288 0.117481
v -0.0709374 -0.133034 0.179034
v -0.108501 -0.145195 0.0931622
v -0.119007 -0.151098 0.0885068
v -0.0285805 -0.00308454 0.151728
v -0.125424 -0.0994976 0.0840453
v -0.146734 -0.102407 0.0896376
v 0.11477 -0.053553 0.169985
v 0.054508 -0.0609653 0.154508
v 0.0529949 -0.0847784 0.161614
v 0.0892657 -0.142527 0.163984
v 0.0566318 -0.0989976 0.163514
v 0.0748249 -0.117627 0.154879
v -0.112998 -0.0287938 0.0769076
v -0.115738 -0.156758 0.0935591
v -0.116921 -0.15744 0.100842
v -0.119781 -0.163053 0.109364
v -0.117152 -0.15527 0.107491
v -0.112437 -0.1523 0.0914553
v -0.130751 -0.158328 0.0854576
v 0.0494264 0.0564262 0.202461
v 0.0404987 0.0578616 0.221865
v 0.0282018 0.0578455 0.221325
v 0.128558 -0.105581 0.154121
v 0.0545049 -0.0528769 0.154952
v 0.0519888 -0.0595938 0.159375
v -0.0771666 -0.3081 0.0714868
v -0.118657 -0.155527 0.0965222
v -0.12914 0.1639 0.0322722
v 0.0474695 0.0429316 0.176509
v 0.0454964 0.0519901 0.188959
v 0.0520534 -0.0923746 0.165767
v 0.0521364 -0.101998 0.17144
v -0.217627 -0.150455 0.0478045
v -0.124704 -0.164418 0.0976768
v -0.130014 -0.166078 0.0977245
v -0.130657 -0.169205 0.100454
v -0.127699 -0.17499 0.104161
v -0.127517 -0.187143 0.109171
v -0.126614 -0.19071 0.116074
v 0.0246411 0.049767 0.181039
v 0.0397364 -0.132068 0.142097
v -0.0848105 0.11869 0.0406307
v -0.131432 -0.171325 0.101258
v -0.103514 0.150706 0.0199168
v -0.138015 -0.172081 0.0991414
v 0.0660957 0.0120362 0.168892
v 0.0472857 -0.0844938 0.149299
v 0.0465534 -0.0815853 0.157304
v 0.0518895 -0.0573976 0.158017
v 0.122123 -0.143664 0.143918
v -0.186992 -0.199936 0.0727491
v 0.0863634 -0.129327 0.15307
v -0.0692843 -0.296288 0.0945745
v -0.0811866 -0.0884776 0.117941
v -0.119387 -0.163251 0.102411
v -0.121575 -0.169961 0.105297
v -0.125062 -0.181384 0.106911
v -0.129784 -0.125215 0.0869022
v -0.142965 -0.180308 0.103392
v -0.132614 -0.167248 0.0935084
v -0.20684 -0.0934499 0.0679691
v -0.18546 -0.220351 0.0638114
v -0.175644 -0.20516 0.0801168
v -0.130917 -0.29491 0.0820245
v -0.0939336 0.108585 0.0553476
v -0.0475536 -0.0242276 0.148331
v -0.144675 -0.176858 0.0956684
v -0.160652 -0.202591 0.0983145
v -0.180557 0.171702 0.0488283
v 0.0450449 -0.0797984 0.171715
v 0.0489749 -0.0817084 0.166512
v 0.047148 -0.0756999 0.166564
v 0.0481118 -0.0872715 0.169961
v 0.0476788 -0.093993 0.174207
v 0.0465511 -0.0997976 0.180312
v 0.0432026 -0.0906576 0.182092
v 0.0409064 -0.0787599 0.185078
v 0.00424028 -0.239394 0.111999
v -0.124901 -0.162191 0.100074
v -0.122272 -0.168415 0.100509
v -0.133657 -0.0283976 0.0856137
v -0.164034 -0.0658084 0.0881114
v -0.179675 0.168515 0.0856099
v -0.183157 0.173096 0.0665191
v -0.150908 0.182266 0.0650022
v -0.217598 -0.0110161 0.0683853
v -0.190918 0.0250393 0.0943622
v -0.156958 0.0775393 0.109888
v -0.151757 0.0955924 0.11286
v -0.154992 0.104212 0.115779
v -0.114027 -0.151153 0.100024
v -0.111467 -0.148684 0.0955245
v -0.00251356 0.0404455 0.195645
v -0.12504 0.166712 0.0335622
v -0.148922 -0.183867 0.0982353
v -0.165132 -0.096533 0.0880207
v 0.137903 -0.155268 0.142408
v 0.175955 -0.188935 0.143039
v 0.207653 -0.21014 0.143257
v 0.23226 -0.224781 0.164004
v 0.228373 -0.233568 0.175792
v 0.262823 -0.249257 0.179262
v 0.280318 -0.258313 0.180897
v 0.302341 -0.266445 0.192769
v 0.316163 -0.275931 0.202601
v 0.323663 -0.27962 0.203287
v 0.325681 -0.278843 0.194991
v 0.321052 -0.27487 0.193937
v 0.321001 -0.275728 0.199765
v 0.147096 -0.174221 0.140347
v 0.16581 -0.202568 0.136001
v 0.0442395 -0.0964776 0.157375
v -0.197751 -0.201868 0.0511091
v 0.194333 -0.281688 0.106212
v 0.22728 -0.277771 0.126788
v 0.201513 -0.286058 0.107075
v 0.195195 -0.291968 0.109498
v 0.172729 -0.287197 0.109961
v 0.173546 -0.268947 0.116807
v 0.16943 -0.249756 0.126295
v 0.179446 -0.250366 0.124008
v 0.205975 -0.248825 0.124365
v 0.243472 -0.274854 0.140845
v 0.275229 -0.283955 0.166405
v 0.265185 -0.283373 0.159039
v 0.284438 -0.2768 0.150632
v 0.264193 -0.261101 0.144997
v 0.195573 -0.288165 0.104658
v 0.185065 -0.289214 0.103891
v 0.167018 -0.291045 0.120568
v 0.169166 -0.280644 0.116062
v 0.1675 -0.29485 0.12969
v 0.16906 -0.259858 0.141785
v 0.164959 -0.245757 0.141611
v 0.157645 -0.228186 0.139245
v 0.175191 -0.216593 0.132501
v 0.154796 -0.189605 0.138445
v 0.201878 -0.266591 0.116088
v 0.225823 -0.257311 0.125455
v 0.287415 -0.258507 0.163598
v 0.274599 -0.263851 0.148524
v 0.259501 -0.275978 0.146595
v 0.224613 -0.294097 0.159451
v 0.230355 -0.295674 0.1764
v 0.222101 -0.296997 0.170458
v 0.215311 -0.297558 0.163225
v 0.212098 -0.298955 0.170625
v 0.203966 -0.299165 0.166561
v 0.195286 -0.301474 0.162224
v 0.182822 -0.3029 0.149034
v 0.176436 -0.302778 0.143922
v 0.216361 -0.268498 0.118154
v 0.18889 -0.284821 0.104172
v 0.0570364 -0.112694 0.172472
v -0.0878143 0.0990847 0.0499922
v -0.0904151 0.120379 0.0526853
v -0.0944836 0.147232 0.0255976
v -0.0961713 0.158715 0.0356553
v 0.0100964 0.0498455 0.187848
v 0.00942644 0.0507985 0.202047
v -0.134989 -0.16166 0.0875145
v -0.143511 -0.0501007 0.0874184
v 0.139706 -0.131588 0.148914
v 0.165966 -0.174331 0.145865
v 0.156776 -0.158018 0.147665
v 0.169553 -0.159818 0.159891
v 0.0427887 -0.105245 0.155214
v 0.135445 -0.184748 0.144588
v 0.151376 -0.219358 0.144834
v 0.140861 -0.1958 0.144667
v 0.126629 -0.18618 0.169199
v 0.11683 -0.163168 0.150654
v -0.197752 -0.00592378 0.0852976
v 0.190015 -0.256387 0.120541
v 0.186799 -0.240071 0.126571
v 0.184056 -0.203601 0.137984
v 0.183285 -0.180761 0.155331
v -0.0805666 -0.0753284 0.135315
v -0.135807 -0.169071 0.0958684
v -0.142201 -0.184045 0.106005
v -0.142044 -0.146818 0.0908953
v 0.135556 -0.0860584 0.175578
v 0.0458088 -0.0649484 0.168222
v 0.0365049 -0.0601815 0.191562
v 0.0369649 -0.069633 0.190581
v 0.0359026 -0.0739453 0.196738
v 0.0341987 -0.0676384 0.198151
v 0.0329518 -0.0676353 0.205082
v 0.0331057 -0.0696684 0.212838
v 0.0418364 -0.0700676 0.174352
v 0.0405195 -0.0672699 0.180165
v 0.0385026 -0.0634515 0.185028
v 0.0404949 -0.0729446 0.182479
v 0.0380934 -0.0808753 0.196152
v 0.0389549 -0.0762915 0.190154
v 0.0348395 -0.0777338 0.203272
v 0.033278 -0.0734815 0.207261
v 0.0421195 -0.081193 0.179627
v 0.180796 -0.280015 0.108245
v 0.165416 -0.26305 0.128321
v 0.0493318 -0.0836015 0.225597
v -0.101941 -0.131724 0.104784
v 0.0665649 0.0433016 0.193565
v 0.0513126 0.0542385 0.219604
v 0.0244018 0.0453301 0.230798
v -0.147329 -0.166634 0.0901214
v -0.182382 -0.080653 0.0838276
v 0.0441957 -0.0875699 0.163488
v 0.208683 -0.277906 0.112024
v 0.199578 -0.277085 0.109761
v 0.14927 -0.20358 0.140154
v 0.0156103 -0.216437 0.123101
v -0.094079 0.0555655 0.0635991
v -0.133824 -0.172751 0.0995245
v -0.118147 0.165753 0.0340083
v -0.138442 -0.179483 0.104161
v -0.135401 -0.180866 0.106222
v -0.145488 -0.18792 0.106577
v -0.165178 -0.122485 0.0914484
v 0.186895 -0.270351 0.112944
v 0.105332 -0.155748 0.157575
v 0.166831 -0.272911 0.122969
v -0.0872174 -0.0894261 0.144318
v -0.0619405 -0.0422338 0.145562
v 0.0759964 0.0269124 0.188257
v 0.0880364 0.0140632 0.196755
v -0.141851 -0.0727746 0.0872184
v -0.206317 -0.127664 0.0660937
v 0.0389657 -0.108445 0.162669
v 0.157855 -0.214415 0.136281
v 0.132778 -0.195351 0.158425
v 0.141609 -0.205374 0.162858
v 0.160433 -0.235111 0.146195
v 0.173328 -0.259121 0.121421
v 0.165903 -0.255581 0.127405
v -0.0329551 -0.266575 0.115901
v -0.110699 0.0391362 0.0737568
v -0.135814 -0.175827 0.101899
v -0.139391 -0.191051 0.109084
v -0.194654 -0.0374776 0.0834645
v 0.189512 -0.22592 0.129347
v 0.194261 -0.195777 0.149651
v 0.207775 -0.212835 0.170521
v 0.188352 -0.193974 0.176185
v 0.0415164 -0.0661838 0.171581
v 0.036048 -0.0584115 0.183678
v 0.038258 -0.0648299 0.183602
v 0.0398387 -0.0650969 0.177112
v 0.036178 -0.0651499 0.190015
v 0.0297826 -0.0508299 0.215228
v 0.0300749 -0.0430145 0.220365
v 0.0225149 -0.0412969 0.222078
v 0.0169011 -0.0196676 0.227102
v 0.0394895 0.0387285 0.235601
v 0.0358957 -0.0784038 0.187611
v 0.0383557 -0.079593 0.181012
v 0.0364487 -0.0864584 0.181651
v 0.031308 -0.0826753 0.193741
v 0.0290364 -0.071653 0.202795
v 0.0290387 -0.0781846 0.199028
v 0.0229334 -0.0850069 0.201081
v 0.20713 -0.227557 0.131032
v 0.235001 -0.240673 0.136461
v 0.219373 -0.281045 0.120078
v 0.036408 -0.120408 0.159928
v -0.171324 -0.270493 0.0756976
v 0.164106 -0.224934 0.133012
v 0.171469 -0.241041 0.128481
v 0.173546 -0.231608 0.130121
v 0.0830018 -0.140061 0.182718
v -0.209315 0.0521462 0.0874276
v -0.094192 0.0890055 0.0588283
v -0.0116766 0.0278385 0.190881
v -0.121629 -0.170435 0.111841
v 0.220116 -0.239855 0.131249
v 0.220481 -0.225574 0.139381
v 0.218741 -0.215901 0.148182
v 0.039808 -0.0849115 0.174148
v -0.132631 -0.270151 0.110377
v 0.0418626 -0.0920661 0.211047
v -0.139577 0.015287 0.0935337
v -0.140251 -0.175748 0.101395
v -0.173554 -0.00339685 0.0965837
v -0.162424 -0.167978 0.0909191
v -0.168582 -0.179348 0.0883676
v -0.153857 -0.192075 0.0994891
v -0.188377 -0.113188 0.0813791
v 0.0454464 -0.0590815 0.170551
v 0.0472503 -0.0600069 0.166757
v 0.0390457 -0.0583984 0.175165
v 0.0427911 -0.059753 0.167064
v 0.144932 -0.211005 0.151911
v 0.163448 -0.235564 0.134138
v -0.0909936 -0.286003 0.107054
v -0.0676105 -0.218273 0.155597
v -0.0170751 -0.215775 0.150302
v -0.108537 0.0669385 0.0716237
v -0.0326605 -0.0620615 0.209482
v -0.122964 -0.176553 0.110775
v -0.180681 -0.166545 0.0867484
v 0.0377911 -0.0603546 0.179134
v 0.034628 -0.0570207 0.187851
v 0.00968952 -0.179901 0.157102
v 0.109959 -0.16866 0.167285
v 0.164878 -0.253134 0.134664
v 0.164941 -0.244331 0.132184
v -0.119689 0.175622 0.0461276
v -0.165054 -0.0328584 0.0911276
v 0.237683 -0.264755 0.132352
v 0.273556 -0.25336 0.158289
v 0.036618 -0.102938 0.170611
v 0.0396687 -0.093473 0.169877
v 0.0366834 -0.0802715 0.212964
v -0.215184 0.0787055 0.0864684
v 0.154959 -0.225581 0.151222
v 0.0144857 0.0521293 0.217128
v -0.12432 -0.182993 0.112451
v -0.120227 0.0542901 0.0787037
v -0.172137 -0.192265 0.0842422
v 0.197218 -0.211591 0.135881
v 0.0306618 -0.12045 0.169864
v 0.0469288 -0.105878 0.197014
v 0.166818 -0.285055 0.128271
v -0.0793113 -0.0795707 0.159185
v -0.118142 -0.158623 0.116865
v 0.0367218 0.0599893 0.213271
v 0.0472095 0.0578547 0.212862
v 0.152735 -0.128573 0.163238
v 0.140026 -0.143185 0.202381
v 0.0313757 -0.053753 0.198032
v 0.0311334 -0.0550007 0.194581
v 0.033198 -0.051883 0.203584
v 0.0324426 -0.0501615 0.207965
v 0.033738 -0.0560846 0.191688
v 0.0362426 -0.0611776 0.188969
v 0.0325134 -0.0509976 0.205677
v 0.0331787 -0.0557653 0.205014
v 0.0433087 -0.0327315 0.231169
v 0.0548811 -0.0225899 0.235155
v 0.0346626 -0.0566599 0.195985
v 0.0335287 -0.0601669 0.200204
v 0.034938 -0.0616515 0.193688
v 0.0374218 -0.0355553 0.228082
v 0.0349211 -0.0386138 0.224635
v 0.0421787 -0.0222145 0.232618
v 0.0850549 0.00995469 0.223951
v -0.110547 -0.264428 0.123261
v -0.0521143 -0.261044 0.131281
v -0.116422 -0.179731 0.133632
v 0.170266 -0.301835 0.134198
v 0.179243 -0.302935 0.137347
v 0.185861 -0.298185 0.124588
v 0.176143 -0.295461 0.112981
v 0.178083 -0.298908 0.123445
v 0.186423 -0.293153 0.107465
v 0.179833 -0.288211 0.105575
v 0.190359 -0.302918 0.152178
v 0.19037 -0.301923 0.146007
v 0.196892 -0.301327 0.152817
v 0.204336 -0.299468 0.156305
v 0.200596 -0.30092 0.160384
v 0.205686 -0.296335 0.171155
v 0.224066 -0.29216 0.187518
v 0.238352 -0.287666 0.200791
v 0.248863 -0.271618 0.200655
v 0.230329 -0.245793 0.183264
v 0.206929 -0.274211 0.175425
v 0.236891 -0.277985 0.198381
v 0.210479 -0.296456 0.174937
v 0.260146 -0.259484 0.189259
v 0.278888 -0.264755 0.190568
v 0.275796 -0.252001 0.172738
v 0.265158 -0.244431 0.164345
v 0.241986 -0.229655 0.158941
v 0.218752 -0.224394 0.171191
v 0.181046 -0.251226 0.170272
v 0.167123 -0.24359 0.150744
v 0.196851 -0.217351 0.176081
v 0.176203 -0.23457 0.172881
v 0.182296 -0.278988 0.153465
v 0.191261 -0.286395 0.160815
v -0.10572 -0.140817 0.142037
v -0.0992774 -0.15907 0.154144
v -0.119881 -0.168528 0.121451
v -0.128917 -0.201155 0.120631
v -0.144548 0.0499624 0.0998553
v -0.168562 -0.152507 0.0921737
v -0.166082 -0.201168 0.0892084
v -0.172718 -0.216678 0.0880868
v 0.17799 -0.16879 0.164245
v 0.17062 -0.155357 0.178131
v 0.0247118 -0.138348 0.167298
v 0.00145798 -0.115461 0.197477
v -0.170204 0.128263 0.112685
v -0.168707 0.152572 0.111217
v 0.0890549 -0.131721 0.202985
v -0.0581136 -0.0437507 0.176571
v -0.117078 0.0735839 0.0785876
v -0.129257 0.0644716 0.0913537
v 0.130745 -0.0688646 0.185705
v -0.164221 -0.217864 0.101844
v 0.253779 -0.236761 0.158471
v 0.035298 -0.0528845 0.197692
v 0.033868 -0.0578599 0.206005
v 0.0346626 -0.0564061 0.201255
v 0.0429334 -0.0549215 0.230698
v -0.159155 -0.234991 0.108301
v -0.188064 0.0527985 0.102444
v 0.0372949 -0.0858676 0.204054
v 0.0402926 -0.0736846 0.223381
v 0.0412357 -0.0952376 0.199725
v 0.0400964 -0.0872084 0.195312
v -0.0815705 -0.265241 0.128772
v -0.113207 -0.148677 0.125685
v -0.0876536 0.145239 0.0413168
v -0.0882874 0.152942 0.0504637
v -0.0892582 0.170579 0.0677376
v -0.103951 0.188952 0.0939876
v -0.122511 0.0807701 0.0866645
v -0.186924 -0.142781 0.0857068
v 0.231033 -0.225628 0.148155
v 0.193906 -0.189048 0.162688
v 0.201559 -0.199925 0.166342
v 0.0363487 -0.053613 0.194659
v 0.166673 -0.270443 0.134351
v -0.103027 0.0791747 0.0664976
v -0.140887 0.187755 0.0756222
v -0.115504 0.084917 0.0759837
v -0.11541 0.101224 0.0734014
v -0.102922 0.113426 0.0666145
v -0.0951067 0.1277 0.0612922
v -0.107724 0.111939 0.0699576
v -0.130651 0.0786462 0.0968776
v -0.114615 0.0980093 0.0847022
v -0.112691 0.105372 0.0721414
v -0.110247 0.108789 0.0710399
v -0.105872 0.115236 0.0684976
v -0.0991267 0.125672 0.0645191
v -0.0923736 0.133255 0.0665322
v -0.094279 0.137276 0.0624514
v -0.0923574 0.145079 0.0624014
v -0.0891613 0.147893 0.0619676
v -0.0888105 0.154466 0.0654968
v -0.0873282 0.157557 0.0674114
v -0.0882351 0.175326 0.0769453
v -0.0877766 0.184922 0.0944984
v -0.093052 0.188096 0.0983976
v -0.118958 0.0916462 0.0793768
v 0.2496 -0.255855 0.138169
v 0.155382 -0.123968 0.177425
v 0.0317018 -0.109883 0.175052
v 0.0154864 -0.128704 0.182681
v -0.00515433 -0.227903 0.135435
v 0.0537164 -0.107688 0.208865
v 0.168223 -0.298287 0.123591
v -0.139708 -0.203138 0.113201
v 0.258275 -0.247211 0.149175
v -0.20584 0.127899 0.0888037
v -0.186927 0.119635 0.103358
v -0.140144 0.1563 0.122892
v -0.117861 0.145116 0.129025
v 0.161248 -0.228255 0.161748
v -0.067659 -0.0555438 0.164695
v 0.0355795 0.0515862 0.229434
v -0.0977205 0.121712 0.0631853
v -0.0988443 0.116576 0.0631407
v -0.117344 0.18771 0.0738353
v -0.112539 0.0927993 0.0726691
v -0.156041 0.181424 0.0809091
v 0.244362 -0.236607 0.145831
v -0.169954 0.176865 0.0795684
v 0.0228795 -0.117598 0.181948
v -0.089009 -0.202474 0.152888
v -0.110454 0.182615 0.0625083
v -0.117644 0.0977732 0.0755307
v -0.109722 0.0999001 0.0703914
v 0.147425 -0.10685 0.186037
v 0.207673 -0.204508 0.154867
v 0.031508 -0.0525569 0.201438
v 0.0339287 -0.0415238 0.221852
v 0.035368 -0.0450961 0.223875
v 0.034358 -0.052123 0.200419
v 0.0323887 -0.0498915 0.210278
v 0.0311695 -0.0603776 0.207044
v 0.0339749 -0.0551269 0.200264
v 0.00531336 -0.141683 0.181654
v -0.0293436 -0.244988 0.136054
v 0.0749157 -0.109966 0.217319
v 0.0897911 -0.0736776 0.230008
v 0.169786 -0.294623 0.114947
v 0.171213 -0.297983 0.119542
v 0.17548 -0.302028 0.131968
v 0.00867028 0.00415546 0.228198
v -0.00919972 0.0113793 0.216064
v 0.0115495 -0.0344715 0.223954
v -0.101341 0.107979 0.0639522
v -0.105968 0.10574 0.0682776
v -0.161972 0.18106 0.0694068
v 0.245069 -0.284517 0.152958
v 0.213786 -0.292767 0.138815
v 0.227173 -0.285735 0.136228
v 0.208485 -0.289775 0.121125
v 0.217112 -0.288075 0.12825
v -0.163671 0.025567 0.100672
v -0.125457 0.089237 0.0958891
v -0.134989 0.0866239 0.103355
v -0.120279 0.0963155 0.0975122
v -0.084422 0.122539 0.0805368
v -0.0843505 0.133512 0.0707637
v -0.0637482 0.151007 0.0631276
v -0.0320074 0.191005 0.0823907
v -0.016762 0.196463 0.113011
v -0.0369505 0.133475 0.129972
v -0.0794382 0.126702 0.128262
v -0.130741 0.108126 0.120011
v -0.143264 -0.229388 0.118548
v 0.0369449 -0.0612507 0.224452
v 0.0101126 0.0399916 0.224722
v 0.315292 -0.279185 0.166681
v 0.320376 -0.278794 0.168691
v 0.333938 -0.280378 0.182938
v 0.33618 -0.280458 0.188141
v 0.332903 -0.280741 0.197224
v 0.277653 -0.279768 0.153424
v 0.253056 -0.286738 0.163468
v 0.263906 -0.288125 0.174648
v 0.276373 -0.287543 0.181781
v 0.270378 -0.290795 0.192541
v 0.260006 -0.293611 0.198481
v 0.248949 -0.294302 0.192225
v 0.251993 -0.294795 0.199568
v 0.261393 -0.287591 0.214719
v 0.283612 -0.288764 0.210225
v 0.299958 -0.268381 0.201317
v 0.292406 -0.27223 0.211062
v 0.251386 -0.291523 0.179395
v 0.260049 -0.291577 0.186867
v 0.282973 -0.289171 0.196415
v 0.296448 -0.28709 0.193542
v 0.310495 -0.282477 0.184208
v 0.311673 -0.280925 0.174044
v 0.317735 -0.281623 0.189057
v 0.316518 -0.280708 0.180418
v 0.320698 -0.281573 0.195898
v 0.273506 -0.291404 0.203435
v 0.292456 -0.287987 0.204825
v 0.300229 -0.28595 0.209911
v 0.300552 -0.280695 0.212445
v 0.286795 -0.272231 0.211001
v 0.281042 -0.275236 0.213195
v 0.267501 -0.281965 0.218771
v 0.268869 -0.290904 0.213452
v 0.246545 -0.282341 0.206574
v 0.246958 -0.290113 0.206751
v 0.240079 -0.294596 0.196261
v 0.235256 -0.295642 0.189945
v 0.223738 -0.297438 0.179988
v 0.229986 -0.296353 0.185014
v 0.207745 -0.298975 0.162637
v 0.282916 -0.270255 0.149881
v 0.272636 -0.273778 0.147405
v 0.216093 -0.211913 0.160951
v 0.032948 -0.0483576 0.212194
v 0.0374949 -0.0416684 0.227938
v 0.0390057 -0.0468538 0.228914
v 0.152768 -0.214913 0.166311
v 0.296245 -0.267773 0.157601
v 0.312418 -0.274517 0.164855
v 0.311873 -0.279855 0.169511
v 0.306186 -0.277838 0.162475
v 0.306766 -0.280595 0.170051
v 0.306592 -0.284763 0.203442
v 0.307956 -0.283955 0.194302
v 0.312196 -0.282811 0.201228
v 0.309692 -0.272205 0.201858
v 0.288932 -0.268557 0.199962
v 0.2925 -0.273871 0.153332
v 0.283941 -0.26206 0.154757
v -0.0875651 0.133212 0.0486791
v -0.0880351 0.143783 0.0522637
v -0.0883605 0.150789 0.0571945
v -0.0899167 0.138712 0.0564807
v -0.0893913 0.144809 0.0589691
v -0.0922897 0.135857 0.0598507
v 0.101786 -0.00842378 0.20545
v 0.0331164 -0.0467053 0.217194
v -0.0697313 -0.088123 0.180744
v 0.298598 -0.26389 0.165452
v 0.304543 -0.265331 0.179905
v 0.314308 -0.270807 0.186062
v 0.33009 -0.274948 0.194058
v 0.337613 -0.277345 0.181185
v 0.330685 -0.278687 0.174571
v 0.323792 -0.275265 0.171257
v 0.318011 -0.275415 0.167618
v -0.00525202 -0.0170038 0.222589
v -0.026962 -0.0193745 0.209008
v 0.0495364 0.0475516 0.228989
v 0.177963 -0.170217 0.178027
v -0.186915 0.0817262 0.105412
v 0.117866 -0.175284 0.174315
v 0.169916 -0.292028 0.137635
v 0.171635 -0.277663 0.141178
v 0.306556 -0.271781 0.162728
v 0.313792 -0.27122 0.169412
v 0.319828 -0.272101 0.172957
v 0.331498 -0.274385 0.178955
v 0.318873 -0.270171 0.180297
v 0.306325 -0.267008 0.169582
v 0.327269 -0.278378 0.171835
v 0.327192 -0.280103 0.180752
v 0.328366 -0.280704 0.185844
v 0.336202 -0.281048 0.193041
v 0.341256 -0.276528 0.188861
v 0.320563 -0.271911 0.187338
v 0.310368 -0.268538 0.184301
v 0.337962 -0.278803 0.197231
v 0.30038 -0.276077 0.158724
v -0.0195505 -0.0388199 0.215802
v 0.0636264 0.0474785 0.210117
v -0.126231 -0.214641 0.129015
v 0.0339903 -0.0444084 0.219135
v -0.102587 -0.243238 0.137468
v -0.00886741 -0.16126 0.176755
v 0.16883 -0.240935 0.162275
v 0.31086 -0.279008 0.164247
v 0.0031549 0.025097 0.223165
v 0.0830318 0.0252462 0.209888
v 0.0250764 -0.0484407 0.218259
v 0.0283649 -0.0339853 0.224984
v 0.0500549 -0.095303 0.218288
v 0.334388 -0.278715 0.177728
v 0.340979 -0.278341 0.193165
v -0.0881351 0.159302 0.0602722
v 0.0659018 0.0392032 0.222614
v 0.224808 -0.218328 0.159161
v 0.0262311 -0.0641299 0.209708
v 0.0424018 -0.0390553 0.231491
v 0.124246 -0.169611 0.186035
v 0.312722 -0.268363 0.17601
v -0.140234 0.1858 0.0933537
v -0.0667043 -0.244061 0.145145
v -0.149781 0.139086 0.121375
v -0.093179 0.16903 0.0554922
v -0.095219 0.179152 0.0703014
v 0.0188495 0.0187524 0.232527
v 0.108689 -0.0219984 0.202138
v -0.165112 0.0909862 0.111661
v 0.183349 -0.303072 0.143061
v 0.190876 -0.300704 0.159148
v 0.174726 -0.289865 0.144728
v 0.19871 -0.300353 0.165132
v -0.0367205 -0.0394145 0.204467
v 0.123773 -0.0687569 0.216008
v 0.129763 -0.064133 0.201097
v 0.16307 -0.142216 0.183684
v 0.0244664 -0.0561807 0.214645
v 0.0186549 -0.0617784 0.214571
v -0.00585741 -0.0834284 0.211545
v -0.0408113 -0.225321 0.153074
v 0.148486 -0.184184 0.185595
v 0.133761 -0.183173 0.179948
v 0.291913 -0.259848 0.174755
v -0.0889513 0.159554 0.0543583
v -0.0928251 0.14123 0.0619291
v -0.095472 0.133142 0.0626883
v -0.0970867 0.129459 0.0636745
v 0.0419695 0.0162824 0.236961
v 0.0311311 0.00108853 0.232142
v 0.0615595 0.0107139 0.235865
v 0.245715 -0.251434 0.185378
v 0.241916 -0.23557 0.174724
v 0.0137226 -0.0509707 0.219275
v 0.168416 -0.163471 0.187158
v 0.00677644 -0.0673807 0.215369
v 0.0504864 -0.0462099 0.234281
v 0.0561057 -0.0353676 0.235228
v -0.142554 0.0709447 0.103271
v -0.12858 0.0936316 0.10398
v -0.026602 -0.181121 0.169661
v 0.0656318 -0.0937846 0.226358
v 0.173943 -0.254855 0.157158
v 0.325606 -0.272671 0.178115
v 0.329422 -0.272316 0.185545
v 0.336675 -0.273044 0.187737
v -0.089869 0.151379 0.0634068
v -0.0843874 0.167695 0.0742999
v -0.0885851 0.154839 0.0610876
v -0.0882682 0.164302 0.0635322
v -0.092159 0.14893 0.0631676
v 0.0552749 0.0298847 0.235807
v 0.103078 -0.0296799 0.223752
v 0.122155 -0.0497153 0.208622
v -0.089479 -0.228553 0.146835
v 0.185926 -0.180221 0.171561
v 0.0548534 -0.060163 0.234247
v 0.337996 -0.274535 0.193922
v 0.0722834 -0.0220038 0.234407
v 0.0495564 -0.00651608 0.234588
v 0.0683949 -0.0455845 0.235629
v -0.146061 0.111506 0.119758
v -0.137651 0.112256 0.121125
v -0.140995 0.116704 0.120555
v -0.135929 0.107912 0.119857
v 0.169626 -0.200278 0.180664
v 0.122385 -0.116467 0.212528
v 0.17293 -0.303193 0.138791
v -0.0649074 -0.0675461 0.180604
v -0.0869805 -0.118268 0.166219
v 0.2538 -0.239011 0.172929
v -0.162081 0.174292 0.0956737
v 0.0333626 -0.0277484 0.228335
v 0.0313587 -0.0156076 0.229994
v -0.0178974 -0.197755 0.160111
v 0.132639 -0.157658 0.196411
v -0.0686713 -0.111158 0.183591
v 0.0723364 -0.0026207 0.233371
v 0.17626 -0.266538 0.150319
v 0.199338 -0.258383 0.173391
v 0.183916 -0.29005 0.153741
v -0.0722797 -0.153085 0.173448
v 0.114965 -0.0351538 0.209845
v -0.038282 -0.163201 0.178267
v -0.142147 0.101722 0.114927
v -0.136787 0.105282 0.11685
v -0.141074 0.107362 0.119108
v -0.160289 0.104694 0.114688
v -0.174194 0.104003 0.109985
v -0.166484 0.104193 0.112734
v 0.0710264 -0.0741053 0.233345
v 0.29686 -0.263708 0.181162
v -0.0582474 -0.172325 0.170728
v -0.0207989 -0.141775 0.188088
v -0.132784 0.100189 0.114005
v 0.141461 -0.170765 0.191177
v 0.212201 -0.242097 0.179115
v 0.190375 -0.206038 0.176361
v 0.161222 -0.186638 0.185991
v 0.18301 -0.221581 0.176834
v 0.17862 -0.297353 0.149148
v 0.0963211 -0.00673301 0.219724
v 0.111488 -0.0912361 0.220671
v 0.14766 -0.128103 0.199871
v -0.0482282 -0.146125 0.183741
v 0.079128 -0.0590415 0.233807
v 0.185456 -0.29905 0.155155
v 0.113842 -0.075033 0.222667
v 0.202995 -0.229155 0.176188
v 0.177205 -0.186061 0.182661
v 0.18768 -0.265497 0.163041
v 0.33349 -0.276391 0.197525
v 0.324292 -0.281234 0.191295
v 0.324786 -0.27408 0.191088
v 0.125536 -0.0989499 0.214968
v 0.143469 -0.114251 0.202172
v 0.153772 -0.149338 0.196105
v 0.216663 -0.266643 0.182749
v 0.237048 -0.266158 0.192158
v 0.218025 -0.280334 0.183295
v -0.0957551 0.18346 0.0795807
v -0.029032 -0.088293 0.207754
v 0.0954164 -0.0503315 0.230859
v 0.102156 -0.111985 0.215181
v -0.117214 0.18945 0.0903784
v -0.0843451 0.159929 0.0681676
v -0.0851797 0.179617 0.0854368
v -0.057402 0.186105 0.107251
v -0.0798451 0.162662 0.0662353
v -0.0887751 0.138193 0.0651168
v -0.0935813 0.128866 0.0702791
v -0.0921205 0.124707 0.0756737
v -0.062339 0.186577 0.0917053
v -0.0597874 0.173946 0.0672114
v -0.0435566 0.173307 0.129618
v 0.00306567 0.195226 0.126674
v 0.0620288 0.204377 0.146205
v 0.0635734 0.182209 0.143308
v 0.115089 0.213363 0.147509
v 0.144262 0.205613 0.125712
v 0.107826 0.181679 0.131328
v -0.083102 0.15044 0.0621107
v -0.0746413 0.163589 0.0642545
v -0.046822 -0.126351 0.191034
v -0.162727 0.114482 0.114042
v -0.154495 0.121255 0.117577
v -0.132187 0.120486 0.122795
v 0.193993 -0.295405 0.162597
v 0.199542 -0.294516 0.166898
v 0.31458 -0.270064 0.197042
v -0.0842474 0.171592 0.0786253
v -0.0788713 0.174053 0.0778122
v -0.0770574 0.168757 0.0703691
v -0.097822 0.18521 0.107915
v -0.0183136 -0.122996 0.19641
v 0.102658 -0.0703584 0.227149
v 0.192486 -0.242658 0.176488
v 0.203348 -0.289805 0.170771
v 0.216161 -0.289291 0.180981
v 0.329432 -0.281125 0.193275
v 0.111856 -0.0529369 0.223338
v 0.198143 -0.280074 0.167281
v 0.310222 -0.267351 0.190972
v 0.290496 -0.265348 0.188294
v 0.27064 -0.267494 0.197234
v 0.27464 -0.273161 0.211035
v -0.0746351 0.180196 0.0838637
v -0.153428 0.110016 0.117312
v 0.317633 -0.281898 0.200908
v 0.314456 -0.282147 0.195871
v 0.223693 -0.258055 0.185975
v 0.324006 -0.279887 0.199037
v 0.209438 -0.286945 0.175824
v 0.259553 -0.268258 0.199015
v -0.0941851 0.187559 0.0908122
v -0.107127 0.10219 0.110098
v -0.0730782 0.12757 0.0771483
v -0.114854 0.0995062 0.104248
v -0.0939736 0.115502 0.0857653
v -0.109544 0.103666 0.0955999
v -0.0667766 0.165315 0.0630476
v -0.023112 0.179975 0.0714076
v 0.0140918 0.187265 0.0797045
v -0.000292024 0.168655 0.0723576
v -0.0219105 0.130976 0.0876922
v -0.0847866 0.110567 0.0918007
v -0.0690236 0.109759 0.107658
v -0.0751236 0.154365 0.0617868
v -0.0554297 0.161627 0.0629483
v -0.124582 0.107989 0.119828
v -0.0422582 0.17777 0.0697991
v 0.217925 -0.296444 0.180918
v -0.0850474 0.106275 0.104371
v 0.306663 -0.267705 0.198277
v -0.0407336 0.128892 0.0820084
v -0.0722197 0.114639 0.0884314
v 0.319552 -0.279631 0.204671
v -0.0713936 0.175347 0.0739376
v -0.0978413 0.161392 0.126921
v 0.226309 -0.279315 0.189779
v 0.309333 -0.277071 0.206492
v 0.305678 -0.282897 0.209477
v 0.314716 -0.280225 0.204579
v 0.310935 -0.281908 0.207565
v 0.230175 -0.287143 0.193885
v -0.056502 0.116982 0.0907184
v 0.302813 -0.272715 0.206969
v -0.0741236 0.1843 0.0935668
v -0.057432 0.129715 0.0770476
v -0.130291 0.133132 0.125887
v -0.0883913 0.185982 0.103167
v 0.264241 -0.272958 0.208559
v 0.267078 -0.27686 0.216815
v 0.272941 -0.27783 0.220831
v -0.041192 0.160926 0.0653368
v -0.00587356 0.186609 0.0760337
v -0.128205 0.113819 0.122121
v -0.00750664 0.146579 0.132985
v -0.0864782 0.183059 0.110591
v -0.11975 0.167317 0.122797
v -0.0968613 0.1233 0.126871
v -0.0822743 0.186412 0.0995284
v -0.046912 0.189722 0.0898522
v -0.0317336 0.195104 0.102338
v 0.00255336 0.200767 0.107731
v -0.048219 0.145082 0.0688545
v -0.114837 0.122843 0.125959
v -0.0997036 0.176114 0.118798
v 0.255925 -0.280118 0.210858
v -0.0579205 0.182893 0.0774199
v -0.0818166 0.112037 0.120095
v 0.291803 -0.285548 0.213638
v 0.276486 -0.283055 0.222244
v 0.287142 -0.276897 0.215841
v 0.283158 -0.277136 0.217967
v 0.294835 -0.279511 0.215329
v -0.0506182 0.113807 0.105348
v 0.285576 -0.285385 0.217152
v 0.275589 -0.290348 0.212355
v 0.27833 -0.288745 0.218715
v 0.263343 -0.292935 0.207719
v 0.254513 -0.289213 0.211548
v -0.0292505 0.145155 0.0737391
v -0.0212451 0.161822 0.0692176
v 0.281436 -0.285835 0.220827
v 0.271971 -0.286248 0.220251
v -0.108627 0.109219 0.120319
v -0.0147774 0.196625 0.0914707
v -0.0732005 0.182347 0.110034
v -0.062032 0.156299 0.131508
v -0.0827466 0.151939 0.128997
v -0.0720351 0.139003 0.131198
v -0.0317582 0.120805 0.115748
v -0.0836413 0.171805 0.120574
v -0.0557382 0.133989 0.131648
v -0.0499982 0.118 0.120315
v -0.014242 0.12648 0.103674
v -0.0711036 0.169714 0.122222
v -0.00968664 0.143895 0.0803114
v -0.0103482 0.190729 0.125295
v 0.00518798 0.1449 0.0856607
v -0.065549 0.117112 0.122938
v 0.0157649 0.158847 0.0795784
v 0.0541911 0.171366 0.0878653
v 0.00332259 0.196906 0.0884053
v -0.0421774 0.154402 0.135751
v -0.00727126 0.176505 0.134837
v -0.0572105 0.175179 0.121557
v 0.0204834 0.204264 0.108349
v 0.0370964 0.217329 0.121821
v 0.061068 0.235442 0.127437
v 0.0945049 0.223907 0.0970245
v 0.130589 0.199663 0.100605
v 0.15442 0.250833 0.0981653
v 0.119435 0.259425 0.124982
v 0.145166 0.260325 0.142399
v 0.154783 0.2786 0.123744
v 0.158886 0.264565 0.101521
v 0.181979 0.260172 0.100648
v 0.193863 0.257013 0.103005
v 0.210316 0.265952 0.104399
v 0.218288 0.314306 0.104782
v 0.248062 0.331533 0.130109
v 0.259019 0.34588 0.145248
v 0.253989 0.352482 0.157038
v 0.248172 0.351355 0.161137
v 0.2361 0.357169 0.163382
v 0.225931 0.357429 0.156284
v 0.22034 0.340722 0.174638
v 0.207516 0.340469 0.155041
v 0.198873 0.338643 0.147328
v 0.201921 0.344735 0.150324
v 0.201443 0.352862 0.146635
v 0.0232318 0.175732 0.0778183
v 0.0333687 0.191985 0.0885807
v 0.0980495 0.193179 0.0919522
v 0.114911 0.180412 0.112318
v 0.0854064 0.1611 0.117764
v 0.100579 0.170653 0.110088
v 0.0321964 0.148312 0.0988676
v 0.0479426 0.149459 0.121831
v -0.0408113 0.187312 0.114839
v 0.0332849 0.145915 0.125131
v 0.0267364 0.15033 0.132841
v 0.0413557 0.179695 0.0836253
v 0.0760549 0.178005 0.0905507
v -0.0178774 0.131597 0.124275
v 0.0411503 0.204012 0.104058
v 0.0760926 0.220229 0.100499
v 0.0730057 0.23666 0.114557
v 0.0494549 0.217122 0.11128
v 0.00115644 0.139225 0.126875
v 0.033288 0.21 0.111935
v 0.0202011 0.197842 0.0941799
v -0.000843563 0.133659 0.117208
v 0.0158349 0.139989 0.118958
v -0.0269005 0.176692 0.131654
v 0.00340028 0.135419 0.102294
v 0.0134018 0.202422 0.124044
v 0.0448164 0.153992 0.133911
v 0.0476864 0.150549 0.108222
v 0.0501264 0.196596 0.0947014
v 0.0606649 0.209472 0.101135
v 0.0613364 0.187655 0.0893907
v 0.076038 0.201289 0.0929191
v 0.102166 0.244095 0.105791
v 0.152139 0.272783 0.110904
v 0.164529 0.281773 0.113231
v 0.200106 0.267709 0.102131
v 0.221526 0.273619 0.105651
v 0.237441 0.294789 0.104431
v 0.232719 0.312093 0.105068
v 0.226048 0.336905 0.121495
v 0.213093 0.343682 0.123951
v 0.235332 0.329355 0.123665
v 0.23711 0.343052 0.135077
v 0.222418 0.34843 0.138508
v 0.226829 0.327705 0.110914
v 0.214295 0.336622 0.115397
v 0.202778 0.337786 0.123432
v 0.194623 0.308429 0.121431
v 0.174876 0.287953 0.131395
v 0.173556 0.275217 0.136549
v 0.160889 0.23348 0.137481
v 0.0949426 0.215046 0.149792
v 0.0412949 0.219077 0.135402
v 0.23582 0.324035 0.116582
v 0.0484234 0.226695 0.123091
v 0.061698 0.226466 0.111424
v 0.047528 0.157765 0.0940276
v 0.0949964 0.207417 0.0924868
v 0.111776 0.217076 0.0914737
v 0.0238926 0.208737 0.125551
v 0.0106518 0.187012 0.135295
v 0.108986 0.253709 0.115741
v 0.115005 0.235065 0.0957768
v 0.160543 0.223662 0.10437
v 0.0875595 0.237665 0.107181
v 0.163746 0.280809 0.131935
v 0.0965988 0.250497 0.126221
v -0.0213613 0.154246 0.135474
v 0.0118018 0.147677 0.132334
v 0.202813 0.352512 0.137891
v 0.207936 0.358485 0.143071
v 0.218179 0.362717 0.144024
v 0.24464 0.349973 0.143871
v 0.242506 0.356185 0.157987
v 0.254402 0.354069 0.152285
v 0.24951 0.332283 0.166028
v 0.242332 0.315979 0.170841
v 0.227198 0.327652 0.175342
v 0.239905 0.350139 0.165867
v 0.195749 0.345462 0.140152
v 0.200936 0.323334 0.133181
v 0.203393 0.336945 0.152515
v 0.213502 0.336295 0.172185
v 0.220982 0.348459 0.158447
v 0.218135 0.34493 0.153041
v 0.207628 0.331925 0.162475
v 0.204381 0.346832 0.130075
v 0.0322026 0.209877 0.136821
v 0.20848 0.34501 0.153082
v 0.214645 0.348675 0.153854
v 0.222511 0.353822 0.159048
v 0.220035 0.348069 0.153671
v 0.213216 0.344559 0.154032
v 0.1968 0.335769 0.137245
v 0.0846626 0.228653 0.148958
v 0.2127 0.363509 0.149104
v 0.238975 0.351105 0.143601
v 0.207242 0.35237 0.153475
v 0.131963 0.262552 0.132449
v 0.0350234 0.163436 0.139574
v 0.0876657 0.188336 0.0909991
v 0.210743 0.359589 0.154007
v 0.219671 0.351383 0.156295
v 0.219808 0.357582 0.156644
v 0.232919 0.357705 0.155011
v 0.0179618 0.16112 0.13857
v 0.0212918 0.178673 0.13963
v 0.0300457 0.143974 0.113704
v 0.00128028 0.161943 0.137392
v 0.215748 0.353852 0.156718
v 0.0814018 0.244442 0.126517
v 0.145266 0.270427 0.131001
v 0.218952 0.353629 0.138974
v 0.218049 0.347045 0.168991
v 0.067008 0.221783 0.146971
v 0.137659 0.267187 0.117048
v 0.206206 0.344239 0.125988
v 0.111578 0.19298 0.0942768
v 0.224779 0.352593 0.169501
v 0.201206 0.326819 0.144525
v 0.206583 0.321022 0.151275
v 0.213749 0.313947 0.152278
v 0.230953 0.319195 0.173424
v 0.19913 0.342727 0.130068
v 0.20034 0.315416 0.126658
v 0.124883 0.253749 0.104388
v 0.219926 0.33215 0.177344
v 0.232279 0.351713 0.169115
v 0.212282 0.341797 0.161791
v 0.0936826 0.243405 0.142984
v 0.0730226 0.237475 0.139342
v 0.0668764 0.162332 0.0967037
v 0.10718 0.233129 0.150151
v 0.127249 0.254325 0.142641
v 0.15749 0.269553 0.137995
v 0.0533118 0.225835 0.138761
v 0.213326 0.348976 0.133497
v 0.0272134 0.196809 0.139855
v 0.21925 0.323315 0.172818
v 0.22976 0.336215 0.173218
v 0.11008 0.25137 0.140295
v 0.142353 0.260335 0.103405
v 0.212939 0.321115 0.162021
v 0.0792418 0.202769 0.146429
v 0.0461626 0.209229 0.144932
v 0.227129 0.353535 0.138708
v 0.212898 0.327669 0.170731
v 0.227036 0.345334 0.172674
v 0.212989 0.354595 0.13786
v 0.222442 0.343419 0.131324
v 0.206825 0.330272 0.115747
v 0.209098 0.301483 0.104145
v 0.201629 0.323433 0.12093
v 0.19002 0.30202 0.127938
v 0.170091 0.252302 0.0992691
v 0.153933 0.23554 0.0966653
v 0.0481718 0.193652 0.144208
v 0.178008 0.283899 0.107275
v 0.0917495 0.173872 0.0972614
v 0.0377595 0.181989 0.142375
v 0.106532 0.181573 0.0988022
v 0.206813 0.279207 0.131381
v 0.217576 0.26785 0.109258
v 0.20984 0.276299 0.102222
v 0.186708 0.299699 0.118378
v 0.224696 0.358375 0.140375
v 0.0508295 0.167947 0.141035
v 0.218216 0.303722 0.144675
v 0.169945 0.288245 0.121531
v 0.23046 0.344516 0.136631
v 0.0810618 0.161965 0.103955
v 0.241582 0.331657 0.171181
v 0.250269 0.343055 0.164102
v 0.250061 0.35599 0.155681
v 0.258808 0.349502 0.151888
v 0.180465 0.295299 0.125628
v 0.182248 0.292222 0.113197
v 0.207342 0.310209 0.139138
v 0.234833 0.312312 0.167121
v 0.199543 0.30578 0.132091
v 0.216128 0.325963 0.108662
v 0.22387 0.299014 0.102105
v 0.229676 0.286905 0.104105
v 0.206353 0.318192 0.113621
v 0.234466 0.356712 0.145698
v 0.230353 0.357879 0.142281
v 0.233205 0.354719 0.139141
v 0.229125 0.349015 0.139692
v 0.182733 0.245907 0.103991
v 0.237852 0.341842 0.168961
v 0.203466 0.309184 0.110761
v 0.19512 0.301653 0.111762
v 0.236562 0.354223 0.142188
v 0.238536 0.32468 0.174142
v 0.195176 0.285219 0.134045
v 0.187926 0.293022 0.133201
v 0.246556 0.354279 0.150472
v 0.0839688 0.167129 0.134095
v 0.0729195 0.156242 0.126644
v 0.234118 0.348796 0.141502
v 0.23871 0.346999 0.139667
v 0.242423 0.336219 0.132138
v 0.252083 0.321843 0.127402
v 0.251866 0.31516 0.125265
v 0.243983 0.316005 0.116521
v 0.25477 0.310195 0.121284
v 0.263806 0.311233 0.134295
v 0.265481 0.303269 0.138134
v 0.266451 0.304643 0.147514
v 0.256231 0.311752 0.163765
v 0.249338 0.320706 0.167684
v 0.123672 0.240363 0.149248
v 0.223572 0.315843 0.165502
v 0.21184 0.294535 0.135671
v 0.222081 0.284932 0.130274
v 0.24752 0.290132 0.135899
v 0.261299 0.304417 0.158359
v 0.170556 0.238067 0.101758
v 0.161452 0.218257 0.118521
v 0.189383 0.254955 0.130488
v 0.212526 0.267626 0.121932
v 0.194979 0.25021 0.121204
v 0.0986488 0.17091 0.126177
v 0.125158 0.187952 0.119415
v 0.252589 0.350077 0.146711
v 0.26621 0.338589 0.145111
v 0.267375 0.331269 0.15107
v 0.272126 0.330115 0.141402
v 0.267816 0.314707 0.138918
v 0.258149 0.320012 0.129328
v 0.264732 0.330545 0.134805
v 0.246863 0.343766 0.139042
v 0.0684111 0.16566 0.140085
v 0.257593 0.338495 0.138061
v 0.27049 0.324249 0.137048
v 0.263926 0.318839 0.135631
v 0.23437 0.335932 0.128208
v 0.193956 0.285656 0.104251
v 0.183525 0.28194 0.134922
v 0.168309 0.262209 0.140219
v 0.129665 0.225459 0.147985
v 0.137026 0.197489 0.116641
v 0.158541 0.249933 0.143517
v 0.20176 0.295159 0.135038
v 0.25862 0.337712 0.158808
v 0.244443 0.320559 0.124765
v 0.243255 0.305025 0.106554
v 0.260621 0.297162 0.129337
v 0.241425 0.329042 0.12834
v 0.252383 0.302794 0.159238
v 0.257956 0.294912 0.140145
v 0.141436 0.247503 0.147158
v 0.145343 0.233016 0.145122
v 0.257833 0.298925 0.151182
v 0.187416 0.272752 0.101731
v 0.101793 0.194712 0.142498
v 0.239102 0.306362 0.160351
v 0.232923 0.299406 0.147607
v 0.229605 0.306706 0.156084
v 0.265316 0.343772 0.148929
v 0.264639 0.340472 0.153351
v 0.262085 0.322567 0.157234
v 0.256825 0.328744 0.130725
v 0.179029 0.257005 0.137078
v 0.205328 0.288639 0.103462
v 0.136803 0.211782 0.137715
v 0.268178 0.333823 0.140608
v 0.171953 0.230322 0.125248
v 0.12382 0.197639 0.134745
v 0.217146 0.287889 0.102385
v 0.24651 0.308492 0.165367
v 0.268916 0.319345 0.151455
v 0.27022 0.312627 0.145651
v 0.220818 0.27991 0.102985
v 0.239179 0.293365 0.139924
v 0.226583 0.294052 0.137359
v 0.153796 0.219185 0.131814
v 0.246246 0.297953 0.150479
v 0.250558 0.308123 0.114429
v 0.247153 0.28831 0.11403
v 0.243349 0.284887 0.117502
v 0.202503 0.255887 0.109907
v 0.1738 0.230739 0.111141
v 0.192316 0.247319 0.110267
v 0.183738 0.239217 0.118057
v 0.259765 0.315729 0.134245
v 0.256403 0.314606 0.129672
v 0.176451 0.242606 0.132431
v 0.262283 0.324612 0.130242
v 0.21011 0.260872 0.113449
v 0.232856 0.280335 0.117661
v 0.229606 0.278609 0.108707
v 0.223135 0.27283 0.115049
v 0.264175 0.311722 0.157158
v 0.220858 0.276765 0.124189
v 0.201353 0.263435 0.12699
v 0.233901 0.285957 0.128537
v 0.257076 0.300139 0.120265
v 0.238686 0.285465 0.109774
v 0.242471 0.28587 0.124577
v 0.260516 0.308272 0.127485
v 0.248748 0.29545 0.110814
v 0.252889 0.29022 0.119741
v 0.252783 0.289109 0.128232
v -0.180637 0.459972 -0.0850647
v -0.197047 0.42823 -0.0942524
v -0.127834 0.37666 -0.0980786
v -0.197324 0.425577 -0.0907878
v -0.195304 0.420219 -0.0858001
v -0.187689 0.435969 -0.0759624
v -0.189842 0.43105 -0.0794094
v -0.144407 0.386619 -0.0960147
v -0.201177 0.439237 -0.0931209
v -0.196908 0.432259 -0.0881232
v -0.195327 0.453293 -0.0848086
v -0.194941 0.428093 -0.0867886
v -0.165784 0.430594 -0.0782555
v -0.169732 0.429122 -0.0816694
v -0.169122 0.42567 -0.0794532
v -0.172574 0.423436 -0.0806578
v -0.169425 0.421756 -0.0771586
v -0.165089 0.42454 -0.0756217
v 0.32752 -0.290314 -0.137759
v 0.417392 -0.279838 -0.124472
v 0.439828 -0.288221 -0.128939
v 0.435796 -0.288675 -0.137029
v 0.439463 -0.26822 -0.137166
v 0.386153 -0.28206 -0.192208
v 0.3188 -0.293072 -0.175049
v 0.457222 -0.282958 -0.144715
v 0.457778 -0.280958 -0.140929
v 0.455299 -0.277888 -0.139763
v 0.420536 -0.287181 -0.126956
v 0.466275 -0.282398 -0.132492
v 0.353572 -0.283883 -0.181059
v 0.345301 -0.285414 -0.178509
v 0.294603 -0.301974 -0.145659
v 0.43388 -0.281531 -0.123998
v 0.296466 -0.298745 -0.164826
v 0.45204 -0.280123 -0.138326
v 0.453116 -0.28449 -0.148193
v 0.415956 -0.290286 -0.135188
v 0.406676 -0.29063 -0.144399
v 0.417068 -0.290255 -0.152956
v 0.451506 -0.283551 -0.154276
v 0.373346 -0.287247 -0.177709
v 0.361389 -0.283895 -0.183052
v 0.370693 -0.28801 -0.163719
v 0.36249 -0.286527 -0.15447
v 0.310989 -0.298356 -0.140913
v 0.311565 -0.299165 -0.152126
v 0.464639 -0.281058 -0.126781
v 0.427409 -0.284561 -0.125176
v 0.420225 -0.264043 -0.144748
v 0.408329 -0.289673 -0.161968
v 0.292536 -0.30274 -0.150453
v 0.433353 -0.287251 -0.125263
v 0.349152 -0.288661 -0.166251
v 0.321511 -0.295908 -0.147338
v 0.378956 -0.284544 -0.187478
v 0.30715 -0.296343 -0.169536
v 0.408033 -0.289065 -0.131376
v 0.411386 -0.285891 -0.183232
v 0.446371 -0.287607 -0.129486
v 0.325546 -0.294318 -0.165102
v -0.110722 0.162624 -0.130936
v -0.12026 0.129405 -0.170795
v -0.1136 0.146896 -0.132362
v -0.0836143 0.17154 -0.160968
v -0.119587 0.115645 -0.149626
v -0.116679 0.144362 -0.140449
v -0.117805 0.135492 -0.144873
v -0.118385 0.133532 -0.178912
v -0.187278 0.178756 -0.132088
v -0.154832 0.150447 -0.0868524
v -0.198334 0.343276 -0.00837781
v -0.174111 0.345604 -0.0380786
v -0.210581 0.341235 -0.00677781
v -0.192057 0.330212 0.0220807
v -0.203355 0.346642 -0.0219878
v -0.232371 0.326812 -0.0541978
v 0.0020649 -0.261833 0.00430988
v -0.0571836 -0.13814 0.0534553
v -0.0523205 -0.143106 0.0481983
v -0.042919 -0.145468 0.0434945
v 0.0110057 -0.244664 -0.0238309
v -0.0407374 -0.147351 0.0412814
v -0.0528251 -0.138651 0.0512068
v 0.0174664 -0.213001 -0.0131755
v -0.0073851 -0.169721 0.0205476
v 0.014918 -0.227524 -0.0226817
v 0.0193034 -0.223997 0.00253373
v -0.12126 0.180526 -0.0465363
v -0.077539 -0.146477 0.0599653
v -0.15019 0.147039 0.00665834
v -0.175859 0.221739 0.0218114
v 0.232443 -0.293072 0.194211
v 0.179916 -0.293295 0.108467
v 0.340471 -0.278004 0.184831
v 0.214136 -0.296798 0.1784
v 0.216622 -0.298703 0.175158
v 0.287423 -0.279804 0.155408
v 0.2875 -0.284135 0.174311
v 0.289532 -0.286344 0.185192
v 0.301096 -0.286281 0.200922
v 0.26851 -0.279761 0.151601
v 0.206316 -0.286787 0.111629
v 0.244928 -0.294147 0.201067
v 0.194868 -0.302638 0.157492
v 0.186921 -0.300445 0.134985
v 0.194683 -0.296403 0.127105
v 0.203258 -0.297818 0.145097
v 0.198502 -0.297464 0.13698
v 0.213836 -0.295854 0.151592
v 0.204839 -0.293587 0.129119
v 0.235513 -0.291301 0.164469
v 0.230623 -0.289378 0.150998
v 0.240913 -0.292525 0.174432
v 0.241393 -0.294383 0.185575
v 0.213278 -0.283945 0.115621
v 0.32374 -0.278845 0.170702
v 0.321586 -0.279654 0.174938
v 0.317949 -0.279443 0.171738
v 0.325556 -0.279617 0.176121
v 0.323015 -0.280798 0.184957
v 0.322516 -0.280214 0.179931
v 0.197796 -0.293264 0.118158
v 0.186055 -0.295833 0.115971
v 0.254019 -0.293708 0.206517
v 0.279556 -0.270931 0.203595
v 0.30173 -0.285074 0.185498
v 0.30712 -0.282151 0.175895
v 0.301466 -0.282487 0.173731
v 0.303328 -0.283748 0.179742
v 0.28522 -0.281861 0.163392
v 0.29796 -0.28066 0.166442
v 0.294436 -0.279614 0.159204
v 0.190506 -0.290215 0.103905
v -0.0859636 0.143776 0.0633483
v -0.126585 0.098827 0.111971
v -0.105124 0.108965 0.0866684
v -0.100254 0.121077 0.0719814
v -0.106649 0.111722 0.0746368
v -0.0777582 0.14237 0.0659622
v -0.0665451 0.13931 0.0693807
v -0.101744 0.121489 0.0661676
v -0.097079 0.127812 0.0673591
v -0.101309 0.116232 0.0787237
v -0.103725 0.116429 0.0722683
v -0.0996705 0.123609 0.0684276
v -0.109784 0.107075 0.0755722
v -0.112111 0.103206 0.0786307
v 0.316306 -0.271423 0.190939
v 0.221551 0.353196 0.165589
v 0.224536 0.361433 0.147854
v 0.169929 0.272177 0.102444
v 0.239 0.35428 0.149174
v 0.199658 0.313377 0.117361
v 0.219283 0.363252 0.151784
v 0.272295 0.324199 0.145687
v 0.257423 0.345487 0.157417
v 0.200976 0.348479 0.132869
v 0.227356 0.357096 0.163189
v 0.198758 0.332729 0.128519
v 0.217393 0.344042 0.157517
v 0.21827 0.347819 0.163288
v 0.256945 0.328789 0.161751
v 0.169343 -0.300825 0.128469
v 0.366681 -0.283928 -0.145448
v 0.371161 -0.282693 -0.141119
v 0.350563 -0.275867 -0.134999
v 0.35921 -0.280473 -0.1414
v 0.0209649 -0.197505 -0.0216086
v 0.00496182 -0.1717 0.0276945
v 0.00803798 -0.17508 0.0224114
v 0.0176364 -0.175947 -0.0264478
v -0.00103433 -0.172447 0.0060645
v 0.00135105 -0.178785 0.0125276
v 0.00284259 -0.179475 0.0046845
v 0.00131644 -0.176307 -0.00453243
v 0.0206818 -0.182567 -0.0224878
v 0.00735567 -0.185043 0.00570373
v 0.00811644 -0.192773 0.0258299
v 0.0168134 -0.210701 9.98795e-05
v 0.0135095 -0.186771 0.0087668
v 0.0112095 -0.182121 0.0134407
v 0.0137718 -0.198673 0.00802219
v 0.0133757 -0.185614 0.0153114
v 0.0110126 -0.18177 0.0233376
v 0.0106611 -0.17873 0.0179214
v 0.00589259 -0.183185 -0.00373935
v 0.0076549 -0.183497 -0.0120994
v 0.0100657 -0.189103 0.0206007
v 0.00726259 -0.184911 0.0115153
v 0.0117057 -0.186641 -0.0014832
v 0.0104864 -0.185101 -0.00764858
v 0.0101434 -0.181373 -0.0181832
v 0.0117011 -0.193375 0.0144653
v 0.010658 -0.206 0.0158583
v 0.0207826 -0.190644 -0.0149224
v 0.0196203 -0.199664 -0.00919474
v 0.018158 -0.189828 -0.00489166
v 0.0156549 -0.191241 0.00458911
v 0.0169964 -0.184153 -0.0131117
v 0.0171118 -0.197745 -8.93513e-05
v -0.0678966 0.370286 -0.113959
v -0.0938505 -0.160843 -0.116166
v -0.0662974 -0.127481 0.0091945
v -0.0649313 -0.129461 0.0131853
v -0.0673843 -0.127533 0.0156037
v -0.086792 -0.135844 0.0575314
v -0.0893813 -0.137145 0.0609245
v -0.076009 -0.135548 0.0463091
v -0.077999 -0.133004 0.0469183
v -0.0734136 -0.133227 0.0415253
v -0.0742751 -0.133463 0.0428322
v -0.0751966 -0.133335 0.0439145
v -0.0740736 -0.133438 0.0434268
v -0.134341 -0.172811 0.102864
v -0.132644 -0.172535 0.105275
v -0.100514 -0.143701 0.0704468
v 0.0476857 -0.0632469 0.164798
v 0.0492188 -0.060713 0.163421
v -0.086562 0.161872 0.0701483
v 0.129813 0.221299 0.0928199
v 0.144922 0.219626 0.0973607
v -0.063012 0.361502 -0.11515
v -0.088169 -0.13841 0.0582376
v -0.0956774 -0.158987 -0.110581
v -0.10314 -0.165285 -0.116262
v -0.0649313 -0.129461 0.0131853
v -0.0758251 -0.134351 -0.0646663
v -0.0655313 -0.132196 0.0152014
v -0.0889443 -0.139308 0.0586422
v -0.132644 -0.172535 0.105275
v -0.0754951 -0.131253 0.0431083
v -0.077999 -0.133004 0.0469183
v -0.0857405 -0.137703 0.0568799
v -0.0743266 -0.133421 0.0427045
v -0.0985836 -0.138401 0.0714937
v -0.090372 -0.143517 0.0639476
v -0.131507 -0.169665 0.103868
v 0.0494334 -0.0607538 0.156221
v -0.0918382 -0.141345 0.0661537
v -0.100558 -0.148207 0.0736168
v -0.106645 -0.148615 0.0805937
v -0.109821 -0.151837 0.0831114
v 0.049698 -0.0617053 0.162119
v -0.0838605 0.164059 0.0716537
v -0.082072 0.156662 0.0634291
v 0.117803 0.203759 0.0924514
v 0.136511 0.241439 0.0961984
v 0.147992 0.208735 0.109364
v 0.189976 0.270049 0.134402
f 1 2 64
f 1 64 35
f 2 138 1
f 2 1 140
f 3 138 140
f 3 140 255
f 4 305 234
f 4 234 321
f 5 322 39
f 5 39 329
f 6 330 277
f 6 277 262
f 7 257 191
f 7 191 258
f 8 173 478
f 8 478 468
f 9 468 479
f 9 479 495
f 10 84 44
f 10 44 30
f 11 96 195
f 11 195 97
f 12 264 195
f 12 195 265
f 13 324 264
f 13 264 265
f 14 18 356
f 14 356 347
f 15 345 339
f 15 339 340
f 16 331 340
f 16 340 326
f 17 326 331
f 17 331 16
f 18 14 331
f 18 331 17
f 19 80 30
f 19 30 78
f 20 185 94
f 20 94 95
f 21 33 204
f 21 204 185
f 22 4970 23
f 22 23 204
f 23 22 63
f 23 63 21
f 24 28 25
f 24 25 29
f 25 260 127
f 25 127 24
f 26 27 144
f 26 144 130
f 27 128 26
f 27 26 279
f 28 24 128
f 28 128 129
f 29 24 4968
f 29 4968 244
f 30 20 19
f 30 19 44
f 31 58 64
f 31 64 57
f 32 66 81
f 32 81 121
f 33 115 120
f 33 120 175
f 34 176 115
f 34 115 187
f 35 57 116
f 35 116 1
f 36 122 142
f 36 142 146
f 37 274 147
f 37 147 218
f 38 237 148
f 38 148 150
f 39 330 353
f 39 353 329
f 40 254 330
f 40 330 41
f 41 196 40
f 41 40 188
f 42 174 169
f 42 169 5154
f 43 186 101
f 43 101 196
f 44 81 10
f 44 10 30
f 45 82 79
f 45 79 86
f 46 82 83
f 46 83 177
f 47 177 76
f 47 76 214
f 48 4953 229
f 48 229 206
f 49 355 50
f 49 50 275
f 50 53 328
f 50 328 4961
f 51 4963 328
f 51 328 307
f 52 273 4962
f 52 4962 4954
f 53 354 50
f 53 50 4961
f 54 323 275
f 54 275 272
f 55 222 303
f 55 303 323
f 56 303 268
f 56 268 214
f 57 35 31
f 57 31 1
f 58 31 65
f 58 65 93
f 59 209 208
f 59 208 207
f 60 209 61
f 60 61 208
f 61 60 208
f 61 208 231
f 62 208 93
f 62 93 251
f 63 4969 22
f 63 22 4970
f 64 92 31
f 64 31 1
f 65 92 58
f 65 58 93
f 66 23 251
f 66 251 32
f 67 231 246
f 67 246 210
f 68 211 69
f 68 69 4960
f 69 252 225
f 69 225 68
f 70 225 216
f 70 216 233
f 71 269 178
f 71 178 146
f 72 95 94
f 72 94 123
f 73 175 123
f 73 123 100
f 74 75 189
f 74 189 90
f 75 194 74
f 75 74 4953
f 76 86 193
f 76 193 47
f 77 98 90
f 77 90 91
f 78 95 80
f 78 80 79
f 79 45 86
f 79 86 85
f 80 82 45
f 80 45 78
f 81 44 121
f 81 121 32
f 82 45 46
f 82 46 83
f 83 82 46
f 83 46 96
f 84 10 11
f 84 11 96
f 85 79 114
f 85 114 72
f 86 76 45
f 86 45 46
f 87 91 180
f 87 180 114
f 88 125 126
f 88 126 4966
f 89 242 203
f 89 203 137
f 90 98 77
f 90 77 91
f 91 77 90
f 91 90 99
f 92 65 138
f 92 138 64
f 93 62 58
f 93 58 65
f 94 123 72
f 94 72 95
f 95 72 94
f 95 94 123
f 96 83 11
f 96 11 97
f 97 177 184
f 97 184 83
f 98 77 90
f 98 90 193
f 99 77 91
f 99 91 114
f 100 72 123
f 100 123 73
f 101 140 43
f 101 43 142
f 102 197 241
f 102 241 167
f 103 212 226
f 103 226 240
f 104 226 227
f 104 227 267
f 105 228 336
f 105 336 348
f 106 110 457
f 106 457 111
f 107 466 484
f 107 484 361
f 108 658 549
f 108 549 715
f 109 587 586
f 109 586 639
f 110 465 457
f 110 457 106
f 111 384 388
f 111 388 457
f 112 341 113
f 112 113 149
f 113 240 267
f 113 267 336
f 114 99 100
f 114 100 87
f 115 34 33
f 115 33 204
f 116 225 35
f 116 35 141
f 117 178 169
f 117 169 42
f 118 183 213
f 118 213 181
f 119 77 98
f 119 98 99
f 120 33 123
f 120 123 185
f 121 185 21
f 121 21 20
f 122 233 36
f 122 36 70
f 123 120 94
f 123 94 72
f 124 187 143
f 124 143 175
f 125 238 4966
f 125 4966 4967
f 126 4966 260
f 126 260 4967
f 127 128 25
f 127 25 24
f 128 127 27
f 128 27 28
f 129 28 27
f 129 27 132
f 130 131 26
f 130 26 4959
f 131 136 130
f 131 130 4958
f 132 28 129
f 132 129 244
f 133 134 357
f 133 357 346
f 134 351 133
f 134 133 352
f 135 338 129
f 135 129 132
f 136 131 220
f 136 220 4958
f 137 89 51
f 137 51 307
f 138 2 92
f 138 92 3
f 139 92 207
f 139 207 138
f 140 101 2
f 140 2 3
f 141 116 145
f 141 145 36
f 142 174 101
f 142 101 36
f 143 125 4965
f 143 4965 187
f 144 25 260
f 144 260 26
f 145 2 101
f 145 101 141
f 146 142 178
f 146 178 122
f 147 37 253
f 147 253 205
f 148 149 253
f 148 253 182
f 149 148 341
f 149 341 112
f 150 151 341
f 150 341 38
f 151 373 461
f 151 461 150
f 152 461 386
f 152 386 192
f 153 467 463
f 153 463 385
f 154 467 487
f 154 487 479
f 155 487 547
f 155 547 479
f 156 168 155
f 156 155 548
f 157 599 473
f 157 473 744
f 158 895 896
f 158 896 5017
f 159 729 655
f 159 655 5017
f 160 480 161
f 160 161 655
f 161 160 600
f 161 600 472
f 162 163 471
f 162 471 312
f 163 477 162
f 163 162 469
f 164 165 478
f 164 478 172
f 165 172 164
f 165 164 311
f 166 170 263
f 166 263 308
f 167 224 212
f 167 212 241
f 168 598 570
f 168 570 156
f 169 183 42
f 169 42 5154
f 170 166 212
f 170 212 167
f 171 309 198
f 171 198 166
f 172 165 164
f 172 164 173
f 173 8 387
f 173 387 172
f 174 42 142
f 174 142 43
f 175 33 115
f 175 115 120
f 176 4965 34
f 176 34 217
f 177 46 83
f 177 83 47
f 178 218 117
f 178 117 146
f 179 218 147
f 179 147 169
f 180 87 124
f 180 124 73
f 181 190 118
f 181 118 205
f 182 205 253
f 182 253 148
f 183 169 118
f 183 118 5154
f 184 56 97
f 184 97 265
f 185 120 33
f 185 33 20
f 186 43 255
f 186 255 196
f 187 34 115
f 187 115 143
f 188 5154 196
f 188 196 42
f 189 91 74
f 189 74 90
f 190 213 181
f 190 181 241
f 191 7 385
f 191 385 374
f 192 278 382
f 192 382 374
f 193 98 194
f 193 194 76
f 194 75 193
f 194 193 4953
f 195 116 11
f 195 11 12
f 196 43 41
f 196 41 188
f 197 102 223
f 197 223 202
f 198 256 171
f 198 171 226
f 199 320 306
f 199 306 281
f 200 360 306
f 200 306 348
f 201 372 458
f 201 458 348
f 202 212 197
f 202 197 167
f 203 89 189
f 203 189 219
f 204 34 115
f 204 115 176
f 205 181 182
f 205 182 147
f 206 193 194
f 206 194 4953
f 207 4960 209
f 207 209 4955
f 208 209 60
f 208 60 61
f 209 60 208
f 209 208 4960
f 210 61 247
f 210 247 67
f 211 337 60
f 211 60 68
f 212 170 202
f 212 202 103
f 213 5175 118
f 213 118 190
f 214 177 47
f 214 47 56
f 215 229 75
f 215 75 4963
f 216 305 70
f 216 70 225
f 217 4965 4970
f 217 4970 176
f 218 178 37
f 218 37 235
f 219 242 220
f 219 220 136
f 220 136 219
f 220 219 88
f 221 5175 277
f 221 277 213
f 222 55 206
f 222 206 214
f 223 197 232
f 223 232 182
f 224 308 167
f 224 167 241
f 225 69 70
f 225 70 116
f 226 256 104
f 226 104 240
f 227 270 104
f 227 104 228
f 228 227 306
f 228 306 105
f 229 4953 215
f 229 215 48
f 230 328 49
f 230 49 4963
f 231 61 251
f 231 251 67
f 232 223 202
f 232 202 103
f 233 234 122
f 233 122 70
f 234 233 321
f 234 321 4
f 235 218 236
f 235 236 37
f 236 322 235
f 236 235 269
f 237 274 239
f 237 239 382
f 238 4966 125
f 238 125 4965
f 239 329 274
f 239 274 235
f 240 113 226
f 240 226 103
f 241 190 102
f 241 102 7
f 242 219 4958
f 242 4958 89
f 243 244 251
f 243 251 63
f 244 29 132
f 244 132 243
f 245 246 247
f 245 247 210
f 246 132 67
f 246 67 245
f 247 210 250
f 247 250 245
f 248 357 250
f 248 250 358
f 249 356 14
f 249 14 344
f 250 248 247
f 250 247 249
f 251 243 231
f 251 231 66
f 252 69 264
f 252 264 337
f 253 274 147
f 253 147 148
f 254 40 255
f 254 255 261
f 255 186 254
f 255 254 3
f 256 270 259
f 256 259 226
f 257 7 221
f 257 221 277
f 258 277 374
f 258 374 7
f 259 256 270
f 259 270 280
f 260 126 25
f 260 25 4968
f 261 322 321
f 261 321 266
f 262 188 6
f 262 6 5175
f 263 166 383
f 263 383 343
f 264 252 13
f 264 13 344
f 265 268 271
f 265 271 324
f 266 4955 255
f 266 255 3
f 267 104 113
f 267 113 228
f 268 304 56
f 268 56 303
f 269 71 321
f 269 321 234
f 270 256 227
f 270 227 320
f 271 304 325
f 271 325 268
f 272 326 275
f 272 275 355
f 273 52 354
f 273 354 4954
f 274 37 253
f 274 253 237
f 275 272 54
f 275 54 323
f 276 275 323
f 276 323 49
f 277 6 258
f 277 258 221
f 278 6 277
f 278 277 192
f 279 332 27
f 279 27 4957
f 280 309 320
f 280 320 281
f 281 380 310
f 281 310 165
f 282 469 381
f 282 381 163
f 283 312 162
f 283 162 313
f 284 475 643
f 284 643 729
f 285 652 800
f 285 800 602
f 286 1220 1228
f 286 1228 1156
f 287 1221 1820
f 287 1820 2359
f 288 3107 2866
f 288 2866 2758
f 289 3348 3107
f 289 3107 2276
f 290 3406 1742
f 290 1742 3700
f 291 1742 3785
f 291 3785 3700
f 292 4214 3800
f 292 3800 3669
f 293 3801 3709
f 293 3709 3668
f 294 3599 4023
f 294 4023 3801
f 295 3666 296
f 295 296 4023
f 296 4360 4190
f 296 4190 4361
f 297 4509 4583
f 297 4583 3351
f 298 4576 4177
f 298 4177 4606
f 299 4419 4501
f 299 4501 4417
f 300 4175 4174
f 300 4174 3187
f 301 3350 4175
f 301 4175 4174
f 302 4176 4427
f 302 4427 3351
f 303 304 56
f 303 56 323
f 304 303 268
f 304 268 271
f 305 4 216
f 305 216 68
f 306 200 199
f 306 199 310
f 307 51 4958
f 307 4958 137
f 308 224 385
f 308 385 263
f 309 387 280
f 309 280 171
f 310 311 281
f 310 281 165
f 311 164 165
f 311 165 310
f 312 163 162
f 312 162 282
f 313 480 283
f 313 283 462
f 314 319 312
f 314 312 283
f 315 678 651
f 315 651 500
f 316 500 601
f 316 601 317
f 317 316 485
f 317 485 790
f 318 476 677
f 318 677 572
f 319 372 314
f 319 314 361
f 320 199 280
f 320 280 270
f 321 234 322
f 321 322 4
f 322 321 236
f 322 236 5
f 323 54 303
f 323 303 304
f 324 325 18
f 324 18 13
f 325 17 18
f 325 18 324
f 326 272 327
f 326 327 17
f 327 326 355
f 327 355 345
f 328 51 4963
f 328 4963 50
f 329 239 353
f 329 353 39
f 330 40 6
f 330 6 39
f 331 16 340
f 331 340 339
f 332 279 4964
f 332 4964 4959
f 333 4954 334
f 333 334 335
f 334 351 333
f 334 333 352
f 335 333 352
f 335 352 4956
f 336 362 105
f 336 105 113
f 337 211 252
f 337 252 344
f 338 4957 335
f 338 335 135
f 339 347 340
f 339 340 15
f 340 16 339
f 340 339 331
f 341 375 362
f 341 362 112
f 342 377 388
f 342 388 384
f 343 387 263
f 343 263 309
f 344 337 264
f 344 264 249
f 345 15 349
f 345 349 340
f 346 347 351
f 346 351 133
f 347 339 14
f 347 14 346
f 348 200 105
f 348 105 106
f 349 350 273
f 349 273 4954
f 350 349 15
f 350 15 351
f 351 134 350
f 351 350 334
f 352 334 134
f 352 134 335
f 353 382 329
f 353 329 39
f 354 273 53
f 354 53 349
f 355 327 49
f 355 49 272
f 356 14 346
f 356 346 347
f 357 133 248
f 357 248 356
f 358 248 357
f 358 357 135
f 359 352 335
f 359 335 133
f 360 381 200
f 360 200 311
f 361 319 107
f 361 107 462
f 362 375 388
f 362 388 111
f 363 389 465
f 363 465 364
f 364 363 390
f 364 390 486
f 365 587 494
f 365 494 489
f 366 748 763
f 366 763 367
f 367 368 366
f 367 366 763
f 368 763 370
f 368 370 367
f 369 370 659
f 369 659 368
f 370 368 369
f 370 369 793
f 371 716 723
f 371 723 369
f 372 319 201
f 372 201 200
f 373 382 151
f 373 151 152
f 374 191 258
f 374 258 386
f 375 388 362
f 375 362 342
f 376 389 457
f 376 457 384
f 377 376 389
f 377 389 384
f 378 481 482
f 378 482 379
f 379 481 487
f 379 487 467
f 380 281 172
f 380 172 387
f 381 282 360
f 381 360 311
f 382 353 373
f 382 373 192
f 383 153 456
f 383 456 263
f 384 376 457
f 384 457 388
f 385 153 191
f 385 191 308
f 386 463 153
f 386 153 464
f 387 173 380
f 387 380 309
f 388 384 111
f 388 111 375
f 389 363 376
f 389 376 465
f 390 363 459
f 390 459 389
f 391 683 638
f 391 638 570
f 392 923 925
f 392 925 744
f 393 1124 5019
f 393 5019 689
f 394 5018 1459
f 394 1459 1315
f 395 1189 1397
f 395 1397 1362
f 396 2624 2079
f 396 2079 1693
f 397 2796 1808
f 397 1808 3200
f 398 3200 2934
f 398 2934 2495
f 399 3923 3956
f 399 3956 2797
f 400 2871 4136
f 400 4136 4016
f 401 4035 4001
f 401 4001 4016
f 402 3897 4103
f 402 4103 3663
f 403 3635 3638
f 403 3638 3774
f 404 3262 2748
f 404 2748 3224
f 405 3309 3562
f 405 3562 407
f 406 3460 3563
f 406 3563 3497
f 407 3429 5188
f 407 5188 2811
f 408 3325 3336
f 408 3336 3326
f 409 3300 3335
f 409 3335 3261
f 410 3433 3326
f 410 3326 411
f 411 410 3571
f 411 3571 3433
f 412 413 3520
f 412 3520 3334
f 413 3428 412
f 413 412 3400
f 414 415 3426
f 414 3426 3427
f 415 418 2000
f 415 2000 414
f 416 1999 2000
f 416 2000 3297
f 417 2000 2832
f 417 2832 415
f 418 3296 415
f 418 415 2832
f 419 419 5182
f 419 5182 3223
f 420 5161 3005
f 420 3005 3006
f 421 2004 2005
f 421 2005 3031
f 422 2968 3031
f 422 3031 421
f 423 2887 2973
f 423 2973 2967
f 424 2007 1991
f 424 1991 5179
f 425 426 2582
f 425 2582 2579
f 426 2541 2579
f 426 2579 2580
f 427 2581 1989
f 427 1989 2582
f 428 1990 2581
f 428 2581 427
f 429 1794 2414
f 429 2414 431
f 430 431 2477
f 430 2477 2478
f 431 430 1794
f 431 1794 2314
f 432 2413 2314
f 432 2314 1595
f 433 1798 1797
f 433 1797 2355
f 434 2413 2371
f 434 2371 1798
f 435 2353 1594
f 435 1594 2371
f 436 2206 2205
f 436 2205 2123
f 437 2122 1868
f 437 1868 1864
f 438 1828 1574
f 438 1574 440
f 439 440 438
f 439 438 1612
f 440 1801 1762
f 440 1762 439
f 441 1461 1689
f 441 1689 1663
f 442 1641 1431
f 442 1431 1522
f 443 1522 442
f 443 442 1416
f 444 1429 1530
f 444 1530 1416
f 445 1438 1272
f 445 1272 1281
f 446 1451 1646
f 446 1646 1719
f 447 1771 1719
f 447 1719 1494
f 448 1977 1976
f 448 1976 1953
f 449 2383 2885
f 449 2885 2346
f 450 2452 2612
f 450 2612 3294
f 451 2430 3539
f 451 3539 2610
f 452 2933 2609
f 452 2609 2292
f 453 5030 2344
f 453 2344 2778
f 454 455 2782
f 454 2782 2779
f 455 5040 454
f 455 454 5147
f 456 154 383
f 456 383 8
f 457 376 384
f 457 384 465
f 458 474 201
f 458 201 110
f 459 390 377
f 459 377 482
f 460 459 461
f 460 461 378
f 461 460 464
f 461 464 152
f 462 313 314
f 462 314 484
f 463 464 467
f 463 467 379
f 464 463 378
f 464 378 461
f 465 389 376
f 465 376 363
f 466 549 107
f 466 107 483
f 467 154 463
f 467 463 153
f 468 470 478
f 468 478 9
f 469 470 282
f 469 282 163
f 470 469 478
f 470 478 477
f 471 162 495
f 471 495 472
f 472 471 641
f 472 641 600
f 473 160 157
f 473 157 159
f 474 363 364
f 474 364 465
f 475 284 496
f 475 496 655
f 476 577 318
f 476 318 571
f 477 470 163
f 477 163 469
f 478 470 164
f 478 164 172
f 479 155 487
f 479 487 154
f 480 313 160
f 480 160 582
f 481 490 482
f 481 482 379
f 482 481 378
f 482 378 503
f 483 458 488
f 483 488 466
f 484 107 582
f 484 582 496
f 485 572 316
f 485 316 317
f 486 364 493
f 486 493 585
f 487 490 379
f 487 379 481
f 488 639 486
f 488 486 483
f 489 586 365
f 489 365 585
f 490 481 487
f 490 487 547
f 491 639 549
f 491 549 108
f 492 616 503
f 492 503 547
f 493 586 585
f 493 585 109
f 494 659 587
f 494 587 701
f 495 471 477
f 495 477 9
f 496 475 476
f 496 476 484
f 497 730 498
f 497 498 893
f 498 731 497
f 498 497 502
f 499 502 602
f 499 602 805
f 500 644 651
f 500 651 316
f 501 643 577
f 501 577 678
f 502 731 498
f 502 498 499
f 503 482 547
f 503 547 492
f 504 508 505
f 504 505 535
f 505 506 504
f 505 504 508
f 506 584 505
f 506 505 508
f 507 588 622
f 507 622 590
f 508 584 504
f 508 504 506
f 509 534 513
f 509 513 562
f 510 512 513
f 510 513 550
f 511 512 538
f 511 538 537
f 512 550 504
f 512 504 537
f 513 562 509
f 513 509 563
f 514 5011 510
f 514 510 5003
f 515 564 5011
f 515 5011 551
f 516 5008 565
f 516 565 4976
f 517 4995 4983
f 517 4983 734
f 518 519 5013
f 518 5013 780
f 519 780 4977
f 519 4977 837
f 520 5009 942
f 520 942 4987
f 521 1085 999
f 521 999 5004
f 522 1207 1085
f 522 1085 836
f 523 1294 1293
f 523 1293 1143
f 524 1297 989
f 524 989 1172
f 525 1308 998
f 525 998 1361
f 526 1337 1356
f 526 1356 1222
f 527 1109 892
f 527 892 845
f 528 986 1133
f 528 1133 871
f 529 569 869
f 529 869 1021
f 530 870 965
f 530 965 533
f 531 940 880
f 531 880 885
f 532 1370 1537
f 532 1537 1092
f 533 530 1020
f 533 1020 884
f 534 509 535
f 534 535 550
f 535 550 534
f 535 534 504
f 536 537 588
f 536 588 604
f 537 536 538
f 537 538 508
f 538 536 537
f 538 537 539
f 539 603 538
f 539 538 604
f 540 539 538
f 540 538 948
f 541 665 4974
f 541 4974 603
f 542 665 4988
f 542 4988 4978
f 543 4993 623
f 543 623 622
f 544 648 624
f 544 624 656
f 545 609 662
f 545 662 624
f 546 609 680
f 546 680 656
f 547 490 155
f 547 155 548
f 548 547 155
f 548 155 570
f 549 466 108
f 549 108 491
f 550 535 512
f 550 512 534
f 551 515 552
f 551 552 740
f 552 551 553
f 552 553 5003
f 553 937 554
f 553 554 738
f 554 1067 5118
f 554 5118 1003
f 555 556 581
f 555 581 509
f 556 595 594
f 556 594 555
f 557 595 581
f 557 581 556
f 558 557 612
f 558 612 611
f 559 596 612
f 559 612 614
f 560 596 634
f 560 634 679
f 561 772 801
f 561 801 745
f 562 556 513
f 562 513 591
f 563 591 618
f 563 618 562
f 564 618 592
f 564 592 565
f 565 597 564
f 565 564 4976
f 566 4995 640
f 566 640 4994
f 567 734 4983
f 567 4983 725
f 568 620 746
f 568 746 725
f 569 529 997
f 569 997 990
f 570 391 616
f 570 616 548
f 571 476 496
f 571 496 484
f 572 485 318
f 572 318 501
f 573 893 576
f 573 576 790
f 574 978 958
f 574 958 806
f 575 957 1169
f 575 1169 1168
f 576 731 732
f 576 732 573
f 577 476 501
f 577 501 284
f 578 583 607
f 578 607 611
f 579 608 589
f 579 589 624
f 580 583 581
f 580 581 535
f 581 555 557
f 581 557 580
f 582 480 484
f 582 484 475
f 583 578 611
f 583 611 580
f 584 588 508
f 584 508 506
f 585 586 493
f 585 493 489
f 586 109 493
f 586 493 585
f 587 701 109
f 587 109 365
f 588 584 507
f 588 507 536
f 589 624 544
f 589 544 608
f 590 507 622
f 590 622 605
f 591 563 618
f 591 618 594
f 592 618 617
f 592 617 597
f 593 653 619
f 593 619 4976
f 594 595 556
f 594 556 591
f 595 556 594
f 595 594 612
f 596 657 559
f 596 559 614
f 597 617 592
f 597 592 565
f 598 168 638
f 598 638 633
f 599 993 392
f 599 392 1123
f 600 283 471
f 600 471 313
f 601 652 730
f 601 730 285
f 602 499 498
f 602 498 497
f 603 4989 4993
f 603 4993 539
f 604 536 507
f 604 507 588
f 605 607 590
f 605 590 589
f 606 693 558
f 606 558 611
f 607 611 605
f 607 605 578
f 608 579 624
f 608 624 589
f 609 546 662
f 609 662 545
f 610 625 626
f 610 626 742
f 611 607 583
f 611 583 578
f 612 595 557
f 612 557 594
f 613 594 618
f 613 618 615
f 614 615 657
f 614 657 649
f 615 649 614
f 615 614 657
f 616 492 570
f 616 570 489
f 617 653 597
f 617 597 592
f 618 591 592
f 618 592 564
f 619 5008 593
f 619 593 640
f 620 567 676
f 620 676 654
f 621 654 620
f 621 620 679
f 622 543 4993
f 622 4993 507
f 623 4978 4989
f 623 4989 543
f 624 544 608
f 624 608 589
f 625 626 610
f 625 610 662
f 626 726 625
f 626 625 4975
f 627 628 742
f 627 742 726
f 628 721 726
f 628 726 710
f 629 830 681
f 629 681 664
f 630 695 690
f 630 690 4979
f 631 5000 668
f 631 668 706
f 632 706 707
f 632 707 631
f 633 743 598
f 633 598 638
f 634 649 657
f 634 657 653
f 635 674 543
f 635 543 675
f 636 669 717
f 636 717 638
f 637 669 683
f 637 683 494
f 638 391 598
f 638 598 636
f 639 109 493
f 639 493 491
f 640 566 619
f 640 619 676
f 641 598 472
f 641 472 633
f 642 318 108
f 642 108 715
f 643 729 678
f 643 678 501
f 644 5021 799
f 644 799 651
f 645 799 651
f 645 651 644
f 646 645 798
f 646 798 896
f 647 5020 5018
f 647 5018 936
f 648 544 543
f 648 543 589
f 649 615 657
f 649 657 614
f 650 724 694
f 650 694 773
f 651 644 645
f 651 645 500
f 652 5021 5015
f 652 5015 800
f 653 617 593
f 653 593 597
f 654 676 640
f 654 640 679
f 655 159 475
f 655 475 160
f 656 546 544
f 656 544 624
f 657 649 614
f 657 614 615
f 658 660 716
f 658 716 108
f 659 494 369
f 659 369 701
f 660 701 658
f 660 658 109
f 661 593 619
f 661 619 640
f 662 609 545
f 662 545 625
f 663 710 709
f 663 709 721
f 664 681 682
f 664 682 708
f 665 4988 542
f 665 542 686
f 666 665 686
f 666 686 685
f 667 782 781
f 667 781 668
f 668 631 5000
f 668 5000 685
f 669 366 712
f 669 712 637
f 670 753 1179
f 670 1179 1101
f 671 1181 5014
f 671 5014 1101
f 672 5014 1124
f 672 1124 754
f 673 1406 5018
f 673 5018 1408
f 674 4979 4978
f 674 4978 4980
f 675 4980 682
f 675 682 664
f 676 734 640
f 676 640 567
f 677 318 724
f 677 724 642
f 678 315 643
f 678 643 651
f 679 661 654
f 679 654 560
f 680 709 681
f 680 681 546
f 681 664 709
f 681 709 680
f 682 4988 664
f 682 664 708
f 683 391 637
f 683 637 365
f 684 679 727
f 684 727 745
f 685 668 690
f 685 690 666
f 686 4979 695
f 686 695 690
f 687 688 924
f 687 924 750
f 688 751 687
f 688 687 925
f 689 1165 1124
f 689 1124 672
f 690 686 630
f 690 630 4982
f 691 711 735
f 691 735 696
f 692 5002 786
f 692 786 627
f 693 606 607
f 693 607 579
f 694 573 790
f 694 790 650
f 695 4980 4979
f 695 4979 707
f 696 722 691
f 696 691 727
f 697 775 969
f 697 969 728
f 698 832 1142
f 698 1142 1081
f 699 1175 964
f 699 964 1216
f 700 833 772
f 700 772 804
f 701 587 660
f 701 660 494
f 702 773 723
f 702 723 776
f 703 1166 777
f 703 777 1455
f 704 980 703
f 704 703 1116
f 705 793 370
f 705 370 794
f 706 632 5000
f 706 5000 631
f 707 708 695
f 707 695 682
f 708 707 664
f 708 664 682
f 709 681 663
f 709 663 680
f 710 663 721
f 710 721 789
f 711 5002 691
f 711 691 606
f 712 748 749
f 712 749 366
f 713 767 752
f 713 752 923
f 714 744 157
f 714 157 641
f 715 718 658
f 715 658 108
f 716 369 658
f 716 658 371
f 717 924 712
f 717 712 636
f 718 715 720
f 718 720 677
f 719 780 725
f 719 725 834
f 720 718 723
f 720 723 702
f 721 663 726
f 721 726 710
f 722 774 747
f 722 747 696
f 723 371 702
f 723 702 776
f 724 677 650
f 724 650 317
f 725 567 719
f 725 719 4984
f 726 721 626
f 726 626 628
f 727 774 722
f 727 722 728
f 728 774 775
f 728 775 727
f 729 159 643
f 729 643 284
f 730 497 893
f 730 893 790
f 731 502 498
f 731 498 732
f 732 502 805
f 732 805 731
f 733 732 576
f 733 576 806
f 734 4995 4983
f 734 4983 676
f 735 747 792
f 735 792 691
f 736 792 991
f 736 991 747
f 737 945 1004
f 737 1004 736
f 738 1003 554
f 738 554 1002
f 739 1001 738
f 739 738 4991
f 740 4994 4996
f 740 4996 516
f 741 975 745
f 741 745 772
f 742 726 626
f 742 626 627
f 743 687 633
f 743 633 717
f 744 392 743
f 744 743 714
f 745 728 741
f 745 741 727
f 746 834 719
f 746 719 725
f 747 722 774
f 747 774 775
f 748 762 764
f 748 764 712
f 749 874 951
f 749 951 764
f 750 954 951
f 750 951 751
f 751 953 955
f 751 955 688
f 752 766 713
f 752 713 767
f 753 766 670
f 753 670 952
f 754 5014 1181
f 754 1181 672
f 755 1407 1427
f 755 1427 1406
f 756 2012 1881
f 756 1881 1631
f 757 1869 1321
f 757 1321 1881
f 758 759 1869
f 758 1869 1934
f 759 1910 1322
f 759 1322 760
f 760 1656 759
f 760 759 1322
f 761 1656 797
f 761 797 760
f 762 764 763
f 762 763 748
f 763 762 368
f 763 368 793
f 764 874 762
f 764 762 748
f 765 955 713
f 765 713 923
f 766 752 753
f 766 753 994
f 767 713 765
f 767 765 752
f 768 767 752
f 768 752 766
f 769 1181 1178
f 769 1178 1179
f 770 1405 1881
f 770 1881 1445
f 771 705 776
f 771 776 979
f 772 832 741
f 772 741 561
f 773 702 985
f 773 985 650
f 774 722 728
f 774 728 775
f 775 774 747
f 775 747 728
f 776 771 777
f 776 777 702
f 777 1166 957
f 777 957 703
f 778 959 1455
f 778 1455 1166
f 779 1456 960
f 779 960 1116
f 780 519 834
f 780 834 719
f 781 667 782
f 781 782 668
f 782 830 667
f 782 667 781
f 783 784 831
f 783 831 782
f 784 783 831
f 784 831 5005
f 785 5001 4986
f 785 4986 949
f 786 692 944
f 786 944 792
f 787 834 788
f 787 788 837
f 788 942 787
f 788 787 922
f 789 830 709
f 789 709 710
f 790 730 893
f 790 893 573
f 791 990 804
f 791 804 802
f 792 786 735
f 792 735 736
f 793 762 763
f 793 763 794
f 794 1173 793
f 794 793 764
f 795 950 767
f 795 767 796
f 796 795 768
f 796 768 767
f 797 1251 761
f 797 761 1403
f 798 646 643
f 798 643 729
f 799 5021 645
f 799 645 644
f 800 652 5015
f 800 5015 285
f 801 804 561
f 801 561 700
f 802 839 791
f 802 791 804
f 803 804 888
f 803 888 569
f 804 803 791
f 804 791 801
f 805 732 502
f 805 502 499
f 806 733 1220
f 806 1220 574
f 807 1564 1671
f 807 1671 1440
f 808 1732 2018
f 808 2018 1874
f 809 1836 1673
f 809 1673 2186
f 810 2103 811
f 810 811 1836
f 811 812 5023
f 811 5023 810
f 812 1912 5023
f 812 5023 811
f 813 2108 2231
f 813 2231 2263
f 814 2263 2232
f 814 2232 2270
f 815 2270 2287
f 815 2287 2583
f 816 2446 2357
f 816 2357 2543
f 817 2135 2288
f 817 2288 2393
f 818 2136 2448
f 818 2448 2534
f 819 3097 2491
f 819 2491 3084
f 820 2588 2587
f 820 2587 2663
f 821 2587 2638
f 821 2638 2586
f 822 2638 2525
f 822 2525 2618
f 823 2162 2428
f 823 2428 2358
f 824 2395 2358
f 824 2358 2415
f 825 2410 2373
f 825 2373 2586
f 826 829 2281
f 826 2281 2394
f 827 2030 2132
f 827 2132 2029
f 828 824 2395
f 828 2395 2374
f 829 2410 2373
f 829 2373 826
f 830 789 782
f 830 782 629
f 831 830 784
f 831 784 4986
f 832 698 772
f 832 772 846
f 833 849 846
f 833 846 700
f 834 780 837
f 834 837 719
f 835 942 520
f 835 520 1022
f 836 522 1263
f 836 1263 1206
f 837 4977 519
f 837 519 834
f 838 710 789
f 838 789 628
f 839 787 802
f 839 802 920
f 840 954 1173
f 840 1173 950
f 841 879 878
f 841 878 877
f 842 879 890
f 842 890 1129
f 843 885 884
f 843 884 996
f 844 884 870
f 844 870 871
f 845 527 886
f 845 886 968
f 846 964 833
f 846 833 832
f 847 850 897
f 847 897 878
f 848 897 926
f 848 926 972
f 849 888 881
f 849 881 883
f 850 926 875
f 850 875 847
f 851 1728 930
f 851 930 1213
f 852 1489 1213
f 852 1213 1479
f 853 1070 1072
f 853 1072 1491
f 854 897 1012
f 854 1012 1068
f 855 856 1130
f 855 1130 1011
f 856 1187 1086
f 856 1086 1170
f 857 1255 1256
f 857 1256 1254
f 858 1311 1395
f 858 1395 1243
f 859 1736 1624
f 859 1624 1563
f 860 1623 1738
f 860 1738 910
f 861 1802 1717
f 861 1717 1603
f 862 2320 1778
f 862 1778 1628
f 863 864 2396
f 863 2396 2569
f 864 2396 2568
f 864 2568 5121
f 865 5121 1756
f 865 1756 5037
f 866 1019 868
f 866 868 981
f 867 1019 1023
f 867 1023 1018
f 868 866 1018
f 868 1018 850
f 869 870 883
f 869 883 888
f 870 530 869
f 870 869 844
f 871 873 996
f 871 996 844
f 872 1133 992
f 872 992 996
f 873 871 1021
f 873 1021 869
f 874 764 951
f 874 951 749
f 875 850 877
f 875 877 878
f 876 1446 1447
f 876 1447 982
f 877 875 866
f 877 866 890
f 878 898 875
f 878 875 841
f 879 842 880
f 879 880 841
f 880 531 879
f 880 879 939
f 881 995 849
f 881 849 964
f 882 1339 1091
f 882 1091 1107
f 883 849 965
f 883 965 869
f 884 844 940
f 884 940 533
f 885 941 531
f 885 531 843
f 886 845 1072
f 886 1072 1070
f 887 1295 1109
f 887 1109 1399
f 888 849 869
f 888 869 803
f 889 1214 1018
f 889 1018 972
f 890 842 1390
f 890 1390 981
f 891 879 941
f 891 941 968
f 892 941 527
f 892 527 1109
f 893 498 497
f 893 497 731
f 894 990 1145
f 894 1145 920
f 895 1123 1101
f 895 1101 1165
f 896 393 646
f 896 646 158
f 897 848 901
f 897 901 854
f 898 878 1012
f 898 1012 845
f 899 1073 1111
f 899 1111 1148
f 900 1716 1453
f 900 1453 1586
f 901 855 897
f 901 897 1144
f 902 956 1010
f 902 1010 973
f 903 1016 1128
f 903 1128 1017
f 904 1171 905
f 904 905 1170
f 905 1254 904
f 905 904 1394
f 906 1393 1258
f 906 1258 1257
f 907 1257 908
f 907 908 906
f 908 1257 1239
f 908 1239 907
f 909 1260 1185
f 909 1185 1283
f 910 860 1623
f 910 1623 1184
f 911 1139 1738
f 911 1738 913
f 912 1955 1878
f 912 1878 1483
f 913 1737 911
f 913 911 1738
f 914 2098 2017
f 914 2017 2264
f 915 1725 1676
f 915 1676 1521
f 916 1266 1210
f 916 1210 1676
f 917 1209 1095
f 917 1095 1265
f 918 1149 1095
f 918 1095 1150
f 919 940 976
f 919 976 533
f 920 1134 894
f 920 894 788
f 921 999 4987
f 921 4987 835
f 922 4977 942
f 922 942 837
f 923 713 765
f 923 765 925
f 924 687 750
f 924 750 749
f 925 955 765
f 925 765 751
f 926 850 848
f 926 848 889
f 927 1135 974
f 927 974 1400
f 928 1135 1400
f 928 1400 1233
f 929 1770 1884
f 929 1884 1483
f 930 931 1713
f 930 1713 1728
f 931 932 1713
f 931 1713 1563
f 932 1735 931
f 932 931 1563
f 933 1312 1259
f 933 1259 1396
f 934 1715 1776
f 934 1776 851
f 935 1213 1212
f 935 1212 851
f 936 5020 647
f 936 647 393
f 937 5117 554
f 937 554 553
f 938 4997 5120
f 938 5120 1288
f 939 531 976
f 939 976 1129
f 940 531 919
f 940 919 884
f 941 885 892
f 941 892 891
f 942 520 922
f 942 922 835
f 943 1000 5010
f 943 5010 945
f 944 786 945
f 944 945 1000
f 945 943 944
f 945 944 1002
f 946 4981 1000
f 946 1000 4972
f 947 5001 4981
f 947 4981 4974
f 948 947 540
f 948 540 4990
f 949 4972 785
f 949 785 627
f 950 953 955
f 950 955 840
f 951 874 954
f 951 954 749
f 952 753 766
f 952 766 1178
f 953 751 954
f 953 954 955
f 954 951 953
f 954 953 750
f 955 765 953
f 955 953 925
f 956 1099 1016
f 956 1016 902
f 957 777 1168
f 957 1168 575
f 958 1439 1493
f 958 1493 1169
f 959 1166 1168
f 959 1168 778
f 960 961 1456
f 960 1456 1523
f 961 1457 1706
f 961 1706 1523
f 962 963 1870
f 962 1870 1873
f 963 1870 962
f 963 962 1323
f 964 699 846
f 964 846 1154
f 965 995 530
f 965 530 883
f 966 967 1069
f 966 1069 1132
f 967 1070 1012
f 967 1012 966
f 968 891 845
f 968 845 841
f 969 991 697
f 969 697 1008
f 970 1067 1005
f 970 1005 1003
f 971 1005 5118
f 971 5118 1067
f 972 1006 848
f 972 848 889
f 973 1099 974
f 973 974 1006
f 974 927 973
f 974 973 1214
f 975 1081 741
f 975 741 697
f 976 1370 939
f 976 939 919
f 977 573 576
f 977 576 985
f 978 977 574
f 978 574 1169
f 979 1114 705
f 979 705 771
f 980 1115 1114
f 980 1114 796
f 981 866 1390
f 981 1390 890
f 982 1584 1691
f 982 1691 876
f 983 1072 1384
f 983 1384 1420
f 984 1020 919
f 984 919 1339
f 985 575 977
f 985 977 773
f 986 1309 528
f 986 528 998
f 987 988 997
f 987 997 1172
f 988 1172 1013
f 988 1013 989
f 989 1297 1147
f 989 1147 524
f 990 997 894
f 990 894 791
f 991 969 736
f 991 736 737
f 992 872 1071
f 992 1071 941
f 993 994 923
f 993 923 752
f 994 766 1123
f 994 1123 753
f 995 1175 881
f 995 881 965
f 996 871 872
f 996 872 843
f 997 1013 987
f 997 987 990
f 998 525 987
f 998 987 1021
f 999 521 1085
f 999 1085 4987
f 1000 946 943
f 1000 943 4972
f 1001 943 739
f 1001 739 1002
f 1002 738 1003
f 1002 1003 1001
f 1003 970 1067
f 1003 1067 738
f 1004 970 1076
f 1004 1076 1005
f 1005 971 1067
f 1005 1067 970
f 1006 973 974
f 1006 974 972
f 1007 971 5118
f 1007 5118 5120
f 1008 969 1081
f 1008 1081 1075
f 1009 5119 1141
f 1009 1141 1238
f 1010 1144 972
f 1010 972 902
f 1011 1187 856
f 1011 856 1144
f 1012 967 898
f 1012 898 854
f 1013 1147 988
f 1013 988 997
f 1014 1113 1016
f 1014 1016 1111
f 1015 1157 1095
f 1015 1095 1112
f 1016 1014 956
f 1016 956 903
f 1017 1015 1014
f 1017 1014 903
f 1018 868 889
f 1018 889 867
f 1019 867 1436
f 1019 1436 866
f 1020 1091 984
f 1020 984 965
f 1021 998 873
f 1021 873 987
f 1022 835 1134
f 1022 1134 921
f 1023 1214 867
f 1023 867 1485
f 1024 1065 1629
f 1024 1629 1159
f 1025 1100 1074
f 1025 1074 1077
f 1026 1027 1066
f 1026 1066 1025
f 1027 1026 1269
f 1027 1269 1126
f 1028 1721 1422
f 1028 1422 1247
f 1029 1774 1745
f 1029 1745 1497
f 1030 1710 1774
f 1030 1774 1649
f 1031 1650 1821
f 1031 1821 1761
f 1032 2545 1232
f 1032 1232 2328
f 1033 1034 2480
f 1033 2480 2435
f 1034 2524 2465
f 1034 2465 2435
f 1035 1036 2464
f 1035 2464 1960
f 1036 2434 1035
f 1036 1035 1960
f 1037 2327 2336
f 1037 2336 2402
f 1038 2401 2431
f 1038 2431 2417
f 1039 2425 1040
f 1039 1040 2419
f 1040 2420 1039
f 1040 1039 2421
f 1041 1791 2421
f 1041 2421 1042
f 1042 1791 1792
f 1042 1792 2670
f 1043 2721 1044
f 1043 1044 2530
f 1044 2897 2761
f 1044 2761 2837
f 1045 2836 2874
f 1045 2874 2837
f 1046 2874 2700
f 1046 2700 2988
f 1047 2899 2754
f 1047 2754 3047
f 1048 2900 3159
f 1048 3159 2899
f 1049 3160 3161
f 1049 3161 1051
f 1050 1056 1048
f 1050 1048 3265
f 1051 1049 3265
f 1051 3265 1050
f 1052 3063 3135
f 1052 3135 3065
f 1053 2960 2940
f 1053 2940 1054
f 1054 3025 1053
f 1054 1053 2960
f 1055 5032 2975
f 1055 2975 5036
f 1056 5031 1050
f 1056 1050 2900
f 1057 2900 1058
f 1057 1058 5031
f 1058 1057 5032
f 1058 5032 5031
f 1059 5036 5032
f 1059 5032 1055
f 1060 2958 2961
f 1060 2961 2974
f 1061 2528 2596
f 1061 2596 2527
f 1062 2464 2524
f 1062 2524 2584
f 1063 2556 2465
f 1063 2465 2524
f 1064 1158 1074
f 1064 1074 1413
f 1065 1024 1177
f 1065 1177 1497
f 1066 1218 1026
f 1066 1026 1077
f 1067 1005 970
f 1067 970 1003
f 1068 1130 1069
f 1068 1069 855
f 1069 1088 1132
f 1069 1132 1130
f 1070 967 853
f 1070 853 1090
f 1071 1222 1109
f 1071 1109 1295
f 1072 853 1223
f 1072 1223 983
f 1073 1098 899
f 1073 899 1111
f 1074 1136 1025
f 1074 1025 1153
f 1075 1076 1007
f 1075 1007 971
f 1076 1005 971
f 1076 971 970
f 1077 1262 1125
f 1077 1125 1025
f 1078 1680 1566
f 1078 1566 1261
f 1079 1246 1681
f 1079 1681 1618
f 1080 1717 1520
f 1080 1520 1876
f 1081 975 1142
f 1081 1142 1008
f 1082 1335 1289
f 1082 1289 1348
f 1083 1349 1348
f 1083 1348 1338
f 1084 4985 1207
f 1084 1207 1338
f 1085 5004 521
f 1085 521 1207
f 1086 1241 856
f 1086 856 1170
f 1087 1242 1241
f 1087 1241 1341
f 1088 1087 1131
f 1088 1131 1342
f 1089 1476 1401
f 1089 1401 1131
f 1090 1357 1070
f 1090 1070 1412
f 1091 1020 1107
f 1091 1107 965
f 1092 1339 1442
f 1092 1442 532
f 1093 1419 1108
f 1093 1108 1583
f 1094 1107 1155
f 1094 1155 1442
f 1095 1015 918
f 1095 918 917
f 1096 1208 1389
f 1096 1389 1224
f 1097 1163 1224
f 1097 1224 1402
f 1098 1402 1097
f 1098 1097 1073
f 1099 973 1148
f 1099 1148 956
f 1100 1270 1025
f 1100 1025 1074
f 1101 670 671
f 1101 671 1123
f 1102 1136 1209
f 1102 1209 1150
f 1103 1218 1618
f 1103 1618 1117
f 1104 1682 1814
f 1104 1814 1382
f 1105 1659 1252
f 1105 1252 1620
f 1106 1441 1137
f 1106 1137 1138
f 1107 1175 1094
f 1107 1094 1091
f 1108 1368 1093
f 1108 1093 1442
f 1109 527 1071
f 1109 1071 887
f 1110 1208 1113
f 1110 1113 1163
f 1111 1163 1073
f 1111 1073 899
f 1112 1157 1369
f 1112 1369 1265
f 1113 1110 1014
f 1113 1014 1157
f 1114 1173 794
f 1114 794 1115
f 1115 840 950
f 1115 950 795
f 1116 797 796
f 1116 796 1251
f 1117 1162 1103
f 1117 1103 1246
f 1118 1298 1271
f 1118 1271 1253
f 1119 1273 443
f 1119 443 1358
f 1120 1604 1423
f 1120 1423 1585
f 1121 1425 1639
f 1121 1639 1298
f 1122 1126 1218
f 1122 1218 1066
f 1123 994 1101
f 1123 1101 670
f 1124 672 5016
f 1124 5016 393
f 1125 1152 1106
f 1125 1106 1153
f 1126 1122 1250
f 1126 1250 1127
f 1127 1162 1225
f 1127 1225 1250
f 1128 1149 1011
f 1128 1011 903
f 1129 939 842
f 1129 842 1174
f 1130 1086 855
f 1130 855 1087
f 1131 1476 1088
f 1131 1088 1378
f 1132 1357 1089
f 1132 1089 1131
f 1133 526 528
f 1133 528 872
f 1134 1201 920
f 1134 920 1022
f 1135 927 1148
f 1135 1148 928
f 1136 1102 1153
f 1136 1153 1074
f 1137 1234 1138
f 1137 1138 1152
f 1138 1235 1137
f 1138 1137 1183
f 1139 1539 911
f 1139 911 910
f 1140 976 1174
f 1140 1174 532
f 1141 4971 1307
f 1141 1307 5119
f 1142 698 1081
f 1142 1081 1154
f 1143 523 1293
f 1143 1293 1287
f 1144 1011 1010
f 1144 1010 855
f 1145 1147 1201
f 1145 1201 1202
f 1146 1201 1294
f 1146 1294 1293
f 1147 989 1013
f 1147 1013 988
f 1148 1099 1233
f 1148 1233 1135
f 1149 1151 1128
f 1149 1128 1160
f 1150 1160 918
f 1150 918 1102
f 1151 904 1170
f 1151 1170 1187
f 1152 1137 1203
f 1152 1203 1182
f 1153 1152 1182
f 1153 1182 1167
f 1154 699 964
f 1154 964 1292
f 1155 1310 1308
f 1155 1308 1411
f 1156 805 1176
f 1156 1176 286
f 1157 1113 1112
f 1157 1112 1015
f 1158 1209 1413
f 1158 1413 1064
f 1159 1029 1024
f 1159 1024 1497
f 1160 1151 1161
f 1160 1161 1167
f 1161 905 904
f 1161 904 1186
f 1162 1127 1117
f 1162 1117 1118
f 1163 1097 1111
f 1163 1111 1110
f 1164 1233 1098
f 1164 1098 1073
f 1165 5014 1101
f 1165 1101 689
f 1166 959 778
f 1166 778 777
f 1167 1182 1160
f 1167 1160 1161
f 1168 959 1282
f 1168 1282 957
f 1169 575 1282
f 1169 1282 1168
f 1170 1171 1187
f 1170 1187 904
f 1171 1241 904
f 1171 904 1394
f 1172 988 524
f 1172 524 989
f 1173 840 951
f 1173 951 794
f 1174 1532 1140
f 1174 1140 1129
f 1175 995 1107
f 1175 1107 699
f 1176 499 1188
f 1176 1188 805
f 1177 1247 1065
f 1177 1065 1270
f 1178 1179 952
f 1178 952 753
f 1179 670 1178
f 1179 1178 753
f 1180 754 5016
f 1180 5016 672
f 1181 671 1179
f 1181 1179 769
f 1182 1186 1203
f 1182 1203 1167
f 1183 1184 1235
f 1183 1235 1138
f 1184 909 1183
f 1184 1183 910
f 1185 1283 1240
f 1185 1240 909
f 1186 1254 906
f 1186 906 907
f 1187 1170 856
f 1187 856 1086
f 1188 1176 1226
f 1188 1226 1315
f 1189 395 1815
f 1189 1815 1219
f 1190 3108 3186
f 1190 3186 2800
f 1191 1192 4442
f 1191 4442 4417
f 1192 1191 3806
f 1192 3806 4523
f 1193 4545 4602
f 1193 4602 4572
f 1194 4602 4586
f 1194 4586 4531
f 1195 4540 4608
f 1195 4608 4550
f 1196 4655 4673
f 1196 4673 4756
f 1197 4705 4649
f 1197 4649 4618
f 1198 4847 4676
f 1198 4676 4656
f 1199 4675 4847
f 1199 4847 4656
f 1200 4846 4904
f 1200 4904 4493
f 1201 1202 1146
f 1201 1146 1134
f 1202 1297 1294
f 1202 1294 1201
f 1203 907 1186
f 1203 1186 1234
f 1204 1216 1314
f 1204 1314 1411
f 1205 1382 1246
f 1205 1246 1215
f 1206 1201 836
f 1206 836 1263
f 1207 5004 1085
f 1207 1085 1084
f 1208 1110 1096
f 1208 1096 1224
f 1209 917 1158
f 1209 1158 1102
f 1210 1209 1521
f 1210 1521 916
f 1211 974 1485
f 1211 1485 927
f 1212 935 1685
f 1212 1685 1409
f 1213 1479 852
f 1213 852 851
f 1214 974 889
f 1214 889 1023
f 1215 1253 1246
f 1215 1246 1205
f 1216 1204 699
f 1216 699 1107
f 1217 800 285
f 1217 285 1315
f 1218 1299 1103
f 1218 1103 1066
f 1219 1383 1694
f 1219 1694 1227
f 1220 1540 806
f 1220 806 286
f 1221 2255 1820
f 1221 1820 287
f 1222 526 1336
f 1222 1336 1071
f 1223 887 1072
f 1223 1072 527
f 1224 1097 1110
f 1224 1110 1163
f 1225 1121 1298
f 1225 1298 1120
f 1226 1188 1354
f 1226 1354 1300
f 1227 1694 286
f 1227 286 1220
f 1228 1354 286
f 1228 286 1383
f 1229 1250 1269
f 1229 1269 1028
f 1230 1604 1675
f 1230 1675 1712
f 1231 1780 1712
f 1231 1712 1230
f 1232 2392 1033
f 1232 1033 1032
f 1233 1148 1164
f 1233 1164 928
f 1234 908 1240
f 1234 1240 907
f 1235 1185 1240
f 1235 1240 1138
f 1236 1441 1237
f 1236 1237 1519
f 1237 1539 1183
f 1237 1183 1441
f 1238 1009 1287
f 1238 1287 1081
f 1239 1243 1374
f 1239 1374 1395
f 1240 908 1284
f 1240 1284 1185
f 1241 1171 1242
f 1241 1242 1394
f 1242 857 1394
f 1242 1394 1255
f 1243 1395 1239
f 1243 1239 1373
f 1244 1736 859
f 1244 859 1245
f 1245 1244 1737
f 1245 1737 1736
f 1246 1079 1205
f 1246 1205 1215
f 1247 1541 1177
f 1247 1177 1497
f 1248 1629 1725
f 1248 1725 1660
f 1249 1761 1031
f 1249 1031 2016
f 1250 1229 1225
f 1250 1225 1127
f 1251 952 768
f 1251 768 797
f 1252 1620 1496
f 1252 1496 1360
f 1253 1271 1215
f 1253 1215 1118
f 1254 1255 857
f 1254 857 905
f 1255 857 1256
f 1255 1256 1254
f 1256 857 1255
f 1256 1255 1394
f 1257 1373 1395
f 1257 1395 908
f 1258 1393 1392
f 1258 1392 906
f 1259 1311 933
f 1259 933 1396
f 1260 1313 1312
f 1260 1312 909
f 1261 1236 1519
f 1261 1519 1262
f 1262 1261 1077
f 1262 1077 1236
f 1263 836 1206
f 1263 1206 1264
f 1264 1084 1083
f 1264 1083 1263
f 1265 1112 1369
f 1265 1369 917
f 1266 1369 1385
f 1266 1385 916
f 1267 1385 1676
f 1267 1676 1387
f 1268 1483 1651
f 1268 1651 1387
f 1269 1229 1177
f 1269 1177 1247
f 1270 1177 1100
f 1270 1100 1065
f 1271 1280 1253
f 1271 1253 1281
f 1272 1417 1437
f 1272 1437 1430
f 1273 1567 1424
f 1273 1424 1522
f 1274 1695 1696
f 1274 1696 1661
f 1275 1937 1697
f 1275 1697 1879
f 1276 1880 1944
f 1276 1944 1277
f 1277 1944 1956
f 1277 1956 1276
f 1278 1888 1279
f 1278 1279 1704
f 1279 1705 1887
f 1279 1887 1278
f 1280 1359 1271
f 1280 1271 1358
f 1281 1280 1271
f 1281 1271 445
f 1282 1168 1493
f 1282 1493 5022
f 1283 1396 1284
f 1283 1284 933
f 1284 1374 1239
f 1284 1239 1283
f 1285 1360 1253
f 1285 1253 1281
f 1286 1348 4998
f 1286 4998 1335
f 1287 1307 1143
f 1287 1143 1009
f 1288 938 4971
f 1288 4971 5007
f 1289 1083 1082
f 1289 1082 1264
f 1290 1291 523
f 1290 523 1340
f 1291 524 1297
f 1291 1297 1294
f 1292 1290 1204
f 1292 1204 1154
f 1293 1146 1263
f 1293 1263 523
f 1294 1297 1202
f 1294 1202 523
f 1295 1336 887
f 1295 887 1222
f 1296 1484 1658
f 1296 1658 1295
f 1297 989 524
f 1297 524 1202
f 1298 1118 1121
f 1298 1121 1225
f 1299 1218 1261
f 1299 1261 1566
f 1300 1315 1372
f 1300 1372 1226
f 1301 1450 1398
f 1301 1398 1397
f 1302 1642 1345
f 1302 1345 1615
f 1303 1345 1634
f 1303 1634 1468
f 1304 1533 1560
f 1304 1560 1587
f 1305 1636 1885
f 1305 1885 1465
f 1306 1365 1976
f 1306 1976 1952
f 1307 1335 1287
f 1307 1287 1141
f 1308 525 1155
f 1308 1155 1411
f 1309 986 1310
f 1309 1310 1368
f 1310 1155 1368
f 1310 1368 1308
f 1311 1259 858
f 1311 858 1374
f 1312 1313 933
f 1312 933 1381
f 1313 1312 1375
f 1313 1375 1562
f 1314 1291 1361
f 1314 1361 1204
f 1315 394 1217
f 1315 1217 1300
f 1316 1816 1779
f 1316 1779 1640
f 1317 1779 1746
f 1317 1746 1839
f 1318 1773 1905
f 1318 1905 1968
f 1319 1897 2116
f 1319 2116 2775
f 1320 2498 1954
f 1320 1954 2091
f 1321 1872 757
f 1321 757 1869
f 1322 963 1870
f 1322 1870 1882
f 1323 963 1656
f 1323 1656 1324
f 1324 1323 1707
f 1324 1707 1456
f 1325 1444 1343
f 1325 1343 1226
f 1326 1616 1475
f 1326 1475 1877
f 1327 1688 2275
f 1327 2275 2493
f 1328 1364 1565
f 1328 1565 2560
f 1329 2441 2440
f 1329 2440 1330
f 1330 1331 2813
f 1330 2813 1329
f 1331 2241 1330
f 1331 1330 1813
f 1332 2243 2870
f 1332 2870 2965
f 1333 3132 1334
f 1333 1334 2572
f 1334 1333 2885
f 1334 2885 2816
f 1335 1286 1348
f 1335 1348 1082
f 1336 1337 1222
f 1336 1222 1295
f 1337 1419 1336
f 1337 1336 526
f 1338 1350 1349
f 1338 1349 4985
f 1339 882 1370
f 1339 1370 1092
f 1340 1290 1143
f 1340 1143 1238
f 1341 1242 1393
f 1341 1393 1342
f 1342 1341 1378
f 1342 1378 1373
f 1343 1372 1450
f 1343 1450 1325
f 1344 1783 1746
f 1344 1746 1474
f 1345 1468 1470
f 1345 1470 1303
f 1346 1470 1642
f 1346 1642 1557
f 1347 1640 1418
f 1347 1418 1547
f 1348 1349 1286
f 1348 1286 4998
f 1349 1338 1348
f 1349 1348 1083
f 1350 1338 1351
f 1350 1351 4985
f 1351 5004 521
f 1351 521 4985
f 1352 4987 521
f 1352 521 1351
f 1353 5009 4977
f 1353 4977 5013
f 1354 1226 1228
f 1354 1228 1156
f 1355 1439 1670
f 1355 1670 574
f 1356 1368 526
f 1356 526 1337
f 1357 1401 1132
f 1357 1132 1089
f 1358 1119 444
f 1358 444 1359
f 1359 1417 444
f 1359 444 1280
f 1360 1281 445
f 1360 445 1285
f 1361 1172 1314
f 1361 1314 525
f 1362 1397 1301
f 1362 1301 1645
f 1363 1466 1723
f 1363 1723 1644
f 1364 2450 1919
f 1364 1919 1328
f 1365 2506 1952
f 1365 1952 1977
f 1366 2411 2834
f 1366 2834 2726
f 1367 2834 2240
f 1367 2240 2570
f 1368 1356 1108
f 1368 1108 1310
f 1369 1112 1096
f 1369 1096 1266
f 1370 976 1339
f 1370 1339 532
f 1371 1532 1617
f 1371 1617 1537
f 1372 1300 1418
f 1372 1418 1343
f 1373 1257 1258
f 1373 1258 1395
f 1374 1284 1239
f 1374 1239 1311
f 1375 1562 1313
f 1375 1313 1381
f 1376 1735 1751
f 1376 1751 932
f 1377 1239 908
f 1377 908 1378
f 1378 1377 1342
f 1378 1342 908
f 1379 1374 1377
f 1379 1377 1380
f 1380 1379 1476
f 1380 1476 1377
f 1381 1312 1396
f 1381 1396 933
f 1382 1104 1205
f 1382 1205 1496
f 1383 1444 1219
f 1383 1219 1228
f 1384 1421 1491
f 1384 1491 983
f 1385 1389 1267
f 1385 1267 1096
f 1386 1164 1388
f 1386 1388 1453
f 1387 1388 1453
f 1387 1453 1267
f 1388 1402 1387
f 1388 1387 1386
f 1389 1402 1096
f 1389 1096 1224
f 1390 1532 981
f 1390 981 890
f 1391 1406 1459
f 1391 1459 5018
f 1392 1258 1395
f 1392 1395 858
f 1393 1258 906
f 1393 906 1255
f 1394 857 1171
f 1394 1171 1242
f 1395 1243 1239
f 1395 1239 1373
f 1396 1283 1374
f 1396 1374 1259
f 1397 1444 1362
f 1397 1362 395
f 1398 1518 1301
f 1398 1301 1473
f 1399 1420 887
f 1399 887 1296
f 1400 927 928
f 1400 928 1211
f 1401 1357 1089
f 1401 1089 1477
f 1402 1097 1389
f 1402 1389 1098
f 1403 1178 769
f 1403 769 797
f 1404 1414 769
f 1404 769 1405
f 1405 757 1881
f 1405 1881 1404
f 1406 673 1427
f 1406 1427 1391
f 1407 5016 1408
f 1407 1408 755
f 1408 5020 1407
f 1408 1407 5019
f 1409 1485 867
f 1409 867 1212
f 1410 1418 1450
f 1410 1450 1500
f 1411 1308 1155
f 1411 1155 1204
f 1412 1625 1401
f 1412 1401 1090
f 1413 1158 1024
f 1413 1024 1065
f 1414 754 1404
f 1414 1404 769
f 1415 1631 1427
f 1415 1427 755
f 1416 1530 1431
f 1416 1431 1460
f 1417 1429 1437
f 1417 1437 1448
f 1418 1347 1372
f 1418 1372 1410
f 1419 1337 1356
f 1419 1356 1093
f 1420 1421 1399
f 1420 1399 1658
f 1421 1420 1584
f 1421 1584 1669
f 1422 1721 1675
f 1422 1675 1648
f 1423 1120 1422
f 1423 1422 1230
f 1424 1695 1567
f 1424 1567 1576
f 1425 1274 1273
f 1425 1273 1639
f 1426 1427 1547
f 1426 1547 1391
f 1427 1406 755
f 1427 755 1426
f 1428 1654 1640
f 1428 1640 1547
f 1429 1498 1448
f 1429 1448 1530
f 1430 1437 1433
f 1430 1433 1272
f 1431 1460 442
f 1431 442 1416
f 1432 1498 1448
f 1432 1448 1499
f 1433 1448 1437
f 1433 1437 1432
f 1434 1463 1531
f 1434 1531 1464
f 1435 1554 1434
f 1435 1434 1555
f 1436 1019 1446
f 1436 1446 1492
f 1437 1448 1417
f 1437 1417 1430
f 1438 445 1486
f 1438 1486 1430
f 1439 1564 1493
f 1439 1493 1355
f 1440 808 1672
f 1440 1672 1564
f 1441 1138 1236
f 1441 1236 1183
f 1442 1108 1155
f 1442 1155 1094
f 1443 1566 1686
f 1443 1686 1753
f 1444 1397 1325
f 1444 1325 1383
f 1445 770 755
f 1445 755 1414
f 1446 876 1436
f 1446 1436 1492
f 1447 1669 876
f 1447 876 1584
f 1448 1432 1429
f 1448 1429 1498
f 1449 1459 1547
f 1449 1547 1391
f 1450 1301 1343
f 1450 1343 1410
f 1451 446 1452
f 1451 1452 1486
f 1452 1494 1486
f 1452 1486 1458
f 1453 1483 900
f 1453 900 1386
f 1454 1685 1586
f 1454 1586 1485
f 1455 778 1166
f 1455 1166 703
f 1456 1324 1457
f 1456 1457 1707
f 1457 1707 1706
f 1457 1706 1883
f 1458 1433 1430
f 1458 1430 1435
f 1459 394 1391
f 1459 1391 1449
f 1460 1431 1499
f 1460 1499 1530
f 1461 441 1664
f 1461 1664 1641
f 1462 1535 1665
f 1462 1665 1664
f 1463 1581 1553
f 1463 1553 1464
f 1464 1463 1582
f 1464 1582 1554
f 1465 1536 1552
f 1465 1552 1636
f 1466 1363 1622
f 1466 1622 1304
f 1467 1468 1469
f 1467 1469 1765
f 1468 1467 1469
f 1468 1469 1750
f 1469 1750 1765
f 1469 1765 1467
f 1470 1750 1468
f 1470 1468 1346
f 1471 1643 1616
f 1471 1616 1615
f 1472 1918 1819
f 1472 1819 1885
f 1473 1398 1615
f 1473 1615 1302
f 1474 1344 1746
f 1474 1746 1640
f 1475 1326 1645
f 1475 1645 1473
f 1476 1378 1380
f 1476 1380 1089
f 1477 1478 1380
f 1477 1380 1476
f 1478 1487 1477
f 1478 1477 1488
f 1479 1480 1213
f 1479 1213 930
f 1480 1657 931
f 1480 931 930
f 1481 1714 1713
f 1481 1713 1728
f 1482 1733 1708
f 1482 1708 1770
f 1483 1453 929
f 1483 929 1268
f 1484 1419 1296
f 1484 1296 1093
f 1485 1211 1454
f 1485 1454 1023
f 1486 1438 1430
f 1486 1430 1458
f 1487 1396 1478
f 1487 1478 1379
f 1488 1668 1478
f 1488 1478 1489
f 1489 1488 1480
f 1489 1480 1479
f 1490 1753 1681
f 1490 1681 1618
f 1491 1384 1412
f 1491 1412 853
f 1492 1436 1212
f 1492 1212 1446
f 1493 1543 1282
f 1493 1282 5022
f 1494 1452 1561
f 1494 1561 447
f 1495 1885 1771
f 1495 1771 1305
f 1496 1252 1360
f 1496 1360 1382
f 1497 1541 1029
f 1497 1029 1159
f 1498 1530 1429
f 1498 1429 1432
f 1499 1460 1498
f 1499 1498 1432
f 1500 1518 1410
f 1500 1410 1579
f 1501 1936 2015
f 1501 2015 1898
f 1502 2137 2087
f 1502 2087 2873
f 1503 3210 2692
f 1503 2692 3045
f 1504 3551 3676
f 1504 3676 3399
f 1505 3705 2728
f 1505 2728 2896
f 1506 1507 2644
f 1506 2644 2893
f 1507 2723 2461
f 1507 2461 2462
f 1508 2459 2460
f 1508 2460 2957
f 1509 1510 3110
f 1509 3110 3189
f 1510 3189 1509
f 1510 1509 3066
f 1511 3055 3066
f 1511 3066 3139
f 1512 2765 1513
f 1512 1513 3004
f 1513 2948 1512
f 1513 1512 1514
f 1514 2764 2875
f 1514 2875 1995
f 1515 1516 2750
f 1515 2750 2807
f 1516 1515 2751
f 1516 2751 2750
f 1517 1993 2682
f 1517 2682 2806
f 1518 1642 1398
f 1518 1398 1613
f 1519 1236 1680
f 1519 1680 1237
f 1520 1080 1717
f 1520 1717 1686
f 1521 1210 1629
f 1521 1629 1248
f 1522 1641 1663
f 1522 1663 442
f 1523 961 1706
f 1523 1706 1544
f 1524 2014 1525
f 1524 1525 1526
f 1525 1912 2103
f 1525 2103 812
f 1526 1912 1883
f 1526 1883 1524
f 1527 1873 962
f 1527 962 1831
f 1528 1871 1892
f 1528 1892 1872
f 1529 2232 2092
f 1529 2092 2091
f 1530 1498 1460
f 1530 1460 1499
f 1531 1432 1434
f 1531 1434 1578
f 1532 1390 1371
f 1532 1371 1174
f 1533 1679 1667
f 1533 1667 1606
f 1534 1665 1690
f 1534 1690 1580
f 1535 1665 1462
f 1535 1462 1614
f 1536 1552 1556
f 1536 1556 1554
f 1537 532 1617
f 1537 1617 1371
f 1538 1562 1313
f 1538 1313 1623
f 1539 1139 1183
f 1539 1183 1237
f 1540 1220 1670
f 1540 1670 1355
f 1541 1721 1247
f 1541 1247 1774
f 1542 1633 5022
f 1542 5022 1523
f 1543 1633 1874
f 1543 1874 1893
f 1544 1834 1832
f 1544 1832 1524
f 1545 1893 1832
f 1545 1832 1732
f 1546 1605 1460
f 1546 1460 1462
f 1547 1449 1426
f 1547 1426 1347
f 1548 1610 1965
f 1548 1965 2010
f 1549 1611 1590
f 1549 1590 1591
f 1550 1549 1610
f 1550 1610 1589
f 1551 1666 1765
f 1551 1765 1606
f 1552 1582 1536
f 1552 1536 1464
f 1553 1614 1535
f 1553 1535 1581
f 1554 1464 1556
f 1554 1556 1536
f 1555 1556 1435
f 1555 1435 1561
f 1556 1536 1554
f 1556 1554 1636
f 1557 1889 1731
f 1557 1731 1346
f 1558 2284 2015
f 1558 2015 2468
f 1559 2332 2956
f 1559 2956 3034
f 1560 1587 1552
f 1560 1552 1582
f 1561 1636 1555
f 1561 1555 1494
f 1562 1624 1375
f 1562 1375 1657
f 1563 1624 1735
f 1563 1735 1736
f 1564 1439 1874
f 1564 1874 1440
f 1565 2813 2450
f 1565 2450 1329
f 1566 1078 1443
f 1566 1443 1299
f 1567 1522 1577
f 1567 1577 1424
f 1568 1576 1577
f 1568 1577 5155
f 1569 1785 1906
f 1569 1906 1938
f 1570 1841 1569
f 1570 1569 1824
f 1571 1842 1846
f 1571 1846 1847
f 1572 1949 1846
f 1572 1846 1908
f 1573 1851 1852
f 1573 1852 1908
f 1574 1825 1828
f 1574 1828 1827
f 1575 1763 1747
f 1575 1747 1800
f 1576 1677 1568
f 1576 1568 5155
f 1577 1663 1568
f 1577 1568 441
f 1578 1553 1463
f 1578 1463 1462
f 1579 1344 1613
f 1579 1613 1474
f 1580 1534 1614
f 1580 1614 1679
f 1581 1463 1582
f 1581 1582 1553
f 1582 1581 1464
f 1582 1464 1552
f 1583 1093 1617
f 1583 1617 532
f 1584 1421 1447
f 1584 1447 982
f 1585 1639 1604
f 1585 1604 1683
f 1586 1454 1716
f 1586 1716 1400
f 1587 1614 1580
f 1587 1580 1582
f 1588 1607 1589
f 1588 1589 1608
f 1589 1609 1590
f 1589 1590 1588
f 1590 1609 1611
f 1590 1611 1549
f 1591 1611 1950
f 1591 1950 1826
f 1592 2121 5180
f 1592 5180 1865
f 1593 5180 1592
f 1593 1592 437
f 1594 2352 2206
f 1594 2206 435
f 1595 432 2413
f 1595 2413 1985
f 1596 1987 1597
f 1596 1597 2315
f 1597 1596 2471
f 1597 2471 2523
f 1598 2686 2683
f 1598 2683 2685
f 1599 2616 2683
f 1599 2683 1991
f 1600 1601 5178
f 1600 5178 1690
f 1601 1678 5178
f 1601 5178 1749
f 1602 1575 1612
f 1602 1612 1800
f 1603 1237 1539
f 1603 1539 861
f 1604 1230 1585
f 1604 1585 1712
f 1605 1641 442
f 1605 442 1461
f 1606 1666 1667
f 1606 1667 1588
f 1607 1749 1588
f 1607 1588 1608
f 1608 1609 1749
f 1608 1749 1602
f 1609 1608 1590
f 1609 1590 439
f 1610 1965 1549
f 1610 1549 1591
f 1611 1549 1591
f 1611 1591 1590
f 1612 1800 1801
f 1612 1801 439
f 1613 1557 1731
f 1613 1731 1518
f 1614 1553 1535
f 1614 1535 1581
f 1615 1643 1302
f 1615 1302 1473
f 1616 1363 1471
f 1616 1471 1326
f 1617 1658 1583
f 1617 1583 1537
f 1618 1566 1490
f 1618 1490 1443
f 1619 1681 1814
f 1619 1814 1382
f 1620 1438 1252
f 1620 1252 1105
f 1621 928 1164
f 1621 1164 1586
f 1622 1643 1632
f 1622 1632 1466
f 1623 1538 1260
f 1623 1260 860
f 1624 1563 1562
f 1624 1562 1657
f 1625 1627 1412
f 1625 1412 1626
f 1626 1625 1627
f 1626 1627 852
f 1627 1488 1478
f 1627 1478 1625
f 1628 1753 862
f 1628 862 1754
f 1629 1024 1521
f 1629 1521 1248
f 1630 2224 1777
f 1630 1777 2080
f 1631 1415 756
f 1631 756 770
f 1632 1606 1533
f 1632 1533 1634
f 1633 1893 1543
f 1633 1543 1545
f 1634 1467 1632
f 1634 1632 1303
f 1635 1560 1465
f 1635 1465 1723
f 1636 1556 1305
f 1636 1305 1561
f 1637 1638 1384
f 1637 1384 1584
f 1638 852 1637
f 1638 1637 1626
f 1639 1683 1585
f 1639 1585 1425
f 1640 1316 1347
f 1640 1347 1746
f 1641 1663 1522
f 1641 1522 442
f 1642 1346 1518
f 1642 1518 1302
f 1643 1622 1303
f 1643 1303 1471
f 1644 1758 1363
f 1644 1363 1688
f 1645 1687 1362
f 1645 1362 1475
f 1646 446 1915
f 1646 1915 1719
f 1647 1804 2256
f 1647 2256 2519
f 1648 1710 1721
f 1648 1721 1422
f 1649 1030 1650
f 1649 1650 1745
f 1650 1031 1649
f 1650 1649 1711
f 1651 1878 1725
f 1651 1725 1268
f 1652 1415 1428
f 1652 1428 1920
f 1653 1896 2057
f 1653 2057 1652
f 1654 1724 1316
f 1654 1316 1428
f 1655 758 760
f 1655 760 759
f 1656 760 1322
f 1656 1322 1323
f 1657 1624 1562
f 1657 1562 931
f 1658 1617 1669
f 1658 1669 1296
f 1659 1105 1772
f 1659 1772 1915
f 1660 1730 1745
f 1660 1745 1159
f 1661 1695 1662
f 1661 1662 1684
f 1662 1784 1726
f 1662 1726 1661
f 1663 1577 1641
f 1663 1641 441
f 1664 1665 1461
f 1664 1461 1690
f 1665 1535 1664
f 1665 1664 1690
f 1666 1550 1589
f 1666 1589 1588
f 1667 1607 1600
f 1667 1600 1588
f 1668 1375 1381
f 1668 1381 1488
f 1669 1658 1447
f 1669 1447 1421
f 1670 1540 807
f 1670 807 1729
f 1671 2188 1440
f 1671 1440 1672
f 1672 2018 2188
f 1672 2188 2105
f 1673 809 2104
f 1673 2104 1833
f 1674 1820 1694
f 1674 1694 1670
f 1675 1230 1422
f 1675 1422 1759
f 1676 1267 1651
f 1676 1651 915
f 1677 1576 1684
f 1677 1684 1747
f 1678 1601 5177
f 1678 5177 5155
f 1679 1580 1534
f 1679 1534 1600
f 1680 1717 1519
f 1680 1519 1078
f 1681 1490 1754
f 1681 1754 1619
f 1682 1935 1837
f 1682 1837 1104
f 1683 1275 1722
f 1683 1722 1639
f 1684 1763 1677
f 1684 1677 1747
f 1685 934 1454
f 1685 1454 1212
f 1686 1443 1753
f 1686 1753 1913
f 1687 1692 1807
f 1687 1807 1645
f 1688 1877 1327
f 1688 1327 1644
f 1689 441 5155
f 1689 5155 1678
f 1690 5178 1664
f 1690 1664 1665
f 1691 982 935
f 1691 935 1638
f 1692 1687 2079
f 1692 2079 1895
f 1693 2291 2079
f 1693 2079 2467
f 1694 1227 1674
f 1694 1674 2283
f 1695 1661 1424
f 1695 1424 1677
f 1696 1662 1726
f 1696 1726 1661
f 1697 1726 1823
f 1697 1823 1879
f 1698 1916 1907
f 1698 1907 1917
f 1699 2021 2068
f 1699 2068 2246
f 1700 2325 2070
f 1700 2070 2069
f 1701 2248 2338
f 1701 2338 1704
f 1702 1703 2434
f 1702 2434 1959
f 1703 1702 2338
f 1703 2338 1705
f 1704 2245 1701
f 1704 1701 2248
f 1705 1959 1279
f 1705 1279 1703
f 1706 1457 1883
f 1706 1883 961
f 1707 1873 1457
f 1707 1457 1883
f 1708 1714 1733
f 1708 1733 1715
f 1709 1496 1772
f 1709 1772 1104
f 1710 1648 1711
f 1710 1711 1030
f 1711 1710 1821
f 1711 1821 1031
f 1712 1722 1886
f 1712 1886 1604
f 1713 932 1481
f 1713 1481 931
f 1714 1481 1708
f 1714 1708 1751
f 1715 1708 1481
f 1715 1481 1728
f 1716 1776 1770
f 1716 1770 1586
f 1717 1680 861
f 1717 861 1080
f 1718 1671 1739
f 1718 1739 1729
f 1719 447 1646
f 1719 1646 446
f 1720 1953 1646
f 1720 1646 2346
f 1721 1541 1648
f 1721 1648 1422
f 1722 1683 1712
f 1722 1712 1276
f 1723 1819 1635
f 1723 1635 1758
f 1724 1816 1968
f 1724 1968 1316
f 1725 1775 1651
f 1725 1651 1248
f 1726 1817 1818
f 1726 1818 1697
f 1727 1783 1731
f 1727 1731 1936
f 1728 1481 1713
f 1728 1713 930
f 1729 807 1718
f 1729 1718 1670
f 1730 1660 1948
f 1730 1948 2017
f 1731 1557 1898
f 1731 1898 1727
f 1732 1832 1545
f 1732 1545 1893
f 1733 1708 1752
f 1733 1752 1482
f 1734 1955 1894
f 1734 1894 2022
f 1735 1736 1563
f 1735 1563 1376
f 1736 1735 1563
f 1736 1563 1244
f 1737 1245 1904
f 1737 1904 1894
f 1738 860 1244
f 1738 1244 1245
f 1739 2342 2188
f 1739 2188 1718
f 1740 2585 2866
f 1740 2866 2189
f 1741 2674 3406
f 1741 3406 3408
f 1742 3406 291
f 1742 291 3458
f 1743 2585 1739
f 1743 1739 2866
f 1744 1952 1919
f 1744 1919 1364
f 1745 1029 1649
f 1745 1649 1660
f 1746 1317 1779
f 1746 1779 1316
f 1747 1677 1684
f 1747 1684 1575
f 1748 1548 1550
f 1748 1550 1666
f 1749 5177 1602
f 1749 1602 1608
f 1750 1469 1470
f 1750 1470 1903
f 1751 1376 1714
f 1751 1714 932
f 1752 1751 1733
f 1752 1733 1376
f 1753 1686 1490
f 1753 1490 1443
f 1754 1803 1681
f 1754 1681 1778
f 1755 2396 1756
f 1755 1756 5039
f 1756 865 5037
f 1756 5037 2396
f 1757 2569 2546
f 1757 2546 2274
f 1758 2275 1723
f 1758 1723 1644
f 1759 1675 1780
f 1759 1780 1821
f 1760 2142 1761
f 1760 1761 1781
f 1761 1760 1031
f 1761 1031 1822
f 1762 1817 1801
f 1762 1801 440
f 1763 1784 1684
f 1763 1684 1575
f 1764 1823 1785
f 1764 1785 1824
f 1765 1469 1467
f 1765 1467 1766
f 1766 1899 1765
f 1766 1765 1748
f 1767 2106 2058
f 1767 2058 1830
f 1768 2107 2284
f 1768 2284 2476
f 1769 2019 1889
f 1769 1889 1898
f 1770 1482 1776
f 1770 1776 1715
f 1771 1495 447
f 1771 447 1306
f 1772 1939 1659
f 1772 1659 2126
f 1773 1839 1968
f 1773 1968 1840
f 1774 1029 1541
f 1774 1541 1030
f 1775 1725 2017
f 1775 2017 1248
f 1776 1715 1770
f 1776 1770 1716
f 1777 1876 1630
f 1777 1630 2085
f 1778 2078 1803
f 1778 1803 862
f 1779 1816 1839
f 1779 1839 1317
f 1780 1231 1781
f 1780 1781 1821
f 1781 1978 1780
f 1781 1780 1886
f 1782 2143 1887
f 1782 1887 1232
f 1783 1840 1344
f 1783 1344 1317
f 1784 1799 1818
f 1784 1818 1763
f 1785 1764 1569
f 1785 1569 1879
f 1786 2067 1787
f 1786 1787 2069
f 1787 2063 1786
f 1787 1786 2069
f 1788 1924 1923
f 1788 1923 1926
f 1789 1931 2064
f 1789 2064 1923
f 1790 1930 1929
f 1790 1929 2419
f 1791 2470 1041
f 1791 1041 1042
f 1792 2470 2668
f 1792 2668 2729
f 1793 2496 2470
f 1793 2470 2630
f 1794 429 431
f 1794 431 430
f 1795 1927 2334
f 1795 2334 2629
f 1796 2479 2356
f 1796 2356 2390
f 1797 2354 2389
f 1797 2389 433
f 1798 2479 433
f 1798 433 2355
f 1799 1784 1818
f 1799 1818 1800
f 1800 1799 1575
f 1800 1575 1612
f 1801 440 1762
f 1801 1762 1800
f 1802 861 2085
f 1802 2085 911
f 1803 1935 2055
f 1803 2055 1778
f 1804 1806 1805
f 1804 1805 1647
f 1805 1940 2345
f 1805 2345 1804
f 1806 1804 2055
f 1806 2055 1941
f 1807 1687 1877
f 1807 1877 1326
f 1808 397 1975
f 1808 1975 2517
f 1809 1895 2815
f 1809 2815 2624
f 1810 2639 2664
f 1810 2664 2115
f 1811 2867 2932
f 1811 2932 2868
f 1812 1813 3010
f 1812 3010 2867
f 1813 2242 1331
f 1813 1331 1812
f 1814 1803 1935
f 1814 1935 1754
f 1815 1694 2283
f 1815 2283 1189
f 1816 1779 1839
f 1816 1839 1724
f 1817 1823 1818
f 1817 1818 1726
f 1818 1817 1784
f 1818 1784 1799
f 1819 1472 1723
f 1819 1723 1305
f 1820 1221 1729
f 1820 1729 1674
f 1821 1780 1031
f 1821 1031 1711
f 1822 1761 1782
f 1822 1782 1232
f 1823 1817 1764
f 1823 1764 1697
f 1824 1825 1764
f 1824 1764 1785
f 1825 1574 1828
f 1825 1828 1824
f 1826 1827 1949
f 1826 1949 1574
f 1827 1826 1574
f 1827 1574 1828
f 1828 1574 438
f 1828 438 1825
f 1829 1889 1903
f 1829 1903 2020
f 1830 1767 1903
f 1830 1903 2020
f 1831 1870 1911
f 1831 1911 962
f 1832 1834 1732
f 1832 1732 1545
f 1833 1832 1834
f 1833 1834 1836
f 1834 1835 1832
f 1834 1832 2014
f 1835 2014 1834
f 1835 1834 1836
f 1836 1835 810
f 1836 810 809
f 1837 1682 1939
f 1837 1939 1804
f 1838 2346 1915
f 1838 1915 2126
f 1839 1779 1816
f 1839 1816 1773
f 1840 1773 1783
f 1840 1783 1317
f 1841 1907 1906
f 1841 1906 1846
f 1842 1571 1917
f 1842 1917 1847
f 1843 1848 2066
f 1843 2066 1847
f 1844 2066 2060
f 1844 2060 1921
f 1845 1917 1850
f 1845 1850 1947
f 1846 1841 1907
f 1846 1907 1571
f 1847 1848 1842
f 1847 1842 1843
f 1848 1847 1843
f 1848 1843 1921
f 1849 1962 1866
f 1849 1866 1854
f 1850 1853 1963
f 1850 1963 1845
f 1851 1963 1573
f 1851 1573 1908
f 1852 1949 1573
f 1852 1573 1827
f 1853 2071 1850
f 1853 1850 1963
f 1854 1962 1866
f 1854 1866 2072
f 1855 2118 1864
f 1855 1864 1868
f 1856 2204 1860
f 1856 1860 2120
f 1857 2353 2352
f 1857 2352 2381
f 1858 2138 1859
f 1858 1859 2139
f 1859 2059 1858
f 1859 1858 2061
f 1860 1868 2257
f 1860 2257 1856
f 1861 2257 1862
f 1861 1862 2119
f 1862 2205 2119
f 1862 2119 1863
f 1863 2381 2205
f 1863 2205 1862
f 1864 1855 1868
f 1864 1868 5180
f 1865 5180 2118
f 1865 2118 1909
f 1866 1909 1854
f 1866 1854 2117
f 1867 1909 2118
f 1867 2118 2117
f 1868 1860 2138
f 1868 2138 1855
f 1869 1934 1871
f 1869 1871 757
f 1870 963 1882
f 1870 1882 962
f 1871 1934 1869
f 1871 1869 2013
f 1872 2093 1871
f 1872 1871 1528
f 1873 962 1707
f 1873 1707 1527
f 1874 1893 1543
f 1874 1543 808
f 1875 2320 1753
f 1875 1753 1913
f 1876 1080 1913
f 1876 1913 1777
f 1877 1688 1326
f 1877 1326 1807
f 1878 2022 1651
f 1878 1651 912
f 1879 1785 1697
f 1879 1697 1937
f 1880 1938 1937
f 1880 1937 1945
f 1881 757 2012
f 1881 2012 1321
f 1882 1911 1870
f 1882 1870 1910
f 1883 1707 1873
f 1883 1873 1526
f 1884 1482 1955
f 1884 1955 1733
f 1885 1305 1919
f 1885 1919 1472
f 1886 1277 1712
f 1886 1712 1276
f 1887 1279 1705
f 1887 1705 2143
f 1888 1278 1887
f 1888 1887 1979
f 1889 1829 1557
f 1889 1557 1769
f 1890 5023 812
f 1890 812 1912
f 1891 5023 2127
f 1891 2127 1892
f 1892 1891 1528
f 1892 1528 2109
f 1893 1545 1633
f 1893 1633 1732
f 1894 1737 1734
f 1894 1734 913
f 1895 1809 1975
f 1895 1975 1692
f 1896 1724 1654
f 1896 1654 1897
f 1897 1968 1896
f 1897 1896 1318
f 1898 1731 1769
f 1898 1769 1501
f 1899 1766 1980
f 1899 1980 1548
f 1900 1981 1983
f 1900 1983 2278
f 1901 2454 2406
f 1901 2406 2333
f 1902 2526 2202
f 1902 2202 2644
f 1903 1750 1830
f 1903 1830 1469
f 1904 1752 1737
f 1904 1737 1376
f 1905 1936 1318
f 1905 1318 1840
f 1906 1569 1841
f 1906 1841 1907
f 1907 1841 1916
f 1907 1916 1906
f 1908 1573 1572
f 1908 1572 1963
f 1909 2118 1866
f 1909 1866 2117
f 1910 1934 1882
f 1910 1882 2013
f 1911 1882 2013
f 1911 2013 1831
f 1912 812 1525
f 1912 1525 1890
f 1913 1686 1876
f 1913 1876 1875
f 1914 1953 1976
f 1914 1976 447
f 1915 1646 1838
f 1915 1838 1659
f 1916 1907 1698
f 1916 1698 1917
f 1917 1845 1842
f 1917 1842 1916
f 1918 1472 2560
f 1918 2560 1919
f 1919 1364 1885
f 1919 1885 1918
f 1920 756 2057
f 1920 2057 1631
f 1921 1848 2061
f 1921 2061 2117
f 1922 2141 2140
f 1922 2140 1789
f 1923 1788 1924
f 1923 1924 1789
f 1924 1788 2387
f 1924 2387 1923
f 1925 2497 1926
f 1925 1926 2384
f 1926 1925 2417
f 1926 2417 1788
f 1927 1795 1930
f 1927 1930 2629
f 1928 2418 1926
f 1928 1926 1929
f 1929 1790 2594
f 1929 2594 2418
f 1930 1927 1790
f 1930 1790 2386
f 1931 1789 1932
f 1931 1932 2324
f 1932 2387 2324
f 1932 2324 2408
f 1933 1951 2073
f 1933 2073 2010
f 1934 1910 2013
f 1934 2013 1871
f 1935 1682 1803
f 1935 1803 1806
f 1936 1501 1905
f 1936 1905 1727
f 1937 1879 1938
f 1937 1938 1880
f 1938 1906 1569
f 1938 1569 1937
f 1939 1837 1772
f 1939 1772 1647
f 1940 5034 2508
f 1940 2508 2343
f 1941 5034 1940
f 1941 1940 2321
f 1942 2508 2429
f 1942 2429 5034
f 1943 2344 5040
f 1943 5040 1942
f 1944 1945 1946
f 1944 1946 1880
f 1945 1947 1698
f 1945 1698 1944
f 1946 2021 1945
f 1946 1945 1944
f 1947 1843 1845
f 1947 1845 1945
f 1948 1730 1649
f 1948 1649 2016
f 1949 1572 1852
f 1949 1852 1826
f 1950 1951 1591
f 1950 1591 1573
f 1951 2071 1933
f 1951 1933 1963
f 1952 2450 1365
f 1952 1365 1744
f 1953 448 1914
f 1953 1914 1720
f 1954 1529 2091
f 1954 2091 1974
f 1955 1884 1734
f 1955 1734 1904
f 1956 1957 1946
f 1956 1946 1277
f 1957 2246 1946
f 1957 1946 1956
f 1958 2246 2245
f 1958 2245 1957
f 1959 1702 2434
f 1959 2434 1705
f 1960 1036 2434
f 1960 2434 1959
f 1961 1962 1963
f 1961 1963 1849
f 1962 1961 1854
f 1962 1854 1849
f 1963 2071 1851
f 1963 1851 1961
f 1964 2121 2073
f 1964 2073 2011
f 1965 1950 1610
f 1965 1610 1933
f 1966 437 1981
f 1966 1981 1967
f 1967 2120 2123
f 1967 2123 437
f 1968 1773 1839
f 1968 1839 1724
f 1969 1966 1593
f 1969 1593 2011
f 1970 2407 1984
f 1970 1984 1985
f 1971 2685 2472
f 1971 2472 425
f 1972 1598 2685
f 1972 2685 2686
f 1973 2475 3066
f 1973 3066 2892
f 1974 2093 2012
f 1974 2012 1321
f 1975 1808 1895
f 1975 1895 1807
f 1976 1977 1365
f 1976 1365 448
f 1977 1366 2411
f 1977 2411 1365
f 1978 1956 1781
f 1978 1781 1979
f 1979 1888 1278
f 1979 1278 1958
f 1980 2010 2011
f 1980 2011 2058
f 1981 1966 2258
f 1981 2258 2123
f 1982 2313 435
f 1982 435 1984
f 1983 2206 1594
f 1983 1594 436
f 1984 2313 2406
f 1984 2406 1970
f 1985 2455 1595
f 1985 1595 1970
f 1986 2615 2681
f 1986 2681 2595
f 1987 2315 2314
f 1987 2314 2414
f 1988 2538 2316
f 1988 2316 2414
f 1989 2581 2681
f 1989 2681 2628
f 1990 428 2595
f 1990 2595 1988
f 1991 424 5156
f 1991 5156 5179
f 1992 2009 5158
f 1992 5158 2694
f 1993 2946 2973
f 1993 2973 2901
f 1994 2947 2973
f 1994 2973 2006
f 1995 2889 2968
f 1995 2968 3002
f 1996 5166 5165
f 1996 5165 5164
f 1997 1998 2001
f 1997 2001 3218
f 1998 1997 2003
f 1998 2003 2746
f 1999 5186 416
f 1999 416 2891
f 2000 417 2832
f 2000 2832 415
f 2001 3158 1997
f 2001 1997 2891
f 2002 2891 2702
f 2002 2702 2001
f 2003 2746 1998
f 2003 1998 1997
f 2004 2890 2005
f 2004 2005 421
f 2005 2890 2004
f 2005 2004 421
f 2006 2947 2967
f 2006 2967 3002
f 2007 424 5157
f 2007 5157 5179
f 2008 2888 5158
f 2008 5158 1993
f 2009 1992 2694
f 2009 2694 5181
f 2010 1933 1980
f 2010 1980 1964
f 2011 1964 1593
f 2011 1593 1592
f 2012 1974 1881
f 2012 1881 1954
f 2013 1934 1910
f 2013 1910 1911
f 2014 1835 2103
f 2014 2103 1524
f 2015 1501 2019
f 2015 2019 1558
f 2016 1650 1948
f 2016 1948 2264
f 2017 914 1775
f 2017 1775 1730
f 2018 2104 1672
f 2018 1672 808
f 2019 2284 1769
f 2019 1769 2020
f 2020 1829 2019
f 2020 2019 1830
f 2021 1699 1843
f 2021 1843 1946
f 2022 1734 1878
f 2022 1878 2017
f 2023 2052 2041
f 2023 2041 2039
f 2024 2032 2235
f 2024 2235 2041
f 2025 2099 2235
f 2025 2235 2081
f 2026 2095 2043
f 2026 2043 2042
f 2027 2156 2250
f 2027 2250 2260
f 2028 2097 2051
f 2028 2051 2046
f 2029 2035 2036
f 2029 2036 2132
f 2030 2036 2084
f 2030 2084 827
f 2031 2038 2084
f 2031 2084 2032
f 2032 2031 2038
f 2032 2038 2024
f 2033 2097 2132
f 2033 2132 2185
f 2034 2185 2187
f 2034 2187 2132
f 2035 2037 2036
f 2035 2036 2051
f 2036 2035 2037
f 2036 2037 2029
f 2037 2035 2036
f 2037 2036 2053
f 2038 2031 2052
f 2038 2052 2032
f 2039 2040 2052
f 2039 2052 2050
f 2040 2050 2039
f 2040 2039 2048
f 2041 2023 2074
f 2041 2074 2081
f 2042 2082 2094
f 2042 2094 2026
f 2043 2095 2265
f 2043 2265 2156
f 2044 2096 2265
f 2044 2265 2083
f 2045 2083 2289
f 2045 2289 2288
f 2046 2114 2028
f 2046 2028 2049
f 2047 2114 2097
f 2047 2097 2033
f 2048 2040 2051
f 2048 2051 2049
f 2049 2046 2048
f 2049 2048 2125
f 2050 2052 2053
f 2050 2053 2040
f 2051 2053 2028
f 2051 2028 2048
f 2052 2050 2039
f 2052 2039 2038
f 2053 2050 2051
f 2053 2051 2040
f 2054 2102 2113
f 2054 2113 2101
f 2055 1806 1803
f 2055 1803 1935
f 2056 2359 2277
f 2056 2277 2725
f 2057 1920 2391
f 2057 2391 2509
f 2058 1980 1969
f 2058 1969 2106
f 2059 1859 2062
f 2059 2062 2060
f 2060 2062 1844
f 2060 1844 2059
f 2061 2117 1921
f 2061 1921 1859
f 2062 2067 2060
f 2062 2060 2059
f 2063 1787 2065
f 2063 2065 2069
f 2064 2400 1789
f 2064 1789 2065
f 2065 2063 2070
f 2065 2070 2400
f 2066 1843 1844
f 2066 1844 1845
f 2067 2062 1786
f 2067 1786 2059
f 2068 1699 2249
f 2068 2249 2246
f 2069 1787 1786
f 2069 1786 2063
f 2070 2065 2400
f 2070 2400 1700
f 2071 1853 1963
f 2071 1963 2072
f 2072 2073 2071
f 2072 2071 1962
f 2073 2072 2121
f 2073 2121 1951
f 2074 2041 2081
f 2074 2081 2102
f 2075 2076 2111
f 2075 2111 2094
f 2076 2111 2075
f 2076 2075 2102
f 2077 913 2098
f 2077 2098 1894
f 2078 1755 1778
f 2078 1778 863
f 2079 1693 1692
f 2079 1692 396
f 2080 1777 1249
f 2080 1249 1630
f 2081 2094 2099
f 2081 2099 2074
f 2082 2042 2095
f 2082 2095 2099
f 2083 2100 2265
f 2083 2265 2319
f 2084 2031 2036
f 2084 2036 2038
f 2085 1802 2239
f 2085 2239 1876
f 2086 2613 2256
f 2086 2256 2200
f 2087 2116 1318
f 2087 1318 1502
f 2088 2089 3091
f 2088 3091 3019
f 2089 2976 3091
f 2089 3091 2514
f 2090 2513 2514
f 2090 2514 2089
f 2091 2287 1529
f 2091 1529 2498
f 2092 2263 2093
f 2092 2093 2231
f 2093 1872 1974
f 2093 1974 2092
f 2094 2099 2042
f 2094 2042 2081
f 2095 2082 2026
f 2095 2026 2043
f 2096 2043 2044
f 2096 2044 2156
f 2097 2028 2033
f 2097 2033 2047
f 2098 914 1894
f 2098 1894 2077
f 2099 2094 2082
f 2099 2082 2081
f 2100 2265 2082
f 2100 2082 2095
f 2101 2054 2039
f 2101 2039 2102
f 2102 2054 2101
f 2102 2101 2113
f 2103 1525 2014
f 2103 2014 810
f 2104 2018 1673
f 2104 1673 1833
f 2105 2018 2238
f 2105 2238 1672
f 2106 1900 2201
f 2106 2201 2058
f 2107 1768 2201
f 2107 2201 1767
f 2108 2109 2231
f 2108 2231 813
f 2109 2108 2127
f 2109 2127 2231
f 2110 2111 2112
f 2110 2112 2250
f 2111 2076 2110
f 2111 2110 2112
f 2112 2111 2110
f 2112 2110 2155
f 2113 2125 2054
f 2113 2054 2102
f 2114 2046 2047
f 2114 2047 2128
f 2115 2275 2560
f 2115 2560 2493
f 2116 2087 2692
f 2116 2692 2775
f 2117 1909 2061
f 2117 2061 1866
f 2118 1855 1909
f 2118 1909 1865
f 2119 2203 2205
f 2119 2205 1862
f 2120 1967 2258
f 2120 2258 2204
f 2121 1592 2073
f 2121 2073 1866
f 2122 437 1864
f 2122 1864 1856
f 2123 2258 436
f 2123 436 1967
f 2124 2249 2069
f 2124 2069 2068
f 2125 2113 2054
f 2125 2054 2049
f 2126 2256 1772
f 2126 1772 2086
f 2127 2109 1891
f 2127 1891 2130
f 2128 2114 2046
f 2128 2046 2049
f 2129 2267 2186
f 2129 2186 2318
f 2130 5023 2127
f 2130 2127 1891
f 2131 2108 813
f 2131 813 2127
f 2132 2033 2029
f 2132 2029 2097
f 2133 2032 2271
f 2133 2271 2024
f 2134 2271 2030
f 2134 2030 2084
f 2135 1673 2129
f 2135 2129 817
f 2136 2393 2045
f 2136 2045 818
f 2137 1502 1558
f 2137 1558 2468
f 2138 1868 1858
f 2138 1858 1855
f 2139 2140 1858
f 2139 1858 2138
f 2140 2139 1922
f 2140 1922 1861
f 2141 1922 1861
f 2141 1861 2312
f 2142 1888 1979
f 2142 1979 1760
f 2143 1959 1705
f 2143 1705 1887
f 2144 2154 2213
f 2144 2213 2157
f 2145 2158 2360
f 2145 2360 2244
f 2146 2361 2300
f 2146 2300 2279
f 2147 2361 2158
f 2147 2158 2279
f 2148 2279 2147
f 2148 2147 2442
f 2149 2405 2216
f 2149 2216 2536
f 2150 2151 2217
f 2150 2217 2311
f 2151 2447 2175
f 2151 2175 2150
f 2152 2340 2251
f 2152 2251 2159
f 2153 2027 2323
f 2153 2323 2260
f 2154 2128 2163
f 2154 2163 2144
f 2155 2112 2250
f 2155 2250 2110
f 2156 2043 2026
f 2156 2026 2027
f 2157 2155 2250
f 2157 2250 2027
f 2158 2147 2361
f 2158 2361 2145
f 2159 2034 2229
f 2159 2229 2187
f 2160 2481 2184
f 2160 2184 2409
f 2161 2374 2449
f 2161 2449 2253
f 2162 2358 2395
f 2162 2395 823
f 2163 2125 2113
f 2163 2113 2112
f 2164 2244 2351
f 2164 2351 2145
f 2165 2549 2548
f 2165 2548 2300
f 2166 2442 2592
f 2166 2592 2148
f 2167 2219 3086
f 2167 3086 3396
f 2168 3509 3086
f 2168 3086 2174
f 2169 3544 3469
f 2169 3469 2174
f 2170 3404 3525
f 2170 3525 3468
f 2171 3468 3526
f 2171 3526 2172
f 2172 3513 2171
f 2172 2171 3546
f 2173 2199 3415
f 2173 3415 3546
f 2174 2169 2199
f 2174 2199 3509
f 2175 2151 2339
f 2175 2339 2447
f 2176 2403 2181
f 2176 2181 2183
f 2177 2547 2962
f 2177 2962 2437
f 2178 3115 2179
f 2178 2179 3347
f 2179 3070 3115
f 2179 3115 2178
f 2180 2929 2177
f 2180 2177 2675
f 2181 2182 2403
f 2181 2403 2447
f 2182 2403 2181
f 2182 2181 2447
f 2183 2184 2403
f 2183 2403 5029
f 2184 2183 2481
f 2184 2481 5029
f 2185 2033 2047
f 2185 2047 2034
f 2186 809 810
f 2186 810 2266
f 2187 2034 2132
f 2187 2132 827
f 2188 1672 2342
f 2188 2342 1671
f 2189 1740 2282
f 2189 2282 2585
f 2190 3329 3207
f 2190 3207 3233
f 2191 3170 2192
f 2191 2192 3457
f 2192 3457 3512
f 2192 3512 2370
f 2193 2194 2370
f 2193 2370 3512
f 2194 3499 2193
f 2194 2193 3500
f 2195 2197 3500
f 2195 3500 3466
f 2196 3318 2197
f 2196 2197 3522
f 2197 2196 3522
f 2197 3522 3318
f 2198 3414 3317
f 2198 3317 3052
f 2199 2173 3465
f 2199 3465 3544
f 2200 2086 2322
f 2200 2322 1838
f 2201 2106 2333
f 2201 2333 2107
f 2202 1902 1901
f 2202 1901 2285
f 2203 2204 2119
f 2203 2119 2258
f 2204 2203 1856
f 2204 1856 2120
f 2205 1862 2119
f 2205 2119 1863
f 2206 436 2352
f 2206 2352 1863
f 2207 2262 2286
f 2207 2286 2153
f 2208 2676 2634
f 2208 2634 2552
f 2209 2298 2562
f 2209 2562 2552
f 2210 2614 2804
f 2210 2804 2522
f 2211 2760 2835
f 2211 2835 3109
f 2212 2835 2566
f 2212 2566 2641
f 2213 2157 2293
f 2213 2293 2144
f 2214 2230 2164
f 2214 2164 2229
f 2215 2351 2405
f 2215 2405 2148
f 2216 5025 2149
f 2216 2149 2510
f 2217 5028 2150
f 2217 2150 2151
f 2218 5024 2555
f 2218 2555 3048
f 2219 2167 2949
f 2219 2949 2773
f 2220 3496 3321
f 2220 3321 3509
f 2221 2222 3405
f 2221 3405 3172
f 2222 3469 2221
f 2222 2221 3501
f 2223 2229 2335
f 2223 2335 2159
f 2224 1032 1822
f 2224 1822 1630
f 2225 5124 2546
f 2225 2546 2533
f 2226 2228 2227
f 2226 2227 5145
f 2227 2226 2228
f 2227 2228 2533
f 2228 2226 2531
f 2228 2531 5145
f 2229 2233 2185
f 2229 2185 2034
f 2230 2233 2154
f 2230 2154 2128
f 2231 2109 2263
f 2231 2263 2108
f 2232 814 1529
f 2232 1529 2287
f 2233 2047 2114
f 2233 2114 2128
f 2234 2340 2290
f 2234 2290 2409
f 2235 2024 2025
f 2235 2025 2236
f 2236 2235 2289
f 2236 2289 2271
f 2237 2373 2586
f 2237 2586 825
f 2238 2375 2329
f 2238 2329 2105
f 2239 2264 2085
f 2239 2085 2077
f 2240 2241 1367
f 2240 1367 2590
f 2241 1331 2240
f 2241 2240 2441
f 2242 1813 2590
f 2242 2590 2241
f 2243 2242 3010
f 2243 3010 1332
f 2244 2293 2145
f 2244 2145 2164
f 2245 1704 2249
f 2245 2249 2247
f 2246 1699 2068
f 2246 2068 2249
f 2247 2325 2248
f 2247 2248 2249
f 2248 1701 2247
f 2248 2247 2326
f 2249 2245 2124
f 2249 2124 2068
f 2250 2110 2155
f 2250 2155 2156
f 2251 2311 2152
f 2251 2152 2175
f 2252 2289 2236
f 2252 2236 2489
f 2253 2161 2272
f 2253 2272 2290
f 2254 827 2030
f 2254 2030 2134
f 2255 1221 1739
f 2255 1739 2277
f 2256 1647 2519
f 2256 2519 2086
f 2257 1860 1861
f 2257 1861 2204
f 2258 2123 2120
f 2258 2120 2203
f 2259 2412 2362
f 2259 2362 2550
f 2260 2096 2261
f 2260 2261 2027
f 2261 2096 2260
f 2261 2260 2044
f 2262 2260 2261
f 2262 2261 2207
f 2263 814 2092
f 2263 2092 2231
f 2264 2239 914
f 2264 914 2016
f 2265 2043 2100
f 2265 2100 2095
f 2266 2130 811
f 2266 811 2267
f 2267 2266 2131
f 2267 2131 2317
f 2268 2446 2317
f 2268 2317 816
f 2269 2382 813
f 2269 813 2131
f 2270 814 815
f 2270 815 2382
f 2271 2133 2134
f 2271 2134 2281
f 2272 2187 2253
f 2272 2253 2234
f 2273 2274 1913
f 2273 1913 1630
f 2274 2320 2466
f 2274 2466 1757
f 2275 1918 1758
f 2275 1758 2115
f 2276 3118 3107
f 2276 3107 289
f 2277 288 2255
f 2277 2255 2056
f 2278 2406 1982
f 2278 1982 1984
f 2279 2146 2361
f 2279 2361 2165
f 2280 2261 2318
f 2280 2318 2288
f 2281 2271 826
f 2281 826 2236
f 2282 2393 2238
f 2282 2238 2448
f 2283 2291 287
f 2283 287 1694
f 2284 1768 2019
f 2284 2019 1558
f 2285 2202 2333
f 2285 2333 1901
f 2286 2207 2259
f 2286 2259 2412
f 2287 2091 2232
f 2287 2232 1529
f 2288 2044 2083
f 2288 2083 2045
f 2289 2319 2236
f 2289 2236 2235
f 2290 2409 2160
f 2290 2160 2234
f 2291 2283 2359
f 2291 2359 1693
f 2292 452 2345
f 2292 2345 2519
f 2293 2244 2310
f 2293 2310 2213
f 2294 2299 2300
f 2294 2300 2593
f 2295 2347 2331
f 2295 2331 2404
f 2296 2665 2632
f 2296 2632 2347
f 2297 2632 2520
f 2297 2520 2307
f 2298 2551 2614
f 2298 2614 2308
f 2299 2294 2360
f 2299 2360 2349
f 2300 2301 2548
f 2300 2548 2146
f 2301 2577 2593
f 2301 2593 2302
f 2302 2578 2576
f 2302 2576 2301
f 2303 2304 2802
f 2303 2802 2578
f 2304 2303 2305
f 2304 2305 2576
f 2305 2801 2575
f 2305 2575 2304
f 2306 2632 2521
f 2306 2521 2665
f 2307 2520 2296
f 2307 2296 2331
f 2308 2297 2614
f 2308 2614 2804
f 2309 2331 2591
f 2309 2591 2307
f 2310 2293 2330
f 2310 2330 2323
f 2311 2150 2251
f 2311 2251 2335
f 2312 1862 2324
f 2312 2324 1863
f 2313 1984 2371
f 2313 2371 435
f 2314 1987 431
f 2314 431 432
f 2315 2316 1987
f 2315 1987 1988
f 2316 2595 2315
f 2316 2315 1988
f 2317 2269 2267
f 2317 2267 2268
f 2318 2129 2280
f 2318 2280 2268
f 2319 2025 2100
f 2319 2100 2099
f 2320 2274 862
f 2320 862 1757
f 2321 1941 1755
f 2321 1755 5034
f 2322 2691 2346
f 2322 2346 2200
f 2323 2153 2310
f 2323 2310 2293
f 2324 1932 2312
f 2324 2312 2381
f 2325 2247 2326
f 2325 2326 1700
f 2326 2327 2325
f 2326 2325 2248
f 2327 2326 1037
f 2327 1037 2402
f 2328 2225 2546
f 2328 2546 2466
f 2329 1673 2238
f 2329 2238 2104
f 2330 2404 2412
f 2330 2412 2309
f 2331 2309 2347
f 2331 2347 2307
f 2332 2468 3036
f 2332 3036 2805
f 2333 2278 1901
f 2333 1901 2201
f 2334 2594 2356
f 2334 2356 1795
f 2335 2311 2216
f 2335 2216 2223
f 2336 2423 1037
f 2336 1037 2337
f 2337 2434 2402
f 2337 2402 1702
f 2338 1703 1701
f 2338 1701 2402
f 2339 5029 2182
f 2339 2182 2340
f 2340 2339 2234
f 2340 2234 2152
f 2341 824 826
f 2341 826 828
f 2342 2375 2188
f 2342 2188 1739
f 2343 2507 1940
f 2343 1940 2345
f 2344 2508 2507
f 2344 2507 1943
f 2345 2343 2609
f 2345 2609 1805
f 2346 449 2322
f 2346 2322 1838
f 2347 2626 2296
f 2347 2296 2331
f 2348 2305 2575
f 2348 2575 2626
f 2349 2299 2350
f 2349 2350 2293
f 2350 2453 2299
f 2350 2299 2404
f 2351 2158 2147
f 2351 2147 2215
f 2352 2381 1594
f 2352 1594 1857
f 2353 1857 435
f 2353 435 2389
f 2354 1797 2355
f 2354 2355 433
f 2355 2390 433
f 2355 433 2354
f 2356 2388 1796
f 2356 1796 2334
f 2357 816 2268
f 2357 2268 2397
f 2358 2395 2415
f 2358 2415 2162
f 2359 2056 2291
f 2359 2291 287
f 2360 2361 2299
f 2360 2299 2146
f 2361 2360 2147
f 2361 2147 2146
f 2362 2553 2259
f 2362 2259 2550
f 2363 2645 2872
f 2363 2872 2364
f 2364 2950 2365
f 2364 2365 2645
f 2365 2950 2364
f 2365 2364 2872
f 2366 2505 3058
f 2366 3058 2563
f 2367 3268 2369
f 2367 2369 3229
f 2368 3229 2367
f 2368 2367 3059
f 2369 3269 3271
f 2369 3271 2367
f 2370 3416 2192
f 2370 2192 3207
f 2371 434 1797
f 2371 1797 435
f 2372 2382 2567
f 2372 2567 2446
f 2373 829 2410
f 2373 2410 825
f 2374 2395 2162
f 2374 2162 2492
f 2375 2238 2585
f 2375 2585 2342
f 2376 2543 5041
f 2376 5041 816
f 2377 2567 2687
f 2377 2687 2771
f 2378 2950 2380
f 2378 2380 2399
f 2379 2671 2608
f 2379 2608 3058
f 2380 2378 2636
f 2380 2636 3033
f 2381 2352 1863
f 2381 1863 1857
f 2382 2269 814
f 2382 814 813
f 2383 2726 2885
f 2383 2885 448
f 2384 2387 2497
f 2384 2497 2354
f 2385 2445 2594
f 2385 2594 2356
f 2386 2629 2496
f 2386 2496 2630
f 2387 2384 1932
f 2387 1932 2408
f 2388 2445 2390
f 2388 2390 2356
f 2389 1797 2353
f 2389 2353 2408
f 2390 2388 2355
f 2390 2355 1796
f 2391 2090 1320
f 2391 1320 2512
f 2392 1960 2435
f 2392 2435 1035
f 2393 2238 2136
f 2393 2136 2329
f 2394 2373 829
f 2394 829 2489
f 2395 2358 2162
f 2395 2162 824
f 2396 864 1756
f 2396 1756 1755
f 2397 816 2376
f 2397 2376 2357
f 2398 2771 5041
f 2398 5041 2553
f 2399 2378 2645
f 2399 2645 2364
f 2400 2064 2401
f 2400 2401 2065
f 2401 1038 2400
f 2401 2400 2424
f 2402 2327 2338
f 2402 2338 1703
f 2403 2183 2182
f 2403 2182 2176
f 2404 2295 2330
f 2404 2330 2331
f 2405 2215 2149
f 2405 2149 2148
f 2406 1984 2407
f 2406 2407 2278
f 2407 1970 2406
f 2407 2406 2454
f 2408 2389 1932
f 2408 1932 2387
f 2409 2184 5029
f 2409 5029 2160
f 2410 829 2415
f 2410 2415 825
f 2411 2506 1366
f 2411 1366 2834
f 2412 2309 2330
f 2412 2330 2591
f 2413 432 434
f 2413 434 2479
f 2414 2478 429
f 2414 429 1988
f 2415 2358 2428
f 2415 2428 824
f 2416 2469 2476
f 2416 2476 2202
f 2417 1926 2431
f 2417 2431 1925
f 2418 1928 1929
f 2418 1929 2542
f 2419 1790 2542
f 2419 2542 2420
f 2420 1040 2421
f 2420 2421 2419
f 2421 2420 2496
f 2421 2496 1791
f 2422 2090 2088
f 2422 2088 2391
f 2423 2336 2424
f 2423 2424 2426
f 2424 2401 2400
f 2424 2400 2423
f 2425 2542 2426
f 2425 2426 1039
f 2426 2425 2423
f 2426 2423 2431
f 2427 1039 2433
f 2427 2433 2432
f 2428 2415 2358
f 2428 2358 823
f 2429 5040 1942
f 2429 1942 5037
f 2430 451 2451
f 2430 2451 452
f 2431 2417 1038
f 2431 1038 2542
f 2432 2463 2336
f 2432 2336 2426
f 2433 2427 2584
f 2433 2584 1062
f 2434 1702 1036
f 2434 1036 1959
f 2435 2524 1034
f 2435 1034 1035
f 2436 2449 2695
f 2436 2695 2481
f 2437 3115 2177
f 2437 2177 2979
f 2438 3169 3049
f 2438 3049 3084
f 2439 3511 3469
f 2439 3469 2222
f 2440 2570 2506
f 2440 2506 1329
f 2441 2241 2570
f 2441 2570 1331
f 2442 2165 2279
f 2442 2279 2549
f 2443 2676 2520
f 2443 2520 2551
f 2444 2727 2521
f 2444 2521 2666
f 2445 2388 2497
f 2445 2497 2385
f 2446 2543 816
f 2446 816 2372
f 2447 2181 2182
f 2447 2182 2151
f 2448 2777 2282
f 2448 2282 2189
f 2449 2436 2160
f 2449 2160 2161
f 2450 1565 2440
f 2450 2440 1952
f 2451 2452 2430
f 2451 2430 2613
f 2452 2451 2574
f 2452 2574 450
f 2453 2593 2350
f 2453 2350 2576
f 2454 2407 2455
f 2454 2455 1901
f 2455 1985 2454
f 2455 2454 2407
f 2456 2523 2554
f 2456 2554 2642
f 2457 2693 2554
f 2457 2554 2458
f 2458 2812 2459
f 2458 2459 2755
f 2459 2812 2460
f 2459 2460 2724
f 2460 2459 2724
f 2460 2724 2812
f 2461 2462 2642
f 2461 2642 2643
f 2462 2722 2461
f 2462 2461 2693
f 2463 2432 1036
f 2463 1036 2337
f 2464 1035 1062
f 2464 1062 2435
f 2465 2556 1034
f 2465 1034 1063
f 2466 2328 2274
f 2466 2274 2546
f 2467 2359 2561
f 2467 2561 1693
f 2468 2332 1558
f 2468 1558 2416
f 2469 1506 2416
f 2469 2416 2644
f 2470 1793 1792
f 2470 1792 2668
f 2471 1597 1986
f 2471 1986 1596
f 2472 1986 1971
f 2472 1971 2471
f 2473 2888 2686
f 2473 2686 2684
f 2474 2473 2686
f 2474 2686 2892
f 2475 1512 1513
f 2475 1513 1973
f 2476 2285 2416
f 2476 2416 1768
f 2477 2479 430
f 2477 430 1796
f 2478 2414 430
f 2478 430 2538
f 2479 1798 2477
f 2479 2477 1796
f 2480 2558 1034
f 2480 1034 2465
f 2481 2184 2160
f 2481 2160 2183
f 2482 2487 2484
f 2482 2484 2488
f 2483 2490 3070
f 2483 3070 2485
f 2484 2881 2485
f 2484 2485 2487
f 2485 2881 2880
f 2485 2880 5026
f 2486 2833 2672
f 2486 2672 5026
f 2487 2776 2881
f 2487 2881 2833
f 2488 2481 2183
f 2488 2183 2176
f 2489 2394 2534
f 2489 2534 2237
f 2490 2483 2962
f 2490 2962 2929
f 2491 2516 2943
f 2491 2943 819
f 2492 2374 823
f 2492 823 2162
f 2493 2115 1327
f 2493 1327 2517
f 2494 2640 3200
f 2494 3200 3556
f 2495 398 3777
f 2495 3777 3556
f 2496 2630 1793
f 2496 1793 2386
f 2497 2445 2384
f 2497 2384 2388
f 2498 2091 2512
f 2498 2512 1320
f 2499 2500 2757
f 2499 2757 2514
f 2500 2757 2499
f 2500 2499 2544
f 2501 3128 2756
f 2501 2756 3096
f 2502 3275 3185
f 2502 3185 3131
f 2503 3420 3417
f 2503 3417 2504
f 2504 2503 3166
f 2504 3166 3007
f 2505 3033 3058
f 2505 3058 2950
f 2506 2411 2570
f 2506 2570 2440
f 2507 2508 2343
f 2507 2343 2344
f 2508 2344 2507
f 2508 2507 1942
f 2509 2057 2775
f 2509 2775 2422
f 2510 2555 5025
f 2510 5025 2216
f 2511 2555 5025
f 2511 5025 2217
f 2512 2513 2499
f 2512 2499 2498
f 2513 2514 2499
f 2513 2499 2512
f 2514 2499 2513
f 2514 2513 2757
f 2515 2757 2544
f 2515 2544 2976
f 2516 2491 2534
f 2516 2534 820
f 2517 2493 1808
f 2517 1808 397
f 2518 2664 3200
f 2518 3200 397
f 2519 2292 2345
f 2519 2345 2256
f 2520 2307 2297
f 2520 2297 2443
f 2521 2306 2444
f 2521 2444 2666
f 2522 2803 2444
f 2522 2444 2633
f 2523 1597 2456
f 2523 2456 2455
f 2524 1034 2435
f 2524 2435 1063
f 2525 822 821
f 2525 821 2638
f 2526 2642 2523
f 2526 2523 2455
f 2527 1040 2528
f 2527 2528 1041
f 2528 2527 1041
f 2528 1041 2529
f 2529 2670 2528
f 2529 2528 2646
f 2530 1043 1044
f 2530 1044 1060
f 2531 5140 2228
f 2531 2228 5145
f 2532 2606 2557
f 2532 2557 2600
f 2533 2227 2545
f 2533 2545 2480
f 2534 2516 2489
f 2534 2489 818
f 2535 2675 2492
f 2535 2492 2589
f 2536 2149 2510
f 2536 2510 2949
f 2537 2629 1795
f 2537 1795 429
f 2538 1988 2478
f 2538 2478 2414
f 2539 2537 2630
f 2539 2630 2540
f 2540 1793 2539
f 2540 2539 2470
f 2541 426 2580
f 2541 2580 424
f 2542 2418 2425
f 2542 2425 2431
f 2543 2567 2376
f 2543 2376 2446
f 2544 2500 2515
f 2544 2515 2757
f 2545 2533 1033
f 2545 1033 2225
f 2546 2225 5124
f 2546 5124 2569
f 2547 2177 2675
f 2547 2675 2931
f 2548 2577 2549
f 2548 2549 2165
f 2549 2548 2165
f 2549 2165 2577
f 2550 2676 2208
f 2550 2208 2591
f 2551 2676 2298
f 2551 2298 2552
f 2552 2551 2208
f 2552 2208 2562
f 2553 2362 2398
f 2553 2398 5041
f 2554 2457 2456
f 2554 2456 2461
f 2555 2511 2510
f 2555 2510 2218
f 2556 2465 2557
f 2556 2557 1063
f 2557 2556 2558
f 2557 2558 2606
f 2558 2557 2556
f 2558 2556 2465
f 2559 2447 2617
f 2559 2617 2672
f 2560 1918 1328
f 2560 1328 2631
f 2561 2467 2620
f 2561 2620 2624
f 2562 2552 2634
f 2562 2634 2872
f 2563 2366 3201
f 2563 3201 3112
f 2564 3317 3319
f 2564 3319 3052
f 2565 2211 2886
f 2565 2886 3109
f 2566 2935 3174
f 2566 3174 2212
f 2567 2377 2543
f 2567 2543 5041
f 2568 5121 2569
f 2568 2569 864
f 2569 2568 2546
f 2569 2546 1757
f 2570 2441 1367
f 2570 1367 2440
f 2571 2590 2965
f 2571 2965 3132
f 2572 2573 2834
f 2572 2834 2726
f 2573 2590 2240
f 2573 2240 2571
f 2574 2691 2452
f 2574 2452 3137
f 2575 2666 2727
f 2575 2727 2305
f 2576 2304 2302
f 2576 2302 2593
f 2577 2548 2301
f 2577 2301 2549
f 2578 2302 2303
f 2578 2303 2835
f 2579 426 2680
f 2579 2680 2679
f 2580 426 2541
f 2580 2541 2007
f 2581 1989 427
f 2581 427 2628
f 2582 2628 426
f 2582 426 2581
f 2583 2637 815
f 2583 815 2544
f 2584 1063 1062
f 2584 1062 2433
f 2585 2375 1740
f 2585 1740 2342
f 2586 2587 821
f 2586 821 820
f 2587 2663 821
f 2587 821 2586
f 2588 2663 2772
f 2588 2772 2943
f 2589 2618 822
f 2589 822 2535
f 2590 2573 2242
f 2590 2242 2240
f 2591 2309 2520
f 2591 2520 2443
f 2592 2627 2442
f 2592 2442 2549
f 2593 2301 2576
f 2593 2576 2453
f 2594 2334 2385
f 2594 2385 1927
f 2595 2316 2615
f 2595 2615 1990
f 2596 2584 2600
f 2596 2600 1061
f 2597 2598 2649
f 2597 2649 2605
f 2598 2939 2599
f 2598 2599 2648
f 2599 2652 2847
f 2599 2847 2939
f 2600 2557 2532
f 2600 2532 2556
f 2601 5038 2938
f 2601 2938 5126
f 2602 2847 2651
f 2602 2651 2650
f 2603 2604 5125
f 2603 5125 2532
f 2604 2605 2601
f 2604 2601 2603
f 2605 2650 2604
f 2605 2604 2649
f 2606 2557 2532
f 2606 2532 2228
f 2607 2673 3000
f 2607 3000 2689
f 2608 3068 2504
f 2608 2504 3166
f 2609 5030 2345
f 2609 2345 2343
f 2610 3662 2795
f 2610 2795 2781
f 2611 3769 3952
f 2611 3952 4064
f 2612 3742 3780
f 2612 3780 450
f 2613 2086 2451
f 2613 2451 2292
f 2614 2804 2308
f 2614 2308 2210
f 2615 2595 2681
f 2615 2681 1990
f 2616 2680 1599
f 2616 1599 1991
f 2617 2176 2181
f 2617 2181 2559
f 2618 2772 822
f 2618 822 2589
f 2619 2813 2631
f 2619 2631 2814
f 2620 3331 2561
f 2620 2561 2622
f 2621 3987 1190
f 2621 1190 2800
f 2622 3504 3119
f 2622 3119 2800
f 2623 3803 2966
f 2623 2966 3889
f 2624 2561 3119
f 2624 3119 1809
f 2625 3011 3293
f 2625 3293 3119
f 2626 2347 2665
f 2626 2665 2296
f 2627 2549 2577
f 2627 2577 2641
f 2628 2582 2581
f 2628 2581 2579
f 2629 2386 1927
f 2629 1927 1795
f 2630 2496 2386
f 2630 2386 1793
f 2631 2619 2560
f 2631 2560 1328
f 2632 2306 2297
f 2632 2297 2633
f 2633 2632 2306
f 2633 2306 2804
f 2634 2208 2552
f 2634 2552 2562
f 2635 2515 2951
f 2635 2951 2989
f 2636 2380 2671
f 2636 2671 3033
f 2637 2500 2583
f 2637 2583 2512
f 2638 822 2663
f 2638 2663 821
f 2639 2932 1810
f 2639 1810 2631
f 2640 2494 2869
f 2640 2869 3749
f 2641 2627 2578
f 2641 2578 2302
f 2642 2643 2461
f 2642 2461 2456
f 2643 2642 2644
f 2643 2644 2461
f 2644 2643 1507
f 2644 1507 2642
f 2645 2399 2364
f 2645 2364 2363
f 2646 2529 2647
f 2646 2647 2530
f 2647 2648 2961
f 2647 2961 2646
f 2648 2960 2647
f 2648 2647 2939
f 2649 2599 2847
f 2649 2847 2602
f 2650 2651 2602
f 2650 2602 2605
f 2651 2650 2602
f 2651 2602 2877
f 2652 2599 2653
f 2652 2653 2847
f 2653 2939 2652
f 2653 2652 1054
f 2654 1054 1053
f 2654 1053 2953
f 2655 3518 2995
f 2655 2995 2990
f 2656 3689 2792
f 2656 2792 3206
f 2657 2924 4113
f 2657 4113 4369
f 2658 4477 3041
f 2658 3041 2787
f 2659 2927 2938
f 2659 2938 2660
f 2660 2927 5142
f 2660 5142 2659
f 2661 2759 1740
f 2661 1740 2607
f 2662 2688 2608
f 2662 2608 3129
f 2663 2638 2587
f 2663 2587 2588
f 2664 2518 1810
f 2664 1810 2640
f 2665 2296 2306
f 2665 2306 2626
f 2666 2575 2521
f 2666 2521 2665
f 2667 2729 2762
f 2667 2762 2669
f 2668 1792 2470
f 2668 2470 2729
f 2669 2762 2667
f 2669 2667 424
f 2670 2721 1042
f 2670 1042 2696
f 2671 3058 3033
f 2671 3033 2636
f 2672 2833 2486
f 2672 2486 2776
f 2673 2607 3408
f 2673 3408 2759
f 2674 3092 3407
f 2674 3407 3408
f 2675 2547 2535
f 2675 2535 2695
f 2676 2551 2443
f 2676 2443 2208
f 2677 2460 2723
f 2677 2723 2724
f 2678 3078 1508
f 2678 1508 2677
f 2679 2681 2680
f 2679 2680 2579
f 2680 2679 2616
f 2680 2616 2579
f 2681 2679 2615
f 2681 2615 1989
f 2682 2683 1992
f 2682 1992 1517
f 2683 1599 2682
f 2683 2682 1992
f 2684 2971 2473
f 2684 2473 1513
f 2685 1598 1971
f 2685 1971 5156
f 2686 1598 2473
f 2686 2473 2008
f 2687 2377 2771
f 2687 2771 2544
f 2688 3082 2662
f 2688 2662 3129
f 2689 2607 2661
f 2689 2661 3000
f 2690 3410 2725
f 2690 2725 3322
f 2691 2885 2574
f 2691 2574 2322
f 2692 2116 1503
f 2692 1503 2873
f 2693 2722 2462
f 2693 2462 2755
f 2694 2009 2901
f 2694 2901 2946
f 2695 2436 2488
f 2695 2488 2675
f 2696 2729 1792
f 2696 1792 2667
f 2697 2721 2763
f 2697 2763 2761
f 2698 2838 2837
f 2698 2837 2937
f 2699 3032 5166
f 2699 5166 3067
f 2700 2987 2988
f 2700 2988 2730
f 2701 2732 2970
f 2701 2970 3218
f 2702 2891 2002
f 2702 2002 3145
f 2703 3411 2705
f 2703 2705 3296
f 2704 5160 3324
f 2704 3324 5182
f 2705 3264 3424
f 2705 3424 2703
f 2706 3432 2744
f 2706 2744 5193
f 2707 3542 3302
f 2707 3302 3304
f 2708 3690 3750
f 2708 3750 3442
f 2709 3691 3311
f 2709 3311 3750
f 2710 3312 2741
f 2710 2741 5168
f 2711 3955 3755
f 2711 3755 3754
f 2712 4033 4015
f 2712 4015 4100
f 2713 4101 3755
f 2713 3755 4065
f 2714 4172 4337
f 2714 4337 4232
f 2715 3696 4172
f 2715 4172 3784
f 2716 4002 4001
f 2716 4001 3568
f 2717 2718 3895
f 2717 3895 3783
f 2718 3877 2717
f 2718 2717 3450
f 2719 3565 3636
f 2719 3636 3448
f 2720 2742 3580
f 2720 3580 3437
f 2721 2697 2696
f 2721 2696 2762
f 2722 2693 2755
f 2722 2755 2462
f 2723 2724 2722
f 2723 2722 2755
f 2724 2812 2723
f 2724 2723 2755
f 2725 3322 3107
f 2725 3107 2277
f 2726 1366 2383
f 2726 2383 2572
f 2727 2575 2444
f 2727 2444 2801
f 2728 2972 1505
f 2728 1505 3125
f 2729 2667 2696
f 2729 2696 1792
f 2730 2700 421
f 2730 421 3030
f 2731 2005 2807
f 2731 2807 2890
f 2732 2970 2747
f 2732 2747 2701
f 2733 3024 2748
f 2733 2748 404
f 2734 2744 3309
f 2734 3309 3460
f 2735 3718 3630
f 2735 3630 3425
f 2736 2737 3580
f 2736 3580 3630
f 2737 3558 3637
f 2737 3637 2736
f 2738 3690 3693
f 2738 3693 3305
f 2739 3753 3796
f 2739 3796 3695
f 2740 3753 2739
f 2740 2739 4015
f 2741 2710 3773
f 2741 3773 3753
f 2742 2720 3561
f 2742 3561 3559
f 2743 3633 3564
f 2743 3564 3678
f 2744 2706 2734
f 2744 2734 3336
f 2745 3452 3299
f 2745 3299 3260
f 2746 2003 1998
f 2746 1998 1997
f 2747 2732 2752
f 2747 2752 2701
f 2748 2811 3224
f 2748 3224 404
f 2749 2753 2752
f 2749 2752 1996
f 2750 1515 1516
f 2750 1516 2807
f 2751 2765 1516
f 2751 1516 2875
f 2752 1996 2747
f 2752 2747 2749
f 2753 2749 1515
f 2753 1515 2807
f 2754 2753 2750
f 2754 2750 2988
f 2755 2812 2722
f 2755 2722 2693
f 2756 2951 2501
f 2756 2501 2977
f 2757 2500 2499
f 2757 2499 2514
f 2758 2759 2866
f 2758 2866 3348
f 2759 3408 2673
f 2759 2673 3348
f 2760 2802 2835
f 2760 2835 2211
f 2761 2838 2697
f 2761 2697 2837
f 2762 2667 2669
f 2762 2669 2763
f 2763 2838 2762
f 2763 2762 2697
f 2764 1514 2987
f 2764 2987 2875
f 2765 2751 2875
f 2765 2875 1512
f 2766 3988 3626
f 2766 3626 3871
f 2767 4102 3997
f 2767 3997 4034
f 2768 4222 4440
f 2768 4440 4450
f 2769 5088 4533
f 2769 4533 4395
f 2770 4548 4531
f 2770 4531 4535
f 2771 2398 2645
f 2771 2645 2377
f 2772 2663 2588
f 2772 2588 2638
f 2773 2945 2219
f 2773 2219 2536
f 2774 3557 3045
f 2774 3045 2766
f 2775 2116 3045
f 2775 3045 2509
f 2776 2833 2881
f 2776 2881 2880
f 2777 2942 2448
f 2777 2448 2534
f 2778 453 2779
f 2778 2779 2884
f 2779 2780 454
f 2779 454 2782
f 2780 2783 2788
f 2780 2788 3001
f 2781 2795 2933
f 2781 2933 2980
f 2782 454 3085
f 2782 3085 2779
f 2783 2784 2789
f 2783 2789 2788
f 2784 2788 3292
f 2784 3292 2783
f 2785 3538 3044
f 2785 3044 3928
f 2786 3928 4019
f 2786 4019 3624
f 2787 4499 4432
f 2787 4432 2658
f 2788 2784 2783
f 2788 2783 2794
f 2789 2784 2783
f 2789 2783 3292
f 2790 2843 2856
f 2790 2856 2860
f 2791 2860 3008
f 2791 3008 3027
f 2792 2656 3782
f 2792 3782 3521
f 2793 3292 2789
f 2793 2789 3538
f 2794 2784 2788
f 2794 2788 3292
f 2795 2980 2794
f 2795 2794 3199
f 2796 3011 3200
f 2796 3200 397
f 2797 3076 399
f 2797 399 2495
f 2798 3953 3459
f 2798 3459 3551
f 2799 4102 4124
f 2799 4124 3804
f 2800 1190 2966
f 2800 2966 3331
f 2801 2305 2727
f 2801 2727 2802
f 2802 2303 2801
f 2802 2801 2803
f 2803 2522 2802
f 2803 2802 2801
f 2804 2614 2633
f 2804 2633 2297
f 2805 2469 2893
f 2805 2893 1506
f 2806 1994 1514
f 2806 1514 1517
f 2807 1515 1516
f 2807 1516 2750
f 2808 2747 3055
f 2808 3055 2732
f 2809 3219 3221
f 2809 3221 3145
f 2810 3221 2809
f 2810 2809 3023
f 2811 2748 3429
f 2811 3429 3224
f 2812 2755 2724
f 2812 2724 2459
f 2813 1330 1565
f 2813 1565 1329
f 2814 1330 2813
f 2814 2813 1812
f 2815 1809 2796
f 2815 2796 2625
f 2816 3012 1333
f 2816 1333 3077
f 2817 3982 3077
f 2817 3077 3122
f 2818 3995 4010
f 2818 4010 3780
f 2819 4232 4337
f 2819 4337 4339
f 2820 3733 2821
f 2820 2821 3807
f 2821 2820 2822
f 2821 2822 3918
f 2822 3808 2823
f 2822 2823 3807
f 2823 2824 2822
f 2823 2822 3718
f 2824 2823 2825
f 2824 2825 2826
f 2825 2824 3339
f 2825 3339 2826
f 2826 3425 3677
f 2826 3677 2735
f 2827 3506 2828
f 2827 2828 3342
f 2828 3341 2827
f 2828 2827 3154
f 2829 3333 3151
f 2829 3151 3412
f 2830 3219 3145
f 2830 3145 3158
f 2831 3297 3151
f 2831 3151 3295
f 2832 5182 2704
f 2832 2704 2000
f 2833 2776 2880
f 2833 2880 2486
f 2834 1367 2240
f 2834 2240 2411
f 2835 2578 2760
f 2835 2760 2211
f 2836 1045 3035
f 2836 3035 2874
f 2837 2698 2836
f 2837 2836 2761
f 2838 2763 2761
f 2838 2761 2698
f 2839 2841 5131
f 2839 5131 5137
f 2840 5131 5147
f 2840 5147 2964
f 2841 5122 5123
f 2841 5123 5137
f 2842 2841 2855
f 2842 2855 5122
f 2843 2903 2790
f 2843 2790 2856
f 2844 2845 2853
f 2844 2853 2904
f 2845 2954 2844
f 2845 2844 3064
f 2846 2654 2953
f 2846 2953 2952
f 2847 2602 2599
f 2847 2599 2652
f 2848 2878 2902
f 2848 2902 2602
f 2849 5122 2878
f 2849 2878 2855
f 2850 2854 2855
f 2850 2855 2842
f 2851 2964 3044
f 2851 3044 2883
f 2852 2928 2941
f 2852 2941 2902
f 2853 2941 2846
f 2853 2846 2844
f 2854 2855 2849
f 2854 2849 2928
f 2855 2854 2849
f 2855 2849 5122
f 2856 2941 2850
f 2856 2850 2857
f 2857 2856 2883
f 2857 2883 3043
f 2858 3234 3008
f 2858 3008 3258
f 2859 2861 3190
f 2859 3190 3114
f 2860 2791 3194
f 2860 3194 3071
f 2861 3234 2859
f 2861 2859 3277
f 2862 3483 3486
f 2862 3486 3238
f 2863 3641 3875
f 2863 3875 3680
f 2864 3641 3594
f 2864 3594 3640
f 2865 3680 3164
f 2865 3164 3231
f 2866 1740 2758
f 2866 2758 288
f 2867 1812 1811
f 2867 1811 3010
f 2868 2870 1811
f 2868 1811 3121
f 2869 2640 3537
f 2869 3537 2664
f 2870 1332 3010
f 2870 3010 2868
f 2871 401 3767
f 2871 3767 400
f 2872 2365 2364
f 2872 2364 2363
f 2873 2692 3034
f 2873 3034 1502
f 2874 2764 1045
f 2874 1045 3030
f 2875 2987 2765
f 2875 2765 2751
f 2876 1973 3078
f 2876 3078 1508
f 2877 5038 2938
f 2877 2938 2651
f 2878 2848 2849
f 2878 2849 2651
f 2879 5122 5123
f 2879 5123 2938
f 2880 2833 2881
f 2880 2881 2776
f 2881 2880 2776
f 2881 2776 2833
f 2882 2839 2842
f 2882 2842 5131
f 2883 2842 2882
f 2883 2882 2851
f 2884 1943 453
f 2884 453 455
f 2885 2383 1334
f 2885 1334 2691
f 2886 2760 3028
f 2886 3028 2803
f 2887 2973 2901
f 2887 2901 2947
f 2888 2971 2008
f 2888 2008 2973
f 2889 1995 2004
f 2889 2004 2968
f 2890 2005 2004
f 2890 2004 2969
f 2891 2002 2702
f 2891 2702 2001
f 2892 2684 2474
f 2892 2474 2475
f 2893 2677 1506
f 2893 1506 2982
f 2894 3078 3110
f 2894 3110 3079
f 2895 3639 3202
f 2895 3202 2896
f 2896 2895 3125
f 2896 3125 3079
f 2897 1044 2898
f 2897 2898 2837
f 2898 1046 2897
f 2898 2897 1045
f 2899 3159 1048
f 2899 1048 1047
f 2900 1057 1048
f 2900 1048 2899
f 2901 2946 2887
f 2901 2887 2694
f 2902 2848 2652
f 2902 2652 2928
f 2903 2844 2843
f 2903 2843 2853
f 2904 2990 2984
f 2904 2984 2844
f 2905 3039 3206
f 2905 3206 3689
f 2906 4113 3782
f 2906 3782 3940
f 2907 2909 4188
f 2907 4188 4109
f 2908 3977 2910
f 2908 2910 3974
f 2909 2910 2908
f 2909 2908 3102
f 2910 3195 2911
f 2910 2911 2908
f 2911 2912 2910
f 2911 2910 3102
f 2912 2911 4028
f 2912 4028 3973
f 2913 3788 3364
f 2913 3364 3764
f 2914 3786 2915
f 2914 2915 3787
f 2915 3281 3653
f 2915 3653 3786
f 2916 3281 3654
f 2916 3654 3363
f 2917 3653 2918
f 2917 2918 2915
f 2918 3906 3964
f 2918 3964 3907
f 2919 3909 3907
f 2919 3907 3963
f 2920 3902 3901
f 2920 3901 3911
f 2921 3903 3382
f 2921 3382 4058
f 2922 3379 3368
f 2922 3368 3369
f 2923 4313 3643
f 2923 3643 4210
f 2924 2657 2925
f 2924 2925 3165
f 2925 3782 2924
f 2925 2924 3720
f 2926 2984 3205
f 2926 3205 3009
f 2927 5138 2660
f 2927 2660 2659
f 2928 2902 2848
f 2928 2848 2852
f 2929 2490 2180
f 2929 2180 2962
f 2930 2190 3082
f 2930 3082 3233
f 2931 2618 2979
f 2931 2979 2589
f 2932 2814 2639
f 2932 2639 1811
f 2933 5030 2778
f 2933 2778 2609
f 2934 3569 398
f 2934 398 3011
f 2935 2566 2945
f 2935 2945 3124
f 2936 2009 2669
f 2936 2669 2763
f 2937 423 2946
f 2937 2946 2698
f 2938 2659 2877
f 2938 2877 2879
f 2939 2653 2599
f 2939 2599 3025
f 2940 5035 1053
f 2940 1053 3061
f 2941 2852 2853
f 2941 2853 2928
f 2942 2777 3000
f 2942 3000 2930
f 2943 2588 2772
f 2943 2772 2491
f 2944 3537 3829
f 2944 3829 2871
f 2945 2935 2773
f 2945 2773 2986
f 2946 1993 2901
f 2946 2901 2694
f 2947 1994 2006
f 2947 2006 3002
f 2948 3002 1513
f 2948 1513 2971
f 2949 2555 2219
f 2949 2219 2536
f 2950 2365 2364
f 2950 2364 2378
f 2951 2983 2756
f 2951 2756 2977
f 2952 2654 2902
f 2952 2902 2652
f 2953 3061 2954
f 2953 2954 1053
f 2954 2953 3064
f 2954 3064 3060
f 2955 2209 2366
f 2955 2366 2365
f 2956 2972 3259
f 2956 3259 3323
f 2957 2474 2459
f 2957 2459 1508
f 2958 3061 5035
f 2958 5035 2974
f 2959 2975 5033
f 2959 5033 3062
f 2960 3025 1053
f 2960 1053 1054
f 2961 2958 2960
f 2961 2960 3061
f 2962 2490 3115
f 2962 3115 2929
f 2963 2978 3321
f 2963 3321 5027
f 2964 2882 2840
f 2964 2840 2851
f 2965 2571 1332
f 2965 1332 3423
f 2966 2800 2623
f 2966 2623 3504
f 2967 2006 422
f 2967 422 2968
f 2968 3002 422
f 2968 422 3031
f 2969 5163 3067
f 2969 3067 5187
f 2970 3005 2732
f 2970 2732 5161
f 2971 2947 2888
f 2971 2888 2948
f 2972 3505 3036
f 2972 3036 2728
f 2973 2887 1994
f 2973 1994 1993
f 2974 3037 2958
f 2974 2958 3062
f 2975 5032 2959
f 2975 2959 1055
f 2976 2983 3126
f 2976 3126 2515
f 2977 2756 3126
f 2977 3126 3069
f 2978 3026 2483
f 2978 2483 5027
f 2979 3347 2437
f 2979 2437 3173
f 2980 2794 3001
f 2980 3001 2795
f 2981 2614 2210
f 2981 2210 3053
f 2982 2893 3125
f 2982 3125 2728
f 2983 2951 2976
f 2983 2976 3126
f 2984 2926 2904
f 2984 2904 2844
f 2985 3173 2943
f 2985 2943 2772
f 2986 2641 2566
f 2986 2566 2627
f 2987 2875 2700
f 2987 2700 2750
f 2988 2750 2700
f 2988 2700 2987
f 2989 2756 2951
f 2989 2951 2380
f 2990 3175 2904
f 2990 2904 3065
f 2991 3492 1051
f 2991 1051 3175
f 2992 3494 3176
f 2992 3176 3491
f 2993 4448 4011
f 2993 4011 3179
f 2994 4337 2713
f 2994 2713 4189
f 2995 3315 3039
f 2995 3039 3518
f 2996 4040 4425
f 2996 4425 3939
f 2997 4109 4375
f 2997 4375 4477
f 2998 4389 4211
f 2998 4211 4335
f 2999 3164 3594
f 2999 3594 3640
f 3000 2688 2607
f 3000 2607 2942
f 3001 2980 2780
f 3001 2780 2788
f 3002 2968 2947
f 3002 2947 2006
f 3003 2969 5163
f 3003 5163 2004
f 3004 2889 3003
f 3004 3003 2948
f 3005 2970 5161
f 3005 5161 420
f 3006 3005 420
f 3006 420 5161
f 3007 3038 2504
f 3007 2504 2503
f 3008 2791 3027
f 3008 3027 2858
f 3009 3190 2926
f 3009 2926 3008
f 3010 2243 1813
f 3010 1813 1812
f 3011 2796 2625
f 3011 2625 2934
f 3012 2965 2816
f 3012 2816 3132
f 3013 3014 3578
f 3013 3578 2088
f 3014 3225 3760
f 3014 3760 3019
f 3015 3226 3584
f 3015 3584 3328
f 3016 3707 3593
f 3016 3593 3228
f 3017 3593 3667
f 3017 3667 3574
f 3018 3227 3228
f 3018 3228 3328
f 3019 3091 3069
f 3019 3069 3327
f 3020 3577 2422
f 3020 2422 3013
f 3021 1516 2751
f 3021 2751 1512
f 3022 3054 3138
f 3022 3138 2809
f 3023 3263 3221
f 3023 3221 3222
f 3024 2733 404
f 3024 404 2748
f 3025 2960 1054
f 3025 1054 1053
f 3026 5026 2485
f 3026 2485 2978
f 3027 2903 3008
f 3027 3008 2984
f 3028 2886 2210
f 3028 2210 3053
f 3029 3028 3053
f 3029 3053 2565
f 3030 2730 3035
f 3030 3035 2700
f 3031 2968 422
f 3031 422 421
f 3032 3067 5163
f 3032 5163 5187
f 3033 2505 2671
f 3033 2671 3058
f 3034 3210 3259
f 3034 3259 2873
f 3035 2836 3030
f 3035 3030 423
f 3036 2972 2332
f 3036 2332 2805
f 3037 3062 1055
f 3037 1055 2975
f 3038 3007 2636
f 3038 2636 3113
f 3039 2995 2905
f 3039 2905 3316
f 3040 3689 3316
f 3040 3316 3894
f 3041 4113 4424
f 3041 4424 4369
f 3042 4179 3040
f 3042 3040 3894
f 3043 2883 2857
f 3043 2857 3198
f 3044 3075 2851
f 3044 2851 2785
f 3045 2774 2775
f 3045 2775 1503
f 3046 1059 1046
f 3046 1046 3047
f 3047 1057 5031
f 3047 5031 1058
f 3048 2218 3090
f 3048 3090 5027
f 3049 3173 2438
f 3049 2438 3097
f 3050 3405 2221
f 3050 2221 2438
f 3051 3174 3396
f 3051 3396 2566
f 3052 2198 3465
f 3052 3465 3507
f 3053 2981 3028
f 3053 3028 3029
f 3054 3144 2809
f 3054 2809 3056
f 3055 2808 2749
f 3055 2749 5184
f 3056 3144 2808
f 3056 2808 3054
f 3057 3140 2810
f 3057 2810 3023
f 3058 2671 3033
f 3058 3033 2505
f 3059 2368 3229
f 3059 3229 3163
f 3060 3062 3061
f 3060 3061 2958
f 3061 5035 2940
f 3061 2940 2958
f 3062 2959 3037
f 3062 3037 1055
f 3063 5036 3134
f 3063 3134 5031
f 3064 3134 3060
f 3064 3060 3062
f 3065 1052 3064
f 3065 3064 3134
f 3066 3021 1511
f 3066 1511 1512
f 3067 3032 5163
f 3067 5163 5187
f 3068 3163 2608
f 3068 2608 3059
f 3069 2977 3127
f 3069 3127 3327
f 3070 2179 2483
f 3070 2483 2490
f 3071 3194 2860
f 3071 2860 3072
f 3072 3575 3071
f 3072 3071 3098
f 3073 3625 3624
f 3073 3624 3575
f 3074 3071 3072
f 3074 3072 3043
f 3075 2789 3085
f 3075 3085 3044
f 3076 3802 3569
f 3076 3569 2797
f 3077 2816 2817
f 3077 2817 3120
f 3078 2876 1509
f 3078 1509 3110
f 3079 3203 2894
f 3079 2894 3570
f 3080 3721 3943
f 3080 3943 3202
f 3081 3997 3797
f 3081 3797 3999
f 3082 3233 2368
f 3082 2368 2688
f 3083 2862 3272
f 3083 3272 3277
f 3084 2191 3207
f 3084 3207 2190
f 3085 2782 3075
f 3085 3075 2783
f 3086 3396 3498
f 3086 3498 2168
f 3087 3133 3089
f 3087 3089 3111
f 3088 3089 3204
f 3088 3204 3057
f 3089 3087 3140
f 3089 3140 3088
f 3090 3496 3048
f 3090 3048 2167
f 3091 3126 3019
f 3091 3019 2089
f 3092 3191 2674
f 3092 2674 3407
f 3093 3421 3191
f 3093 3191 3458
f 3094 3421 3167
f 3094 3167 3515
f 3095 3276 3524
f 3095 3524 3523
f 3096 3276 2501
f 3096 2501 2977
f 3097 3049 2985
f 3097 2985 3173
f 3098 3194 3757
f 3098 3757 3575
f 3099 3353 3100
f 3099 3100 3757
f 3100 3981 3353
f 3100 3353 3883
f 3101 3757 3981
f 3101 3981 4108
f 3102 2911 4167
f 3102 4167 2909
f 3103 3105 3977
f 3103 3977 3196
f 3104 3105 4353
f 3104 4353 4374
f 3105 3975 3104
f 3105 3104 3976
f 3106 3904 3382
f 3106 3382 4200
f 3107 288 289
f 3107 289 2276
f 3108 3118 3410
f 3108 3410 3322
f 3109 2211 3174
f 3109 3174 2565
f 3110 3111 1509
f 3110 1509 3189
f 3111 3087 3133
f 3111 3133 3189
f 3112 3163 3058
f 3112 3058 2366
f 3113 3128 2501
f 3113 2501 2756
f 3114 3403 2859
f 3114 2859 3521
f 3115 2437 2179
f 3115 2179 2962
f 3116 3422 3118
f 3116 3118 289
f 3117 290 3349
f 3117 3349 3422
f 3118 2276 3688
f 3118 3688 3116
f 3119 3293 2622
f 3119 2622 2624
f 3120 3423 3012
f 3120 3012 3487
f 3121 2870 3423
f 3121 3423 3487
f 3122 3995 3982
f 3122 3982 3123
f 3123 3697 3982
f 3123 3982 3567
f 3124 2935 3051
f 3124 3051 3396
f 3125 2894 2896
f 3125 2896 2982
f 3126 2977 2983
f 3126 2983 3091
f 3127 3327 3454
f 3127 3454 3328
f 3128 5043 2501
f 3128 2501 3276
f 3129 3092 3191
f 3129 3191 2688
f 3130 3418 3527
f 3130 3527 3131
f 3131 2502 3130
f 3131 3130 3273
f 3132 2571 1333
f 3132 1333 2573
f 3133 3087 3189
f 3133 3189 3111
f 3134 3062 1055
f 3134 1055 3063
f 3135 1050 1052
f 3135 1052 1051
f 3136 3229 5044
f 3136 5044 3163
f 3137 2691 2816
f 3137 2816 2574
f 3138 3140 3022
f 3138 3022 2810
f 3139 3138 3022
f 3139 3022 1511
f 3140 3138 3057
f 3140 3057 3089
f 3141 5188 3497
f 3141 3497 2733
f 3142 3634 3774
f 3142 3774 3635
f 3143 3461 3142
f 3143 3142 3639
f 3144 3218 2701
f 3144 2701 1997
f 3145 3219 3158
f 3145 3158 2891
f 3146 5186 3219
f 3146 3219 5159
f 3147 5192 3264
f 3147 3264 3260
f 3148 3153 3184
f 3148 3184 3157
f 3149 5042 3150
f 3149 3150 3184
f 3150 3160 3149
f 3150 3149 2830
f 3151 2831 3412
f 3151 3412 2829
f 3152 5042 3149
f 3152 3149 2829
f 3153 3184 3148
f 3153 3148 3159
f 3154 2828 3462
f 3154 3462 3155
f 3155 3412 3333
f 3155 3333 2828
f 3156 3157 3148
f 3156 3148 3218
f 3157 3148 3156
f 3157 3156 3158
f 3158 2001 3145
f 3158 3145 3218
f 3159 3153 1048
f 3159 1048 2899
f 3160 3150 3149
f 3160 3149 5042
f 3161 3412 3155
f 3161 3155 1049
f 3162 3161 3154
f 3162 3154 3155
f 3163 3059 3136
f 3163 3136 3068
f 3164 2999 2865
f 3164 2865 3552
f 3165 3640 3643
f 3165 3643 2924
f 3166 3191 2504
f 3166 2504 3093
f 3167 3420 3421
f 3167 3421 3527
f 3168 3528 3586
f 3168 3586 3274
f 3169 3171 2191
f 3169 2191 3170
f 3170 3457 3467
f 3170 3467 2191
f 3171 3404 3170
f 3171 3170 3172
f 3172 2170 3404
f 3172 3404 3525
f 3173 3049 2985
f 3173 2985 2979
f 3174 2566 3109
f 3174 3109 3051
f 3175 2991 2990
f 3175 2990 3135
f 3176 2992 3315
f 3176 3315 3490
f 3177 3627 4425
f 3177 4425 3182
f 3178 4425 4099
f 3178 4099 4098
f 3179 4099 4448
f 3179 4448 4437
f 3180 4065 4189
f 3180 4189 4099
f 3181 4100 4065
f 3181 4065 4130
f 3182 3183 2821
f 3182 2821 4098
f 3183 3519 3182
f 3183 3182 3491
f 3184 3153 3148
f 3184 3148 3149
f 3185 3524 5043
f 3185 5043 2502
f 3186 1190 3688
f 3186 3688 3108
f 3187 3688 300
f 3187 300 4030
f 3188 3029 3109
f 3188 3109 3209
f 3189 1510 3133
f 3189 3133 3111
f 3190 3009 2859
f 3190 2859 3453
f 3191 3093 3092
f 3191 3092 3166
f 3192 3516 3194
f 3192 3194 3099
f 3193 3235 3277
f 3193 3277 3548
f 3194 3098 3192
f 3194 3192 3099
f 3195 3973 3974
f 3195 3974 3661
f 3196 2909 3103
f 3196 3103 3977
f 3197 4391 2998
f 3197 2998 4014
f 3198 3624 3043
f 3198 3043 2785
f 3199 2795 2794
f 3199 2794 3409
f 3200 2494 2796
f 3200 2796 398
f 3201 2563 3029
f 3201 3029 2564
f 3202 2895 3398
f 3202 3398 3080
f 3203 3087 3111
f 3203 3111 3089
f 3204 3222 3057
f 3204 3057 3024
f 3205 2926 2905
f 3205 2905 3039
f 3206 2656 3453
f 3206 3453 2792
f 3207 2370 2192
f 3207 2192 2191
f 3208 2439 2221
f 3208 2221 3050
f 3209 3397 3109
f 3209 3109 3051
f 3210 3489 3034
f 3210 3034 1503
f 3211 4192 4213
f 3211 4213 4184
f 3212 4164 3213
f 3212 3213 4150
f 3213 4164 4191
f 3213 4191 3212
f 3214 5094 4153
f 3214 4153 5097
f 3215 4300 4147
f 3215 4147 4382
f 3216 4147 4181
f 3216 4181 4154
f 3217 4380 4132
f 3217 4132 3874
f 3218 1997 3144
f 3218 3144 3158
f 3219 3145 3146
f 3219 3146 2830
f 3220 3497 3634
f 3220 3634 3141
f 3221 2810 3295
f 3221 3295 3223
f 3222 3263 404
f 3222 404 3262
f 3223 3295 3324
f 3223 3324 5160
f 3224 3262 2748
f 3224 2748 404
f 3225 3015 3584
f 3225 3584 3014
f 3226 3706 3015
f 3226 3015 3328
f 3227 3228 3018
f 3227 3018 3706
f 3228 3016 3227
f 3228 3227 3698
f 3229 2367 5044
f 3229 5044 3268
f 3230 5043 3185
f 3230 3185 3128
f 3231 3456 2865
f 3231 2865 3403
f 3232 3566 3456
f 3232 3456 3680
f 3233 2369 2367
f 3233 2367 3329
f 3234 2861 2858
f 3234 2858 3193
f 3235 3193 3502
f 3235 3502 3395
f 3236 3239 3237
f 3236 3237 3548
f 3237 3243 3239
f 3237 3239 3485
f 3238 3239 3535
f 3238 3535 3481
f 3239 3278 3237
f 3239 3237 3238
f 3240 3241 3485
f 3240 3485 3740
f 3241 3240 3675
f 3241 3675 3248
f 3242 3549 3656
f 3242 3656 3740
f 3243 3240 3675
f 3243 3675 3647
f 3244 3549 3675
f 3244 3675 3242
f 3245 3241 3248
f 3245 3248 3244
f 3246 3278 3248
f 3246 3248 3615
f 3247 3245 3533
f 3247 3533 3249
f 3248 3241 3246
f 3248 3246 3245
f 3249 3247 3615
f 3249 3615 3248
f 3250 3257 3616
f 3250 3616 3286
f 3251 3768 3623
f 3251 3623 3728
f 3252 3937 4020
f 3252 4020 3253
f 3253 4355 3478
f 3253 3478 3252
f 3254 3605 4112
f 3254 4112 4422
f 3255 4422 4459
f 3255 4459 4045
f 3256 4370 3604
f 3256 3604 4371
f 3257 3554 3250
f 3257 3250 3614
f 3258 3502 3516
f 3258 3516 3712
f 3259 3034 3551
f 3259 3551 3459
f 3260 3299 3452
f 3260 3452 2745
f 3261 3335 3430
f 3261 3430 2745
f 3262 404 3224
f 3262 3224 3424
f 3263 3222 3298
f 3263 3298 2703
f 3264 2705 3299
f 3264 3299 3260
f 3265 3153 3159
f 3265 3159 3148
f 3266 2196 3522
f 3266 3522 5044
f 3267 3270 3510
f 3267 3510 3266
f 3268 3269 2367
f 3268 2367 5044
f 3269 3268 2369
f 3269 2369 3271
f 3270 3271 3346
f 3270 3346 3269
f 3271 3270 3416
f 3271 3416 3269
f 3272 3083 3403
f 3272 3403 3231
f 3273 3274 3275
f 3273 3275 3419
f 3274 3418 3273
f 3274 3273 3419
f 3275 2502 3273
f 3275 3273 3419
f 3276 5043 3095
f 3276 3095 3128
f 3277 3193 3236
f 3277 3236 3083
f 3278 3485 3481
f 3278 3481 3246
f 3279 3359 5191
f 3279 5191 3741
f 3280 3355 3364
f 3280 3364 3654
f 3281 2916 2915
f 3281 2915 3654
f 3282 3283 3650
f 3282 3650 3684
f 3283 2913 3788
f 3283 3788 3358
f 3284 3533 3247
f 3284 3247 3285
f 3285 3284 3650
f 3285 3650 3649
f 3286 3249 3587
f 3286 3587 3284
f 3287 4471 4470
f 3287 4470 3604
f 3288 4390 4451
f 3288 4451 4472
f 3289 4107 4372
f 3289 4372 3882
f 3290 3881 3879
f 3290 3879 4044
f 3291 4193 3739
f 3291 3739 4166
f 3292 2784 2789
f 3292 2789 2794
f 3293 3569 3119
f 3293 3119 2625
f 3294 3077 3780
f 3294 3780 3137
f 3295 3223 3324
f 3295 3324 5160
f 3296 3264 418
f 3296 418 2703
f 3297 2831 3146
f 3297 3146 416
f 3298 3411 2703
f 3298 2703 3263
f 3299 3260 2745
f 3299 2745 3264
f 3300 409 2811
f 3300 2811 3429
f 3301 3332 5169
f 3301 5169 408
f 3302 3542 2707
f 3302 2707 3730
f 3303 3305 3693
f 3303 3693 3304
f 3304 3730 2707
f 3304 2707 3542
f 3305 3303 3693
f 3305 3693 2738
f 3306 3307 3678
f 3306 3678 3304
f 3307 3306 3631
f 3307 3631 3719
f 3308 3734 3631
f 3308 3631 3808
f 3309 3431 3336
f 3309 3336 405
f 3310 3694 3743
f 3310 3743 2738
f 3311 2709 3695
f 3311 3695 3752
f 3312 2710 3954
f 3312 3954 5168
f 3313 3933 3955
f 3313 3955 3896
f 3314 3995 4123
f 3314 4123 4232
f 3315 3176 2995
f 3315 2995 3519
f 3316 3770 3040
f 3316 3040 3894
f 3317 3414 2198
f 3317 2198 3319
f 3318 2196 2197
f 3318 2197 3414
f 3319 3317 3320
f 3319 3320 3401
f 3320 3136 3163
f 3320 3163 3319
f 3321 2220 2439
f 3321 2439 3208
f 3322 2276 2725
f 3322 2725 3410
f 3323 3551 3540
f 3323 3540 3505
f 3324 3411 2704
f 3324 2704 5160
f 3325 3336 408
f 3325 408 3431
f 3326 5169 408
f 3326 408 410
f 3327 3328 3015
f 3327 3015 3127
f 3328 3227 3226
f 3328 3226 3018
f 3329 3416 3271
f 3329 3271 2370
f 3330 3483 3534
f 3330 3534 3456
f 3331 3410 2620
f 3331 2620 2800
f 3332 3428 3301
f 3332 3301 3335
f 3333 2829 3341
f 3333 3341 3155
f 3334 3342 3428
f 3334 3428 3433
f 3335 3261 3430
f 3335 3430 409
f 3336 3431 3325
f 3336 3325 408
f 3337 3581 3558
f 3337 3558 5195
f 3338 3630 2735
f 3338 2735 3558
f 3339 2825 3628
f 3339 3628 3677
f 3340 3343 3344
f 3340 3344 3432
f 3341 3333 2828
f 3341 2828 3342
f 3342 3334 3428
f 3342 3428 3335
f 3343 3436 3432
f 3343 3432 3413
f 3344 3541 5194
f 3344 5194 3543
f 3345 3455 3586
f 3345 3586 3095
f 3346 3510 3270
f 3346 3270 3416
f 3347 2979 3049
f 3347 3049 3050
f 3348 2759 289
f 3348 289 1741
f 3349 3117 4174
f 3349 4174 3688
f 3350 3799 301
f 3350 301 3701
f 3351 297 4357
f 3351 4357 302
f 3352 3353 3712
f 3352 3712 3588
f 3353 3588 3100
f 3353 3100 3099
f 3354 3828 4028
f 3354 4028 3924
f 3355 3280 3357
f 3355 3357 3363
f 3356 3392 3685
f 3356 3685 3357
f 3357 3361 3356
f 3357 3356 3355
f 3358 3356 3392
f 3358 3392 3394
f 3359 3279 3393
f 3359 3393 5191
f 3360 3393 3550
f 3360 3550 3724
f 3361 3357 3390
f 3361 3390 5196
f 3362 3899 3363
f 3362 3363 4007
f 3363 3654 3362
f 3363 3362 3899
f 3364 3788 3280
f 3364 3280 2913
f 3365 3389 4007
f 3365 4007 4006
f 3366 3384 3962
f 3366 3962 3388
f 3367 4050 4140
f 3367 4140 3386
f 3368 3370 3379
f 3368 3379 3369
f 3369 3368 4053
f 3369 4053 4049
f 3370 3966 3368
f 3370 3368 4279
f 3371 4302 4279
f 3371 4279 3370
f 3372 4302 3373
f 3372 3373 3966
f 3373 3372 4197
f 3373 4197 4281
f 3374 4457 4414
f 3374 4414 4433
f 3375 4414 4478
f 3375 4478 4408
f 3376 3917 4412
f 3376 4412 4446
f 3377 4233 3380
f 3377 3380 3905
f 3378 3372 3370
f 3378 3370 3379
f 3379 3368 2922
f 3379 2922 3369
f 3380 3381 3379
f 3380 3379 3378
f 3381 4200 4120
f 3381 4120 3106
f 3382 4057 4121
f 3382 4121 3106
f 3383 3964 4017
f 3383 4017 3388
f 3384 3366 3388
f 3384 3388 3962
f 3385 4056 4058
f 3385 4058 4057
f 3386 4018 3384
f 3386 3384 3962
f 3387 3388 3389
f 3387 3389 4006
f 3388 3366 3387
f 3388 3387 3384
f 3389 4004 3387
f 3389 3387 3365
f 3390 5196 5171
f 3390 5171 3741
f 3391 4005 5171
f 3391 5171 3361
f 3392 3702 3356
f 3392 3356 3359
f 3393 3360 3359
f 3393 3359 3702
f 3394 3358 3392
f 3394 3392 3702
f 3395 3673 3702
f 3395 3702 3393
f 3396 3086 3051
f 3396 3051 3209
f 3397 3209 3052
f 3397 3052 3498
f 3398 3878 3705
f 3398 3705 3202
f 3399 1504 3997
f 3399 3997 3676
f 3400 3430 3426
f 3400 3426 413
f 3401 3318 2196
f 3401 2196 5044
f 3402 2197 3414
f 3402 3414 2195
f 3403 3272 3231
f 3403 3231 3552
f 3404 3467 2170
f 3404 2170 3171
f 3405 3171 2221
f 3405 2221 3172
f 3406 1742 3407
f 3406 3407 2674
f 3407 3458 2674
f 3407 2674 3191
f 3408 2674 2673
f 3408 2673 1741
f 3409 2793 3704
f 3409 3704 3199
f 3410 3331 3108
f 3410 3108 3322
f 3411 3298 3324
f 3411 3324 2703
f 3412 3151 2829
f 3412 2829 3161
f 3413 5193 3433
f 3413 3433 3334
f 3414 3318 3402
f 3414 3402 2198
f 3415 3466 3499
f 3415 3499 2173
f 3416 3271 2370
f 3416 2370 3329
f 3417 3527 3420
f 3417 3420 3167
f 3418 3274 3130
f 3418 3130 3527
f 3419 3274 3273
f 3419 3273 3275
f 3420 3167 3417
f 3420 3417 3421
f 3421 3167 3093
f 3421 3093 3420
f 3422 1741 3348
f 3422 3348 3116
f 3423 1332 2965
f 3423 2965 3121
f 3424 2705 3262
f 3424 3262 3260
f 3425 2826 2735
f 3425 2735 3558
f 3426 3427 414
f 3426 414 3400
f 3427 3299 3426
f 3427 3426 414
f 3428 3332 3335
f 3428 3335 3301
f 3429 2811 407
f 3429 407 5188
f 3430 3261 3335
f 3430 3335 2745
f 3431 3336 3325
f 3431 3325 3309
f 3432 2706 5193
f 3432 5193 3343
f 3433 5193 410
f 3433 410 3413
f 3434 3579 3543
f 3434 3543 5194
f 3435 3436 3520
f 3435 3520 3573
f 3436 3343 3432
f 3436 3432 3543
f 3437 3564 3560
f 3437 3560 3438
f 3438 3582 3580
f 3438 3580 3583
f 3439 3691 3441
f 3439 3441 3751
f 3440 3690 3442
f 3440 3442 3444
f 3441 3439 3930
f 3441 3930 3752
f 3442 2708 3443
f 3442 3443 3440
f 3443 3444 3776
f 3443 3776 3442
f 3444 3445 3443
f 3444 3443 3440
f 3445 3444 3446
f 3445 3446 3592
f 3446 3592 3565
f 3446 3565 3445
f 3447 3564 2720
f 3447 2720 3580
f 3448 3735 3446
f 3448 3446 2719
f 3449 3735 3877
f 3449 3877 3448
f 3450 2718 3449
f 3450 3449 3877
f 3451 3922 3450
f 3451 3450 4000
f 3452 2745 3260
f 3452 3260 3299
f 3453 3206 3190
f 3453 3190 3114
f 3454 3018 3455
f 3454 3455 3127
f 3455 3017 3454
f 3455 3454 3574
f 3456 3232 3231
f 3456 3231 3330
f 3457 3467 3170
f 3457 3170 2192
f 3458 3407 3514
f 3458 3514 3093
f 3459 2798 3489
f 3459 3489 3551
f 3460 3563 3541
f 3460 3541 3562
f 3461 3570 3220
f 3461 3220 3088
f 3462 3154 3495
f 3462 3495 3463
f 3463 3339 3462
f 3463 3462 2825
f 3464 2825 3463
f 3464 3463 2824
f 3465 2199 3052
f 3465 3052 3498
f 3466 3499 2195
f 3466 2195 3402
f 3467 3404 3457
f 3467 3457 3170
f 3468 2171 2170
f 3468 2170 3508
f 3469 3501 2222
f 3469 2222 2169
f 3470 3531 3534
f 3470 3534 3456
f 3471 3472 3746
f 3471 3746 4042
f 3472 4042 3471
f 3472 3471 3738
f 3473 4362 3921
f 3473 3921 3970
f 3474 4351 4062
f 3474 4062 4386
f 3475 3942 4062
f 3475 4062 4457
f 3476 4363 3645
f 3476 3645 3672
f 3477 4205 4458
f 3477 4458 4204
f 3478 3253 3252
f 3478 3252 3986
f 3479 3887 3480
f 3479 3480 4317
f 3480 3888 3884
f 3480 3884 3479
f 3481 3278 3482
f 3481 3482 3535
f 3482 3481 3246
f 3482 3246 3535
f 3483 3555 2862
f 3483 2862 3547
f 3484 3532 3535
f 3484 3535 3610
f 3485 3240 3278
f 3485 3278 3246
f 3486 3484 3238
f 3486 3238 3535
f 3487 3121 3982
f 3487 3982 3567
f 3488 3539 2451
f 3488 2451 3742
f 3489 3459 3626
f 3489 3626 3210
f 3490 3493 2991
f 3490 2991 2992
f 3491 2992 3918
f 3491 3918 3494
f 3492 1049 3162
f 3492 3162 1051
f 3493 3492 3162
f 3493 3162 3495
f 3494 3495 2992
f 3494 2992 3493
f 3495 3462 3463
f 3495 3463 3494
f 3496 2220 3090
f 3496 3090 5027
f 3497 405 3309
f 3497 3309 2734
f 3498 3465 2174
f 3498 2174 3086
f 3499 2194 3466
f 3499 3466 3500
f 3500 3510 3522
f 3500 3522 2195
f 3501 3525 3545
f 3501 3545 3469
f 3502 3503 3235
f 3502 3235 3712
f 3503 3394 3702
f 3503 3702 3763
f 3504 2622 3076
f 3504 3076 2966
f 3505 2972 3540
f 3505 3540 3323
f 3506 2827 3340
f 3506 3340 3336
f 3507 2173 3466
f 3507 3466 3415
f 3508 3468 2170
f 3508 2170 3525
f 3509 3511 2174
f 3509 2174 2169
f 3510 3346 3500
f 3510 3500 3267
f 3511 3469 3509
f 3511 3509 2439
f 3512 3457 2192
f 3512 2192 3526
f 3513 3512 2172
f 3513 2172 2171
f 3514 3458 3785
f 3514 3785 1742
f 3515 3668 3168
f 3515 3168 3094
f 3516 3192 3258
f 3516 3258 3352
f 3517 3828 3763
f 3517 3763 3764
f 3518 3490 3175
f 3518 3175 3176
f 3519 3183 3315
f 3519 3315 3491
f 3520 412 3435
f 3520 3435 411
f 3521 2792 3552
f 3521 3552 3206
f 3522 2197 2196
f 3522 2196 3500
f 3523 3524 3275
f 3523 3275 3419
f 3524 3185 3523
f 3524 3523 3275
f 3525 2170 3501
f 3525 3501 3508
f 3526 3467 2171
f 3526 2171 3512
f 3527 3417 3418
f 3527 3418 3167
f 3528 3418 3274
f 3528 3274 3527
f 3529 3555 3530
f 3529 3530 3534
f 3530 3610 3555
f 3530 3555 3547
f 3531 3534 3529
f 3531 3529 3644
f 3532 3484 3535
f 3532 3535 3610
f 3533 3245 3683
f 3533 3683 3244
f 3534 3529 3555
f 3534 3555 3531
f 3535 3481 3532
f 3535 3532 3484
f 3536 3701 3700
f 3536 3700 4174
f 3537 1811 2944
f 3537 2944 2869
f 3538 2793 3075
f 3538 3075 2785
f 3539 3589 451
f 3539 451 3488
f 3540 3505 3729
f 3540 3729 3323
f 3541 5194 3344
f 3541 3344 2706
f 3542 3302 2707
f 3542 2707 3304
f 3543 5194 3434
f 3543 3434 3436
f 3544 3545 3501
f 3544 3501 3546
f 3545 3501 3546
f 3545 3546 3508
f 3546 3545 2172
f 3546 2172 3544
f 3547 3610 3484
f 3547 3484 3555
f 3548 3647 3237
f 3548 3237 3236
f 3549 3242 3244
f 3549 3244 3657
f 3550 5191 3765
f 3550 3765 3657
f 3551 1504 3323
f 3551 3323 3459
f 3552 3164 3521
f 3552 3521 3403
f 3553 3942 3602
f 3553 3602 3762
f 3554 3670 3614
f 3554 3614 3257
f 3555 3547 3530
f 3555 3530 3529
f 3556 3944 2494
f 3556 2494 2640
f 3557 3871 3577
f 3557 3577 3758
f 3558 3677 3337
f 3558 3337 3581
f 3559 5195 3337
f 3559 3337 3582
f 3560 3633 3437
f 3560 3437 3564
f 3561 2742 2720
f 3561 2720 3572
f 3562 2706 405
f 3562 405 3571
f 3563 3460 3571
f 3563 3571 3561
f 3564 3565 2743
f 3564 2743 3437
f 3565 3446 3564
f 3565 3564 3592
f 3566 3232 3601
f 3566 3601 3708
f 3567 3697 4105
f 3567 4105 3778
f 3568 3783 3811
f 3568 3811 4000
f 3569 2934 3293
f 3569 3293 3076
f 3570 3461 3203
f 3570 3203 3639
f 3571 411 3579
f 3571 3579 3572
f 3572 3579 3571
f 3572 3571 3573
f 3573 3591 3435
f 3573 3435 3572
f 3574 3016 3228
f 3574 3228 3017
f 3575 3098 3757
f 3575 3757 3625
f 3576 3625 4108
f 3576 4108 4019
f 3577 3557 3758
f 3577 3758 3020
f 3578 3873 4131
f 3578 4131 3758
f 3579 3434 3572
f 3579 3572 5194
f 3580 3438 2720
f 3580 2720 3582
f 3581 5194 3337
f 3581 3337 3558
f 3582 3583 3632
f 3582 3632 3438
f 3583 3632 3582
f 3583 3582 3438
f 3584 3015 3226
f 3584 3226 3760
f 3585 3665 3666
f 3585 3666 3584
f 3586 3168 3345
f 3586 3345 3523
f 3587 3618 3285
f 3587 3285 3286
f 3588 3828 3353
f 3588 3353 3517
f 3589 3715 3539
f 3589 3539 3769
f 3590 3690 3750
f 3590 3750 3694
f 3591 3573 3438
f 3591 3438 2720
f 3592 3446 3692
f 3592 3692 3565
f 3593 3744 3016
f 3593 3016 3667
f 3594 2864 3680
f 3594 3680 2999
f 3595 3709 3668
f 3595 3668 3586
f 3596 3671 3699
f 3596 3699 3600
f 3597 3667 3744
f 3597 3744 3671
f 3598 3671 3699
f 3598 3699 3679
f 3599 3699 3598
f 3599 3598 3679
f 3600 3671 3596
f 3600 3596 3667
f 3601 3745 3566
f 3601 3566 3762
f 3602 4301 3553
f 3602 3553 3942
f 3603 4409 4371
f 3603 4371 3723
f 3604 3898 3287
f 3604 3287 3256
f 3605 4431 3254
f 3605 3254 4045
f 3606 3948 4377
f 3606 4377 4282
f 3607 4421 4455
f 3607 4455 4282
f 3608 4390 4454
f 3608 4454 4465
f 3609 4459 4166
f 3609 4166 4372
f 3610 3484 3547
f 3610 3547 3532
f 3611 3530 3529
f 3611 3529 3670
f 3612 3532 3482
f 3612 3482 3615
f 3613 3610 3532
f 3613 3532 3612
f 3614 3612 3249
f 3614 3249 3615
f 3615 3246 3482
f 3615 3482 3248
f 3616 3646 3623
f 3616 3623 3587
f 3617 3686 3682
f 3617 3682 3766
f 3618 3619 3649
f 3618 3649 3587
f 3619 3658 3618
f 3619 3618 3703
f 3620 3870 3658
f 3620 3658 3728
f 3621 3687 3659
f 3621 3659 3870
f 3622 3659 4112
f 3622 4112 4204
f 3623 3703 3618
f 3623 3618 3616
f 3624 3198 3073
f 3624 3073 3072
f 3625 3575 3576
f 3625 3576 3101
f 3626 3489 2766
f 3626 2766 3929
f 3627 3939 3770
f 3627 3770 3519
f 3628 3425 3677
f 3628 3677 2734
f 3629 3734 3582
f 3629 3582 3630
f 3630 3338 3629
f 3630 3629 2735
f 3631 3734 3730
f 3631 3730 3307
f 3632 3583 3582
f 3632 3582 3302
f 3633 2743 3542
f 3633 3542 3560
f 3634 406 3142
f 3634 3142 3220
f 3635 3636 3637
f 3635 3637 2719
f 3636 3637 2719
f 3636 2719 3447
f 3637 3636 2737
f 3637 2737 3561
f 3638 3448 2719
f 3638 2719 3449
f 3639 3570 2895
f 3639 2895 3721
f 3640 2864 2999
f 3640 2999 3165
f 3641 3809 2864
f 3641 2864 2863
f 3642 3809 4343
f 3642 4343 4234
f 3643 3989 2923
f 3643 2923 3640
f 3644 3531 3611
f 3644 3611 3529
f 3645 3723 3672
f 3645 3672 3476
f 3646 3616 3648
f 3646 3648 3250
f 3647 3673 3243
f 3647 3243 3675
f 3648 3898 3739
f 3648 3739 3646
f 3649 3651 3282
f 3649 3282 3650
f 3650 3684 3683
f 3650 3683 3282
f 3651 3725 3649
f 3651 3649 3282
f 3652 3994 3789
f 3652 3789 3914
f 3653 2917 2915
f 3653 2915 3281
f 3654 3363 2916
f 3654 2916 3655
f 3655 3961 3654
f 3655 3654 3906
f 3656 3765 3242
f 3656 3242 3549
f 3657 3549 3674
f 3657 3674 3550
f 3658 3727 3619
f 3658 3619 3651
f 3659 3713 3621
f 3659 3621 3870
f 3660 4128 3714
f 3660 3714 3661
f 3661 3793 4128
f 3661 4128 3195
f 3662 2610 3715
f 3662 3715 3199
f 3663 403 3774
f 3663 3774 402
f 3664 3774 3721
f 3664 3721 3722
f 3665 3706 3698
f 3665 3698 3666
f 3666 3665 3931
f 3666 3931 3585
f 3667 3597 3671
f 3667 3671 3593
f 3668 3709 3515
f 3668 3515 3595
f 3669 3668 292
f 3669 292 3785
f 3670 3613 3611
f 3670 3611 3554
f 3671 3667 3596
f 3671 3596 3597
f 3672 3711 3645
f 3672 3645 3476
f 3673 3657 3647
f 3673 3647 3360
f 3674 3657 3550
f 3674 3550 3673
f 3675 3244 3740
f 3675 3740 3241
f 3676 3729 1504
f 3676 1504 3399
f 3677 3558 3337
f 3677 3337 3344
f 3678 3633 2743
f 3678 2743 3693
f 3679 3598 3810
f 3679 3810 3597
f 3680 3594 3708
f 3680 3708 2863
f 3681 3251 3617
f 3681 3617 3739
f 3682 3879 3739
f 3682 3739 3617
f 3683 3533 3684
f 3683 3684 3724
f 3684 3683 3392
f 3684 3392 3685
f 3685 3356 3280
f 3685 3280 3279
f 3686 3617 3937
f 3686 3937 3726
f 3687 3621 3728
f 3687 3728 3768
f 3688 3118 3187
f 3688 3187 3349
f 3689 2656 3040
f 3689 3040 3940
f 3690 3590 2738
f 3690 2738 2708
f 3691 2709 3751
f 3691 3751 3439
f 3692 3592 3633
f 3692 3633 3440
f 3693 3305 3303
f 3693 3303 2738
f 3694 3310 3305
f 3694 3305 3795
f 3695 3752 3759
f 3695 3759 2709
f 3696 3934 3955
f 3696 3955 4002
f 3697 4123 3567
f 3697 3567 3123
f 3698 3707 3706
f 3698 3706 3228
f 3699 3596 3598
f 3699 3598 3671
f 3700 291 3701
f 3700 3701 290
f 3701 3800 3700
f 3701 3700 3799
f 3702 3392 3393
f 3702 3393 3394
f 3703 3728 3619
f 3703 3619 3658
f 3704 3409 3715
f 3704 3715 3199
f 3705 1505 3398
f 3705 3398 3729
f 3706 3698 3227
f 3706 3227 3226
f 3707 3016 3698
f 3707 3698 3744
f 3708 3680 3756
f 3708 3756 2863
f 3709 3596 3668
f 3709 3668 3699
f 3710 3723 4116
f 3710 4116 3898
f 3711 3672 3644
f 3711 3644 3611
f 3712 3763 3588
f 3712 3588 3503
f 3713 3791 3714
f 3713 3714 3870
f 3714 3660 3791
f 3714 3791 4038
f 3715 3704 3662
f 3715 3662 3589
f 3716 3794 3952
f 3716 3952 3704
f 3717 4437 4432
f 3717 4432 4425
f 3718 2735 3808
f 3718 3808 2826
f 3719 2743 3307
f 3719 3307 3306
f 3720 2925 3552
f 3720 3552 2999
f 3721 3080 3639
f 3721 3639 3664
f 3722 3664 3812
f 3722 3812 3721
f 3723 3645 3710
f 3723 3710 3603
f 3724 3360 3550
f 3724 3550 3549
f 3725 3787 3651
f 3725 3651 3283
f 3726 3768 3686
f 3726 3686 3252
f 3727 3747 3658
f 3727 3658 3748
f 3728 3703 3620
f 3728 3620 3687
f 3729 3540 3676
f 3729 3676 3705
f 3730 3304 2707
f 3730 2707 3302
f 3731 3743 3694
f 3731 3694 3771
f 3732 3771 3990
f 3732 3990 3772
f 3733 3731 3732
f 3733 3732 3807
f 3734 3629 3631
f 3734 3631 3632
f 3735 3448 3449
f 3735 3449 3446
f 3736 4043 3746
f 3736 3746 4042
f 3737 4042 4180
f 3737 4180 4043
f 3738 4042 3737
f 3738 3737 4180
f 3739 3682 3648
f 3739 3648 3291
f 3740 3675 3242
f 3740 3242 3240
f 3741 3765 3390
f 3741 3390 3656
f 3742 3769 2612
f 3742 2612 3488
f 3743 3304 3730
f 3743 3730 3303
f 3744 3593 3597
f 3744 3597 3707
f 3745 3746 3601
f 3745 3601 3566
f 3746 3736 3745
f 3746 3745 3471
f 3747 3789 3727
f 3747 3727 3725
f 3748 3790 3727
f 3748 3727 3791
f 3749 2944 400
f 3749 400 2640
f 3750 3590 3795
f 3750 3795 3691
f 3751 3691 3439
f 3751 3439 3695
f 3752 3695 3759
f 3752 3759 5190
f 3753 2739 2710
f 3753 2710 2740
f 3754 4033 3773
f 3754 3773 3755
f 3755 3754 2711
f 3755 2711 4033
f 3756 3875 2863
f 3756 2863 3708
f 3757 3101 3100
f 3757 3100 3098
f 3758 3872 4295
f 3758 4295 3578
f 3759 3752 5190
f 3759 5190 3930
f 3760 3584 3585
f 3760 3585 3225
f 3761 3930 3998
f 3761 3998 3895
f 3762 3531 3601
f 3762 3601 3644
f 3763 3517 3764
f 3763 3764 3394
f 3764 2913 3358
f 3764 3358 3283
f 3765 3656 3741
f 3765 3741 3242
f 3766 3617 3813
f 3766 3813 3686
f 3767 3779 2871
f 3767 2871 4035
f 3768 3251 3728
f 3768 3728 3726
f 3769 3589 2611
f 3769 2611 4010
f 3770 3316 3315
f 3770 3315 3627
f 3771 3694 3795
f 3771 3795 3796
f 3772 3796 2739
f 3772 2739 2740
f 3773 2741 4033
f 3773 4033 2740
f 3774 3142 403
f 3774 403 3664
f 3775 3896 3932
f 3775 3932 3998
f 3776 3443 3895
f 3776 3895 3439
f 3777 4003 399
f 3777 399 2495
f 3778 3567 3767
f 3778 3767 3779
f 3779 4104 4035
f 3779 4035 4105
f 3780 2818 2612
f 3780 2612 2817
f 3781 4212 4182
f 3781 4182 3871
f 3782 2792 2906
f 3782 2906 2925
f 3783 3998 2717
f 3783 2717 3811
f 3784 4104 4002
f 3784 4002 2715
f 3785 3514 291
f 3785 291 3669
f 3786 2914 2915
f 3786 2915 3653
f 3787 3788 2914
f 3787 2914 2913
f 3788 3364 3281
f 3788 3281 2913
f 3789 3652 3787
f 3789 3787 3924
f 3790 3789 3791
f 3790 3791 3652
f 3791 3790 3714
f 3791 3714 3792
f 3792 3973 3660
f 3792 3660 3652
f 3793 3972 3971
f 3793 3971 3911
f 3794 3716 3538
f 3794 3538 3409
f 3795 3750 3694
f 3795 3694 2709
f 3796 2709 2739
f 3796 2739 3772
f 3797 3729 3878
f 3797 3878 3398
f 3798 3943 3923
f 3798 3923 3878
f 3799 4187 3350
f 3799 3350 3701
f 3800 292 3701
f 3800 3701 291
f 3801 4214 293
f 3801 293 4143
f 3802 3076 3889
f 3802 3889 2623
f 3803 2623 4220
f 3803 4220 4124
f 3804 4364 4394
f 3804 4394 3805
f 3805 3806 1192
f 3805 1192 4440
f 3806 1192 4443
f 3806 4443 4523
f 3807 3808 2822
f 3807 2822 3631
f 3808 3308 3718
f 3808 3718 2822
f 3809 3641 3642
f 3809 3642 3989
f 3810 3744 3707
f 3810 3707 3679
f 3811 3783 3775
f 3811 3775 4002
f 3812 3722 3923
f 3812 3923 3935
f 3813 3480 3766
f 3813 3766 3881
f 3814 3893 3892
f 3814 3892 3880
f 3815 4036 4194
f 3815 4194 3993
f 3816 4352 4090
f 3816 4090 3817
f 3817 4388 4091
f 3817 4091 4082
f 3818 4086 4088
f 3818 4088 4426
f 3819 4088 4087
f 3819 4087 4379
f 3820 4549 4518
f 3820 4518 4250
f 3821 4558 4552
f 3821 4552 3825
f 3822 4527 4552
f 3822 4552 3825
f 3823 4527 4468
f 3823 4468 4515
f 3824 4469 3825
f 3824 3825 3823
f 3825 4527 3821
f 3825 3821 3822
f 3826 3884 3853
f 3826 3853 3480
f 3827 3946 3927
f 3827 3927 3853
f 3828 3354 3517
f 3828 3517 3883
f 3829 2868 3767
f 3829 3767 3778
f 3830 3869 3844
f 3830 3844 3926
f 3831 3980 4217
f 3831 4217 4219
f 3832 5055 3844
f 3832 3844 3830
f 3833 3844 5086
f 3833 5086 3832
f 3834 4072 4206
f 3834 4206 4069
f 3835 3938 3950
f 3835 3950 3847
f 3836 3951 4022
f 3836 4022 3984
f 3837 3836 3950
f 3837 3950 3890
f 3838 3890 3991
f 3838 3991 3854
f 3839 4025 4215
f 3839 4215 3858
f 3840 5083 3841
f 3840 3841 4240
f 3841 5054 3840
f 3841 3840 4241
f 3842 5050 4276
f 3842 4276 4240
f 3843 3857 4277
f 3843 4277 4173
f 3844 5086 3833
f 3844 3833 3832
f 3845 4071 5086
f 3845 5086 4072
f 3846 4206 4171
f 3846 4171 4207
f 3847 3834 3938
f 3847 3938 3846
f 3848 5116 4171
f 3848 4171 4066
f 3849 4021 4434
f 3849 4434 4141
f 3850 4022 4093
f 3850 4093 4021
f 3851 3983 3949
f 3851 3949 4009
f 3852 3983 3985
f 3852 3985 3892
f 3853 3927 3886
f 3853 3886 3827
f 3854 3926 3925
f 3854 3925 3868
f 3855 4025 3868
f 3855 3868 3991
f 3856 4294 4379
f 3856 4379 4304
f 3857 4277 4276
f 3857 4276 3843
f 3858 5054 4277
f 3858 4277 3841
f 3859 3862 5065
f 3859 5065 3861
f 3860 4273 4274
f 3860 4274 3861
f 3861 5049 4273
f 3861 4273 3862
f 3862 4275 3863
f 3862 3863 3861
f 3863 4085 5049
f 3863 5049 4078
f 3864 4275 4368
f 3864 4368 4078
f 3865 4368 5057
f 3865 5057 4366
f 3866 4365 4456
f 3866 4456 4462
f 3867 4423 4365
f 3867 4365 4067
f 3868 3980 3925
f 3868 3925 3854
f 3869 5086 3845
f 3869 3845 3830
f 3870 3748 3620
f 3870 3620 3713
f 3871 3781 3988
f 3871 3988 3557
f 3872 3216 3215
f 3872 3215 4147
f 3873 3760 3585
f 3873 3585 3874
f 3874 3217 3585
f 3874 3585 3666
f 3875 3876 3641
f 3875 3641 3756
f 3876 3875 4032
f 3876 4032 3809
f 3877 3735 2718
f 3877 2718 3449
f 3878 3398 3943
f 3878 3943 3797
f 3879 3682 3290
f 3879 3290 4044
f 3880 3814 3881
f 3880 3881 3826
f 3881 3290 3882
f 3881 3882 3880
f 3882 4106 3289
f 3882 3289 3881
f 3883 3945 3828
f 3883 3828 3354
f 3884 3886 3480
f 3884 3480 3826
f 3885 4031 3946
f 3885 3946 3851
f 3886 3884 3927
f 3886 3927 3947
f 3887 4378 3479
f 3887 3479 4317
f 3888 3937 3480
f 3888 3480 4020
f 3889 3802 3999
f 3889 3999 3956
f 3890 3837 3936
f 3890 3936 3854
f 3891 3837 3957
f 3891 3957 3984
f 3892 4036 3852
f 3892 3852 3958
f 3893 4138 4106
f 3893 4106 4411
f 3894 3939 3040
f 3894 3040 3042
f 3895 3441 3776
f 3895 3776 3761
f 3896 3775 3934
f 3896 3934 3932
f 3897 3450 3638
f 3897 3638 3449
f 3898 3648 3604
f 3898 3604 4116
f 3899 3362 5170
f 3899 5170 3654
f 3900 4051 4058
f 3900 4058 4050
f 3901 3965 2920
f 3901 2920 3911
f 3902 2920 3903
f 3902 3903 3910
f 3903 2921 3902
f 3903 3902 3382
f 3904 3106 3975
f 3904 3975 3913
f 3905 3913 3380
f 3905 3380 3904
f 3906 2918 3655
f 3906 3655 3961
f 3907 3964 3963
f 3907 3963 2918
f 3908 3963 4051
f 3908 4051 3965
f 3909 2919 2917
f 3909 2917 3907
f 3910 4128 3902
f 3910 3902 3974
f 3911 3971 3793
f 3911 3793 2920
f 3912 3913 3976
f 3912 3976 3902
f 3913 3912 3904
f 3913 3904 3975
f 3914 3972 3793
f 3914 3793 2917
f 3915 4072 3869
f 3915 3869 3834
f 3916 3951 4141
f 3916 4141 3950
f 3917 3376 4126
f 3917 4126 4347
f 3918 2821 2823
f 3918 2823 3491
f 3919 4336 3941
f 3919 3941 3746
f 3920 4043 3737
f 3920 3737 4314
f 3921 4180 3473
f 3921 3473 3738
f 3922 2717 2718
f 3922 2718 3450
f 3923 3812 3798
f 3923 3798 399
f 3924 3789 2914
f 3924 2914 3787
f 3925 5068 5055
f 3925 5055 3926
f 3926 3830 3925
f 3926 3925 3832
f 3927 3886 3946
f 3927 3946 4008
f 3928 2785 2786
f 3928 2786 4169
f 3929 4013 3626
f 3929 3626 4142
f 3930 3759 5167
f 3930 5167 3441
f 3931 3810 3666
f 3931 3666 3698
f 3932 3933 3775
f 3932 3775 3998
f 3933 3932 3312
f 3933 3312 3313
f 3934 3896 3955
f 3934 3955 3696
f 3935 402 3663
f 3935 3663 3812
f 3936 3915 3835
f 3936 3835 3926
f 3937 3888 4020
f 3937 4020 3686
f 3938 3835 3847
f 3938 3847 3916
f 3939 3627 3894
f 3939 3894 4040
f 3940 2906 3689
f 3940 3689 3042
f 3941 3942 3919
f 3941 3919 3601
f 3942 3475 4344
f 3942 4344 3553
f 3943 3080 3878
f 3943 3878 3798
f 3944 4003 3556
f 3944 3556 3749
f 3945 3883 4027
f 3945 4027 3354
f 3946 3885 3983
f 3946 3983 3851
f 3947 3948 3887
f 3947 3887 3886
f 3948 4008 3947
f 3948 3947 4282
f 3949 3851 4093
f 3949 4093 4031
f 3950 3951 3835
f 3950 3835 3837
f 3951 3836 3916
f 3951 3916 4021
f 3952 3715 3716
f 3952 3716 4064
f 3953 4034 2798
f 3953 2798 3929
f 3954 5167 3312
f 3954 3312 3930
f 3955 3313 3934
f 3955 3934 2711
f 3956 399 4024
f 3956 4024 3889
f 3957 3891 3985
f 3957 3985 3852
f 3958 4138 4194
f 3958 4194 3892
f 3959 4278 4094
f 3959 4094 4139
f 3960 4453 4411
f 3960 4411 4465
f 3961 3655 3906
f 3961 3906 3389
f 3962 3366 3384
f 3962 3384 4018
f 3963 3908 3907
f 3963 3907 4017
f 3964 3383 3907
f 3964 3907 2918
f 3965 4051 3901
f 3965 3901 3900
f 3966 3370 3368
f 3966 3368 4279
f 3967 4338 4196
f 3967 4196 4302
f 3968 3967 4345
f 3968 4345 4346
f 3969 4429 4211
f 3969 4211 4428
f 3970 4180 4314
f 3970 4314 3473
f 3971 3911 3793
f 3971 3793 3972
f 3972 3914 3793
f 3972 3793 2917
f 3973 3195 3972
f 3973 3972 3792
f 3974 3976 3910
f 3974 3910 3195
f 3975 3904 3913
f 3975 3913 3106
f 3976 3912 3974
f 3976 3974 3975
f 3977 2908 3105
f 3977 3105 3976
f 3978 3992 3957
f 3978 3957 3991
f 3979 4186 3991
f 3979 3991 4137
f 3980 5068 3831
f 3980 3831 4219
f 3981 4037 3100
f 3981 3100 3945
f 3982 3123 3487
f 3982 3487 2817
f 3983 3851 4009
f 3983 4009 3985
f 3984 4022 3836
f 3984 3836 3985
f 3985 3984 4009
f 3985 4009 3983
f 3986 3726 3478
f 3986 3478 4112
f 3987 4124 4030
f 3987 4030 2621
f 3988 3211 3871
f 3988 3871 4142
f 3989 3643 3809
f 3989 3809 2864
f 3990 4015 3772
f 3990 3772 3732
f 3991 3979 3992
f 3991 3992 3978
f 3992 3993 4137
f 3992 4137 3978
f 3993 4352 3992
f 3993 3992 3815
f 3994 3652 3914
f 3994 3914 2914
f 3995 3314 2818
f 3995 2818 4063
f 3996 4125 4347
f 3996 4347 4127
f 3997 2767 3081
f 3997 3081 3399
f 3998 3954 3761
f 3998 3761 3932
f 3999 3889 3081
f 3999 3081 4220
f 4000 3568 4001
f 4000 4001 3451
f 4001 2716 4000
f 4001 4000 4035
f 4002 3811 3696
f 4002 3696 3934
f 4003 3935 3944
f 4003 3944 3812
f 4004 3389 4005
f 4004 4005 4007
f 4005 5170 3391
f 4005 3391 5171
f 4006 3387 3388
f 4006 3388 4017
f 4007 3362 4004
f 4007 4004 4005
f 4008 3885 3948
f 4008 3948 3927
f 4009 4022 3851
f 4009 3851 3983
f 4010 2818 3769
f 4010 3769 4129
f 4011 2993 4410
f 4011 4410 4189
f 4012 4430 4169
f 4012 4169 4376
f 4013 4114 4142
f 4013 4142 4034
f 4014 3197 4369
f 4014 4369 2658
f 4015 2740 3990
f 4015 3990 3773
f 4016 401 4001
f 4016 4001 4000
f 4017 4006 3366
f 4017 3366 3383
f 4018 4050 3386
f 4018 3386 4051
f 4019 3576 2786
f 4019 2786 3073
f 4020 4317 3937
f 4020 3937 3252
f 4021 3951 4022
f 4021 4022 3836
f 4022 3984 4009
f 4022 4009 4021
f 4023 3679 3599
f 4023 3599 3931
f 4024 3878 3956
f 4024 3956 3999
f 4025 3839 3855
f 4025 3855 4165
f 4026 4089 4294
f 4026 4294 3857
f 4027 4167 3945
f 4027 3945 4028
f 4028 3354 2912
f 4028 2912 3790
f 4029 3913 3912
f 4029 3912 4125
f 4030 3987 3187
f 4030 3187 300
f 4031 3885 3949
f 4031 3949 3851
f 4032 4234 3738
f 4032 3738 3472
f 4033 3773 3754
f 4033 3754 4015
f 4034 3953 4115
f 4034 4115 4013
f 4035 4104 401
f 4035 401 2716
f 4036 3815 3892
f 4036 3892 3957
f 4037 3981 4167
f 4037 4167 4188
f 4038 3714 4127
f 4038 4127 4170
f 4039 3846 3848
f 4039 3848 4318
f 4040 3939 2996
f 4040 2996 3042
f 4041 3732 3733
f 4041 3733 4100
f 4042 3737 4043
f 4042 4043 3738
f 4043 3920 4042
f 4043 4042 3736
f 4044 4166 3290
f 4044 3290 3879
f 4045 4472 4459
f 4045 4459 4431
f 4046 4195 4047
f 4046 4047 4201
f 4047 4046 4050
f 4047 4050 4056
f 4048 4052 4195
f 4048 4195 4198
f 4049 4199 4052
f 4049 4052 3369
f 4050 3367 4047
f 4050 4047 4018
f 4051 3900 3965
f 4051 3965 4018
f 4052 4048 4049
f 4052 4049 3369
f 4053 4120 3369
f 4053 3369 4121
f 4054 4354 4059
f 4054 4059 4061
f 4055 4393 4061
f 4055 4061 4054
f 4056 3385 4140
f 4056 4140 4047
f 4057 3382 4121
f 4057 4121 3385
f 4058 3900 3385
f 4058 3385 4051
f 4059 4060 4280
f 4059 4280 4354
f 4060 4196 4280
f 4060 4280 4059
f 4061 4054 4428
f 4061 4428 4429
f 4062 3475 3474
f 4062 3474 4433
f 4063 3995 4339
f 4063 4339 4129
f 4064 3952 4358
f 4064 4358 4203
f 4065 2713 2712
f 4065 2712 3181
f 4066 4423 4208
f 4066 4208 5116
f 4067 4423 4208
f 4067 4208 4365
f 4068 4070 5076
f 4068 5076 5059
f 4069 5046 4206
f 4069 4206 4207
f 4070 4068 4207
f 4070 4207 4208
f 4071 3845 5086
f 4071 5086 5046
f 4072 3845 5046
f 4072 5046 3834
f 4073 4074 4075
f 4073 4075 4462
f 4074 4073 4365
f 4074 4365 3866
f 4075 5057 4073
f 4075 4073 4076
f 4076 4077 4275
f 4076 4275 4075
f 4077 4368 3865
f 4077 3865 4076
f 4078 3864 4085
f 4078 4085 4513
f 4079 4274 4273
f 4079 4273 4547
f 4080 4271 5056
f 4080 5056 4084
f 4081 4529 4269
f 4081 4269 4084
f 4082 4526 3817
f 4082 3817 4387
f 4083 4528 4517
f 4083 4517 4473
f 4084 4080 4560
f 4084 4560 4474
f 4085 5048 3863
f 4085 3863 4078
f 4086 4529 3818
f 4086 3818 4520
f 4087 4520 3819
f 4087 3819 4519
f 4088 3819 4026
f 4088 4026 3818
f 4089 4026 4118
f 4089 4118 4426
f 4090 3816 4118
f 4090 4118 4186
f 4091 3817 4352
f 4091 4352 3816
f 4092 4398 4512
f 4092 4512 4466
f 4093 3850 3949
f 4093 3949 4341
f 4094 4453 3959
f 4094 3959 4464
f 4095 4341 4455
f 4095 4455 4092
f 4096 4436 4097
f 4096 4097 4434
f 4097 4503 4436
f 4097 4436 4517
f 4098 4130 3182
f 4098 3182 4099
f 4099 3178 4098
f 4099 4098 3181
f 4100 3990 4041
f 4100 4041 2712
f 4101 3755 2711
f 4101 2711 4172
f 4102 2767 2799
f 4102 2799 4394
f 4103 3451 4000
f 4103 4000 402
f 4104 3784 4035
f 4104 4035 2716
f 4105 3779 4117
f 4105 4117 4104
f 4106 3882 4315
f 4106 4315 4411
f 4107 4390 4372
f 4107 4372 4315
f 4108 3101 4037
f 4108 4037 4168
f 4109 2907 2997
f 4109 2997 4510
f 4110 4500 4501
f 4110 4501 4175
f 4111 3350 4110
f 4111 4110 4359
f 4112 3254 3622
f 4112 3622 3986
f 4113 2906 4179
f 4113 4179 3041
f 4114 4144 4135
f 4114 4135 4013
f 4115 4149 4135
f 4115 4135 4034
f 4116 4371 3710
f 4116 3710 3898
f 4117 3784 4105
f 4117 4105 2715
f 4118 4090 4426
f 4118 4426 4173
f 4119 4198 4140
f 4119 4140 4201
f 4120 4053 4200
f 4120 4200 3369
f 4121 4201 4057
f 4121 4057 4053
f 4122 4281 3373
f 4122 3373 4233
f 4123 3697 4117
f 4123 4117 4232
f 4124 2799 3987
f 4124 3987 3803
f 4125 3912 4128
f 4125 4128 3910
f 4126 3377 4029
f 4126 4029 4233
f 4127 4128 3660
f 4127 3660 4125
f 4128 3910 3660
f 4128 3660 3661
f 4129 4063 4064
f 4129 4064 4358
f 4130 2820 4041
f 4130 4041 3181
f 4131 4296 4132
f 4131 4132 4295
f 4132 4297 4380
f 4132 4380 4296
f 4133 4405 4403
f 4133 4403 5197
f 4134 4530 4163
f 4134 4163 4480
f 4135 3212 4114
f 4135 4114 4221
f 4136 4103 4016
f 4136 4016 400
f 4137 3992 4352
f 4137 4352 3993
f 4138 4139 3958
f 4138 3958 4411
f 4139 4194 4138
f 4139 4138 3959
f 4140 4119 4056
f 4140 4056 3367
f 4141 3916 4319
f 4141 4319 3938
f 4142 4013 3988
f 4142 3988 3211
f 4143 3801 4185
f 4143 4185 4357
f 4144 4164 4184
f 4144 4184 3213
f 4145 4191 4151
f 4145 4151 5100
f 4146 4153 3214
f 4146 3214 4148
f 4147 4383 3216
f 4147 3216 4154
f 4148 4153 4152
f 4148 4152 5091
f 4149 4222 4221
f 4149 4221 4135
f 4150 5100 3213
f 4150 3213 3212
f 4151 4152 5099
f 4151 5099 4145
f 4152 4148 4151
f 4152 4151 5099
f 4153 4146 3214
f 4153 3214 4148
f 4154 5095 4383
f 4154 4383 4181
f 4155 4382 4486
f 4155 4486 4156
f 4156 4300 4381
f 4156 4381 4382
f 4157 4381 4406
f 4157 4406 4158
f 4158 4406 4402
f 4158 4402 4157
f 4159 4402 4160
f 4159 4160 4404
f 4160 4481 4159
f 4160 4159 5172
f 4161 4506 4403
f 4161 4403 4507
f 4162 4163 4577
f 4162 4577 4530
f 4163 4566 4162
f 4163 4162 4530
f 4164 3213 3212
f 4164 3212 4191
f 4165 4025 4173
f 4165 4173 3843
f 4166 3609 4044
f 4166 4044 4193
f 4167 4027 3102
f 4167 3102 4037
f 4168 4188 4202
f 4168 4202 2907
f 4169 4012 3928
f 4169 3928 3794
f 4170 4038 4347
f 4170 4347 3996
f 4171 4207 5116
f 4171 5116 3848
f 4172 2711 3696
f 4172 3696 2714
f 4173 4118 3843
f 4173 3843 4165
f 4174 301 3349
f 4174 3349 3536
f 4175 4110 4444
f 4175 4444 301
f 4176 4359 302
f 4176 302 4575
f 4177 4565 298
f 4177 298 4582
f 4178 4031 4341
f 4178 4341 4282
f 4179 3042 4113
f 4179 4113 4424
f 4180 3737 3738
f 4180 3738 3921
f 4181 4154 3216
f 4181 3216 5094
f 4182 4181 4146
f 4182 4146 5094
f 4183 4190 4480
f 4183 4480 4476
f 4184 4191 4192
f 4184 4192 3213
f 4185 4214 4187
f 4185 4187 3801
f 4186 3979 4090
f 4186 4090 4118
f 4187 4214 3799
f 4187 3799 4185
f 4188 3102 4168
f 4188 4168 4167
f 4189 3180 4011
f 4189 4011 4410
f 4190 296 4183
f 4190 4183 4361
f 4191 3213 4145
f 4191 4145 4164
f 4192 4151 4145
f 4192 4145 4213
f 4193 4471 3291
f 4193 3291 3604
f 4194 4278 3815
f 4194 3815 4139
f 4195 4048 4198
f 4195 4198 4046
f 4196 4338 4060
f 4196 4060 4197
f 4197 4196 4338
f 4197 4338 4280
f 4198 4119 4201
f 4198 4201 4195
f 4199 4049 4279
f 4199 4279 3368
f 4200 3381 4120
f 4200 4120 4053
f 4201 4121 4198
f 4201 4198 4119
f 4202 4168 3576
f 4202 3576 4108
f 4203 3716 4064
f 4203 4064 4376
f 4204 4397 3622
f 4204 3622 4170
f 4205 4511 4461
f 4205 4461 4446
f 4206 4207 4069
f 4206 4069 3846
f 4207 4171 4206
f 4207 4206 4070
f 4208 4066 4067
f 4208 4067 5116
f 4209 4362 4343
f 4209 4343 4210
f 4210 4343 2923
f 4210 2923 4209
f 4211 3968 3969
f 4211 3969 4346
f 4212 4146 4213
f 4212 4213 4182
f 4213 4152 4148
f 4213 4148 4212
f 4214 292 3801
f 4214 3801 4185
f 4215 4241 5065
f 4215 5065 3839
f 4216 4219 5062
f 4216 5062 5063
f 4217 3831 4219
f 4217 4219 4216
f 4218 5068 5063
f 4218 5063 5055
f 4219 3980 4218
f 4219 4218 4216
f 4220 3997 3803
f 4220 3803 2799
f 4221 4223 4395
f 4221 4395 4149
f 4222 4395 2768
f 4222 2768 4149
f 4223 4221 4533
f 4223 4533 4395
f 4224 4487 4532
f 4224 4532 4534
f 4225 4485 4155
f 4225 4155 4486
f 4226 4543 4544
f 4226 4544 5093
f 4227 4578 4537
f 4227 4537 4603
f 4228 4615 4579
f 4228 4579 4580
f 4229 4610 4608
f 4229 4608 4662
f 4230 4607 4586
f 4230 4586 4617
f 4231 4420 4545
f 4231 4545 4572
f 4232 2714 4123
f 4232 4123 2819
f 4233 3377 3378
f 4233 3378 3380
f 4234 4032 3921
f 4234 3921 4343
f 4235 4285 4311
f 4235 4311 4342
f 4236 5069 5071
f 4236 5071 4311
f 4237 4308 4348
f 4237 4348 4238
f 4238 4329 4237
f 4238 4237 5047
f 4239 4467 4515
f 4239 4515 4329
f 4240 3842 5054
f 4240 5054 4277
f 4241 3841 4215
f 4241 4215 4242
f 4242 4253 4252
f 4242 4252 4243
f 4243 4244 5052
f 4243 5052 5051
f 4244 4261 4253
f 4244 4253 4245
f 4245 4247 4596
f 4245 4596 5077
f 4246 4247 5056
f 4246 5056 4271
f 4247 5056 5077
f 4247 5077 4246
f 4248 4597 4268
f 4248 4268 4596
f 4249 4593 4594
f 4249 4594 4587
f 4250 4549 4562
f 4250 4562 3820
f 4251 4265 4589
f 4251 4589 4591
f 4252 4253 5066
f 4252 5066 5067
f 4253 4252 4245
f 4253 4245 4244
f 4254 4261 4262
f 4254 4262 4244
f 4255 5053 5079
f 4255 5079 5052
f 4256 4259 5082
f 4256 5082 4258
f 4257 4285 5080
f 4257 5080 4287
f 4258 5073 4468
f 4258 4468 4260
f 4259 5074 4256
f 4259 4256 5070
f 4260 4527 3823
f 4260 3823 4468
f 4261 4594 4268
f 4261 4268 4596
f 4262 4587 4263
f 4262 4263 5053
f 4263 4264 4557
f 4263 4557 5053
f 4264 4263 4557
f 4264 4557 4591
f 4265 4251 4589
f 4265 4589 4266
f 4266 4590 4265
f 4266 4265 4589
f 4267 4568 4601
f 4267 4601 4569
f 4268 4594 4596
f 4268 4596 4248
f 4269 4270 4584
f 4269 4584 4080
f 4270 5056 4269
f 4270 4269 5077
f 4271 5056 4272
f 4271 4272 5045
f 4272 5045 4274
f 4272 4274 5067
f 4273 4547 3860
f 4273 3860 4274
f 4274 4272 4079
f 4274 4079 4273
f 4275 3864 4076
f 4275 4076 3862
f 4276 3842 4294
f 4276 4294 3857
f 4277 5054 4240
f 4277 4240 3857
f 4278 4352 3959
f 4278 3959 4194
f 4279 4199 3371
f 4279 3371 3370
f 4280 4060 4281
f 4280 4281 4197
f 4281 4280 4197
f 4281 4197 3373
f 4282 3948 4178
f 4282 4178 4008
f 4283 4293 4304
f 4283 4304 4334
f 4284 4342 4235
f 4284 4235 4321
f 4285 4235 4257
f 4285 4257 4287
f 4286 4342 4320
f 4286 4320 4334
f 4287 4285 5080
f 4287 5080 4257
f 4288 5053 4290
f 4288 4290 4557
f 4289 4525 4290
f 4289 4290 4288
f 4290 4558 4524
f 4290 4524 4525
f 4291 4549 4556
f 4291 4556 4505
f 4292 5078 4250
f 4292 4250 4265
f 4293 5050 4283
f 4293 4283 5085
f 4294 4276 3856
f 4294 3856 3857
f 4295 4298 3215
f 4295 3215 4296
f 4296 4298 4299
f 4296 4299 4297
f 4297 4404 4158
f 4297 4158 4299
f 4298 4300 4299
f 4298 4299 4381
f 4299 4158 4157
f 4299 4157 5087
f 4300 4156 4298
f 4300 4298 4382
f 4301 4457 4363
f 4301 4363 3602
f 4302 3371 4338
f 4302 4338 3372
f 4303 4424 4432
f 4303 4432 2996
f 4304 4283 4325
f 4304 4325 4320
f 4305 4447 4332
f 4305 4332 4356
f 4306 4332 5101
f 4306 5101 4331
f 4307 4467 3823
f 4307 3823 4469
f 4308 5047 4348
f 4308 4348 4237
f 4309 4326 4348
f 4309 4348 5072
f 4310 5069 4326
f 4310 4326 4322
f 4311 4236 4235
f 4311 4235 5071
f 4312 3969 4211
f 4312 4211 4313
f 4313 2923 4335
f 4313 4335 4369
f 4314 3920 4180
f 4314 4180 3970
f 4315 4106 4411
f 4315 4411 3608
f 4316 4364 4444
f 4316 4444 4124
f 4317 4020 4355
f 4317 4355 3887
f 4318 3848 4367
f 4318 4367 4066
f 4319 4141 4367
f 4319 4367 4318
f 4320 4286 4284
f 4320 4284 4325
f 4321 4284 4311
f 4321 4311 4322
f 4322 4310 4311
f 4322 4311 4321
f 4323 4348 4399
f 4323 4399 4309
f 4324 4306 4331
f 4324 4331 4399
f 4325 4320 4321
f 4325 4321 4356
f 4326 5069 4309
f 4326 4309 4310
f 4327 5074 5072
f 4327 5072 4328
f 4328 4327 5073
f 4328 5073 4237
f 4329 4238 4333
f 4329 4333 4239
f 4330 5047 4349
f 4330 4349 4401
f 4331 5101 4469
f 4331 4469 4306
f 4332 4306 4518
f 4332 4518 4305
f 4333 4329 4349
f 4333 4349 4467
f 4334 5085 4286
f 4334 4286 4320
f 4335 2998 4369
f 4335 4369 4313
f 4336 4351 3920
f 4336 3920 3919
f 4337 2714 4101
f 4337 4101 2994
f 4338 4302 4196
f 4338 4196 3967
f 4339 4410 2819
f 4339 2819 4063
f 4340 4202 4449
f 4340 4449 3576
f 4341 4093 4095
f 4341 4095 4178
f 4342 4284 4235
f 4342 4235 4286
f 4343 4234 3642
f 4343 3642 4362
f 4344 3942 3474
f 4344 3474 3475
f 4345 3966 3967
f 4345 3967 3372
f 4346 4060 4428
f 4346 4428 4059
f 4347 3996 3917
f 4347 3917 4170
f 4348 4309 4308
f 4348 4308 4323
f 4349 4330 4413
f 4349 4413 4333
f 4350 4404 4405
f 4350 4405 4380
f 4351 4336 3474
f 4351 3474 4407
f 4352 4278 3816
f 4352 3816 3993
f 4353 4200 3381
f 4353 3381 3106
f 4354 4054 4280
f 4354 4280 4059
f 4355 4317 3253
f 4355 3253 4378
f 4356 4321 4324
f 4356 4324 4322
f 4357 4143 3351
f 4357 3351 4185
f 4358 4064 4410
f 4358 4410 4011
f 4359 299 4501
f 4359 4501 4176
f 4360 4380 4405
f 4360 4405 296
f 4361 4476 4161
f 4361 4161 4133
f 4362 3473 4209
f 4362 4209 4343
f 4363 3476 4301
f 4363 4301 4438
f 4364 4445 3805
f 4364 3805 4443
f 4365 3866 3867
f 4365 3867 4067
f 4366 5057 3865
f 4366 3865 4462
f 4367 4318 4456
f 4367 4456 4436
f 4368 3865 4077
f 4368 4077 3864
f 4369 4335 2657
f 4369 2657 4313
f 4370 4463 4371
f 4370 4371 3256
f 4371 4116 4370
f 4371 4370 4409
f 4372 3609 4107
f 4372 4107 4472
f 4373 2922 3966
f 4373 3966 4374
f 4374 4373 4353
f 4374 4353 3104
f 4375 3103 4391
f 4375 4391 2997
f 4376 4012 4011
f 4376 4011 4203
f 4377 4454 4378
f 4377 4378 4451
f 4378 3887 4377
f 4378 4377 4355
f 4379 4447 3856
f 4379 3856 4304
f 4380 4350 4132
f 4380 4132 4404
f 4381 4157 4156
f 4381 4156 4299
f 4382 4383 4156
f 4382 4156 4155
f 4383 4147 5095
f 4383 5095 4382
f 4384 4407 4385
f 4384 4385 4386
f 4385 4429 4384
f 4385 4384 4415
f 4386 4433 3474
f 4386 3474 4407
f 4387 4082 4086
f 4387 4086 3818
f 4388 4426 3817
f 4388 3817 4090
f 4389 4345 4374
f 4389 4374 4373
f 4390 3608 4107
f 4390 4107 3288
f 4391 4374 3104
f 4391 3104 4389
f 4392 4354 4122
f 4392 4122 4393
f 4393 4392 4055
f 4393 4055 4054
f 4394 4149 3804
f 4394 3804 4222
f 4395 4222 4221
f 4395 4221 5088
f 4396 4430 4439
f 4396 4439 4340
f 4397 4347 3917
f 4397 3917 4204
f 4398 4434 4093
f 4398 4093 4092
f 4399 4323 5072
f 4399 5072 4324
f 4400 4323 4469
f 4400 4469 4401
f 4401 4330 4413
f 4401 4413 5047
f 4402 4406 4158
f 4402 4158 4159
f 4403 5197 4506
f 4403 4506 5172
f 4404 4402 4159
f 4404 4159 4350
f 4405 4350 5172
f 4405 5172 4481
f 4406 4402 4158
f 4406 4158 4157
f 4407 3970 4384
f 4407 4384 4351
f 4408 4438 3375
f 4408 3375 4478
f 4409 4438 4371
f 4409 4371 4516
f 4410 4339 4011
f 4410 4011 4189
f 4411 4315 3960
f 4411 3960 4138
f 4412 4122 3376
f 4412 3376 4392
f 4413 4349 4333
f 4413 4333 4467
f 4414 4055 3375
f 4414 3375 3374
f 4415 4055 4061
f 4415 4061 4385
f 4416 4393 4461
f 4416 4461 4392
f 4417 1191 4442
f 4417 4442 4419
f 4418 4420 4419
f 4418 4419 4442
f 4419 4418 4417
f 4419 4417 299
f 4420 4441 4418
f 4420 4418 4231
f 4421 3607 4465
f 4421 4465 4454
f 4422 3255 4470
f 4422 4470 4479
f 4423 4066 3867
f 4423 3867 4067
f 4424 4179 4303
f 4424 4303 3041
f 4425 2996 3178
f 4425 3178 3177
f 4426 4388 4118
f 4426 4118 3818
f 4427 4185 4187
f 4427 4187 3799
f 4428 4346 4059
f 4428 4059 4061
f 4429 4428 4061
f 4429 4061 3969
f 4430 4012 4396
f 4430 4396 4019
f 4431 4451 4045
f 4431 4045 3605
f 4432 3717 4303
f 4432 4303 2787
f 4433 4386 3374
f 4433 3374 4414
f 4434 3849 4398
f 4434 4398 4096
f 4435 4466 4512
f 4435 4512 4083
f 4436 4462 4456
f 4436 4456 4097
f 4437 3717 4448
f 4437 4448 3178
f 4438 4409 4363
f 4438 4363 4408
f 4439 4460 4396
f 4439 4396 4448
f 4440 1191 4441
f 4440 4441 4442
f 4441 4420 4442
f 4441 4442 4440
f 4442 1191 4420
f 4442 4420 4441
f 4443 3806 4445
f 4443 4445 4523
f 4444 4445 4443
f 4444 4443 4364
f 4445 4443 4444
f 4445 4444 4500
f 4446 3376 4461
f 4446 4461 4205
f 4447 4305 4379
f 4447 4379 4519
f 4448 4439 4437
f 4448 4437 2993
f 4449 4510 4340
f 4449 4340 4202
f 4450 5088 4441
f 4450 4441 4440
f 4451 3288 4377
f 4451 4377 4431
f 4452 4464 3817
f 4452 3817 4082
f 4453 3960 4094
f 4453 4094 4139
f 4454 4377 3608
f 4454 3608 4465
f 4455 4094 4095
f 4455 4095 3607
f 4456 3866 3867
f 4456 3867 4462
f 4457 3374 4301
f 4457 4301 3475
f 4458 4463 4470
f 4458 4470 3477
f 4459 3609 4471
f 4459 4471 4045
f 4460 4439 4499
f 4460 4499 3717
f 4461 4446 4416
f 4461 4416 4205
f 4462 4073 4366
f 4462 4366 3866
f 4463 4511 4370
f 4463 4370 4458
f 4464 4094 4452
f 4464 4452 4512
f 4465 3608 3960
f 4465 3960 4411
f 4466 4434 4435
f 4466 4435 4092
f 4467 4239 4307
f 4467 4307 4333
f 4468 3823 4515
f 4468 4515 4260
f 4469 3824 4331
f 4469 4331 4307
f 4470 4458 3287
f 4470 3287 4422
f 4471 3287 4459
f 4471 4459 4193
f 4472 3288 4045
f 4472 4045 4372
f 4473 4526 4475
f 4473 4475 4083
f 4474 4084 4081
f 4474 4081 4526
f 4475 4514 4555
f 4475 4555 4528
f 4476 4361 4161
f 4476 4161 4530
f 4477 2997 4375
f 4477 4375 2658
f 4478 4516 4461
f 4478 4461 3375
f 4479 4422 4458
f 4479 4458 3254
f 4480 4134 4183
f 4480 4183 297
f 4481 5172 4160
f 4481 4160 5197
f 4482 4161 4506
f 4482 4506 4522
f 4483 4488 4604
f 4483 4604 4623
f 4484 4481 4498
f 4484 4498 5197
f 4485 4381 4156
f 4485 4156 4155
f 4486 5095 4155
f 4486 4155 4487
f 4487 4486 4224
f 4487 4224 5090
f 4488 4563 4585
f 4488 4585 4578
f 4489 4536 4553
f 4489 4553 4585
f 4490 4623 4672
f 4490 4672 4621
f 4491 4674 4709
f 4491 4709 4615
f 4492 4793 4792
f 4492 4792 4805
f 4493 4881 4805
f 4493 4805 4815
f 4494 4889 4700
f 4494 4700 4781
f 4495 4890 4914
f 4495 4914 5201
f 4496 4871 4904
f 4496 4904 4652
f 4497 5198 4158
f 4497 4158 4402
f 4498 4484 4536
f 4498 4536 4508
f 4499 4460 2787
f 4499 2787 4432
f 4500 4443 4523
f 4500 4523 4445
f 4501 299 4500
f 4501 4500 4523
f 4502 4572 4419
f 4502 4419 4418
f 4503 3865 4366
f 4503 4366 4504
f 4504 4368 3864
f 4504 3864 4503
f 4505 5101 4291
f 4505 4291 4518
f 4506 4161 4403
f 4506 4403 4507
f 4507 4506 4553
f 4507 4553 4403
f 4508 4484 4498
f 4508 4498 5197
f 4509 4566 4163
f 4509 4163 4574
f 4510 4449 4109
f 4510 4109 2997
f 4511 4463 4205
f 4511 4205 4516
f 4512 4092 4464
f 4512 4464 4435
f 4513 4078 4504
f 4513 4504 4528
f 4514 4547 5048
f 4514 5048 4528
f 4515 3823 4239
f 4515 4239 4468
f 4516 4409 4478
f 4516 4478 4511
f 4517 4097 4513
f 4517 4513 4083
f 4518 4332 4306
f 4518 4306 5101
f 4519 4447 4087
f 4519 4087 4292
f 4520 4087 4529
f 4520 4529 5078
f 4521 4266 5078
f 4521 5078 4568
f 4522 4507 4563
f 4522 4563 4482
f 4523 1192 3806
f 4523 3806 4417
f 4524 4552 4558
f 4524 4558 4290
f 4525 4290 4524
f 4525 4524 4260
f 4526 4473 4082
f 4526 4082 4474
f 4527 3822 3823
f 4527 3823 4260
f 4528 4513 4514
f 4528 4514 4085
f 4529 4520 4081
f 4529 4081 4567
f 4530 4163 4162
f 4530 4162 4134
f 4531 4533 4602
f 4531 4602 2769
f 4532 4224 4225
f 4532 4225 5093
f 4533 2769 4223
f 4533 4223 4531
f 4534 5096 4541
f 4534 4541 5089
f 4535 4533 5089
f 4535 5089 4223
f 4536 4498 4489
f 4536 4489 4544
f 4537 4227 4599
f 4537 4599 4571
f 4538 4649 4620
f 4538 4620 4669
f 4539 4571 4618
f 4539 4618 4599
f 4540 4612 1195
f 4540 1195 4614
f 4541 4534 4548
f 4541 4548 4551
f 4542 4548 4617
f 4542 4617 4586
f 4543 5198 4497
f 4543 4497 4498
f 4544 4536 4226
f 4544 4226 4489
f 4545 4231 1193
f 4545 1193 4572
f 4546 4570 4489
f 4546 4489 4585
f 4547 5048 4273
f 4547 4273 5049
f 4548 2770 4541
f 4548 4541 4542
f 4549 4291 3820
f 4549 3820 4250
f 4550 4564 1195
f 4550 1195 4540
f 4551 4541 4561
f 4551 4561 4224
f 4552 3822 4524
f 4552 4524 4558
f 4553 4507 4508
f 4553 4508 4522
f 4554 4583 4606
f 4554 4606 4609
f 4555 4560 4475
f 4555 4475 4079
f 4556 4559 4558
f 4556 4558 4291
f 4557 4559 4263
f 4557 4263 4264
f 4558 4552 4290
f 4558 4290 3821
f 4559 4558 4556
f 4559 4556 4557
f 4560 5045 4555
f 4560 4555 4079
f 4561 4551 4592
f 4561 4592 4564
f 4562 4250 4556
f 4562 4556 4291
f 4563 4577 4522
f 4563 4522 4488
f 4564 5093 4532
f 4564 4532 4550
f 4565 4502 4177
f 4565 4177 299
f 4566 4163 4577
f 4566 4577 4574
f 4567 4568 4521
f 4567 4521 4584
f 4568 4267 4569
f 4568 4569 4567
f 4569 4588 4267
f 4569 4267 4568
f 4570 4544 4546
f 4570 4546 4581
f 4571 4620 4537
f 4571 4537 4539
f 4572 4231 4545
f 4572 4545 4502
f 4573 4667 4716
f 4573 4716 4757
f 4574 4566 4509
f 4574 4509 4577
f 4575 3351 4583
f 4575 4583 297
f 4576 1194 298
f 4576 298 4230
f 4577 4566 4162
f 4577 4162 4563
f 4578 4488 4227
f 4578 4227 4585
f 4579 4657 4228
f 4579 4228 4603
f 4580 4624 4674
f 4580 4674 4620
f 4581 4226 4570
f 4581 4570 4544
f 4582 4602 1193
f 4582 1193 4572
f 4583 4509 4609
f 4583 4609 4554
f 4584 4597 4248
f 4584 4248 4269
f 4585 4489 4488
f 4585 4488 4553
f 4586 1194 4230
f 4586 4230 4548
f 4587 4591 4593
f 4587 4593 4262
f 4588 4600 4601
f 4588 4601 4569
f 4589 4590 4265
f 4589 4265 4266
f 4590 4589 4266
f 4590 4266 4593
f 4591 4264 4587
f 4591 4587 4589
f 4592 4611 4561
f 4592 4561 4542
f 4593 4600 4587
f 4593 4587 4249
f 4594 4268 4595
f 4594 4595 4249
f 4595 4600 4588
f 4595 4588 4601
f 4596 4268 4248
f 4596 4248 5077
f 4597 5077 4248
f 4597 4248 4270
f 4598 4599 4581
f 4598 4581 4614
f 4599 4537 4598
f 4599 4598 4570
f 4600 4595 4593
f 4600 4593 4588
f 4601 4588 4267
f 4601 4267 4595
f 4602 1193 4531
f 4602 4531 1194
f 4603 4620 4579
f 4603 4579 4227
f 4604 4574 4577
f 4604 4577 4483
f 4605 4613 4607
f 4605 4607 4621
f 4606 4607 4554
f 4606 4554 298
f 4607 4230 4606
f 4607 4606 4610
f 4608 1195 4611
f 4608 4611 4662
f 4609 4613 4574
f 4609 4574 4583
f 4610 4607 4229
f 4610 4229 4611
f 4611 4592 4617
f 4611 4617 4608
f 4612 4540 4673
f 4612 4673 4670
f 4613 4609 4623
f 4613 4623 4604
f 4614 4616 4540
f 4614 4540 4598
f 4615 4491 4228
f 4615 4228 4622
f 4616 4614 4618
f 4616 4618 4673
f 4617 4611 4586
f 4617 4586 4542
f 4618 1197 4616
f 4618 4616 4649
f 4619 4660 4705
f 4619 4705 4679
f 4620 4538 4669
f 4620 4669 4603
f 4621 4490 4605
f 4621 4605 4716
f 4622 4757 4615
f 4622 4615 4672
f 4623 4613 4490
f 4623 4490 4483
f 4624 4668 4669
f 4624 4669 4674
f 4625 4668 4701
f 4625 4701 4703
f 4626 4703 4784
f 4626 4784 4779
f 4627 4706 4713
f 4627 4713 4664
f 4628 5199 4890
f 4628 4890 4766
f 4629 4633 4804
f 4629 4804 4803
f 4630 4747 4710
f 4630 4710 4789
f 4631 4900 4760
f 4631 4760 4783
f 4632 4714 4682
f 4632 4682 4760
f 4633 5104 4682
f 4633 4682 4629
f 4634 4635 4903
f 4634 4903 4803
f 4635 4930 4932
f 4635 4932 4684
f 4636 4811 4938
f 4636 4938 4812
f 4637 4829 4687
f 4637 4687 4832
f 4638 4897 4850
f 4638 4850 4911
f 4639 4823 4908
f 4639 4908 4873
f 4640 4723 4822
f 4640 4822 4641
f 4641 4640 4822
f 4641 4822 4722
f 4642 4727 4722
f 4642 4722 5111
f 4643 4739 4752
f 4643 4752 5111
f 4644 4796 4731
f 4644 4731 4762
f 4645 4737 4730
f 4645 4730 4741
f 4646 4730 4647
f 4646 4647 4728
f 4647 4737 4646
f 4647 4646 4730
f 4648 4718 4647
f 4648 4647 4746
f 4649 4538 1197
f 4649 1197 4618
f 4650 4669 4660
f 4650 4660 4677
f 4651 4749 4766
f 4651 4766 4706
f 4652 4872 4809
f 4652 4809 4654
f 4653 4819 4847
f 4653 4847 4846
f 4654 4807 4871
f 4654 4871 4809
f 4655 1196 4756
f 4655 4756 4676
f 4656 4675 4676
f 4656 4676 4658
f 4657 4579 4483
f 4657 4483 4490
f 4658 4659 4756
f 4658 4756 4656
f 4659 4658 4754
f 4659 4754 4717
f 4660 4650 4619
f 4660 4619 1197
f 4661 4749 4807
f 4661 4807 4679
f 4662 4670 4608
f 4662 4608 4229
f 4663 4668 4677
f 4663 4677 4666
f 4664 4678 4627
f 4664 4627 4704
f 4665 4704 4713
f 4665 4713 4759
f 4666 4703 4704
f 4666 4704 4625
f 4667 4670 4573
f 4667 4573 4717
f 4668 4663 4625
f 4668 4625 4624
f 4669 4650 4624
f 4669 4624 4620
f 4670 4667 4673
f 4670 4673 4671
f 4671 4756 4717
f 4671 4717 4667
f 4672 4490 4622
f 4672 4622 4615
f 4673 4670 1196
f 4673 1196 4616
f 4674 4708 4491
f 4674 4491 4624
f 4675 4656 1199
f 4675 1199 4748
f 4676 4656 4705
f 4676 4705 1198
f 4677 4663 4679
f 4677 4679 4678
f 4678 4666 4677
f 4678 4677 4664
f 4679 4677 4661
f 4679 4661 4619
f 4680 4749 4678
f 4680 4678 4706
f 4681 4710 4713
f 4681 4713 4711
f 4682 4633 4632
f 4682 4632 4683
f 4683 4817 4632
f 4683 4632 4806
f 4684 4636 4635
f 4684 4635 4812
f 4685 4922 4811
f 4685 4811 4941
f 4686 4947 4831
f 4686 4831 4895
f 4687 4895 4637
f 4687 4637 4830
f 4688 4885 4690
f 4688 4690 4798
f 4689 4765 4785
f 4689 4785 4735
f 4690 4897 4885
f 4690 4885 4702
f 4691 4849 4818
f 4691 4818 4848
f 4692 4761 4836
f 4692 4836 4794
f 4693 4829 4702
f 4693 4702 4688
f 4694 4799 4689
f 4694 4689 4829
f 4695 4765 5112
f 4695 5112 4772
f 4696 5106 4802
f 4696 4802 4773
f 4697 4824 4817
f 4697 4817 4887
f 4698 4887 4714
f 4698 4714 4697
f 4699 4916 4925
f 4699 4925 4901
f 4700 4743 4792
f 4700 4792 4494
f 4701 4736 4784
f 4701 4784 4625
f 4702 4690 4693
f 4702 4693 4853
f 4703 4625 4666
f 4703 4666 4626
f 4704 4666 4665
f 4704 4665 4703
f 4705 4676 4619
f 4705 4619 1197
f 4706 4651 4627
f 4706 4627 4707
f 4707 5199 5173
f 4707 5173 4711
f 4708 4674 4736
f 4708 4736 4625
f 4709 4491 4755
f 4709 4755 4674
f 4710 4630 4681
f 4710 4681 4715
f 4711 4681 4707
f 4711 4707 5173
f 4712 4867 4804
f 4712 4804 4931
f 4713 4681 4665
f 4713 4665 4627
f 4714 4698 4632
f 4714 4632 4697
f 4715 4759 4710
f 4715 4710 4778
f 4716 4573 4621
f 4716 4621 4672
f 4717 4667 4659
f 4717 4659 4671
f 4718 5110 4648
f 4718 4648 4719
f 4719 4797 4744
f 4719 4744 4648
f 4720 4744 5103
f 4720 5103 5107
f 4721 4745 4849
f 4721 4849 4845
f 4722 4822 4641
f 4722 4641 4642
f 4723 4640 4822
f 4723 4822 4823
f 4724 5115 4820
f 4724 4820 4821
f 4725 4859 4827
f 4725 4827 4842
f 4726 4775 4788
f 4726 4788 4787
f 4727 4642 4776
f 4727 4776 4838
f 4728 5110 4742
f 4728 4742 4718
f 4729 4773 5112
f 4729 5112 4768
f 4730 4645 4646
f 4730 4646 4647
f 4731 4644 4795
f 4731 4795 4775
f 4732 4751 4740
f 4732 4740 5114
f 4733 4740 5113
f 4733 5113 4741
f 4734 4795 4777
f 4734 4777 4645
f 4735 5110 4765
f 4735 4765 4772
f 4736 4701 4708
f 4736 4708 4786
f 4737 4741 4645
f 4737 4645 4647
f 4738 4741 4733
f 4738 4733 4740
f 4739 4751 4752
f 4739 4752 4732
f 4740 4733 4751
f 4740 4751 4732
f 4741 4738 4737
f 4741 4737 4733
f 4742 5112 4728
f 4742 4728 4772
f 4743 4700 4779
f 4743 4779 4778
f 4744 4750 5107
f 4744 5107 4720
f 4745 4841 4849
f 4745 4849 4848
f 4746 4737 4750
f 4746 4750 4738
f 4747 4782 4630
f 4747 4630 4760
f 4748 4675 4815
f 4748 4815 4659
f 4749 4651 4661
f 4749 4661 4807
f 4750 4744 4746
f 4750 4746 4758
f 4751 4732 4740
f 4751 4740 4739
f 4752 4739 4758
f 4752 4758 4643
f 4753 4643 4642
f 4753 4642 5105
f 4754 4659 4717
f 4754 4717 4757
f 4755 4709 4808
f 4755 4808 4754
f 4756 4658 4655
f 4756 4655 4671
f 4757 4754 4622
f 4757 4622 4573
f 4758 4751 4752
f 4758 4752 4738
f 4759 4715 4665
f 4759 4665 4779
f 4760 4783 4632
f 4760 4632 4631
f 4761 4797 4692
f 4761 4692 4814
f 4762 5114 5102
f 4762 5102 4767
f 4763 4784 4492
f 4763 4492 4779
f 4764 4790 4760
f 4764 4760 4682
f 4765 4735 4689
f 4765 4689 4695
f 4766 5199 4809
f 4766 4809 4651
f 4767 5102 4776
f 4767 4776 5111
f 4768 4769 4729
f 4768 4729 4742
f 4769 4770 4768
f 4769 4768 4791
f 4770 4769 4791
f 4770 4791 4816
f 4771 4842 4726
f 4771 4726 4827
f 4772 5110 4735
f 4772 4735 4765
f 4773 5106 4801
f 4773 4801 4729
f 4774 4790 5200
f 4774 5200 4710
f 4775 4726 4644
f 4775 4644 4731
f 4776 4767 4727
f 4776 4727 4642
f 4777 5113 4741
f 4777 4741 4645
f 4778 4743 4781
f 4778 4781 4789
f 4779 4759 4626
f 4779 4626 4743
f 4780 4819 4619
f 4780 4619 4661
f 4781 4860 4778
f 4781 4778 4789
f 4782 4747 4860
f 4782 4860 4900
f 4783 4888 4760
f 4783 4760 4714
f 4784 4701 4703
f 4784 4703 4763
f 4785 4797 4761
f 4785 4761 4735
f 4786 4736 4808
f 4786 4808 4708
f 4787 4795 4726
f 4787 4726 4775
f 4788 4726 4796
f 4788 4796 4644
f 4789 4782 4778
f 4789 4778 4715
f 4790 4764 4629
f 4790 4629 4633
f 4791 4795 4734
f 4791 4734 4770
f 4792 4492 4700
f 4792 4700 1200
f 4793 4701 4805
f 4793 4805 4736
f 4794 4836 4814
f 4794 4814 4835
f 4795 4787 4731
f 4795 4731 4775
f 4796 4767 4644
f 4796 4644 4776
f 4797 4761 4785
f 4797 4785 4719
f 4798 4692 4818
f 4798 4818 4785
f 4799 4694 4801
f 4799 4801 4695
f 4800 4839 4913
f 4800 4913 4830
f 4801 4773 4799
f 4801 4799 4832
f 4802 4696 4813
f 4802 4813 4844
f 4803 4634 4866
f 4803 4866 4837
f 4804 4629 4712
f 4804 4712 4866
f 4805 4793 4808
f 4805 4808 4492
f 4806 4825 4683
f 4806 4683 5104
f 4807 4654 4749
f 4807 4749 4809
f 4808 4805 4755
f 4808 4755 4786
f 4809 4766 4651
f 4809 4651 4652
f 4810 4843 4943
f 4810 4943 4869
f 4811 4685 4636
f 4811 4636 4941
f 4812 4636 4922
f 4812 4922 4685
f 4813 4825 4802
f 4813 4802 4824
f 4814 4794 4834
f 4814 4834 4761
f 4815 4748 4675
f 4815 4675 1199
f 4816 4770 4826
f 4816 4826 4862
f 4817 4697 4683
f 4817 4683 4824
f 4818 4836 4691
f 4818 4691 4848
f 4819 4653 4780
f 4819 4780 4807
f 4820 4842 4724
f 4820 4724 4838
f 4821 4641 5109
f 4821 5109 4724
f 4822 4640 4723
f 4822 4723 4845
f 4823 4723 5109
f 4823 5109 4639
f 4824 4813 4844
f 4824 4844 4697
f 4825 4813 4806
f 4825 4806 4824
f 4826 4828 4816
f 4826 4816 4770
f 4827 4725 4905
f 4827 4905 4771
f 4828 4802 4773
f 4828 4773 4892
f 4829 4693 4799
f 4829 4799 4637
f 4830 4918 4831
f 4830 4831 4686
f 4831 4940 4947
f 4831 4947 4686
f 4832 5106 4839
f 4832 4839 4801
f 4833 4841 4834
f 4833 4834 5105
f 4834 4835 4833
f 4834 4833 4814
f 4835 4841 4834
f 4835 4834 4794
f 4836 4794 4848
f 4836 4848 4818
f 4837 4932 4866
f 4837 4866 4634
f 4838 4727 4788
f 4838 4788 4820
f 4839 5106 4832
f 4839 4832 4840
f 4840 4813 4839
f 4840 4839 4696
f 4841 4745 4835
f 4841 4835 4833
f 4842 4820 4771
f 4842 4771 4725
f 4843 4844 4892
f 4843 4892 4887
f 4844 4802 4843
f 4844 4843 4824
f 4845 4822 5105
f 4845 5105 4723
f 4846 4881 1200
f 4846 1200 4871
f 4847 1199 1198
f 4847 1198 4653
f 4848 4849 4836
f 4848 4836 4745
f 4849 4848 4745
f 4849 4745 4691
f 4850 4638 4897
f 4850 4897 4885
f 4851 4878 4852
f 4851 4852 4894
f 4852 4935 4854
f 4852 4854 4851
f 4853 4894 4927
f 4853 4927 4702
f 4854 4852 4927
f 4854 4927 4949
f 4855 4934 4877
f 4855 4877 4884
f 4856 4855 4857
f 4856 4857 4899
f 4857 4921 4856
f 4857 4856 4902
f 4858 4942 4919
f 4858 4919 4865
f 4859 4725 4724
f 4859 4724 4858
f 4860 4782 4889
f 4860 4889 4781
f 4861 4787 4771
f 4861 4771 4827
f 4862 4892 4816
f 4862 4816 4924
f 4863 4943 4945
f 4863 4945 4924
f 4864 4952 4923
f 4864 4923 4899
f 4865 4942 4898
f 4865 4898 4902
f 4866 4931 4803
f 4866 4803 4837
f 4867 4712 4925
f 4867 4925 4916
f 4868 4870 4912
f 4868 4912 4944
f 4869 4938 4943
f 4869 4943 4944
f 4870 4932 4868
f 4870 4868 4930
f 4871 4496 4654
f 4871 4654 4846
f 4872 4652 4890
f 4872 4890 4917
f 4873 4723 4639
f 4873 4639 4823
f 4874 4908 4915
f 4874 4915 4909
f 4875 4874 4909
f 4875 4909 5108
f 4876 4915 5108
f 4876 5108 4883
f 4877 4884 4855
f 4877 4855 4921
f 4878 4935 4937
f 4878 4937 4851
f 4879 4915 4937
f 4879 4937 4883
f 4880 4721 4849
f 4880 4849 4691
f 4881 1199 4846
f 4881 4846 4847
f 4882 4639 4874
f 4882 4874 4879
f 4883 4876 4884
f 4883 4884 4879
f 4884 4934 4877
f 4884 4877 4855
f 4885 4690 4850
f 4885 4850 4897
f 4886 4913 4903
f 4886 4903 4825
f 4887 4697 4844
f 4887 4844 4698
f 4888 4912 4783
f 4888 4783 4698
f 4889 4860 4901
f 4889 4901 4914
f 4890 4495 4872
f 4890 4872 5201
f 4891 4888 4631
f 4891 4631 4900
f 4892 4862 4828
f 4892 4828 4843
f 4893 5109 4909
f 4893 4909 5115
f 4894 4851 4852
f 4894 4852 4853
f 4895 4927 4950
f 4895 4950 4686
f 4896 4946 4949
f 4896 4949 4952
f 4897 4638 4690
f 4897 4690 4850
f 4898 4865 4919
f 4898 4919 4902
f 4899 4896 4856
f 4899 4856 4902
f 4900 4631 4901
f 4900 4901 4782
f 4901 4900 4699
f 4901 4699 4889
f 4902 4865 4898
f 4902 4898 4857
f 4903 4684 4634
f 4903 4634 4886
f 4904 4496 1200
f 4904 1200 4700
f 4905 4919 4827
f 4905 4827 4907
f 4906 4923 4907
f 4906 4907 4924
f 4907 4905 4906
f 4907 4906 4827
f 4908 4909 4874
f 4908 4874 4639
f 4909 4908 4893
f 4909 4893 4874
f 4910 5115 4920
f 4910 4920 4942
f 4911 4937 4878
f 4911 4878 4851
f 4912 4888 4868
f 4912 4868 4936
f 4913 4886 4918
f 4913 4918 4812
f 4914 4495 4889
f 4914 4889 4917
f 4915 4876 4874
f 4915 4874 4879
f 4916 4931 4936
f 4916 4936 4933
f 4917 4872 4914
f 4917 4914 4494
f 4918 4922 4913
f 4918 4913 4831
f 4919 4905 4725
f 4919 4725 4898
f 4920 5108 4921
f 4920 4921 4910
f 4921 4877 4920
f 4921 4920 4857
f 4922 4685 4918
f 4922 4918 4940
f 4923 4864 4906
f 4923 4906 4924
f 4924 4863 4923
f 4924 4923 4906
f 4925 4867 4699
f 4925 4699 4495
f 4926 4902 4898
f 4926 4898 4923
f 4927 4854 4853
f 4927 4853 4895
f 4928 4929 4950
f 4928 4950 4951
f 4929 4928 4948
f 4929 4948 4947
f 4930 4938 4635
f 4930 4635 4932
f 4931 4866 4916
f 4931 4916 4933
f 4932 4837 4870
f 4932 4870 4635
f 4933 4932 4931
f 4933 4931 4837
f 4934 4884 4935
f 4934 4935 4855
f 4935 4878 4934
f 4935 4934 4852
f 4936 4916 4912
f 4936 4912 4933
f 4937 4878 4911
f 4937 4911 4879
f 4938 4930 4636
f 4938 4636 4811
f 4939 4940 4947
f 4939 4947 4929
f 4940 4831 4939
f 4940 4939 4685
f 4941 4811 4685
f 4941 4685 4943
f 4942 4865 4858
f 4942 4858 4920
f 4943 4941 4863
f 4943 4863 4869
f 4944 4869 4868
f 4944 4868 5202
f 4945 4948 4863
f 4945 4863 4939
f 4946 4896 4854
f 4946 4854 4951
f 4947 4929 4928
f 4947 4928 4831
f 4948 4929 4945
f 4948 4945 4952
f 4949 4935 4855
f 4949 4855 4854
f 4950 4928 4951
f 4950 4951 4895
f 4951 4928 4952
f 4951 4952 4946
f 4952 4951 4864
f 4952 4864 4896
f 4953 194 229
f 4953 229 48
f 4954 4956 333
f 4954 333 273
f 4955 207 266
f 4955 266 4
f 4956 4954 4964
f 4956 4964 333
f 4957 279 338
f 4957 338 332
f 4958 131 242
f 4958 242 4959
f 4959 130 131
f 4959 131 4958
f 4960 209 207
f 4960 207 60
f 4961 52 273
f 4961 273 53
f 4962 4964 52
f 4962 52 4956
f 4963 51 328
f 4963 328 229
f 4964 4962 4956
f 4964 4956 332
f 4965 176 238
f 4965 238 217
f 4966 238 126
f 4966 126 125
f 4967 125 4966
f 4967 4966 4968
f 4968 4967 260
f 4968 260 126
f 4969 4967 4968
f 4969 4968 63
f 4970 217 22
f 4970 22 4969
f 4971 1286 5007
f 4971 5007 1141
f 4972 946 4981
f 4972 4981 949
f 4973 5012 5005
f 4973 5005 784
f 4974 541 4973
f 4974 4973 947
f 4975 721 663
f 4975 663 626
f 4976 593 597
f 4976 597 5008
f 4977 837 519
f 4977 519 922
f 4978 4979 674
f 4978 674 623
f 4979 695 4980
f 4979 4980 686
f 4980 695 4979
f 4980 4979 4988
f 4981 946 5001
f 4981 5001 4972
f 4982 5000 690
f 4982 690 630
f 4983 734 4995
f 4983 4995 567
f 4984 4983 725
f 4984 725 719
f 4985 5004 1084
f 4985 1084 1207
f 4986 5005 831
f 4986 831 784
f 4987 999 1352
f 4987 1352 520
f 4988 682 665
f 4988 665 4980
f 4989 623 4978
f 4989 4978 542
f 4990 5010 4981
f 4990 4981 946
f 4991 739 4990
f 4991 4990 5010
f 4992 948 5003
f 4992 5003 4991
f 4993 543 622
f 4993 622 4989
f 4994 566 5008
f 4994 5008 740
f 4995 734 566
f 4995 566 4983
f 4996 4997 740
f 4996 740 937
f 4997 5117 937
f 4997 937 4996
f 4998 1286 1349
f 4998 1349 1348
f 4999 4998 5007
f 4999 5007 1352
f 5000 631 668
f 5000 668 706
f 5001 5005 4986
f 5001 4986 785
f 5002 692 711
f 5002 711 742
f 5003 4992 514
f 5003 514 551
f 5004 1207 1085
f 5004 1085 4985
f 5005 4986 5001
f 5005 5001 784
f 5006 4984 517
f 5006 517 518
f 5007 4999 1286
f 5007 1286 4998
f 5008 619 4976
f 5008 4976 516
f 5009 520 1353
f 5009 1353 922
f 5010 943 4990
f 5010 4990 946
f 5011 563 513
f 5011 513 514
f 5012 4973 666
f 5012 666 783
f 5013 1353 519
f 5013 519 518
f 5014 672 671
f 5014 671 1165
f 5015 652 5021
f 5015 5021 799
f 5016 1124 5019
f 5016 5019 1407
f 5017 729 158
f 5017 158 798
f 5018 673 394
f 5018 394 647
f 5019 5016 1124
f 5019 1124 393
f 5020 1408 5019
f 5020 5019 647
f 5021 652 644
f 5021 644 799
f 5022 1542 778
f 5022 778 1282
f 5023 2130 1891
f 5023 1891 1890
f 5024 5026 2486
f 5024 2486 5028
f 5025 2216 2511
f 5025 2511 2510
f 5026 2880 2833
f 5026 2833 2486
f 5027 2978 3048
f 5027 3048 2963
f 5028 2486 2672
f 5028 2672 5024
f 5029 2184 2409
f 5029 2409 2183
f 5030 453 2507
f 5030 2507 2609
f 5031 1056 1057
f 5031 1057 5036
f 5032 2975 1055
f 5032 1055 1059
f 5033 5035 2959
f 5033 2959 2958
f 5034 2508 1940
f 5034 1940 1942
f 5035 5033 2940
f 5035 2940 3061
f 5036 1059 1055
f 5036 1055 5031
f 5037 1756 865
f 5037 865 5132
f 5038 2877 2650
f 5038 2650 2651
f 5039 1756 2429
f 5039 2429 1942
f 5040 2429 455
f 5040 455 5132
f 5041 2543 2567
f 5041 2567 2398
f 5042 3149 3184
f 5042 3184 3152
f 5043 3128 3185
f 5043 3185 3276
f 5044 3266 3268
f 5044 3268 3229
f 5045 4272 4560
f 5045 4560 4271
f 5046 4072 4069
f 5046 4069 4071
f 5047 4330 4308
f 5047 4308 4238
f 5048 5049 4547
f 5048 4547 4085
f 5049 5048 4547
f 5049 4547 3863
f 5050 3842 5085
f 5050 5085 4293
f 5051 5052 5083
f 5051 5083 5084
f 5052 4255 5051
f 5052 5051 5079
f 5053 4288 4255
f 5053 4255 4263
f 5054 4277 3841
f 5054 3841 4240
f 5055 3832 5068
f 5055 5068 3925
f 5056 4271 4247
f 5056 4247 4270
f 5057 4366 3865
f 5057 3865 4075
f 5058 4067 4365
f 5058 4365 4068
f 5059 4068 5075
f 5059 5075 5061
f 5060 5061 4075
f 5060 4075 4076
f 5061 5060 5059
f 5061 5059 5063
f 5062 4076 3862
f 5062 3862 5060
f 5063 4218 5059
f 5063 5059 5061
f 5064 5066 3859
f 5064 3859 3860
f 5065 3859 5064
f 5065 5064 4215
f 5066 3860 5067
f 5066 5067 5064
f 5067 4272 4246
f 5067 4246 4271
f 5068 3980 3925
f 5068 3925 5055
f 5069 4310 4326
f 5069 4326 4236
f 5070 5072 5069
f 5070 5069 5071
f 5071 4236 5070
f 5071 5070 4235
f 5072 5070 4326
f 5072 4326 5074
f 5073 5074 4328
f 5073 4328 4327
f 5074 4327 5072
f 5074 5072 5073
f 5075 3833 5059
f 5075 5059 4218
f 5076 4071 4068
f 5076 4068 5046
f 5077 4597 4247
f 5077 4247 4270
f 5078 4521 4292
f 5078 4292 4265
f 5079 5082 4256
f 5079 4256 4255
f 5080 4257 5082
f 5080 5082 4287
f 5081 5080 5082
f 5081 5082 4287
f 5082 5080 5079
f 5082 5079 5081
f 5083 5050 5085
f 5083 5085 3840
f 5084 5085 5081
f 5084 5081 4334
f 5085 4334 5050
f 5085 5050 5084
f 5086 3844 3845
f 5086 3845 3869
f 5087 4158 4299
f 5087 4299 4485
f 5088 4450 2769
f 5088 2769 4395
f 5089 4535 5096
f 5089 5096 5100
f 5090 5098 5097
f 5090 5097 3214
f 5091 4148 5099
f 5091 5099 4152
f 5092 5087 4497
f 5092 4497 4485
f 5093 5092 4226
f 5093 4226 4564
f 5094 5098 3214
f 5094 3214 4181
f 5095 4383 4154
f 5095 4154 4486
f 5096 5097 5091
f 5096 5091 5090
f 5097 4153 3214
f 5097 3214 5090
f 5098 5094 5090
f 5098 5090 4154
f 5099 4151 4152
f 5099 4152 5100
f 5100 5099 4145
f 5100 4145 4151
f 5101 4306 4331
f 5101 4331 4505
f 5102 4767 4739
f 5102 4739 5114
f 5103 5107 4720
f 5103 4720 4814
f 5104 4633 4806
f 5104 4806 4683
f 5105 4833 4745
f 5105 4745 4841
f 5106 4696 4839
f 5106 4839 4832
f 5107 5103 4744
f 5107 4744 4752
f 5108 4876 4920
f 5108 4920 4883
f 5109 4823 4640
f 5109 4640 4893
f 5110 4735 4772
f 5110 4772 4718
f 5111 4643 4739
f 5111 4739 5102
f 5112 4695 4742
f 5112 4742 4772
f 5113 4733 4741
f 5113 4741 4732
f 5114 4732 4762
f 5114 4762 5102
f 5115 4910 4724
f 5115 4724 4893
f 5116 4171 4066
f 5116 4066 3848
f 5117 5118 1007
f 5117 1007 937
f 5118 971 1067
f 5118 1067 554
f 5119 5120 1141
f 5119 1141 1007
f 5120 1007 5117
f 5120 5117 5119
f 5121 865 2568
f 5121 2568 5148
f 5122 2879 2849
f 5122 2849 2855
f 5123 2927 2879
f 5123 2879 5138
f 5124 5129 2226
f 5124 2226 2225
f 5125 5127 2601
f 5125 2601 5126
f 5126 2659 2660
f 5126 2660 5127
f 5127 5130 5126
f 5127 5126 5125
f 5128 5139 5127
f 5128 5127 2531
f 5129 5124 5152
f 5129 5152 2568
f 5130 5142 5133
f 5130 5133 5127
f 5131 5141 2839
f 5131 2839 2840
f 5132 5153 5037
f 5132 5037 5040
f 5133 5151 5136
f 5133 5136 5134
f 5134 5136 5142
f 5134 5142 5138
f 5135 5151 5146
f 5135 5146 5153
f 5136 5134 5133
f 5136 5133 5141
f 5137 5138 2927
f 5137 2927 5123
f 5138 2927 5134
f 5138 5134 5137
f 5139 5144 5143
f 5139 5143 5128
f 5140 5144 5145
f 5140 5145 2531
f 5141 5131 5136
f 5141 5136 5146
f 5142 5134 2660
f 5142 2660 5130
f 5143 5144 5139
f 5143 5139 5150
f 5144 5140 5139
f 5144 5139 5143
f 5145 5140 2228
f 5145 2228 2226
f 5146 5141 5136
f 5146 5136 5135
f 5147 5135 5146
f 5147 5146 2840
f 5148 5152 5121
f 5148 5121 5150
f 5149 5153 5148
f 5149 5148 5150
f 5150 5143 5153
f 5150 5153 5144
f 5151 5133 5153
f 5151 5153 5135
f 5152 5148 5144
f 5152 5144 5145
f 5153 5151 5135
f 5153 5135 5150
f 5154 5175 188
f 5154 188 183
f 5155 1576 1747
f 5155 1747 1678
f 5156 1991 5157
f 5156 5157 5179
f 5157 5157 2007
f 5157 2007 5181
f 5158 5157 5179
f 5158 5179 1992
f 5159 5186 3146
f 5159 3146 5176
f 5160 2704 3324
f 5160 3324 3223
f 5161 420 3005
f 5161 3005 2970
f 5162 5185 3005
f 5162 3005 2970
f 5163 2969 3067
f 5163 3067 5187
f 5164 5187 5166
f 5164 5166 5165
f 5165 5166 5164
f 5165 5164 5187
f 5166 5164 5187
f 5166 5187 5165
f 5167 5168 5183
f 5167 5183 3930
f 5168 5183 5167
f 5168 5167 5190
f 5169 3326 3325
f 5169 3325 3301
f 5170 5171 5196
f 5170 5196 4005
f 5171 5196 3390
f 5171 3390 5170
f 5172 4481 5197
f 5172 5197 4160
f 5173 5174 4707
f 5173 4707 4711
f 5174 5173 5201
f 5174 5201 4712
f 5175 5154 213
f 5175 213 221
f 5176 419 5182
f 5176 5182 3223
f 5177 1749 1747
f 5177 1747 1678
f 5178 1690 1601
f 5178 1601 1689
f 5179 5157 2007
f 5179 2007 5181
f 5180 1865 1864
f 5180 1864 1593
f 5181 2009 5179
f 5181 5179 5157
f 5182 5176 419
f 5182 419 2832
f 5183 5183 5167
f 5183 5167 5190
f 5184 5165 5187
f 5184 5187 5164
f 5185 5185 3005
f 5185 3005 2970
f 5186 3146 5159
f 5186 5159 1999
f 5187 5164 5166
f 5187 5166 5165
f 5188 3429 407
f 5188 407 2733
f 5189 3147 414
f 5189 414 3296
f 5190 3759 5183
f 5190 5183 5168
f 5191 3550 3359
f 5191 3359 3741
f 5192 3147 3260
f 5192 3260 3264
f 5193 3433 3413
f 5193 3413 3432
f 5194 3581 3541
f 5194 3541 3344
f 5195 3559 3337
f 5195 3337 3434
f 5196 5171 3390
f 5196 3390 5170
f 5197 5172 4403
f 5197 4403 4481
f 5198 4481 4497
f 5198 4497 4160
f 5199 4766 4707
f 5199 4707 4628
f 5200 4804 4774
f 5200 4774 4629
f 5201 5174 4495
f 5201 4495 4890
f 5202 4887 4944
f 5202 4944 4868
