v 0.02065489999949932 0.43413522839546204 0.011193341575562954
v 0.039616022258996964 0.37164780497550964 -0.0003374612715560943
v 0.01650804467499256 0.38601547479629517 0.01680711843073368
v 0.002788436133414507 0.3868964910507202 0.03415479511022568
v 0.0034084459766745567 0.3836100995540619 0.03042692504823208
v 0.008120513521134853 0.38776370882987976 0.02021777257323265
v 0.005264419596642256 0.3819383978843689 0.025842975825071335
v 0.027868544682860374 0.33181673288345337 0.023050570860505104
v 0.00320267747156322 0.3377056419849396 0.03496283292770386
v 0.024996023625135422 0.35560956597328186 0.019451497122645378
v 0.009613395668566227 0.35030466318130493 0.029258575290441513
v 0.022982154041528702 0.3238922655582428 0.029909733682870865
v 0.01701306737959385 0.31665876507759094 0.03533384948968887
v 0.0290670245885849 0.41324642300605774 0.003785300999879837
v 0.028751788660883904 0.44193118810653687 -0.0011412017047405243
v 0.03686319664120674 0.4244508743286133 -0.008188801817595959
v 0.033718179911375046 0.324731707572937 0.012875845655798912
v 0.041703879833221436 0.35139960050582886 -0.03199394419789314
v 0.032422974705696106 0.3173221945762634 -0.03821328282356262
v 0.03792265057563782 0.43768835067749023 -0.01680200919508934
v 0.031103765591979027 0.45522376894950867 -0.017432574182748795
v 0.03480689600110054 0.46184754371643066 -0.05775119364261627
v 0.038633424788713455 0.34738096594810486 -0.0436546616256237
v 0.036255113780498505 0.3346112072467804 -0.03377633914351463
v 0.017033807933330536 0.47795987129211426 -0.06611301749944687
v 0.03867816552519798 0.4224608540534973 -0.08747483044862747
v 0.02672741748392582 0.38298651576042175 -0.09809254109859467
v 0.041629284620285034 0.4409537613391876 -0.03494802117347717
v 0.043349675834178925 0.41984570026397705 -0.07514756172895432
v 0.03393309935927391 0.3619104325771332 -0.07506072521209717
v 0.03585212677717209 0.3325686752796173 -0.06714434176683426
v 0.014112750068306923 0.29727017879486084 -0.023715471848845482
v 0.03290679305791855 0.37634414434432983 -0.0849873274564743
v 0.03679893538355827 0.3708615303039551 -0.0730939581990242
v 0.025421321392059326 0.35899215936660767 -0.08978136628866196
v 0.00412427494302392 0.4105346202850342 0.010219242423772812
v -0.0003559849283192307 0.42436641454696655 0.019655877724289894
v 0.036125607788562775 0.35465654730796814 0.008123202249407768
v 0.002966462867334485 0.4749525785446167 -0.008381939493119717
v 0.017629945650696754 0.47777846455574036 -0.0447637103497982
v 0.01554924063384533 0.36922597885131836 -0.10427596420049667
v 0.016006354242563248 0.4476683735847473 0.008357823826372623
v 0.01881074160337448 0.46045204997062683 -0.0026453258469700813
v 0.029545249417424202 0.40156373381614685 0.003991125151515007
v 0.046157676726579666 0.3735775947570801 -0.018778247758746147
v 0.04240243136882782 0.44526901841163635 -0.050877880305051804
v 0.03456299751996994 0.45898962020874023 -0.038143355399370193
v 0.019147757440805435 0.47245779633522034 -0.023677285760641098
v 0.04166821017861366 0.44534745812416077 -0.06786791235208511
v 0.03294742479920387 0.45971596240997314 -0.07802172005176544
v 0.012391596101224422 0.47315722703933716 -0.08783954381942749
v 0.010952197946608067 0.370930939912796 0.02442009374499321
v 0.015711916610598564 0.3059234619140625 0.0116684939712286
v 0.011437979526817799 0.3593255877494812 0.028249122202396393
v 0.018018927425146103 0.3555717170238495 0.024555230513215065
v 0.037255119532346725 0.33077770471572876 -0.05060333386063576
v 0.028002865612506866 0.33744290471076965 -0.08678383380174637
v 0.021007750183343887 0.31306272745132446 -0.005542976316064596
v -0.002976993564516306 0.37534019351005554 0.03105252794921398
v 0.000106832456367556 0.37942376732826233 0.027471454814076424
v -0.0012854533270001411 0.38944384455680847 0.03964460268616676
v 0.009910780005156994 0.436467707157135 0.016360728070139885
v -0.0012950834352523088 0.4358598291873932 0.019081944599747658
v 0.030521072447299957 0.42732417583465576 0.003010024782270193
v 0.015256968326866627 0.353892982006073 0.025905828922986984
v 0.02337474748492241 0.4225967824459076 0.011762368492782116
v 0.013863497413694859 0.4252002239227295 0.01677178218960762
v -0.00035691092489287257 0.4130418300628662 0.013429981656372547
v 0.02893296256661415 0.3825571835041046 0.011539098806679249
v 0.03870853781700134 0.37974268198013306 -0.07298392802476883
v 0.04700138047337532 0.36933109164237976 -0.04735475778579712
v 0.04739869385957718 0.4181394577026367 -0.05994603410363197
v 0.04432438686490059 0.41405633091926575 -0.0374889001250267
v 0.0472518727183342 0.3654475212097168 -0.03216271102428436
v 0.04779352620244026 0.3685447573661804 -0.038274046033620834
v 0.04232068359851837 0.3651074767112732 -0.04841550812125206
v 0.03730221465229988 0.4405921697616577 -0.08620363473892212
v 0.023539328947663307 0.45447149872779846 -0.09793984889984131
v 0.042385317385196686 0.4318637251853943 -0.07440846413373947
v 0.008377673104405403 0.4448349177837372 -0.1127336323261261
v 0.028368400409817696 0.40833228826522827 -0.10198824107646942
v 0.04175495728850365 0.40978413820266724 -0.07807338237762451
v 0.029135527089238167 0.4307844936847687 -0.10213359445333481
v 0.045302003622055054 0.4031420946121216 -0.030817555263638496
v 0.034063324332237244 0.39372724294662476 -0.08935335278511047
v 0.03833352029323578 0.3879675567150116 -0.078215591609478
v 0.015557519160211086 0.39336255192756653 -0.11049017310142517
v 0.042959824204444885 0.36019518971443176 -0.04305613413453102
v 0.046713847666978836 0.38351181149482727 -0.028960248455405235
v -0.0015680587384849787 0.4084663689136505 0.020837562158703804
v 0.03344566747546196 0.32529330253601074 -0.0039158654399216175
v 0.028107091784477234 0.3665909767150879 0.01385570503771305
v -0.006338072940707207 0.40940049290657043 0.027846327051520348
v 0.047192852944135666 0.3751263916492462 -0.03424932435154915
v -0.008029372431337833 0.4139586091041565 0.02378414012491703
v -0.0015668550040572882 0.4838765561580658 -0.028190769255161285
v -0.004095377866178751 0.48527973890304565 -0.0736873522400856
v 0.009285270236432552 0.3794020116329193 0.02015804871916771
v 0.00653557013720274 0.3165147602558136 0.03969414159655571
v -0.005254060495644808 0.39858946204185486 0.037266142666339874
v 0.0016211423790082335 0.3944074809551239 0.03267087787389755
v 0.0037561473436653614 0.41927647590637207 0.014665389433503151
v 0.006418453995138407 0.42736735939979553 0.01946520246565342
v 0.0019443422788754106 0.37808364629745483 -0.11170917749404907
v 0.015698229894042015 0.3315095901489258 -0.10206466168165207
v -0.0018005508463829756 0.38316231966018677 0.03550252318382263
v -0.0016040418995544314 0.381771057844162 0.029556958004832268
v 0.002702136058360338 0.4476245939731598 0.014204423874616623
v 0.0033679998014122248 0.40626123547554016 0.013271492905914783
v 0.0037390906363725662 0.3758804202079773 0.026283903047442436
v 0.018254032358527184 0.37581783533096313 0.018130382522940636
v 0.023904602974653244 0.39494115114212036 0.011362645775079727
v -0.006323757581412792 0.38245612382888794 0.038686539977788925
v 0.03897438198328018 0.338940292596817 -0.01746266707777977
v 0.043785806745290756 0.355366975069046 -0.006806571036577225
v 0.029076099395751953 0.3212077021598816 -0.020521752536296844
v -0.0033755300100892782 0.4010148048400879 -0.11928614974021912
v 0.037311993539333344 0.4079201817512512 -0.08851215243339539
v 0.012756706215441227 0.41928982734680176 -0.11637908220291138
v -0.0045892708003520966 0.46856486797332764 -0.10035010427236557
v 0.038235850632190704 0.31497660279273987 -0.05606628581881523
v 0.03788537159562111 0.39108747243881226 -0.0006491977255791426
v 0.03325573354959488 0.3480879068374634 -0.07292598485946655
v 0.03986486792564392 0.3995637893676758 -0.07803991436958313
v 0.00530245853587985 0.41324836015701294 0.010667633265256882
v -0.0035802803467959166 0.4165668189525604 0.018636424094438553
v 0.0461956225335598 0.36281493306159973 -0.03781239688396454
v 0.035583820194005966 0.33921587467193604 0.011654956266283989
v 0.024710528552532196 0.3454088866710663 0.021029088646173477
v 0.04611095041036606 0.35854607820510864 -0.022059321403503418
v 0.04066501557826996 0.3400518298149109 -0.0022651604376733303
v 0.012393985874950886 0.34980353713035583 -0.10173863172531128
v 0.007919244468212128 0.30561426281929016 -0.0022388440556824207
v 0.0034241133835166693 0.3973939120769501 0.022267736494541168
v 0.005255956668406725 0.38877731561660767 0.027708042412996292
v -0.005064292345196009 0.37900078296661377 0.03395095467567444
v 0.011631358414888382 0.39808425307273865 0.013998415321111679
v 0.043857160955667496 0.3942784368991852 -0.016854288056492805
v 0.0028932373970746994 0.41248196363449097 0.009992842562496662
v 0.021408619359135628 0.40532755851745605 0.008819974027574062
v 0.009425017051398754 0.40754634141921997 0.01091699581593275
v -0.01681431010365486 0.3842354714870453 -0.11441221833229065
v 0.04535841569304466 0.4122515022754669 -0.04577140882611275
v 0.04822450876235962 0.4131212532520294 -0.050499122589826584
v 0.05051552504301071 0.41505593061447144 -0.053275156766176224
v 0.05231419578194618 0.4167180061340332 -0.056759610772132874
v 0.05464370921254158 0.4155617952346802 -0.059896308928728104
v 0.05574222281575203 0.4136875569820404 -0.0632910504937172
v 0.052927762269973755 0.4078401029109955 -0.06654585152864456
v 0.0561177060008049 0.4040266275405884 -0.06712613254785538
v 0.056132540106773376 0.3971649408340454 -0.06733181327581406
v 0.056158244609832764 0.39045101404190063 -0.06579174101352692
v 0.055172454565763474 0.38401463627815247 -0.06300431489944458
v 0.051959142088890076 0.4160321056842804 -0.062495291233062744
v 0.04739439859986305 0.4180396795272827 -0.05511792376637459
v 0.046962399035692215 0.416175901889801 -0.05252380669116974
v 0.05324425548315048 0.4108637273311615 -0.06151784956455231
v 0.04508599638938904 0.39870065450668335 -0.05983065813779831
v 0.045029882341623306 0.38747331500053406 -0.04989016801118851
v 0.0435398705303669 0.3862803876399994 -0.05458999425172806
v 0.04612237960100174 0.38299423456192017 -0.04089207574725151
v 0.04851359501481056 0.37111732363700867 -0.04280008748173714
v 0.040739405900239944 0.38084331154823303 -0.06316666305065155
v 0.040860339999198914 0.38619861006736755 -0.06782900542020798
v 0.05546600744128227 0.37702804803848267 -0.05792577564716339
v 0.051570311188697815 0.36891093850135803 -0.04570818319916725
v 0.04682468622922897 0.4126926362514496 -0.063843734562397
v 0.05164731666445732 0.4118437170982361 -0.06506035476922989
v 0.04472101479768753 0.4029296338558197 -0.06447716802358627
v 0.04881064593791962 0.4011857807636261 -0.06553130596876144
v 0.048991523683071136 0.4068096876144409 -0.06507290154695511
v 0.05226317420601845 0.4032405614852905 -0.06718195974826813
v 0.044041577726602554 0.37482985854148865 -0.054039616137742996
v 0.04956817999482155 0.37640148401260376 -0.05763079971075058
v 0.05125194415450096 0.380725622177124 -0.06139858439564705
v 0.044182416051626205 0.38604429364204407 -0.06175148859620094
v 0.04610724747180939 0.3818848431110382 -0.06028623878955841
v 0.04952875152230263 0.3858562111854553 -0.06255358457565308
v 0.05255518853664398 0.3883882462978363 -0.06498667597770691
v 0.0455397367477417 0.3898449242115021 -0.06261192262172699
v 0.04549016058444977 0.394282728433609 -0.06381457298994064
v 0.04927748441696167 0.39122429490089417 -0.06431318819522858
v 0.05564507097005844 0.3804318904876709 -0.06064634397625923
v 0.05231993645429611 0.39836928248405457 -0.06729862838983536
v 0.052530985325574875 0.3933415114879608 -0.0667748898267746
v 0.04902900755405426 0.39588919281959534 -0.06544090807437897
v 0.05612611398100853 0.38745442032814026 -0.06410462409257889
v 0.05139365419745445 0.3772207796573639 -0.049280714243650436
v 0.053934916853904724 0.36975207924842834 -0.04977630823850632
v 0.047855474054813385 0.37604331970214844 -0.04361514002084732
v 0.0522850826382637 0.3845337927341461 -0.05867249518632889
v 0.047564055770635605 0.3872070908546448 -0.0581662692129612
v 0.04385123401880264 0.3902150094509125 -0.05838720500469208
v 0.0474996455013752 0.38333284854888916 -0.054503172636032104
v 0.05506180226802826 0.3936818242073059 -0.06327609717845917
v 0.05610581487417221 0.4007045030593872 -0.06764990091323853
v 0.05366621911525726 0.40557512640953064 -0.06299955397844315
v 0.05421348661184311 0.3998101055622101 -0.06331721693277359
v 0.048034630715847015 0.4087936282157898 -0.050341520458459854
v 0.04815817251801491 0.40985095500946045 -0.05528102442622185
v 0.003930933307856321 0.2950654923915863 -0.02050543762743473
v 0.04982580244541168 0.4025294780731201 -0.06032842397689819
v 0.05117420107126236 0.4126145541667938 -0.05765439197421074
v 0.05635425075888634 0.40734046697616577 -0.06635451316833496
v 0.05625491589307785 0.3937538266181946 -0.06699898838996887
v 0.045270614326000214 0.3932156562805176 -0.03891768679022789
v 0.04796179383993149 0.39189639687538147 -0.06018906459212303
v 0.05256737396121025 0.389504611492157 -0.06065214052796364
v 0.042940083891153336 0.39190346002578735 -0.054236531257629395
v 0.053601883351802826 0.2806509733200073 -0.027059050276875496
v 0.04386136680841446 0.2659938633441925 0.0018012288492172956
v 0.06833081692457199 0.16249853372573853 0.08030903339385986
v 0.09872099757194519 0.251572847366333 0.017761142924427986
v 0.09659606963396072 0.2438148409128189 0.022977659478783607
v 0.11015190929174423 0.16551697254180908 0.045588500797748566
v 0.10590801388025284 0.17117923498153687 0.04986073449254036
v 0.10678814351558685 0.17734935879707336 0.0435635969042778
v 0.10662072896957397 0.09229074418544769 0.036651819944381714
v 0.13114586472511292 0.101054847240448 -0.03853016719222069
v 0.11468859761953354 0.20900888741016388 0.08034501224756241
v 0.13100434839725494 0.003924783784896135 -0.062250398099422455
v 0.14023953676223755 0.2580452859401703 0.003470045980066061
v 0.09636742621660233 0.2220347374677658 0.03208879753947258
v 0.09478402137756348 0.22997036576271057 0.030145708471536636
v 0.14679710566997528 0.1397700160741806 -0.03327759727835655
v 0.14094501733779907 0.11380942910909653 -0.05306149646639824
v 0.06437221169471741 0.1498613804578781 0.07853813469409943
v 0.12760715186595917 0.017705930396914482 -0.007831878028810024
v 0.09327205270528793 0.11586514860391617 0.056750476360321045
v 0.08338019251823425 0.002043512649834156 0.03987905755639076
v 0.0470571406185627 0.25594571232795715 0.020689167082309723
v 0.08979414403438568 0.14879754185676575 0.06851741671562195
v 0.09838468581438065 0.1556314080953598 0.06321505457162857
v 0.11471608281135559 0.21473996341228485 0.01258144248276949
v 0.10421805083751678 0.2342158854007721 0.01789666712284088
v 0.11220282316207886 0.2225586175918579 0.00985726248472929
v 0.10595686733722687 0.23474502563476562 0.014373339712619781
v 0.12995129823684692 0.019139256328344345 -0.07409936934709549
v 0.13042017817497253 0.2009817659854889 -0.03205987438559532
v 0.09135442227125168 0.12946422398090363 0.05889351665973663
v 0.03959643095731735 0.24415849149227142 0.035096876323223114
v 0.0288494024425745 0.25562962889671326 0.01714668795466423
v 0.028114795684814453 0.2643772065639496 0.0018080625450238585
v 0.08979429304599762 0.13975638151168823 0.06436532735824585
v 0.08309528976678848 0.14359945058822632 0.07033844292163849
v 0.10630658268928528 0.21561630070209503 0.024959303438663483
v 0.09968338906764984 0.22719460725784302 0.027072938159108162
v 0.10023600608110428 0.001580380485393107 0.021566538140177727
v 0.07931457459926605 0.29276856780052185 -0.0629010796546936
v 0.1426573544740677 0.18131160736083984 -0.041948843747377396
v 0.14603166282176971 0.17882883548736572 -0.03803577646613121
v 0.12953005731105804 0.12193528562784195 -0.09488675743341446
v 0.10470040142536163 0.21714065968990326 -0.12962843477725983
v 0.14849358797073364 0.1506003737449646 -0.05688537657260895
v 0.1465827226638794 0.17416225373744965 -0.049434054642915726
v 0.1467217355966568 0.18046727776527405 -0.0529157891869545
v 0.08251751959323883 0.2987222373485565 -0.08160291612148285
v 0.1480094939470291 0.1824589967727661 -0.0592942088842392
v 0.1362067610025406 0.14355263113975525 -0.08976256847381592
v 0.11358295381069183 0.22696422040462494 -0.007756485138088465
v 0.10990626364946365 0.21395333111286163 -0.003176442813128233
v 0.1111634224653244 0.22065918147563934 -0.0054252673871815205
v 0.10596797615289688 0.202052503824234 0.0060220141895115376
v 0.1034446582198143 0.19251620769500732 0.015560245141386986
v 0.10748594999313354 0.19282303750514984 0.0072350879199802876
v 0.12908296287059784 0.18097908794879913 -0.024104008451104164
v 0.12529242038726807 0.1800628900527954 -0.017673306167125702
v 0.12775908410549164 0.17124338448047638 -0.013122637756168842
v 0.12998059391975403 0.20417392253875732 0.08769933134317398
v 0.11119835078716278 0.1665191799402237 0.020232681185007095
v 0.11361366510391235 0.15873050689697266 0.025105755776166916
v 0.11735153198242188 0.1594277322292328 0.016584238037467003
v 0.11486512422561646 0.16684962809085846 0.012315929867327213
v 0.10936907678842545 0.03588942810893059 -0.11457883566617966
v 0.09992123395204544 0.02237614244222641 -0.12393701821565628
v 0.0484389066696167 0.31080368161201477 -0.10489087551832199
v 0.03647206723690033 0.3030334711074829 -0.12206995487213135
v 0.1240319162607193 -0.05014093965291977 -0.07331530749797821
v 0.04862341657280922 0.30707404017448425 -0.0676632672548294
v 0.12416725605726242 -0.07150280475616455 -0.05780902877449989
v 0.007439926266670227 0.3207869231700897 -0.11550895869731903
v 0.12558279931545258 0.0009646486141718924 -0.07932805269956589
v 0.02939826063811779 -0.15330705046653748 -0.10413123667240143
v 0.02663835696876049 -0.05418356880545616 -0.1500127762556076
v 0.11239436268806458 0.011413568630814552 -0.11052106320858002
v 0.13163867592811584 0.0028237702790647745 -0.0441417396068573
v 0.12500829994678497 -0.1860836297273636 -0.05158837512135506
v 0.07604994624853134 -0.021290292963385582 0.03903014957904816
v 0.024816293269395828 -0.03428658843040466 0.07543875277042389
v 0.021335691213607788 -0.12476286292076111 0.061910562217235565
v 0.0250711552798748 -0.16129130125045776 -0.08973327279090881
v 0.12701113522052765 -0.19998829066753387 -0.028453225269913673
v 0.12253673374652863 -0.18149788677692413 -0.006946911104023457
v 0.10725120455026627 -0.19159910082817078 0.009784148074686527
v 0.0183863528072834 -0.15867799520492554 0.03193836286664009
v 0.01722479797899723 -0.1630200445652008 0.02200583554804325
v 0.023334486410021782 -0.15848833322525024 0.02271551638841629
v 0.02791571244597435 -0.1359221190214157 -0.12304644286632538
v 0.09884211421012878 0.004856159444898367 -0.11991650611162186
v 0.07292378693819046 0.024110816419124603 -0.13507457077503204
v 0.03222654014825821 -0.18916073441505432 -0.08664166182279587
v 0.03746500238776207 -0.20449213683605194 -0.092848040163517
v 0.09599446505308151 -0.18986158072948456 -0.08930960297584534
v 0.12570907175540924 -0.21039240062236786 -0.050943367183208466
v 0.10136134177446365 -0.21489004790782928 0.008673430420458317
v 0.03887845203280449 -0.2172275185585022 0.005982419941574335
v 0.06571032851934433 -0.11580890417098999 0.034199777990579605
v 0.05413651838898659 -0.008944989182054996 0.07186031341552734
v 0.053201884031295776 0.06573523581027985 0.0873170718550682
v 0.06863610446453094 0.07548457384109497 0.07809276133775711
v 0.05561668053269386 0.12134533375501633 0.08114752918481827
v 0.020208416506648064 0.24274857342243195 0.032533612102270126
v 0.00486651249229908 -0.19651228189468384 -0.051211729645729065
v 0.0031836952548474073 -0.20029360055923462 -0.04110882431268692
v 0.0049528684467077255 -0.20789270102977753 -0.04880798980593681
v 0.00867831613868475 -0.2143016904592514 -0.058694254606962204
v 0.007904188707470894 -0.20337045192718506 -0.05933956056833267
v 0.12869086861610413 -0.0692625567317009 -0.018364358693361282
v 0.12664462625980377 -0.006206789519637823 -0.0325457863509655
v 0.12823814153671265 0.10526882112026215 -0.018941698595881462
v 0.052813366055488586 0.1591932773590088 0.08155106753110886
v 0.1147833839058876 -0.18666183948516846 -0.07228093594312668
v 0.11350250989198685 -0.2104693353176117 -0.07456717640161514
v 0.09469150006771088 -0.27658382058143616 -0.003043695818632841
v 0.02677728980779648 -0.265787810087204 -0.029649075120687485
v 0.03645419701933861 -0.320293664932251 -0.04488999396562576
v 0.11405627429485321 -0.22945727407932281 -0.003189554437994957
v 0.12676626443862915 -0.2664341330528259 -0.03652750328183174
v 0.07430888712406158 -0.19131653010845184 -0.09774263203144073
v 0.024575836956501007 -0.20788320899009705 0.00440399581566453
v 0.015821680426597595 -0.2554677426815033 -0.06835173070430756
v 0.013995189219713211 -0.23900841176509857 -0.06873505562543869
v 0.09861112385988235 -0.2384391576051712 -0.09198146313428879
v 0.12452256679534912 -0.2566175162792206 -0.06002279371023178
v 0.1217152550816536 -0.3139702379703522 -0.03924842178821564
v 0.12588919699192047 -0.30068981647491455 -0.054202236235141754
v 0.1194891482591629 -0.29814040660858154 -0.07601229846477509
v 0.10696991533041 -0.28692135214805603 -0.0929848775267601
v 0.0922374278306961 -0.29134148359298706 -0.10597224533557892
v 0.05429941415786743 -0.2841372489929199 -0.1074664443731308
v 0.02440999634563923 -0.28604960441589355 -0.07772057503461838
v 0.048559024930000305 -0.3719274401664734 -0.10263703018426895
v 0.10254865884780884 -0.35816651582717896 -0.10628528892993927
v 0.11485745757818222 -0.3684835433959961 -0.09979746490716934
v 0.12334843724966049 -0.3794751465320587 -0.08834489434957504
v 0.12504956126213074 -0.3729999363422394 -0.07072456181049347
v 0.12484702467918396 -0.39223513007164 -0.07436493784189224
v 0.035882554948329926 -0.37587404251098633 -0.07246626913547516
v 0.07325774431228638 -0.3996337950229645 -0.033864472061395645
v 0.12369430810213089 -0.3213132917881012 -0.06307576596736908
v 0.10355612635612488 -0.3079729378223419 -0.09940408915281296
v 0.031111543998122215 -0.30414026975631714 -0.08396586775779724
v 0.09844722598791122 -0.3480449914932251 -0.02021925523877144
v 0.11779699474573135 -0.3515239357948303 -0.03622638061642647
v 0.1219911202788353 -0.35903120040893555 -0.0849454253911972
v 0.11268819123506546 -0.34629642963409424 -0.09618853777647018
v 0.0741860643029213 -0.34310078620910645 -0.11137977242469788
v 0.04349968209862709 -0.34045976400375366 -0.0970945656299591
v 0.034202128648757935 -0.3558911383152008 -0.06604642421007156
v 0.11378704011440277 -0.39504116773605347 -0.032090671360492706
v 0.08324269950389862 -0.41682127118110657 -0.038273971527814865
v 0.08430425077676773 -0.3804081380367279 -0.11954609304666519
v 0.10211421549320221 -0.3763173818588257 -0.1131787896156311
v 0.1240232065320015 -0.40393927693367004 -0.08933175355195999
v 0.12034130096435547 -0.41181644797325134 -0.04709431901574135
v 0.04716644436120987 -0.42123398184776306 -0.09259521961212158
v 0.06242258474230766 -0.40841925144195557 -0.1152205690741539
v 0.07965255528688431 -0.39723533391952515 -0.12326690554618835
v 0.09478048980236053 -0.40831199288368225 -0.12776175141334534
v 0.11714111268520355 -0.40861237049102783 -0.11366896331310272
v 0.12614841759204865 -0.4212379455566406 -0.08614929765462875
v 0.11898397654294968 -0.44898903369903564 -0.06704122573137283
v 0.12814252078533173 -0.45628514885902405 -0.07940731197595596
v 0.12448667734861374 -0.43237027525901794 -0.06970460712909698
v 0.12028815597295761 -0.5382778644561768 -0.0881570428609848
v 0.10991102457046509 -0.5535656809806824 -0.0935971662402153
v 0.05268823355436325 -0.4396113157272339 -0.08602970093488693
v 0.06107070669531822 -0.4278707206249237 -0.12139686197042465
v 0.13000445067882538 -0.43968117237091064 -0.10850781947374344
v 0.057843320071697235 -0.5173916816711426 -0.10749296098947525
v 0.06857451051473618 -0.48763272166252136 -0.15194977819919586
v 0.1374775618314743 -0.5091023445129395 -0.13103444874286652
v 0.13049103319644928 -0.5031917095184326 -0.08437735587358475
v 0.12434433400630951 -0.4882560074329376 -0.07746037095785141
v 0.11573616415262222 -0.5061948895454407 -0.07826938480138779
v 0.06468953937292099 -0.5649958252906799 -0.13282239437103271
v 0.07365959882736206 -0.5276231169700623 -0.15456123650074005
v 0.13548973202705383 -0.5602617859840393 -0.13957633078098297
v 0.1332888901233673 -0.5761570930480957 -0.14494773745536804
v 0.13312344253063202 -0.5611171126365662 -0.10781722515821457
v 0.11866414546966553 -0.5690519213676453 -0.10022924095392227
v 0.09942246973514557 -0.5895240902900696 -0.1074550449848175
v 0.06805317103862762 -0.5825933814048767 -0.12436768412590027
v 0.06959474086761475 -0.5960612297058105 -0.13990680873394012
v 0.08766750991344452 -0.5749911665916443 -0.16264097392559052
v 0.10829624533653259 -0.582355797290802 -0.16668064892292023
v 0.12454026937484741 -0.5894919633865356 -0.15785759687423706
v 0.13231725990772247 -0.5964609980583191 -0.14430508017539978
v 0.13048794865608215 -0.5914982557296753 -0.11738397926092148
v 0.13507868349552155 -0.5876759886741638 -0.1325354129076004
v 0.13025528192520142 -0.5763823986053467 -0.11079391092061996
v 0.11992324143648148 -0.6014639139175415 -0.11144576966762543
v 0.002213391475379467 -0.1733437180519104 -0.04400075227022171
v 0.002332026604562998 -0.18058452010154724 -0.025657042860984802
v 0.002194594359025359 -0.18044251203536987 -0.03382541611790657
v 0.0322597436606884 -0.2535727918148041 -0.01703214831650257
v 0.04268725588917732 -0.3052574396133423 -0.029623037204146385
v 0.04348444193601608 -0.3546102046966553 -0.050825804471969604
v 0.043275319039821625 -0.3724706470966339 -0.05787203088402748
v 0.04166606441140175 -0.39202168583869934 -0.06988997012376785
v 0.05066675320267677 -0.42300736904144287 -0.07630147784948349
v 0.05739252269268036 -0.4624437093734741 -0.08800873905420303
v 0.07102976739406586 -0.5109195709228516 -0.09026098996400833
v 0.07020799070596695 -0.5706794857978821 -0.11362307518720627
v 0.06386394798755646 -0.5562919974327087 -0.1178290992975235
v 0.07424568384885788 -0.5973332524299622 -0.12292277812957764
v 0.05674591660499573 -0.15815608203411102 0.033355943858623505
v 0.007997266948223114 -0.17265167832374573 0.01045303139835596
v 0.1206643208861351 -0.37116897106170654 -0.03993738070130348
v 0.12097807228565216 -0.3400912880897522 -0.07864007353782654
v 0.08445677906274796 -0.30907750129699707 -0.11028499156236649
v 0.06029563769698143 -0.32957425713539124 -0.10709825903177261
v 0.0740078017115593 -0.3627576529979706 -0.024293849244713783
v 0.1262330561876297 -0.4006439745426178 -0.059644147753715515
v 0.1250227391719818 -0.4145905077457428 -0.0687386691570282
v 0.11644667387008667 -0.39051565527915955 -0.10483622550964355
v 0.0645623654127121 -0.3920983672142029 -0.11290937662124634
v 0.04348888620734215 -0.4066540598869324 -0.08280261605978012
v 0.05044768378138542 -0.4093417227268219 -0.06458906084299088
v 0.09596448391675949 -0.47775760293006897 -0.07241678982973099
v 0.10486385226249695 -0.46011605858802795 -0.06482509523630142
v 0.13747845590114594 -0.472093403339386 -0.10681421309709549
v 0.1341518610715866 -0.4555107057094574 -0.09923864901065826
v 0.10896385461091995 -0.4180297553539276 -0.12715671956539154
v 0.09045956283807755 -0.4493398666381836 -0.14672812819480896
v 0.07419658452272415 -0.3198572099208832 -0.013311238959431648
v 0.10775111615657806 0.12606821954250336 0.03831978142261505
v 0.10636262595653534 0.13396050035953522 0.046186089515686035
v 0.12183274328708649 0.13068538904190063 0.024257179349660873
v 0.12049557268619537 0.14047567546367645 0.029867565259337425
v 0.112644262611866 0.136134073138237 0.039779312908649445
v 0.11601828783750534 0.14436253905296326 0.03775188699364662
v 0.12015228718519211 0.14968958497047424 0.030051611363887787
v 0.12817344069480896 0.14885370433330536 0.018263814970850945
v 0.125819593667984 0.1477748304605484 0.022853802889585495
v 0.11941588670015335 0.20993085205554962 0.0047061024233698845
v 0.1193108782172203 0.21553881466388702 -0.009202773682773113
v 0.11755198985338211 0.21499337255954742 -0.0019379232544451952
v 0.043304357677698135 0.10685281455516815 0.08833909779787064
v 0.04086832329630852 -0.028286613523960114 0.0733586996793747
v 0.04590931162238121 -0.11003456264734268 0.05299163609743118
v 0.0056649562902748585 -0.16368594765663147 0.03859524056315422
v 0.012442320585250854 -0.16548554599285126 0.029887324199080467
v 0.0011004147818312049 -0.17437201738357544 0.010331488214433193
v 0.003037262475118041 -0.1737600564956665 0.018207497894763947
v 0.017213908955454826 0.30045580863952637 -0.1290828436613083
v 0.004226927645504475 -0.17838579416275024 -0.012514757923781872
v 0.03618014603853226 -0.18310953676700592 0.022789444774389267
v 0.1253986805677414 -0.15872378647327423 -0.045958805829286575
v 0.12546806037425995 -0.15661980211734772 -0.017134837806224823
v 0.13091982901096344 0.13542945683002472 0.04780393838882446
v 0.1179911196231842 0.13558383285999298 0.05532854422926903
v 0.05158583074808121 0.14162780344486237 -0.14484302699565887
v 0.11496483534574509 0.2909160554409027 -0.054306626319885254
v 0.03807608410716057 -0.08026105165481567 -0.14647114276885986
v 0.02081657387316227 0.1968684047460556 0.06871213018894196
v 0.14198525249958038 0.15216407179832458 0.010030973702669144
v 0.14197984337806702 0.14565421640872955 0.02817237749695778
v 0.100743368268013 -0.1634971648454666 -0.08576671034097672
v 0.1197696402668953 0.003799296449869871 -0.09518159925937653
v 0.1230652779340744 0.02370990812778473 -0.09607041627168655
v 0.12147969007492065 0.07061263918876648 -0.08239615708589554
v 0.13713981211185455 0.11278397589921951 -0.07635822892189026
v 0.14794319868087769 0.17557868361473083 -0.0568019300699234
v 0.1481998711824417 0.1774446964263916 -0.06425744295120239
v 0.1397838443517685 0.18234173953533173 -0.03765423968434334
v 0.03649517893791199 -0.16963495314121246 0.02734222821891308
v 0.032897163182497025 -0.13883076608181 0.040642645210027695
v 0.03119301050901413 -0.14527183771133423 0.03275945410132408
v 0.024715103209018707 -0.14485612511634827 0.04482128098607063
v 0.022820960730314255 -0.1516657918691635 0.03747120872139931
v 0.04321618750691414 -0.3216662108898163 -0.09675759077072144
v 0.021395063027739525 -0.17990945279598236 -0.07681147754192352
v 0.012631422840058804 -0.19866541028022766 -0.06841789186000824
v 0.023643648251891136 -0.21091650426387787 -0.08275505900382996
v 0.020960452035069466 -0.19618670642375946 -0.0778031274676323
v 0.000953815586399287 -0.1741931140422821 0.0027337344363331795
v 0.12251292169094086 0.17666059732437134 -0.010645839385688305
v 0.11766873300075531 0.18016919493675232 -0.004519318696111441
v 0.12023118883371353 0.1850576549768448 -0.0122554125264287
v 0.13853894174098969 0.18379922211170197 -0.030751459300518036
v 0.13439419865608215 0.192473903298378 -0.030022943392395973
v 0.13684268295764923 0.18913212418556213 -0.03328487277030945
v 0.14039847254753113 0.18674379587173462 -0.0420193113386631
v 0.10179271548986435 0.2434738725423813 0.01727163791656494
v 0.10223288089036942 0.23757995665073395 0.019316047430038452
v 0.08755004405975342 0.25444066524505615 0.02408202365040779
v 0.07625167816877365 0.2611731290817261 0.016344448551535606
v 0.0439327210187912 0.28901565074920654 -0.03932683542370796
v 0.037043944001197815 0.2831675112247467 -0.029403341934084892
v 0.028302045539021492 0.2723931670188904 -0.011923953890800476
v 0.06180698052048683 0.307220995426178 -0.08820837736129761
v 0.05959015712141991 0.2867233157157898 -0.041773855686187744
v 0.04508710652589798 0.29945147037506104 -0.05138453468680382
v 0.026396865025162697 0.29168370366096497 -0.03157277777791023
v 0.14064332842826843 0.1979975700378418 0.0878097414970398
v 0.03331473842263222 0.32161399722099304 -0.09451867640018463
v 0.15172255039215088 0.1872907131910324 0.0829351395368576
v 0.03349092975258827 0.30092307925224304 -0.04012203589081764
v 0.1270209103822708 -0.13707998394966125 -0.035074714571237564
v 0.13221710920333862 0.023502344265580177 -0.050347648561000824
v 0.1242382600903511 -0.35881319642066956 -0.06286130845546722
v 0.020704329013824463 0.11581514775753021 0.08817744255065918
v 0.0066528720781207085 0.3007030785083771 -0.014334118925035
v 0.019574442878365517 -0.0179568063467741 0.0831061601638794
v 0.12032607942819595 0.23535163700580597 0.037935175001621246
v 0.0667727068066597 0.012743704952299595 0.06907398253679276
v 0.12083906680345535 0.20872145891189575 -0.004514929838478565
v 0.1216219887137413 0.20119385421276093 0.007342926226556301
v 0.03618496283888817 0.12823134660720825 0.08300360292196274
v 0.0379021130502224 0.19402353465557098 0.07500716298818588
v 0.06717878580093384 0.13431836664676666 0.07532601058483124
v -0.0002676660951692611 -0.1737467646598816 -0.0034423249308019876
v 0.003121525514870882 -0.19607552886009216 -0.031224314123392105
v 0.002180167706683278 -0.189855694770813 -0.038604818284511566
v 0.0035953805781900883 -0.18952567875385284 -0.022759556770324707
v 0.005555747542530298 -0.1932777613401413 -0.014951720833778381
v 0.02562936767935753 -0.19419802725315094 0.012196684256196022
v 0.015201151371002197 -0.17256489396095276 -0.06985042244195938
v 0.014469358138740063 -0.18571865558624268 -0.06916914880275726
v 0.006256076041609049 -0.1753324270248413 -0.05628547817468643
v 0.00797745119780302 -0.1916709989309311 -0.061423398554325104
v 0.009681732393801212 -0.1779368370771408 -0.06328853219747543
v 0.005715829320251942 -0.16757704317569733 -0.0577518604695797
v 0.05879361927509308 -0.22094376385211945 0.00905717071145773
v 0.050239432603120804 -0.2630622982978821 -0.009340335614979267
v 0.058772433549165726 -0.3050942122936249 -0.016070475801825523
v 0.055040691047906876 -0.3283248245716095 -0.025117849931120872
v 0.05774814635515213 -0.3507343828678131 -0.031692709773778915
v 0.0562288761138916 -0.36864444613456726 -0.041728537529706955
v 0.052691806107759476 -0.38802480697631836 -0.05173736438155174
v 0.06016855686903 -0.404350221157074 -0.04878837615251541
v 0.06265463680028915 -0.43265971541404724 -0.06788820773363113
v 0.07636233419179916 -0.4469163119792938 -0.0658707246184349
v 0.06697428971529007 -0.491136372089386 -0.08658399432897568
v 0.08611953258514404 -0.5416118502616882 -0.09479528665542603
v 0.07308586686849594 -0.552299976348877 -0.10335107147693634
v 0.08711198717355728 -0.6036523580551147 -0.11578197032213211
v 0.15632160007953644 0.1723240315914154 0.07905756682157516
v 0.0993511751294136 0.1860164999961853 0.03285707160830498
v 0.10146559029817581 0.17687304317951202 0.03370783105492592
v 0.10011705756187439 0.17471161484718323 0.04188089072704315
v 0.09875025600194931 0.1823924034833908 0.03991937264800072
v 0.10811921954154968 0.1487959921360016 0.050067558884620667
v 0.10581991821527481 0.1467244178056717 0.058393921703100204
v 0.10302340239286423 0.15539829432964325 0.054152559489011765
v 0.10273689031600952 0.16081875562667847 0.047832995653152466
v 0.10165967047214508 0.16705386340618134 0.04352005571126938
v 0.1119045838713646 0.14170025289058685 0.05330265313386917
v 0.12003876268863678 0.13858996331691742 0.04669642448425293
v 0.11443354934453964 0.14438194036483765 0.04494665935635567
v 0.14112931489944458 0.13817253708839417 0.05690707638859749
v 0.14768289029598236 0.14975936710834503 0.06482569873332977
v 0.09657430648803711 0.19298608601093292 0.07242447137832642
v 0.09584905207157135 0.19263295829296112 0.05443490669131279
v 0.09675013273954391 0.19899071753025055 0.057956863194704056
v 0.0977826789021492 0.20050492882728577 0.06596667319536209
v 0.10183925926685333 0.2025551199913025 0.07573045045137405
v 0.13659922778606415 0.23070357739925385 0.03933082893490791
v 0.11093348264694214 0.2298407256603241 -0.0030388622544705868
v 0.13127072155475616 0.2212565690279007 0.06013787165284157
v 0.0972943976521492 0.2070394605398178 0.04366576671600342
v 0.09736853092908859 0.20969580113887787 0.03539242595434189
v 0.0996243879199028 0.21543213725090027 0.04183802008628845
v 0.12022192776203156 0.1526360958814621 0.02117670699954033
v 0.1287018358707428 0.14219100773334503 0.0317278727889061
v 0.12432518601417542 0.15413068234920502 0.012733968906104565
v 0.12090077251195908 0.16093364357948303 0.008118257857859135
v 0.11137813329696655 0.2348433881998062 0.03397195413708687
v 0.11677687615156174 0.2061801701784134 0.014397358521819115
v 0.11156495660543442 0.20988091826438904 0.020794153213500977
v 0.1428702175617218 0.17099663615226746 -0.030940765514969826
v 0.14426706731319427 0.17604759335517883 -0.03316253423690796
v 0.1448792815208435 0.1697888821363449 -0.03806935250759125
v 0.09155721217393875 0.15689612925052643 0.06988231092691422
v 0.09669498354196548 0.15934224426746368 0.06828237324953079
v 0.13783201575279236 0.14363700151443481 -0.0024846517480909824
v 0.13924141228199005 0.13150660693645477 -0.006540651898831129
v 0.1403421312570572 0.14216946065425873 -0.01108460035175085
v 0.14381711184978485 0.13565227389335632 -0.018421582877635956
v 0.1141354963183403 0.16473175585269928 0.03769456967711449
v 0.1133187934756279 0.1583714634180069 0.042515214532613754
v 0.11638075113296509 0.15329359471797943 0.036975130438804626
v 0.10353153198957443 0.16054977476596832 0.05775139108300209
v 0.10632727295160294 0.16403046250343323 0.05280774086713791
v 0.1091487854719162 0.15806151926517487 0.049903661012649536
v 0.08969929069280624 0.1015840619802475 0.062348175793886185
v 0.10460706800222397 0.15477603673934937 0.056633155792951584
v 0.11052807420492172 0.1426493376493454 0.04602772742509842
v 0.11482597887516022 0.14865049719810486 0.03724558651447296
v 0.11220428347587585 0.1508336365222931 0.044514250010252
v 0.04207754507660866 0.2757459878921509 -0.016546182334423065
v 0.017214538529515266 0.28717827796936035 -0.024642162024974823
v 0.09552507847547531 0.1482015997171402 0.0638299509882927
v 0.09710707515478134 0.14040404558181763 0.05890803784132004
v 0.13031227886676788 0.09602639824151993 -0.06333132833242416
v 0.11142708361148834 0.22915351390838623 0.043216951191425323
v 0.1460573375225067 0.16948916018009186 -0.020998792722821236
v 0.142830029129982 0.16502562165260315 -0.014416326768696308
v 0.15537290275096893 0.22133944928646088 0.019382530823349953
v 0.12953761219978333 -0.056646645069122314 -0.04063281789422035
v 0.12152476608753204 -0.09592362493276596 -0.05559315159916878
v 0.10310166329145432 -0.013407489284873009 0.010666114278137684
v 0.06043686345219612 -0.10067205876111984 0.04494214057922363
v 0.03941081091761589 -0.1977885663509369 0.016411971300840378
v 0.02981511317193508 -0.15622758865356445 0.025135811418294907
v 0.0171572957187891 -0.16619887948036194 0.01593652367591858
v 0.15224049985408783 0.2187158465385437 0.034501831978559494
v 0.0047813234850764275 -0.2053535431623459 -0.0313301756978035
v 0.00487916124984622 -0.19891516864299774 -0.022290481254458427
v 0.007794664707034826 -0.21656890213489532 -0.027684690430760384
v 0.005343460477888584 -0.21210333704948425 -0.038258932530879974
v 0.13087007403373718 -0.08334609121084213 -0.03602471947669983
v 0.1315307766199112 0.014276737347245216 -0.028935544192790985
v 0.01269614789634943 -0.24881070852279663 -0.056977011263370514
v 0.011979448609054089 -0.24289967119693756 -0.04354654625058174
v 0.03953785449266434 -0.2415354996919632 -0.09941542893648148
v 0.0607193224132061 -0.23869261145591736 -0.10634306818246841
v 0.11246651411056519 -0.25460657477378845 -0.080176442861557
v 0.0342198871076107 -0.28175419569015503 -0.09436149895191193
v 0.09426290541887283 -0.3278251886367798 -0.01676446944475174
v 0.06761574745178223 -0.3809254467487335 -0.033932846039533615
v 0.0691392570734024 -0.36013397574424744 -0.11133348196744919
v 0.12202497571706772 -0.3330238163471222 -0.044937293976545334
v 0.11665220558643341 -0.318390429019928 -0.08493424206972122
v 0.06345611810684204 -0.31043052673339844 -0.10973312705755234
v 0.04588821902871132 -0.3017706274986267 -0.10116973519325256
v 0.055637091398239136 -0.3524763286113739 -0.10511341691017151
v 0.06575284898281097 -0.37539443373680115 -0.11159343272447586
v 0.07788508385419846 -0.41629940271377563 -0.1290925145149231
v 0.08566536754369736 -0.4950719475746155 -0.08069915324449539
v 0.09913084656000137 -0.5082056522369385 -0.08017925173044205
v 0.07642637193202972 -0.46652111411094666 -0.1504991203546524
v 0.09806220978498459 -0.5012235641479492 -0.1592068076133728
v 0.10351943969726562 -0.4673022925853729 -0.1519598662853241
v 0.1385003924369812 -0.5003046989440918 -0.0995219424366951
v 0.13977184891700745 -0.5119727849960327 -0.11341825127601624
v 0.10172663629055023 -0.5734525918960571 -0.10195402055978775
v 0.0934356302022934 -0.5571156144142151 -0.16346168518066406
v 0.1087348461151123 -0.5637848973274231 -0.1644747257232666
v 0.1121375560760498 -0.5152189135551453 -0.15703338384628296
v 0.1360122412443161 -0.5749819874763489 -0.1252296268939972
v 0.1372242569923401 -0.5442088842391968 -0.13320982456207275
v 0.13702091574668884 -0.5602044463157654 -0.12279283255338669
v 0.10404231399297714 -0.6046854853630066 -0.11005380749702454
v 0.09458281099796295 -0.5925034880638123 -0.16716183722019196
v 0.011098500341176987 -0.18634523451328278 -0.0007209232426248491
v 0.017520736902952194 -0.18463049829006195 0.008327730000019073
v 0.0011973637156188488 -0.16147594153881073 -0.07106384634971619
v 0.011666619218885899 -0.16361671686172485 -0.07222163677215576
v 0.12001121044158936 -0.1385776400566101 -0.0015073665417730808
v 0.0449652299284935 -0.13317720592021942 0.03506309539079666
v 0.038038212805986404 -0.1318526417016983 0.04352572560310364
v 0.04824023321270943 -0.12252113223075867 0.042498864233493805
v 0.12390509247779846 -0.3449244797229767 -0.05731184035539627
v 0.10452832281589508 -0.3280869424343109 -0.10032786428928375
v 0.04249643534421921 -0.3381779193878174 -0.043101172894239426
v 0.020458446815609932 -0.25472864508628845 -0.07982990890741348
v 0.020512672141194344 -0.24040047824382782 -0.08172223716974258
v 0.0985434353351593 0.0232437402009964 0.035196490585803986
v 0.12906967103481293 0.05257493257522583 -0.050799138844013214
v 0.06442160159349442 0.07415488362312317 -0.13720828294754028
v 0.007674418855458498 -0.17311351001262665 0.004957632161676884
v 0.05142791569232941 -0.17770349979400635 0.027964942157268524
v 0.06981878727674484 -0.1738562136888504 0.02561011351644993
v 0.11262205988168716 -0.16305960714817047 0.0077434261329472065
v 0.1158735379576683 -0.16097606718540192 -0.06843944638967514
v 0.058993835002183914 -0.17333075404167175 -0.09829876571893692
v 0.11567360907793045 0.18981319665908813 -0.006314604543149471
v 0.11844787746667862 0.19425731897354126 -0.013386723585426807
v 0.11469744890928268 0.1998453438282013 -0.008221562020480633
v 0.15835048258304596 0.20243607461452484 0.0367278978228569
v 0.10772116482257843 0.1755063235759735 0.018185922876000404
v 0.11190863698720932 0.17468413710594177 0.010220780037343502
v 0.10418791323900223 0.18450310826301575 0.01892641931772232
v 0.1255694329738617 0.22901365160942078 0.0488552451133728
v 0.10562753677368164 0.22870971262454987 0.034138794988393784
v 0.1013808473944664 0.22450114786624908 0.030529633164405823
v 0.13067789375782013 0.24036556482315063 0.029467010870575905
v 0.1543930321931839 0.1731429547071457 0.09212322533130646
v 0.029169268906116486 0.004499328322708607 0.08724242448806763
v 0.10756082832813263 -0.09706337749958038 0.011062298901379108
v 0.03985036537051201 -0.140779510140419 0.03309908136725426
v 0.02592143602669239 -0.15207341313362122 0.029047250747680664
v 0.02529892697930336 -0.29731035232543945 -0.0656454786658287
v 0.029224179685115814 -0.3153228461742401 -0.06379779428243637
v 0.032834772020578384 -0.3371814489364624 -0.06163163110613823
v 0.03318663686513901 -0.361628919839859 -0.08146845549345016
v 0.0403827428817749 -0.3580944538116455 -0.09540224820375443
v 0.039506927132606506 -0.391836941242218 -0.08926119655370712
v 0.05280899628996849 -0.41906803846359253 -0.10743765532970428
v 0.050604842603206635 -0.46767666935920715 -0.1160103902220726
v 0.06251842528581619 -0.5311757326126099 -0.14159058034420013
v 0.06787564605474472 -0.5808788537979126 -0.13965632021427155
v 0.003459356026723981 -0.17915834486484528 -0.04943455383181572
v 0.0025403322651982307 -0.1812162846326828 -0.041582826524972916
v 0.002268153475597501 -0.18754129111766815 -0.030530765652656555
v 0.005471836309880018 -0.18462823331356049 -0.0559215173125267
v 0.0034519850742071867 -0.18804946541786194 -0.04688049480319023
v 0.00900545995682478 -0.16639235615730286 -0.06392095237970352
v 0.0028305863961577415 -0.170872300863266 -0.05085974931716919
v 0.0016653480706736445 -0.1736234575510025 -0.011708314530551434
v 0.09106995910406113 0.2835925817489624 -0.027682321146130562
v 0.12387102097272873 0.20465239882469177 -0.009853803552687168
v 0.12522827088832855 0.20756563544273376 -0.017211174592375755
v 0.1271720677614212 0.2005864977836609 -0.014913367107510567
v 0.10676838457584381 0.23028036952018738 0.017091630026698112
v 0.10456778854131699 0.23110529780387878 0.02591312676668167
v 0.014193401671946049 -0.15327191352844238 -0.0967877209186554
v 0.037252139300107956 -0.16420933604240417 -0.09456423670053482
v 0.04296058416366577 -0.17742185294628143 -0.09312506020069122
v 0.05873117223381996 -0.19610008597373962 0.01903240568935871
v 0.10178312659263611 0.22885727882385254 0.01846250891685486
v 0.10073106735944748 0.22253483533859253 0.017709342762827873
v 0.1052645593881607 0.22638189792633057 0.005980512127280235
v 0.10306786745786667 0.22580201923847198 0.012474159710109234
v 0.1411987692117691 0.22332702577114105 0.1376301795244217
v 0.12491876631975174 0.22478272020816803 0.1264791637659073
v 0.09735723584890366 0.23509015142917633 0.1389925330877304
v 0.10923881083726883 0.1927509605884552 0.1746472418308258
v 0.1466580182313919 0.2068772315979004 0.13398201763629913
v 0.10920854657888412 0.19049108028411865 0.1145525798201561
v 0.14959540963172913 0.19307608902454376 0.12800730764865875
v 0.10819914937019348 0.2114526927471161 0.12351735681295395
v 0.08738710731267929 0.22596818208694458 0.15022039413452148
v 0.09008897095918655 0.18639807403087616 0.1353733390569687
v 0.09491219371557236 0.20165401697158813 0.13166257739067078
v 0.1456991285085678 0.21065755188465118 0.15028606355190277
v 0.13418693840503693 0.16453871130943298 0.1627357304096222
v 0.09527882188558578 0.16100631654262543 0.15853054821491241
v 0.1497274935245514 0.17850370705127716 0.1120322048664093
v 0.1450129896402359 0.1833990514278412 0.11027675122022629
v 0.15390831232070923 0.16801102459430695 0.11562606692314148
v 0.14830169081687927 0.13476905226707458 0.11519216001033783
v 0.09671348333358765 0.14205826818943024 0.15099550783634186
v 0.10232877731323242 0.12212233245372772 0.10894116759300232
v 0.15513870120048523 0.1681371033191681 0.10263840854167938
v 0.13947810232639313 0.18076159060001373 0.10739839822053909
v 0.09175283461809158 0.15967869758605957 0.112228624522686
v 0.14749346673488617 0.17424337565898895 0.10974772274494171
v 0.09945941716432571 0.12541277706623077 0.14619317650794983
v 0.15288104116916656 0.17470531165599823 0.11571185290813446
v 0.11350420862436295 0.12347142398357391 0.09283612668514252
v 0.10080169886350632 0.12999965250492096 0.09422172605991364
v 0.09185069054365158 0.1713201254606247 0.09156180918216705
v 0.10626687854528427 0.18981800973415375 0.09633330255746841
v 0.10398044437170029 0.1827951818704605 0.1013396829366684
v 0.14451541006565094 0.18196919560432434 0.10263640433549881
v 0.15065538883209229 0.17390017211437225 0.10511044412851334
v 0.1562710553407669 0.1603882908821106 0.09242499619722366
v 0.12733255326747894 0.1315857172012329 0.05769798159599304
v 0.12321320921182632 0.12577754259109497 0.07888577878475189
v 0.09539399296045303 0.1852341741323471 0.07896094769239426
v 0.09485582262277603 0.18522372841835022 0.06921862065792084
v 0.10957193374633789 0.19980742037296295 0.0899212658405304
v 0.14843307435512543 0.18355558812618256 0.09491030871868134
v 0.15027111768722534 0.17751085758209229 0.09973648935556412
v 0.09965682029724121 0.1434992253780365 0.07476667314767838
v 0.1038908138871193 0.14363382756710052 0.0660923644900322
v 0.09487751126289368 0.14650122821331024 0.0829482451081276
v 0.10023614019155502 0.13709188997745514 0.08291680365800858
v 0.09171362966299057 0.16457338631153107 0.103659488260746
v 0.11031678318977356 0.23424240946769714 0.18104256689548492
v 0.11303776502609253 0.2415526658296585 0.13208582997322083
v 0.1382659673690796 0.18630415201187134 0.10866497457027435
v 0.12626861035823822 0.18560440838336945 0.10821583867073059
v 0.14478372037410736 0.14253495633602142 0.144408717751503
v 0.12589041888713837 0.18539313971996307 0.10387216508388519
v 0.15284645557403564 0.14646358788013458 0.09859640151262283
v 0.14104484021663666 0.18763287365436554 0.09928625077009201
v 0.128358855843544 0.19054359197616577 0.10117922723293304
v 0.13210873305797577 0.18596361577510834 0.10269492864608765
v 0.1374429613351822 0.1847013384103775 0.10271304100751877
v 0.14515084028244019 0.14162839949131012 0.08606269955635071
v 0.1441812664270401 0.19081516563892365 0.09367822110652924
v 0.1345192790031433 0.19371233880519867 0.09689236432313919
v 0.15212593972682953 0.1538325846195221 0.08011666685342789
v 0.12853075563907623 0.1938442587852478 0.17123405635356903
v 0.08806756883859634 0.14644967019557953 0.1170232817530632
v 0.13593538105487823 0.21357828378677368 0.1674152910709381
v 0.08650998026132584 0.19264991581439972 0.15254227817058563
v 0.10206930339336395 0.11695349961519241 0.134845569729805
v 0.0895097628235817 0.16112802922725677 0.09235847741365433
v 0.0915813073515892 0.1664770245552063 0.08310964703559875
v 0.09073081612586975 0.13883323967456818 0.13360022008419037
v 0.09299050271511078 0.17623205482959747 0.08266425132751465
v 0.09371382743120193 0.17032194137573242 0.07452814280986786
v 0.09372136741876602 0.17875535786151886 0.07482992857694626
v 0.09494470059871674 0.17698779702186584 0.06805330514907837
v 0.15568317472934723 0.15029487013816833 0.11144866049289703
v 0.14812250435352325 0.1947515606880188 0.14431063830852509
v 0.09451454877853394 0.2180853635072708 0.13715030252933502
v 0.09907938539981842 0.15060311555862427 0.06890886276960373
v 0.09347391128540039 0.16220621764659882 0.07524847239255905
v 0.09157285839319229 0.15725503861904144 0.08332204073667526
v 0.09522589296102524 0.15347546339035034 0.07610099017620087
v 0.10687839239835739 0.13637660443782806 0.07163818925619125
v 0.11045406758785248 0.13826884329319 0.06191999092698097
v 0.11741387099027634 0.13083894550800323 0.06682664155960083
v 0.11353358626365662 0.20169921219348907 0.1170172467827797
v 0.10154987126588821 0.17041845619678497 0.11127553880214691
v 0.10974510759115219 0.17594856023788452 0.10904765874147415
v 0.1192123219370842 0.17929492890834808 0.10724417120218277
v 0.11141745001077652 0.11372320353984833 0.12171464413404465
v 0.10985707491636276 0.1802135705947876 0.10489880293607712
v 0.11513236165046692 0.18175341188907623 0.10452934354543686
v 0.11987423896789551 0.18440814316272736 0.10413147509098053
v 0.11004360765218735 0.12991927564144135 0.07959157228469849
v 0.11494290828704834 0.19426843523979187 0.09813682734966278
v 0.11215256154537201 0.18732760846614838 0.10210656374692917
v 0.12069758027791977 0.19029876589775085 0.10144846141338348
v 0.1258469671010971 0.19678907096385956 0.09667083621025085
v 0.11977589875459671 0.20157942175865173 0.09220772981643677
v 0.09791568666696548 0.22627611458301544 0.17798221111297607
v 0.10017617046833038 0.19344981014728546 0.08412515372037888
v 0.0947393923997879 0.16553808748722076 0.11798165738582611
v 0.1106201782822609 0.13036544620990753 0.15776321291923523
v 0.09759818762540817 0.17541298270225525 0.10146313160657883
v 0.09721613675355911 0.1664702147245407 0.11170385777950287
v 0.1551511436700821 0.16289958357810974 0.11290772259235382
v 0.09762909263372421 0.1828470379114151 0.09207697957754135
v 0.15452930331230164 0.15872561931610107 0.12037414312362671
v 0.15334618091583252 0.16628213226795197 0.12424176186323166
v 0.14843948185443878 0.13984550535678864 0.12929277122020721
v 0.129184752702713 0.11678104847669601 -0.004898558370769024
v 0.09951755404472351 0.125966876745224 0.04873927682638168
v 0.10600846260786057 0.1106949970126152 0.03547185659408569
v 0.13482259213924408 0.18496964871883392 -0.016316931694746017
v 0.13798169791698456 0.1808561086654663 -0.023280786350369453
v 0.09810739755630493 0.19525928795337677 0.03157184645533562
v 0.09745732694864273 0.2041243016719818 0.029312947764992714
v 0.09748316556215286 0.2124289721250534 0.027143051847815514
v 0.09890899062156677 0.20731385052204132 0.020513027906417847
v 0.09756463021039963 0.19121651351451874 0.03911072760820389
v 0.09634029865264893 0.2000838816165924 0.039200637489557266
v 0.09638435393571854 0.19479341804981232 0.04652237892150879
v 0.09716331958770752 0.18719981610774994 0.04599274694919586
v 0.13084959983825684 0.14538390934467316 0.01592857763171196
v 0.13478422164916992 0.14397257566452026 0.006998151540756226
v 0.13115090131759644 0.15174071490764618 0.010150701738893986
v 0.13339923322200775 0.15273883938789368 0.0015238088089972734
v 0.13636761903762817 0.15148477256298065 -0.0064304061233997345
v 0.12820076942443848 0.20359116792678833 -0.022345982491970062
v 0.13005955517292023 0.19763539731502533 -0.02055729180574417
v 0.0909937173128128 0.13515625894069672 0.10601533204317093
v 0.09001035988330841 0.17828844487667084 0.158087819814682
v 0.0931350588798523 0.14075680077075958 0.09290789067745209
v 0.09072718769311905 0.1514004021883011 0.09046977013349533
v 0.1316082924604416 0.12771762907505035 0.005085248965770006
v 0.12184040993452072 0.11866520345211029 0.010899903252720833
v 0.04373619332909584 0.41170963644981384 -0.06969616562128067
v 0.05600138381123543 0.41046661138534546 -0.0650075152516365
v 0.03816569969058037 0.32078516483306885 -0.07426302134990692
v 0.04463660344481468 0.42559269070625305 -0.06491151452064514
v 0.047711171209812164 0.367119163274765 -0.044093310832977295
v 0.051542311906814575 0.3729211091995239 -0.04602552950382233
v 0.03704259172081947 0.3463321030139923 -0.057762231677770615
v 0.037921242415905 0.3606826961040497 -0.06318692862987518
v 0.03941977396607399 0.35682791471481323 -0.052680667489767075
v 0.04534120857715607 0.4030284583568573 -0.05677539110183716
v 0.04463634639978409 0.3952192962169647 -0.05980446934700012
v 0.05025602504611015 0.3962773382663727 -0.06088215112686157
v 0.045509643852710724 0.4242584705352783 -0.056743185967206955
v 0.04463345557451248 0.42021703720092773 -0.04400191828608513
v 0.047232650220394135 0.31349074840545654 -0.08469679206609726
v 0.025528233498334885 0.3157200515270233 -0.11169556528329849
v 0.009287640452384949 -0.1580662727355957 -0.08395097404718399
v 0.04474636912345886 0.41817978024482727 -0.06643616408109665
v 0.044903095811605453 0.407798707485199 -0.06473510712385178
v 0.043171148747205734 0.3779671788215637 -0.057926829904317856
v 0.04231753572821617 0.39185500144958496 -0.0658092200756073
v 0.045640796422958374 0.42207661271095276 -0.05093677341938019
v 0.04579497501254082 0.4161301255226135 -0.0497613288462162
v 0.0451032929122448 0.3984202444553375 -0.06434166431427002
v 0.02167479880154133 -0.001501315739005804 -0.1341320425271988
v 0.10741481930017471 -0.04393495246767998 -0.11088910698890686
v 0.11621959507465363 -0.02739531174302101 -0.09343666583299637
v 0.1237049400806427 -0.024087902158498764 -0.055719323456287384
v 0.12171847373247147 -0.025089873000979424 -0.03141610324382782
v 0.1253308653831482 -0.049210455268621445 -0.015050355345010757
v 0.11745239049196243 -0.056300483644008636 0.0003590890555642545
v 0.08677373081445694 -0.06490228325128555 0.028228603303432465
v 0.0435086265206337 -0.0885772854089737 0.058113887906074524
v 0.0034758567344397306 -0.09402228146791458 0.0642278715968132
v 0.023318836465477943 0.3065730333328247 -0.02855384163558483
v 0.016300572082400322 0.3071072995662689 -0.016958756372332573
v 0.0269370935857296 0.31428107619285583 0.007660237140953541
v 0.025672851130366325 0.31393012404441833 0.022792426869273186
v 0.016161268576979637 0.3076152503490448 0.02859489619731903
v 0.013324139639735222 0.32805076241493225 0.035261716693639755
v -0.006374630145728588 0.34717097878456116 0.0333322212100029
v 0.0030259471386671066 0.36879685521125793 0.030942484736442566
v 0.05853305384516716 0.27173227071762085 -0.007668221835047007
v 0.086626335978508 0.2964695394039154 -0.09796880185604095
v 0.0749274343252182 0.2888514995574951 -0.11824527382850647
v 0.13717599213123322 0.28145232796669006 -0.05581340193748474
v 0.15279355645179749 0.244100421667099 -0.0003284238337073475
v 0.0770462155342102 0.14574755728244781 -0.13680268824100494
v 0.14519014954566956 0.19257502257823944 -0.08162350952625275
v 0.11127735674381256 0.2484181672334671 0.016466880217194557
v 0.14785903692245483 0.1853320300579071 -0.05458284541964531
v 0.14921528100967407 0.2571862041950226 -0.00888023991137743
v 0.16373755037784576 0.22061532735824585 -0.023289082571864128
v 0.15436933934688568 0.19085316359996796 -0.0556802861392498
v 0.14458397030830383 0.23436033725738525 0.026682550087571144
v 0.12716858088970184 0.28638914227485657 -0.034893907606601715
v 0.12101392447948456 0.19868730008602142 -0.01908527873456478
v 0.12152687460184097 0.20672233402729034 -0.019981449469923973
v 0.12756496667861938 0.19760635495185852 -0.02870693989098072
v 0.13238482177257538 0.1964767575263977 -0.033931050449609756
v 0.13126209378242493 0.1980220079421997 -0.027066180482506752
v 0.14704377949237823 0.1826811581850052 -0.044239021837711334
v 0.14388717710971832 0.18247078359127045 -0.041195642203092575
v 0.1401871293783188 0.1740960329771042 -0.02364974655210972
v 0.14468808472156525 0.17340555787086487 -0.02835555374622345
v 0.12215983122587204 0.2116127759218216 -0.012965908274054527
v 0.12316865473985672 0.21415303647518158 -0.020708279684185982
v 0.137550488114357 0.18903397023677826 -0.038987744599580765
v 0.12487591803073883 0.19449932873249054 -0.024084599688649178
v 0.12252943962812424 0.18923917412757874 -0.018626591190695763
v 0.12434389442205429 0.20228132605552673 -0.024438079446554184
v 0.12665162980556488 0.18790806829929352 -0.02460932731628418
v 0.13404715061187744 0.17851215600967407 -0.028262309730052948
v 0.13070359826087952 0.1854877471923828 -0.029392749071121216
v 0.1297779530286789 0.19189217686653137 -0.03039366565644741
v 0.10703693330287933 0.23821043968200684 0.020448913797736168
v 0.1094122976064682 0.23806843161582947 0.027097495272755623
v 0.10855147987604141 0.23202519118785858 0.0012884092284366488
v 0.10854949802160263 0.23017984628677368 0.010174906812608242
v 0.11358432471752167 0.22300219535827637 -0.0004010937991552055
v 0.1107596829533577 0.22698229551315308 0.004817477893084288
v 0.10645727813243866 0.23382852971553802 0.00550274970009923
v 0.12640143930912018 0.25887197256088257 0.010188943706452847
v 0.13021574914455414 0.2486264705657959 0.019751066341996193
v 0.10323918610811234 0.2322351336479187 0.011887170374393463
v 0.10796736180782318 0.22445522248744965 -0.0005974360974505544
v 0.11674121022224426 0.2226928472518921 -0.012040495872497559
v 0.11525043845176697 0.21843235194683075 0.004255396313965321
v 0.11627033352851868 0.22005316615104675 -0.00563368434086442
v 0.1258288472890854 0.20985832810401917 -0.024918822571635246
v 0.12818044424057007 0.2051706463098526 -0.028757868334650993
v 0.15841025114059448 0.2264108657836914 0.0033166499342769384
v 0.11723630875349045 0.24073907732963562 0.028099559247493744
v 0.15910543501377106 0.1832161545753479 -0.03207463398575783
v 0.14281617105007172 0.24754826724529266 0.013669473119080067
v 0.15171454846858978 0.23545031249523163 0.013236620463430882
v 0.1610935926437378 0.2102632373571396 0.006721712648868561
v 0.16179610788822174 0.2266174703836441 -0.041012488305568695
v 0.1547161340713501 0.22653397917747498 -0.061837177723646164
v 0.15819710493087769 0.18950681388378143 -0.04473050683736801
v 0.10327652096748352 0.27872493863105774 -0.010603097267448902
v 0.10606279969215393 0.24900151789188385 0.014481362886726856
v 0.1047603115439415 0.23644495010375977 0.009327071718871593
v 0.10632075369358063 0.24360069632530212 0.014754393137991428
v 0.10512185096740723 0.23923158645629883 0.013486872427165508
v 0.07582808285951614 0.269207626581192 0.0017072615446522832
v 0.11701922118663788 0.24563278257846832 0.021253542974591255
v 0.11753450334072113 0.2514197826385498 0.016157718375325203
v 0.1101839616894722 0.24367380142211914 0.020257607102394104
v 0.12018884718418121 0.21855109930038452 -0.016211964190006256
v 0.13482677936553955 0.19295844435691833 -0.03651341050863266
v 0.1338205486536026 0.18794623017311096 -0.0349181704223156
v 0.1409503072500229 0.18164540827274323 -0.03672964498400688
v 0.1387486606836319 0.1744339019060135 -0.027713710442185402
v 0.1352267563343048 0.18276798725128174 -0.03341745212674141
v 0.13920778036117554 0.1784743070602417 -0.03336261957883835
v 0.13152958452701569 0.17388319969177246 -0.0204963069409132
v 0.13460958003997803 0.16659680008888245 -0.014264708384871483
v 0.13824070990085602 0.1698196977376938 -0.02097342163324356
v 0.13793368637561798 0.16076311469078064 -0.00736667076125741
v 0.1328873485326767 0.15829405188560486 -0.0017293397104367614
v 0.13749344646930695 0.15447239577770233 0.0037896346766501665
v 0.13610149919986725 0.14012596011161804 0.03676608204841614
v 0.13618384301662445 0.13062745332717896 0.08299519121646881
v 0.12890280783176422 0.12391404062509537 0.09384052455425262
v 0.11746201664209366 0.11147429049015045 0.13698036968708038
v 0.1510951817035675 0.15442098677158356 0.03545727953314781
v 0.14895431697368622 0.15104779601097107 0.05078874155879021
v 0.14259079098701477 0.13333876430988312 0.09948692470788956
v 0.018704421818256378 0.36353999376296997 0.02353685162961483
v 0.01608632132411003 0.3404456377029419 0.028475483879446983
v 0.017236558720469475 0.34989264607429504 0.02503427118062973
v 0.1329178363084793 0.1284981071949005 0.15355835855007172
v 0.14189660549163818 0.12499875575304031 0.13550198078155518
v 0.1386336088180542 0.18019245564937592 0.16119258105754852
v 0.1450459510087967 0.16119083762168884 0.14736393094062805
v 0.1499939113855362 0.18559063971042633 0.1171262115240097
v 0.12464327365159988 0.19796660542488098 0.1129545047879219
v 0.1332419216632843 0.20112918317317963 0.11518390476703644
v 0.11677661538124084 0.19415412843227386 0.11268416047096252
v 0.09612126648426056 0.18172185122966766 0.12241905182600021
v 0.10371091216802597 0.18463444709777832 0.11590685695409775
v 0.09132245182991028 0.17100900411605835 0.12717026472091675
v 0.10732303559780121 0.1481415182352066 0.16262301802635193
v 0.12288627028465271 0.1383754312992096 0.16179127991199493
v 0.12181711196899414 0.2786957621574402 0.14389356970787048
v 0.10770446062088013 0.2991299033164978 0.14555206894874573
v 0.09108046442270279 0.2795743942260742 0.1540909707546234
v 0.09538040310144424 0.2810114324092865 0.18579749763011932
v 0.11198464035987854 0.2655528783798218 0.18201187252998352
v 0.12441830337047577 0.2510301470756531 0.13659831881523132
v 0.08898192644119263 0.24368728697299957 0.17029035091400146
v 0.0878475233912468 0.2549703121185303 0.16377757489681244
v 0.12512141466140747 0.2769339084625244 0.16818255186080933
v 0.08716852962970734 0.22938989102840424 0.16598308086395264
v 0.09953397512435913 0.26836350560188293 0.14335869252681732
v 0.13826815783977509 0.23962517082691193 0.15070319175720215
v 0.12382327765226364 0.29186171293258667 0.16277539730072021
v 0.1286482810974121 0.26911571621894836 0.1501486450433731
v 0.1298358142375946 0.26471245288848877 0.16162538528442383
v 0.1009354516863823 0.2555992305278778 0.18283192813396454
v 0.12381672114133835 0.24204468727111816 0.1761440485715866
v 0.10753592103719711 0.2790871858596802 0.18544451892375946
v 0.11035910248756409 0.25819218158721924 0.13626538217067719
v 0.07520166784524918 0.36091965436935425 0.15909260511398315
v 0.07879601418972015 0.369390070438385 0.15218159556388855
v 0.09600063413381577 0.3708813786506653 0.15505564212799072
v 0.10034997761249542 0.37177854776382446 0.17860689759254456
v 0.08540531992912292 0.3672943413257599 0.14224497973918915
v 0.09467792510986328 0.32047373056411743 0.14757131040096283
v 0.08003754913806915 0.3348730206489563 0.1423521786928177
v 0.08405961096286774 0.30719900131225586 0.18708911538124084
v 0.08248607814311981 0.4099965989589691 0.1592346429824829
v 0.07728315144777298 0.36046379804611206 0.17162922024726868
v 0.08486844599246979 0.3497675955295563 0.20966428518295288
v 0.0828695222735405 0.41763144731521606 0.1600726842880249
v 0.08992151916027069 0.3401808738708496 0.1399451047182083
v 0.07677451521158218 0.37156713008880615 0.1751207858324051
v 0.07109612226486206 0.34002649784088135 0.19213004410266876
v 0.09219479560852051 0.3651747405529022 0.14765343070030212
v 0.07449717074632645 0.32491934299468994 0.17386342585086823
v 0.07683014869689941 0.3293723165988922 0.15006545186042786
v 0.07949993759393692 0.310674786567688 0.17178159952163696
v 0.08401218056678772 0.2975693643093109 0.17513704299926758
v 0.10099569708108902 0.3102286159992218 0.1476498395204544
v 0.08908680081367493 0.3800613582134247 0.155053049325943
v 0.07660526782274246 0.37971141934394836 0.1668015569448471
v 0.0777287632226944 0.39428621530532837 0.17011944949626923
v 0.0973392128944397 0.38044998049736023 0.17432153224945068
v 0.07480692863464355 0.34947195649147034 0.20991863310337067
v 0.08314664661884308 0.33453240990638733 0.20424404740333557
v 0.07654663920402527 0.3596719801425934 0.18338483572006226
v 0.08052283525466919 0.3797285258769989 0.15690310299396515
v 0.07665193825960159 0.409496933221817 0.167796790599823
v 0.08848801255226135 0.4056755006313324 0.1632535755634308
v 0.10003288835287094 0.34149715304374695 0.19386227428913116
v 0.09111670404672623 0.34243297576904297 0.20361290872097015
v 0.0881417766213417 0.3925754725933075 0.17242226004600525
v 0.07280553877353668 0.35136106610298157 0.19160982966423035
v 0.0780097171664238 0.3764657974243164 0.20803532004356384
v 0.10035901516675949 0.3532968759536743 0.18989357352256775
v 0.09380915015935898 0.35370317101478577 0.2016243189573288
v 0.08577889204025269 0.3579215109348297 0.21205268800258636
v 0.09453090280294418 0.36444464325904846 0.1976291835308075
v 0.10702924430370331 0.33534932136535645 0.1839405596256256
v 0.08707381784915924 0.4124176502227783 0.16565513610839844
v 0.1189849004149437 0.3088293671607971 0.1766306608915329
v 0.10349495708942413 0.3593387007713318 0.1762913167476654
v 0.08031214028596878 0.42359858751296997 0.16971461474895477
v 0.10163059830665588 0.3668283224105835 0.16583633422851562
v 0.0766533836722374 0.38294363021850586 0.17818421125411987
v 0.11124353855848312 0.33479583263397217 0.16751748323440552
v 0.09893076866865158 0.33285319805145264 0.14634650945663452
v 0.10577432066202164 0.3409101068973541 0.1557380110025406
v 0.10884116590023041 0.3244488835334778 0.15266117453575134
v 0.07190097868442535 0.35061705112457275 0.1530861109495163
v 0.12070824950933456 0.3054666817188263 0.16205166280269623
v 0.09478680044412613 0.2972506880760193 0.15020231902599335
v 0.08649422228336334 0.2953207492828369 0.16151782870292664
v 0.09928689152002335 0.3058635890483856 0.19344562292099
v 0.1143261045217514 0.29621952772140503 0.18659178912639618
v 0.11408838629722595 0.3106667101383209 0.1510317623615265
v 0.07608448714017868 0.4150375425815582 0.1608763486146927
v 0.07268868386745453 0.3524957299232483 0.14063668251037598
v 0.07534945011138916 0.3188803195953369 0.18319478631019592
v 0.07755205035209656 0.3890785872936249 0.16290944814682007
v 0.083529531955719 0.3915518820285797 0.15746727585792542
v 0.08509308099746704 0.39234933257102966 0.176639586687088
v 0.07410915940999985 0.3369578421115875 0.16989406943321228
v 0.07609180361032486 0.3709176182746887 0.1859411746263504
v 0.08308156579732895 0.3965398073196411 0.17222487926483154
v 0.07648079842329025 0.38120749592781067 0.18687939643859863
v 0.11158440262079239 0.3111754059791565 0.1890115737915039
v 0.09119274467229843 0.38862544298171997 0.15942984819412231
v 0.07596775889396667 0.3769969940185547 0.1952347308397293
v 0.09064501523971558 0.38240301609039307 0.193851038813591
v 0.07739626616239548 0.35563215613365173 0.21490755677223206
v 0.08621972799301147 0.3852207660675049 0.19610737264156342
v 0.08886906504631042 0.3641969859600067 0.2070804387331009
v 0.08431336283683777 0.42077764868736267 0.1660277396440506
v 0.07527626305818558 0.4179452359676361 0.167681485414505
v 0.08025915175676346 0.39143964648246765 0.17717495560646057
v 0.10554525256156921 0.35154101252555847 0.1653885692358017
v 0.09750433266162872 0.37868279218673706 0.16308097541332245
v 0.11663290858268738 0.3195068836212158 0.16328753530979156
v 0.09201451390981674 0.3165559470653534 0.1959945559501648
v 0.09819632768630981 0.3475494384765625 0.14572589099407196
v 0.10304742306470871 0.29166221618652344 0.1894681453704834
v 0.07991649210453033 0.31747493147850037 0.1927427351474762
v 0.09250657260417938 0.35805457830429077 0.14228816330432892
v 0.07693587243556976 0.387530654668808 0.17170429229736328
v 0.09063809365034103 0.38027307391166687 0.19911769032478333
v 0.09102627635002136 0.39477238059043884 0.1658645123243332
v 0.09385979920625687 0.38757607340812683 0.16799861192703247
v 0.08234994113445282 0.40165847539901733 0.15836794674396515
v 0.07631940394639969 0.3243933916091919 0.16091406345367432
v 0.08611603826284409 0.36185422539711 0.13521277904510498
v 0.08144781738519669 0.4152151942253113 0.17007088661193848
v 0.0771198496222496 0.3720109164714813 0.20858946442604065
v 0.09758000075817108 0.2423313707113266 0.17989403009414673
v 0.09102627635002136 0.29458317160606384 0.18713392317295074
v 0.08607075363397598 0.309783399105072 0.15659119188785553
v 0.07859041541814804 0.4298725128173828 0.17005036771297455
v 0.07817699015140533 0.42179229855537415 0.15911220014095306
v 0.07473662495613098 0.4240933656692505 0.16840484738349915
v 0.0744468942284584 0.4400216341018677 0.16238808631896973
v 0.07899041473865509 0.4366750419139862 0.1643650084733963
v 0.07778700441122055 0.4332936406135559 0.16115136444568634
v 0.08103203773498535 0.4256974458694458 0.1611139178276062
v 0.08166399598121643 0.4297182857990265 0.16646894812583923
v 0.07432810962200165 0.4438807964324951 0.16431497037410736
v 0.07506949454545975 0.4279162883758545 0.16060870885849
v 0.07658602297306061 0.43860259652137756 0.1705373227596283
v 0.0744468942284584 0.4432141184806824 0.17020156979560852
v 0.07389766722917557 0.42228683829307556 0.16300170123577118
v 0.07292580604553223 0.42989984154701233 0.16741631925106049
v 0.07854374498128891 0.4341767132282257 0.16987843811511993
v 0.07313612848520279 0.43532297015190125 0.16960501670837402
v 0.07160335034132004 0.4407040476799011 0.16682656109333038
v 0.07567466795444489 0.44513070583343506 0.1685103327035904
v 0.07250256836414337 0.43474191427230835 0.16303163766860962
v 0.07779567688703537 0.44179245829582214 0.1669090837240219
v 0.08365623652935028 0.4064929485321045 0.1708017736673355
v 0.0772644430398941 0.398089736700058 0.16238459944725037
v 0.07715635001659393 0.40638330578804016 0.16143222153186798
v 0.07788340002298355 0.4019847810268402 0.1695363074541092
v 0.08923252671957016 0.3984212279319763 0.16101013123989105
v 0.0879821926355362 0.4006034731864929 0.168869286775589
v 0.07901445031166077 0.4181167185306549 0.18815411627292633
v 0.08723542094230652 0.4021657705307007 0.18243306875228882
v 0.08389980345964432 0.3889924883842468 0.19393226504325867
v 0.07787367701530457 0.3901698887348175 0.18477419018745422
v 0.08610955625772476 0.40343374013900757 0.19500401616096497
v 0.07867660373449326 0.38634586334228516 0.19250346720218658
v 0.08818303793668747 0.410756915807724 0.1933583915233612
v 0.08658988773822784 0.4170984625816345 0.18976664543151855
v 0.07587617635726929 0.4229123592376709 0.192811518907547
v 0.08809801191091537 0.4092472195625305 0.1860291063785553
v 0.08049996197223663 0.4001641869544983 0.19445504248142242
v 0.08717745542526245 0.394955575466156 0.19318541884422302
v 0.08124799281358719 0.4118954837322235 0.18576698005199432
v 0.07730451971292496 0.4219764471054077 0.1989450454711914
v 0.08359047770500183 0.4163002073764801 0.19726763665676117
v 0.07750651240348816 0.41747942566871643 0.19718289375305176
v 0.08253161609172821 0.42307049036026 0.18924488127231598
v 0.09485197067260742 0.3835498094558716 0.185019388794899
v 0.08094623684883118 0.4036344289779663 0.18361392617225647
v 0.07713962346315384 0.41296055912971497 0.19259369373321533
v 0.08067581802606583 0.42851021885871887 0.19101417064666748
v 0.08460402488708496 0.42321234941482544 0.1954258233308792
v 0.08290959894657135 0.43050408363342285 0.1957671344280243
v 0.07812672853469849 0.4451598823070526 0.1984604448080063
v 0.08046066015958786 0.4370404779911041 0.19536477327346802
v 0.07973475754261017 0.4334526062011719 0.1928011029958725
v 0.07830743491649628 0.44170913100242615 0.19653043150901794
v 0.07463912665843964 0.44347840547561646 0.19959378242492676
v 0.07448484003543854 0.4370690584182739 0.19595113396644592
v 0.07494504749774933 0.4296391010284424 0.19424472749233246
v 0.07986422628164291 0.4400792717933655 0.2020532786846161
v 0.07857426255941391 0.4448852241039276 0.20341897010803223
v 0.07536686211824417 0.43187540769577026 0.20057275891304016
v 0.08014602214097977 0.42631080746650696 0.2001679539680481
v 0.07586575299501419 0.4260061979293823 0.19917580485343933
v 0.08057468384504318 0.4340773820877075 0.2010258436203003
v 0.07628320157527924 0.44360116124153137 0.20362567901611328
v 0.07530487328767776 0.43775537610054016 0.20260712504386902
v 0.07874849438667297 0.44630104303359985 0.2010992169380188
v 0.08829481899738312 0.39593443274497986 0.18030783534049988
v 0.0809401273727417 0.409392774105072 0.19668428599834442
v 0.08000604808330536 0.3934926986694336 0.19275088608264923
v 0.0780537948012352 0.39814165234565735 0.18749243021011353
v 0.08916132152080536 0.38848617672920227 0.19201570749282837
v 0.07798288762569427 0.40580418705940247 0.19113288819789886
v 0.09224376082420349 0.39368486404418945 0.18611447513103485
v 0.0907646119594574 0.4019330143928528 0.18872232735157013
v 0.08159264177083969 0.39665284752845764 0.18093855679035187
v 0.0914091169834137 0.3896483778953552 0.17796368896961212
v 0.09944090247154236 0.36407920718193054 0.18722771108150482
v 0.07644794881343842 0.40071985125541687 0.21394333243370056
v 0.08141525834798813 0.39387404918670654 0.2035437524318695
v 0.07825811952352524 0.3957151770591736 0.21562689542770386
v 0.08077073097229004 0.38544827699661255 0.1969798505306244
v 0.0802120566368103 0.4001658260822296 0.20781210064888
v 0.08664387464523315 0.399679571390152 0.2123793661594391
v 0.07903343439102173 0.4070577919483185 0.2216896265745163
v 0.08630307763814926 0.397437185049057 0.20604060590267181
v 0.07908903062343597 0.4067816138267517 0.21156203746795654
v 0.0876377522945404 0.39167216420173645 0.20366349816322327
v 0.083696149289608 0.38469555974006653 0.21088941395282745
v 0.08465173095464706 0.4057428240776062 0.21177220344543457
v 0.07563133537769318 0.4066232442855835 0.21751879155635834
v 0.08410175889730453 0.405362069606781 0.21731777489185333
v 0.07887633144855499 0.4017312824726105 0.21915438771247864
v 0.081868477165699 0.39136409759521484 0.21406137943267822
v 0.0852053090929985 0.4023725688457489 0.20899856090545654
v 0.0889555886387825 0.38467490673065186 0.20592756569385529
v 0.08341600745916367 0.38836172223091125 0.1999179869890213
v 0.08274488151073456 0.39760932326316833 0.2165284901857376
v 0.08281701803207397 0.4102036952972412 0.2139793336391449
v 0.08194095641374588 0.41136908531188965 0.22136609256267548
v 0.0778350979089737 0.4240468442440033 0.2201521247625351
v 0.07907553017139435 0.4208785593509674 0.22615230083465576
v 0.07979241013526917 0.4238166809082031 0.22257491946220398
v 0.08166484534740448 0.4146651029586792 0.21614499390125275
v 0.08041636645793915 0.41843095421791077 0.21772390604019165
v 0.08167605102062225 0.4175018072128296 0.22170409560203552
v 0.07972144335508347 0.4213314652442932 0.2194375842809677
v 0.07639540731906891 0.42066484689712524 0.21874172985553741
v 0.0774974524974823 0.4271638095378876 0.22258558869361877
v 0.07767205685377121 0.4259504973888397 0.22746865451335907
v 0.07661208510398865 0.4133877754211426 0.2162003219127655
v 0.07583405077457428 0.41205528378486633 0.22244802117347717
v 0.07805551588535309 0.4162028729915619 0.2255469113588333
v 0.07418621331453323 0.41676393151283264 0.22268758714199066
v 0.0741100087761879 0.42423757910728455 0.22361014783382416
v 0.0750654935836792 0.42135658860206604 0.2269361913204193
v 0.07831189781427383 0.4279543459415436 0.22558104991912842
v 0.08848908543586731 0.3862621486186981 0.20000165700912476
v 0.07685931771993637 0.3941659927368164 0.21010704338550568
v 0.07758349925279617 0.3880215585231781 0.20399607717990875
v 0.08971986174583435 0.372511088848114 0.20282487571239471
v 0.07773048430681229 0.38748612999916077 0.21087397634983063
v 0.08405331522226334 0.37738701701164246 0.20791873335838318
v 0.08764666318893433 0.392185240983963 0.20992304384708405
v 0.08071110397577286 0.37703219056129456 0.22867223620414734
v 0.073094941675663 0.36174842715263367 0.2135510891675949
v 0.07588490098714828 0.3691650331020355 0.2123686671257019
v 0.07852240651845932 0.3657436668872833 0.22354166209697723
v 0.07304923981428146 0.37337949872016907 0.22672869265079498
v 0.07489363849163055 0.37416213750839233 0.23265258967876434
v 0.07996049523353577 0.37848809361457825 0.2230115383863449
v 0.08221684396266937 0.37272554636001587 0.2239706814289093
v 0.07406982034444809 0.36872240900993347 0.22413784265518188
v 0.0752267837524414 0.3794969618320465 0.2255149781703949
v 0.07730657607316971 0.3708413243293762 0.22828951478004456
v 0.07155106961727142 0.3776208758354187 0.23105178773403168
v 0.07792949676513672 0.37957409024238586 0.2341582179069519
v 0.08222117274999619 0.36161044239997864 0.21781979501247406
v 0.07838533073663712 0.38243183493614197 0.22890323400497437
v 0.07571485638618469 0.37372729182243347 0.2191690057516098
v 0.07530220597982407 0.38275599479675293 0.2388022392988205
v 0.07268485426902771 0.37832483649253845 0.2368447482585907
v 0.07114588469266891 0.3817927837371826 0.23990480601787567
v 0.07238761335611343 0.38903671503067017 0.24404971301555634
v 0.07645881921052933 0.3858470320701599 0.23398402333259583
v 0.07233040779829025 0.3912663757801056 0.23822340369224548
v 0.07498116046190262 0.3882989287376404 0.23890168964862823
v 0.07257136702537537 0.38817328214645386 0.2353770136833191
v 0.07243909686803818 0.3935733735561371 0.24195413291454315
v 0.07133467495441437 0.3848057985305786 0.242620050907135
v 0.07389245927333832 0.38398870825767517 0.2305714190006256
v 0.07039888948202133 0.38231605291366577 0.23536522686481476
v 0.06940905004739761 0.3884983956813812 0.24390548467636108
v 0.06914429366588593 0.3863975703716278 0.23945985734462738
v 0.07184380292892456 0.39219361543655396 0.24453021585941315
v 0.06940160691738129 0.39221450686454773 0.2413245141506195
v 0.08350997418165207 0.3708001971244812 0.20879150927066803
v 0.07373666018247604 0.3662835657596588 0.21915683150291443
v 0.08165410906076431 0.3745213449001312 0.21853138506412506
v 0.08571027964353561 0.365740567445755 0.21397922933101654
v 0.08378156274557114 0.3685760200023651 0.21924182772636414
v 0.08150915801525116 0.3711394667625427 0.21399348974227905
v 0.07305022329092026 0.3629503548145294 0.14035145938396454
v 0.07224360853433609 0.3597087860107422 0.13419181108474731
v 0.07798536866903305 0.35999804735183716 0.1307145059108734
v 0.07851805537939072 0.3717934191226959 0.13953937590122223
v 0.08373367041349411 0.3707248568534851 0.1352732628583908
v 0.07832719385623932 0.3531787097454071 0.13341043889522552
v 0.07990008592605591 0.36694714426994324 0.12917731702327728
v 0.08087734878063202 0.3746808171272278 0.12851910293102264
v 0.07212330400943756 0.3652457892894745 0.1301685869693756
v 0.07978267222642899 0.37825003266334534 0.13435980677604675
v 0.068555548787117 0.3865940272808075 0.12022387236356735
v 0.07146956771612167 0.382456511259079 0.11868739128112793
v 0.07611024379730225 0.37763193249702454 0.1225607618689537
v 0.0736987516283989 0.371071994304657 0.12532199919223785
v 0.07741343230009079 0.38464096188545227 0.12071011960506439
v 0.08040658384561539 0.38206982612609863 0.12744109332561493
v 0.06938338279724121 0.3859502971172333 0.12595532834529877
v 0.06888891756534576 0.3722047805786133 0.12938626110553741
v 0.07269863039255142 0.38898205757141113 0.1173318475484848
v 0.07933692634105682 0.3870365619659424 0.12511581182479858
v 0.07541052997112274 0.3930968940258026 0.11989133805036545
v 0.0774063989520073 0.39094051718711853 0.12054111063480377
v 0.07091737538576126 0.36805424094200134 0.13529570400714874
v 0.07293388247489929 0.37666669487953186 0.13537552952766418
v 0.07553248107433319 0.3846398591995239 0.13118982315063477
v 0.07498426735401154 0.3906853199005127 0.12559564411640167
v 0.06881237030029297 0.3798578679561615 0.12942463159561157
v 0.07189428806304932 0.3921967148780823 0.12060455977916718
v 0.06866821646690369 0.3780282437801361 0.12305863201618195
v 0.1059333086013794 0.3469558358192444 0.17862753570079803
v 0.0780956894159317 0.3818538188934326 0.20889198780059814
v 0.09534932672977448 0.3741884231567383 0.1908537596464157
v 0.07663474977016449 0.38086414337158203 0.20276609063148499
v 0.0740751326084137 0.36520132422447205 0.19489601254463196
v 0.07174259424209595 0.3565475344657898 0.20896433293819427
v 0.07841327786445618 0.3417965769767761 0.2073381096124649
v 0.07114605605602264 0.3456417918205261 0.20144212245941162
v 0.07514362782239914 0.37379974126815796 0.20332156121730804
v 0.07346433401107788 0.3356954753398895 0.20045286417007446
v 0.07338986545801163 0.36634889245033264 0.20494095981121063
v 0.0764174610376358 0.3609478175640106 0.21950851380825043
v 0.0715181976556778 0.35611462593078613 0.20091581344604492
v 0.07253994047641754 0.33347102999687195 0.18342620134353638
v 0.07247191667556763 0.3364393711090088 0.15776655077934265
v 0.07673510909080505 0.3706648051738739 0.16244234144687653
v 0.0796438455581665 0.3676222860813141 0.14429616928100586
v 0.08595321327447891 0.3711865246295929 0.14975418150424957
v 0.10074596107006073 0.3578949272632599 0.15462692081928253
v 0.08786244690418243 0.35111093521118164 0.13655638694763184
v 0.07922438532114029 0.34455713629722595 0.137344092130661
v 0.07488567382097244 0.3495258092880249 0.1662387251853943
v 0.07570717483758926 0.34717926383018494 0.179945707321167
v 0.07288317382335663 0.32872459292411804 0.19364280998706818
v 0.08281505107879639 0.32169511914253235 0.15127244591712952
v 0.08801819384098053 0.328347384929657 0.1442244052886963
v 0.08165708929300308 0.3262805938720703 0.19967927038669586
v 0.09411104768514633 0.3302556872367859 0.19903916120529175
v 0.10379602760076523 0.323239803314209 0.19192710518836975
v 0.11350732296705246 0.3230028748512268 0.1784386783838272
v 0.0730675756931305 0.3415762782096863 0.14641159772872925
v 0.07441798597574234 0.360842764377594 0.14831508696079254
v 0.022021109238266945 0.41306886076927185 0.009228752925992012
v 0.012787670828402042 0.4151185154914856 0.012270520441234112
v 0.01311672292649746 0.25993210077285767 0.0068978131748735905
v 0.040140751749277115 0.3676440715789795 -0.05633251741528511
v 0.03926345333456993 0.37249279022216797 -0.06370832771062851
v 0.04244108125567436 0.4044784903526306 -0.07006731629371643
v 0.04229181259870529 0.3982795774936676 -0.06836142390966415
v 0.041192393749952316 0.3932611346244812 -0.07201143354177475
v 0.10429251194000244 0.21543902158737183 0.05701147019863129
v 0.1294523924589157 0.21316559612751007 0.0741918683052063
v 0.12631598114967346 0.1391141414642334 0.04022592306137085
v 0.12331254780292511 0.1468266397714615 0.027560032904148102
v 0.12030249089002609 0.14337077736854553 0.036945294588804245
v 0.1430940330028534 0.20432467758655548 0.07588453590869904
v 0.15355351567268372 0.1954471468925476 0.06783744692802429
v 0.09880479425191879 0.17242787778377533 0.04992356896400452
v 0.09750949591398239 0.16991162300109863 0.05817092955112457
v 0.0977540835738182 0.1799308806657791 0.04763854295015335
v 0.09986160695552826 0.1649610996246338 0.05285418778657913
v 0.09890880435705185 0.16189362108707428 0.06038982793688774
v 0.10628437995910645 0.1608923077583313 0.03871428221464157
v 0.10630130767822266 0.15548807382583618 0.045588426291942596
v 0.10575837641954422 0.1717480719089508 0.026372091844677925
v 0.10361359268426895 0.16883845627307892 0.03544553741812706
v 0.11679258197546005 0.15095801651477814 0.029712632298469543
v 0.11011698096990585 0.151771679520607 0.04152357950806618
v 0.11102604866027832 0.15618298947811127 0.033603865653276443
v 0.10819435864686966 0.16414624452590942 0.029803691431879997
v 0.14343489706516266 0.14292022585868835 0.04315666854381561
v 0.15484480559825897 0.16512073576450348 0.04936595261096954
v 0.09651626646518707 0.20133142173290253 0.050024185329675674
v 0.09372423589229584 0.1997896432876587 0.04864560440182686
v 0.09975481778383255 0.21180908381938934 0.0497780442237854
v 0.09903843700885773 0.2074125111103058 0.05756305158138275
v 0.10326791554689407 0.20921534299850464 0.06661885231733322
v 0.15793997049331665 0.18039290606975555 0.06185402348637581
v 0.15437500178813934 0.16322879493236542 0.06585322320461273
v 0.09564480185508728 0.19164350628852844 0.06291524320840836
v 0.09638231992721558 0.185770645737648 0.05341765657067299
v 0.09549099951982498 0.18411457538604736 0.06121251359581947
v 0.09579064697027206 0.16813568770885468 0.06659115105867386
v 0.09672916680574417 0.17820939421653748 0.05501965433359146
v 0.13302987813949585 0.13008913397789001 0.06830846518278122
v 0.14231599867343903 0.1391422152519226 0.0720328763127327
v 0.09995169937610626 0.19800126552581787 0.022655421867966652
v 0.10077843815088272 0.1896314024925232 0.025218592956662178
v 0.10253984481096268 0.18044283986091614 0.026242826133966446
v 0.11835335195064545 0.16830036044120789 0.004092093091458082
v 0.12185052037239075 0.17073313891887665 -0.004034222569316626
v 0.11531095951795578 0.17628391087055206 0.0025620046071708202
v 0.14423346519470215 0.1572117805480957 -1.4465045751421712e-05
v 0.14386458694934845 0.22025828063488007 0.047457680106163025
v 0.09943928569555283 0.21930430829524994 0.02589447796344757
v 0.09910792112350464 0.21798017621040344 0.03397045284509659
v 0.10148318111896515 0.22098024189472198 0.02776072919368744
v 0.10086020082235336 0.22607848048210144 0.024270661175251007
v 0.1283312290906906 0.1558011919260025 0.005055821966379881
v 0.12903741002082825 0.16467109322547913 -0.007139586377888918
v 0.12483387440443039 0.16276928782463074 0.0002836967178154737
v 0.11389678716659546 0.2241206169128418 0.054349977523088455
v 0.15548564493656158 0.20256918668746948 0.05122576281428337
v 0.10813067108392715 0.1832580864429474 0.010729413479566574
v 0.11216041445732117 0.18548959493637085 0.0021294846665114164
v 0.11497605592012405 0.21776083111763 0.06618146598339081
v 0.1031310185790062 0.22291219234466553 0.03931434452533722
v 0.10419560223817825 0.220364511013031 0.04769973084330559
v 0.14521655440330505 0.21170441806316376 0.06043433025479317
v 0.09908443689346313 0.21512168645858765 0.018560180440545082
v 0.1018872782588005 0.21054503321647644 0.011741256341338158
v 0.10206454247236252 0.20197390019893646 0.014198294840753078
v 0.13267983496189117 0.1451147198677063 0.023943165317177773
v 0.13295964896678925 0.15120698511600494 0.01071778405457735
v 0.13812929391860962 0.1482519656419754 0.01728634350001812
v 0.06502644717693329 0.04266025871038437 0.0793837308883667
v 0.11288011074066162 0.054888442158699036 -0.10257203876972198
v 0.03928815573453903 0.047050755470991135 0.09244219958782196
v 0.12573610246181488 0.041541170328855515 0.0027525871992111206
v 0.12589755654335022 0.042505137622356415 -0.07748276740312576
v 0.1259838193655014 0.07719042152166367 -0.058298755437135696
v 0.0699847936630249 0.11243373900651932 -0.13911892473697662
v 0.07828541845083237 0.08926074951887131 0.07120809704065323
v 0.023164181038737297 0.0687454491853714 0.09509509801864624
v 0.1119379773736 0.08392991870641708 -0.10845980793237686
v 0.016443392261862755 0.2123228907585144 0.05763399600982666
v 0.05367207154631615 0.23087002336978912 0.048898227512836456
v 0.08451518416404724 0.22123508155345917 0.04410417750477791
v 0.09218301624059677 0.21774008870124817 0.03851647675037384
v 0.10068593919277191 0.2136862874031067 0.03170216828584671
v 0.10702186077833176 0.19922295212745667 0.030436592176556587
v 0.10651566833257675 0.20701175928115845 0.02818150818347931
v 0.11534640938043594 0.1888708621263504 0.021433014422655106
v 0.11241394281387329 0.19990786910057068 0.02286454290151596
v 0.12271429598331451 0.1912768930196762 0.00873278547078371
v 0.12405324727296829 0.17985843122005463 0.0077547598630189896
v 0.11975167691707611 0.18335402011871338 0.015338623896241188
v 0.12689104676246643 0.18880389630794525 0.0011490510078147054
v 0.13131076097488403 0.1858772486448288 -0.006791700143367052
v 0.12701953947544098 0.1548677533864975 0.017420034855604172
v 0.1225617378950119 0.15720488131046295 0.024435002356767654
v 0.12412703037261963 0.1641543209552765 0.015945227816700935
v 0.12017851322889328 0.16680866479873657 0.022968899458646774
v 0.11812916398048401 0.1599249392747879 0.03171444684267044
v 0.11640486121177673 0.16863000392913818 0.03017069213092327
v 0.11325742304325104 0.17524823546409607 0.032791659235954285
v 0.10925592482089996 0.18157228827476501 0.036590926349163055
v 0.11063450574874878 0.17219431698322296 0.0404183603823185
v 0.10438762605190277 0.1846320778131485 0.042480453848838806
v 0.04302068054676056 0.1748393177986145 0.08119223266839981
v 0.022477833554148674 0.1785355657339096 0.07491323351860046
v 0.013123778626322746 0.26857611536979675 -0.006645063869655132
v 0.03426418825984001 0.15204428136348724 0.07923970371484756
v 0.11545637249946594 0.18196512758731842 0.1093679666519165
v 0.12054713070392609 0.18425583839416504 0.10848303884267807
v 0.11533388495445251 0.1869092881679535 0.11064659059047699
v 0.15284568071365356 0.1769268959760666 0.12486952543258667
v 0.08843569457530975 0.1712692379951477 0.14301276206970215
v 0.13639718294143677 0.14726288616657257 0.15782055258750916
v 0.1501092165708542 0.15716621279716492 0.13206015527248383
v 0.15024319291114807 0.16854119300842285 0.13356170058250427
v 0.14301744103431702 0.19847314059734344 0.11844222992658615
v 0.13542266190052032 0.19276918470859528 0.11092215776443481
v 0.14269495010375977 0.18991386890411377 0.11215328425168991
v 0.12212405353784561 0.18967178463935852 0.10982143133878708
v 0.12886324524879456 0.19108162820339203 0.10975976288318634
v 0.13229896128177643 0.18630607426166534 0.10827365517616272
v 0.10132182389497757 0.17605893313884735 0.11508601158857346
v 0.10619589686393738 0.17831836640834808 0.11241418123245239
v 0.11019207537174225 0.18202246725559235 0.11126253753900528
v 0.09799499809741974 0.17145368456840515 0.11663952469825745
v 0.0899370014667511 0.15527872741222382 0.14005029201507568
v 0.12131145596504211 0.1566365659236908 0.1665814071893692
v 0.10007838904857635 0.18029919266700745 0.16953004896640778
v 0.10210750997066498 0.19549019634723663 0.12139318883419037
v 0.08754009753465652 0.20626890659332275 0.1454343944787979
v 0.13691401481628418 0.2123449593782425 0.12417857348918915
v 0.1466645449399948 0.17821013927459717 0.1471354365348816
v 0.12320328503847122 0.2099449336528778 0.11902707070112228
v 0.12139235436916351 0.17743410170078278 0.17088666558265686
v 0.14175064861774445 0.19766102731227875 0.15993431210517883
v 0.15050449967384338 0.1823313683271408 0.13436366617679596
v 0.10863719135522842 0.16686126589775085 0.1691708117723465
v 0.0923248752951622 0.19683091342449188 0.16844211518764496
v 0.13159771263599396 0.2374403178691864 0.13589400053024292
v 0.10877732932567596 0.22597239911556244 0.12839217483997345
v 0.10487176477909088 0.21029220521450043 0.1776479333639145
v 0.14228485524654388 0.22492310404777527 0.15480196475982666
v 0.12046034634113312 0.20718806982040405 0.17617376148700714
v 0.08520065993070602 0.21183057129383087 0.1589435636997223
v 0.13438235223293304 0.23160198330879211 0.1677730828523636
v 0.12057535350322723 0.22331784665584564 0.1775609701871872
v 0.09129682183265686 0.21338945627212524 0.17160888016223907
v 0.12238439917564392 0.2646915912628174 0.1395726054906845
v 0.0987752228975296 0.2507913112640381 0.14134609699249268
v 0.08923564106225967 0.24270576238632202 0.15359216928482056
v 0.09024714678525925 0.258178174495697 0.17654287815093994
v 0.13318714499473572 0.24917997419834137 0.1643102616071701
v 0.1324789673089981 0.25465038418769836 0.1485295444726944
v 0.09158706665039062 0.26140373945236206 0.15236923098564148
v 0.11221630126237869 0.24980555474758148 0.18124261498451233
v 0.11075247824192047 0.2739482820034027 0.13967826962471008
v 0.12364515662193298 0.26044324040412903 0.174947589635849
v 0.11998143047094345 0.29670044779777527 0.15079790353775024
v 0.11374248564243317 0.2880166172981262 0.14329496026039124
v 0.10085779428482056 0.2845335900783539 0.14500141143798828
v 0.08586771041154861 0.28249719738960266 0.16731128096580505
v 0.09845759719610214 0.26817625761032104 0.18423457443714142
v 0.11885175108909607 0.2802751660346985 0.1797565072774887
v 0.08685331046581268 0.28530627489089966 0.17875728011131287
v 0.08720508217811584 0.2686302065849304 0.16511477530002594
v 0.12594741582870483 0.2824409604072571 0.154619038105011
v 0.12099259346723557 0.29407861828804016 0.1753106415271759
v 0.0883074477314949 0.27211955189704895 0.1776312291622162
v 0.06416620314121246 0.30182284116744995 -0.07280585914850235
v 0.015166649594902992 0.27516329288482666 -0.13905061781406403
v 0.026272082701325417 0.28011515736579895 -0.023177744820713997
v 0.012824894860386848 0.2778575122356415 -0.017219379544258118
v 0.06057077646255493 0.29493680596351624 -0.0574253648519516
v 0.09273850917816162 0.28499603271484375 -0.1104777604341507
v 0.11524743586778641 0.11123087257146835 -0.11129599064588547
v 0.12641273438930511 0.0768715962767601 -0.029728727415204048
v 0.04036311060190201 0.08516968041658401 0.09155227243900299
v 0.12562677264213562 0.09567941725254059 -0.08934507519006729
v 0.12042182683944702 0.09747475385665894 -0.00033499818528071046
v 0.07815556228160858 0.10639309138059616 0.07178954780101776
v 0.07052695006132126 0.25319039821624756 -0.14118367433547974
v 0.11944092065095901 0.25646403431892395 -0.11012506484985352
v 0.12470168620347977 0.2694258689880371 -0.09726644307374954
v 0.15828873217105865 0.2504573166370392 -0.035366207361221313
v 0.160117968916893 0.23333436250686646 -0.01141835656017065
v 0.16258658468723297 0.21690672636032104 -0.008403737097978592
v 0.16001051664352417 0.2055262178182602 0.021823901683092117
v 0.15900495648384094 0.18394604325294495 0.046025488525629044
v 0.15700553357601166 0.17007769644260406 0.034624021500349045
v 0.1462903767824173 0.15152870118618011 0.01959526352584362
v 0.14642582833766937 0.1619749516248703 -0.007524437736719847
v 0.15310771763324738 0.17374460399150848 -0.024592678993940353
v 0.1504403054714203 0.17707009613513947 -0.033701468259096146
v 0.15199615061283112 0.18146051466464996 -0.040966521948575974
v 0.14729779958724976 0.1812751740217209 -0.07193771004676819
v 0.09797661006450653 0.1265566051006317 -0.1251268982887268
v 0.09354563802480698 0.09617751091718674 -0.12791483104228973
v 0.0842224508523941 0.04149509221315384 -0.13089591264724731
v 0.07411421090364456 -0.012403368949890137 -0.13221094012260437
v 0.08687978982925415 -0.014035739935934544 -0.1253204345703125
v 0.12271077930927277 -0.010564841330051422 -0.06671236455440521
v 0.10778815299272537 -0.0050551812164485455 -0.10567257553339005
v 0.12616372108459473 -0.007972870953381062 -0.05175742134451866
v 0.0646681860089302 -0.035472046583890915 0.04194013401865959
v 0.0852055475115776 -0.00173725257627666 -0.12526386976242065
v 0.1197003424167633 -0.014972374774515629 -0.020495586097240448
v 0.04332917556166649 -0.037115976214408875 0.06376657634973526
v 0.11417220532894135 -0.01119086891412735 -0.09186957776546478
v 0.10512160509824753 -0.025730349123477936 0.002417701529338956
v 0.059574320912361145 0.014061172492802143 -0.1361016184091568
v 0.14989031851291656 0.15724852681159973 0.00903935544192791
v 0.033903613686561584 0.16146093606948853 -0.1479044258594513
v 0.13991722464561462 0.21083755791187286 -0.09132096916437149
v 0.15799112617969513 0.20060183107852936 -0.05541959032416344
v 0.1632561832666397 0.21131062507629395 -0.035653870552778244
v 0.1332383006811142 0.17732654511928558 -0.008057703264057636
v 0.13463521003723145 0.16839592158794403 -0.009810134768486023
v 0.12845616042613983 0.17788071930408478 0.000243935632170178
v 0.14186950027942657 0.16732239723205566 -0.02507692202925682
v 0.13708803057670593 0.17646606266498566 -0.015842001885175705
v 0.138644278049469 0.16748203337192535 -0.017456870526075363
v 0.14123499393463135 0.15871784090995789 -0.021375272423028946
v 0.14559341967105865 0.16293129324913025 -0.037072695791721344
v 0.1438959538936615 0.16260364651679993 -0.029685428366065025
v 0.14689528942108154 0.1664065718650818 -0.04501359164714813
v 0.1483183205127716 0.16474923491477966 -0.05338739976286888
v 0.1481112688779831 0.16698527336120605 -0.06605678796768188
v 0.1330503225326538 0.18938317894935608 -0.09871641546487808
v 0.12578755617141724 0.21019604802131653 -0.10837643593549728
v 0.10114433616399765 0.2682994306087494 -0.11995115876197815
v 0.08282153308391571 0.2704195976257324 -0.12954171001911163
v 0.13096526265144348 0.13656897842884064 0.011993100866675377
v 0.12557688355445862 0.12798015773296356 0.01564832590520382
v 0.12644506990909576 0.13823269307613373 0.021116185933351517
v 0.1427818387746811 0.12142763286828995 -0.03285789117217064
v 0.13934753835201263 0.12402300536632538 -0.016585608944296837
v 0.1370726227760315 0.13626675307750702 0.0025718382094055414
v 0.1479324847459793 0.13411547243595123 -0.049099743366241455
v 0.144356369972229 0.1338665634393692 -0.07016753405332565
v 0.11836542934179306 0.14044879376888275 -0.10878836363554001
v 0.08872943371534348 0.17752958834171295 -0.1363908350467682
v 0.08356351405382156 0.23257054388523102 -0.14132249355316162
v 0.044153694063425064 0.2534761130809784 -0.14344511926174164
v 0.05961945280432701 0.2760726809501648 -0.13490986824035645
v 0.15420913696289062 0.161947101354599 0.022214828059077263
v 0.15709352493286133 0.16843917965888977 0.009878356009721756
v 0.16237591207027435 0.19208692014217377 0.014760189689695835
v 0.16348432004451752 0.20513701438903809 -0.023433126509189606
v 0.16287600994110107 0.19630104303359985 0.0019528098637238145
v 0.15996257960796356 0.1751634180545807 -0.007035044953227043
v 0.16169092059135437 0.18085715174674988 0.004047183319926262
v 0.16307102143764496 0.19154727458953857 -0.021888073533773422
v 0.06035511940717697 0.1780199110507965 -0.14484475553035736
v 0.14957989752292633 0.20875516533851624 -0.07600224763154984
v 0.1554650515317917 0.2109416425228119 -0.06319894641637802
v 0.16132709383964539 0.20070280134677887 -0.044695429503917694
v 0.1458890587091446 0.2284485101699829 -0.07916252315044403
v 0.039928555488586426 0.19692277908325195 -0.1451083868741989
v 0.16256359219551086 0.19550774991512299 -0.03387993574142456
v 0.16303549706935883 0.18826986849308014 -0.008807717822492123
v 0.11261481791734695 0.25451794266700745 0.012775841169059277
v 0.12538105249404907 0.268704354763031 -0.0003786298038903624
v 0.1383047103881836 0.2687811553478241 -0.008691231720149517
v 0.15692774951457977 0.2479524463415146 -0.018247555941343307
v 0.16194608807563782 0.23545889556407928 -0.028302034363150597
v 0.11153210699558258 0.26671627163887024 0.004625080153346062
v 0.13562780618667603 0.2776563763618469 -0.021092185750603676
v 0.14448758959770203 0.2751459777355194 -0.03810640797019005
v 0.1503068208694458 0.26418235898017883 -0.02490673027932644
v 0.12351396679878235 0.28641921281814575 -0.07274892181158066
v 0.07053229957818985 0.30173584818840027 -0.10242506861686707
v 0.055504657328128815 0.29618924856185913 -0.12125107645988464
v 0.03750715032219887 0.2810235023498535 -0.13584236800670624
v 0.09298978000879288 0.12745457887649536 0.12254901975393295
v 0.15093444287776947 0.17160820960998535 0.11101479083299637
v 0.08854582905769348 0.151211217045784 0.10188770294189453
v 0.13414537906646729 0.18103989958763123 0.10694292932748795
v 0.12079636007547379 0.11768552660942078 0.10786638408899307
v 0.10469110310077667 0.1768861562013626 0.10607697069644928
v 0.11410268396139145 0.17782559990882874 0.10815046727657318
v 0.12397413700819016 0.18081936240196228 0.10662451386451721
v 0.10143918544054031 0.17302176356315613 0.10761111229658127
v 0.097347192466259 0.1697513908147812 0.10714416205883026
v 0.15699681639671326 0.16014176607131958 0.10478350520133972
v 0.13697946071624756 0.12322793155908585 0.11194116622209549
v 0.09095816314220428 0.15855035185813904 0.12411434948444366
v 0.1440930813550949 0.1776261180639267 0.10863004624843597
v 0.13059018552303314 0.11490251868963242 0.1259070634841919
v 0.10560194402933121 0.17336295545101166 0.11012903600931168
v 0.15341980755329132 0.167776420712471 0.11046720296144485
v 0.12910422682762146 0.18128108978271484 0.10666610300540924
v 0.11603876948356628 0.11744492501020432 0.15183331072330475
v 0.15236617624759674 0.14915074408054352 0.1229948177933693
v 0.13047613203525543 0.11637043207883835 0.1439935863018036
v 0.16001614928245544 0.21481803059577942 -0.04969930648803711
v 0.08073602616786957 0.20384888350963593 -0.14301033318042755
v 0.05777355656027794 0.2216430902481079 -0.14550045132637024
v 0.011964799836277962 0.1391737014055252 -0.14388173818588257
v 0.024951817467808723 0.03165131062269211 -0.1335877776145935
v 0.011741974391043186 0.08569414913654327 -0.13808977603912354
v 0.03078175149857998 0.13267813622951508 -0.14611336588859558
v 0.015169298276305199 0.18107938766479492 -0.14432600140571594
v 0.07304412871599197 0.202941432595253 0.06294357776641846
v 0.08749611675739288 0.18985067307949066 0.06200949475169182
v 0.09020962566137314 0.19675439596176147 0.05493202060461044
v 0.10157348215579987 0.19171394407749176 0.042319558560848236
v 0.09974400699138641 0.18617495894432068 0.04874373972415924
v 0.08183351159095764 0.18628206849098206 0.06856129318475723
v 0.07161031663417816 0.1918163150548935 0.07058536261320114
v 0.05923014134168625 0.18684090673923492 0.0772295594215393
v 0.10067678987979889 0.17466160655021667 0.05615181848406792
v 0.10291875153779984 0.17858104407787323 0.04933293163776398
v 0.09692491590976715 0.17011436820030212 0.0631747916340828
v 0.10215691477060318 0.1683315485715866 0.0572909452021122
v 0.09120266884565353 0.16652190685272217 0.07035711407661438
v 0.09099747985601425 0.17410914599895477 0.06810884177684784
v 0.07733402401208878 0.16931989789009094 0.07734895497560501
v 0.10557416081428528 0.21082259714603424 0.003661721246317029
v 0.10573916882276535 0.21907667815685272 0.0026491566095501184
v 0.10181688517332077 0.21946631371974945 0.009993805550038815
v 0.11453936994075775 0.21548444032669067 -0.010000661946833134
v 0.11833572387695312 0.21122758090496063 -0.015229270793497562
v 0.11778907477855682 0.20359286665916443 -0.014311747625470161
v 0.11404819786548615 0.20815885066986084 -0.009077953174710274
v 0.1112024262547493 0.19607888162136078 -0.0009366552694700658
v 0.11019197851419449 0.20536872744560242 -0.0026764569338411093
v 0.0058341678231954575 0.3026260435581207 0.021775899454951286
v 0.0010073550511151552 0.32351386547088623 0.0392269529402256
v -0.006952786352485418 0.3701218068599701 0.032707639038562775
v -0.003060015616938472 0.2968094050884247 -0.016635334119200706
v 0.0005445931456051767 0.30302444100379944 0.008835882879793644
v 0.0037177749909460545 0.308126300573349 0.035221900790929794
v 0.001335962675511837 0.2821427285671234 -0.01942368410527706
v 0.0063817487098276615 0.18331949412822723 0.06783688813447952
v -0.0003646520199254155 0.2746128439903259 -0.012523776851594448
v 0.0072378432378172874 0.2882024049758911 -0.021929020062088966
v 0.009778273291885853 0.25039538741111755 0.02067323960363865
v 0.007309846114367247 0.1983577311038971 0.06061844900250435
v -0.0018051806837320328 0.2650306224822998 -0.0015741102397441864
v 0.013217541389167309 0.16109232604503632 0.07573749125003815
v 0.012066655792295933 0.13827542960643768 0.08087798207998276
v 0.10022150725126266 -0.13686200976371765 -0.08478435128927231
v 0.10727518796920776 -0.09035840630531311 -0.07643263787031174
v 0.06387926638126373 -0.1525215357542038 -0.10558448731899261
v 0.11498946696519852 -0.0686938613653183 -0.07988016307353973
v 0.11642327159643173 -0.04634358361363411 -0.09342808276414871
v 0.10278094559907913 -0.07133901864290237 -0.10174347460269928
v 0.08360162377357483 -0.13601870834827423 -0.10080838948488235
v 0.09779641777276993 -0.024942830204963684 -0.12123793363571167
v 0.04314816743135452 -0.14641012251377106 -0.11613146215677261
v 0.011645673774182796 -0.14211654663085938 -0.11044672131538391
v 0.07035377621650696 -0.08027861267328262 -0.13793979585170746
v 0.05345870926976204 -0.03708501160144806 -0.1463053673505783
v 0.08483116328716278 -0.04085918143391609 -0.13655617833137512
v 0.046454839408397675 -0.1589304506778717 -0.102714903652668
v 0.048921503126621246 -0.1002398133277893 -0.14034013450145721
v -0.0016147276619449258 -0.10643676668405533 -0.13851097226142883
v 0.05149640142917633 -0.06372741609811783 -0.14750905334949493
v 0.042690034955739975 -0.012049946002662182 -0.13811172544956207
v 0.041924554854631424 0.011724176816642284 -0.13536734879016876
v 0.1051727756857872 -0.25008928775787354 -0.0010394193232059479
v 0.07967394590377808 -0.2950458228588104 -0.005677723325788975
v 0.030183149501681328 -0.2842133045196533 -0.03646992892026901
v 0.021778635680675507 -0.23790043592453003 -0.017196230590343475
v 0.02202044241130352 -0.22300617396831512 -0.007019414566457272
v 0.12782816588878632 -0.24323375523090363 -0.037809230387210846
v 0.10882636159658432 -0.28906434774398804 -0.01403167936950922
v 0.006150552537292242 -0.21865025162696838 -0.04631202667951584
v 0.008018489927053452 -0.22532552480697632 -0.05413737893104553
v 0.014062080532312393 -0.2109314650297165 -0.07115297019481659
v 0.011735456064343452 -0.22454294562339783 -0.06563299894332886
v 0.024181967601180077 -0.2692946195602417 -0.08344835042953491
v 0.09472014755010605 -0.21360814571380615 -0.09152932465076447
v 0.0994286760687828 -0.26541295647621155 -0.09686242043972015
v 0.1254035383462906 -0.23208239674568176 -0.054273735731840134
v 0.12616150081157684 -0.27982503175735474 -0.056403301656246185
v 0.03786609321832657 -0.23649755120277405 -0.004030704032629728
v 0.04354183375835419 -0.2818227708339691 -0.020898474380373955
v 0.06176992505788803 -0.24456244707107544 0.0016513146692886949
v 0.061971619725227356 -0.285324364900589 -0.009129177778959274
v 0.016476765275001526 -0.26391106843948364 -0.05659577250480652
v 0.019176147878170013 -0.27262067794799805 -0.06823113560676575
v 0.012694425880908966 -0.23565025627613068 -0.03182649239897728
v 0.013207856565713882 -0.22691267728805542 -0.022751759737730026
v 0.0423910953104496 -0.22147950530052185 -0.09893696755170822
v 0.04466430842876434 -0.26252520084381104 -0.10276312381029129
v 0.061691902577877045 -0.21073275804519653 -0.10217459499835968
v 0.08292265236377716 -0.27379918098449707 -0.10814355313777924
v 0.11506043374538422 -0.2328704297542572 -0.07431714236736298
v 0.11668594926595688 -0.2754822075366974 -0.07753116637468338
v 0.02717595547437668 -0.22882354259490967 -0.08911138027906418
v 0.017155850306153297 -0.22484621405601501 -0.07678500562906265
v 0.029775556176900864 -0.25474798679351807 -0.09183856844902039
v 0.051189128309488297 -0.4870081841945648 -0.11605222523212433
v 0.0561138354241848 -0.49967628717422485 -0.10187626630067825
v 0.13522186875343323 -0.4744700789451599 -0.12544609606266022
v 0.1302662044763565 -0.45357203483581543 -0.12407606095075607
v 0.13678070902824402 -0.5160624980926514 -0.09653005748987198
v 0.125263050198555 -0.5199126601219177 -0.08396633714437485
v 0.10866525024175644 -0.5230515599250793 -0.08283586800098419
v 0.05476699024438858 -0.4783698320388794 -0.09684403985738754
v 0.07029186934232712 -0.5309668779373169 -0.09751970320940018
v 0.08910574018955231 -0.5220020413398743 -0.08743468672037125
v 0.10286163538694382 -0.537903368473053 -0.088750921189785
v 0.07875419408082962 -0.5071173310279846 -0.1579238474369049
v 0.08936123549938202 -0.48306453227996826 -0.15768931806087494
v 0.13263548910617828 -0.49040061235427856 -0.13857276737689972
v 0.13949264585971832 -0.49193209409713745 -0.11586795002222061
v 0.1363583207130432 -0.48613178730010986 -0.09311561286449432
v 0.06099385395646095 -0.5095979571342468 -0.14531901478767395
v 0.13258019089698792 -0.47134891152381897 -0.08591362833976746
v 0.050629548728466034 -0.4536469280719757 -0.10253516584634781
v 0.0673154890537262 -0.450360506772995 -0.1391412764787674
v 0.12481235712766647 -0.4222917854785919 -0.10456742346286774
v 0.06489027291536331 -0.45196279883384705 -0.076619453728199
v 0.08633019030094147 -0.46214574575424194 -0.06941667944192886
v 0.10641171783208847 -0.4913199245929718 -0.07441100478172302
v 0.11733178794384003 -0.47229477763175964 -0.07160595804452896
v 0.12942519783973694 -0.4392642080783844 -0.08750779926776886
v 0.11345906555652618 -0.44673222303390503 -0.140046626329422
v 0.09754618257284164 -0.430139422416687 -0.13735109567642212
v 0.0734727755188942 -0.4736211895942688 -0.07879480719566345
v 0.07564885169267654 -0.4338354766368866 -0.1362893283367157
v 0.050379179418087006 -0.4355679154396057 -0.10486822575330734
v 0.11728786677122116 -0.5857180953025818 -0.1058855876326561
v 0.05609329417347908 -0.5243026614189148 -0.126979798078537
v 0.07783519476652145 -0.5557283163070679 -0.15589730441570282
v 0.13338986039161682 -0.530128002166748 -0.14297565817832947
v 0.13891363143920898 -0.5275794863700867 -0.124667689204216
v 0.1324170082807541 -0.5311799049377441 -0.0938706248998642
v 0.12432129681110382 -0.5538503527641296 -0.09592285007238388
v 0.061066634953022 -0.537642776966095 -0.11256647855043411
v 0.08406344056129456 -0.5681484937667847 -0.10480915755033493
v 0.08192508667707443 -0.5850146412849426 -0.11156971752643585
v 0.09485519677400589 -0.5568699240684509 -0.09792504459619522
v 0.08632715791463852 -0.5401305556297302 -0.1602822095155716
v 0.09501620382070541 -0.5233539938926697 -0.16094157099723816
v 0.12618690729141235 -0.5520893931388855 -0.15366360545158386
v 0.13855531811714172 -0.52972811460495 -0.108024001121521
v 0.13774891197681427 -0.5452371835708618 -0.116191066801548
v 0.1342570036649704 -0.544905960559845 -0.10181277245283127
v 0.07250998914241791 -0.5698273181915283 -0.14950348436832428
v 0.05607818439602852 -0.13099099695682526 0.034804437309503555
v -0.0020359691698104143 -0.17141443490982056 -0.019499927759170532
v 0.1285274177789688 -0.09522240608930588 -0.013467635028064251
v 0.10853038728237152 -0.11351272463798523 -0.07081100344657898
v 0.02881840243935585 -0.16453324258327484 0.023485219106078148
v 0.022452721372246742 -0.1640499234199524 0.01854882761836052
v 0.12322147190570831 -0.11912690103054047 -0.05087827146053314
v 0.12028804421424866 -0.11116714030504227 -0.0007840001489967108
v 0.0751599445939064 -0.1332751363515854 0.02914634719491005
v 0.005991156678646803 -0.17413215339183807 -0.00048419018276035786
v 0.03596530109643936 -0.15001672506332397 0.029380284249782562
v 0.03683304786682129 -0.1597331166267395 0.02927466854453087
v -0.0015074448892846704 -0.17075663805007935 -0.022539084777235985
v 0.09423685073852539 -0.10792535543441772 -0.09376516193151474
v 0.0878228172659874 -0.08894871175289154 -0.11478282511234283
v 0.02164216712117195 -0.09694329649209976 -0.14289239048957825
v 0.014814374037086964 -0.14557744562625885 0.053152866661548615
v 0.027777299284934998 -0.13533338904380798 0.05146912485361099
v 0.006224241107702255 -0.13367226719856262 0.06536862999200821
v 0.018913857638835907 -0.16696272790431976 -0.07906176894903183
v 0.03050086833536625 -0.17336493730545044 -0.08594002574682236
v -0.0030374221969395876 -0.14840465784072876 0.05730976164340973
v 0.059391479939222336 -0.00397076178342104 -0.1342422068119049
v 0.1185370683670044 -0.016783494502305984 -0.07948895543813705
v 0.1077367439866066 -0.023452021181583405 -0.1067473515868187
v 0.1223534345626831 -0.017858432605862617 -0.04278838261961937
v 0.06286779046058655 -0.05020516365766525 0.04105892777442932
v 0.09642019122838974 -0.00960820447653532 -0.11586953699588776
v 0.12065806239843369 -0.03413650766015053 -0.01893673650920391
v 0.03123793751001358 -0.043103285133838654 0.06529923528432846
v 0.029710868373513222 -0.05576801300048828 0.061807781457901
v 0.10161041468381882 -0.03843922168016434 0.00959625095129013
v 0.09204930812120438 0.06495712697505951 -0.12403267621994019
v 0.13139906525611877 0.04280833899974823 -0.02490808069705963
v 0.11039919406175613 0.04513673856854439 0.028053149580955505
v 0.04794909060001373 0.01903725042939186 0.08512178808450699
v 0.11581946164369583 0.019202962517738342 0.01459429319947958
v 0.0346032939851284 0.06325630843639374 -0.13623614609241486
v 0.0324908122420311 -0.02924206294119358 -0.14585548639297485
v 0.12270459532737732 -0.033078089356422424 -0.08005165308713913
v 0.12754756212234497 -0.041709668934345245 -0.05861184373497963
v 0.12340014427900314 -0.027213377878069878 -0.06827578693628311
v 0.1267860382795334 -0.03446844592690468 -0.04436500743031502
v 0.1278856098651886 -0.041648849844932556 -0.030731162056326866
v 0.11414916813373566 -0.039763208478689194 -0.0035387184470891953
v 0.04156922549009323 -0.06147309020161629 0.05727961286902428
v 0.04841333255171776 -0.07262396812438965 0.055216532200574875
v 0.002863087924197316 -0.06865178793668747 0.06500817090272903
v 0.09711409360170364 -0.040608134120702744 -0.12573207914829254
v 0.07301755249500275 -0.028052009642124176 -0.14035987854003906
v -0.005577815696597099 0.3033762276172638 0.025298913940787315
v -0.0004028019029647112 0.4632430076599121 0.006557501386851072
v -0.0016961941728368402 0.4031904637813568 0.029196275398135185
v -0.011107290163636208 0.4251425862312317 -0.1214461475610733
v -0.004326795693486929 0.48763307929039 -0.050461672246456146
v -0.0033309354912489653 0.35860133171081543 0.032158318907022476
v -0.00894913636147976 0.4189595878124237 0.02113131619989872
v -0.011975551955401897 0.4507763683795929 0.014903400093317032
v 0.00034782494185492396 0.3143300414085388 0.03963087871670723
v -0.00483735604211688 0.34084615111351013 -0.10821127146482468
v 0.0008435697527602315 -0.1731937825679779 -0.016055993735790253
v -0.001885628909803927 0.2904072701931 -0.022266775369644165
v -0.001233136048540473 -0.1702612340450287 -0.025795642286539078
v 0.07995482534170151 -0.6392145752906799 -0.13741816580295563
v 0.08317667990922928 -0.6034365892410278 -0.16171374917030334
v 0.09578849375247955 -0.6425713896751404 -0.17050550878047943
v 0.10263792425394058 -0.628126859664917 -0.169320210814476
v 0.12650176882743835 -0.6271507143974304 -0.14873552322387695
v 0.12766985595226288 -0.633467435836792 -0.13303686678409576
v 0.12411580979824066 -0.6459088325500488 -0.1279425472021103
v 0.1263701319694519 -0.6153122782707214 -0.12065044045448303
v 0.08558754622936249 -0.6506568789482117 -0.12820683419704437
v 0.08677937835454941 -0.6339343786239624 -0.16613002121448517
v 0.07880444079637527 -0.6379791498184204 -0.15367300808429718
v 0.08177588135004044 -0.6628549695014954 -0.1389337182044983
v 0.08350218087434769 -0.6487753987312317 -0.16342607140541077
v 0.08498126268386841 -0.6622437238693237 -0.16646280884742737
v 0.10374478250741959 -0.6546063423156738 -0.17042063176631927
v 0.11794644594192505 -0.6550741791725159 -0.16276471316814423
v 0.1248546913266182 -0.644650399684906 -0.1485154926776886
v 0.12640932202339172 -0.6563959121704102 -0.13978125154972076
v 0.1257103681564331 -0.6660814881324768 -0.1530032604932785
v 0.08674948662519455 -0.6688509583473206 -0.12471871078014374
v 0.09116031974554062 -0.6535990834236145 -0.17174164950847626
v 0.08241458982229233 -0.6654672026634216 -0.1549312174320221
v 0.17976497113704681 -0.7431946992874146 -0.039453357458114624
v 0.1576431840658188 -0.7423047423362732 -0.018123550340533257
v 0.1848278045654297 -0.7382237911224365 -0.06896082311868668
v 0.18281826376914978 -0.7458904981613159 -0.05377369746565819
v 0.15402039885520935 -0.7390367984771729 -0.028793519362807274
v 0.14330023527145386 -0.7456541061401367 -0.024606604129076004
v 0.1389102190732956 -0.7453804612159729 -0.03044322319328785
v 0.1400318592786789 -0.750562310218811 -0.03734740987420082
v 0.15548920631408691 -0.7458078861236572 -0.03241098299622536
v 0.1499449908733368 -0.7371943593025208 -0.03374155983328819
v 0.15321262180805206 -0.7419361472129822 -0.03423386067152023
v 0.17008528113365173 -0.7420899868011475 -0.038386568427085876
v 0.1695045828819275 -0.7380101084709167 -0.03479764610528946
v 0.16523580253124237 -0.7361229658126831 -0.03799688443541527
v 0.1648770421743393 -0.744131863117218 -0.029998406767845154
v 0.1582055389881134 -0.7484221458435059 -0.0387987345457077
v 0.16343793272972107 -0.7491204142570496 -0.03517270088195801
v 0.17619243264198303 -0.7359423041343689 -0.04907646402716637
v 0.17507123947143555 -0.7460261583328247 -0.05119939520955086
v 0.17166019976139069 -0.7484055757522583 -0.04683121666312218
v 0.17800910770893097 -0.7474642395973206 -0.046337470412254333
v 0.17825789749622345 -0.7381444573402405 -0.04520006477832794
v 0.1858418881893158 -0.7392849922180176 -0.05676974356174469
v 0.17852595448493958 -0.7323165535926819 -0.061563536524772644
v 0.18102261424064636 -0.7354424595832825 -0.05731811746954918
v 0.18084178864955902 -0.7425462007522583 -0.05357244610786438
v 0.17993956804275513 -0.7457647323608398 -0.05701873451471329
v 0.18326251208782196 -0.7447429299354553 -0.0609334334731102
v 0.18381094932556152 -0.7298373579978943 -0.07969187945127487
v 0.1857444792985916 -0.7413655519485474 -0.07054296135902405
v 0.1806272268295288 -0.7379803657531738 -0.07254967093467712
v 0.1847921758890152 -0.741910457611084 -0.07570899277925491
v 0.15295705199241638 -0.7418028712272644 -0.01834019087255001
v 0.13733211159706116 -0.7347147464752197 -0.039606161415576935
v 0.14428307116031647 -0.7349749207496643 -0.037807896733284
v 0.14846673607826233 -0.7463654279708862 -0.02064475789666176
v 0.13465729355812073 -0.7429249286651611 -0.03691405802965164
v 0.14555808901786804 -0.7513118982315063 -0.029427917674183846
v 0.1422191858291626 -0.7504430413246155 -0.04758734256029129
v 0.1565331667661667 -0.7395988702774048 -0.023181114345788956
v 0.1478983759880066 -0.7511454820632935 -0.03777392953634262
v 0.1735103577375412 -0.7424095273017883 -0.03384949266910553
v 0.16606561839580536 -0.7436544299125671 -0.042805273085832596
v 0.16200141608715057 -0.7476750016212463 -0.05111909657716751
v 0.17067867517471313 -0.739521861076355 -0.03017202578485012
v 0.1553681641817093 -0.7332663536071777 -0.045446667820215225
v 0.16251088678836823 -0.7350299954414368 -0.0430387444794178
v 0.16845346987247467 -0.74882572889328 -0.03175582364201546
v 0.15019221603870392 -0.7363885045051575 -0.04131661355495453
v 0.15750858187675476 -0.7364785075187683 -0.038473017513751984
v 0.15692318975925446 -0.7422465682029724 -0.03694519028067589
v 0.1626744419336319 -0.7482826113700867 -0.043844856321811676
v 0.15574654936790466 -0.7498043775558472 -0.045663271099328995
v 0.1793566197156906 -0.7400481700897217 -0.04116695746779442
v 0.16414238512516022 -0.7306198477745056 -0.05669883266091347
v 0.16809456050395966 -0.7343313694000244 -0.04895377159118652
v 0.1763865202665329 -0.7470805644989014 -0.040297266095876694
v 0.16886048018932343 -0.7444042563438416 -0.04524567723274231
v 0.16465851664543152 -0.7441117167472839 -0.04749409481883049
v 0.16536098718643188 -0.7474913001060486 -0.05898347124457359
v 0.1719188094139099 -0.746074378490448 -0.05648797005414963
v 0.1810322105884552 -0.7423527836799622 -0.04496961086988449
v 0.17668694257736206 -0.7373241186141968 -0.053744953125715256
v 0.17841264605522156 -0.7401921153068542 -0.05648187920451164
v 0.17178964614868164 -0.7449827194213867 -0.06290828436613083
v 0.18081368505954742 -0.7431241273880005 -0.06595493853092194
v 0.18170346319675446 -0.7326086163520813 -0.06709293276071548
v 0.17421816289424896 -0.7442796230316162 -0.07410299777984619
v 0.17907960712909698 -0.7414473295211792 -0.07534066587686539
v 0.17209914326667786 -0.7270026803016663 -0.07455574721097946
v 0.1759353131055832 -0.7365647554397583 -0.05830927565693855
v 0.18419374525547028 -0.7428005337715149 -0.05263672024011612
v 0.1729135513305664 -0.7319095134735107 -0.061425067484378815
v 0.1703176647424698 -0.7455250024795532 -0.07004322111606598
v 0.17541329562664032 -0.7448722720146179 -0.0678076222538948
v 0.1773841232061386 -0.744670569896698 -0.06130135804414749
v 0.18166205286979675 -0.7389664649963379 -0.08780169486999512
v 0.18498317897319794 -0.7313887476921082 -0.07396892458200455
v 0.18011750280857086 -0.730002760887146 -0.07496054470539093
v 0.17893315851688385 -0.7426794171333313 -0.07075145095586777
v 0.18266840279102325 -0.74222332239151 -0.07185941934585571
v 0.18119563162326813 -0.7417704463005066 -0.08067238330841064
v 0.15867578983306885 -0.7454747557640076 -0.02186335064470768
v 0.17316126823425293 -0.7420428991317749 -0.028954414650797844
v 0.14249111711978912 -0.7382475137710571 -0.030528783798217773
v 0.14883990585803986 -0.7396694421768188 -0.024323461577296257
v 0.15208196640014648 -0.7500067353248596 -0.03339682146906853
v 0.15330587327480316 -0.750334620475769 -0.02580956742167473
v 0.16676953434944153 -0.7479972243309021 -0.03938724473118782
v 0.17094461619853973 -0.7478461265563965 -0.03513551130890846
v 0.15984535217285156 -0.7451943755149841 -0.034122005105018616
v 0.16273345053195953 -0.7386178374290466 -0.03341643512248993
v 0.17050981521606445 -0.7382217049598694 -0.04556843265891075
v 0.17248360812664032 -0.7467250823974609 -0.042332619428634644
v 0.17874211072921753 -0.7403053641319275 -0.0497230663895607
v 0.17553463578224182 -0.7417768836021423 -0.054435521364212036
v 0.18451079726219177 -0.7392753958702087 -0.06349720060825348
v 0.18378901481628418 -0.7351886034011841 -0.06242029741406441
v 0.18229030072689056 -0.7387100458145142 -0.0536404512822628
v 0.18553535640239716 -0.7361933588981628 -0.08099274337291718
v 0.18163487315177917 -0.7341618537902832 -0.07170657068490982
v 0.15347206592559814 -0.7467712759971619 -0.018345654010772705
v 0.13372980058193207 -0.7483411431312561 -0.045210398733615875
v 0.15812528133392334 -0.7438055872917175 -0.02779151126742363
v 0.15196630358695984 -0.7411715984344482 -0.03979317098855972
v 0.15314483642578125 -0.7459831833839417 -0.038787052035331726
v 0.17306892573833466 -0.7468354105949402 -0.031278301030397415
v 0.16189318895339966 -0.7339317798614502 -0.049051351845264435
v 0.16429367661476135 -0.7393271327018738 -0.04723462089896202
v 0.1665642261505127 -0.7392407655715942 -0.04157340154051781
v 0.16981767117977142 -0.7463949918746948 -0.02904556691646576
v 0.14997932314872742 -0.7488847970962524 -0.04286208748817444
v 0.17409726977348328 -0.7415245771408081 -0.04217813163995743
v 0.16797132790088654 -0.7477089166641235 -0.05034731701016426
v 0.18011580407619476 -0.7471722960472107 -0.04130849987268448
v 0.1721511036157608 -0.7327401638031006 -0.054495323449373245
v 0.18462513387203217 -0.745481014251709 -0.056044042110443115
v 0.17641645669937134 -0.7296217679977417 -0.06806104630231857
v 0.18249034881591797 -0.7374480962753296 -0.06759612262248993
v 0.17461569607257843 -0.7408370971679688 -0.059920474886894226
v 0.18755100667476654 -0.736720621585846 -0.07429667562246323
v 0.18194499611854553 -0.7296441793441772 -0.08706709742546082
v 0.1857452541589737 -0.7344151735305786 -0.07023819535970688
v 0.08920319378376007 -0.6349841952323914 -0.12194394320249557
v 0.10007751733064651 -0.6435150504112244 -0.11575360596179962
v 0.11358895897865295 -0.6483698487281799 -0.11639225482940674
v 0.0752803161740303 -0.6240391135215759 -0.1407223492860794
v 0.07836169749498367 -0.6231657862663269 -0.15644310414791107
v 0.10115768760442734 -0.6101839542388916 -0.1692190170288086
v 0.11824686825275421 -0.635394275188446 -0.16100427508354187
v 0.12767663598060608 -0.6097701787948608 -0.15107160806655884
v 0.13227470219135284 -0.6036953330039978 -0.12892015278339386
v 0.13045546412467957 -0.6186193823814392 -0.13483431935310364
v 0.08212251961231232 -0.6197986602783203 -0.12481763958930969
v 0.08864179998636246 -0.6186124086380005 -0.16667424142360687
v 0.0732206180691719 -0.609584391117096 -0.13291233777999878
v 0.09620664268732071 -0.6200723648071289 -0.11518073827028275
v 0.10644592344760895 -0.632331132888794 -0.11393911391496658
v 0.11354254931211472 -0.6179916858673096 -0.11287017166614532
v 0.09624558687210083 -0.6553571820259094 -0.11753503233194351
v 0.11285403370857239 -0.6643308997154236 -0.11456127464771271
v 0.09941087663173676 -0.6678358316421509 -0.11441604048013687
v 0.11679983884096146 -0.672231912612915 -0.16692984104156494
v 0.10538117587566376 -0.677940845489502 -0.17466852068901062
v 0.1062258780002594 -0.6662299633026123 -0.17095358669757843
v 0.09197700768709183 -0.6838851571083069 -0.1176704466342926
v 0.10399868339300156 -0.681226909160614 -0.11015176773071289
v 0.11659427732229233 -0.6815662384033203 -0.11060143262147903
v 0.12305783480405807 -0.6603143811225891 -0.12425542622804642
v 0.12097711116075516 -0.6319305896759033 -0.1189480647444725
v 0.12668119370937347 -0.7310181260108948 -0.054246291518211365
v 0.1347067654132843 -0.7228728532791138 -0.060553599148988724
v 0.15347377955913544 -0.718176007270813 -0.08220357447862625
v 0.14487102627754211 -0.7194628715515137 -0.06981408596038818
v 0.16776491701602936 -0.722858190536499 -0.08970600366592407
v 0.16628028452396393 -0.7221370339393616 -0.10274152457714081
v 0.15899032354354858 -0.7185315489768982 -0.09356169402599335
v 0.17331020534038544 -0.7278129458427429 -0.105341337621212
v 0.12049442529678345 -0.7375954389572144 -0.06142541766166687
v 0.12022273987531662 -0.7441163659095764 -0.07098162174224854
v 0.13446438312530518 -0.7492431402206421 -0.07073458284139633
v 0.12673911452293396 -0.747730016708374 -0.06152866408228874
v 0.17263232171535492 -0.7334966659545898 -0.11082939803600311
v 0.1476745903491974 -0.7477291822433472 -0.07735695689916611
v 0.14776663482189178 -0.7460452914237976 -0.08979754149913788
v 0.16504931449890137 -0.7433961033821106 -0.09928708523511887
v 0.15818417072296143 -0.7451162934303284 -0.0914306566119194
v 0.17286080121994019 -0.739604651927948 -0.10476089268922806
v 0.13029949367046356 -0.7162551283836365 -0.07262641191482544
v 0.13982433080673218 -0.7111133337020874 -0.0831671878695488
v 0.15601588785648346 -0.7158112525939941 -0.10507440567016602
v 0.14806634187698364 -0.7116717100143433 -0.09403296560049057
v 0.16073255240917206 -0.7212038636207581 -0.11547219008207321
v 0.16324013471603394 -0.7278599143028259 -0.12351825833320618
v 0.1680707484483719 -0.7272518277168274 -0.11415141075849533
v 0.14725030958652496 -0.7111242413520813 -0.1269352287054062
v 0.15100355446338654 -0.7126767039299011 -0.11548024415969849
v 0.15177009999752045 -0.727367103099823 -0.14051483571529388
v 0.15586136281490326 -0.720628023147583 -0.12557096779346466
v 0.14916424453258514 -0.7191312313079834 -0.136629119515419
v 0.14562846720218658 -0.7249544262886047 -0.14874999225139618
v 0.1266176998615265 -0.7203161120414734 -0.17942780256271362
v 0.13842208683490753 -0.7198044061660767 -0.15797539055347443
v 0.12971273064613342 -0.7129859328269958 -0.16802117228507996
v 0.14087259769439697 -0.713499903678894 -0.14647351205348969
v 0.13322730362415314 -0.7074414491653442 -0.1568344533443451
v 0.12467912584543228 -0.6980879902839661 -0.16640940308570862
v 0.12136749923229218 -0.706494927406311 -0.1766551285982132
v 0.1059136614203453 -0.7163884043693542 -0.19272121787071228
v 0.08709046989679337 -0.725484311580658 -0.18264120817184448
v 0.09354203939437866 -0.7161092162132263 -0.1905653327703476
v 0.11139193177223206 -0.6976479291915894 -0.18083776533603668
v 0.10307636857032776 -0.7031416296958923 -0.18854236602783203
v 0.09147869050502777 -0.7025827765464783 -0.18545399606227875
v 0.08556225150823593 -0.7113773822784424 -0.17888852953910828
v 0.08525529503822327 -0.6990706324577332 -0.1701071411371231
v 0.0842820480465889 -0.711788535118103 -0.1661730408668518
v 0.08420079946517944 -0.7236865758895874 -0.17004132270812988
v 0.12218701839447021 -0.7251895666122437 -0.06636699289083481
v 0.11479052901268005 -0.7325778603553772 -0.07390232384204865
v 0.14210377633571625 -0.7050148844718933 -0.10431177914142609
v 0.13957643508911133 -0.700517475605011 -0.11823153495788574
v 0.12428970634937286 -0.7087539434432983 -0.08428923785686493
v 0.1290024369955063 -0.7005388736724854 -0.09592687338590622
v 0.11108971387147903 -0.70928955078125 -0.09161251783370972
v 0.11622481793165207 -0.7192773222923279 -0.0791335180401802
v 0.10866754502058029 -0.7268662452697754 -0.08672023564577103
v 0.1027689278125763 -0.7226134538650513 -0.0975898876786232
v 0.11387104541063309 -0.7396886348724365 -0.0841728001832962
v 0.10983828455209732 -0.7378948926925659 -0.09685258567333221
v 0.10537852346897125 -0.7354625463485718 -0.10875603556632996
v 0.08906365185976028 -0.7280473709106445 -0.14690692722797394
v 0.08649979531764984 -0.7307459115982056 -0.15953350067138672
v 0.08734829723834991 -0.713178813457489 -0.13934113085269928
v 0.09140076488256454 -0.721535325050354 -0.1271902620792389
v 0.10043817013502121 -0.7085085511207581 -0.10474548488855362
v 0.0964227244257927 -0.7215481400489807 -0.11153174936771393
v 0.16721510887145996 -0.7344182729721069 -0.11855700612068176
v 0.15740551054477692 -0.72696453332901 -0.1322854906320572
v 0.1601460725069046 -0.7351951599121094 -0.1279074251651764
v 0.14296965301036835 -0.7340783476829529 -0.15119527280330658
v 0.13893602788448334 -0.7303043007850647 -0.1597863882780075
v 0.13416951894760132 -0.7238843441009521 -0.16882109642028809
v 0.1287507265806198 -0.7314270734786987 -0.17526483535766602
v 0.11252761632204056 -0.7344566583633423 -0.18815185129642487
v 0.10705382376909256 -0.7264452576637268 -0.1930956095457077
v 0.09584738314151764 -0.7272220849990845 -0.19099575281143188
v 0.08664920926094055 -0.7337824106216431 -0.17117683589458466
v 0.0943346917629242 -0.7393071055412292 -0.1723482608795166
v 0.09533512592315674 -0.733548104763031 -0.13627144694328308
v 0.12840385735034943 -0.6912172436714172 -0.11077322065830231
v 0.11340435594320297 -0.6946843862533569 -0.10207444429397583
v 0.0993192121386528 -0.6947333216667175 -0.10947521775960922
v 0.0907302051782608 -0.7036637663841248 -0.12138333171606064
v 0.08420734107494354 -0.6966021656990051 -0.14089682698249817
v 0.08639993518590927 -0.6838786005973816 -0.17142902314662933
v 0.09426666796207428 -0.682169497013092 -0.17954370379447937
v 0.08854112774133682 -0.6919972896575928 -0.1782113015651703
v 0.10377498716115952 -0.6869558691978455 -0.1799725741147995
v 0.09657441824674606 -0.6917500495910645 -0.18386013805866241
v 0.11460085213184357 -0.6871663331985474 -0.17259423434734344
v 0.12609800696372986 -0.6833096146583557 -0.16022343933582306
v 0.12429185211658478 -0.7465079426765442 -0.08052638173103333
v 0.13572226464748383 -0.7475131154060364 -0.0844154804944992
v 0.1374921202659607 -0.7434062957763672 -0.11150626093149185
v 0.1366957128047943 -0.7451390027999878 -0.09867382049560547
v 0.15196473896503448 -0.7439430356025696 -0.1035536378622055
v 0.15923503041267395 -0.7403209805488586 -0.11936131119728088
v 0.163299098610878 -0.7416625618934631 -0.1101560965180397
v 0.15416599810123444 -0.7352892160415649 -0.13598573207855225
v 0.15004825592041016 -0.7423641681671143 -0.11551668494939804
v 0.15056324005126953 -0.7402427792549133 -0.1271718144416809
v 0.13772493600845337 -0.7418870329856873 -0.12385564297437668
v 0.12106115370988846 -0.7422211766242981 -0.10902470350265503
v 0.12284185737371445 -0.7446285486221313 -0.09414714574813843
v 0.14843706786632538 -0.7348771095275879 -0.143639475107193
v 0.13794758915901184 -0.7391820549964905 -0.14399002492427826
v 0.14432725310325623 -0.7394804954528809 -0.13562680780887604
v 0.13063880801200867 -0.7410749197006226 -0.1342848688364029
v 0.11904571950435638 -0.7411315441131592 -0.12415602058172226
v 0.10251728445291519 -0.7355572581291199 -0.12309417128562927
v 0.10953563451766968 -0.7402061820030212 -0.13988390564918518
v 0.12382493913173676 -0.7405229806900024 -0.1453106552362442
v 0.13247233629226685 -0.7382900714874268 -0.15437494218349457
v 0.13092926144599915 -0.7355258464813232 -0.1654176115989685
v 0.11976578831672668 -0.7396400570869446 -0.15854401886463165
v 0.1194961816072464 -0.7378548979759216 -0.17104308307170868
v 0.1046595647931099 -0.7395715713500977 -0.16734620928764343
v 0.10660174489021301 -0.7405340671539307 -0.15497387945652008
v 0.12125086039304733 -0.7338192462921143 -0.18260028958320618
v 0.08949542790651321 -0.7351068258285522 -0.18075744807720184
v 0.09371249377727509 -0.7391080856323242 -0.16143669188022614
v 0.09840242564678192 -0.7382623553276062 -0.18079625070095062
v 0.09421803802251816 -0.7346106767654419 -0.18685346841812134
v 0.12704309821128845 -0.7440471649169922 -0.05166702717542648
v 0.13601356744766235 -0.7499630451202393 -0.05551777780056
v 0.14533540606498718 -0.7493820190429688 -0.06446149945259094
v 0.1571362316608429 -0.7482525706291199 -0.06276971101760864
v 0.15015359222888947 -0.7498072385787964 -0.054298367351293564
v 0.16828815639019012 -0.7451871633529663 -0.07613178342580795
v 0.1642746776342392 -0.7467575669288635 -0.06748292595148087
v 0.157786563038826 -0.7471185326576233 -0.0729098692536354
v 0.1709391325712204 -0.7441920638084412 -0.08131090551614761
v 0.16971974074840546 -0.7440340518951416 -0.08764463663101196
v 0.16390419006347656 -0.745457112789154 -0.08163505047559738
v 0.17579808831214905 -0.7433672547340393 -0.0788639709353447
v 0.17612488567829132 -0.7410257458686829 -0.09541267901659012
v 0.1762123703956604 -0.7427759170532227 -0.08509868383407593
v 0.17805011570453644 -0.7330175042152405 -0.10203975439071655
v 0.18103455007076263 -0.733922004699707 -0.09428784251213074
v 0.1754404753446579 -0.7263487577438354 -0.08275327831506729
v 0.1761065423488617 -0.7263675928115845 -0.09458720684051514
v 0.16601493954658508 -0.727768063545227 -0.06687560677528381
v 0.16490142047405243 -0.7239003777503967 -0.07902588695287704
v 0.15619005262851715 -0.7270115613937378 -0.060915376991033554
v 0.15650516748428345 -0.7232335805892944 -0.07129427045583725
v 0.15542471408843994 -0.7302244305610657 -0.05283048748970032
v 0.14566083252429962 -0.7263193130493164 -0.056629978120326996
v 0.13604627549648285 -0.7298817038536072 -0.04798150807619095
v 0.14599129557609558 -0.7315084338188171 -0.04708157852292061
v 0.1306031495332718 -0.7379965782165527 -0.044642481952905655
v 0.08790726214647293 -0.6724660992622375 -0.17294009029865265
v 0.09606600552797318 -0.673600435256958 -0.17749962210655212
v 0.09503772109746933 -0.6635938286781311 -0.17458634078502655
v 0.0820990577340126 -0.67885822057724 -0.14520615339279175
v 0.08463961631059647 -0.6864306330680847 -0.1293872743844986
v 0.14033909142017365 -0.7048509120941162 -0.13618594408035278
v 0.13300547003746033 -0.6894322037696838 -0.1290343701839447
v 0.1331896334886551 -0.6960024237632751 -0.14809377491474152
v 0.12839041650295258 -0.671615719795227 -0.13442052900791168
v 0.1303502470254898 -0.681382417678833 -0.14479297399520874
v 0.12497276812791824 -0.6770297884941101 -0.12047500163316727
v -0.002510583261027932 0.3083193302154541 -0.12749694287776947
v -0.006773666478693485 0.25681647658348083 -0.1420777440071106
v 0.0932786613702774 -0.44666245579719543 -0.0583844818174839
v 0.10821815580129623 -0.4413927495479584 -0.055897943675518036
v 0.0976625606417656 -0.4295318126678467 -0.045669250190258026
v 0.06824303418397903 -0.007779083680361509 0.05622182413935661
v 0.08917004615068436 -0.02165890298783779 0.02313116565346718
v 0.08252589404582977 -0.19381138682365417 0.017962336540222168
v 0.07890912890434265 -0.2141357958316803 0.012903790920972824
v 0.08184786140918732 -0.08887552469968796 0.02969333529472351
v 0.07186364382505417 -0.26956838369369507 -0.0014404746470972896
v 0.09428233653306961 -0.40093034505844116 -0.027592573314905167
v 0.06769191473722458 -0.4202755391597748 -0.05322487652301788
v 0.09187356382608414 -0.36617252230644226 -0.019585875794291496
v 0.09474470466375351 -0.3061930239200592 -0.011134102009236813
v 0.07616996765136719 -0.34246525168418884 -0.019015034660696983
v 0.0842435285449028 -0.38383761048316956 -0.023416977375745773
v 0.08726640045642853 -0.11237148940563202 0.023548759520053864
v 0.09321562200784683 -0.1733309030532837 0.01862333156168461
v 0.06589636951684952 -0.07953042536973953 0.04546090215444565
v 0.09198521077632904 0.05335800349712372 0.04810311645269394
v 0.08535750210285187 -0.2561928629875183 0.0033077606931328773
v 0.08539140969514847 -0.23510241508483887 0.0077951690182089806
v 0.08635808527469635 -0.1543399542570114 0.023031458258628845
v 0.07536619156599045 -0.041114456951618195 0.03052789345383644
v 0.05872945114970207 -0.0636824518442154 0.048021670430898666
v 0.07343517988920212 -0.06224919855594635 0.03750535845756531
v 0.11664487421512604 0.0019835098646581173 0.003932456020265818
v 0.10158301889896393 -0.07812333106994629 0.016083974391222
v 0.12061446160078049 -0.2065834105014801 -0.006647175177931786
v 0.12652240693569183 -0.22283372282981873 -0.025798030197620392
v 0.11572560667991638 -0.2685823142528534 -0.014710154384374619
v 0.11158108711242676 -0.309402734041214 -0.023259339854121208
v 0.1097707748413086 -0.3649267256259918 -0.025610798969864845
v 0.12292219698429108 -0.3924947679042816 -0.04324707016348839
v 0.12486150860786438 -0.3802047073841095 -0.055073127150535583
v 0.10501863807439804 -0.41453638672828674 -0.036991506814956665
v 0.10482998192310333 -0.38270285725593567 -0.0237871240824461
v 0.12518945336341858 -0.0008296555024571717 -0.0158524289727211
v 0.11156388372182846 -0.3330833315849304 -0.02783980965614319
v 0.12452001124620438 0.06981416046619415 -0.006144040729850531
v 0.1270948052406311 -0.1775142252445221 -0.030066724866628647
v 0.1194337010383606 -0.07871587574481964 0.0005941553390584886
v 0.10460224747657776 -0.05646619200706482 0.013676399365067482
v 0.11468718945980072 -0.01108434610068798 -0.0038287132047116756
v 0.1220616027712822 -0.24663646519184113 -0.017820775508880615
v 0.12321151047945023 -0.289637953042984 -0.03250178322196007
v 0.10623056441545486 -0.11947210133075714 0.01253514364361763
v 0.11350169032812119 -0.02430235594511032 -0.010386180132627487
v 0.08916226774454117 -0.04462631791830063 0.0221107117831707
v 0.11651868373155594 -0.4270414412021637 -0.05286356434226036
v 0.08149633556604385 -0.4329029321670532 -0.05355202034115791
v 0.11498261243104935 0.083909772336483 0.017629044130444527
v 0.10526098310947418 0.07185395807027817 0.03661487251520157
v 0.11847454309463501 0.06421849876642227 0.016569940373301506
v 0.045052751898765564 -0.15096409618854523 0.03412473946809769
v 0.05383896827697754 -0.14303521811962128 0.03463461250066757
v 0.13086633384227753 -0.1068844199180603 -0.03426695615053177
v 0.12764564156532288 -0.12199874222278595 -0.01780601590871811
v -0.0007487991824746132 -0.16624408960342407 -0.050395745784044266
v 0.0792710930109024 -0.11572793126106262 -0.11306058615446091
v 0.001929545309394598 -0.1751517504453659 -0.02017040178179741
v 0.0013567042769864202 -0.17385336756706238 -0.025539278984069824
v 0.0017800939967855811 -0.17404763400554657 -0.037421561777591705
v 0.021345654502511024 -0.17154692113399506 0.01610364206135273
v 0.02703270874917507 -0.17187538743019104 0.020801596343517303
v 0.02468608319759369 -0.18183423578739166 0.01600773073732853
v 0.11656786501407623 -0.13704665005207062 -0.06368578225374222
v 0.06962341070175171 -0.15011565387248993 0.03144487738609314
v 0.007655436173081398 -0.17991364002227783 -0.004380460362881422
v 0.004244762007147074 -0.1751837134361267 -0.006915724370628595
v 0.044931430369615555 -0.1637377291917801 0.03251229599118233
v 0.0016830154927447438 -0.1744152456521988 -0.03094196878373623
v -0.0002191824169130996 -0.16840708255767822 -0.040921539068222046
v 0.05126822367310524 -0.12378259748220444 -0.13064922392368317
v 0.027304647490382195 -0.11702606827020645 -0.13479463756084442
v 0.10042427480220795 -0.13998930156230927 0.01726549118757248
v 0.15226595103740692 0.19659660756587982 -0.06728767603635788
v 0.08246518671512604 -0.16369961202144623 -0.09685789793729782
v 0.05483377352356911 0.03979168087244034 -0.1356818825006485
v 0.05098222941160202 -0.19170643389225006 -0.09639567136764526
v 0.07187026739120483 -0.29149529337882996 -0.11158856749534607
v 0.08632224798202515 -0.36156710982322693 -0.1147470474243164
v 0.09354545176029205 -0.3433172404766083 -0.10876220464706421
v 0.10211946815252304 -0.3941069543361664 -0.11964970082044601
v 0.12335758656263351 -0.5710826516151428 -0.15857350826263428
v 0.010968439280986786 -0.1704455465078354 0.015054000541567802
v 0.08365507423877716 -0.3258379399776459 -0.11061928421258926
v 0.12095225602388382 -0.4315522313117981 -0.12503190338611603
v 0.01166765671223402 -0.16930456459522247 0.02127332240343094
v 0.003453521989285946 -0.17043325304985046 0.02803453803062439
v 0.13370853662490845 0.2348185032606125 -0.09637557715177536
v 0.008633999153971672 -0.20326294004917145 -0.013893987983465195
v 0.00967919547110796 -0.19530078768730164 -0.006485890131443739
v 0.01599142886698246 -0.19602040946483612 0.002340401755645871
v 0.014372317120432854 -0.20803725719451904 -0.0061888019554317
v 0.012124491855502129 -0.21582242846488953 -0.015925580635666847
v 0.0070578535087406635 -0.2084769457578659 -0.022094396874308586
v 0.01586325652897358 -0.25586751103401184 -0.043749645352363586
v 0.018408242613077164 -0.24920780956745148 -0.03057761862874031
v 0.08267584443092346 -0.2496991902589798 -0.10456879436969757
v 0.12326698750257492 -0.4687903821468353 -0.1423707753419876
v 0.12722884118556976 -0.509791910648346 -0.14773063361644745
v 0.12049701809883118 -0.5326665043830872 -0.15525339543819427
v 0.005891226232051849 -0.18582561612129211 -0.009901083074510098
v 0.003517228877171874 -0.1824752688407898 -0.017974913120269775
v 0.011884369887411594 -0.1717003434896469 0.008262375369668007
v 0.15006254613399506 0.18720737099647522 -0.06298745423555374
v 0.029838262125849724 -0.3002147972583771 -0.047583043575286865
v 0.03212883323431015 -0.3252725601196289 -0.079828180372715
v 0.033137284219264984 -0.34336575865745544 -0.08169576525688171
v 0.03707585483789444 -0.37660250067710876 -0.09017524123191833
v 0.05032902956008911 -0.3879936933517456 -0.10378554463386536
v 0.04855944961309433 -0.4039405882358551 -0.10105831176042557
v 0.05751298740506172 -0.46827417612075806 -0.13598203659057617
v 0.05507383868098259 -0.48842477798461914 -0.1363743394613266
v 0.06095283105969429 -0.5448750853538513 -0.12905938923358917
v 0.0764724463224411 -0.5886015295982361 -0.154277503490448
v 0.10100444406270981 0.24659503996372223 -0.12846289575099945
v 0.15107481181621552 0.1849476397037506 -0.049394071102142334
v 0.1606322079896927 0.17959146201610565 -0.01883537881076336
v 0.16321565210819244 0.20258429646492004 -0.010451164096593857
v 0.1579931229352951 0.23996621370315552 -0.04983355477452278
v 0.039896611124277115 0.10294990241527557 -0.1439499408006668
v 0.05971110612154007 -0.01998734474182129 -0.14010870456695557
v 0.08652473986148834 0.0140090212225914 -0.12959323823451996
v 0.10267531126737595 0.15598498284816742 -0.12339536845684052
v 0.15454553067684174 0.16540098190307617 -0.0013296918477863073
v 0.1597575694322586 0.1769637167453766 0.019604448229074478
v 0.1603139340877533 0.1875903606414795 0.030242862179875374
v 0.1527395248413086 0.1684013307094574 -0.013940341770648956
v 0.06441377103328705 -0.13397642970085144 -0.11695371568202972
v 0.09106933325529099 -0.0637492686510086 -0.12681527435779572
v 0.07093776762485504 -0.052732761949300766 -0.14327065646648407
v 0.022245323285460472 -0.28337523341178894 -0.05561322718858719
v 0.02066151238977909 -0.27096226811408997 -0.04502598196268082
v 0.008329374715685844 -0.2239709198474884 -0.03487538918852806
v 0.008980385027825832 -0.23085393011569977 -0.04388131946325302
v 0.010054989717900753 -0.23634177446365356 -0.05638726055622101
v 0.0793660581111908 -0.2246658056974411 -0.10196760296821594
v 0.06496677547693253 -0.26371216773986816 -0.10919584333896637
v 0.11487645655870438 -0.48937931656837463 -0.15313507616519928
v 0.05310513824224472 -0.5051152110099792 -0.12454450875520706
v 0.05499785393476486 -0.4471040964126587 -0.12250172346830368
v 0.1074267104268074 -0.5432061553001404 -0.1614658087491989
v 0.06774275004863739 -0.5493474006652832 -0.14440034329891205
v 0.015262376517057419 -0.16974273324012756 0.0120256207883358
v 0.06988903135061264 -0.10411147773265839 -0.12951819598674774
v 0.07326963543891907 0.0042947265319526196 -0.13185594975948334
v 0.08582141250371933 -0.024351246654987335 -0.13192567229270935
v 0.11438736319541931 -0.6012758016586304 -0.16517898440361023
v 0.10877097398042679 -0.6428129076957703 -0.1675533950328827
v 0.0804557204246521 -0.6522361636161804 -0.1504591703414917
v 0.1167118027806282 -0.618787944316864 -0.16348333656787872
v 0.073893703520298 -0.6082528829574585 -0.1499902456998825
v 0.11818049848079681 -0.7242264747619629 -0.18897484242916107
v 0.1157500147819519 -0.711715042591095 -0.18631823360919952
v 0.08560658991336823 -0.71833336353302 -0.15442509949207306
v 0.08453820645809174 -0.7034934759140015 -0.15501640737056732
v 0.0960807129740715 -0.7379453778266907 -0.14965572953224182
v 0.08415111154317856 -0.6890426278114319 -0.15914201736450195
v 0.10156278312206268 -0.7355382442474365 -0.18847794830799103
v 0.10987413674592972 -0.7378877401351929 -0.17911870777606964
v 0.08424932509660721 -0.6759425401687622 -0.16187134385108948
v 0.012368058785796165 -0.17892596125602722 0.0034427298232913017
v 0.017571555450558662 -0.1758759766817093 0.011141839437186718
v 0.06040539965033531 0.24581478536128998 0.03497407212853432
v 0.09470567107200623 0.29361793398857117 -0.07141003012657166
v 0.09960053861141205 0.29261714220046997 -0.09088754653930664
v 0.03837900608778 -0.012654640711843967 0.08106482028961182
v 0.07792647182941437 0.06051018461585045 0.06640736013650894
v 0.07162511348724365 0.12029831856489182 0.07432587444782257
v 0.0841996893286705 0.11844297498464584 0.0658891499042511
v 0.05254831910133362 -0.027977339923381805 0.06342417001724243
v 0.02781461551785469 -0.10670263320207596 0.062325749546289444
v 0.06071917340159416 0.2621157467365265 0.012065863236784935
v 0.05114451423287392 0.1395237147808075 0.07912727445363998
v 0.036985017359256744 -0.1246790811419487 0.051803380250930786
v 0.07631175220012665 0.28548672795295715 -0.042119257152080536
v 0.022510649636387825 -0.08736397325992584 0.0634467676281929
v 0.07065630704164505 0.2781820297241211 -0.021494148299098015
v 0.08244021981954575 0.0298349279910326 0.05826106294989586
v 0.0589001439511776 0.09125883877277374 0.08513127267360687
v 0.01812521182000637 0.25003713369369507 -0.1432027518749237
v 0.10773001611232758 0.27969440817832947 -0.10514527559280396
v 0.06473991274833679 0.10523170232772827 0.08045601844787598
v 0.05257894843816757 -0.039310965687036514 0.05142573267221451
v 0.06267217546701431 -0.02545752190053463 0.053334299474954605
v 0.11500220745801926 0.2843858599662781 -0.09078024327754974
v 0.056931350380182266 0.20185936987400055 0.06957217305898666
v 0.07427236437797546 0.1798919141292572 0.07560217380523682
v 0.06310165673494339 0.1735021471977234 0.08066408336162567
v 0.014196178875863552 -0.15608751773834229 0.04312140867114067
v 0.05055508017539978 -0.053038258105516434 0.0504206120967865
v 0.040903620421886444 -0.04669833928346634 0.05601131543517113
v 0.02648540586233139 -0.07048297673463821 0.06245892122387886
v 0.001994937192648649 -0.12552601099014282 -0.12426958233118057
v 0.03741442412137985 0.4082343578338623 -0.006699677556753159
v 0.04260558634996414 0.4165130853652954 -0.02322191372513771
v 0.04338216036558151 0.42658761143684387 -0.033775173127651215
v 0.04468458890914917 0.43079692125320435 -0.04766551032662392
v 0.04449872672557831 0.4341699779033661 -0.059573180973529816
v 0.049208275973796844 0.4079173803329468 -0.058802057057619095
v 0.044626787304878235 0.39625105261802673 -0.049120742827653885
v 0.04590398073196411 0.4035688638687134 -0.05308347940444946
v 0.044073447585105896 0.3991117775440216 -0.056298404932022095
v 0.04646531865000725 0.4071083068847656 -0.05551542714238167
v 0.04517162963747978 0.40454789996147156 -0.04446425288915634
v 0.045186128467321396 0.4012201726436615 -0.05848172679543495
v 0.04406867176294327 0.37121421098709106 -0.050277646631002426
v 0.05424465239048004 0.3723939061164856 -0.05482926219701767
v 0.04925566539168358 0.3720046281814575 -0.05194254219532013
v 0.05524492263793945 0.3756600618362427 -0.0525420680642128
v 0.05217178165912628 0.38017284870147705 -0.055052272975444794
v 0.04739800840616226 0.38131222128868103 -0.048466380685567856
v 0.07109244167804718 0.2532225549221039 0.026501338928937912
v 0.09313634037971497 0.2381301373243332 0.028176192194223404
v 0.08400208503007889 0.24542336165905 0.03159436583518982
v 0.09996946156024933 0.11218846589326859 0.0468912310898304
v 0.08447316288948059 0.15385963022708893 0.07361661642789841
v 0.07773035764694214 0.15922453999519348 0.07758168876171112
v 0.08011484891176224 0.13204818964004517 0.0682801678776741
v 0.07499802857637405 0.14692287147045135 0.07519135624170303
v 0.10557358711957932 0.22363518178462982 0.022337110713124275
v 0.10293062031269073 0.2299928069114685 0.022326016798615456
v 0.09868910908699036 0.23450130224227905 0.02487824484705925
v 0.14494375884532928 0.18004874885082245 -0.04731134697794914
v 0.144867941737175 0.17515414953231812 -0.043426334857940674
v 0.1428583562374115 0.18566730618476868 -0.04572627693414688
v 0.028574299067258835 0.22938944399356842 0.049238186329603195
v 0.09986269474029541 0.13423272967338562 0.05341780558228493
v 0.09602304548025131 0.28984421491622925 -0.051960743963718414
v 0.14533133804798126 0.18504808843135834 -0.04959544911980629
v 0.10924597829580307 0.2876025438308716 -0.030108004808425903
v 0.11795748770236969 0.19600051641464233 0.01600639708340168
v 0.12445122748613358 0.2001720368862152 -0.001158258062787354
v 0.11031819134950638 0.2181347757577896 0.018561476841568947
v 0.10949474573135376 0.22469879686832428 0.015775348991155624
v 0.14309266209602356 0.17647992074489594 -0.0380721278488636
v 0.1406567096710205 0.1781766563653946 -0.030552135780453682
v 0.13914886116981506 0.18613214790821075 -0.03707265853881836
v 0.10006719082593918 0.16313515603542328 0.06171990558505058
v 0.10105357319116592 0.1533939093351364 0.061752889305353165
v 0.0991135910153389 0.09746445715427399 0.05082811415195465
v 0.10171511769294739 0.14801965653896332 0.05813712999224663
v 0.10484031587839127 0.14179988205432892 0.05249892920255661
v 0.10789491981267929 0.1495480239391327 0.05141276866197586
v 0.11597106605768204 0.13224931061267853 0.032381363213062286
v 0.11420116573572159 0.12004081904888153 0.025440717115998268
v 0.1329163908958435 0.19197654724121094 -0.02259206771850586
v 0.13575567305088043 0.18703773617744446 -0.025263525545597076
v 0.14616823196411133 0.2644660174846649 -0.06637706607580185
v 0.15078236162662506 0.24484577775001526 -0.06672728806734085
v 0.1083236038684845 0.29170265793800354 -0.07629813253879547
v 0.11960648745298386 0.2788607180118561 -0.012534203007817268
v 0.08583143353462219 0.27611616253852844 -0.010398032143712044
v 0.09558963775634766 0.2704504132270813 0.0021147988736629486
v 0.10343792289495468 0.2583865523338318 0.01225320529192686
v 0.036038950085639954 0.21371902525424957 0.06323514878749847
v 0.060156889259815216 0.2154555469751358 0.059269942343235016
v 0.08518223464488983 0.21144455671310425 0.049904126673936844
v 0.09831753373146057 0.1988607794046402 0.04262208938598633
v 0.09606412053108215 0.21138988435268402 0.03783722594380379
v 0.10329019278287888 0.1971600502729416 0.03657594695687294
v 0.10080850124359131 0.2049037367105484 0.035725921392440796
v 0.10688409209251404 0.18959207832813263 0.035416074097156525
v 0.11061485856771469 0.1922067105770111 0.02824617736041546
v 0.1127459928393364 0.1834666132926941 0.02862345427274704
v 0.1172047108411789 0.17692963778972626 0.023309674113988876
v 0.12170751392841339 0.17331577837467194 0.014866250567138195
v 0.1260034143924713 0.16968020796775818 0.0067468248307704926
v 0.12806172668933868 0.16004672646522522 0.010033048689365387
v 0.12799273431301117 0.19559279084205627 -0.00759912608191371
v 0.13122239708900452 0.19226375222206116 -0.014603149145841599
v 0.11253392696380615 0.102976493537426 0.02013586089015007
v 0.13898266851902008 0.25255733728408813 -0.08591949939727783
v 0.1532118022441864 0.2609606683254242 -0.04875050485134125
v 0.11981560289859772 0.23376911878585815 -0.11360591650009155
v 0.13025952875614166 0.16886764764785767 -0.0019564982503652573
v 0.13002774119377136 0.16135358810424805 0.0027873478829860687
v 0.1333949714899063 0.15995605289936066 -0.004711327608674765
v 0.13699272274971008 0.15983286499977112 -0.012417715974152088
v 0.14298218488693237 0.14672745764255524 -0.02069876156747341
v 0.1393013894557953 0.15138062834739685 -0.013874635100364685
v 0.14500409364700317 0.15380199253559113 -0.02963809296488762
v 0.14741216599941254 0.15294410288333893 -0.04029393196105957
v 0.14513817429542542 0.15598683059215546 -0.0759800374507904
v 0.13267363607883453 0.1640935093164444 -0.09686003625392914
v 0.11059098690748215 0.19260072708129883 -0.12315894663333893
v 0.13369835913181305 0.27399465441703796 -0.07976372539997101
v 0.08369926363229752 0.17814843356609344 0.07221633195877075
v 0.09555422514677048 0.1767876297235489 0.061922378838062286
v 0.08873659372329712 0.18151821196079254 0.06624994426965714
v 0.09794920682907104 0.18178275227546692 0.05496352165937424
v 0.09302642941474915 0.18431583046913147 0.060092274099588394
v 0.09595183283090591 0.1759050041437149 0.06174366548657417
v 0.09589503705501556 0.1628679633140564 0.06656303256750107
v 0.08545757830142975 0.17076624929904938 0.07359637320041656
v 0.08582919090986252 0.16229771077632904 0.07504972070455551
v 0.007756922394037247 0.22454766929149628 0.04458482563495636
v -0.002695665694773197 0.20954780280590057 0.0520283542573452
v 0.14235197007656097 0.17365682125091553 -0.08271502703428268
v 0.11971741914749146 0.172781303524971 -0.11172577738761902
v 0.07249633967876434 0.2228938192129135 0.04955925792455673
v 0.08600392192602158 0.2337477207183838 0.036351528018713
v 0.09020553529262543 0.22541089355945587 0.03635547310113907
v 0.08999130129814148 0.21222177147865295 0.04442663490772247
v 0.09459096193313599 0.2056179940700531 0.043318938463926315
v 0.08946526050567627 0.20479899644851685 0.050319865345954895
v 0.09651730209589005 0.19360536336898804 0.04880494624376297
v 0.09431761503219604 0.18961229920387268 0.054470982402563095
v 0.0897633507847786 0.26352381706237793 0.012872104533016682
v 0.07414314150810242 0.23550216853618622 0.040956441313028336
v 0.07650681585073471 0.2112663984298706 0.05544640123844147
v 0.08413872122764587 0.20304816961288452 0.0563005656003952
v 0.08150433748960495 0.19557930529117584 0.06288105249404907
v 0.09106318652629852 0.07985173165798187 0.055078305304050446
v 0.006851010490208864 -0.002170013030990958 0.08601696044206619
v 0.0009516302961856127 -0.028528772294521332 0.07946180552244186
v -0.0034842018503695726 0.23875778913497925 0.030763940885663033
v 0.01262231171131134 0.11434464156627655 -0.14217248558998108
v 0.029736090451478958 0.22660620510578156 -0.14444167912006378
v 0.010234683752059937 -0.023107117041945457 -0.14361810684204102
v 0.0132687296718359 -0.04899948090314865 0.06769897788763046
v 0.012869729660451412 0.1577913612127304 -0.14485286176204681
v 0.0029105530120432377 -0.15669472515583038 0.04903406649827957
v 0.020329050719738007 0.026333658024668694 0.09344557672739029
v 0.0067502097226679325 -0.11247704923152924 0.0663658007979393
v 0.010135159827768803 -0.07441708445549011 -0.14900118112564087
v 0.016670310869812965 0.09476878494024277 0.09229791909456253
v -0.03700478747487068 0.43356001377105713 0.013781478628516197
v -0.04975808039307594 0.4052378535270691 0.0014330454869195819
v -0.016862256452441216 0.3788047134876251 0.027313541620969772
v -0.016635024920105934 0.3835104703903198 0.0316140353679657
v -0.016997428610920906 0.3888741135597229 0.03412642329931259
v -0.03515023738145828 0.3652842342853546 0.018155476078391075
v -0.04131189361214638 0.3436524271965027 0.019267359748482704
v -0.022824324667453766 0.3276437222957611 0.03378818556666374
v -0.03347651660442352 0.35471323132514954 0.02196444571018219
v -0.044003307819366455 0.356991708278656 0.01303200051188469
v -0.025836555287241936 0.3145209550857544 0.03395802900195122
v -0.03752938657999039 0.4098423421382904 0.010614723898470402
v -0.03382149338722229 0.41593506932258606 0.014275927096605301
v -0.03653372824192047 0.4475186765193939 0.008759675547480583
v -0.05596774443984032 0.43185341358184814 -0.01075893733650446
v -0.0538347102701664 0.34928491711616516 0.003351392224431038
v -0.05989789590239525 0.34156182408332825 -0.013752869330346584
v -0.059568852186203 0.33928558230400085 -0.031359974294900894
v -0.04815936088562012 0.31771886348724365 -0.03359794244170189
v -0.05883357673883438 0.4022398293018341 -0.009418154135346413
v -0.05351802334189415 0.4503312408924103 -0.017070000991225243
v -0.061601899564266205 0.4478844702243805 -0.05069322511553764
v -0.05777015909552574 0.33857813477516174 -0.04875783994793892
v -0.059760019183158875 0.34854161739349365 -0.041036415845155716
v -0.05443061888217926 0.4622754156589508 -0.05985032394528389
v -0.06061170995235443 0.42249685525894165 -0.08096045255661011
v -0.05581260845065117 0.43310368061065674 -0.09065572917461395
v -0.043582484126091 0.41175317764282227 0.007567140273749828
v -0.06461558490991592 0.43519750237464905 -0.048007525503635406
v -0.062480729073286057 0.4155234396457672 -0.07395471632480621
v -0.055155642330646515 0.35794270038604736 -0.06901349127292633
v -0.04927058517932892 0.3276289701461792 -0.08763166517019272
v -0.0287930965423584 0.29710158705711365 -0.020970772951841354
v -0.045397188514471054 0.36915352940559387 -0.09292592108249664
v -0.05476368963718414 0.3708481192588806 -0.07761592417955399
v -0.041729189455509186 0.34110188484191895 -0.09356021136045456
v -0.01880590058863163 0.39288341999053955 0.027466271072626114
v -0.021623807027935982 0.42692890763282776 0.020191846415400505
v -0.03821263834834099 0.40397676825523376 0.010349340736865997
v -0.0652884840965271 0.4017941951751709 -0.02429940551519394
v -0.04043370112776756 0.4707074761390686 -0.022621050477027893
v -0.031206781044602394 0.4377993047237396 -0.11426128447055817
v -0.02685573138296604 0.33707547187805176 -0.10402116179466248
v -0.03919566422700882 0.46133092045783997 -0.004008666146546602
v -0.04759492725133896 0.4441482126712799 -0.0007717958651483059
v -0.04750170186161995 0.3742065727710724 0.009429262019693851
v -0.061093155294656754 0.3557746708393097 -0.013184103183448315
v -0.061978667974472046 0.4366936981678009 -0.031211907044053078
v -0.055406730622053146 0.4574422836303711 -0.03633466362953186
v -0.04108510538935661 0.47553882002830505 -0.04660796374082565
v -0.06239258497953415 0.44343188405036926 -0.06487654894590378
v -0.05654419958591461 0.4519065022468567 -0.07846186310052872
v -0.06500445306301117 0.4321269989013672 -0.06146088242530823
v -0.041910603642463684 0.47239378094673157 -0.07620439678430557
v -0.03319739177823067 0.31059974431991577 0.022898878902196884
v -0.0260916780680418 0.30427324771881104 -0.011746297590434551
v -0.026865046471357346 0.363005667924881 0.02559565007686615
v -0.053721364587545395 0.3271840810775757 -0.023966798558831215
v -0.05125106871128082 0.3366475999355316 -0.07872187346220016
v -0.031244449317455292 0.3554227352142334 -0.10225863754749298
v -0.02005523443222046 0.3534880578517914 0.02829701267182827
v -0.012816201895475388 0.384602814912796 0.03601221367716789
v -0.009964996948838234 0.39009618759155273 0.040836136788129807
v -0.025486057624220848 0.44478195905685425 0.01517235767096281
v -0.015566623769700527 0.43701186776161194 0.019199244678020477
v -0.04989734664559364 0.41756322979927063 0.0029853940941393375
v -0.04720621556043625 0.43096715211868286 0.005019116215407848
v -0.041963737457990646 0.42118650674819946 0.012282188050448895
v -0.030705777928233147 0.42502784729003906 0.018129974603652954
v -0.016222190111875534 0.41509807109832764 0.014028823934495449
v -0.03762603923678398 0.38011327385902405 0.016318077221512794
v -0.05937676131725311 0.37850773334503174 -0.0702984407544136
v -0.05804700776934624 0.36914634704589844 -0.06504983454942703
v -0.06571318954229355 0.41743698716163635 -0.06174852326512337
v -0.06716754287481308 0.41205859184265137 -0.05088203027844429
v -0.06394673138856888 0.4243638217449188 -0.04013397917151451
v -0.0647553950548172 0.3665964603424072 -0.021856553852558136
v -0.0597044862806797 0.35908839106559753 -0.04691038653254509
v -0.06476491689682007 0.4110625684261322 -0.03852737322449684
v -0.061755094677209854 0.43419212102890015 -0.07527069747447968
v -0.04783565178513527 0.44940638542175293 -0.09666461497545242
v -0.06403913348913193 0.42383018136024475 -0.06988449394702911
v -0.013528567738831043 0.4508073329925537 -0.11291828006505966
v -0.05611500144004822 0.41517317295074463 -0.0910765752196312
v -0.06010514870285988 0.407315731048584 -0.07979849725961685
v -0.04562532529234886 0.4256111979484558 -0.10676868259906769
v -0.043307267129421234 0.3882335126399994 -0.10390947014093399
v -0.05323400720953941 0.3839980661869049 -0.08829055726528168
v -0.058730173856019974 0.3854130804538727 -0.07730374485254288
v -0.06535891443490982 0.3686809837818146 -0.03948300704360008
v -0.0620330311357975 0.3585242033004761 -0.03885946050286293
v -0.06717590242624283 0.3856557607650757 -0.02866484597325325
v -0.050610799342393875 0.3332286477088928 0.012171478942036629
v -0.04904087260365486 0.3209685683250427 0.0013292258372530341
v -0.02401902712881565 0.30452266335487366 0.01469524297863245
v -0.012173524126410484 0.4090254306793213 0.026317810639739037
v -0.06600810587406158 0.374374657869339 -0.03062025085091591
v -0.013057046569883823 0.4138921797275543 0.01996268704533577
v -0.023267550393939018 0.4841133654117584 -0.03503172844648361
v -0.021672772243618965 0.4800476133823395 -0.08612973242998123
v -0.020337266847491264 0.37246406078338623 0.02597953751683235
v -0.014775291085243225 0.40203893184661865 0.029355857521295547
v -0.013600163161754608 0.3966504633426666 0.035385776311159134
v -0.021422483026981354 0.4138096570968628 0.012303244322538376
v -0.02668742649257183 0.4343128502368927 0.01837344840168953
v -0.03070603683590889 0.37401339411735535 -0.10830164700746536
v -0.03249569237232208 0.31955769658088684 -0.1103563979268074
v -0.015954678878188133 0.3642807602882385 0.032020680606365204
v -0.01133241131901741 0.38078317046165466 0.029667537659406662
v -0.02319454587996006 0.41992074251174927 0.016130512580275536
v -0.016962576657533646 0.40412282943725586 0.021031273528933525
v -0.00737182330340147 0.3761126697063446 0.032444607466459274
v -0.026838432997465134 0.3764423727989197 0.02059740200638771
v -0.02897067926824093 0.3866337239742279 0.018734317272901535
v -0.048064228147268295 0.393968790769577 0.007197234313935041
v -0.05646735057234764 0.32917505502700806 -0.009468045085668564
v -0.04835863783955574 0.301944762468338 -0.03767162933945656
v -0.04834815487265587 0.3532191514968872 -0.08293621242046356
v -0.02005579136312008 0.476480633020401 -0.009976734407246113
v -0.04647985100746155 0.40679487586021423 -0.10449186712503433
v -0.054905056953430176 0.39942407608032227 -0.09050434082746506
v -0.03125902637839317 0.4633275270462036 -0.10003998130559921
v -0.017589623108506203 0.3028857707977295 -0.003045899560675025
v -0.05402471870183945 0.31603071093559265 -0.051064759492874146
v -0.05657452344894409 0.3882967531681061 -0.0016959492349997163
v -0.05692913010716438 0.36729004979133606 -0.0029354130383580923
v -0.03980154171586037 0.4077952206134796 0.008195242844522
v -0.059659820050001144 0.39553651213645935 -0.07901231199502945
v -0.015852248296141624 0.40980812907218933 0.015710623934864998
v -0.028125455603003502 0.4054749608039856 -0.11771538853645325
v -0.06437809020280838 0.3634328842163086 -0.0334298238158226
v -0.04385124891996384 0.3248058557510376 0.020474471151828766
v -0.06250391900539398 0.35296908020973206 -0.02740345522761345
v -0.05647559463977814 0.3365350067615509 0.00015380189870484173
v -0.05448320508003235 0.32528239488601685 -0.041355762630701065
v -0.03032364882528782 0.3079809546470642 0.0031301784329116344
v -0.021231697872281075 0.38492780923843384 0.02554607205092907
v -0.03031218610703945 0.4036532938480377 0.013146931305527687
v -0.008135729469358921 0.38012927770614624 0.034076958894729614
v -0.02347196638584137 0.3957374691963196 0.018644997850060463
v -0.06409287452697754 0.3816260099411011 -0.016798101365566254
v -0.019302016124129295 0.4110124707221985 0.011625750921666622
v -0.03834788501262665 0.3945211172103882 0.012898105196654797
v -0.020494533702731133 0.4070255756378174 0.013325865380465984
v -0.023172397166490555 0.40375375747680664 0.014240888878703117
v -0.06645604223012924 0.4095124900341034 -0.047537412494421005
v -0.06896457076072693 0.4106508493423462 -0.05227203667163849
v -0.06826940923929214 0.41323575377464294 -0.053460702300071716
v -0.06554188579320908 0.41586217284202576 -0.04620370641350746
v -0.07419096678495407 0.4138287603855133 -0.06177004426717758
v -0.07572281360626221 0.4110320508480072 -0.06501749902963638
v -0.06686719506978989 0.37634140253067017 -0.04058181494474411
v -0.0732329711318016 0.40834933519363403 -0.06757233291864395
v -0.07618065923452377 0.4039326012134552 -0.06679310649633408
v -0.07594991475343704 0.3920965790748596 -0.06583575904369354
v -0.06904251873493195 0.39065271615982056 -0.06483680009841919
v -0.07552095502614975 0.3842291831970215 -0.06223399192094803
v -0.0733693465590477 0.4136020839214325 -0.06616520881652832
v -0.06671397387981415 0.41367948055267334 -0.06277041882276535
v -0.07140327244997025 0.4161016643047333 -0.061994194984436035
v -0.06867918372154236 0.41449597477912903 -0.055580466985702515
v -0.0662531778216362 0.40259119868278503 -0.04477767273783684
v -0.06630987673997879 0.3919221758842468 -0.04467211291193962
v -0.06633387506008148 0.3869476616382599 -0.04845067486166954
v -0.06372351944446564 0.38928961753845215 -0.05176028981804848
v -0.06446070969104767 0.38560524582862854 -0.05164693295955658
v -0.0665011927485466 0.3847863972187042 -0.03980109468102455
v -0.06303425878286362 0.36549174785614014 -0.0425666868686676
v -0.06423106789588928 0.3802770674228668 -0.058098744601011276
v -0.06022702530026436 0.3766237199306488 -0.06091274693608284
v -0.0747700184583664 0.3797872066497803 -0.060056816786527634
v -0.06994377076625824 0.36816170811653137 -0.04576735198497772
v -0.06909733265638351 0.40599367022514343 -0.0657263994216919
v -0.06955694407224655 0.41101470589637756 -0.06598208844661713
v -0.07254241406917572 0.4030390679836273 -0.06714573502540588
v -0.07214885950088501 0.3978195786476135 -0.06682637333869934
v -0.06856881827116013 0.400800883769989 -0.06537582725286484
v -0.06346070021390915 0.3761325776576996 -0.05413076654076576
v -0.0716724768280983 0.3734627664089203 -0.054567545652389526
v -0.06733877211809158 0.3718314468860626 -0.050547774881124496
v -0.07019439339637756 0.3816613554954529 -0.06100039929151535
v -0.07047803699970245 0.38605332374572754 -0.06366497278213501
v -0.0696512833237648 0.3773062825202942 -0.05780839920043945
v -0.06437944620847702 0.3932752013206482 -0.06449709832668304
v -0.06486788392066956 0.38881686329841614 -0.06292174756526947
v -0.06548024713993073 0.3846018612384796 -0.060658715665340424
v -0.07521206140518188 0.37735095620155334 -0.05613674968481064
v -0.07243244349956512 0.3927452564239502 -0.06663395464420319
v -0.06840376555919647 0.3954969346523285 -0.06520405411720276
v -0.07450377941131592 0.3833952248096466 -0.05738997459411621
v -0.07157731801271439 0.37522751092910767 -0.046053383499383926
v -0.06894711405038834 0.37107977271080017 -0.04231898859143257
v -0.07233702391386032 0.38044121861457825 -0.05160373076796532
v -0.06891713291406631 0.3850572109222412 -0.054300591349601746
v -0.06657537072896957 0.38970810174942017 -0.05816493555903435
v -0.06672452390193939 0.383830726146698 -0.05031168460845947
v -0.07485423237085342 0.38808801770210266 -0.06541987508535385
v -0.07587320357561111 0.39602622389793396 -0.06653187423944473
v -0.0763956606388092 0.4074888527393341 -0.0666559636592865
v -0.07472503185272217 0.40065014362335205 -0.06286556273698807
v -0.07439388334751129 0.40701571106910706 -0.06326190382242203
v -0.06654848903417587 0.4030129909515381 -0.05641333758831024
v -0.015133844688534737 0.2949623763561249 -0.019172949716448784
v -0.07061289250850677 0.40378621220588684 -0.059401582926511765
v -0.07133437693119049 0.41057467460632324 -0.05980202555656433
v -0.06944781541824341 0.41102781891822815 -0.05588981509208679
v -0.0759698748588562 0.39995840191841125 -0.06697949767112732
v -0.07503695785999298 0.39475134015083313 -0.062238018959760666
v -0.06684304773807526 0.39595311880111694 -0.036111559718847275
v -0.07194608449935913 0.3884038031101227 -0.0583210326731205
v -0.06560252606868744 0.394700825214386 -0.05057629570364952
v -0.06395324319601059 0.392234206199646 -0.054216012358665466
v -0.056050751358270645 0.306860089302063 -0.05240015313029289
v -0.0679176077246666 0.2843569815158844 -0.016751987859606743
v -0.06321769952774048 0.26979973912239075 0.005213921889662743
v -0.05736599490046501 0.23341473937034607 0.04289238154888153
v -0.09808570146560669 0.2590447962284088 0.02146492339670658
v -0.07321711629629135 0.3023727834224701 -0.06105106696486473
v -0.10802370309829712 0.17690600454807281 0.0495130717754364
v -0.11192268133163452 0.17835481464862823 0.043753158301115036
v -0.10584216564893723 0.08905355632305145 0.04104303941130638
v -0.1286068558692932 0.09871118515729904 -0.020959828048944473
v -0.11874807626008987 0.20923185348510742 0.06726393848657608
v -0.11356469988822937 0.20581407845020294 0.06118777021765709
v -0.13266479969024658 0.02913600765168667 -0.06331002712249756
v -0.09569673240184784 0.2371719479560852 0.03431600704789162
v -0.15004847943782806 0.1588239222764969 -0.022457562386989594
v -0.14759178459644318 0.16099987924098969 -0.014461272396147251
v -0.14686545729637146 0.14983470737934113 -0.016225555911660194
v -0.13885660469532013 0.11872439086437225 -0.026500284671783447
v -0.08500871062278748 0.24498815834522247 0.031562160700559616
v -0.1235521137714386 0.02327159233391285 0.005761020816862583
v -0.07862253487110138 0.12416063994169235 0.06973949074745178
v -0.06866556406021118 0.2608722150325775 0.0175910796970129
v -0.08957070112228394 0.16530245542526245 0.07204309850931168
v -0.10769659280776978 0.2420942485332489 0.017776457592844963
v -0.11186975985765457 0.23712757229804993 0.012955348938703537
v -0.10852495580911636 0.24234166741371155 0.01414740364998579
v -0.10471843183040619 0.25013574957847595 0.01673567108809948
v -0.13452789187431335 0.008591588586568832 -0.04982864484190941
v -0.14144596457481384 0.21317803859710693 -0.03430965915322304
v -0.08414352685213089 0.14160454273223877 0.07072459161281586
v -0.04528922960162163 0.1668381541967392 0.08374243229627609
v -0.050640400499105453 0.25575923919677734 0.019467350095510483
v -0.032037802040576935 0.26712095737457275 0.0013743574963882565
v -0.05115378648042679 0.29463523626327515 -0.03537192940711975
v -0.09462235122919083 0.1433536559343338 0.06368301808834076
v -0.10222698003053665 0.23963864147663116 0.02883794531226158
v -0.10554694384336472 0.23318183422088623 0.02828679047524929
v -0.12039387226104736 -0.00030422411509789526 0.002016535261645913
v -0.08859020471572876 0.30627650022506714 -0.057187631726264954
v -0.162898451089859 0.20056648552417755 -0.05144063010811806
v -0.13493172824382782 0.11806147545576096 -0.07860647141933441
v -0.08322078734636307 0.2445826530456543 -0.13906675577163696
v -0.15308597683906555 0.15161381661891937 -0.04099589213728905
v -0.1613558679819107 0.19491364061832428 -0.04227641597390175
v -0.15695920586585999 0.18955044448375702 -0.039281535893678665
v -0.09107309579849243 0.3084760010242462 -0.08487391471862793
v -0.027244526892900467 0.14052219688892365 -0.14656932651996613
v -0.16022366285324097 0.1971745640039444 -0.05622747540473938
v -0.15083275735378265 0.16095498204231262 -0.07407009601593018
v -0.12003126740455627 0.23041749000549316 -0.011170881800353527
v -0.12440277636051178 0.22637419402599335 -0.015543692745268345
v -0.12262845784425735 0.23304538428783417 -0.017335662618279457
v -0.1218247264623642 0.19789355993270874 0.0015791262267157435
v -0.126444011926651 0.19977201521396637 -0.00608144560828805
v -0.12108121812343597 0.207161545753479 -0.0021848788019269705
v -0.14686886966228485 0.19182920455932617 -0.02876075729727745
v -0.1531531661748886 0.1888750046491623 -0.031742654740810394
v -0.14945250749588013 0.1853686273097992 -0.024715332314372063
v -0.12717069685459137 0.21153558790683746 0.07175393402576447
v -0.13700465857982635 0.21506530046463013 0.06952463090419769
v -0.14034637808799744 0.1711675226688385 -0.002167433500289917
v -0.14839579164981842 0.16889527440071106 -0.006135651841759682
v -0.13702556490898132 0.16669073700904846 0.005669016391038895
v -0.11285359412431717 0.029901152476668358 -0.10843534022569656
v -0.0629875659942627 0.31275784969329834 -0.10208319127559662
v -0.04095028340816498 0.30583655834198 -0.11966593563556671
v -0.05731269717216492 0.31708794832229614 -0.09138435870409012
v -0.06307057291269302 0.3060595393180847 -0.0612124465405941
v -0.05795503035187721 0.3029121458530426 -0.11695356667041779
v -0.014128206297755241 0.32383596897125244 -0.11492732167243958
v -0.027771810069680214 -0.1529485285282135 -0.10352405905723572
v -0.03277365118265152 -0.037532366812229156 -0.1513553261756897
v -0.13058708608150482 -0.18542134761810303 -0.042735081166028976
v -0.1200723648071289 -0.18070685863494873 -0.07071045786142349
v -0.0804361030459404 -0.015644406899809837 0.04327074810862541
v -0.024230463430285454 -0.02962608076632023 0.081716388463974
v -0.1251058578491211 -0.08199573308229446 -0.005469102878123522
v -0.01701468974351883 -0.1587834507226944 -0.08886578679084778
v -0.1296418458223343 -0.19566099345684052 -0.020084472373127937
v -0.10544188320636749 -0.21252505481243134 0.006662247236818075
v -0.025650305673480034 -0.16041989624500275 0.02051808498799801
v -0.028097566217184067 -0.1497582346200943 0.03266473114490509
v -0.02175172045826912 -0.15690043568611145 0.028872815892100334
v -0.08352009952068329 0.0017657963326200843 -0.128341406583786
v -0.05778724327683449 0.20598860085010529 -0.14392957091331482
v -0.03745365887880325 -0.20031152665615082 -0.09232177585363388
v -0.09750440716743469 -0.20026959478855133 -0.09239843487739563
v -0.12838156521320343 -0.20310114324092865 -0.056716203689575195
v -0.11055667698383331 -0.23393851518630981 0.00037562684156000614
v -0.049827899783849716 -0.21868003904819489 0.0051308441907167435
v -0.07631070911884308 -0.11267179995775223 0.030429963022470474
v -0.03576504439115524 -0.008962767198681831 0.08730208873748779
v -0.07030273228883743 -0.006946527399122715 0.059423282742500305
v -0.0517350509762764 0.08519093692302704 0.08757497370243073
v -0.032021597027778625 0.1245589554309845 0.08771107345819473
v -0.1318371742963791 -0.08440087735652924 -0.03470362350344658
v -0.00930696725845337 -0.2002107799053192 -0.061752136796712875
v -0.010643547400832176 -0.2173113077878952 -0.060529209673404694
v -0.007957091554999352 -0.2083396464586258 -0.05567149072885513
v -0.006064448971301317 -0.19859355688095093 -0.05120093375444412
v -0.13093873858451843 -0.06070238724350929 -0.040413010865449905
v -0.1339488923549652 0.01763777807354927 -0.030014444142580032
v -0.12196360528469086 0.10962064564228058 0.008158667013049126
v -0.06522885710000992 0.1653234213590622 0.08215074986219406
v -0.11583374440670013 -0.20410126447677612 -0.0792587473988533
v -0.11597387492656708 -0.2794587314128876 -0.015135562978684902
v -0.1001797765493393 -0.27158305048942566 -0.00528350193053484
v -0.029954131692647934 -0.253363698720932 -0.023696118965744972
v -0.035502031445503235 -0.29786983132362366 -0.04521934315562248
v -0.1244443729519844 -0.23777209222316742 -0.012910072691738605
v -0.13144893944263458 -0.2634429335594177 -0.04990876093506813
v -0.07573214918375015 -0.2103591412305832 -0.10255903005599976
v -0.026926696300506592 -0.21836042404174805 -0.004221249371767044
v -0.016048850491642952 -0.20935991406440735 -0.009951270185410976
v -0.01836175099015236 -0.25379565358161926 -0.07232784479856491
v -0.02502249926328659 -0.24878931045532227 -0.0861775204539299
v -0.12729273736476898 -0.24610188603401184 -0.06621577590703964
v -0.12913863360881805 -0.3103429675102234 -0.05588547885417938
v -0.1282850205898285 -0.2919536232948303 -0.06858799606561661
v -0.11865473538637161 -0.28923872113227844 -0.08939875662326813
v -0.10145501047372818 -0.2829076945781708 -0.108033686876297
v -0.0854739174246788 -0.29485684633255005 -0.11692969501018524
v -0.05920451134443283 -0.2854265570640564 -0.11427994817495346
v -0.028144938871264458 -0.28033825755119324 -0.08486969769001007
v -0.08273477852344513 -0.353066623210907 -0.12215007841587067
v -0.09782112389802933 -0.3609715700149536 -0.12318699806928635
v -0.11027718335390091 -0.3703754246234894 -0.11854072660207748
v -0.12242712825536728 -0.36420825123786926 -0.1030038371682167
v -0.1289251297712326 -0.3750624358654022 -0.07384654134511948
v -0.03931264951825142 -0.3769424855709076 -0.08392786234617233
v -0.073938749730587 -0.3998209536075592 -0.04951946437358856
v -0.08283798396587372 -0.3873986303806305 -0.037594497203826904
v -0.1244119182229042 -0.3119303584098816 -0.0803544744849205
v -0.03974657878279686 -0.3139515221118927 -0.09539119154214859
v -0.03581221401691437 -0.31581440567970276 -0.05514249950647354
v -0.11637286096811295 -0.36712315678596497 -0.039300497621297836
v -0.10683638602495193 -0.3548297882080078 -0.03058893419802189
v -0.1101434975862503 -0.3494583070278168 -0.1114882305264473
v -0.0711568295955658 -0.32479622960090637 -0.1175302192568779
v -0.07031300663948059 -0.3423563838005066 -0.11728086322546005
v -0.041882067918777466 -0.36767369508743286 -0.06979971379041672
v -0.12122549116611481 -0.38401296734809875 -0.04485439881682396
v -0.10883410274982452 -0.39659425616264343 -0.037640515714883804
v -0.10512026399374008 -0.41714125871658325 -0.04687740281224251
v -0.08219709247350693 -0.3690461814403534 -0.12611617147922516
v -0.0947239026427269 -0.38000810146331787 -0.13030670583248138
v -0.127023383975029 -0.38445329666137695 -0.09412267804145813
v -0.12779925763607025 -0.4119143784046173 -0.06569842994213104
v -0.05361032113432884 -0.42199575901031494 -0.09998791664838791
v -0.06357907503843307 -0.39991259574890137 -0.11978550255298615
v -0.07979664206504822 -0.40001267194747925 -0.13340133428573608
v -0.12288274616003036 -0.40313148498535156 -0.11708717048168182
v -0.11290585249662399 -0.4054131805896759 -0.13279269635677338
v -0.1270797848701477 -0.40598300099372864 -0.09937238693237305
v -0.1355912983417511 -0.4591364562511444 -0.1049216240644455
v -0.12472982704639435 -0.4469403326511383 -0.08117435872554779
v -0.12959298491477966 -0.4285252094268799 -0.09108539670705795
v -0.12160676717758179 -0.5601543188095093 -0.115166574716568
v -0.13013169169425964 -0.541630744934082 -0.11101870238780975
v -0.05583331361413002 -0.43449676036834717 -0.11134423315525055
v -0.061373621225357056 -0.4351363480091095 -0.13000577688217163
v -0.13076332211494446 -0.4489188492298126 -0.13794706761837006
v -0.05844290181994438 -0.513042688369751 -0.12614281475543976
v -0.06134171411395073 -0.47846823930740356 -0.1507626175880432
v -0.13806365430355072 -0.5072343945503235 -0.1506720632314682
v -0.14006966352462769 -0.4949404001235962 -0.11558353900909424
v -0.13092416524887085 -0.4909191429615021 -0.09724297374486923
v -0.11532719433307648 -0.4964904189109802 -0.09106769412755966
v -0.06947270780801773 -0.5727329850196838 -0.14619053900241852
v -0.06638827919960022 -0.5168426036834717 -0.16503861546516418
v -0.1297965794801712 -0.562940776348114 -0.1715153008699417
v -0.13851024210453033 -0.5607056021690369 -0.15183065831661224
v -0.13107329607009888 -0.5662095546722412 -0.12232577800750732
v -0.1382330060005188 -0.5755205154418945 -0.14427578449249268
v -0.1353774219751358 -0.5712270140647888 -0.13248057663440704
v -0.12296262383460999 -0.5892471075057983 -0.12688064575195312
v -0.1164025366306305 -0.6049438118934631 -0.12949106097221375
v -0.07765356451272964 -0.5835849046707153 -0.13554747402668
v -0.0855366438627243 -0.5913304090499878 -0.17869886755943298
v -0.10001738369464874 -0.582072913646698 -0.18468908965587616
v -0.12165100127458572 -0.5840198993682861 -0.18061986565589905
v -0.13237345218658447 -0.5905295610427856 -0.16800697147846222
v -0.13619732856750488 -0.5767925381660461 -0.16008427739143372
v -0.13650710880756378 -0.5930448770523071 -0.14925092458724976
v -0.13385991752147675 -0.586260199546814 -0.13569095730781555
v -0.13427500426769257 -0.6088862419128418 -0.14723746478557587
v -0.13024286925792694 -0.5982606410980225 -0.13429661095142365
v -0.0027235744055360556 -0.17360664904117584 -0.043435171246528625
v -0.0034999249037355185 -0.18097683787345886 -0.03965075686573982
v -0.0029458068311214447 -0.18087753653526306 -0.03175586089491844
v -0.0021381217520684004 -0.17463083565235138 -0.03658384084701538
v -0.04400935769081116 -0.24984179437160492 -0.012263672426342964
v -0.052212417125701904 -0.3152424097061157 -0.033131811767816544
v -0.04650208353996277 -0.3298196494579315 -0.045631010085344315
v -0.05180320516228676 -0.365554541349411 -0.05685630068182945
v -0.04793664813041687 -0.38769304752349854 -0.07278028875589371
v -0.05927373841404915 -0.4234822690486908 -0.08300358057022095
v -0.06577663868665695 -0.46068280935287476 -0.09592835605144501
v -0.06694509088993073 -0.5035223960876465 -0.10838857293128967
v -0.07386890798807144 -0.5655579566955566 -0.12893146276474
v -0.06517791748046875 -0.5555180311203003 -0.1401212066411972
v -0.0814918801188469 -0.6004186272621155 -0.14217981696128845
v -0.06067642569541931 -0.16554473340511322 0.02814578451216221
v -0.012508020736277103 -0.1729513555765152 0.0064419591799378395
v -0.12567715346813202 -0.36842450499534607 -0.05378815904259682
v -0.12169798463582993 -0.337198942899704 -0.09399939328432083
v -0.08954895287752151 -0.31928640604019165 -0.11687549203634262
v -0.037244945764541626 -0.33415135741233826 -0.0629160925745964
v -0.0823339968919754 -0.3522301912307739 -0.027781158685684204
v -0.12980644404888153 -0.39608216285705566 -0.07863622158765793
v -0.12874744832515717 -0.4140302240848541 -0.08273126184940338
v -0.12125355005264282 -0.3843746781349182 -0.11180146783590317
v -0.0614323653280735 -0.3827614188194275 -0.11596012860536575
v -0.04994833096861839 -0.4072720408439636 -0.09219067543745041
v -0.05380864441394806 -0.40592148900032043 -0.0768938735127449
v -0.1016780287027359 -0.4820072650909424 -0.0873831957578659
v -0.11263570189476013 -0.46105584502220154 -0.07823340594768524
v -0.13748393952846527 -0.46268555521965027 -0.12455742061138153
v -0.1338198184967041 -0.4445371627807617 -0.11588296294212341
v -0.1037236675620079 -0.41641905903816223 -0.1430860310792923
v -0.08885800093412399 -0.44944971799850464 -0.16135892271995544
v -0.10376650840044022 0.051020342856645584 -0.11528228968381882
v -0.1070307046175003 0.14284896850585938 0.049533162266016006
v -0.10717429220676422 0.13499054312705994 0.04390192776918411
v -0.12005464732646942 0.14718925952911377 0.030384553596377373
v -0.11395357549190521 0.13899390399456024 0.03684186562895775
v -0.11119437217712402 0.1478746235370636 0.045516498386859894
v -0.11513494700193405 0.1486814022064209 0.0381510891020298
v -0.11839795857667923 0.15661323070526123 0.03408516198396683
v -0.12450212240219116 0.15414616465568542 0.0241534523665905
v -0.12391846626996994 0.22400090098381042 0.0007535885088145733
v -0.12376829981803894 0.22674866020679474 -0.00575244938954711
v -0.11625605821609497 0.2314869463443756 0.010468587279319763
v -0.11285676807165146 0.23753759264945984 0.0051766796968877316
v -0.04561622440814972 -0.02882278524339199 0.07637731730937958
v -0.04778968542814255 -0.10934660583734512 0.05060214176774025
v -0.006913154851645231 -0.1673923283815384 0.033257607370615005
v -0.015720205381512642 -0.1637643575668335 0.02474849857389927
v -0.02165166102349758 -0.15175947546958923 0.03900781273841858
v -0.00799331534653902 -0.1731531172990799 0.0136351203545928
v -0.006249605678021908 -0.17370687425136566 0.006421069614589214
v -0.03350899741053581 0.21516434848308563 -0.14637969434261322
v -0.005135906860232353 -0.1733357459306717 -0.009444506838917732
v -0.025701863691210747 -0.19041785597801208 0.010873253457248211
v -0.12843391299247742 -0.16395802795886993 -0.04985745996236801
v -0.050941064953804016 -0.16521583497524261 -0.10213930904865265
v -0.14813590049743652 0.1356016844511032 0.04354381561279297
v -0.06606078892946243 0.3106267750263214 -0.07536808401346207
v -0.12855908274650574 0.275741845369339 -0.1015985757112503
v -0.07588228583335876 0.14371775090694427 -0.13156020641326904
v -0.02526993677020073 0.19484645128250122 0.06882956624031067
v -0.16715063154697418 0.16901232302188873 0.0022651576437056065
v -0.10076167434453964 -0.1711205393075943 -0.08858702331781387
v -0.1236293613910675 0.013923832215368748 -0.0904621034860611
v -0.1165015771985054 0.06440836191177368 -0.0898064523935318
v -0.15399415791034698 0.15439565479755402 -0.055728863924741745
v -0.16036474704742432 0.1930147409439087 -0.059492677450180054
v -0.15980929136276245 0.18826016783714294 -0.05165204405784607
v -0.041355911642313004 -0.18881534039974213 0.019000643864274025
v -0.05213693156838417 -0.13531768321990967 0.03383348509669304
v -0.04409760236740112 -0.14412085711956024 0.03213696554303169
v -0.030073879286646843 -0.1555750072002411 0.024346962571144104
v -0.024162868037819862 -0.20600265264511108 -0.08176804333925247
v -0.014022368006408215 -0.20906968414783478 -0.06956852972507477
v -0.014586523175239563 -0.19625326991081238 -0.07055056840181351
v -0.022837992757558823 -0.19194544851779938 -0.07951059937477112
v -0.005044958088546991 -0.1737307608127594 0.0007296429830603302
v -0.008223047479987144 -0.17431297898292542 -0.001923218835145235
v -0.05644939839839935 0.31409257650375366 -0.06282700598239899
v -0.14339114725589752 0.18745331466197968 -0.020579662173986435
v -0.14137747883796692 0.19429650902748108 -0.024637160822749138
v -0.13756082952022552 0.19164001941680908 -0.017256584018468857
v -0.14809992909431458 0.2058015614748001 -0.0350583977997303
v -0.1435805857181549 0.20749355852603912 -0.026326239109039307
v -0.1501113623380661 0.20514582097530365 -0.041022930294275284
v -0.15150342881679535 0.20163705945014954 -0.03690585494041443
v -0.15322643518447876 0.20335589349269867 -0.04401326924562454
v -0.10262881219387054 0.2578417956829071 0.016824860125780106
v -0.09992560744285583 0.25308090448379517 0.02405683696269989
v -0.0823611468076706 0.2697831988334656 0.01082973275333643
v -0.07791157811880112 0.29198306798934937 -0.026102878153324127
v -0.05738905072212219 0.27713680267333984 -0.008076333440840244
v -0.05213973671197891 0.28333553671836853 -0.02029172144830227
v -0.028057046234607697 0.27563178539276123 -0.010554761625826359
v -0.07324784994125366 0.31154799461364746 -0.08962678164243698
v -0.008307477459311485 0.28587350249290466 -0.13637250661849976
v -0.07058975845575333 0.2945004999637604 -0.03837968036532402
v -0.05378177389502525 0.30156850814819336 -0.04458829388022423
v -0.028340836986899376 0.2863629162311554 -0.019742345437407494
v -0.14583083987236023 0.2095942497253418 0.073355533182621
v -0.04133650287985802 0.3258149325847626 -0.09852521121501923
v -0.15771879255771637 0.20440416038036346 0.07060666382312775
v -0.0956590473651886 0.2998325228691101 -0.02339932881295681
v -0.03495289757847786 0.30679306387901306 -0.021263841539621353
v -0.12870076298713684 -0.1386839747428894 -0.047088466584682465
v -0.12749049067497253 -0.35692477226257324 -0.08419439941644669
v -0.008566785603761673 0.07839751243591309 0.09542418271303177
v -0.03613198921084404 0.29166096448898315 -0.02566198818385601
v -0.0482231043279171 0.0367225781083107 0.089777871966362
v -0.023425834253430367 -0.12190999835729599 0.06182702258229256
v -0.1301819384098053 0.254135400056839 0.028301365673542023
v -0.06772427260875702 0.013925832696259022 0.06945553421974182
v -0.11893533915281296 0.2256360948085785 0.0132411764934659
v -0.1269940733909607 0.21771186590194702 0.004485240206122398
v -0.1217258870601654 0.22463567554950714 0.007374687120318413
v -0.042396727949380875 0.18825563788414001 0.07525981962680817
v -0.058348555117845535 0.15002042055130005 0.08324520289897919
v -0.0014457013458013535 -0.17296373844146729 -0.008344327099621296
v -0.005233670584857464 -0.196676105260849 -0.03204831853508949
v -0.007429622579365969 -0.20377333462238312 -0.026000725105404854
v -0.004440967459231615 -0.1884157657623291 -0.027599722146987915
v -0.006507691461592913 -0.19491814076900482 -0.02246730402112007
v -0.02231254242360592 -0.20300492644309998 0.0012898537097498775
v -0.010322347283363342 -0.1880660206079483 -0.06506641954183578
v -0.016253970563411713 -0.18253131210803986 -0.07192062586545944
v -0.012821479700505733 -0.17282046377658844 -0.06842232495546341
v -0.007240280508995056 -0.1731301099061966 -0.05836644396185875
v -0.008774850517511368 -0.17978033423423767 -0.062262170016765594
v 1.0402135558251757e-05 -0.16335469484329224 -0.061564795672893524
v -0.06774616986513138 -0.23501545190811157 0.0003403844893909991
v -0.04947184398770332 -0.26994872093200684 -0.01984994299709797
v -0.06596416234970093 -0.3067883253097534 -0.01989535242319107
v -0.062154777348041534 -0.3390536606311798 -0.03363807499408722
v -0.06493926793336868 -0.3590051233768463 -0.04076036065816879
v -0.07014370709657669 -0.37739476561546326 -0.04469582065939903
v -0.05886580049991608 -0.3823603391647339 -0.05745138227939606
v -0.06116269528865814 -0.4005642533302307 -0.062426693737506866
v -0.07034358382225037 -0.4191465377807617 -0.06561072170734406
v -0.07182934135198593 -0.4376088082790375 -0.07813601195812225
v -0.08117321878671646 -0.4530133605003357 -0.08086557686328888
v -0.08245415985584259 -0.4914950430393219 -0.09579017758369446
v -0.08080895245075226 -0.5418123602867126 -0.11354187875986099
v -0.08693624287843704 -0.5573291778564453 -0.1174965649843216
v -0.09159723669290543 -0.5925499796867371 -0.13082875311374664
v -0.1719973385334015 0.18455666303634644 0.05397284775972366
v -0.12057850509881973 0.18038178980350494 0.0192297101020813
v -0.12421132624149323 0.17057210206985474 0.021793566644191742
v -0.12464994192123413 0.17403647303581238 0.017532169818878174
v -0.13120321929454803 0.15923815965652466 0.02255728654563427
v -0.13493110239505768 0.15149003267288208 0.02686215005815029
v -0.12747332453727722 0.15734386444091797 0.030436888337135315
v -0.14046166837215424 0.14381493628025055 0.032684508711099625
v -0.14368335902690887 0.14856228232383728 0.02296249195933342
v -0.16154702007770538 0.1433376520872116 0.04450324922800064
v -0.16853731870651245 0.15499627590179443 0.055774394422769547
v -0.10970088839530945 0.18561477959156036 0.046850211918354034
v -0.10908697545528412 0.19383159279823303 0.04022824019193649
v -0.11141663789749146 0.18574531376361847 0.03874178230762482
v -0.1105911135673523 0.1976490318775177 0.05676018074154854
v -0.1082940474152565 0.2004479020833969 0.03944835066795349
v -0.10926724970340729 0.19112332165241241 0.0514969602227211
v -0.1088126078248024 0.19298793375492096 0.04328334331512451
v -0.14403407275676727 0.25688374042510986 0.020253200083971024
v -0.1073116734623909 0.2509949505329132 0.008687061257660389
v -0.14282162487506866 0.2362184226512909 0.043000977486371994
v -0.11034267395734787 0.21235999464988708 0.01864496059715748
v -0.10878489166498184 0.21119564771652222 0.02727479860186577
v -0.11083828657865524 0.20331959426403046 0.022474395111203194
v -0.1456385850906372 0.16402128338813782 0.0009498937870375812
v -0.15523020923137665 0.163661926984787 -0.0015064405743032694
v -0.11728022992610931 0.24907086789608002 0.029283834621310234
v -0.11110976338386536 0.244940385222435 0.024788426235318184
v -0.11747484654188156 0.22194525599479675 0.01925882324576378
v -0.11029084771871567 0.23050083220005035 0.02395864762365818
v -0.11314873397350311 0.22253677248954773 0.024800462648272514
v -0.1528802514076233 0.1910211741924286 -0.02931300550699234
v -0.15021586418151855 0.18923212587833405 -0.022850044071674347
v -0.09869740903377533 0.16687799990177155 0.06422244757413864
v -0.09678596258163452 0.15836426615715027 0.06677532196044922
v -0.13894221186637878 0.15912950038909912 0.000478909321827814
v -0.14386728405952454 0.15603698790073395 -0.008777031674981117
v -0.14134098589420319 0.14745096862316132 -0.004570117685943842
v -0.11294005811214447 0.17651881277561188 0.041471559554338455
v -0.11582192778587341 0.1665443629026413 0.038605332374572754
v -0.11189274489879608 0.17025963962078094 0.045476920902729034
v -0.10793618857860565 0.1696879118680954 0.051927924156188965
v -0.11163754016160965 0.1634022742509842 0.04639074578881264
v -0.08350231498479843 0.1049548014998436 0.06749401986598969
v -0.10997980833053589 0.15566511452198029 0.048731036484241486
v -0.11422036588191986 0.1574643850326538 0.04161669313907623
v -0.10607705265283585 0.15269112586975098 0.054962873458862305
v -0.047106534242630005 0.2660908102989197 0.005508324131369591
v -0.04293788969516754 0.2748212218284607 -0.008574041537940502
v -0.019237827509641647 0.28296202421188354 -0.015285774134099483
v -0.10001221299171448 0.1519021987915039 0.06256967037916183
v -0.09011362493038177 0.15222777426242828 0.07157059013843536
v -0.13935065269470215 0.11253418773412704 -0.05170673504471779
v -0.11696399748325348 0.24128539860248566 0.03538520261645317
v -0.11194247007369995 0.2398114651441574 0.02956508845090866
v -0.12425708025693893 0.16351208090782166 -0.10341174155473709
v -0.1641646772623062 0.23978827893733978 0.007257718592882156
v -0.1279340237379074 -0.05189472436904907 -0.06308458745479584
v -0.10695973038673401 -0.012196322903037071 0.013167895376682281
v -0.06132398918271065 -0.10530560463666916 0.04096327722072601
v -0.03648069128394127 -0.20411589741706848 0.009700070135295391
v -0.018836088478565216 -0.16747218370437622 0.015146059915423393
v -0.022117681801319122 -0.16432538628578186 0.017663156613707542
v -0.026978624984622 -0.1667667180299759 0.019540928304195404
v -0.15601575374603271 0.2454773634672165 0.019898073747754097
v -0.006151841953396797 -0.20760272443294525 -0.04509257897734642
v -0.007905089296400547 -0.21681258082389832 -0.0493084192276001
v -0.00442450400441885 -0.1978147178888321 -0.041489675641059875
v -0.006911024451255798 -0.20723441243171692 -0.035159364342689514
v -0.12296276539564133 -0.07732833176851273 -0.06476545333862305
v -0.019253050908446312 -0.26435387134552 -0.05978591367602348
v -0.0155861247330904 -0.25002458691596985 -0.06094798818230629
v -0.01648455485701561 -0.25068047642707825 -0.048136401921510696
v -0.06518086791038513 -0.23448045551776886 -0.1080169752240181
v -0.11297439783811569 -0.24894653260707855 -0.08913794159889221
v -0.040394365787506104 -0.28723159432411194 -0.10084505379199982
v -0.09666203707456589 -0.3395134508609772 -0.025035900995135307
v -0.08421655744314194 -0.36878278851509094 -0.031662099063396454
v -0.06767335534095764 -0.3641148805618286 -0.1176949068903923
v -0.12541663646697998 -0.3329330384731293 -0.051029812544584274
v -0.11541283875703812 -0.30973660945892334 -0.09825614094734192
v -0.07122601568698883 -0.30507853627204895 -0.11799071729183197
v -0.053771838545799255 -0.3073323369026184 -0.10993219912052155
v -0.055378858000040054 -0.3495956361293793 -0.10976611077785492
v -0.07591422647237778 -0.3841225504875183 -0.12629660964012146
v -0.07003728300333023 -0.41706299781799316 -0.1332586258649826
v -0.09916671365499496 -0.5021070837974548 -0.09500574320554733
v -0.11853520572185516 -0.5136258006095886 -0.09689529985189438
v -0.07056117057800293 -0.4598644971847534 -0.15641628205776215
v -0.09588620811700821 -0.49032607674598694 -0.17544932663440704
v -0.11148416250944138 -0.4581967890262604 -0.16250841319561005
v -0.14046037197113037 -0.4934346377849579 -0.13769876956939697
v -0.10495569556951523 -0.5623189806938171 -0.1159365251660347
v -0.10618741810321808 -0.5795310735702515 -0.12227632850408554
v -0.09560470283031464 -0.5590068697929382 -0.18180403113365173
v -0.09416746348142624 -0.5386492013931274 -0.1800534725189209
v -0.11139292269945145 -0.526130199432373 -0.17764151096343994
v -0.13844729959964752 -0.5584598183631897 -0.13477618992328644
v -0.137258380651474 -0.5457476377487183 -0.15734343230724335
v -0.10099721699953079 -0.6082855463027954 -0.13244904577732086
v -0.1081152856349945 -0.5941620469093323 -0.12670893967151642
v -0.083540178835392 -0.571003794670105 -0.1765364408493042
v -0.014705843292176723 -0.1897706538438797 0.00012904150935355574
v -0.009555960074067116 -0.16414478421211243 -0.07027940452098846
v -0.015720464289188385 -0.16569414734840393 -0.07638277858495712
v -0.12984196841716766 -0.15064911544322968 -0.026182176545262337
v -0.07897818833589554 -0.13227050006389618 0.029563773423433304
v -0.06021212413907051 -0.12318523973226547 0.035717569291591644
v -0.12759603559970856 -0.3307139277458191 -0.07193322479724884
v -0.1081966757774353 -0.3280809223651886 -0.10812868177890778
v -0.05285625904798508 -0.3294340968132019 -0.10758490860462189
v -0.047423847019672394 -0.34872299432754517 -0.053476832807064056
v -0.039580587297677994 -0.24166369438171387 -0.09979534149169922
v -0.10734619200229645 0.033281903713941574 0.03462224453687668
v -0.11840968579053879 0.050411347299814224 0.019040942192077637
v -0.07712065428495407 0.09118743240833282 -0.13164390623569489
v -0.009790822863578796 -0.17343242466449738 0.00258056097663939
v -0.06055975332856178 -0.18263891339302063 0.022081932052969933
v -0.07776506245136261 -0.19297504425048828 0.015605932101607323
v -0.12165159732103348 -0.19054393470287323 -0.002446742495521903
v -0.11675244569778442 -0.15235045552253723 -0.07268258184194565
v -0.13369916379451752 0.20720939338207245 -0.0208552498370409
v -0.13061974942684174 0.20193397998809814 -0.013225790113210678
v -0.13223616778850555 0.19326113164424896 -0.010915648192167282
v -0.1352269947528839 0.19902123510837555 -0.018744485452771187
v -0.1646808534860611 0.22903046011924744 0.020411856472492218
v -0.12890687584877014 0.18246959149837494 0.0017760425107553601
v -0.13603009283542633 0.17865630984306335 -0.004645306151360273
v -0.13309229910373688 0.17476628720760345 0.0028074600268155336
v -0.12939651310443878 0.2443542778491974 0.03880839794874191
v -0.10972777009010315 0.2277895212173462 0.027497420087456703
v -0.10909109562635422 0.2284511774778366 0.019357364624738693
v -0.1101146936416626 0.2348882108926773 0.02421789988875389
v -0.13001179695129395 0.2757917642593384 0.008166908286511898
v -0.16672173142433167 0.19586731493473053 0.06353617459535599
v -0.15591412782669067 0.23387594521045685 0.03300957754254341
v -0.02730458416044712 0.014069616794586182 0.09299224615097046
v 0.0005985771422274411 -0.16491451859474182 -0.055226393043994904
v -0.038730885833501816 -0.16114071011543274 0.027438899502158165
v -0.03683646395802498 -0.1497373729944229 0.028695864602923393
v -0.030653201043605804 -0.29752182960510254 -0.08321152627468109
v -0.0335090346634388 -0.3236629366874695 -0.07844085246324539
v -0.03918914496898651 -0.3377748429775238 -0.09247420728206635
v -0.03665342181921005 -0.35937273502349854 -0.08646688610315323
v -0.05188411474227905 -0.3696717321872711 -0.10999297350645065
v -0.043674249202013016 -0.39232656359672546 -0.09066743403673172
v -0.05876237899065018 -0.41794654726982117 -0.11815877258777618
v -0.05677604302763939 -0.47451460361480713 -0.13244549930095673
v -0.06517013162374496 -0.535179078578949 -0.1597503125667572
v -0.07350976020097733 -0.5895918607711792 -0.1515756994485855
v -0.005496719386428595 -0.18113301694393158 -0.0543208122253418
v -0.006805427372455597 -0.18976309895515442 -0.05658649280667305
v -0.0040088738314807415 -0.18036198616027832 -0.04715396836400032
v -0.003653413150459528 -0.1888725757598877 -0.03710269555449486
v -0.004341518506407738 -0.18885537981987 -0.04672689363360405
v -0.0037565845996141434 -0.17254900932312012 -0.05075393244624138
v -0.004511137958616018 -0.16665323078632355 -0.05635570362210274
v -0.007828308269381523 -0.1660906821489334 -0.06280375272035599
v -0.0037745670415461063 -0.17264756560325623 -0.013008872978389263
v -0.08731815963983536 0.3010141849517822 -0.03732152283191681
v -0.1287139505147934 0.22291693091392517 -0.012483182363212109
v -0.13297733664512634 0.21610942482948303 -0.010532760061323643
v -0.12821415066719055 0.2204708755016327 -0.005287427920848131
v -0.1097649410367012 0.24029630422592163 0.020179159939289093
v -0.10910013318061829 0.23433077335357666 0.01566312275826931
v -0.004199030809104443 -0.14880667626857758 -0.09814897179603577
v -0.03526313230395317 -0.1823730766773224 -0.0894254669547081
v -0.05895411968231201 -0.20234504342079163 0.013730364851653576
v -0.17178423702716827 0.18408264219760895 0.028376461938023567
v -0.11072410643100739 0.23410558700561523 0.00824146717786789
v -0.11307436972856522 0.2286359965801239 0.0036350719165056944
v -0.11237630993127823 0.23676985502243042 0.0012782420963048935
v -0.11232351511716843 0.24344971776008606 -0.0038008415140211582
v -0.11424149572849274 0.23036393523216248 0.11785446852445602
v -0.09811614453792572 0.226870596408844 0.11268408596515656
v -0.1113058477640152 0.1513366997241974 0.08778892457485199
v -0.13929525017738342 0.21177752315998077 0.12577365338802338
v -0.11871176958084106 0.19428139925003052 0.08826189488172531
v -0.12055537849664688 0.20060797035694122 0.09087323397397995
v -0.15017162263393402 0.19881834089756012 0.11417333781719208
v -0.08268186450004578 0.20144127309322357 0.15527842938899994
v -0.12092367559671402 0.2268168181180954 0.14659541845321655
v -0.09566295146942139 0.183173269033432 0.10344132781028748
v -0.10255755484104156 0.19419606029987335 0.09708074480295181
v -0.14304347336292267 0.19901634752750397 0.13521063327789307
v -0.10211415588855743 0.1609070599079132 0.09985816478729248
v -0.11248863488435745 0.15683472156524658 0.13811960816383362
v -0.15780672430992126 0.1921607106924057 0.10164980590343475
v -0.1632227599620819 0.18621303141117096 0.09914713352918625
v -0.17375564575195312 0.1577441692352295 0.0916849821805954
v -0.1325775533914566 0.12720434367656708 0.12366532534360886
v -0.12878462672233582 0.12027394771575928 0.07638224214315414
v -0.1621989905834198 0.18487431108951569 0.09151148796081543
v -0.14737536013126373 0.124679334461689 0.12561090290546417
v -0.12673373520374298 0.17938707768917084 0.08293874561786652
v -0.1673445999622345 0.18026341497898102 0.09551874548196793
v -0.12924477458000183 0.11962517350912094 0.11038979142904282
v -0.11836247146129608 0.16790235042572021 0.08161060512065887
v -0.14729592204093933 0.12700070440769196 0.05902431905269623
v -0.1269160360097885 0.12992186844348907 0.06250125914812088
v -0.11313275992870331 0.15961477160453796 0.06129414588212967
v -0.11339569091796875 0.1544972062110901 0.06980195641517639
v -0.11820555478334427 0.17711935937404633 0.07855948805809021
v -0.11747808754444122 0.18400996923446655 0.07623022049665451
v -0.12650269269943237 0.19113273918628693 0.08359649777412415
v -0.12173017114400864 0.18829305469989777 0.08042242377996445
v -0.16232271492481232 0.18779036402702332 0.08488218486309052
v -0.16785243153572083 0.18172185122966766 0.08429276943206787
v -0.1727796345949173 0.16885846853256226 0.07637736946344376
v -0.11225667595863342 0.17222069203853607 0.04957960918545723
v -0.10980500280857086 0.18174289166927338 0.05361773818731308
v -0.11270860582590103 0.16507844626903534 0.05546925216913223
v -0.12212099134922028 0.19596005976200104 0.07948803156614304
v -0.11910955607891083 0.20066094398498535 0.07312722504138947
v -0.11356651037931442 0.19573938846588135 0.06656058877706528
v -0.11729491502046585 0.19210100173950195 0.0740910992026329
v -0.16288378834724426 0.19395382702350616 0.07782034575939178
v -0.16920103132724762 0.18460547924041748 0.07307298481464386
v -0.12633004784584045 0.13910888135433197 0.051902905106544495
v -0.13137023150920868 0.14867724478244781 0.035376183688640594
v -0.11499103903770447 0.1445828378200531 0.06961602717638016
v -0.10601910948753357 0.21515034139156342 0.1614859402179718
v -0.11425070464611053 0.21869754791259766 0.10611023008823395
v -0.13471823930740356 0.19514751434326172 0.08687040209770203
v -0.14225131273269653 0.19679106771945953 0.08849973976612091
v -0.16940847039222717 0.13668565452098846 0.11132032424211502
v -0.14014917612075806 0.1868242472410202 0.08654874563217163
v -0.14916382730007172 0.1892317682504654 0.08825346827507019
v -0.1543813943862915 0.1943753957748413 0.09357661753892899
v -0.15111437439918518 0.19463525712490082 0.08544828742742538
v -0.14535418152809143 0.19819186627864838 0.08393798023462296
v -0.14469221234321594 0.19304926693439484 0.08599831163883209
v -0.15744544565677643 0.19285881519317627 0.08452950417995453
v -0.14441096782684326 0.18811926245689392 0.08747852593660355
v -0.16701781749725342 0.13601066172122955 0.07859278470277786
v -0.1556808203458786 0.1985965520143509 0.08075816184282303
v -0.14928478002548218 0.20236828923225403 0.07982463389635086
v -0.14102911949157715 0.20311158895492554 0.08102769404649734
v -0.16452938318252563 0.1407630294561386 0.06294926255941391
v -0.12637871503829956 0.17922307550907135 0.14969688653945923
v -0.11441154032945633 0.14005520939826965 0.08227742463350296
v -0.11914585530757904 0.21018975973129272 0.15611861646175385
v -0.09108366072177887 0.17604419589042664 0.1136951670050621
v -0.14035560190677643 0.11196631193161011 0.10545527189970016
v -0.11546900868415833 0.15099075436592102 0.06105606257915497
v -0.11558753997087479 0.15713584423065186 0.053386081010103226
v -0.11185695230960846 0.13980653882026672 0.09645615518093109
v -0.11551513522863388 0.16376957297325134 0.04707949981093407
v -0.11683297157287598 0.16979798674583435 0.03794163465499878
v -0.11965838819742203 0.1548604816198349 0.04599294811487198
v -0.16973333060741425 0.16951145231723785 0.10050874948501587
v -0.11563082039356232 0.2375122606754303 0.13185706734657288
v -0.11264194548130035 0.19169484078884125 0.15595890581607819
v -0.12593530118465424 0.14682872593402863 0.044204846024513245
v -0.11948974430561066 0.14824707806110382 0.052732087671756744
v -0.12437190115451813 0.15513738989830017 0.038018304854631424
v -0.13503694534301758 0.140001580119133 0.042527902871370316
v -0.13566073775291443 0.1322028636932373 0.05274171754717827
v -0.11759815365076065 0.20848330855369568 0.09714004397392273
v -0.12334968149662018 0.17577892541885376 0.082169309258461
v -0.11474741995334625 0.17076846957206726 0.08353353291749954
v -0.12528306245803833 0.1851513534784317 0.08330043405294418
v -0.14193224906921387 0.19225211441516876 0.08656187355518341
v -0.12178796529769897 0.18152302503585815 0.08101332187652588
v -0.1260109543800354 0.18469659984111786 0.08413926512002945
v -0.13543809950351715 0.18761709332466125 0.08661572635173798
v -0.13101434707641602 0.1867997944355011 0.085540272295475
v -0.14065128564834595 0.12067263573408127 0.06905088573694229
v -0.12460201233625412 0.19121533632278442 0.08546941727399826
v -0.13400429487228394 0.2009129524230957 0.08194707334041595
v -0.13297288119792938 0.19332638382911682 0.08474420011043549
v -0.13900265097618103 0.1967768371105194 0.08503980189561844
v -0.1307472437620163 0.1889476776123047 0.08408437669277191
v -0.13556277751922607 0.2077033519744873 0.07760274410247803
v -0.1284342259168625 0.1973199099302292 0.0822511613368988
v -0.12656830251216888 0.2033321112394333 0.07787123322486877
v -0.11117932200431824 0.17431211471557617 0.14894144237041473
v -0.11081851273775101 0.1747395396232605 0.05704478546977043
v -0.11155976355075836 0.17922773957252502 0.06299424916505814
v -0.11081931740045547 0.18786533176898956 0.05942929908633232
v -0.11305002123117447 0.18585975468158722 0.06772159039974213
v -0.11213255673646927 0.16552194952964783 0.08521325886249542
v -0.14594332873821259 0.13821454346179962 0.1316891759634018
v -0.11262539774179459 0.16386675834655762 0.06907159090042114
v -0.11515428125858307 0.16584232449531555 0.07602715492248535
v -0.17111915349960327 0.17362555861473083 0.0891897901892662
v -0.11450458317995071 0.1781187355518341 0.07248025387525558
v -0.11158327758312225 0.16955997049808502 0.06271741539239883
v -0.11347561329603195 0.17210571467876434 0.06980462372303009
v -0.1645299792289734 0.1794932335615158 0.10546641796827316
v -0.16428665816783905 0.16819888353347778 0.11096608638763428
v -0.1309269666671753 0.11618398129940033 -0.006998876575380564
v -0.12915560603141785 0.12668973207473755 0.006706304382532835
v -0.1002400666475296 0.12208870053291321 0.047666192054748535
v -0.14709825813770294 0.19365552067756653 -0.01809345744550228
v -0.14044854044914246 0.19493772089481354 -0.004275826271623373
v -0.1436181217432022 0.19805696606636047 -0.013335592113435268
v -0.11788130551576614 0.19666942954063416 0.00995013676583767
v -0.11328129470348358 0.20423348248004913 0.014093104749917984
v -0.11441093683242798 0.19588354229927063 0.01827879622578621
v -0.11883742362260818 0.18884775042533875 0.014440675266087055
v -0.12112799286842346 0.17218254506587982 0.026601972058415413
v -0.1179024875164032 0.17945361137390137 0.026532765477895737
v -0.11624380946159363 0.18744753301143646 0.022385649383068085
v -0.1292075663805008 0.16665947437286377 0.01369632687419653
v -0.13335953652858734 0.15838108956813812 0.009716200642287731
v -0.12906409800052643 0.1559070497751236 0.01713600382208824
v -0.13508114218711853 0.16719993948936462 0.00546215521171689
v -0.14118926227092743 0.2056744396686554 -0.01643458381295204
v -0.13632339239120483 0.2144060879945755 -0.017913447692990303
v -0.1401146799325943 0.21032865345478058 -0.02166602574288845
v -0.11605437844991684 0.1339150071144104 0.11219943314790726
v -0.0984589010477066 0.17117559909820557 0.14128920435905457
v -0.11955135315656662 0.1408299207687378 0.06023569032549858
v -0.12559565901756287 0.13542456924915314 0.017658933997154236
v -0.12204277515411377 0.12491016089916229 0.01803087815642357
v -0.12101122736930847 0.1388012319803238 0.0263656098395586
v -0.06237978860735893 0.4084600806236267 -0.06996643543243408
v -0.07169533520936966 0.4148579239845276 -0.05768830329179764
v -0.07581602782011032 0.3888759911060333 -0.06199786812067032
v -0.054243333637714386 0.325947105884552 -0.06927131861448288
v -0.06698691099882126 0.36811867356300354 -0.04291657358407974
v -0.05515757575631142 0.32705479860305786 -0.05686672776937485
v -0.05476450175046921 0.3416396677494049 -0.06546687334775925
v -0.057585153728723526 0.35175102949142456 -0.05553194507956505
v -0.013131901621818542 -0.008695569820702076 0.0873735174536705
v -0.0694323405623436 0.3928889036178589 -0.06017119437456131
v -0.06489875912666321 0.38742130994796753 -0.05549044534564018
v -0.06970860064029694 0.3974979817867279 -0.06027907133102417
v -0.0663621798157692 0.40108540654182434 -0.057859718799591064
v -0.06428772956132889 0.41610854864120483 -0.06637303531169891
v -0.06716174632310867 0.4186185300350189 -0.05675707384943962
v -0.05121424049139023 0.3102111220359802 -0.04274282231926918
v -0.05667303875088692 0.31862157583236694 -0.07855755090713501
v -0.02253546006977558 0.3060253858566284 -0.1262974590063095
v -0.004801187664270401 -0.15855039656162262 -0.08132171630859375
v -0.0649789422750473 0.4093884229660034 -0.06500244140625
v -0.06454236805438995 0.4039243757724762 -0.0649445578455925
v -0.062118127942085266 0.37212249636650085 -0.04972556605935097
v -0.061524923890829086 0.3829396367073059 -0.06415484845638275
v -0.06806129962205887 0.414913535118103 -0.05904180556535721
v -0.06418072432279587 0.3983441889286041 -0.06503188610076904
v -0.03462632745504379 0.0024018993135541677 -0.13768379390239716
v -0.11041194945573807 -0.037853121757507324 -0.11117560416460037
v -0.12805341184139252 -0.03383064270019531 -0.04513426497578621
v -0.1284559816122055 -0.0614204928278923 -0.015263253822922707
v -0.08925781399011612 -0.07040734589099884 0.028803998604416847
v -0.058072544634342194 -0.08519580215215683 0.04961699992418289
v -0.014955428428947926 -0.10241969674825668 0.06372016668319702
v -0.04200892522931099 0.2979724407196045 -0.030745811760425568
v -0.04398515075445175 0.3072521686553955 -0.031398750841617584
v -0.042248860001564026 0.31783080101013184 -0.02184840478003025
v -0.037890199571847916 0.31476283073425293 -0.007572272792458534
v -0.047828271985054016 0.3217586874961853 -0.012361843138933182
v -0.04109812527894974 0.314338356256485 0.011556525714695454
v -0.03521027788519859 0.32213854789733887 0.029178904369473457
v -0.018624892458319664 0.3401850163936615 0.029885917901992798
v -0.013049360364675522 0.37427109479904175 0.029777856543660164
v -0.08767435699701309 0.2889971435070038 -0.012898387387394905
v -0.08871933072805405 0.3010368049144745 -0.10589674115180969
v -0.07684089988470078 0.29073166847229004 -0.12141948938369751
v -0.12898187339305878 0.3081548810005188 -0.07327821105718613
v -0.15746481716632843 0.27545058727264404 -0.023735862225294113
v -0.048719171434640884 0.31468266248703003 -0.1057843491435051
v -0.15839731693267822 0.21369509398937225 -0.07842335104942322
v -0.11134500056505203 0.2711677849292755 0.011231603100895882
v -0.1665666550397873 0.20545680820941925 -0.052969567477703094
v -0.1449742615222931 0.28846919536590576 -0.015469115227460861
v -0.17071160674095154 0.21388272941112518 -0.05062240734696388
v -0.14352279901504517 0.26830995082855225 0.01001052837818861
v -0.11667808145284653 0.31339624524116516 -0.04082103073596954
v -0.13754118978977203 0.20685790479183197 -0.027044234797358513
v -0.13442914187908173 0.22003449499607086 -0.027678264304995537
v -0.1342824548482895 0.21365834772586823 -0.02509116381406784
v -0.1381993293762207 0.21645165979862213 -0.03138025104999542
v -0.1411510407924652 0.21288298070430756 -0.02935572899878025
v -0.14464329183101654 0.20962536334991455 -0.03275296092033386
v -0.15854276716709137 0.2007739096879959 -0.05047517642378807
v -0.16172029078006744 0.19071108102798462 -0.03650633618235588
v -0.13253042101860046 0.2194260209798813 -0.016431251540780067
v -0.1249345988035202 0.22844451665878296 -0.012880164198577404
v -0.12989455461502075 0.224313884973526 -0.018982145935297012
v -0.14723709225654602 0.20757430791854858 -0.03889468312263489
v -0.13867974281311035 0.2006341964006424 -0.02502901293337345
v -0.141214519739151 0.20392784476280212 -0.03096763603389263
v -0.14158570766448975 0.20807196199893951 -0.03410457819700241
v -0.13858480751514435 0.2104443609714508 -0.030734384432435036
v -0.14430341124534607 0.19887952506542206 -0.032163266092538834
v -0.15502548217773438 0.19292423129081726 -0.03764103725552559
v -0.14978285133838654 0.1952967792749405 -0.03528353571891785
v -0.14463606476783752 0.20405955612659454 -0.03591732680797577
v -0.10928872972726822 0.2487434446811676 0.016914455220103264
v -0.11212704330682755 0.2517941892147064 0.022102266550064087
v -0.11553910374641418 0.2402733415365219 -0.008637858554720879
v -0.10963765531778336 0.24621333181858063 0.0019449761603027582
v -0.10842709243297577 0.24387307465076447 0.010167165659368038
v -0.1283157616853714 0.2858612537384033 -0.002368479734286666
v -0.12861251831054688 0.2646850645542145 0.017807014286518097
v -0.11568795889616013 0.23649680614471436 -0.0021406731102615595
v -0.10836514085531235 0.24108242988586426 0.008893218822777271
v -0.11903487145900726 0.2365742176771164 -0.012992631644010544
v -0.11996457725763321 0.2326173633337021 -0.0070053767412900925
v -0.1188766285777092 0.2303125262260437 0.002550392644479871
v -0.1342366337776184 0.2202465683221817 -0.021672211587429047
v -0.1315392255783081 0.22301915287971497 -0.024814577773213387
v -0.13743028044700623 0.21600216627120972 -0.024745259433984756
v -0.15973494946956635 0.263552188873291 -0.011747186072170734
v -0.1182146966457367 0.25813040137290955 0.021659301593899727
v -0.11454476416110992 0.2645227611064911 0.015241101384162903
v -0.16850829124450684 0.20269446074962616 -0.04546865075826645
v -0.156192809343338 0.2580776512622833 0.0055687157437205315
v -0.14770284295082092 0.276751309633255 -0.002942783758044243
v -0.16853635013103485 0.24828845262527466 -0.021917741745710373
v -0.16503974795341492 0.25759148597717285 -0.05510077625513077
v -0.1739116758108139 0.20449298620224 -0.03159826248884201
v -0.16209441423416138 0.207087904214859 -0.06881903111934662
v -0.09459785372018814 0.27145782113075256 0.010657540522515774
v -0.09985551983118057 0.2650950849056244 0.016836749389767647
v -0.10477596521377563 0.27011922001838684 0.012401415966451168
v -0.10769207775592804 0.26366308331489563 0.013217064552009106
v -0.09248537570238113 0.28060591220855713 -4.294782775104977e-05
v -0.1184970885515213 0.2708844542503357 0.012279354967176914
v -0.11032389849424362 0.2570987045764923 0.01656532846391201
v -0.10664695501327515 0.25743353366851807 0.01110917143523693
v -0.12885139882564545 0.2264365702867508 -0.022787373512983322
v -0.14844278991222382 0.20058515667915344 -0.0385766327381134
v -0.14446885883808136 0.21010975539684296 -0.03678647801280022
v -0.1579282432794571 0.1944725215435028 -0.044931959360837936
v -0.15361778438091278 0.19814623892307281 -0.04162464290857315
v -0.15463519096374512 0.19411256909370422 -0.035450082272291183
v -0.16042114794254303 0.18627548217773438 -0.03055637702345848
v -0.15272380411624908 0.17892387509346008 -0.0193386971950531
v -0.1564982533454895 0.18265864253044128 -0.025531314313411713
v -0.15918484330177307 0.17499376833438873 -0.01569240354001522
v -0.1630064994096756 0.1510637253522873 0.029026398435235023
v -0.15687859058380127 0.13420650362968445 0.05494483560323715
v -0.1560569405555725 0.12567168474197388 0.0717986598610878
v -0.1647692769765854 0.12181979417800903 0.10529115051031113
v -0.1703372299671173 0.16924144327640533 0.01768004521727562
v -0.1726069301366806 0.15283913910388947 0.07453851401805878
v -0.17180782556533813 0.13900183141231537 0.09480949491262436
v -0.032370299100875854 0.3347478210926056 0.025971869006752968
v -0.027422793209552765 0.3459720313549042 0.02365565299987793
v -0.1608976125717163 0.1433047652244568 0.12518559396266937
v -0.1608547866344452 0.12643468379974365 0.1198909655213356
v -0.14955534040927887 0.17064246535301208 0.13547416031360626
v -0.15213586390018463 0.188400536775589 0.12570568919181824
v -0.15874797105789185 0.18769250810146332 0.11028693616390228
v -0.14542506635189056 0.20347048342227936 0.10083232074975967
v -0.13634422421455383 0.20613734424114227 0.09721256047487259
v -0.13441172242164612 0.20103533565998077 0.09079700708389282
v -0.1276484876871109 0.20384983718395233 0.093204565346241
v -0.11238891631364822 0.1902521848678589 0.08926209062337875
v -0.10144802927970886 0.17220334708690643 0.09728141874074936
v -0.09658659994602203 0.1629161834716797 0.12592735886573792
v -0.11972030997276306 0.14032573997974396 0.12763740122318268
v -0.13132403790950775 0.14643514156341553 0.13611629605293274
v -0.07498630881309509 0.27528589963912964 0.13626635074615479
v -0.05841045826673508 0.2690073251724243 0.1368032991886139
v -0.05983157828450203 0.24466948211193085 0.14381712675094604
v -0.07975590229034424 0.2608237862586975 0.17167000472545624
v -0.08344224840402603 0.2726556360721588 0.1613253355026245
v -0.07874762266874313 0.2562098503112793 0.1260160654783249
v -0.06777328997850418 0.23580573499202728 0.1344117373228073
v -0.0568891316652298 0.24325355887413025 0.1571872979402542
v -0.07061025500297546 0.21903511881828308 0.1370404213666916
v -0.0633677989244461 0.25418058037757874 0.13385935127735138
v -0.10117852687835693 0.25105971097946167 0.15253350138664246
v -0.0824158564209938 0.27663397789001465 0.1474125236272812
v -0.10091989487409592 0.2539897561073303 0.1364368349313736
v -0.07781399041414261 0.22589366137981415 0.12401704490184784
v -0.07450978457927704 0.23325376212596893 0.1693384200334549
v -0.0896194577217102 0.2135167121887207 0.16413062810897827
v -0.09114675968885422 0.25150927901268005 0.1252741813659668
v -0.09748929738998413 0.22705134749412537 0.16421492397785187
v -0.0292913056910038 0.31773650646209717 0.14575441181659698
v -0.040164485573768616 0.3462687134742737 0.15709041059017181
v -0.0638081505894661 0.3349333703517914 0.17762255668640137
v -0.0616171695291996 0.33230704069137573 0.1899263560771942
v -0.03242969140410423 0.2917911112308502 0.17301176488399506
v -0.03552380949258804 0.3076756000518799 0.1421990841627121
v -0.03725133463740349 0.318778395652771 0.1372203826904297
v -0.040689803659915924 0.38975557684898376 0.1768612265586853
v -0.03690541163086891 0.33909037709236145 0.16597560048103333
v -0.03650832176208496 0.3260628879070282 0.1963685303926468
v -0.05429399013519287 0.32107990980148315 0.20811258256435394
v -0.046930111944675446 0.3244639039039612 0.13799579441547394
v -0.04690902680158615 0.29826119542121887 0.14167985320091248
v -0.03918031230568886 0.33962374925613403 0.179052472114563
v -0.033702969551086426 0.3144056797027588 0.19686436653137207
v -0.03948328644037247 0.3145987391471863 0.2116803079843521
v -0.047331083565950394 0.27951785922050476 0.18629248440265656
v -0.028975699096918106 0.3111209571361542 0.1559968739748001
v -0.03645546734333038 0.2832823395729065 0.1636839061975479
v -0.04096606373786926 0.28554007411003113 0.15009286999702454
v -0.0632205680012703 0.2824884355068207 0.1841479390859604
v -0.030975529924035072 0.3367137610912323 0.14324769377708435
v -0.0318596288561821 0.2939145565032959 0.1844753623008728
v -0.05106128007173538 0.3828827440738678 0.17216172814369202
v -0.04092370718717575 0.3490900993347168 0.20693142712116241
v -0.061332397162914276 0.3482120633125305 0.1747516542673111
v -0.04647621139883995 0.31877225637435913 0.21418426930904388
v -0.0473291277885437 0.3096906542778015 0.20870068669319153
v -0.03770963475108147 0.32840463519096375 0.18492093682289124
v -0.03680438920855522 0.3280743956565857 0.17310576140880585
v -0.050170961767435074 0.33865657448768616 0.21240544319152832
v -0.04746134951710701 0.3794153332710266 0.18311530351638794
v -0.06532051414251328 0.3105972111225128 0.17562924325466156
v -0.058025941252708435 0.3306420147418976 0.20122882723808289
v -0.05306102707982063 0.3627660274505615 0.18123513460159302
v -0.04081149771809578 0.3675180673599243 0.17385420203208923
v -0.04379662498831749 0.3855856955051422 0.17169910669326782
v -0.059695422649383545 0.3204232156276703 0.195706307888031
v -0.060317832976579666 0.34523695707321167 0.16529542207717896
v -0.061089545488357544 0.30822283029556274 0.19015420973300934
v -0.058296266943216324 0.34258022904396057 0.1967507004737854
v -0.06338474154472351 0.3214658498764038 0.18341872096061707
v -0.06392011046409607 0.2976216673851013 0.1829434037208557
v -0.07446255534887314 0.2754678428173065 0.17473936080932617
v -0.06489452719688416 0.3232021629810333 0.17032623291015625
v -0.05790864676237106 0.3544043302536011 0.18212494254112244
v -0.046377234160900116 0.3950500190258026 0.18508495390415192
v -0.06268137693405151 0.33480286598205566 0.16552042961120605
v -0.04015100374817848 0.3551044464111328 0.18626166880130768
v -0.06492625921964645 0.31256648898124695 0.1597171574831009
v -0.05941389128565788 0.3085218071937561 0.14671985805034637
v -0.055763088166713715 0.3228236138820648 0.14627410471439362
v -0.04019191116094589 0.3960598409175873 0.1784004420042038
v -0.02909281477332115 0.3277749717235565 0.14974971115589142
v -0.031554799526929855 0.3059328496456146 0.18944251537322998
v -0.06391451507806778 0.2823902368545532 0.13805349171161652
v -0.0480014942586422 0.2722094655036926 0.14664234220981598
v -0.0405699647963047 0.2745751440525055 0.17402228713035583
v -0.0672096461057663 0.2641891837120056 0.17803113162517548
v -0.07239560782909393 0.2871304452419281 0.14650681614875793
v -0.051702190190553665 0.28422120213508606 0.14064864814281464
v -0.032592106610536575 0.3363955318927765 0.1355220526456833
v -0.038245342671871185 0.338950514793396 0.1328229308128357
v -0.052900854498147964 0.30044808983802795 0.19944125413894653
v -0.04541189223527908 0.36074692010879517 0.16434486210346222
v -0.053111668676137924 0.3774363398551941 0.1776784211397171
v -0.048974018543958664 0.3670405447483063 0.18189527094364166
v -0.06860429048538208 0.2981454133987427 0.15287648141384125
v -0.04939127713441849 0.37240850925445557 0.18172985315322876
v -0.039526697248220444 0.3503502309322357 0.177827388048172
v -0.03897735849022865 0.3463997542858124 0.19027774035930634
v -0.05619436874985695 0.270995557308197 0.1821001023054123
v -0.05502741411328316 0.35583075881004333 0.16458149254322052
v -0.038226418197155 0.336606502532959 0.19337716698646545
v -0.04180265590548515 0.38282740116119385 0.17975865304470062
v -0.04009848088026047 0.3493189215660095 0.19948281347751617
v -0.04616006836295128 0.3565017580986023 0.20206350088119507
v -0.07556279003620148 0.2859359383583069 0.16060619056224823
v -0.04977849870920181 0.39087650179862976 0.18146847188472748
v -0.046257246285676956 0.3871445059776306 0.18389590084552765
v -0.04120766371488571 0.3609711527824402 0.1801213026046753
v -0.06103658676147461 0.3255545496940613 0.15706799924373627
v -0.0499100424349308 0.39005520939826965 0.17490822076797485
v -0.04195999726653099 0.3019806146621704 0.2043801248073578
v -0.04521176964044571 0.39371269941329956 0.17367897927761078
v -0.056213174015283585 0.24912048876285553 0.16879631578922272
v -0.04810772091150284 0.3120681643486023 0.14004451036453247
v -0.04693540930747986 0.26505595445632935 0.17407718300819397
v -0.038982413709163666 0.2873675525188446 0.19053508341312408
v -0.05185440927743912 0.33559972047805786 0.14574705064296722
v -0.04030332341790199 0.3585430979728699 0.17094503343105316
v -0.054304104298353195 0.35165199637413025 0.19979971647262573
v -0.0542244054377079 0.3684307634830475 0.17596660554409027
v -0.05695432797074318 0.35973450541496277 0.174011692404747
v -0.045648105442523956 0.3782486915588379 0.16900235414505005
v -0.031973354518413544 0.29916462302207947 0.1622367799282074
v -0.043234553188085556 0.3447660505771637 0.1350724697113037
v -0.05124827101826668 0.38525640964508057 0.1805989146232605
v -0.04618154093623161 0.34045112133026123 0.21330127120018005
v -0.0704612284898758 0.21678367257118225 0.1527366191148758
v -0.03624517843127251 0.2836560606956482 0.18091504275798798
v -0.04959292337298393 0.3445981740951538 0.21118061244487762
v -0.05058695375919342 0.3551476299762726 0.20093531906604767
v -0.04899628832936287 0.3961813449859619 0.17951157689094543
v -0.046423885971307755 0.40238797664642334 0.1860985904932022
v -0.042934317141771317 0.4139009714126587 0.1835627257823944
v -0.046239063143730164 0.40903565287590027 0.18252144753932953
v -0.04771868512034416 0.4025016129016876 0.18032771348953247
v -0.04427202418446541 0.40567484498023987 0.17816613614559174
v -0.040374159812927246 0.4094454348087311 0.18113628029823303
v -0.04499140754342079 0.40016523003578186 0.17616239190101624
v -0.044316232204437256 0.4083968698978424 0.18844787776470184
v -0.041539568454027176 0.3910863697528839 0.18300804495811462
v -0.039488788694143295 0.4026317000389099 0.18076448142528534
v -0.04105180501937866 0.396668016910553 0.18450702726840973
v -0.04107940196990967 0.40206754207611084 0.18675842881202698
v -0.04124642536044121 0.41253945231437683 0.18834787607192993
v -0.039485473185777664 0.40762263536453247 0.1867520958185196
v -0.044521331787109375 0.4138907492160797 0.18738649785518646
v -0.043601568788290024 0.36734539270401 0.18118517100811005
v -0.041300781071186066 0.37659603357315063 0.1738966554403305
v -0.04507621005177498 0.36976757645606995 0.1674116998910904
v -0.043263886123895645 0.3740026354789734 0.18112227320671082
v -0.05266357585787773 0.3654320240020752 0.1672278344631195
v -0.05194985866546631 0.3740476071834564 0.16982287168502808
v -0.040504131466150284 0.38011202216148376 0.20395751297473907
v -0.051199741661548615 0.37709322571754456 0.19575776159763336
v -0.048497747629880905 0.37188246846199036 0.19041773676872253
v -0.04265430569648743 0.3711637854576111 0.20245736837387085
v -0.042675647884607315 0.3619228005409241 0.18697410821914673
v -0.04995029419660568 0.3649049401283264 0.20043429732322693
v -0.040182892233133316 0.35721755027770996 0.1945207118988037
v -0.043954260647296906 0.3798772692680359 0.19373685121536255
v -0.049987711012363434 0.38120660185813904 0.20265167951583862
v -0.03927135095000267 0.3878006041049957 0.2078830599784851
v -0.03879496082663536 0.3869849443435669 0.20155072212219238
v -0.05175888538360596 0.3661942183971405 0.1891724318265915
v -0.04936002567410469 0.37144505977630615 0.20249389111995697
v -0.0407598651945591 0.382861852645874 0.1968233585357666
v -0.04782749339938164 0.3845866024494171 0.1970600038766861
v -0.04372537136077881 0.3908291161060333 0.21050162613391876
v -0.04459313303232193 0.38375455141067505 0.207961767911911
v -0.045761995017528534 0.37648698687553406 0.20533397793769836
v -0.04284602776169777 0.38981252908706665 0.1987830400466919
v -0.05382465571165085 0.35974612832069397 0.19602854549884796
v -0.044426411390304565 0.37562915682792664 0.19199778139591217
v -0.045176178216934204 0.3669690787792206 0.1884763240814209
v -0.04783391207456589 0.38928353786468506 0.20362605154514313
v -0.04339537397027016 0.39544442296028137 0.20217065513134003
v -0.04329446330666542 0.39951393008232117 0.2131987363100052
v -0.04325121268630028 0.40635946393013 0.21260598301887512
v -0.04063200578093529 0.4095056653022766 0.2112923264503479
v -0.04587861895561218 0.39646512269973755 0.20768527686595917
v -0.042759448289871216 0.40343916416168213 0.20788395404815674
v -0.04070147126913071 0.41174349188804626 0.21406467258930206
v -0.03714548051357269 0.39914199709892273 0.2067824900150299
v -0.0427231602370739 0.3996414244174957 0.20471139252185822
v -0.04105682671070099 0.4051624536514282 0.21713095903396606
v -0.03831719979643822 0.3932391405105591 0.2034333050251007
v -0.03717190772294998 0.40515169501304626 0.20915590226650238
v -0.03710312768816948 0.3991454839706421 0.21333079040050507
v -0.0383467935025692 0.39399856328964233 0.21080070734024048
v -0.03580562025308609 0.4046589434146881 0.2151283174753189
v -0.03855813667178154 0.4088878631591797 0.21823641657829285
v -0.03661899268627167 0.40994545817375183 0.2141709327697754
v -0.041454751044511795 0.4103217124938965 0.21733377873897552
v -0.0492035374045372 0.3634173274040222 0.18503639101982117
v -0.040597300976514816 0.3654972314834595 0.19546329975128174
v -0.04276879131793976 0.3709167242050171 0.19146472215652466
v -0.040724918246269226 0.3755358159542084 0.19672225415706635
v -0.04904812201857567 0.3596470057964325 0.19980505108833313
v -0.04424551501870155 0.36552804708480835 0.2018260359764099
v -0.05395881086587906 0.36046281456947327 0.1866159439086914
v -0.04352855682373047 0.35997310280799866 0.20034578442573547
v -0.05313317850232124 0.36923012137413025 0.19568808376789093
v -0.04526977241039276 0.36355340480804443 0.1846570372581482
v -0.057371076196432114 0.3525231182575226 0.19222326576709747
v -0.061516933143138885 0.34382739663124084 0.18571901321411133
v -0.04191051051020622 0.36736398935317993 0.21477577090263367
v -0.05361611023545265 0.3548867106437683 0.20491759479045868
v -0.04295498505234718 0.36359480023384094 0.21893218159675598
v -0.04267346113920212 0.3560132086277008 0.20680004358291626
v -0.045277439057826996 0.36491096019744873 0.20886224508285522
v -0.05204244703054428 0.36249417066574097 0.21496793627738953
v -0.047073349356651306 0.3653993606567383 0.22001567482948303
v -0.05083562433719635 0.37030893564224243 0.21623502671718597
v -0.040779031813144684 0.37320706248283386 0.2224535495042801
v -0.05137951672077179 0.3619605302810669 0.20740322768688202
v -0.04847380146384239 0.35109394788742065 0.21347235143184662
v -0.048601556569337845 0.37504830956459045 0.21521984040737152
v -0.047704339027404785 0.37116339802742004 0.2119603157043457
v -0.04161247983574867 0.3683715760707855 0.22040006518363953
v -0.04447869211435318 0.37629571557044983 0.2256980538368225
v -0.04582783952355385 0.37095606327056885 0.22271069884300232
v -0.04905673488974571 0.3761199116706848 0.2204349935054779
v -0.04256422817707062 0.37391650676727295 0.21627040207386017
v -0.046758074313402176 0.379143089056015 0.21747785806655884
v -0.05083012208342552 0.3668970763683319 0.2100963443517685
v -0.0498378612101078 0.35804396867752075 0.20393681526184082
v -0.047746479511260986 0.38158801198005676 0.2236577868461609
v -0.04580839350819588 0.383117139339447 0.21986374258995056
v -0.04023721069097519 0.37810513377189636 0.2253974974155426
v -0.04447910934686661 0.39274874329566956 0.2257850617170334
v -0.04558507353067398 0.3922317624092102 0.22927363216876984
v -0.045430123805999756 0.38985854387283325 0.2242165505886078
v -0.04632187262177467 0.386574387550354 0.22236724197864532
v -0.04292241856455803 0.3955182135105133 0.22748009860515594
v -0.04632925987243652 0.3867185413837433 0.22791467607021332
v -0.04136374592781067 0.39174002408981323 0.2251264452934265
v -0.042020849883556366 0.3862219452857971 0.22226746380329132
v -0.042795244604349136 0.38190677762031555 0.2287321537733078
v -0.04119720309972763 0.3792421519756317 0.2200242280960083
v -0.03924940899014473 0.3825753331184387 0.22569777071475983
v -0.04125235229730606 0.38869625329971313 0.23205575346946716
v -0.038688454777002335 0.3869107663631439 0.2284042239189148
v -0.04283365607261658 0.3942181468009949 0.2330550253391266
v -0.03885425999760628 0.3929726779460907 0.2306082844734192
v -0.0431966707110405 0.396969735622406 0.23083414137363434
v -0.045878924429416656 0.3576332926750183 0.2168143093585968
v -0.04179711639881134 0.35994619131088257 0.21302483975887299
v -0.04565638303756714 0.3603825271129608 0.20617753267288208
v -0.04273761436343193 0.3529698848724365 0.21320214867591858
v -0.0545198991894722 0.3487473428249359 0.20604541897773743
v -0.04346225783228874 0.34682658314704895 0.21201342344284058
v -0.05311353877186775 0.35596683621406555 0.21121588349342346
v -0.047239504754543304 0.3477441072463989 0.2267484813928604
v -0.04630463942885399 0.3439776301383972 0.22162453830242157
v -0.038809407502412796 0.33091068267822266 0.21613983809947968
v -0.04565056785941124 0.3307983875274658 0.2229418307542801
v -0.04897432401776314 0.34231409430503845 0.2274700254201889
v -0.04408992454409599 0.3417828679084778 0.23253847658634186
v -0.04192860424518585 0.34653857350349426 0.22642961144447327
v -0.049586888402700424 0.33748579025268555 0.223690927028656
v -0.04004501551389694 0.3420237600803375 0.23013852536678314
v -0.03942960128188133 0.3494338095188141 0.23217438161373138
v -0.0430089607834816 0.34707289934158325 0.23766067624092102
v -0.03988051041960716 0.34463056921958923 0.23494477570056915
v -0.047306906431913376 0.3471636176109314 0.23229265213012695
v -0.049395859241485596 0.3264348804950714 0.21700513362884521
v -0.04440440237522125 0.35151299834251404 0.23039878904819489
v -0.04868658632040024 0.3404502272605896 0.21801111102104187
v -0.04570383206009865 0.3520042300224304 0.23576362431049347
v -0.042864859104156494 0.354555606842041 0.2336207926273346
v -0.03888672590255737 0.34754785895347595 0.23776648938655853
v -0.04259023815393448 0.3571188151836395 0.24339202046394348
v -0.04187076911330223 0.36226749420166016 0.24336649477481842
v -0.04356162250041962 0.3568740785121918 0.23751263320446014
v -0.04270743578672409 0.35204747319221497 0.24125906825065613
v -0.03895885869860649 0.36358311772346497 0.24277424812316895
v -0.04076492041349411 0.3604623079299927 0.23963317275047302
v -0.038444891571998596 0.3536795675754547 0.24310915172100067
v -0.04060763493180275 0.3623642325401306 0.24759523570537567
v -0.038386814296245575 0.3548848628997803 0.23715001344680786
v -0.03867108374834061 0.3504330515861511 0.2404940277338028
v -0.036650363355875015 0.3583934009075165 0.2423500418663025
v -0.03730924800038338 0.36184361577033997 0.2465716004371643
v -0.03867204859852791 0.357954204082489 0.24635793268680573
v -0.040630415081977844 0.3646344244480133 0.245463028550148
v -0.03999486565589905 0.33996886014938354 0.2241712063550949
v -0.042380597442388535 0.3396178185939789 0.21734941005706787
v -0.04052448272705078 0.33338895440101624 0.22254717350006104
v -0.05123541131615639 0.3337293863296509 0.21842031180858612
v -0.043320316821336746 0.3364544212818146 0.22784800827503204
v -0.046150870621204376 0.3445436656475067 0.1432390958070755
v -0.033360157161951065 0.3452122211456299 0.14433379471302032
v -0.03182779252529144 0.34458211064338684 0.1362580507993698
v -0.04385264590382576 0.35241785645484924 0.13793563842773438
v -0.039814043790102005 0.34619536995887756 0.14836116135120392
v -0.031973596662282944 0.35302144289016724 0.13337551057338715
v -0.03672310709953308 0.3469623029232025 0.1318945586681366
v -0.03869021683931351 0.3538326025009155 0.13149353861808777
v -0.03243430331349373 0.35318732261657715 0.14106225967407227
v -0.0419088639318943 0.3606833517551422 0.1411183774471283
v -0.031838126480579376 0.37356632947921753 0.13050638139247894
v -0.03688817098736763 0.3721485733985901 0.12874281406402588
v -0.034536655992269516 0.35948219895362854 0.1300555169582367
v -0.039022453129291534 0.36522600054740906 0.13005073368549347
v -0.04191717877984047 0.35948899388313293 0.1334684044122696
v -0.04230773448944092 0.372441828250885 0.13321173191070557
v -0.0323357954621315 0.3687753677368164 0.1376722902059555
v -0.03212928771972656 0.36646342277526855 0.13043686747550964
v -0.03485287353396416 0.378682404756546 0.12935014069080353
v -0.03913932666182518 0.37283873558044434 0.13897913694381714
v -0.03873956948518753 0.381216436624527 0.13186843693256378
v -0.040361493825912476 0.37806999683380127 0.13125911355018616
v -0.03949178755283356 0.35320472717285156 0.14442035555839539
v -0.03078353963792324 0.36062610149383545 0.13580629229545593
v -0.042960308492183685 0.36712270975112915 0.13602055609226227
v -0.03981848806142807 0.3665481507778168 0.14130468666553497
v -0.035723354667425156 0.3615756034851074 0.1423955112695694
v -0.03999095782637596 0.3786587119102478 0.13521277904510498
v -0.036506857722997665 0.3804101049900055 0.13419502973556519
v -0.0330735519528389 0.37603822350502014 0.13522352278232574
v -0.06884057074785233 0.2996405065059662 0.16680081188678741
v -0.042417507618665695 0.35453975200653076 0.20118333399295807
v -0.05358172953128815 0.3313789963722229 0.21108338236808777
v -0.04149847477674484 0.34315672516822815 0.21119354665279388
v -0.04221169278025627 0.3250654935836792 0.21853512525558472
v -0.03787945583462715 0.32292717695236206 0.21352657675743103
v -0.03653330355882645 0.309571772813797 0.206582710146904
v -0.03546030819416046 0.31937938928604126 0.20564796030521393
v -0.037192054092884064 0.32998064160346985 0.20621764659881592
v -0.034111857414245605 0.3060202896595001 0.20053663849830627
v -0.054617300629615784 0.3399721384048462 0.2065507471561432
v -0.0390130989253521 0.33704590797424316 0.21069996058940887
v -0.03865763917565346 0.34060949087142944 0.20337919890880585
v -0.03498552739620209 0.3168017864227295 0.18323250114917755
v -0.03251878544688225 0.31555700302124023 0.16905084252357483
v -0.03956671804189682 0.3496309220790863 0.16655024886131287
v -0.045733492821455 0.35261499881744385 0.15981826186180115
v -0.0534595362842083 0.34813597798347473 0.15822207927703857
v -0.04771091416478157 0.3453885018825531 0.15203510224819183
v -0.05669775977730751 0.3381473124027252 0.15444917976856232
v -0.04614416882395744 0.33541998267173767 0.13720861077308655
v -0.038552895188331604 0.3294371962547302 0.13421973586082458
v -0.031400587409734726 0.3269467353820801 0.16084901988506317
v -0.03215925395488739 0.3038705587387085 0.1765030324459076
v -0.03428036719560623 0.29736989736557007 0.1953677386045456
v -0.034798480570316315 0.29857608675956726 0.14973904192447662
v -0.060870200395584106 0.29484763741493225 0.14206215739250183
v -0.043768975883722305 0.2938861846923828 0.19822357594966888
v -0.055729180574417114 0.3116021454334259 0.20211179554462433
v -0.054183874279260635 0.29051002860069275 0.1919277310371399
v -0.07114686816930771 0.2883487045764923 0.17454561591148376
v -0.0312739722430706 0.32735297083854675 0.13903898000717163
v -0.03379680588841438 0.33881378173828125 0.1538010686635971
v -0.02279815636575222 0.40916937589645386 0.012094401754438877
v -0.02412593923509121 0.4072153568267822 0.012753710150718689
v -0.026582717895507812 0.41083425283432007 0.01305368635803461
v -0.03233622387051582 0.25613340735435486 0.01564226858317852
v -0.058199021965265274 0.36284175515174866 -0.05647456273436546
v -0.05949001386761665 0.37120673060417175 -0.05584101378917694
v -0.061752770096063614 0.4020383358001709 -0.07104752212762833
v -0.061613984405994415 0.3946724534034729 -0.07028506696224213
v -0.061404380947351456 0.38812053203582764 -0.06883330643177032
v -0.11651957780122757 0.22609907388687134 0.04984034597873688
v -0.11060424149036407 0.20750252902507782 0.052780330181121826
v -0.11624254286289215 0.21679145097732544 0.057688888162374496
v -0.12659452855587006 0.22309523820877075 0.05999345704913139
v -0.14673683047294617 0.15360309183597565 0.013777107931673527
v -0.14029461145401 0.22594891488552094 0.05550171807408333
v -0.15081962943077087 0.2158931940793991 0.06129857152700424
v -0.1702357679605484 0.19792667031288147 0.0432438962161541
v -0.1251140683889389 0.1647413820028305 0.026346072554588318
v -0.11821576207876205 0.17704883217811584 0.031363487243652344
v -0.11924351006746292 0.16137781739234924 0.040442340075969696
v -0.1213826984167099 0.1647099107503891 0.03306496888399124
v -0.12761422991752625 0.16691888868808746 0.019549760967493057
v -0.13054479658603668 0.16957515478134155 0.011743441224098206
v -0.1340513676404953 0.16225533187389374 0.01472792960703373
v -0.1417585015296936 0.1594294309616089 0.009390871040523052
v -0.13815784454345703 0.15504063665866852 0.018304836004972458
v -0.15411970019340515 0.1493426114320755 0.019804921001195908
v -0.16866125166416168 0.1634659320116043 0.028345663100481033
v -0.17028334736824036 0.17193792760372162 0.04152731969952583
v -0.1094682365655899 0.20125533640384674 0.03059004433453083
v -0.11031761765480042 0.19349631667137146 0.034755341708660126
v -0.11207212507724762 0.19443295896053314 0.026431167498230934
v -0.10938037186861038 0.20927231013774872 0.043539002537727356
v -0.11152268946170807 0.21628394722938538 0.050006888806819916
v -0.10831095278263092 0.2075316309928894 0.03498823940753937
v -0.10919281840324402 0.20020996034145355 0.04778784513473511
v -0.16271445155143738 0.2094891369342804 0.05304260179400444
v -0.17216038703918457 0.17053550481796265 0.061166271567344666
v -0.11973575502634048 0.17032548785209656 0.03081325814127922
v -0.1158895269036293 0.17688585817813873 0.03374803811311722
v -0.11373720318078995 0.18593095242977142 0.030622007325291634
v -0.15241853892803192 0.1426251083612442 0.031462304294109344
v -0.16703182458877563 0.15619276463985443 0.04143168404698372
v -0.12739823758602142 0.1767691820859909 0.009242179803550243
v -0.12330955266952515 0.18257226049900055 0.01138340588659048
v -0.12319087237119675 0.1893477737903595 0.005687350407242775
v -0.13849176466464996 0.18433235585689545 -0.012357732281088829
v -0.14534461498260498 0.18079344928264618 -0.01626218855381012
v -0.14260944724082947 0.17635419964790344 -0.009315612725913525
v -0.1676376760005951 0.1763569414615631 -0.009488286450505257
v -0.1437680721282959 0.24599234759807587 0.03153623268008232
v -0.10892651230096817 0.22059126198291779 0.02211613766849041
v -0.11070290952920914 0.22796575725078583 0.011684291064739227
v -0.1106097623705864 0.22089089453220367 0.014506197534501553
v -0.11290571838617325 0.22135649621486664 0.006504202727228403
v -0.1503361016511917 0.1737809032201767 -0.012601095251739025
v -0.15759700536727905 0.16915129125118256 -0.00844172015786171
v -0.11753632128238678 0.23454448580741882 0.04210304841399193
v -0.11048074811697006 0.22061437368392944 0.04346831515431404
v -0.11175962537527084 0.23331940174102783 0.03392350673675537
v -0.16529132425785065 0.21726474165916443 0.03510535880923271
v -0.12732937932014465 0.19111643731594086 -0.0026898463256657124
v -0.13276807963848114 0.1857188642024994 -0.006400293670594692
v -0.1289990246295929 0.23384638130664825 0.0491960383951664
v -0.10876830667257309 0.21925194561481476 0.029253870248794556
v -0.10907027870416641 0.21573852002620697 0.036559224128723145
v -0.11252636462450027 0.22838406264781952 0.04130597785115242
v -0.11002234369516373 0.22478234767913818 0.03521425276994705
v -0.15436974167823792 0.22429092228412628 0.04642459750175476
v -0.11675742268562317 0.21449394524097443 0.0015293275937438011
v -0.11264511942863464 0.21316048502922058 0.009725497104227543
v -0.11688757687807083 0.20545005798339844 0.005633181426674128
v -0.1615414321422577 0.15796062350273132 0.011857928708195686
v -0.15098778903484344 0.15838131308555603 0.005620828829705715
v -0.09952034056186676 0.07545212656259537 -0.11439977586269379
v -0.12651601433753967 0.07139045000076294 -0.023703934624791145
v -0.09546718746423721 0.07486847043037415 0.05223395675420761
v -0.13095396757125854 0.04354570433497429 -0.03895298391580582
v -0.08453746885061264 0.06122532859444618 -0.1295751929283142
v -0.11489367485046387 0.08832278102636337 -0.09855951368808746
v -0.06876590847969055 0.09289981424808502 0.0773315280675888
v -0.03836088627576828 0.06467496603727341 0.09443140029907227
v -0.12740468978881836 0.0910419449210167 -0.07485432177782059
v -0.03677251935005188 0.2245345562696457 0.04878025874495506
v -0.06356019526720047 0.21825078129768372 0.05329577997326851
v -0.1017061397433281 0.2304031252861023 0.03377348184585571
v -0.10440445691347122 0.22253306210041046 0.034479644149541855
v -0.11001305282115936 0.21823078393936157 0.030332494527101517
v -0.10801928490400314 0.22589047253131866 0.029173921793699265
v -0.11961419880390167 0.20581622421741486 0.02339295670390129
v -0.1191762313246727 0.2152216136455536 0.021016716957092285
v -0.11494149267673492 0.2129863202571869 0.026924079284071922
v -0.12520746886730194 0.20057019591331482 0.01721024699509144
v -0.1307530552148819 0.20158624649047852 0.009603381156921387
v -0.12749016284942627 0.21064873039722443 0.010568054392933846
v -0.13599970936775208 0.2078489065170288 -0.004452241584658623
v -0.13586872816085815 0.2007334679365158 0.0015066413907334208
v -0.12554824352264404 0.17763708531856537 0.017037702724337578
v -0.12237901985645294 0.16315145790576935 0.027321504428982735
v -0.12654034793376923 0.16204147040843964 0.02027851715683937
v -0.11581216752529144 0.18474334478378296 0.03316880762577057
v -0.11488289386034012 0.19371441006660461 0.03184961900115013
v -0.12094074487686157 0.18000763654708862 0.024965638294816017
v -0.1092715635895729 0.20123399794101715 0.03702135384082794
v -0.10940276086330414 0.1860111802816391 0.043096814304590225
v -0.058390770107507706 0.179315447807312 0.07836920022964478
v -0.024246037006378174 0.17231595516204834 0.07935076206922531
v -0.01142450887709856 0.18367528915405273 0.07091084122657776
v -0.011931568384170532 0.1486777663230896 0.08114125579595566
v -0.13698022067546844 0.19008995592594147 0.08541691303253174
v -0.12069816142320633 0.18079078197479248 0.08298713713884354
v -0.11877137422561646 0.18679513037204742 0.08522136509418488
v -0.09683609008789062 0.16315612196922302 0.11003166437149048
v -0.10498061031103134 0.14916926622390747 0.11915163695812225
v -0.1475556343793869 0.1539965271949768 0.1361123025417328
v -0.15960374474525452 0.1595727652311325 0.12473122775554657
v -0.1585729867219925 0.17643310129642487 0.11974073201417923
v -0.15257009863853455 0.19749782979488373 0.10066194087266922
v -0.14848989248275757 0.19904382526874542 0.09281934797763824
v -0.14180631935596466 0.20162735879421234 0.09250359237194061
v -0.12771277129650116 0.19692210853099823 0.0876971110701561
v -0.11662665754556656 0.17613212764263153 0.08358355611562729
v -0.11414863169193268 0.18151035904884338 0.08607544749975204
v -0.10613635927438736 0.182261660695076 0.09201586246490479
v -0.11037297546863556 0.17345881462097168 0.08714213967323303
v -0.10746641457080841 0.16110454499721527 0.09078056365251541
v -0.1053505465388298 0.14943572878837585 0.10260658711194992
v -0.1312345713376999 0.16303884983062744 0.14330513775348663
v -0.14019426703453064 0.20954135060310364 0.10993903130292892
v -0.11112992465496063 0.20098111033439636 0.09408897906541824
v -0.09137492626905441 0.19757264852523804 0.10898683965206146
v -0.12810300290584564 0.22060836851596832 0.11503100395202637
v -0.14123068749904633 0.18323230743408203 0.14285489916801453
v -0.12791626155376434 0.21226844191551208 0.10240776836872101
v -0.08475939929485321 0.1906614601612091 0.1209525391459465
v -0.13037645816802979 0.19673477113246918 0.15070581436157227
v -0.10205414146184921 0.21036487817764282 0.10296841710805893
v -0.0883006826043129 0.17825362086296082 0.13140276074409485
v -0.10282207280397415 0.24178890883922577 0.12316637486219406
v -0.07853290438652039 0.20580792427062988 0.1271972358226776
v -0.09413966536521912 0.18629904091358185 0.15075422823429108
v -0.13197815418243408 0.21249918639659882 0.14284652471542358
v -0.09897639602422714 0.20013833045959473 0.1597701609134674
v -0.07465152442455292 0.20450986921787262 0.14301301538944244
v -0.1275295615196228 0.22517302632331848 0.1308514028787613
v -0.08706870675086975 0.21458040177822113 0.11506108194589615
v -0.08205849677324295 0.1913592666387558 0.13937395811080933
v -0.08687635511159897 0.23719750344753265 0.1191156730055809
v -0.06378938257694244 0.23048600554466248 0.1479254812002182
v -0.06526374816894531 0.23018333315849304 0.1605401188135147
v -0.10924047976732254 0.23274508118629456 0.1566040813922882
v -0.11054828017950058 0.2428256869316101 0.14383375644683838
v -0.0735473483800888 0.24454806745052338 0.12612491846084595
v -0.08596895635128021 0.2300776243209839 0.16788527369499207
v -0.0811254009604454 0.24507001042366028 0.1704280972480774
v -0.0946851298213005 0.2421780377626419 0.16409577429294586
v -0.07693532109260559 0.2197115123271942 0.16354918479919434
v -0.08739372342824936 0.2655031681060791 0.13422676920890808
v -0.07106061279773712 0.26508745551109314 0.13008999824523926
v -0.04296986386179924 0.2696390450000763 0.1601196825504303
v -0.0649513453245163 0.24036778509616852 0.16935482621192932
v -0.09049484878778458 0.25777289271354675 0.16256649792194366
v -0.04897148162126541 0.2572474777698517 0.16235046088695526
v -0.052685029804706573 0.25762829184532166 0.14786043763160706
v -0.09274906665086746 0.2647736668586731 0.148186594247818
v -0.06934013217687607 0.2511131167411804 0.17458553612232208
v -0.05655619874596596 0.2582801878452301 0.17617568373680115
v -0.08023205399513245 0.3066628873348236 -0.07346781343221664
v -0.059233810752630234 0.2957269847393036 -0.040659669786691666
v -0.06035317853093147 0.2894308567047119 -0.029187684878706932
v -0.04678793624043465 0.2891950011253357 -0.028565526008605957
v -0.03895296901464462 0.28201019763946533 -0.01959817297756672
v -0.06410136073827744 0.3003314137458801 -0.05038207769393921
v -0.07542002201080322 0.27002573013305664 -0.13406826555728912
v -0.11945275217294693 0.11284953355789185 -0.09929071366786957
v -0.02955164946615696 0.09688376635313034 0.09262148290872574
v -0.12935099005699158 0.08809692412614822 -0.04694073647260666
v -0.11469274014234543 0.114497609436512 0.0250714011490345
v -0.068952277302742 0.1129039078950882 0.07765168696641922
v -0.03638381510972977 0.24283258616924286 -0.14574655890464783
v -0.11382409185171127 0.2691168189048767 -0.11707901954650879
v -0.1354105919599533 0.29187875986099243 -0.08562202006578445
v -0.1509152352809906 0.2933522164821625 -0.052038416266441345
v -0.16457012295722961 0.2482306808233261 -0.006350846961140633
v -0.17112527787685394 0.23345881700515747 -0.007716168183833361
v -0.17130404710769653 0.20183610916137695 0.027667244896292686
v -0.17315471172332764 0.19636304676532745 0.012390192598104477
v -0.1727866679430008 0.18118812143802643 0.011833779513835907
v -0.16491608321666718 0.182090163230896 -0.021638840436935425
v -0.16872452199459076 0.19765740633010864 -0.03876953199505806
v -0.1601894199848175 0.20067450404167175 -0.05377038195729256
v -0.16060175001621246 0.19908450543880463 -0.06422115117311478
v -0.14131546020507812 0.16716298460960388 -0.0910891741514206
v -0.09927845746278763 0.1298537254333496 -0.11660050600767136
v -0.09950469434261322 0.10281870514154434 -0.11754082143306732
v -0.09263886511325836 0.02703472599387169 -0.126227006316185
v -0.0026093656197190285 0.01230486948043108 -0.13318827748298645
v -0.12772414088249207 -0.00920048262923956 -0.04149897024035454
v -0.07335622608661652 -0.03253139927983284 0.04791424050927162
v -0.10341561585664749 0.0028681429103016853 -0.11365828663110733
v -0.033617742359638214 -0.04333040863275528 0.06886028498411179
v -0.05082390829920769 -0.03942156210541725 0.0649152547121048
v -0.11589930206537247 -0.019540434703230858 -0.005546272732317448
v -0.17018361389636993 0.21388673782348633 0.01801057904958725
v -0.05119486153125763 0.15296070277690887 -0.1441066414117813
v -0.1012696772813797 0.18648719787597656 -0.1246587410569191
v -0.16666176915168762 0.22347043454647064 -0.06489697843790054
v -0.17169849574565887 0.24392752349376678 -0.04025311768054962
v -0.13842956721782684 0.18448102474212646 0.0014032847248017788
v -0.12987394630908966 0.19305311143398285 0.01102950144559145
v -0.13592876493930817 0.19239234924316406 0.0038047833368182182
v -0.14184075593948364 0.18662838637828827 -0.0045761363580822945
v -0.14567893743515015 0.18030601739883423 -0.010929500684142113
v -0.1448197215795517 0.19015461206436157 -0.01152819488197565
v -0.1482703983783722 0.18490023910999298 -0.017359884455800056
v -0.15432971715927124 0.17818792164325714 -0.03225167840719223
v -0.14979644119739532 0.1771942377090454 -0.019674675539135933
v -0.1519097089767456 0.18261434137821198 -0.026330387219786644
v -0.15526245534420013 0.1859474629163742 -0.03380167484283447
v -0.1567181944847107 0.18029963970184326 -0.04037978872656822
v -0.15890498459339142 0.18749864399433136 -0.04534836858510971
v -0.15870511531829834 0.18035942316055298 -0.04890779033303261
v -0.15923264622688293 0.18285028636455536 -0.05724796652793884
v -0.15873633325099945 0.1896054893732071 -0.06803737580776215
v -0.13385829329490662 0.2046923190355301 -0.1033957228064537
v -0.1312032788991928 0.2274148315191269 -0.10437588393688202
v -0.09898728877305984 0.258588045835495 -0.12953625619411469
v -0.13140521943569183 0.14040552079677582 0.01011792290955782
v -0.12644381821155548 0.14632122218608856 0.019788160920143127
v -0.13178269565105438 0.14963877201080322 0.012448455207049847
v -0.1371811330318451 0.15021590888500214 0.004791772924363613
v -0.13661757111549377 0.14049524068832397 0.001016767113469541
v -0.13597440719604492 0.13083139061927795 -0.004503410309553146
v -0.1415892094373703 0.13747894763946533 -0.011135491542518139
v -0.14503122866153717 0.13513195514678955 -0.02395470440387726
v -0.14827775955200195 0.1342136263847351 -0.04240760579705238
v -0.15002119541168213 0.14915971457958221 -0.026812797412276268
v -0.14728692173957825 0.13706618547439575 -0.06475567072629929
v -0.11916960030794144 0.1383187621831894 -0.10084917396306992
v -0.07754527777433395 0.16649383306503296 -0.13068647682666779
v -0.10997802019119263 0.23579654097557068 -0.12470294535160065
v -0.054315175861120224 0.26230770349502563 -0.14111672341823578
v -0.05790361016988754 0.28589749336242676 -0.12963256239891052
v -0.17469742894172668 0.1992749571800232 -0.0059365686029195786
v -0.17337442934513092 0.20889896154403687 0.0035272708628326654
v -0.17281296849250793 0.18799829483032227 -0.013561472296714783
v -0.17400072515010834 0.23276330530643463 -0.02254619635641575
v -0.1736501157283783 0.21315692365169525 -0.039849653840065
v -0.17548707127571106 0.20485928654670715 -0.01813356950879097
v -0.17569679021835327 0.217514306306839 -0.0254074577242136
v -0.04497355595231056 0.17891564965248108 -0.1451314389705658
v -0.14740076661109924 0.21218273043632507 -0.09180979430675507
v -0.1727319210767746 0.22716446220874786 -0.050452396273612976
v -0.1690954715013504 0.24019719660282135 -0.05835527554154396
v -0.07312824577093124 0.18828602135181427 -0.13726866245269775
v -0.1163875088095665 0.21064333617687225 -0.11815167963504791
v -0.17487090826034546 0.2283315509557724 -0.03644392639398575
v -0.17449913918972015 0.21739444136619568 -0.009924639947712421
v -0.11516356468200684 0.2785295248031616 0.0056318482384085655
v -0.1270681619644165 0.2963542938232422 -0.014433289878070354
v -0.14876075088977814 0.2941295802593231 -0.03350453078746796
v -0.16536182165145874 0.2597770690917969 -0.03375891223549843
v -0.10786717385053635 0.2900829613208771 -0.006767439655959606
v -0.13252393901348114 0.30614998936653137 -0.03153008967638016
v -0.15941493213176727 0.27514123916625977 -0.043264273554086685
v -0.10402674227952957 0.3031306564807892 -0.0965363085269928
v -0.07375746965408325 0.3057318329811096 -0.10822193324565887
v -0.037139441817998886 0.28710970282554626 -0.133388489484787
v -0.13181062042713165 0.11464139074087143 0.0918002799153328
v -0.11372318863868713 0.15135522186756134 0.07890809327363968
v -0.11860714107751846 0.13400834798812866 0.07011595368385315
v -0.16196027398109436 0.12284043431282043 0.08838089555501938
v -0.14640472829341888 0.11447427421808243 0.08363209664821625
v -0.11629047989845276 0.17177452147006989 0.07690637558698654
v -0.1314232498407364 0.1819450557231903 0.08406766504049301
v -0.11422470957040787 0.1590191125869751 0.077506884932518
v -0.11649931222200394 0.16331923007965088 0.08163514733314514
v -0.11937927454710007 0.12770865857601166 0.0817280188202858
v -0.1684858500957489 0.15406371653079987 0.10816454142332077
v -0.1358928680419922 0.18422554433345795 0.08512315899133682
v -0.1552748680114746 0.18861544132232666 0.0895022451877594
v -0.15965363383293152 0.1901959478855133 0.0949476808309555
v -0.1207549050450325 0.17196622490882874 0.0817452147603035
v -0.1396242082118988 0.19200469553470612 0.08651579916477203
v -0.1479509174823761 0.19401627779006958 0.0887649729847908
v -0.15013013780117035 0.11484303325414658 0.11570221930742264
v -0.11976813524961472 0.12606221437454224 0.09639685600996017
v -0.11347474902868271 0.1582915335893631 0.0836053118109703
v -0.15333221852779388 0.11308702826499939 0.09913046658039093
v -0.16072791814804077 0.24210810661315918 -0.07318547368049622
v -0.09089703857898712 0.21500596404075623 -0.13530607521533966
v -0.007554591633379459 0.14880843460559845 -0.14215843379497528
v -0.022967888042330742 0.033878225833177567 -0.1373482346534729
v -0.012304862961173058 0.10016880184412003 -0.1422969549894333
v -0.026961088180541992 0.11852497607469559 -0.1459628939628601
v -0.02603699080646038 0.1622164398431778 -0.14631237089633942
v -0.0180937759578228 0.19093213975429535 -0.14518360793590546
v -0.08834462612867355 0.19842290878295898 0.05530476197600365
v -0.10363677144050598 0.200734943151474 0.043909426778554916
v -0.09526053071022034 0.20566540956497192 0.0489681214094162
v -0.08676809817552567 0.17745833098888397 0.06891471147537231
v -0.10494735091924667 0.18473578989505768 0.049976348876953125
v -0.10435443371534348 0.1925155371427536 0.04657301306724548
v -0.10240080207586288 0.1784069687128067 0.05633581057190895
v -0.10364742577075958 0.16957849264144897 0.057955365628004074
v -0.07806219905614853 0.16946722567081451 0.07737556844949722
v -0.11965584009885788 0.2243451476097107 -0.007009358610957861
v -0.11573733389377594 0.2311278134584427 -0.004181377589702606
v -0.12099026888608932 0.21600520610809326 -0.006030980031937361
v -0.11612184345722198 0.22267062962055206 -0.0009433778468519449
v -0.13107813894748688 0.21588104963302612 -0.02065955474972725
v -0.12839707732200623 0.2209753543138504 -0.0190168134868145
v -0.12661316990852356 0.21521782875061035 -0.013740128837525845
v -0.12373710423707962 0.2210691273212433 -0.011877932585775852
v -0.12540790438652039 0.2087939828634262 -0.009132974781095982
v -0.12986688315868378 0.20937727391719818 -0.015636585652828217
v -0.017437579110264778 0.3056461811065674 0.029422471299767494
v -0.005464810412377119 0.317207008600235 0.04008926823735237
v -0.004579863045364618 0.3021154999732971 -0.005442046094685793
v -0.01966230943799019 0.2985226809978485 -0.015270846895873547
v -0.01478586532175541 0.31641942262649536 0.03842175006866455
v -0.009927680715918541 0.29290324449539185 -0.020677130669355392
v -0.008032724261283875 0.1961502879858017 0.06121769919991493
v -0.02179862931370735 0.209077849984169 0.05767138674855232
v -0.020818345248699188 0.29239752888679504 -0.019246341660618782
v -0.011952069588005543 0.2978608012199402 -0.013731091283261776
v -0.003393456805497408 0.2558487355709076 0.01167549379169941
v -0.0035005914978682995 0.16959093511104584 0.07498755306005478
v -0.017873376607894897 0.2632719576358795 0.003820580430328846
v -0.013821265660226345 0.2732466161251068 -0.008825274184346199
v -0.09476766735315323 -0.14687198400497437 -0.0956994891166687
v -0.08488017320632935 -0.13016481697559357 -0.11072798818349838
v -0.11383528262376785 -0.06550097465515137 -0.09031843394041061
v -0.0656871646642685 -0.14273186028003693 -0.11561025679111481
v -0.12116833031177521 -0.0415441058576107 -0.0876363068819046
v -0.10272354632616043 -0.06510421633720398 -0.11649158596992493
v -0.08003116399049759 -0.11115469038486481 -0.1252877414226532
v -0.09402860701084137 -0.019645921885967255 -0.12695316970348358
v -0.016629356890916824 -0.13951660692691803 -0.11530229449272156
v -0.065655417740345 -0.07141213119029999 -0.14966192841529846
v -0.05665987730026245 -0.04738570377230644 -0.15256288647651672
v -0.08612217009067535 -0.061202630400657654 -0.1408853977918625
v -0.042591143399477005 -0.14290927350521088 -0.11804848164319992
v -0.025536153465509415 -0.09923621267080307 -0.14474652707576752
v -0.042254138737916946 -0.07477577030658722 -0.15175819396972656
v -0.050016019493341446 -0.020467441529035568 -0.14576289057731628
v -0.04624534770846367 0.048346146941185 -0.14014683663845062
v -0.1146247461438179 -0.25608503818511963 -0.006930354982614517
v -0.08521569520235062 -0.3086705207824707 -0.014552388340234756
v -0.03330293297767639 -0.2744501829147339 -0.0342404730618
v -0.026785191148519516 -0.2343650460243225 -0.014271227642893791
v -0.01921110413968563 -0.23600263893604279 -0.025072958320379257
v -0.13142308592796326 -0.24586935341358185 -0.03736337646842003
v -0.1232849732041359 -0.29770123958587646 -0.03156614676117897
v -0.010105114430189133 -0.22651177644729614 -0.04903537034988403
v -0.015355928801000118 -0.22455967962741852 -0.07086997479200363
v -0.022587720304727554 -0.23378539085388184 -0.08288456499576569
v -0.016084721311926842 -0.23908336460590363 -0.07041719555854797
v -0.02246471494436264 -0.2657836675643921 -0.07823143154382706
v -0.09212744235992432 -0.23138776421546936 -0.1013520359992981
v -0.1254056841135025 -0.22367745637893677 -0.06800772249698639
v -0.13116678595542908 -0.22784146666526794 -0.04768390208482742
v -0.12593334913253784 -0.26918691396713257 -0.07262397557497025
v -0.04121994227170944 -0.2326086014509201 -0.004260529298335314
v -0.04830056056380272 -0.29233914613723755 -0.028995174914598465
v -0.06838209927082062 -0.25471407175064087 -0.006855776999145746
v -0.06778229027986526 -0.2853957414627075 -0.01516945380717516
v -0.022946665063500404 -0.27818289399147034 -0.06786181777715683
v -0.012076890096068382 -0.22932501137256622 -0.03729014843702316
v -0.013444952666759491 -0.2242104858160019 -0.02766304276883602
v -0.017236532643437386 -0.24200651049613953 -0.03525994345545769
v -0.04883980005979538 -0.21695925295352936 -0.10116703063249588
v -0.051219623535871506 -0.2628094255924225 -0.10888133943080902
v -0.09518267214298248 -0.2585257291793823 -0.1072029322385788
v -0.11139284819364548 -0.22720317542552948 -0.08631061017513275
v -0.11304949969053268 -0.2695308029651642 -0.09418502449989319
v -0.02065785601735115 -0.2182721197605133 -0.07932163029909134
v -0.03156009688973427 -0.2230147272348404 -0.0914025753736496
v -0.032962437719106674 -0.2640954852104187 -0.09508127719163895
v -0.058500759303569794 -0.48990365862846375 -0.1184331476688385
v -0.07836684584617615 -0.5027452707290649 -0.17373234033584595
v -0.13222315907478333 -0.46913397312164307 -0.14815260469913483
v -0.14107128977775574 -0.5123025178909302 -0.1244279220700264
v -0.13321545720100403 -0.5246108174324036 -0.10804517567157745
v -0.13369323313236237 -0.5079455375671387 -0.10405655950307846
v -0.06705249100923538 -0.4817115366458893 -0.10106746107339859
v -0.08278710395097733 -0.5110234022140503 -0.1022554412484169
v -0.08790182322263718 -0.5276212692260742 -0.10656708478927612
v -0.1027815043926239 -0.5207450985908508 -0.10030371695756912
v -0.11664296686649323 -0.5317093133926392 -0.10274086892604828
v -0.07509580999612808 -0.4810955226421356 -0.16745351254940033
v -0.09231776744127274 -0.46860000491142273 -0.16977067291736603
v -0.11477094888687134 -0.4774934947490692 -0.16835111379623413
v -0.14007574319839478 -0.4794464409351349 -0.12570787966251373
v -0.06278862804174423 -0.4982527494430542 -0.15805581212043762
v -0.12823143601417542 -0.46368858218193054 -0.08940750360488892
v -0.13656534254550934 -0.47624656558036804 -0.1057790145277977
v -0.058137908577919006 -0.469653844833374 -0.11405181884765625
v -0.12260819226503372 -0.41736599802970886 -0.12725116312503815
v -0.12858040630817413 -0.4324844479560852 -0.1270369291305542
v -0.06036753207445145 -0.4414783716201782 -0.09412332624197006
v -0.0969860851764679 -0.46448081731796265 -0.08119720220565796
v -0.12038027495145798 -0.47816070914268494 -0.0874185636639595
v -0.128472700715065 -0.4236132502555847 -0.10930535197257996
v -0.1317322552204132 -0.4432636797428131 -0.09806505590677261
v -0.11810717731714249 -0.4450688064098358 -0.15223565697669983
v -0.08597904443740845 -0.41937848925590515 -0.1443067044019699
v -0.0822049006819725 -0.4723046123981476 -0.0894317552447319
v -0.07414630055427551 -0.4374462366104126 -0.1481836885213852
v -0.056968413293361664 -0.4516725242137909 -0.11496493220329285
v -0.119941845536232 -0.5744235515594482 -0.12077846378087997
v -0.12976205348968506 -0.5795016884803772 -0.12673185765743256
v -0.06006098538637161 -0.5347589254379272 -0.13786153495311737
v -0.0769278034567833 -0.5505159497261047 -0.17196522653102875
v -0.13699577748775482 -0.5275341272354126 -0.1564365178346634
v -0.13481967151165009 -0.5514624118804932 -0.12170470505952835
v -0.13937100768089294 -0.5329014658927917 -0.12400522083044052
v -0.06855428963899612 -0.52556973695755 -0.1155410036444664
v -0.06830434501171112 -0.5457417964935303 -0.1252254694700241
v -0.08886314183473587 -0.5748167037963867 -0.12435366213321686
v -0.11494088917970657 -0.5478684306144714 -0.10902789235115051
v -0.10042747110128403 -0.5418457984924316 -0.10866299271583557
v -0.0787702202796936 -0.527980625629425 -0.17468474805355072
v -0.09566657245159149 -0.5135950446128845 -0.17870880663394928
v -0.12735754251480103 -0.5394063591957092 -0.1713148057460785
v -0.14075426757335663 -0.5237447023391724 -0.1395873725414276
v -0.14003700017929077 -0.5428969264030457 -0.13855929672718048
v -0.06555397063493729 -0.5506079792976379 -0.15460073947906494
v -0.05696135386824608 -0.14878778159618378 0.03362171724438667
v -0.005342508666217327 -0.1781308501958847 -0.012024921365082264
v -0.005937887821346521 -0.17339515686035156 -0.005317799746990204
v -0.1111142709851265 -0.10098119080066681 -0.0756382867693901
v -0.030946770682930946 -0.16293375194072723 0.023151427507400513
v -0.02421422116458416 -0.1703917235136032 0.016586868092417717
v -0.12504169344902039 -0.09861981868743896 -0.05477309226989746
v -0.1294429451227188 -0.10238999128341675 -0.01729578897356987
v -0.07536628842353821 -0.1521638184785843 0.028776368126273155
v -0.010721364989876747 -0.1773499995470047 0.001010526204481721
v -0.04680720716714859 -0.15691521763801575 0.031115807592868805
v -0.0005318818730302155 -0.16950775682926178 -0.032935433089733124
v -0.10375772416591644 -0.08725937455892563 -0.09445857256650925
v -0.08447128534317017 -0.08413923531770706 -0.13443520665168762
v -0.04583503305912018 -0.10222072899341583 -0.14478519558906555
v -0.04135895147919655 -0.13439208269119263 0.0345367006957531
v -0.03259566053748131 -0.14195068180561066 0.03614664822816849
v -0.03672977536916733 -0.13180159032344818 0.04355202242732048
v -0.013074028305709362 -0.13708457350730896 0.06302104145288467
v -0.029873553663492203 -0.16661673784255981 -0.09042264521121979
v -0.020998260006308556 -0.17549073696136475 -0.0783189907670021
v -0.004686867818236351 -0.16347482800483704 0.04314689338207245
v -0.12689347565174103 -0.002682332880795002 -0.07047935575246811
v -0.07756540924310684 -0.05326411873102188 0.0350332073867321
v -0.027079777792096138 -0.06058630719780922 0.06354247033596039
v -0.12316925823688507 -0.02486497350037098 -0.025716008618474007
v -0.04635961353778839 -0.05210777372121811 0.0566125251352787
v -0.10768069326877594 -0.03609926626086235 0.00654668640345335
v -0.02432224527001381 0.07030544430017471 -0.1399550437927246
v -0.021455632522702217 0.04076253995299339 0.09731526672840118
v -0.12565046548843384 0.062395527958869934 -0.05976935848593712
v -0.12496189028024673 0.04248587787151337 -0.08365941792726517
v -0.06024825572967529 0.06967081874608994 -0.1383974403142929
v -0.0022599792573601007 -0.04495818540453911 -0.1507219821214676
v -0.11443722248077393 -0.015320168808102608 -0.09676279872655869
v -0.12550866603851318 -0.024635927751660347 -0.06535883992910385
v -0.12831242382526398 -0.04335292801260948 -0.026795092970132828
v -0.09677380323410034 -0.05268565192818642 0.021733026951551437
v -0.0564349889755249 -0.06566676497459412 0.05100593715906143
v -0.018377438187599182 -0.08173283189535141 0.06194949150085449
v -0.09789808839559555 -0.04273467883467674 -0.13149674236774445
v -0.009605685248970985 0.3291337788105011 0.037251733243465424
v -0.022723523899912834 0.46213385462760925 0.006763288751244545
v -0.008429612964391708 0.40482503175735474 0.032608762383461
v -0.010025684721767902 0.3615633249282837 -0.10881560295820236
v -0.02658623643219471 0.48632901906967163 -0.06157166510820389
v -0.009958256036043167 0.4281027913093567 0.020550141111016273
v -0.015480471774935722 0.4200843572616577 0.018464600667357445
v -0.011529754847288132 0.30282384157180786 0.012508365325629711
v -0.005351250059902668 0.30935361981391907 0.036430567502975464
v -0.008753867819905281 0.2830360233783722 -0.017829276621341705
v -0.0029858271591365337 -0.17183049023151398 -0.016347747296094894
v -0.014744382351636887 0.28973257541656494 -0.019049517810344696
v -0.0008033572230488062 -0.16974973678588867 -0.029233038425445557
v -0.08593760430812836 -0.6399213075637817 -0.1572401076555252
v -0.08248572796583176 -0.6099895238876343 -0.17612145841121674
v -0.11051654815673828 -0.6156919002532959 -0.18789957463741302
v -0.10397955775260925 -0.6295976042747498 -0.19083952903747559
v -0.12290379405021667 -0.6241917014122009 -0.1807127594947815
v -0.13103832304477692 -0.6392776370048523 -0.1579611450433731
v -0.1305948793888092 -0.6247601509094238 -0.16717544198036194
v -0.12541794776916504 -0.624424159526825 -0.13731639087200165
v -0.09285537153482437 -0.6346231698989868 -0.14407043159008026
v -0.09380371123552322 -0.6192742586135864 -0.18786674737930298
v -0.08033005893230438 -0.6233489513397217 -0.1668521910905838
v -0.09124568104743958 -0.6534088253974915 -0.14957399666309357
v -0.08535809814929962 -0.6444146037101746 -0.18194013833999634
v -0.08615692704916 -0.656541109085083 -0.18252059817314148
v -0.1007133424282074 -0.6433945298194885 -0.1932285577058792
v -0.10190442949533463 -0.657154381275177 -0.19526083767414093
v -0.11934521794319153 -0.6571378707885742 -0.1877276599407196
v -0.12658344209194183 -0.6429216861724854 -0.17578648030757904
v -0.13177490234375 -0.6544417142868042 -0.1596439778804779
v -0.09472815692424774 -0.6668270230293274 -0.14409780502319336
v -0.09043042361736298 -0.6610872149467468 -0.19388766586780548
v -0.09103036671876907 -0.6497721076011658 -0.1922142058610916
v -0.08567831665277481 -0.6531944870948792 -0.1672305017709732
v -0.16666652262210846 -0.7353858947753906 -0.040587760508060455
v -0.18421302735805511 -0.7412058711051941 -0.05477244406938553
v -0.19375957548618317 -0.7392603158950806 -0.07463792711496353
v -0.15538501739501953 -0.7328582406044006 -0.050781600177288055
v -0.16276101768016815 -0.7322171330451965 -0.05070139095187187
v -0.1482326090335846 -0.7404687404632568 -0.054694682359695435
v -0.15406091511249542 -0.7464002966880798 -0.0587167926132679
v -0.15948879718780518 -0.7467463612556458 -0.05388662591576576
v -0.16634692251682281 -0.7354399561882019 -0.0528455451130867
v -0.16732509434223175 -0.7333492636680603 -0.04611353576183319
v -0.16918110847473145 -0.7401683330535889 -0.05284645035862923
v -0.1784246414899826 -0.7360174655914307 -0.06525243818759918
v -0.1718529313802719 -0.7330658435821533 -0.05880222097039223
v -0.18207727372646332 -0.7344394326210022 -0.05687530338764191
v -0.1731480062007904 -0.7398893237113953 -0.05490493401885033
v -0.17776554822921753 -0.745026171207428 -0.05589772015810013
v -0.17479872703552246 -0.744454562664032 -0.06616603583097458
v -0.18565911054611206 -0.732502281665802 -0.06960716843605042
v -0.18196122348308563 -0.7449612617492676 -0.06714460253715515
v -0.18907691538333893 -0.7425966858863831 -0.06457188725471497
v -0.18696492910385132 -0.7344498038291931 -0.06545623391866684
v -0.18970556557178497 -0.7377471923828125 -0.06553194671869278
v -0.18889790773391724 -0.7291921973228455 -0.08405252546072006
v -0.19405587017536163 -0.7328049540519714 -0.0849214568734169
v -0.19134005904197693 -0.7323510050773621 -0.07960065454244614
v -0.1897498518228531 -0.7387005090713501 -0.07702852040529251
v -0.18973258137702942 -0.7418495416641235 -0.08755264431238174
v -0.19309395551681519 -0.7346811890602112 -0.1053590252995491
v -0.19258208572864532 -0.7276743054389954 -0.10392488539218903
v -0.19237762689590454 -0.7347639799118042 -0.09253949671983719
v -0.19067545235157013 -0.7404112815856934 -0.09665019065141678
v -0.1947917640209198 -0.7398505210876465 -0.09661544859409332
v -0.1597587913274765 -0.7347431778907776 -0.04426879808306694
v -0.16064929962158203 -0.7301015853881836 -0.06471733748912811
v -0.15312974154949188 -0.7441062331199646 -0.05103744566440582
v -0.14335870742797852 -0.7367630004882812 -0.061977941542863846
v -0.1588357836008072 -0.744327962398529 -0.04603429138660431
v -0.1573428064584732 -0.7466683387756348 -0.06455560773611069
v -0.1709350347518921 -0.737829327583313 -0.04814980924129486
v -0.16499082744121552 -0.7416138648986816 -0.06264137476682663
v -0.18231651186943054 -0.7369764447212219 -0.05249760299921036
v -0.17413128912448883 -0.7438411712646484 -0.07238288223743439
v -0.17894934117794037 -0.7408835291862488 -0.06399092823266983
v -0.17414778470993042 -0.7309687733650208 -0.0652209147810936
v -0.16583962738513947 -0.7275323867797852 -0.07054657489061356
v -0.16766615211963654 -0.7308380603790283 -0.06317562609910965
v -0.1783791035413742 -0.7417765855789185 -0.052278924733400345
v -0.16621610522270203 -0.7396005392074585 -0.05775091424584389
v -0.16346889734268188 -0.736247718334198 -0.06293788552284241
v -0.18173621594905853 -0.7441725730895996 -0.05425073578953743
v -0.1692584902048111 -0.7456930875778198 -0.06617064028978348
v -0.18745891749858856 -0.7365006804466248 -0.06112053245306015
v -0.1793869584798813 -0.7310470938682556 -0.0706549808382988
v -0.17957554757595062 -0.7281882166862488 -0.07672235369682312
v -0.18655233085155487 -0.7441762089729309 -0.06226108595728874
v -0.18070867657661438 -0.7348480224609375 -0.06686723977327347
v -0.1732904016971588 -0.7298278212547302 -0.07113296538591385
v -0.17925222218036652 -0.7445535659790039 -0.07172225415706635
v -0.18297463655471802 -0.7427091598510742 -0.07745682448148727
v -0.16995997726917267 -0.7455031275749207 -0.07528720051050186
v -0.18645411729812622 -0.7382486462593079 -0.07493732869625092
v -0.18518123030662537 -0.7385535836219788 -0.08182753622531891
v -0.1884402185678482 -0.7361067533493042 -0.07071471959352493
v -0.1955891102552414 -0.7370776534080505 -0.07933359593153
v -0.1878066211938858 -0.7412987351417542 -0.09288504719734192
v -0.18317830562591553 -0.7280810475349426 -0.0843566283583641
v -0.1879461258649826 -0.7265006899833679 -0.0922846868634224
v -0.18807938694953918 -0.7421970367431641 -0.08226887136697769
v -0.18567384779453278 -0.7317551374435425 -0.0811036229133606
v -0.19068360328674316 -0.7431637644767761 -0.07860127091407776
v -0.18741475045681 -0.7401934862136841 -0.09831666946411133
v -0.1825093924999237 -0.7425379753112793 -0.09380710870027542
v -0.1961953192949295 -0.7342419028282166 -0.09857267141342163
v -0.1934283822774887 -0.7286061644554138 -0.0980120375752449
v -0.1896214634180069 -0.7267132997512817 -0.09827035665512085
v -0.1925409883260727 -0.7401978969573975 -0.09349312633275986
v -0.191552072763443 -0.7313936352729797 -0.09485334903001785
v -0.19533999264240265 -0.7398805022239685 -0.09285499900579453
v -0.18775539100170135 -0.7385530471801758 -0.11170071363449097
v -0.16910703480243683 -0.7393515110015869 -0.042604539543390274
v -0.1961667239665985 -0.7341139316558838 -0.0927254855632782
v -0.15359658002853394 -0.7393256425857544 -0.046724505722522736
v -0.1492396891117096 -0.7334766983985901 -0.055251337587833405
v -0.16516153514385223 -0.7449198961257935 -0.055056530982255936
v -0.16130957007408142 -0.7459928393363953 -0.06025540083646774
v -0.18210913240909576 -0.7374142408370972 -0.061353933066129684
v -0.17753982543945312 -0.7449712753295898 -0.061608631163835526
v -0.17671094834804535 -0.7349410653114319 -0.05446452274918556
v -0.16895131766796112 -0.7383924722671509 -0.05971743166446686
v -0.1828961819410324 -0.7421802878379822 -0.0623161718249321
v -0.18345794081687927 -0.7368907332420349 -0.06312436610460281
v -0.17961017787456512 -0.740890622138977 -0.06580986082553864
v -0.18611036241054535 -0.7427615523338318 -0.07109621912240982
v -0.19427981972694397 -0.7368140816688538 -0.08605220913887024
v -0.1932257115840912 -0.742136538028717 -0.08265494555234909
v -0.19296468794345856 -0.7353871464729309 -0.07595106959342957
v -0.18724845349788666 -0.7404741644859314 -0.10477802902460098
v -0.1949579119682312 -0.7310064435005188 -0.09441280364990234
v -0.16206777095794678 -0.7403138875961304 -0.041033174842596054
v -0.1467752307653427 -0.7445000410079956 -0.06441450119018555
v -0.16640017926692963 -0.7443262934684753 -0.04773979261517525
v -0.16170816123485565 -0.7324979305267334 -0.05724967271089554
v -0.1551329791545868 -0.7302420139312744 -0.059118811041116714
v -0.1845671832561493 -0.738171398639679 -0.05793222039937973
v -0.18219032883644104 -0.7428462505340576 -0.05882066860795021
v -0.1782018393278122 -0.7327308654785156 -0.06065303087234497
v -0.17523013055324554 -0.7353677153587341 -0.07007955014705658
v -0.1620008945465088 -0.7453243136405945 -0.06801769137382507
v -0.17176908254623413 -0.7442464828491211 -0.05976543202996254
v -0.1873428076505661 -0.7403887510299683 -0.0602228082716465
v -0.17644190788269043 -0.7401577830314636 -0.06887306272983551
v -0.1872352808713913 -0.7354045510292053 -0.07907381653785706
v -0.18640992045402527 -0.7328543663024902 -0.07469172030687332
v -0.19395776093006134 -0.742483377456665 -0.07671526074409485
v -0.19351600110530853 -0.733807384967804 -0.08971061557531357
v -0.18297405540943146 -0.7423925399780273 -0.0858011245727539
v -0.19183231890201569 -0.7394179105758667 -0.1014099195599556
v -0.1900256723165512 -0.7278311848640442 -0.11102811992168427
v -0.1950593739748001 -0.7372444868087769 -0.0913114994764328
v -0.10091418027877808 -0.6452010273933411 -0.13856248557567596
v -0.1130000501871109 -0.6189051270484924 -0.13215607404708862
v -0.11568251252174377 -0.6498647332191467 -0.13615010678768158
v -0.08416489511728287 -0.6239223480224609 -0.15222835540771484
v -0.09140308946371078 -0.6354458928108215 -0.18950730562210083
v -0.08472616970539093 -0.6274181604385376 -0.18081119656562805
v -0.11094120889902115 -0.5987021923065186 -0.18633607029914856
v -0.12534365057945251 -0.6060075163841248 -0.1782253086566925
v -0.1328056901693344 -0.6242140531539917 -0.15070877969264984
v -0.13333505392074585 -0.6078344583511353 -0.1627749800682068
v -0.08972788602113724 -0.6148943305015564 -0.14099819958209991
v -0.09533488750457764 -0.6034899950027466 -0.18615208566188812
v -0.07825762033462524 -0.6090594530105591 -0.1563331037759781
v -0.1012868657708168 -0.626318097114563 -0.13584521412849426
v -0.12708406150341034 -0.6115140914916992 -0.1353561133146286
v -0.11318260431289673 -0.6350032091140747 -0.1341152787208557
v -0.1046762466430664 -0.6599829196929932 -0.13687115907669067
v -0.13009783625602722 -0.6668750047683716 -0.14513207972049713
v -0.11798494309186935 -0.6664881706237793 -0.13525737822055817
v -0.12550926208496094 -0.6711139678955078 -0.18674296140670776
v -0.11028909683227539 -0.6674352288246155 -0.19411712884902954
v -0.09506013244390488 -0.677660346031189 -0.20100390911102295
v -0.1038249284029007 -0.6775118708610535 -0.13650506734848022
v -0.1136380285024643 -0.6842436790466309 -0.13061624765396118
v -0.1269707977771759 -0.6793480515480042 -0.13409198820590973
v -0.12683404982089996 -0.6522886157035828 -0.14468570053577423
v -0.1263762265443802 -0.6379521489143372 -0.141890749335289
v -0.1451016217470169 -0.7200674414634705 -0.0798969641327858
v -0.1568630337715149 -0.7199189066886902 -0.08505357056856155
v -0.14991578459739685 -0.7140381336212158 -0.09357868134975433
v -0.16265162825584412 -0.7158960700035095 -0.0997050553560257
v -0.17662881314754486 -0.7220098972320557 -0.09757165610790253
v -0.17275814712047577 -0.718353807926178 -0.10862937569618225
v -0.17389926314353943 -0.718268632888794 -0.12120944261550903
v -0.18184632062911987 -0.7250065803527832 -0.12469972670078278
v -0.1804899126291275 -0.7302479147911072 -0.13319149613380432
v -0.13312703371047974 -0.7271262407302856 -0.07926507294178009
v -0.13497281074523926 -0.7421614527702332 -0.08116347342729568
v -0.1344926655292511 -0.7438401579856873 -0.09386002272367477
v -0.1840643435716629 -0.7326164841651917 -0.12690693140029907
v -0.14714759588241577 -0.7458012700080872 -0.0987979844212532
v -0.1604709029197693 -0.7446585297584534 -0.10390839725732803
v -0.1783512830734253 -0.742372989654541 -0.1111672893166542
v -0.17325085401535034 -0.7418028116226196 -0.12314338982105255
v -0.17624200880527496 -0.7383188605308533 -0.13275405764579773
v -0.1395089030265808 -0.7088088989257812 -0.1016734391450882
v -0.1517440676689148 -0.7075172066688538 -0.10770166665315628
v -0.16315414011478424 -0.711932897567749 -0.11383926123380661
v -0.163018599152565 -0.7102242112159729 -0.1267687976360321
v -0.17012105882167816 -0.7175359129905701 -0.1330176144838333
v -0.17636680603027344 -0.7241514325141907 -0.13394474983215332
v -0.172744020819664 -0.7256755232810974 -0.14285686612129211
v -0.16251447796821594 -0.7125344276428223 -0.14022092521190643
v -0.15682806074619293 -0.7099118828773499 -0.15101565420627594
v -0.1669377088546753 -0.7205303311347961 -0.14613434672355652
v -0.16307765245437622 -0.7211738228797913 -0.15445995330810547
v -0.15701192617416382 -0.7195347547531128 -0.1623164564371109
v -0.1455325484275818 -0.7225122451782227 -0.18084970116615295
v -0.13076849281787872 -0.7206052541732788 -0.20116859674453735
v -0.13172610104084015 -0.7091678977012634 -0.19201016426086426
v -0.1474953442811966 -0.7132352590560913 -0.1712254136800766
v -0.14933308959007263 -0.7057180404663086 -0.1608898937702179
v -0.13913848996162415 -0.7106236219406128 -0.18202786147594452
v -0.1398753523826599 -0.699752151966095 -0.1729288548231125
v -0.11980363726615906 -0.6953886151313782 -0.19852100312709808
v -0.10929974913597107 -0.7155485153198242 -0.21513043344020844
v -0.09584251046180725 -0.717400848865509 -0.21378490328788757
v -0.0885566771030426 -0.724386990070343 -0.20554564893245697
v -0.11354949325323105 -0.7036949992179871 -0.20875664055347443
v -0.10010804980993271 -0.7037851810455322 -0.21221888065338135
v -0.08780760318040848 -0.7092530131340027 -0.20481590926647186
v -0.09450924396514893 -0.6953356266021729 -0.20716944336891174
v -0.08717493712902069 -0.698759138584137 -0.19954495131969452
v -0.08716794848442078 -0.6943509578704834 -0.18910835683345795
v -0.08615616708993912 -0.7193242907524109 -0.1948954313993454
v -0.13656091690063477 -0.716606855392456 -0.08897541463375092
v -0.12808820605278015 -0.7145129442214966 -0.1003025695681572
v -0.1266210824251175 -0.7241981029510498 -0.09289510548114777
v -0.15345202386379242 -0.7018721699714661 -0.13733291625976562
v -0.15168915688991547 -0.7017611265182495 -0.12268754094839096
v -0.13871139287948608 -0.6983320116996765 -0.11629746854305267
v -0.12829871475696564 -0.7048270106315613 -0.10964393615722656
v -0.11838623881340027 -0.7055807709693909 -0.11768591403961182
v -0.11926823109388351 -0.7206049561500549 -0.10924316942691803
v -0.11571598798036575 -0.7288037538528442 -0.12056673318147659
v -0.12796823680400848 -0.7352566719055176 -0.08764035999774933
v -0.1239449754357338 -0.7340633869171143 -0.10201184451580048
v -0.10935481637716293 -0.7276806235313416 -0.1362895667552948
v -0.10040786117315292 -0.7245163917541504 -0.15233290195465088
v -0.08905000239610672 -0.7190307378768921 -0.1800486445426941
v -0.0896732434630394 -0.7055157423019409 -0.17382828891277313
v -0.09430596232414246 -0.7074137926101685 -0.1573086977005005
v -0.10135127604007721 -0.7109273076057434 -0.1406317949295044
v -0.10990436375141144 -0.7149254679679871 -0.1256391853094101
v -0.1686321198940277 -0.728968620300293 -0.15020930767059326
v -0.17565858364105225 -0.7316768765449524 -0.14031262695789337
v -0.16290311515331268 -0.7290074825286865 -0.1582336723804474
v -0.15271565318107605 -0.7248414754867554 -0.1715453565120697
v -0.13806824386119843 -0.7210217118263245 -0.19126944243907928
v -0.1313556432723999 -0.7308440208435059 -0.19609257578849792
v -0.12277024984359741 -0.7309558987617493 -0.20612221956253052
v -0.10509313642978668 -0.7260565757751465 -0.21517708897590637
v -0.09651380032300949 -0.7279947996139526 -0.21226491034030914
v -0.09421326965093613 -0.732836127281189 -0.20668737590312958
v -0.09038106352090836 -0.7324545979499817 -0.19784040749073029
v -0.08913090080022812 -0.7287968993186951 -0.18701565265655518
v -0.11419619619846344 -0.735650897026062 -0.15077731013298035
v -0.1399497091770172 -0.6907258629798889 -0.1320125013589859
v -0.1253339797258377 -0.6919187903404236 -0.12421949952840805
v -0.10936654359102249 -0.6984753608703613 -0.13004741072654724
v -0.09933611005544662 -0.6941744089126587 -0.14222760498523712
v -0.09005156904459 -0.6907017827033997 -0.1614910513162613
v -0.08734001219272614 -0.6811841726303101 -0.190208300948143
v -0.08789386600255966 -0.6909149289131165 -0.1776459813117981
v -0.08946897834539413 -0.6870704889297485 -0.19943013787269592
v -0.10788567364215851 -0.6908775568008423 -0.2045460343360901
v -0.09819915890693665 -0.6850370764732361 -0.2045077532529831
v -0.1065162792801857 -0.6786978244781494 -0.19899560511112213
v -0.13055481016635895 -0.6952891945838928 -0.18656204640865326
v -0.13428348302841187 -0.7431010603904724 -0.10719180852174759
v -0.14874359965324402 -0.7440024018287659 -0.11309003829956055
v -0.16430321335792542 -0.7433329224586487 -0.11615870893001556
v -0.1537037342786789 -0.7423170208930969 -0.12688201665878296
v -0.1651047021150589 -0.7413353323936462 -0.1319330483675003
v -0.1676352471113205 -0.7376770377159119 -0.14356327056884766
v -0.15678739547729492 -0.7314005494117737 -0.16497202217578888
v -0.1588907539844513 -0.7372080683708191 -0.15305890142917633
v -0.1562192440032959 -0.7403980493545532 -0.14128899574279785
v -0.1463565230369568 -0.7393496036529541 -0.1508682817220688
v -0.14243869483470917 -0.7409813404083252 -0.13727252185344696
v -0.13696931302547455 -0.7422170042991638 -0.12311053276062012
v -0.12432500720024109 -0.7378098368644714 -0.11561319231987
v -0.14646144211292267 -0.7340355515480042 -0.17298075556755066
v -0.14979667961597443 -0.7370059490203857 -0.16160981357097626
v -0.13742892444133759 -0.7384507060050964 -0.16229702532291412
v -0.1307590901851654 -0.7394452095031738 -0.14808446168899536
v -0.12338302284479141 -0.7376221418380737 -0.13258515298366547
v -0.12100226432085037 -0.7383923530578613 -0.1644119769334793
v -0.13355706632137299 -0.7372400760650635 -0.17413295805454254
v -0.11727428436279297 -0.7376923561096191 -0.17831780016422272
v -0.13912636041641235 -0.731913149356842 -0.18505869805812836
v -0.12782812118530273 -0.7360289096832275 -0.1856072098016739
v -0.12030315399169922 -0.7353087067604065 -0.19537384808063507
v -0.10425244271755219 -0.7347250580787659 -0.16565394401550293
v -0.10439177602529526 -0.737230658531189 -0.17867785692214966
v -0.10214204341173172 -0.7334187030792236 -0.20981401205062866
v -0.09723403304815292 -0.7362694144248962 -0.1874326914548874
v -0.10844098031520844 -0.7365952134132385 -0.19039751589298248
v -0.0999942496418953 -0.7356429696083069 -0.20026908814907074
v -0.14239972829818726 -0.744718611240387 -0.07335357367992401
v -0.14663641154766083 -0.7463046908378601 -0.08460774272680283
v -0.15211337804794312 -0.7464266419410706 -0.07349104434251785
v -0.16027656197547913 -0.7462564706802368 -0.0794030949473381
v -0.15773557126522064 -0.7458376288414001 -0.09036048501729965
v -0.17705217003822327 -0.744356095790863 -0.08071929216384888
v -0.1691555231809616 -0.7450917959213257 -0.08558209985494614
v -0.1684623807668686 -0.7445471882820129 -0.09509896486997604
v -0.17625075578689575 -0.7439450621604919 -0.08977041393518448
v -0.17754441499710083 -0.7430742979049683 -0.09845834225416183
v -0.1745089441537857 -0.7432337999343872 -0.1044563502073288
v -0.18285365402698517 -0.7418375611305237 -0.10047899186611176
v -0.18157854676246643 -0.7418733835220337 -0.10610434412956238
v -0.18274566531181335 -0.739345133304596 -0.12055572867393494
v -0.1873813271522522 -0.731400191783905 -0.11957881599664688
v -0.1833324283361435 -0.723335325717926 -0.11448398977518082
v -0.18109314143657684 -0.7223263382911682 -0.10417082160711288
v -0.1869574934244156 -0.7244400978088379 -0.10409443080425262
v -0.18406924605369568 -0.7240467667579651 -0.09794208407402039
v -0.18070174753665924 -0.7248246669769287 -0.09160284698009491
v -0.16864685714244843 -0.7217097282409668 -0.09008319675922394
v -0.17150801420211792 -0.7265853881835938 -0.07610394805669785
v -0.17462745308876038 -0.7255712747573853 -0.0830027312040329
v -0.15469472110271454 -0.724841296672821 -0.07208598405122757
v -0.16499820351600647 -0.7242844104766846 -0.0790427103638649
v -0.14842918515205383 -0.7289388179779053 -0.06343517452478409
v -0.14213712513446808 -0.7271309494972229 -0.06958292424678802
v -0.13679352402687073 -0.7368995547294617 -0.071006640791893
v -0.08715187013149261 -0.6694051623344421 -0.1855926364660263
v -0.09842466562986374 -0.6684650182723999 -0.1989530622959137
v -0.09008553624153137 -0.6716142892837524 -0.19596150517463684
v -0.0880260095000267 -0.6705026626586914 -0.15982414782047272
v -0.09296632558107376 -0.6817485690116882 -0.1483512669801712
v -0.1395367532968521 -0.6873500943183899 -0.16108937561511993
v -0.14607179164886475 -0.6943811774253845 -0.1483653485774994
v -0.13437244296073914 -0.6806982755661011 -0.1766674816608429
v -0.13486242294311523 -0.6712899208068848 -0.16049323976039886
v -0.13003356754779816 -0.6606118679046631 -0.17475037276744843
v -0.13646596670150757 -0.6815915107727051 -0.14530262351036072
v -0.1260640174150467 0.22956545650959015 -0.020148197188973427
v -0.028110992163419724 0.26799476146698 -0.14114800095558167
v -0.1021006777882576 -0.43351417779922485 -0.058947838842868805
v -0.09886574000120163 -0.44842955470085144 -0.07039584964513779
v -0.11422782391309738 -0.4422649145126343 -0.0678519532084465
v -0.11760661005973816 -0.42622295022010803 -0.059282224625349045
v -0.08647265285253525 0.013698413968086243 0.049098532646894455
v -0.09339742362499237 -0.00693637877702713 0.03068217821419239
v -0.09569418430328369 -0.19596503674983978 0.012882049195468426
v -0.07900872826576233 -0.21510431170463562 0.008319173939526081
v -0.09053608030080795 -0.23231202363967896 0.004718751180917025
v -0.08990177512168884 -0.2886822819709778 -0.00931183435022831
v -0.07898632436990738 -0.269524484872818 -0.00812748447060585
v -0.09070555865764618 -0.40464964509010315 -0.03967731073498726
v -0.08615013211965561 -0.42031019926071167 -0.052486248314380646
v -0.10086280107498169 -0.36688554286956787 -0.029609814286231995
v -0.10243052244186401 -0.3198986053466797 -0.022542566061019897
v -0.09649951756000519 -0.09531848132610321 0.02109362930059433
v -0.07664765417575836 -0.32869017124176025 -0.022041672840714455
v -0.09677902609109879 -0.384112685918808 -0.03227003291249275
v -0.09824734926223755 -0.1199975311756134 0.01982020027935505
v -0.11014421284198761 -0.18343424797058105 0.009393278509378433
v -0.07742731273174286 -0.08942095190286636 0.03490423783659935
v -0.09192883968353271 0.043749935925006866 0.053682852536439896
v -0.09437377750873566 -0.028840934857726097 0.020915547385811806
v -0.09288091957569122 -0.2522992193698883 -8.441267709713429e-05
v -0.10677534341812134 -0.2994113862514496 -0.017284881323575974
v -0.10842923074960709 -0.16306404769420624 0.012806731276214123
v -0.08252860605716705 -0.03633890673518181 0.03188037872314453
v -0.07186544686555862 -0.06995850801467896 0.041971541941165924
v -0.10908721387386322 0.00991542637348175 0.023591002449393272
v -0.13002590835094452 0.008588922210037708 -0.014852141961455345
v -0.12286927551031113 -0.21407441794872284 -0.006485668011009693
v -0.13139879703521729 -0.2090894877910614 -0.03382352739572525
v -0.13045182824134827 -0.22592000663280487 -0.024848615750670433
v -0.12856033444404602 -0.2755860388278961 -0.03136089816689491
v -0.11970127373933792 -0.31721797585487366 -0.036161117255687714
v -0.1216597706079483 -0.3530253767967224 -0.04515911638736725
v -0.12792479991912842 -0.35184961557388306 -0.0644330084323883
v -0.1285950094461441 -0.39060714840888977 -0.06007331609725952
v -0.121169313788414 -0.40554019808769226 -0.049302343279123306
v -0.10974056273698807 -0.37889254093170166 -0.033980146050453186
v -0.12559837102890015 -0.007220687810331583 -0.020374707877635956
v -0.11389203369617462 -0.3380744457244873 -0.03447138890624046
v -0.11616379022598267 -0.13587729632854462 0.006166853941977024
v -0.12247397005558014 0.06866366416215897 0.004144910257309675
v -0.12928393483161926 -0.17367109656333923 -0.02141755260527134
v -0.10908103734254837 -0.07645843923091888 0.014058380387723446
v -0.1284060776233673 0.04325057938694954 -0.010655062273144722
v -0.1266983300447464 -0.2581307888031006 -0.022354112938046455
v -0.13086619973182678 -0.28658828139305115 -0.04904705658555031
v -0.1168031394481659 -0.10570362210273743 0.004695453681051731
v -0.12031940370798111 -0.03947334364056587 -0.009340002201497555
v -0.11588102579116821 -0.0564890094101429 0.004935297649353743
v -0.12544690072536469 -0.4303136467933655 -0.0738753229379654
v -0.08637367188930511 -0.43524840474128723 -0.06577019393444061
v -0.11402925848960876 0.0959770604968071 0.022609012201428413
v -0.08073295652866364 0.08303721249103546 0.06687460839748383
v -0.10599660873413086 0.061367183923721313 0.03977355360984802
v -0.11466292291879654 0.07633475959300995 0.025558574125170708
v -0.06381088495254517 -0.1380009800195694 0.03473969176411629
v -0.1304827779531479 -0.11460099369287491 -0.03834986314177513
v -0.12765663862228394 -0.12828747928142548 -0.014665503986179829
v -0.0941128209233284 -0.09185069799423218 -0.11524505913257599
v -0.06602893769741058 -0.09692796319723129 -0.1425362527370453
v -0.0022665723226964474 -0.17462632060050964 -0.029648613184690475
v -0.0036424126010388136 -0.17668530344963074 -0.0175879318267107
v -0.002539251232519746 -0.1749882996082306 -0.02344449795782566
v -0.10722524672746658 -0.1302962303161621 -0.08365127444267273
v -0.030404431745409966 -0.17911456525325775 0.018705926835536957
v -0.03159566968679428 -0.16992051899433136 0.021940166130661964
v -0.12048648297786713 -0.12288226187229156 -0.06387284398078918
v -0.08552850037813187 -0.1715819239616394 0.020273515954613686
v -0.007150054443627596 -0.17797046899795532 -0.006538744084537029
v -0.009721986018121243 -0.1804407387971878 -0.0022355476394295692
v -0.044319648295640945 -0.17322207987308502 0.02609981968998909
v -0.0004008758987765759 -0.1676660180091858 -0.04563988000154495
v -0.00029927867581136525 -0.16871920228004456 -0.036698900163173676
v -0.09791594743728638 -0.11344783008098602 -0.09823597222566605
v -0.02841293253004551 -0.12329983711242676 -0.1329456865787506
v -0.09593445062637329 -0.1453334093093872 0.020592106506228447
v -0.12305380403995514 -0.16014599800109863 -0.004095965996384621
v -0.0760548859834671 -0.1595698595046997 -0.1035163477063179
v -0.050321727991104126 0.02233073301613331 -0.13938495516777039
v -0.055972691625356674 -0.1910507082939148 -0.0992092415690422
v -0.07835525274276733 -0.27559730410575867 -0.11628518253564835
v -0.09233595430850983 -0.3387150466442108 -0.11820030212402344
v -0.10982565581798553 -0.38823840022087097 -0.12648701667785645
v -0.09624327719211578 -0.39987221360206604 -0.13666941225528717
v -0.11325077712535858 -0.5679569244384766 -0.18238765001296997
v -0.015280796214938164 -0.17112527787685394 0.010475698858499527
v -0.11763022094964981 -0.42799365520477295 -0.1425810307264328
v -0.007488810457289219 -0.1707584112882614 0.023550760000944138
v -0.013268630020320415 -0.16909033060073853 0.01649647392332554
v -0.07775628566741943 -0.18203628063201904 -0.09811452776193619
v -0.07718342542648315 0.11827259510755539 -0.13187330961227417
v -0.01317219901829958 -0.19794030487537384 -0.0073787453584373
v -0.008411037735641003 -0.19430340826511383 -0.014426326379179955
v -0.1379932165145874 0.14423668384552002 -0.08589938282966614
v -0.016719046980142593 -0.2201697677373886 -0.016783582046628
v -0.01057154405862093 -0.20470155775547028 -0.017299696803092957
v -0.010355571284890175 -0.21354477107524872 -0.025492442771792412
v -0.022549627348780632 -0.25518274307250977 -0.03556191921234131
v -0.0223045963793993 -0.26447412371635437 -0.04573657363653183
v -0.10135835409164429 -0.3050062656402588 -0.11005266010761261
v -0.1308213770389557 -0.4891062378883362 -0.15890568494796753
v -0.12701226770877838 -0.5162695646286011 -0.1684766411781311
v -0.0055770562030375 -0.18531736731529236 -0.017276251688599586
v -0.0035622238647192717 -0.18139518797397614 -0.023798031732439995
v -0.008426075801253319 -0.18681950867176056 -0.00913182646036148
v -0.044914163649082184 0.09628640860319138 -0.1426040679216385
v -0.027038535103201866 -0.2926247715950012 -0.06271830201148987
v -0.029951630160212517 -0.3071463406085968 -0.069391168653965
v -0.03649354353547096 -0.34819892048835754 -0.0731060579419136
v -0.043195728212594986 -0.3549804091453552 -0.10061020404100418
v -0.04110364243388176 -0.3748331665992737 -0.09927339106798172
v -0.048585619777441025 -0.3891872465610504 -0.10676521807909012
v -0.052526503801345825 -0.40499556064605713 -0.10768340528011322
v -0.05985419079661369 -0.4547977149486542 -0.13679848611354828
v -0.0566692054271698 -0.4964229464530945 -0.1376185566186905
v -0.0755375474691391 -0.5817689299583435 -0.16558295488357544
v -0.006878301035612822 0.22916573286056519 -0.14387843012809753
v -0.14451709389686584 0.27492254972457886 -0.08362428098917007
v -0.16797353327274323 0.19127215445041656 -0.030979618430137634
v -0.16624879837036133 0.21118482947349548 -0.06040877848863602
v -0.15550938248634338 0.2753015458583832 -0.06423953920602798
v -0.051329776644706726 0.1264234185218811 -0.14329496026039124
v -0.07251670956611633 0.019121253862977028 -0.13483498990535736
v -0.10119657963514328 0.1579778790473938 -0.11553318798542023
v -0.06343133747577667 0.23209001123905182 -0.14408770203590393
v -0.1733400672674179 0.18597286939620972 -0.00019767711637541652
v -0.17032212018966675 0.22391927242279053 0.004921482410281897
v -0.17260883748531342 0.1935938149690628 -0.023629430681467056
v -0.056920308619737625 -0.12341088056564331 -0.1324484646320343
v -0.07816373556852341 -0.036720700562000275 -0.14543241262435913
v -0.07187637686729431 0.04113352298736572 -0.13632404804229736
v -0.02591487392783165 -0.27957069873809814 -0.05081278458237648
v -0.008937191218137741 -0.21782933175563812 -0.03761625662446022
v -0.012971745803952217 -0.23761045932769775 -0.04550354182720184
v -0.012839202769100666 -0.23876431584358215 -0.05695662274956703
v -0.011327707208693027 -0.2285223752260208 -0.06020084396004677
v -0.07328002154827118 -0.25499001145362854 -0.11250390857458115
v -0.1151740550994873 -0.5008341670036316 -0.17317599058151245
v -0.05827579274773598 -0.5175817012786865 -0.14686863124370575
v -0.09891071170568466 -0.43427774310112 -0.15365654230117798
v -0.11361061781644821 -0.5483847260475159 -0.17968598008155823
v -0.07153759896755219 -0.5659298300743103 -0.16141943633556366
v -0.0195173230022192 -0.1715070754289627 0.012998276390135288
v -0.016682488843798637 -0.1761050522327423 0.00871000625193119
v -0.06097877025604248 -0.000206664131837897 -0.13662053644657135
v -0.07283332943916321 -0.018400533124804497 -0.14005498588085175
v -0.0829448327422142 -0.6382022500038147 -0.1715240776538849
v -0.11131463199853897 -0.6484900116920471 -0.19085216522216797
v -0.08695783466100693 -0.6655089855194092 -0.17415012419223785
v -0.11571113765239716 -0.6359261870384216 -0.1869814097881317
v -0.07721321284770966 -0.597644567489624 -0.16585424542427063
v -0.12183623015880585 -0.7183274626731873 -0.20937314629554749
v -0.12446534633636475 -0.7079293727874756 -0.201569065451622
v -0.09421125054359436 -0.7219585180282593 -0.1666138768196106
v -0.08670484274625778 -0.7072756290435791 -0.1898021548986435
v -0.1148233413696289 -0.7256913185119629 -0.21368727087974548
v -0.09443958848714828 -0.7310006618499756 -0.1768922209739685
v -0.11958866566419601 -0.6821740865707397 -0.1938266158103943
v -0.10987372696399689 -0.7322667241096497 -0.21198312938213348
v -0.11167381703853607 -0.7348528504371643 -0.2034975290298462
v -0.08737815916538239 -0.6787182092666626 -0.1759110391139984
v -0.023234492167830467 -0.1783050149679184 0.01385770458728075
v -0.01748684048652649 -0.18227088451385498 0.007231161929666996
v -0.013723335228860378 -0.17880818247795105 0.004122668411582708
v -0.0677441731095314 0.2481544464826584 0.03022969327867031
v -0.09911823272705078 0.31032609939575195 -0.04418692737817764
v -0.05512710288167 -0.008982693776488304 0.07655982673168182
v -0.08120182156562805 0.0612158440053463 0.0652364194393158
v -0.06364388763904572 0.0639621913433075 0.08168903738260269
v -0.05591467767953873 0.1291661411523819 0.08178773522377014
v -0.06142408773303032 -0.02630889229476452 0.0660700872540474
v -0.03205641359090805 -0.10725636035203934 0.059420764446258545
v -0.04954564571380615 0.012279460206627846 0.08466725051403046
v -0.03729424625635147 0.1470756232738495 0.08388505131006241
v -0.047772351652383804 -0.12417283654212952 0.03900209069252014
v -0.038548097014427185 -0.12257906049489975 0.052258528769016266
v -0.07789304107427597 0.299618661403656 -0.048925161361694336
v -0.03859376534819603 -0.09049329906702042 0.05740102380514145
v -0.07593201845884323 0.27878671884536743 -0.002263604663312435
v -0.07130896300077438 0.03773995861411095 0.07326404750347137
v -0.08248654007911682 0.214839369058609 0.05002092570066452
v -0.10711082071065903 0.28900960087776184 -0.11000098288059235
v -0.05112871155142784 0.10871637612581253 0.08652167022228241
v -0.061702877283096313 -0.03850974515080452 0.056558262556791306
v -0.09351678192615509 0.28013649582862854 -0.12195955961942673
v -0.06068909168243408 0.19559137523174286 0.06868120282888412
v -0.07269301265478134 0.18293525278568268 0.07228241115808487
v -0.0287468358874321 -0.13406772911548615 0.052091654390096664
v -0.0149745037779212 -0.16023869812488556 0.035868097096681595
v -0.022095736116170883 -0.1448739767074585 0.04774267598986626
v -0.06185507774353027 -0.05035087466239929 0.04707784950733185
v -0.04211927950382233 -0.07029993087053299 0.05702037736773491
v -0.01374865137040615 -0.08119227737188339 -0.14904072880744934
v -0.042428452521562576 0.4040454924106598 0.007390298880636692
v -0.05624648928642273 0.41684022545814514 -0.008484815247356892
v -0.062232039868831635 0.41821569204330444 -0.025808993726968765
v -0.06704504787921906 0.41737470030784607 -0.05192026123404503
v -0.06591340154409409 0.4244840443134308 -0.052440471947193146
v -0.06566628813743591 0.42336297035217285 -0.06188679113984108
v -0.0676528811454773 0.4060541093349457 -0.05545933172106743
v -0.06826934218406677 0.4071063697338104 -0.05072709545493126
v -0.06581458449363708 0.3931349813938141 -0.05943380668759346
v -0.06615765392780304 0.39631572365760803 -0.05655958503484726
v -0.0668846070766449 0.40110519528388977 -0.053130704909563065
v -0.06630976498126984 0.3956927955150604 -0.06034848093986511
v -0.06661225110292435 0.3990718424320221 -0.05973154306411743
v -0.060618117451667786 0.36684128642082214 -0.04858105257153511
v -0.07237377762794495 0.37000572681427 -0.048907309770584106
v -0.0641147643327713 0.3687601089477539 -0.04624824598431587
v -0.07500529289245605 0.37473809719085693 -0.05168210342526436
v -0.0677444189786911 0.3817175030708313 -0.046858735382556915
v -0.045422520488500595 0.24336978793144226 0.032377660274505615
v -0.09199826419353485 0.2539329528808594 0.024427466094493866
v -0.09071097522974014 0.11659607291221619 0.059288110584020615
v -0.08953168988227844 0.13115651905536652 0.06088361144065857
v -0.0709085613489151 0.13915984332561493 0.07697021216154099
v -0.07769528776407242 0.15479271113872528 0.07869121432304382
v -0.10361762344837189 0.24583368003368378 0.023707933723926544
v -0.140639528632164 0.25379472970962524 -0.09336969256401062
v -0.16133242845535278 0.19813379645347595 -0.04700418561697006
v -0.1548241227865219 0.19856663048267365 -0.040738433599472046
v -0.161728173494339 0.2018454372882843 -0.05799655616283417
v -0.0991256907582283 0.13443903625011444 0.05352380871772766
v -0.09928183257579803 0.3119393587112427 -0.06656372547149658
v -0.15646761655807495 0.20097221434116364 -0.04674747213721275
v -0.15924422442913055 0.19560907781124115 -0.05089986324310303
v -0.12380194664001465 0.20918171107769012 0.017206043004989624
v -0.12292400002479553 0.21789194643497467 0.013151912949979305
v -0.11115837097167969 0.23486539721488953 0.018763411790132523
v -0.10697473585605621 0.23787671327590942 0.023859068751335144
v -0.11456292867660522 0.22896727919578552 0.01823648065328598
v -0.1472027599811554 0.20356574654579163 -0.02920638956129551
v -0.1510651558637619 0.19884005188941956 -0.031699784100055695
v -0.14914336800575256 0.19660164415836334 -0.025158481672406197
v -0.10328106582164764 0.16042481362819672 0.059560567140579224
v -0.09873419255018234 0.1067204400897026 0.04998253658413887
v -0.10211484134197235 0.1443605273962021 0.0569022037088871
v -0.10757981240749359 0.1621512621641159 0.05345171317458153
v -0.15439924597740173 0.19762946665287018 -0.08134069293737411
v -0.1165803074836731 0.1292525827884674 0.028652474284172058
v -0.10919128358364105 0.12415716052055359 0.03676167502999306
v -0.14502112567424774 0.201876699924469 -0.02148074097931385
v -0.14007197320461273 0.20237651467323303 -0.008468295447528362
v -0.1360827535390854 0.3097214102745056 -0.05236131697893143
v -0.1550443172454834 0.2573148012161255 -0.07623624801635742
v -0.11200879514217377 0.3102928400039673 -0.08047019690275192
v -0.11621460318565369 0.3156767785549164 -0.0588192418217659
v -0.11135904490947723 0.30421581864356995 -0.024010060355067253
v -0.10354302823543549 0.27845901250839233 0.0054464880377054214
v -0.04625207930803299 0.20803536474704742 0.06226507946848869
v -0.07317299395799637 0.2036232352256775 0.059620290994644165
v -0.10129861533641815 0.21695531904697418 0.04019531235098839
v -0.10027623921632767 0.20924890041351318 0.044325705617666245
v -0.11036095768213272 0.20967261493206024 0.03322232887148857
v -0.10529647022485733 0.20796528458595276 0.03925080597400665
v -0.10589082539081573 0.21518079936504364 0.03588065132498741
v -0.11923934519290924 0.18832097947597504 0.026082171127200127
v -0.1148858591914177 0.20336537063121796 0.029781227931380272
v -0.11998093128204346 0.1967318058013916 0.024539655074477196
v -0.1277320832014084 0.1849876493215561 0.013851538300514221
v -0.12447116523981094 0.19242124259471893 0.018464231863617897
v -0.12325733155012131 0.18526972830295563 0.020293090492486954
v -0.1372527927160263 0.21021509170532227 -0.012110091745853424
v -0.13155098259449005 0.21443602442741394 -0.0029460247606039047
v -0.13188496232032776 0.20907770097255707 0.0034314144868403673
v -0.10650795698165894 0.10754869878292084 0.03723399341106415
v -0.14431746304035187 0.2958422005176544 -0.06907881051301956
v -0.1583048552274704 0.2271987497806549 -0.07866836339235306
v -0.13092243671417236 0.17603671550750732 0.009733719751238823
v -0.13299638032913208 0.18478348851203918 0.007458357140421867
v -0.13699138164520264 0.17654761672019958 0.002954003866761923
v -0.14400070905685425 0.1647881269454956 -0.007763762958347797
v -0.1406906694173813 0.16978242993354797 -0.0022641047835350037
v -0.14229130744934082 0.17794294655323029 -0.004149079788476229
v -0.14608639478683472 0.17202742397785187 -0.01084099616855383
v -0.1492692232131958 0.16806034743785858 -0.01806684397161007
v -0.15497802197933197 0.1710941195487976 -0.036165691912174225
v -0.1522025316953659 0.17142169177532196 -0.02661910466849804
v -0.15343733131885529 0.16203206777572632 -0.032198380678892136
v -0.1562449336051941 0.1680731624364853 -0.04454860836267471
v -0.15691228210926056 0.1712568700313568 -0.06062130630016327
v -0.15338124334812164 0.17975006997585297 -0.07815535366535187
v -0.12249389290809631 0.1852705478668213 -0.11012106388807297
v -0.1465930938720703 0.234268918633461 -0.09045431017875671
v -0.121501125395298 0.2963259220123291 -0.09493071585893631
v -0.09457539021968842 0.18488134443759918 0.059770628809928894
v -0.09911299496889114 0.18946777284145355 0.05365683510899544
v -0.09716122597455978 0.17491213977336884 0.06283283233642578
v -0.014734807424247265 0.22301752865314484 0.044214144349098206
v -0.027119038626551628 0.2405349165201187 0.03139539435505867
v -0.12571528553962708 0.2505813241004944 -0.11013563722372055
v -0.1424572914838791 0.18815919756889343 -0.09458128362894058
v -0.07549302279949188 0.2332780659198761 0.041530173271894455
v -0.09173861891031265 0.2632887661457062 0.017586467787623405
v -0.09654144197702408 0.24654993414878845 0.028628546744585037
v -0.09839681535959244 0.22505369782447815 0.03911883756518364
v -0.0946047380566597 0.21675893664360046 0.044810354709625244
v -0.09839360415935516 0.19737368822097778 0.05028771609067917
v -0.0815204381942749 0.25812122225761414 0.021712785586714745
v -0.08842924237251282 0.2282574623823166 0.041110116988420486
v -0.08210386335849762 0.1902747005224228 0.06353819370269775
v -0.12183123081922531 0.09050873667001724 0.001090011210180819
v -0.09374596923589706 0.09445921331644058 0.056895576417446136
v 0.001721424632705748 0.05343630164861679 -0.13308493793010712
v -0.00402233749628067 0.017985720187425613 0.09392648935317993
v -0.016088463366031647 0.2503959834575653 0.019423644989728928
v -0.006781870499253273 0.1277635544538498 -0.1421925574541092
v 0.007392220199108124 0.20567044615745544 -0.143198624253273
v -0.01662026345729828 -0.01642066426575184 -0.14175553619861603
v -0.010224824771285057 -0.04776350036263466 0.07150255143642426
v -0.005970296915620565 0.17029422521591187 -0.14308051764965057
v -0.012876260094344616 -0.15500038862228394 0.046979788690805435
v 0.003986768890172243 0.04849296808242798 0.09716189652681351
v -0.007656762842088938 -0.12090106308460236 0.06805750727653503
v -0.02304105833172798 -0.0594259575009346 -0.15253011882305145
v -0.0065838987939059734 0.1155272126197815 0.08877888321876526
v -0.19006353616714478 -0.7365159392356873 -0.09553086012601852
v -0.19237762689590454 -0.7347639799118042 -0.09253949671983719
v -0.191636323928833 -0.7380814552307129 -0.08998046070337296
v -0.19245707988739014 -0.7302455306053162 -0.08914820104837418
l 1 62
l 1 66
l 1 67
l 1 64
l 1 42
l 1 103
l 1 15
l 1 63
l 1 108
l 1 1345
l 2 115
l 2 38
l 2 92
l 2 45
l 2 122
l 2 69
l 2 130
l 2 138
l 2 10
l 2 131
l 3 6
l 3 98
l 3 111
l 3 112
l 3 137
l 3 69
l 3 7
l 3 135
l 3 5
l 3 134
l 4 106
l 4 5
l 4 61
l 4 135
l 4 113
l 4 101
l 4 2579
l 4 107
l 4 7
l 4 2578
l 5 7
l 5 106
l 5 107
l 5 60
l 5 135
l 5 113
l 5 136
l 5 61
l 5 2655
l 6 135
l 6 7
l 6 98
l 6 134
l 6 101
l 6 60
l 6 106
l 7 60
l 7 107
l 7 110
l 7 98
l 7 135
l 7 106
l 7 136
l 8 12
l 8 128
l 8 129
l 8 900
l 8 17
l 8 898
l 8 13
l 8 991
l 8 99
l 8 899
l 9 991
l 9 4333
l 9 11
l 9 1675
l 9 901
l 9 900
l 9 992
l 9 65
l 9 3419
l 9 4181
l 10 55
l 10 992
l 10 129
l 10 65
l 10 92
l 10 990
l 10 991
l 10 11
l 10 54
l 10 38
l 11 65
l 11 992
l 11 55
l 11 54
l 11 901
l 11 991
l 11 1845
l 11 990
l 12 900
l 12 898
l 12 13
l 12 99
l 12 1675
l 12 899
l 12 991
l 12 17
l 12 1848
l 13 99
l 13 899
l 13 1848
l 13 1679
l 13 900
l 13 898
l 13 4341
l 13 4181
l 14 1344
l 14 44
l 14 140
l 14 66
l 14 64
l 14 2384
l 14 16
l 14 1345
l 14 141
l 14 67
l 15 42
l 15 64
l 15 20
l 15 21
l 15 43
l 15 16
l 15 62
l 15 66
l 15 108
l 16 64
l 16 20
l 16 2384
l 16 2385
l 16 66
l 16 1344
l 16 2386
l 17 898
l 17 128
l 17 897
l 17 91
l 17 899
l 17 131
l 17 53
l 18 130
l 18 23
l 18 88
l 18 127
l 18 74
l 18 869
l 18 75
l 18 76
l 18 24
l 18 865
l 19 895
l 19 509
l 19 116
l 19 24
l 19 56
l 19 121
l 19 896
l 19 505
l 19 32
l 19 114
l 20 28
l 20 21
l 20 2386
l 20 64
l 20 2385
l 20 47
l 20 46
l 20 2387
l 21 43
l 21 47
l 21 48
l 21 42
l 21 28
l 21 39
l 21 64
l 22 47
l 22 46
l 22 50
l 22 49
l 22 25
l 22 40
l 22 28
l 22 2388
l 22 2387
l 22 77
l 23 867
l 23 869
l 23 88
l 23 24
l 23 56
l 23 127
l 23 868
l 23 76
l 23 130
l 24 56
l 24 114
l 24 116
l 24 867
l 24 130
l 24 869
l 24 895
l 25 40
l 25 51
l 25 97
l 25 50
l 25 1844
l 25 47
l 25 78
l 25 48
l 25 96
l 26 29
l 26 118
l 26 79
l 26 82
l 26 83
l 26 77
l 26 878
l 26 864
l 26 861
l 26 81
l 27 33
l 27 85
l 27 87
l 27 41
l 27 86
l 27 81
l 27 35
l 27 118
l 27 70
l 27 34
l 28 46
l 28 2386
l 28 2387
l 28 47
l 28 2388
l 28 874
l 28 2385
l 28 882
l 29 878
l 29 864
l 29 82
l 29 861
l 29 79
l 29 72
l 29 873
l 29 154
l 29 167
l 30 34
l 30 868
l 30 123
l 30 33
l 30 35
l 30 1348
l 30 70
l 30 867
l 30 869
l 30 1347
l 31 863
l 31 56
l 31 123
l 31 867
l 31 121
l 31 57
l 31 279
l 32 603
l 32 896
l 32 514
l 32 1683
l 32 895
l 32 201
l 32 505
l 32 1677
l 32 1851
l 32 1519
l 33 34
l 33 70
l 33 86
l 33 85
l 33 1348
l 33 164
l 33 35
l 33 1351
l 34 70
l 34 1348
l 34 868
l 34 163
l 34 1347
l 34 164
l 34 86
l 34 880
l 35 41
l 35 132
l 35 123
l 35 57
l 35 868
l 35 70
l 36 139
l 36 125
l 36 109
l 36 68
l 36 141
l 36 102
l 36 1345
l 36 90
l 36 126
l 36 95
l 37 103
l 37 102
l 37 4338
l 37 126
l 37 1846
l 37 63
l 37 67
l 37 68
l 37 125
l 37 139
l 38 128
l 38 129
l 38 92
l 38 115
l 38 131
l 38 992
l 39 1841
l 39 43
l 39 96
l 39 48
l 39 2635
l 39 4334
l 39 1847
l 39 42
l 39 108
l 40 48
l 40 1844
l 40 96
l 40 47
l 40 97
l 40 50
l 41 104
l 41 132
l 41 4336
l 41 87
l 41 142
l 41 2622
l 42 108
l 42 62
l 42 43
l 42 63
l 42 1841
l 42 67
l 42 64
l 42 103
l 43 1841
l 43 108
l 43 48
l 43 62
l 43 1847
l 44 140
l 44 112
l 44 1344
l 44 2384
l 44 122
l 44 137
l 44 69
l 44 141
l 44 1345
l 45 89
l 45 94
l 45 74
l 45 130
l 45 75
l 45 127
l 45 161
l 45 115
l 45 190
l 46 2388
l 46 2387
l 46 49
l 46 47
l 46 2386
l 46 873
l 46 864
l 46 882
l 47 48
l 47 49
l 47 2387
l 48 96
l 48 1841
l 48 1844
l 49 2388
l 49 79
l 49 77
l 49 50
l 49 864
l 49 2387
l 49 873
l 50 77
l 50 78
l 50 51
l 50 79
l 50 2388
l 50 83
l 51 120
l 51 78
l 51 97
l 51 2616
l 51 80
l 51 2599
l 51 1844
l 52 902
l 52 110
l 52 111
l 52 98
l 52 990
l 52 54
l 52 60
l 52 59
l 52 1676
l 53 1674
l 53 897
l 53 133
l 53 899
l 53 58
l 53 1678
l 53 898
l 53 1840
l 53 91
l 54 65
l 54 990
l 54 55
l 54 1845
l 54 992
l 54 902
l 54 901
l 55 65
l 55 992
l 55 990
l 55 991
l 55 129
l 55 92
l 56 867
l 56 121
l 56 123
l 56 869
l 56 863
l 57 507
l 57 105
l 57 123
l 57 863
l 57 132
l 57 875
l 57 876
l 58 133
l 58 91
l 58 897
l 58 896
l 58 116
l 58 514
l 58 1674
l 58 895
l 59 2628
l 59 60
l 59 136
l 59 107
l 59 1676
l 59 110
l 59 2655
l 59 3420
l 59 2625
l 59 106
l 60 107
l 60 110
l 60 136
l 60 106
l 60 2628
l 60 2655
l 61 2579
l 61 101
l 61 113
l 61 106
l 61 100
l 61 2578
l 61 2619
l 61 2521
l 61 135
l 62 63
l 62 103
l 62 67
l 62 108
l 62 66
l 62 4338
l 62 102
l 63 103
l 63 4338
l 63 2581
l 63 108
l 63 67
l 63 102
l 63 2554
l 64 66
l 64 1344
l 64 67
l 64 1345
l 65 992
l 65 990
l 65 991
l 65 129
l 65 901
l 66 67
l 66 1344
l 66 1345
l 66 103
l 66 102
l 66 125
l 67 103
l 67 1345
l 67 102
l 67 125
l 67 1344
l 68 139
l 68 125
l 68 126
l 68 109
l 68 102
l 68 90
l 68 141
l 68 1846
l 68 95
l 69 112
l 69 111
l 69 92
l 69 122
l 69 98
l 69 990
l 70 164
l 70 86
l 70 163
l 70 1348
l 70 1351
l 70 880
l 70 177
l 70 881
l 71 2396
l 71 166
l 71 865
l 71 866
l 71 162
l 71 2398
l 71 76
l 71 189
l 71 190
l 71 173
l 72 155
l 72 878
l 72 156
l 72 154
l 72 145
l 72 146
l 72 147
l 72 883
l 72 203
l 72 144
l 73 874
l 73 143
l 73 883
l 73 156
l 73 882
l 73 84
l 73 144
l 73 155
l 73 2394
l 73 199
l 74 127
l 74 75
l 74 94
l 74 865
l 74 88
l 74 162
l 74 130
l 74 166
l 74 76
l 75 865
l 75 162
l 75 127
l 75 166
l 75 94
l 75 866
l 75 190
l 75 76
l 76 865
l 76 2396
l 76 1347
l 76 88
l 76 166
l 76 162
l 76 127
l 76 866
l 77 79
l 77 83
l 77 78
l 77 2388
l 77 864
l 77 873
l 78 80
l 78 83
l 78 120
l 78 2599
l 78 79
l 79 864
l 79 2388
l 79 873
l 79 878
l 79 882
l 80 2599
l 80 1843
l 80 119
l 80 83
l 80 120
l 80 2558
l 81 118
l 81 85
l 81 87
l 81 83
l 81 119
l 81 82
l 81 124
l 81 117
l 82 861
l 82 1349
l 82 124
l 82 118
l 82 878
l 82 879
l 82 167
l 82 1350
l 82 168
l 83 119
l 83 118
l 84 2394
l 84 206
l 84 143
l 84 138
l 84 199
l 84 2385
l 84 144
l 84 2391
l 84 883
l 85 86
l 85 118
l 85 124
l 85 1351
l 85 164
l 86 1351
l 86 164
l 86 124
l 86 881
l 86 1350
l 86 163
l 87 117
l 87 104
l 87 142
l 87 119
l 87 118
l 88 127
l 88 865
l 88 869
l 88 2396
l 88 1347
l 89 94
l 89 161
l 89 206
l 89 190
l 89 2401
l 89 162
l 89 159
l 90 109
l 90 93
l 90 95
l 90 2612
l 90 139
l 90 126
l 90 1842
l 90 125
l 91 897
l 91 131
l 91 116
l 91 114
l 91 898
l 91 128
l 91 899
l 92 990
l 92 111
l 92 992
l 92 129
l 93 2612
l 93 1842
l 93 95
l 93 4335
l 93 2618
l 93 2627
l 93 134
l 93 2614
l 93 109
l 94 190
l 94 162
l 94 161
l 94 866
l 94 166
l 94 865
l 95 2612
l 95 2614
l 95 126
l 95 1846
l 95 2645
l 95 2627
l 95 2586
l 96 1844
l 96 2635
l 96 2615
l 96 1841
l 96 4334
l 96 2557
l 97 2616
l 97 4337
l 97 1844
l 97 120
l 97 2570
l 97 2638
l 97 2615
l 98 110
l 98 111
l 98 135
l 98 107
l 99 1848
l 99 4181
l 99 900
l 99 1675
l 99 1679
l 99 4341
l 99 899
l 99 4333
l 100 2619
l 100 101
l 100 2579
l 100 4335
l 100 2618
l 100 1842
l 100 2553
l 100 2521
l 101 135
l 101 2579
l 101 2619
l 101 134
l 101 106
l 101 1842
l 101 4335
l 102 125
l 102 139
l 102 1345
l 102 126
l 102 103
l 102 1846
l 103 4338
l 103 1345
l 103 125
l 103 126
l 104 142
l 104 4336
l 104 2622
l 104 117
l 104 132
l 104 2576
l 105 281
l 105 132
l 105 507
l 105 876
l 105 1849
l 105 2798
l 105 2559
l 105 2187
l 106 113
l 106 107
l 106 136
l 106 2655
l 106 2578
l 106 2579
l 107 136
l 107 2655
l 107 2628
l 107 113
l 108 1847
l 108 2581
l 108 1841
l 108 2580
l 108 4338
l 109 141
l 109 139
l 109 125
l 109 126
l 109 137
l 109 1345
l 110 902
l 110 2628
l 110 136
l 111 990
l 111 902
l 112 140
l 112 137
l 112 141
l 112 122
l 112 1344
l 113 2578
l 113 2655
l 113 136
l 113 2579
l 113 2520
l 113 2625
l 114 131
l 114 116
l 114 115
l 114 130
l 115 130
l 115 131
l 115 128
l 115 127
l 116 895
l 116 896
l 116 131
l 116 897
l 117 142
l 117 2646
l 117 119
l 117 1843
l 117 2603
l 117 2622
l 118 124
l 118 861
l 118 1349
l 118 1351
l 119 1843
l 119 2646
l 120 2599
l 120 2616
l 120 2638
l 120 2558
l 120 2597
l 121 504
l 121 509
l 121 279
l 121 863
l 121 499
l 121 867
l 122 2384
l 122 138
l 122 140
l 123 867
l 123 868
l 123 869
l 124 1351
l 124 1349
l 124 1350
l 124 881
l 124 861
l 124 169
l 125 139
l 125 1345
l 125 141
l 125 126
l 126 1846
l 126 139
l 126 2614
l 127 865
l 127 162
l 127 166
l 127 2396
l 128 131
l 128 129
l 128 898
l 128 900
l 129 991
l 129 992
l 129 900
l 130 865
l 131 897
l 131 898
l 132 1849
l 132 4336
l 132 2559
l 132 281
l 132 2798
l 133 1678
l 133 4182
l 133 1674
l 133 897
l 133 514
l 133 896
l 133 4340
l 133 201
l 134 1842
l 134 135
l 134 4335
l 134 137
l 134 2619
l 135 2579
l 136 2655
l 136 2628
l 136 2625
l 136 2578
l 137 141
l 137 140
l 137 1842
l 138 2384
l 138 2385
l 138 206
l 138 2394
l 139 141
l 139 1345
l 140 1344
l 140 141
l 140 1345
l 141 1345
l 142 2622
l 142 2603
l 142 2646
l 142 4336
l 142 2550
l 142 2576
l 143 883
l 143 144
l 143 156
l 143 199
l 143 145
l 143 155
l 143 2394
l 143 146
l 143 874
l 144 145
l 144 199
l 144 156
l 144 146
l 144 883
l 144 200
l 144 203
l 144 155
l 144 147
l 145 146
l 145 203
l 145 156
l 145 200
l 145 199
l 145 147
l 145 154
l 145 155
l 145 883
l 146 203
l 146 147
l 146 154
l 146 200
l 146 148
l 146 167
l 146 156
l 146 199
l 147 154
l 147 203
l 147 148
l 147 167
l 147 168
l 147 157
l 147 200
l 147 2389
l 148 168
l 148 157
l 148 167
l 148 154
l 148 862
l 148 203
l 148 2389
l 148 171
l 148 149
l 149 171
l 149 204
l 149 862
l 149 197
l 149 879
l 149 157
l 149 150
l 149 168
l 149 202
l 149 2389
l 150 172
l 150 202
l 150 197
l 150 196
l 150 170
l 150 204
l 150 198
l 150 2395
l 150 171
l 151 186
l 151 872
l 151 184
l 151 884
l 151 198
l 151 185
l 151 205
l 151 871
l 151 195
l 151 170
l 152 207
l 152 182
l 152 179
l 152 195
l 152 208
l 152 205
l 152 185
l 152 180
l 152 187
l 152 178
l 153 192
l 153 191
l 153 178
l 153 187
l 153 183
l 153 208
l 153 179
l 153 176
l 153 194
l 153 160
l 154 203
l 154 167
l 154 168
l 154 157
l 154 200
l 154 2389
l 155 156
l 155 883
l 155 882
l 156 883
l 156 882
l 156 199
l 156 203
l 157 168
l 157 862
l 157 2389
l 157 167
l 157 171
l 157 203
l 157 204
l 158 2395
l 158 198
l 158 871
l 158 170
l 158 196
l 158 2392
l 158 184
l 158 186
l 158 872
l 159 160
l 159 209
l 159 2401
l 159 193
l 159 192
l 159 194
l 159 191
l 159 2390
l 159 178
l 160 192
l 160 193
l 160 178
l 160 191
l 160 209
l 160 187
l 160 194
l 160 179
l 161 2401
l 161 190
l 161 188
l 161 206
l 161 866
l 161 162
l 162 166
l 162 866
l 162 865
l 162 190
l 162 2398
l 162 2396
l 162 188
l 162 189
l 163 880
l 163 177
l 163 164
l 163 176
l 163 174
l 163 1348
l 163 175
l 163 173
l 163 183
l 164 1351
l 164 881
l 164 176
l 164 177
l 164 178
l 164 880
l 165 2400
l 165 175
l 165 183
l 165 194
l 165 174
l 165 2397
l 165 2399
l 165 191
l 165 2401
l 165 188
l 166 866
l 166 865
l 166 2396
l 166 2398
l 166 190
l 166 189
l 166 188
l 167 168
l 167 203
l 167 862
l 167 2389
l 167 879
l 168 862
l 168 2389
l 168 171
l 168 203
l 169 172
l 169 170
l 169 197
l 169 202
l 169 196
l 169 879
l 169 884
l 169 198
l 169 1350
l 170 196
l 170 198
l 170 172
l 170 184
l 170 884
l 170 202
l 170 186
l 171 204
l 171 862
l 171 197
l 171 879
l 171 202
l 171 2389
l 172 202
l 172 196
l 172 197
l 172 198
l 172 204
l 172 884
l 172 2395
l 173 2398
l 173 174
l 173 880
l 173 2397
l 173 188
l 173 2396
l 173 2399
l 173 866
l 173 189
l 174 2400
l 174 880
l 174 175
l 174 183
l 174 177
l 174 194
l 174 2397
l 174 188
l 175 183
l 175 2400
l 175 194
l 175 191
l 175 192
l 175 177
l 175 176
l 176 177
l 176 178
l 176 192
l 176 187
l 176 191
l 176 179
l 176 180
l 176 183
l 177 880
l 177 183
l 177 194
l 177 191
l 177 192
l 178 187
l 178 179
l 178 192
l 178 208
l 178 180
l 178 207
l 178 182
l 179 187
l 179 208
l 179 180
l 179 207
l 179 182
l 179 195
l 179 185
l 179 192
l 180 208
l 180 187
l 180 182
l 180 207
l 180 185
l 180 195
l 180 192
l 181 872
l 181 185
l 181 186
l 181 182
l 181 205
l 181 884
l 181 195
l 181 207
l 181 184
l 182 207
l 182 185
l 182 195
l 182 205
l 182 208
l 182 187
l 183 194
l 183 2400
l 183 191
l 183 192
l 184 186
l 184 872
l 184 198
l 184 884
l 184 196
l 184 871
l 184 185
l 185 205
l 185 195
l 185 207
l 185 872
l 185 186
l 185 871
l 186 872
l 186 884
l 186 205
l 186 198
l 186 871
l 186 195
l 187 208
l 187 192
l 187 207
l 187 195
l 188 2398
l 188 866
l 188 2399
l 188 2397
l 188 2401
l 188 190
l 188 189
l 189 2397
l 189 2399
l 189 866
l 189 2398
l 189 2396
l 190 866
l 190 2398
l 190 2401
l 190 865
l 191 192
l 191 194
l 191 2400
l 192 208
l 192 194
l 193 209
l 193 207
l 193 871
l 193 208
l 194 2400
l 194 2401
l 195 205
l 195 207
l 195 872
l 195 871
l 196 198
l 196 202
l 196 884
l 197 202
l 197 204
l 197 198
l 197 2395
l 198 884
l 198 202
l 199 200
l 199 2393
l 199 203
l 199 2394
l 199 2389
l 199 2391
l 200 2393
l 200 203
l 200 2389
l 201 514
l 201 1677
l 201 1851
l 201 1683
l 201 1680
l 201 4185
l 201 4189
l 201 4182
l 201 896
l 202 2395
l 202 204
l 202 870
l 203 2389
l 204 862
l 204 879
l 204 2389
l 205 207
l 205 872
l 205 871
l 206 2390
l 206 209
l 206 2394
l 206 2392
l 206 2391
l 207 208
l 209 871
l 210 503
l 210 499
l 210 602
l 210 500
l 210 2367
l 210 903
l 210 504
l 210 2365
l 210 1518
l 210 1520
l 211 243
l 211 231
l 211 2362
l 211 903
l 211 602
l 211 501
l 211 242
l 211 966
l 211 1518
l 211 498
l 212 2378
l 212 2407
l 212 1664
l 212 227
l 212 2409
l 212 321
l 212 2377
l 212 2406
l 212 2485
l 212 1657
l 213 962
l 213 2444
l 213 495
l 213 497
l 213 214
l 213 969
l 213 964
l 213 910
l 213 2498
l 213 1608
l 214 495
l 214 2403
l 214 2412
l 214 496
l 214 936
l 214 965
l 214 964
l 214 2404
l 214 497
l 215 1364
l 215 1449
l 215 591
l 215 1367
l 215 595
l 215 596
l 215 592
l 215 216
l 215 217
l 215 1371
l 216 595
l 216 1659
l 216 552
l 216 558
l 216 217
l 216 1661
l 216 594
l 216 1658
l 216 557
l 217 1449
l 217 1659
l 217 551
l 217 1448
l 217 552
l 217 1367
l 217 1447
l 217 1450
l 218 2430
l 218 2239
l 218 837
l 218 2461
l 218 2405
l 218 2240
l 218 2503
l 218 597
l 218 229
l 218 2435
l 219 320
l 219 606
l 219 226
l 219 1582
l 219 835
l 219 1526
l 219 1583
l 219 1523
l 219 473
l 219 1422
l 220 765
l 220 823
l 220 1407
l 220 1353
l 220 756
l 220 825
l 220 269
l 220 568
l 220 819
l 220 757
l 221 286
l 221 282
l 221 1550
l 221 1548
l 221 511
l 221 470
l 221 238
l 221 471
l 221 888
l 221 1813
l 222 955
l 222 1610
l 222 912
l 222 943
l 222 944
l 222 1609
l 222 907
l 222 1616
l 222 689
l 222 956
l 223 1430
l 223 688
l 223 247
l 223 1398
l 223 1399
l 223 1396
l 223 1397
l 223 2492
l 223 224
l 223 574
l 224 2412
l 224 2492
l 224 2403
l 224 247
l 224 2491
l 224 496
l 224 2411
l 224 1430
l 224 718
l 225 590
l 225 2469
l 225 1585
l 225 2472
l 225 2471
l 225 589
l 225 1582
l 225 2470
l 225 1583
l 225 588
l 226 473
l 226 1582
l 226 606
l 226 1585
l 226 1586
l 226 320
l 226 1583
l 226 252
l 227 2409
l 227 321
l 227 522
l 227 2363
l 227 2407
l 227 2378
l 227 2408
l 227 2406
l 227 245
l 228 2225
l 228 2214
l 228 1826
l 228 624
l 228 1823
l 228 2231
l 228 319
l 228 248
l 228 511
l 228 286
l 229 2405
l 229 2359
l 229 836
l 229 240
l 229 597
l 229 837
l 229 2430
l 229 2408
l 229 437
l 229 2417
l 230 248
l 230 2192
l 230 670
l 230 288
l 230 2193
l 230 613
l 230 517
l 230 2368
l 230 2214
l 230 1826
l 231 2362
l 231 2353
l 231 242
l 231 241
l 231 2402
l 231 498
l 231 243
l 231 2404
l 231 497
l 232 2406
l 232 245
l 232 244
l 232 604
l 232 585
l 232 605
l 232 233
l 232 803
l 232 586
l 232 2431
l 233 1363
l 233 585
l 233 586
l 233 2483
l 233 803
l 233 604
l 233 556
l 233 2428
l 233 2429
l 233 1362
l 234 1666
l 234 940
l 234 946
l 234 948
l 234 570
l 234 1665
l 234 1412
l 234 580
l 234 263
l 234 236
l 235 237
l 235 963
l 235 496
l 235 718
l 235 2411
l 235 965
l 235 723
l 235 945
l 235 2412
l 235 717
l 236 941
l 236 570
l 236 1667
l 236 725
l 236 938
l 236 946
l 236 2423
l 236 1666
l 236 1412
l 237 963
l 237 945
l 237 717
l 237 718
l 237 723
l 237 2411
l 237 965
l 237 942
l 237 496
l 238 471
l 238 1421
l 238 624
l 238 285
l 238 470
l 238 282
l 238 274
l 238 511
l 238 286
l 239 919
l 239 921
l 239 929
l 239 932
l 239 935
l 239 2436
l 239 951
l 239 920
l 239 854
l 239 930
l 240 836
l 240 244
l 240 2417
l 240 605
l 240 2408
l 240 438
l 240 245
l 240 2432
l 241 2353
l 241 242
l 241 312
l 241 1428
l 241 2416
l 241 2499
l 241 2402
l 241 1684
l 241 2490
l 242 243
l 242 1346
l 242 1684
l 242 312
l 242 1453
l 242 2353
l 242 501
l 243 501
l 243 1453
l 243 1346
l 243 1519
l 243 602
l 243 1518
l 243 1684
l 244 245
l 244 605
l 244 2406
l 244 2417
l 244 604
l 244 2432
l 244 2431
l 244 2409
l 245 2406
l 245 2409
l 245 605
l 245 604
l 245 2407
l 245 585
l 245 2408
l 246 1411
l 246 2423
l 246 1431
l 246 842
l 246 1396
l 246 724
l 246 1667
l 246 2424
l 246 2410
l 246 1398
l 247 688
l 247 2411
l 247 1399
l 247 718
l 247 1398
l 247 723
l 247 1397
l 247 1396
l 248 613
l 248 2214
l 248 670
l 248 2231
l 248 2193
l 248 1826
l 248 1556
l 248 2225
l 249 2418
l 249 2354
l 249 1516
l 249 1520
l 249 257
l 249 2365
l 249 503
l 249 2440
l 249 464
l 249 713
l 250 494
l 250 2415
l 250 923
l 250 476
l 250 2425
l 250 251
l 250 2413
l 250 2419
l 250 928
l 250 973
l 251 923
l 251 476
l 251 973
l 251 494
l 251 2427
l 251 928
l 251 583
l 251 976
l 251 2425
l 252 473
l 252 1586
l 252 259
l 252 1522
l 252 1587
l 252 1525
l 252 606
l 252 1543
l 252 1585
l 253 1576
l 253 1589
l 253 2464
l 253 1643
l 253 2475
l 253 2305
l 253 1575
l 253 1644
l 253 1560
l 253 2278
l 254 2472
l 254 1573
l 254 1585
l 254 1572
l 254 2471
l 254 1570
l 254 2473
l 254 1574
l 254 1569
l 255 2414
l 255 474
l 255 1572
l 255 584
l 255 2425
l 255 2413
l 255 923
l 255 475
l 255 1573
l 256 2413
l 256 475
l 256 258
l 256 474
l 256 2419
l 256 2306
l 256 2415
l 256 2425
l 256 911
l 257 2354
l 257 904
l 257 2355
l 257 1516
l 257 502
l 257 1618
l 257 2440
l 257 2418
l 257 2375
l 258 911
l 258 475
l 258 2294
l 258 474
l 258 2413
l 258 2306
l 258 922
l 258 2419
l 259 1586
l 259 1587
l 259 2473
l 259 2474
l 259 473
l 259 1574
l 259 1585
l 259 2488
l 260 262
l 260 261
l 260 940
l 260 948
l 260 949
l 260 446
l 260 1665
l 260 448
l 260 947
l 260 1666
l 261 446
l 261 262
l 261 949
l 261 448
l 261 1673
l 261 947
l 261 1668
l 261 1665
l 261 948
l 262 949
l 262 446
l 262 448
l 262 1665
l 262 947
l 262 940
l 262 948
l 262 1673
l 263 580
l 263 1665
l 263 2421
l 263 1413
l 263 1673
l 263 519
l 263 948
l 263 446
l 263 1666
l 264 1435
l 264 2453
l 264 2421
l 264 1388
l 264 1413
l 264 1389
l 264 1434
l 264 265
l 264 685
l 264 1432
l 265 2421
l 265 1434
l 265 1672
l 265 1405
l 265 1406
l 265 1436
l 265 685
l 265 1438
l 266 267
l 266 934
l 266 977
l 266 2437
l 266 838
l 266 2436
l 266 935
l 266 839
l 266 932
l 266 492
l 267 1563
l 267 977
l 267 1440
l 267 838
l 267 932
l 267 934
l 267 488
l 267 2436
l 267 1567
l 268 1564
l 268 2465
l 268 1563
l 268 1567
l 268 488
l 268 1440
l 268 1568
l 268 2467
l 268 838
l 269 506
l 269 1353
l 269 823
l 269 1357
l 269 822
l 269 786
l 269 785
l 269 783
l 269 571
l 270 1446
l 270 271
l 270 683
l 270 1371
l 270 2456
l 270 1444
l 270 1445
l 270 684
l 270 591
l 270 1366
l 271 272
l 271 1445
l 271 1368
l 271 1370
l 271 1443
l 271 1446
l 271 1444
l 271 575
l 271 2456
l 272 1443
l 272 575
l 272 2456
l 272 578
l 272 1442
l 272 1444
l 272 577
l 272 1368
l 273 1444
l 273 2456
l 273 1391
l 273 684
l 273 1393
l 273 1437
l 273 1438
l 273 1443
l 273 2457
l 273 578
l 274 275
l 274 1418
l 274 1545
l 274 285
l 274 1421
l 274 471
l 274 1822
l 274 2312
l 274 299
l 275 2312
l 275 285
l 275 299
l 275 300
l 275 1545
l 275 1552
l 275 2335
l 275 1549
l 275 471
l 276 277
l 276 502
l 276 875
l 276 507
l 276 1618
l 276 876
l 276 1619
l 276 905
l 276 863
l 276 1516
l 277 1619
l 277 876
l 277 456
l 277 1620
l 277 507
l 277 281
l 277 1618
l 277 1517
l 277 2187
l 278 1829
l 278 1692
l 278 1830
l 278 1831
l 278 280
l 278 611
l 278 1832
l 278 887
l 278 1693
l 278 1833
l 279 504
l 279 1516
l 279 863
l 279 1520
l 279 875
l 279 502
l 279 499
l 279 503
l 280 611
l 280 612
l 280 1692
l 280 623
l 280 1690
l 280 318
l 280 1830
l 280 1832
l 280 1833
l 281 2798
l 281 876
l 281 2187
l 281 1849
l 281 456
l 281 3397
l 281 507
l 281 2623
l 282 470
l 282 1548
l 282 1813
l 282 471
l 282 1550
l 282 286
l 282 285
l 282 888
l 283 720
l 283 291
l 283 719
l 283 1698
l 283 1697
l 283 1702
l 283 298
l 283 1810
l 283 721
l 283 877
l 284 2515
l 284 1828
l 284 1705
l 284 4325
l 284 465
l 284 1700
l 284 2509
l 284 2320
l 284 1805
l 284 4995
l 285 299
l 285 1549
l 285 470
l 285 471
l 285 2312
l 285 1817
l 285 1555
l 286 1550
l 286 511
l 286 319
l 286 624
l 286 1815
l 286 2225
l 286 1548
l 286 888
l 287 2228
l 287 322
l 287 304
l 287 459
l 287 292
l 287 677
l 287 323
l 287 460
l 287 293
l 287 1722
l 288 2193
l 288 2374
l 288 1551
l 288 2192
l 288 2211
l 288 2236
l 288 613
l 288 2360
l 288 2373
l 289 1819
l 289 450
l 289 515
l 289 2510
l 289 1554
l 289 2505
l 289 2360
l 289 1820
l 289 2381
l 289 2356
l 290 1807
l 290 1808
l 290 2364
l 290 2514
l 290 2361
l 290 1806
l 290 480
l 290 663
l 290 478
l 290 4994
l 291 1810
l 291 719
l 291 720
l 291 1809
l 291 877
l 291 483
l 291 721
l 291 301
l 291 660
l 292 2217
l 292 2228
l 292 2216
l 292 304
l 292 293
l 292 1722
l 292 327
l 292 1713
l 292 294
l 293 2228
l 293 676
l 293 2216
l 293 294
l 293 460
l 293 2205
l 293 661
l 293 305
l 293 2217
l 294 305
l 294 2216
l 294 2205
l 294 2194
l 294 676
l 294 2195
l 294 327
l 294 2210
l 295 481
l 295 453
l 295 297
l 295 694
l 295 296
l 295 2379
l 295 616
l 295 452
l 295 1795
l 295 2276
l 296 1795
l 296 617
l 296 297
l 296 2276
l 296 453
l 296 2251
l 296 2333
l 296 2273
l 296 1794
l 297 1795
l 297 616
l 297 1794
l 297 694
l 297 617
l 297 2252
l 297 2251
l 297 453
l 298 1697
l 298 1698
l 298 2262
l 298 2261
l 298 2383
l 298 719
l 298 1702
l 298 720
l 299 1552
l 299 2312
l 299 1549
l 299 1817
l 299 2335
l 299 1547
l 299 1555
l 299 1546
l 300 2312
l 300 1557
l 300 1545
l 300 2335
l 300 2266
l 300 1552
l 300 1707
l 301 1810
l 301 302
l 301 721
l 301 486
l 301 483
l 301 485
l 301 2267
l 301 1809
l 301 720
l 302 1732
l 302 2267
l 302 485
l 302 1738
l 302 721
l 302 1734
l 302 486
l 302 1810
l 302 1739
l 303 1720
l 303 329
l 303 322
l 303 469
l 303 2265
l 303 323
l 303 2326
l 303 1734
l 303 677
l 303 678
l 304 1722
l 304 2217
l 304 323
l 304 1736
l 304 1713
l 304 322
l 304 2228
l 304 2216
l 305 327
l 305 2195
l 305 2209
l 305 2216
l 305 2194
l 305 1708
l 305 2205
l 305 535
l 306 1724
l 306 615
l 306 330
l 306 535
l 306 1712
l 306 528
l 306 722
l 306 1711
l 306 458
l 306 1726
l 307 1790
l 307 614
l 307 1798
l 307 664
l 307 2204
l 307 662
l 307 451
l 307 2243
l 307 2196
l 307 2255
l 308 2356
l 308 2192
l 308 2360
l 308 450
l 308 2374
l 308 517
l 308 691
l 308 515
l 308 1825
l 308 1554
l 309 310
l 309 1524
l 309 1419
l 309 1417
l 309 2369
l 309 2357
l 309 1425
l 309 1424
l 309 449
l 309 2372
l 310 2357
l 310 1424
l 310 2369
l 310 2503
l 310 2372
l 310 1524
l 310 1417
l 310 1527
l 310 597
l 311 2358
l 311 2363
l 311 2372
l 311 522
l 311 520
l 311 449
l 311 1527
l 311 2369
l 311 2359
l 312 1684
l 312 2416
l 312 2506
l 312 2486
l 312 1346
l 312 4190
l 312 1428
l 313 709
l 313 3217
l 313 3215
l 313 2828
l 313 2916
l 313 3214
l 313 403
l 313 706
l 313 705
l 313 708
l 314 3128
l 314 3130
l 314 3131
l 314 525
l 314 315
l 314 3037
l 314 3216
l 314 1715
l 314 622
l 314 2917
l 315 3128
l 315 2828
l 315 3129
l 315 2827
l 315 3130
l 315 1715
l 315 3217
l 315 525
l 316 317
l 316 1717
l 316 1718
l 316 3129
l 316 2827
l 316 1716
l 316 2826
l 316 484
l 316 4218
l 317 532
l 317 484
l 317 2825
l 317 2827
l 317 2828
l 317 3214
l 317 708
l 317 1717
l 318 890
l 318 623
l 318 2229
l 318 1792
l 318 891
l 318 611
l 318 1833
l 318 1834
l 318 1818
l 319 1553
l 319 1815
l 319 2225
l 319 889
l 319 624
l 319 1550
l 319 2235
l 319 2231
l 319 1818
l 320 835
l 320 1526
l 320 860
l 320 1583
l 320 1582
l 320 859
l 320 1523
l 320 606
l 321 2378
l 321 1451
l 321 2363
l 321 1454
l 321 2409
l 321 2407
l 321 1657
l 321 522
l 322 677
l 322 323
l 322 469
l 322 459
l 322 1720
l 322 2254
l 322 2228
l 323 1736
l 323 1720
l 323 333
l 323 1722
l 323 629
l 323 2326
l 324 1709
l 324 2208
l 324 1714
l 324 2197
l 324 2201
l 324 1708
l 324 2218
l 324 1727
l 324 2209
l 324 436
l 325 406
l 325 1710
l 325 2322
l 325 2286
l 325 2285
l 325 2321
l 325 1711
l 325 1725
l 325 1728
l 325 2295
l 326 667
l 326 2295
l 326 696
l 326 407
l 326 697
l 326 538
l 326 1710
l 326 695
l 326 408
l 326 2321
l 327 1708
l 327 2216
l 327 2232
l 327 2217
l 327 2209
l 327 2218
l 327 2195
l 327 1713
l 328 1713
l 328 2233
l 328 1723
l 328 334
l 328 2218
l 328 2232
l 328 1722
l 328 1714
l 328 336
l 328 2217
l 329 1734
l 329 2267
l 329 678
l 329 1720
l 329 2265
l 329 2326
l 329 721
l 329 1732
l 330 528
l 330 1712
l 330 2281
l 330 2282
l 330 615
l 330 658
l 330 2283
l 330 2253
l 330 657
l 331 668
l 331 1728
l 331 625
l 331 1729
l 331 332
l 331 669
l 331 2285
l 331 1719
l 331 2325
l 331 2322
l 332 2325
l 332 625
l 332 669
l 332 1739
l 332 1718
l 332 668
l 332 626
l 332 1728
l 332 2285
l 333 2287
l 333 1720
l 333 1736
l 333 1721
l 333 2326
l 333 629
l 333 1735
l 333 628
l 333 2327
l 334 1723
l 334 1722
l 334 629
l 334 1737
l 334 1713
l 334 1736
l 334 2233
l 334 337
l 334 336
l 335 336
l 335 634
l 335 2219
l 335 2233
l 335 350
l 335 2226
l 335 665
l 335 1723
l 335 354
l 335 337
l 336 1723
l 336 350
l 336 337
l 336 2233
l 336 634
l 336 1737
l 336 635
l 336 2219
l 337 635
l 337 1737
l 337 338
l 337 350
l 337 351
l 337 1723
l 337 666
l 337 420
l 338 351
l 338 339
l 338 1737
l 338 1721
l 338 629
l 338 635
l 338 421
l 338 1735
l 338 666
l 339 421
l 339 1735
l 339 2268
l 339 351
l 339 1721
l 339 2274
l 339 636
l 339 666
l 339 2327
l 340 637
l 340 2268
l 340 2327
l 340 1733
l 340 630
l 340 636
l 340 1735
l 340 352
l 340 482
l 340 1740
l 341 1719
l 341 695
l 341 1729
l 341 352
l 341 630
l 341 2321
l 341 668
l 341 1740
l 341 1728
l 342 2299
l 342 699
l 342 2298
l 342 638
l 342 639
l 342 700
l 342 633
l 342 698
l 342 427
l 342 358
l 343 2270
l 343 344
l 343 356
l 343 363
l 343 2269
l 343 666
l 343 355
l 343 362
l 343 426
l 343 357
l 344 345
l 344 355
l 344 356
l 344 363
l 344 426
l 344 346
l 344 420
l 344 2270
l 344 2269
l 345 355
l 345 346
l 345 347
l 345 426
l 345 364
l 345 512
l 345 356
l 345 363
l 346 512
l 346 347
l 346 2222
l 346 355
l 346 424
l 346 665
l 346 420
l 346 419
l 347 424
l 347 364
l 347 425
l 347 2222
l 347 371
l 347 2221
l 347 512
l 347 365
l 348 410
l 348 698
l 348 409
l 348 2298
l 348 359
l 348 700
l 348 541
l 348 428
l 348 429
l 348 699
l 349 632
l 349 361
l 349 2203
l 349 542
l 349 2198
l 349 2199
l 349 541
l 349 540
l 349 423
l 349 2223
l 350 634
l 350 635
l 350 665
l 350 420
l 350 512
l 350 666
l 350 355
l 351 666
l 351 635
l 351 421
l 351 2274
l 351 2270
l 351 356
l 351 1737
l 352 630
l 352 695
l 352 2296
l 352 696
l 352 637
l 352 482
l 352 1719
l 352 1729
l 353 2200
l 353 2220
l 353 631
l 353 2226
l 353 2202
l 353 354
l 353 423
l 353 2224
l 353 2203
l 353 419
l 354 419
l 354 2220
l 354 2226
l 354 634
l 354 665
l 354 512
l 354 2222
l 354 2224
l 354 2200
l 355 420
l 355 356
l 355 512
l 355 665
l 355 426
l 356 666
l 356 420
l 356 2270
l 356 635
l 356 363
l 356 2269
l 357 633
l 357 2274
l 357 422
l 357 2270
l 357 2269
l 357 638
l 357 639
l 357 421
l 357 636
l 358 699
l 358 482
l 358 638
l 358 2297
l 358 422
l 358 2296
l 358 698
l 358 2298
l 358 636
l 359 698
l 359 409
l 359 408
l 359 2297
l 359 697
l 359 2298
l 359 410
l 359 699
l 359 667
l 360 2221
l 360 2224
l 360 2223
l 360 365
l 360 2198
l 360 419
l 360 2220
l 360 2222
l 360 424
l 360 2203
l 361 2191
l 361 2238
l 361 2198
l 361 2199
l 361 2223
l 361 542
l 361 2203
l 361 632
l 361 2189
l 362 2269
l 362 368
l 362 363
l 362 639
l 362 2271
l 362 427
l 362 633
l 362 369
l 363 2271
l 363 2269
l 363 426
l 363 2270
l 363 368
l 364 371
l 364 426
l 364 1761
l 364 425
l 364 370
l 364 424
l 364 1766
l 364 374
l 365 2221
l 365 2237
l 365 424
l 365 2223
l 365 425
l 365 2222
l 365 374
l 365 2191
l 365 2190
l 366 411
l 366 428
l 366 701
l 366 2300
l 366 1771
l 366 377
l 366 700
l 366 429
l 366 543
l 366 367
l 367 427
l 367 701
l 367 378
l 367 2300
l 367 368
l 367 640
l 367 2299
l 367 639
l 367 1771
l 368 369
l 368 427
l 368 640
l 368 2271
l 368 639
l 368 2269
l 368 434
l 369 434
l 369 2271
l 369 640
l 369 1768
l 369 370
l 369 2275
l 369 1770
l 370 434
l 370 1761
l 370 426
l 370 2271
l 370 2275
l 370 379
l 370 371
l 371 1766
l 371 1761
l 371 425
l 371 374
l 371 379
l 371 433
l 371 424
l 372 373
l 372 374
l 372 2190
l 372 431
l 372 1765
l 372 2237
l 372 1766
l 372 1758
l 372 2189
l 372 425
l 373 1758
l 373 1766
l 373 433
l 373 374
l 373 1765
l 373 1756
l 373 432
l 373 431
l 373 384
l 374 425
l 374 1766
l 374 2237
l 374 2190
l 374 424
l 375 1746
l 375 1777
l 375 1778
l 375 376
l 375 1747
l 375 1751
l 375 1788
l 375 385
l 375 1745
l 375 391
l 376 1778
l 376 1782
l 376 1751
l 376 391
l 376 648
l 376 1747
l 376 546
l 376 1788
l 376 1780
l 377 411
l 377 1771
l 377 1762
l 377 1759
l 377 543
l 377 412
l 377 701
l 377 428
l 377 544
l 378 701
l 378 2330
l 378 1771
l 378 1770
l 378 640
l 378 1760
l 378 2300
l 378 1759
l 379 1761
l 379 1744
l 379 433
l 379 1766
l 379 2275
l 379 432
l 379 1743
l 380 1742
l 380 1779
l 380 1749
l 380 1773
l 380 413
l 380 2329
l 380 1741
l 380 2303
l 380 545
l 380 415
l 381 1752
l 381 643
l 381 2302
l 381 1753
l 381 1757
l 381 2301
l 381 387
l 381 1760
l 381 644
l 381 2329
l 382 1776
l 382 1754
l 382 647
l 382 1755
l 382 1775
l 382 2289
l 382 1743
l 382 653
l 382 1786
l 382 646
l 383 384
l 383 1746
l 383 1745
l 383 385
l 383 646
l 383 1756
l 383 1777
l 383 1758
l 383 1764
l 384 1765
l 384 385
l 384 1764
l 384 1756
l 384 1758
l 384 1746
l 384 646
l 384 1745
l 384 430
l 385 1746
l 385 1764
l 385 1747
l 385 642
l 385 1751
l 385 1765
l 385 430
l 386 415
l 386 704
l 386 2303
l 386 1789
l 386 414
l 386 393
l 386 2332
l 386 1779
l 386 1774
l 386 547
l 387 1783
l 387 1752
l 387 703
l 387 1757
l 387 2332
l 387 1774
l 387 1784
l 387 649
l 387 644
l 388 653
l 388 389
l 388 654
l 388 1785
l 388 652
l 388 2272
l 388 1787
l 388 1775
l 388 400
l 388 1776
l 389 400
l 389 2272
l 389 652
l 389 397
l 389 398
l 389 654
l 389 1785
l 389 399
l 389 396
l 390 1788
l 390 654
l 390 401
l 390 1778
l 390 1787
l 390 391
l 390 652
l 390 1786
l 390 1777
l 391 1778
l 391 401
l 391 648
l 391 1772
l 391 1788
l 391 1782
l 391 392
l 392 1772
l 392 1781
l 392 648
l 392 655
l 392 548
l 392 402
l 392 416
l 392 399
l 392 1780
l 393 704
l 393 416
l 393 414
l 393 1781
l 393 394
l 393 1789
l 393 2304
l 393 1780
l 393 415
l 394 2304
l 394 416
l 394 704
l 394 2010
l 394 2341
l 394 1854
l 394 548
l 394 656
l 394 1789
l 395 2304
l 395 649
l 395 396
l 395 656
l 395 1789
l 395 650
l 395 1774
l 395 704
l 395 1854
l 395 2272
l 396 397
l 396 656
l 396 2272
l 396 650
l 396 2337
l 396 2304
l 396 649
l 396 1854
l 396 2003
l 397 398
l 397 2337
l 397 2272
l 397 2005
l 397 656
l 397 400
l 397 2006
l 397 2003
l 398 2006
l 398 400
l 398 2005
l 398 399
l 398 2337
l 398 2007
l 398 1860
l 398 402
l 399 400
l 399 402
l 399 2006
l 399 1772
l 399 401
l 399 652
l 399 655
l 399 1860
l 400 652
l 400 2006
l 400 401
l 400 402
l 400 1772
l 400 654
l 401 652
l 401 1772
l 401 654
l 401 1778
l 401 648
l 401 1788
l 402 655
l 402 2006
l 402 2013
l 402 1860
l 402 1772
l 402 548
l 402 2011
l 402 2007
l 403 4752
l 403 3215
l 403 705
l 403 2916
l 403 3218
l 403 2260
l 403 709
l 403 3213
l 403 711
l 404 2249
l 404 1852
l 404 3039
l 404 707
l 404 4743
l 404 1802
l 404 4741
l 404 4784
l 404 2918
l 404 524
l 405 2259
l 405 4303
l 405 2918
l 405 4345
l 405 4741
l 405 3216
l 405 2919
l 405 707
l 405 525
l 405 2917
l 406 1724
l 406 1711
l 406 2286
l 406 536
l 406 1725
l 406 1710
l 406 2322
l 406 1712
l 406 2285
l 407 1725
l 407 537
l 407 1710
l 407 2295
l 407 538
l 407 1727
l 407 667
l 407 536
l 408 667
l 408 409
l 408 540
l 408 697
l 408 539
l 408 541
l 408 698
l 409 541
l 409 410
l 409 540
l 409 698
l 409 429
l 409 542
l 409 2298
l 410 429
l 410 428
l 410 700
l 410 541
l 410 2298
l 410 698
l 410 411
l 410 542
l 411 429
l 411 428
l 411 543
l 411 2199
l 411 1771
l 411 2300
l 411 700
l 412 1748
l 412 1762
l 412 1759
l 412 1769
l 412 545
l 412 702
l 412 1771
l 412 544
l 412 1742
l 413 545
l 413 1749
l 413 1750
l 413 1742
l 413 641
l 413 546
l 413 1779
l 413 1769
l 413 1748
l 414 415
l 414 1780
l 414 547
l 414 1781
l 414 704
l 414 416
l 414 1782
l 414 1779
l 415 1779
l 415 547
l 415 2303
l 415 1780
l 415 1749
l 415 2332
l 415 1773
l 416 548
l 416 2010
l 416 1781
l 416 704
l 416 2341
l 416 655
l 416 2008
l 417 2258
l 417 2243
l 417 2242
l 417 2255
l 417 674
l 417 1801
l 417 675
l 417 693
l 417 477
l 417 1800
l 418 2293
l 418 673
l 418 454
l 418 2273
l 418 2333
l 418 455
l 418 487
l 418 2351
l 418 2969
l 418 2352
l 419 2220
l 419 2222
l 419 2221
l 419 2224
l 419 512
l 419 665
l 419 424
l 420 635
l 420 665
l 420 512
l 420 666
l 421 2274
l 421 636
l 421 2268
l 421 422
l 421 1735
l 421 666
l 421 2270
l 422 636
l 422 638
l 422 482
l 422 2274
l 422 633
l 422 637
l 422 2268
l 423 2200
l 423 2202
l 423 2203
l 423 632
l 423 539
l 423 540
l 423 2224
l 423 2198
l 424 425
l 424 2221
l 424 2222
l 424 2237
l 425 2237
l 425 1766
l 425 2221
l 425 2222
l 426 2271
l 426 1761
l 426 434
l 427 639
l 427 2299
l 427 2300
l 427 633
l 427 701
l 427 640
l 428 700
l 428 2300
l 428 429
l 428 2298
l 428 701
l 428 2299
l 429 542
l 429 541
l 429 2199
l 429 543
l 430 1764
l 430 1763
l 430 431
l 430 641
l 430 1765
l 430 1769
l 430 642
l 430 2189
l 431 1765
l 431 2189
l 431 2190
l 431 1763
l 431 1764
l 431 544
l 432 433
l 432 1743
l 432 1755
l 432 1756
l 432 1758
l 432 1744
l 432 646
l 432 1766
l 433 1766
l 433 1758
l 433 1744
l 433 1756
l 433 1743
l 433 1761
l 434 2275
l 434 1768
l 434 2271
l 434 1761
l 434 1767
l 434 640
l 435 645
l 435 1768
l 435 1770
l 435 643
l 435 1767
l 435 1760
l 435 1753
l 435 640
l 435 2288
l 435 2301
l 436 537
l 436 538
l 436 2202
l 436 631
l 436 1709
l 436 2201
l 436 1727
l 436 539
l 437 2434
l 437 441
l 437 836
l 437 438
l 437 2435
l 437 2417
l 437 439
l 437 837
l 437 2405
l 437 2432
l 438 2417
l 438 441
l 438 2432
l 438 836
l 438 605
l 438 2434
l 438 599
l 439 2434
l 439 441
l 439 1580
l 439 440
l 439 2435
l 439 1581
l 439 859
l 439 860
l 439 1579
l 440 1356
l 440 445
l 440 442
l 440 443
l 440 600
l 440 1355
l 440 1368
l 440 575
l 440 599
l 441 2434
l 441 2417
l 441 2432
l 441 836
l 441 599
l 441 2435
l 442 600
l 442 1368
l 442 1356
l 442 561
l 442 599
l 442 593
l 442 601
l 442 1369
l 442 575
l 442 1370
l 443 1355
l 443 1356
l 443 1442
l 443 593
l 443 1441
l 443 575
l 443 1368
l 443 444
l 443 445
l 444 1441
l 444 1442
l 444 1355
l 444 577
l 444 1415
l 444 445
l 444 575
l 444 2458
l 444 1400
l 445 575
l 445 1355
l 445 577
l 445 1356
l 445 1368
l 445 1442
l 445 850
l 445 1414
l 446 949
l 446 448
l 446 1673
l 446 947
l 446 1668
l 446 518
l 446 519
l 447 1668
l 447 518
l 447 448
l 447 947
l 447 926
l 447 949
l 447 1669
l 447 1671
l 447 1673
l 448 949
l 448 947
l 448 1668
l 448 518
l 448 1673
l 449 2369
l 449 2372
l 449 1524
l 449 520
l 449 513
l 449 2358
l 449 2516
l 449 1527
l 449 2363
l 450 2360
l 450 1554
l 450 2356
l 450 1819
l 450 515
l 450 2373
l 450 2381
l 450 2374
l 451 664
l 451 2364
l 451 614
l 451 2361
l 451 893
l 451 663
l 451 662
l 451 1790
l 452 453
l 452 4313
l 452 2277
l 452 2512
l 452 2379
l 452 2965
l 452 2276
l 452 4869
l 453 2276
l 453 2277
l 453 617
l 453 1795
l 453 2273
l 453 2379
l 454 2969
l 454 487
l 454 673
l 454 455
l 454 2968
l 454 2293
l 454 2273
l 454 3179
l 454 2932
l 455 2273
l 455 2277
l 455 2276
l 455 2968
l 455 4768
l 455 2293
l 455 2333
l 455 673
l 456 2187
l 456 876
l 456 3014
l 456 1517
l 456 1620
l 456 3397
l 456 1619
l 457 712
l 457 3221
l 457 4293
l 457 2291
l 457 4343
l 457 2971
l 457 1850
l 457 2257
l 457 3036
l 457 2292
l 458 477
l 458 2253
l 458 2252
l 458 615
l 458 674
l 458 528
l 458 1794
l 458 2251
l 458 2258
l 458 1801
l 459 510
l 459 677
l 459 2228
l 459 2254
l 459 460
l 459 1796
l 459 2245
l 460 2228
l 460 661
l 460 510
l 460 676
l 460 2245
l 460 1797
l 461 983
l 461 761
l 461 1354
l 461 809
l 461 462
l 461 1372
l 461 468
l 461 576
l 461 560
l 461 818
l 462 1354
l 462 808
l 462 560
l 462 807
l 462 559
l 462 809
l 462 769
l 462 555
l 462 599
l 463 1648
l 463 908
l 463 1559
l 463 1423
l 463 1600
l 463 2310
l 463 1645
l 463 2511
l 463 1543
l 463 2507
l 464 2418
l 464 916
l 464 1617
l 464 2440
l 464 2420
l 464 2354
l 464 906
l 464 1614
l 464 2441
l 465 1705
l 465 1703
l 465 1805
l 465 2515
l 465 1699
l 465 2262
l 465 2320
l 465 1700
l 465 2334
l 466 1685
l 466 1427
l 466 521
l 466 1452
l 466 1681
l 466 2445
l 466 4186
l 466 2487
l 466 1451
l 466 3971
l 467 1394
l 467 982
l 467 1558
l 467 468
l 467 1538
l 467 1537
l 467 980
l 467 1416
l 467 2467
l 467 1415
l 468 983
l 468 1537
l 468 1558
l 468 1372
l 468 1416
l 468 1394
l 468 1592
l 468 1354
l 469 2265
l 469 1689
l 469 677
l 469 1695
l 469 2254
l 469 1691
l 470 471
l 470 1813
l 470 1548
l 470 1549
l 470 1555
l 471 1421
l 471 1418
l 471 511
l 472 1422
l 472 1426
l 472 1418
l 472 1525
l 472 1421
l 472 606
l 472 1822
l 472 1523
l 472 1544
l 472 671
l 473 1586
l 473 606
l 473 1525
l 473 1585
l 473 1582
l 473 1522
l 474 475
l 474 2413
l 474 2414
l 474 911
l 474 2425
l 474 1573
l 475 2413
l 475 911
l 475 2294
l 475 2419
l 475 2425
l 476 928
l 476 494
l 476 973
l 476 2427
l 476 976
l 476 923
l 476 2425
l 476 975
l 477 1801
l 477 1794
l 477 2258
l 477 2252
l 477 616
l 477 674
l 477 1800
l 477 2253
l 478 479
l 478 663
l 478 693
l 478 480
l 478 1807
l 478 662
l 478 1800
l 478 481
l 478 2364
l 478 694
l 479 1800
l 479 693
l 479 694
l 479 481
l 479 480
l 479 616
l 479 1801
l 479 2242
l 479 663
l 480 481
l 480 1807
l 480 1806
l 480 2379
l 480 694
l 480 1800
l 480 663
l 481 694
l 481 2379
l 481 616
l 481 1800
l 481 1806
l 482 637
l 482 2296
l 482 636
l 482 2297
l 482 638
l 482 699
l 483 1809
l 483 529
l 483 486
l 483 530
l 483 660
l 483 1810
l 483 710
l 483 484
l 483 533
l 484 530
l 484 532
l 484 1717
l 484 533
l 484 486
l 484 708
l 484 531
l 484 2825
l 485 1739
l 485 486
l 485 1738
l 485 1717
l 485 669
l 485 1718
l 485 1732
l 486 530
l 486 1717
l 486 529
l 486 1739
l 486 532
l 487 1799
l 487 2995
l 487 673
l 487 2969
l 487 3179
l 487 2996
l 487 523
l 487 4301
l 488 1440
l 488 490
l 488 1392
l 488 1563
l 488 1565
l 488 930
l 488 2465
l 488 1401
l 489 1439
l 489 1565
l 489 1436
l 489 679
l 489 490
l 489 1406
l 489 1437
l 489 680
l 489 1393
l 489 1438
l 490 1440
l 490 930
l 490 680
l 490 1565
l 490 917
l 490 2459
l 490 1392
l 490 1439
l 491 2426
l 491 493
l 491 972
l 491 975
l 491 971
l 491 2427
l 491 973
l 491 925
l 491 583
l 491 933
l 492 2437
l 492 934
l 492 920
l 492 935
l 492 2436
l 492 971
l 492 493
l 492 839
l 492 932
l 493 971
l 493 2426
l 493 972
l 493 975
l 493 925
l 493 924
l 493 2437
l 493 839
l 494 923
l 494 928
l 494 2415
l 494 2427
l 494 973
l 494 976
l 494 2425
l 495 936
l 495 964
l 495 496
l 495 965
l 495 2412
l 495 962
l 495 2403
l 495 969
l 496 2412
l 496 965
l 496 936
l 496 718
l 496 2411
l 496 2403
l 496 963
l 497 2404
l 497 498
l 497 2402
l 497 2498
l 497 2403
l 497 962
l 497 2444
l 498 2498
l 498 2402
l 498 966
l 498 2362
l 498 2404
l 498 2444
l 498 2443
l 499 504
l 499 500
l 499 503
l 499 509
l 499 505
l 499 602
l 499 1520
l 499 1518
l 500 1518
l 500 505
l 500 602
l 500 501
l 500 509
l 500 603
l 500 504
l 500 503
l 501 1518
l 501 602
l 501 1519
l 501 1453
l 501 603
l 501 505
l 501 1683
l 502 875
l 502 1516
l 502 1618
l 502 904
l 502 863
l 502 507
l 503 1520
l 503 2365
l 503 504
l 503 2367
l 503 602
l 503 713
l 504 509
l 504 1520
l 504 505
l 505 603
l 505 1518
l 505 509
l 505 895
l 505 1683
l 505 1519
l 506 785
l 506 766
l 506 1357
l 506 780
l 506 508
l 506 767
l 506 758
l 506 786
l 506 759
l 507 876
l 507 875
l 507 863
l 508 549
l 508 690
l 508 760
l 508 766
l 508 779
l 508 767
l 508 787
l 508 785
l 508 1357
l 508 747
l 509 895
l 509 603
l 509 1518
l 510 2245
l 510 1796
l 510 2244
l 510 2254
l 510 661
l 510 2228
l 510 1797
l 510 677
l 511 624
l 511 671
l 511 1823
l 511 1550
l 511 1421
l 512 665
l 512 2222
l 512 634
l 513 520
l 513 2516
l 513 1688
l 513 4996
l 513 1524
l 513 2363
l 513 1454
l 513 2369
l 514 1677
l 514 896
l 514 1683
l 514 1851
l 514 4182
l 514 4189
l 514 4185
l 515 2356
l 515 2504
l 515 2505
l 515 691
l 515 3388
l 515 1819
l 515 2360
l 516 579
l 516 607
l 516 953
l 516 689
l 516 937
l 516 686
l 516 569
l 516 1403
l 516 967
l 516 687
l 517 1825
l 517 2368
l 517 2192
l 517 1417
l 517 691
l 517 670
l 517 2356
l 517 2357
l 518 1671
l 518 1668
l 518 1673
l 518 1669
l 518 2422
l 518 947
l 518 949
l 519 1673
l 519 1671
l 519 2422
l 519 1668
l 519 580
l 519 949
l 520 2363
l 520 1454
l 520 1688
l 520 522
l 520 2358
l 520 2372
l 521 1451
l 521 2445
l 521 1452
l 521 2376
l 521 1657
l 521 1427
l 521 2378
l 521 1685
l 521 1681
l 522 2358
l 522 2408
l 522 2363
l 522 2409
l 522 2359
l 523 4294
l 523 2996
l 523 4749
l 523 2995
l 523 2257
l 523 3036
l 523 1799
l 523 2256
l 523 4750
l 523 2971
l 524 707
l 524 3037
l 524 619
l 524 3039
l 524 2249
l 524 1852
l 524 3038
l 524 2918
l 524 4741
l 525 2917
l 525 3216
l 525 2919
l 525 3130
l 525 2250
l 525 706
l 525 4753
l 525 4303
l 526 3040
l 526 2248
l 526 1791
l 526 4742
l 526 1802
l 526 4784
l 526 4783
l 526 4743
l 526 3039
l 526 2292
l 527 2291
l 527 620
l 527 2279
l 527 4783
l 527 4773
l 527 2292
l 527 4742
l 527 1850
l 528 2253
l 528 658
l 528 615
l 528 2281
l 528 2352
l 528 2251
l 528 2252
l 528 2351
l 529 660
l 529 710
l 529 530
l 529 533
l 529 659
l 529 3047
l 529 534
l 529 1809
l 529 3220
l 530 533
l 530 532
l 530 531
l 530 710
l 530 708
l 531 708
l 531 533
l 531 711
l 531 2246
l 531 3200
l 531 3045
l 531 3213
l 531 3219
l 531 3218
l 531 534
l 532 708
l 532 533
l 532 3214
l 532 3213
l 532 705
l 533 708
l 533 534
l 533 710
l 533 3200
l 533 3045
l 533 3219
l 533 3046
l 534 3200
l 534 3219
l 534 3047
l 534 710
l 534 3045
l 534 3220
l 534 3044
l 534 3046
l 535 1726
l 535 2195
l 535 722
l 535 1724
l 535 2209
l 535 615
l 535 2194
l 535 536
l 535 2208
l 536 1725
l 536 1727
l 536 1726
l 536 2197
l 536 1724
l 536 537
l 536 1710
l 537 1727
l 537 538
l 537 1725
l 537 1709
l 537 2197
l 537 2201
l 538 539
l 538 667
l 538 2202
l 538 1725
l 539 540
l 539 667
l 539 2202
l 539 632
l 539 2203
l 540 632
l 540 541
l 540 542
l 540 667
l 541 542
l 541 632
l 541 2199
l 542 2199
l 542 632
l 542 543
l 543 2199
l 543 544
l 543 1762
l 543 2238
l 544 1762
l 544 2238
l 544 1763
l 544 2189
l 544 1769
l 544 2199
l 544 2191
l 545 1769
l 545 1742
l 545 1748
l 545 641
l 545 1749
l 545 1750
l 545 1762
l 546 1782
l 546 1750
l 546 1751
l 546 547
l 546 1749
l 546 1780
l 546 1747
l 546 642
l 547 1780
l 547 1749
l 547 1779
l 547 1782
l 547 1781
l 547 2303
l 548 655
l 548 2010
l 548 2011
l 548 2008
l 548 2013
l 548 1781
l 549 787
l 549 760
l 549 779
l 549 784
l 549 690
l 549 1379
l 549 1358
l 549 1380
l 549 989
l 550 1450
l 550 1389
l 550 2453
l 550 1448
l 550 2452
l 550 1390
l 550 1653
l 550 2454
l 550 551
l 550 553
l 551 1447
l 551 1448
l 551 552
l 551 1449
l 551 1367
l 551 1450
l 551 1390
l 551 553
l 552 1659
l 552 558
l 552 553
l 552 1359
l 552 595
l 552 1658
l 552 1450
l 553 1654
l 553 1450
l 553 2452
l 553 844
l 553 1361
l 553 1382
l 553 847
l 553 2480
l 553 1653
l 554 601
l 554 2433
l 554 596
l 554 1369
l 554 555
l 554 599
l 554 598
l 554 592
l 554 561
l 554 1365
l 555 2433
l 555 2431
l 555 598
l 555 2429
l 555 559
l 555 599
l 555 561
l 555 1365
l 555 604
l 556 557
l 556 594
l 556 2429
l 556 1365
l 556 598
l 556 2431
l 556 595
l 556 1363
l 556 2428
l 557 558
l 557 595
l 557 594
l 557 1362
l 557 1365
l 557 1661
l 557 2428
l 557 1359
l 558 595
l 558 1359
l 558 1362
l 558 1659
l 558 1661
l 558 594
l 558 1658
l 559 561
l 559 560
l 559 599
l 559 2433
l 559 2431
l 559 808
l 559 1369
l 560 576
l 560 1354
l 560 561
l 560 599
l 560 1356
l 560 600
l 560 1414
l 561 600
l 561 599
l 561 1369
l 561 1356
l 561 601
l 561 2433
l 562 1386
l 562 1372
l 562 988
l 562 987
l 562 762
l 562 1387
l 562 563
l 562 984
l 562 761
l 562 983
l 563 1387
l 563 988
l 563 1380
l 563 984
l 563 1373
l 563 784
l 563 1379
l 563 987
l 563 787
l 564 567
l 564 764
l 564 1381
l 564 798
l 564 763
l 564 566
l 564 799
l 564 1378
l 564 565
l 564 568
l 565 2496
l 565 847
l 565 1382
l 565 846
l 565 2497
l 565 1654
l 565 2448
l 565 1383
l 565 1653
l 565 2480
l 566 1374
l 566 567
l 566 1381
l 566 1377
l 566 1375
l 566 1652
l 566 846
l 566 572
l 566 2495
l 567 1377
l 567 1378
l 567 1381
l 567 1374
l 567 764
l 567 1352
l 567 1376
l 567 1375
l 568 825
l 568 1378
l 568 763
l 568 1407
l 568 1352
l 568 796
l 568 1377
l 569 915
l 569 689
l 569 686
l 569 1395
l 569 618
l 569 571
l 569 610
l 569 944
l 569 955
l 570 946
l 570 1666
l 570 940
l 570 941
l 570 948
l 570 1667
l 570 725
l 570 1412
l 571 686
l 571 1353
l 571 1410
l 571 1395
l 571 1407
l 571 1403
l 571 1357
l 571 618
l 572 1374
l 572 2494
l 572 573
l 572 2451
l 572 845
l 572 2449
l 572 2448
l 572 841
l 572 1375
l 572 2493
l 573 841
l 573 842
l 573 2451
l 573 1431
l 573 2449
l 573 1433
l 573 845
l 573 2494
l 574 1397
l 574 1431
l 574 2449
l 574 1396
l 574 842
l 574 1398
l 574 1430
l 574 1408
l 575 1368
l 575 1442
l 575 1443
l 575 577
l 575 1355
l 575 1356
l 576 1414
l 576 1354
l 576 1416
l 576 1356
l 577 2458
l 577 1400
l 577 578
l 577 850
l 577 1443
l 577 1441
l 578 1443
l 578 2458
l 578 1391
l 578 1402
l 578 1400
l 578 2456
l 578 1392
l 578 1441
l 579 607
l 579 937
l 579 687
l 579 953
l 579 1408
l 579 936
l 579 718
l 579 1409
l 579 965
l 580 1665
l 580 948
l 580 940
l 580 1666
l 581 1412
l 581 843
l 581 1413
l 581 1433
l 581 2423
l 581 1411
l 581 1435
l 581 1388
l 581 1667
l 581 1432
l 582 974
l 582 976
l 582 933
l 582 2425
l 582 925
l 582 975
l 582 583
l 582 2426
l 583 925
l 583 2426
l 583 973
l 583 976
l 583 975
l 583 2427
l 583 924
l 584 1572
l 584 1570
l 584 2414
l 584 1566
l 584 1571
l 584 925
l 584 1573
l 585 2483
l 585 586
l 585 1363
l 585 1662
l 585 803
l 585 1384
l 585 604
l 585 1360
l 585 2485
l 586 1363
l 586 803
l 586 2428
l 586 2483
l 586 2429
l 586 1384
l 586 1660
l 586 604
l 587 589
l 587 849
l 587 2470
l 587 848
l 587 2469
l 587 1579
l 587 852
l 587 588
l 587 1584
l 587 1415
l 588 590
l 588 589
l 588 1583
l 588 1584
l 588 859
l 588 1579
l 588 2469
l 588 849
l 588 1580
l 589 2469
l 589 2470
l 589 590
l 589 1584
l 589 849
l 589 852
l 589 2471
l 590 2469
l 590 1583
l 590 1584
l 590 2470
l 590 1582
l 590 2471
l 591 1371
l 591 592
l 591 1446
l 591 1370
l 591 1445
l 591 1367
l 591 1364
l 591 1449
l 592 1370
l 592 1369
l 592 596
l 592 593
l 592 601
l 592 1364
l 592 1445
l 592 1371
l 593 1445
l 593 601
l 593 600
l 593 1368
l 593 1356
l 593 1370
l 593 1369
l 594 595
l 594 2428
l 594 598
l 594 2429
l 594 1661
l 594 1362
l 595 1661
l 595 1659
l 595 598
l 595 2428
l 596 1365
l 596 598
l 596 1369
l 596 2433
l 596 601
l 596 1364
l 596 1370
l 597 2430
l 597 1527
l 597 2359
l 597 1424
l 597 2405
l 597 2503
l 597 2358
l 597 837
l 598 2429
l 598 1365
l 598 2433
l 598 2431
l 599 2433
l 599 600
l 599 1369
l 599 601
l 599 2432
l 600 1368
l 600 1356
l 600 1369
l 600 601
l 600 1370
l 601 1369
l 601 1356
l 602 1518
l 602 903
l 602 2367
l 603 1683
l 603 1518
l 603 1519
l 603 895
l 603 1680
l 604 2431
l 604 803
l 604 2429
l 604 1363
l 605 2432
l 605 2417
l 605 2431
l 606 1525
l 606 1422
l 606 1523
l 606 1582
l 607 687
l 607 1409
l 607 1408
l 607 1403
l 607 937
l 607 1352
l 607 1376
l 607 718
l 608 924
l 608 839
l 608 2317
l 608 1568
l 608 609
l 608 2426
l 608 925
l 608 979
l 608 1567
l 609 979
l 609 1568
l 609 978
l 609 1538
l 609 1394
l 609 1567
l 609 977
l 609 839
l 609 1563
l 610 618
l 610 1395
l 610 1534
l 610 915
l 610 682
l 610 956
l 610 957
l 610 952
l 610 1404
l 611 1833
l 611 1832
l 611 890
l 611 623
l 611 1830
l 611 1818
l 611 889
l 612 1796
l 612 1690
l 612 2244
l 612 623
l 612 1793
l 612 1692
l 612 2254
l 613 1556
l 613 2231
l 613 2193
l 613 2214
l 613 2235
l 613 1821
l 613 1553
l 613 2225
l 613 1834
l 614 2206
l 614 664
l 614 893
l 614 1836
l 614 2196
l 614 1790
l 614 2364
l 614 2212
l 615 722
l 615 2253
l 615 674
l 615 2252
l 615 658
l 616 694
l 616 1794
l 616 1801
l 616 1800
l 616 1795
l 617 2333
l 617 1795
l 617 2276
l 617 2273
l 617 2251
l 617 2352
l 617 2293
l 618 1395
l 618 682
l 618 1534
l 618 915
l 618 1410
l 618 1404
l 618 956
l 619 3037
l 619 622
l 619 3038
l 619 3131
l 619 4777
l 619 620
l 619 2284
l 619 707
l 620 3040
l 620 3038
l 620 2279
l 620 4773
l 620 3039
l 620 4776
l 620 2284
l 621 2284
l 621 2323
l 621 2283
l 621 4813
l 621 4777
l 621 1731
l 621 2279
l 621 622
l 621 3038
l 622 3131
l 622 1715
l 622 4813
l 622 3037
l 622 3128
l 622 3038
l 622 4777
l 623 2244
l 623 1792
l 623 890
l 623 2229
l 623 1796
l 623 2245
l 624 2225
l 624 1826
l 624 1823
l 624 1553
l 624 2214
l 625 2325
l 625 2285
l 625 626
l 625 1728
l 625 2324
l 625 1729
l 625 1730
l 625 2286
l 626 1730
l 626 2324
l 626 2285
l 626 2325
l 626 2286
l 626 2323
l 626 1731
l 626 1728
l 627 1740
l 627 1732
l 627 1733
l 627 1738
l 627 628
l 627 669
l 627 668
l 627 1719
l 627 2327
l 627 630
l 628 2327
l 628 2326
l 628 2287
l 628 1732
l 628 1733
l 628 1734
l 628 1740
l 628 1738
l 628 1735
l 629 1737
l 629 1736
l 629 1721
l 629 1722
l 629 1723
l 629 2287
l 630 1719
l 630 1733
l 630 1740
l 630 637
l 630 668
l 630 695
l 631 2201
l 631 2226
l 631 2202
l 631 2219
l 631 2200
l 631 1709
l 631 1714
l 632 2203
l 632 2198
l 632 2200
l 633 639
l 633 638
l 633 2269
l 633 2270
l 633 2274
l 634 665
l 634 2226
l 634 2219
l 635 666
l 635 665
l 636 2268
l 636 637
l 636 2274
l 636 1735
l 637 2268
l 637 2296
l 637 1733
l 638 699
l 638 639
l 638 2299
l 638 2298
l 639 2299
l 639 2269
l 640 1770
l 640 1768
l 640 2271
l 640 701
l 641 642
l 641 1750
l 641 1769
l 641 1764
l 641 1763
l 641 1747
l 642 1747
l 642 1750
l 642 1764
l 642 1751
l 642 1746
l 643 1753
l 643 1760
l 643 2301
l 643 645
l 643 1770
l 643 2302
l 643 1752
l 643 2330
l 644 1784
l 644 651
l 644 2328
l 644 1753
l 644 1752
l 644 645
l 644 2289
l 644 1783
l 645 1753
l 645 2288
l 645 2328
l 645 1767
l 645 1768
l 645 1760
l 646 1756
l 646 1745
l 646 647
l 646 1755
l 646 1786
l 646 1758
l 646 1777
l 647 1776
l 647 1755
l 647 1786
l 647 1745
l 647 1756
l 647 1787
l 647 1777
l 647 653
l 648 1780
l 648 1782
l 648 1772
l 648 1781
l 648 1778
l 649 650
l 649 1783
l 649 2331
l 649 1774
l 649 1789
l 649 2272
l 649 1784
l 649 1785
l 650 2272
l 650 2331
l 650 1785
l 650 2290
l 650 1783
l 651 2290
l 651 1784
l 651 2289
l 651 2328
l 651 2331
l 651 1775
l 651 1783
l 651 1754
l 651 1785
l 652 654
l 652 1787
l 652 1772
l 653 1776
l 653 1787
l 653 654
l 653 1775
l 653 1785
l 653 1786
l 654 1787
l 654 1788
l 654 1786
l 655 2013
l 655 2011
l 655 1860
l 655 2006
l 655 1772
l 655 2008
l 656 1854
l 656 2337
l 656 2003
l 656 2304
l 656 2341
l 656 2009
l 657 2351
l 657 2280
l 657 2256
l 657 2281
l 657 1799
l 657 658
l 657 673
l 657 2291
l 657 2257
l 658 2352
l 658 2351
l 658 2281
l 658 2253
l 658 2293
l 658 2333
l 658 2251
l 658 673
l 659 3166
l 659 660
l 659 3047
l 659 710
l 659 3220
l 659 3398
l 659 3044
l 659 3167
l 660 710
l 660 3047
l 660 1809
l 660 3166
l 660 877
l 660 3220
l 660 3398
l 661 2245
l 661 1797
l 661 676
l 661 2234
l 661 2263
l 661 1792
l 661 2244
l 662 693
l 662 663
l 662 1790
l 662 664
l 662 2243
l 662 2242
l 662 2364
l 662 1800
l 663 2364
l 663 1807
l 663 693
l 663 664
l 663 1800
l 663 1790
l 664 2364
l 664 1790
l 664 693
l 664 2243
l 665 2222
l 666 2270
l 666 2274
l 667 697
l 667 696
l 667 2295
l 668 669
l 668 1719
l 668 1740
l 668 1729
l 668 1728
l 668 1738
l 669 1738
l 669 1739
l 669 1740
l 669 2325
l 669 1719
l 670 1824
l 670 1826
l 670 2368
l 670 2207
l 670 2214
l 670 2241
l 671 1823
l 671 1523
l 671 1422
l 671 2227
l 671 1421
l 671 1420
l 672 1822
l 672 1827
l 672 1545
l 672 2266
l 672 2310
l 672 1544
l 672 1423
l 672 1426
l 672 1418
l 673 2293
l 673 1799
l 673 2351
l 673 2969
l 673 2995
l 673 2273
l 673 2333
l 674 2258
l 674 722
l 674 675
l 674 1801
l 674 2242
l 674 2252
l 675 2255
l 675 2194
l 675 722
l 675 2210
l 675 2205
l 675 2258
l 675 2243
l 675 2242
l 676 2205
l 676 2263
l 676 2210
l 676 2234
l 676 2228
l 676 2194
l 677 2254
l 677 1689
l 677 2228
l 677 1796
l 678 721
l 678 2267
l 678 1702
l 678 1691
l 678 720
l 678 2265
l 678 1810
l 679 1436
l 679 681
l 679 680
l 679 1406
l 679 1439
l 679 1670
l 679 2459
l 679 917
l 679 1672
l 680 917
l 680 2459
l 680 716
l 680 931
l 680 1670
l 680 930
l 680 918
l 680 2460
l 681 1670
l 681 714
l 681 1672
l 681 2422
l 681 918
l 681 1436
l 681 1671
l 681 715
l 682 2316
l 682 1404
l 682 1534
l 682 1594
l 682 1535
l 682 1536
l 682 2315
l 682 1373
l 683 684
l 683 1366
l 683 1446
l 683 2455
l 683 1371
l 683 1447
l 683 2456
l 683 1367
l 684 2456
l 684 1437
l 684 1393
l 684 1438
l 684 1391
l 684 1444
l 684 2455
l 685 2454
l 685 1434
l 685 1390
l 685 1405
l 685 1389
l 685 2453
l 685 1448
l 685 2455
l 686 1403
l 686 1407
l 686 1395
l 686 689
l 686 1353
l 687 1408
l 687 1409
l 687 937
l 687 688
l 687 718
l 687 2411
l 687 1399
l 688 1397
l 688 1398
l 688 1399
l 688 2411
l 688 1396
l 688 723
l 688 718
l 688 1430
l 689 944
l 689 953
l 689 915
l 689 967
l 689 955
l 689 968
l 689 943
l 690 760
l 690 747
l 690 1631
l 690 779
l 690 767
l 690 766
l 690 800
l 690 744
l 690 759
l 691 2504
l 691 2356
l 691 1825
l 691 2513
l 691 4985
l 691 3388
l 692 2215
l 692 2234
l 692 2229
l 692 1797
l 692 2204
l 692 2196
l 692 1792
l 692 2230
l 692 891
l 692 2263
l 693 1800
l 693 2242
l 693 2243
l 693 1801
l 693 694
l 694 1800
l 694 1794
l 694 1801
l 695 2321
l 695 696
l 695 2295
l 695 1729
l 695 1719
l 695 2322
l 695 1728
l 696 697
l 696 2295
l 696 2296
l 696 2321
l 696 2297
l 697 2296
l 697 2297
l 697 698
l 697 2295
l 698 2298
l 698 699
l 698 2297
l 698 700
l 699 2298
l 699 2297
l 699 2299
l 699 700
l 700 2298
l 700 2300
l 700 2299
l 701 2300
l 701 1771
l 701 2299
l 701 2330
l 702 1741
l 702 1759
l 702 2330
l 702 2301
l 702 1748
l 702 2302
l 702 2329
l 702 1771
l 702 1742
l 703 2332
l 703 1773
l 703 2303
l 703 1757
l 703 2329
l 703 1774
l 703 1779
l 703 2302
l 704 1789
l 704 2304
l 704 1781
l 704 2010
l 705 3218
l 705 4752
l 705 3213
l 705 3215
l 705 711
l 705 708
l 705 2246
l 705 3214
l 705 709
l 706 2916
l 706 4753
l 706 2250
l 706 2260
l 706 2917
l 706 3217
l 706 709
l 706 3215
l 706 2919
l 707 4741
l 707 2918
l 707 4345
l 707 2249
l 707 1852
l 707 2259
l 707 3039
l 708 3213
l 708 3218
l 708 711
l 708 3214
l 708 2246
l 708 4752
l 709 3215
l 709 3217
l 709 2916
l 709 2260
l 709 4752
l 709 2828
l 710 3047
l 710 3220
l 710 3200
l 710 3219
l 710 3166
l 711 2246
l 711 3218
l 711 3213
l 711 4752
l 711 3200
l 711 3045
l 711 3219
l 712 3221
l 712 4293
l 712 2971
l 712 3036
l 712 4343
l 712 1850
l 712 2257
l 712 2292
l 712 2291
l 713 2365
l 713 2420
l 713 961
l 713 2442
l 713 2367
l 713 2418
l 713 2443
l 713 2441
l 714 1670
l 714 1669
l 714 715
l 714 2422
l 714 927
l 714 918
l 714 926
l 714 1671
l 715 918
l 715 927
l 715 950
l 715 1670
l 715 1669
l 715 926
l 715 853
l 715 716
l 715 2459
l 716 2459
l 716 917
l 716 931
l 716 853
l 716 950
l 716 918
l 716 951
l 716 854
l 716 2460
l 717 945
l 717 723
l 717 942
l 717 963
l 717 2410
l 717 1399
l 717 939
l 717 2411
l 718 2411
l 718 1399
l 718 723
l 718 963
l 718 945
l 719 1698
l 719 877
l 719 3228
l 719 1809
l 719 720
l 719 1810
l 719 3398
l 720 1702
l 720 721
l 720 1810
l 720 1697
l 720 1809
l 721 2267
l 721 1810
l 721 1702
l 722 2194
l 722 2195
l 722 2258
l 723 1399
l 723 945
l 723 2411
l 723 2410
l 723 963
l 723 724
l 723 1398
l 724 2410
l 724 2424
l 724 726
l 724 1396
l 724 1398
l 724 939
l 724 1399
l 725 938
l 725 941
l 725 1667
l 725 2424
l 725 2423
l 725 726
l 725 939
l 725 1411
l 726 2424
l 726 939
l 726 938
l 726 942
l 726 2410
l 726 1667
l 726 941
l 727 728
l 727 790
l 727 1477
l 727 1490
l 727 1485
l 727 802
l 727 738
l 727 1487
l 727 734
l 727 1489
l 728 802
l 728 1487
l 728 1477
l 728 790
l 728 1491
l 728 1489
l 728 1490
l 728 1488
l 728 1485
l 729 774
l 729 1015
l 729 824
l 729 1486
l 729 1017
l 729 1492
l 729 735
l 729 773
l 729 1493
l 729 1011
l 730 788
l 730 738
l 730 1485
l 730 791
l 730 1475
l 730 1482
l 730 737
l 730 856
l 730 1490
l 730 1477
l 731 1478
l 731 1482
l 731 1475
l 731 788
l 731 738
l 731 801
l 731 1480
l 731 856
l 731 1481
l 731 810
l 732 1002
l 732 1003
l 732 1001
l 732 1000
l 732 998
l 732 1469
l 732 1471
l 732 810
l 732 1457
l 732 1476
l 733 1463
l 733 1483
l 733 1479
l 733 995
l 733 999
l 733 801
l 733 1004
l 733 1464
l 733 740
l 733 1465
l 734 737
l 734 1480
l 734 791
l 734 1478
l 734 738
l 734 736
l 734 1477
l 734 1476
l 735 1486
l 735 824
l 735 1493
l 735 1015
l 735 1492
l 735 1494
l 735 1017
l 735 774
l 735 1489
l 736 1476
l 736 856
l 736 810
l 736 737
l 736 1480
l 736 1459
l 736 791
l 736 1478
l 736 1001
l 737 791
l 737 1480
l 737 1478
l 737 1477
l 737 1485
l 737 738
l 737 1476
l 737 856
l 738 788
l 738 1478
l 738 1482
l 738 1485
l 738 791
l 739 1474
l 739 1479
l 739 1004
l 739 1483
l 739 995
l 739 996
l 739 1484
l 739 1460
l 739 1462
l 740 1484
l 740 1459
l 740 1473
l 740 995
l 740 999
l 740 801
l 740 1481
l 740 1463
l 740 998
l 741 742
l 741 1634
l 741 752
l 741 750
l 741 833
l 741 748
l 741 1458
l 741 758
l 741 1622
l 741 780
l 742 997
l 742 775
l 742 1634
l 742 1465
l 742 752
l 742 1458
l 742 748
l 742 783
l 742 750
l 743 1622
l 743 832
l 743 750
l 743 1637
l 743 830
l 743 752
l 743 1640
l 743 1634
l 743 833
l 743 834
l 744 800
l 744 1631
l 744 747
l 744 1635
l 744 779
l 744 994
l 744 1640
l 744 1632
l 744 830
l 745 1004
l 745 1465
l 745 1464
l 745 795
l 745 1468
l 745 827
l 745 1483
l 745 997
l 745 775
l 745 1473
l 746 1625
l 746 1621
l 746 814
l 746 753
l 746 985
l 746 792
l 746 855
l 746 786
l 746 822
l 746 1632
l 747 1631
l 747 800
l 747 767
l 747 830
l 747 759
l 747 1637
l 747 766
l 747 1640
l 748 783
l 748 780
l 748 758
l 748 1634
l 748 750
l 748 752
l 748 751
l 748 786
l 749 829
l 749 1630
l 749 811
l 749 1636
l 749 789
l 749 1629
l 749 1626
l 749 815
l 749 820
l 749 826
l 750 1622
l 750 1634
l 750 752
l 750 758
l 750 1637
l 750 832
l 750 759
l 750 833
l 751 827
l 751 1005
l 751 1639
l 751 993
l 751 783
l 751 1458
l 751 1634
l 752 1634
l 752 833
l 752 1622
l 752 1461
l 752 1458
l 752 832
l 753 762
l 753 985
l 753 984
l 753 1386
l 753 754
l 753 1625
l 753 818
l 753 1387
l 753 855
l 754 857
l 754 855
l 754 818
l 754 1623
l 754 771
l 754 762
l 754 858
l 754 772
l 755 793
l 755 831
l 755 858
l 755 857
l 755 796
l 755 825
l 755 772
l 755 1623
l 755 828
l 755 805
l 756 757
l 756 765
l 756 1629
l 756 1630
l 756 828
l 756 1626
l 756 820
l 756 819
l 756 815
l 756 772
l 757 1630
l 757 1629
l 757 1626
l 757 815
l 757 820
l 757 828
l 757 811
l 757 772
l 758 780
l 758 1634
l 758 759
l 758 1622
l 758 785
l 758 767
l 759 767
l 759 1637
l 759 1622
l 759 830
l 759 1640
l 759 766
l 760 779
l 760 787
l 760 1631
l 760 800
l 760 766
l 761 809
l 761 983
l 761 818
l 761 1386
l 761 1372
l 761 1354
l 761 762
l 762 1386
l 762 818
l 762 984
l 762 1387
l 762 985
l 762 1372
l 762 809
l 763 796
l 763 794
l 763 798
l 763 825
l 763 764
l 763 799
l 763 1381
l 764 1381
l 764 798
l 764 799
l 764 797
l 764 1383
l 764 2481
l 765 823
l 765 825
l 765 819
l 765 828
l 765 831
l 765 1629
l 765 820
l 766 767
l 766 785
l 766 1631
l 766 800
l 767 785
l 767 1631
l 767 800
l 767 1637
l 767 830
l 768 770
l 768 807
l 768 808
l 768 805
l 768 769
l 768 771
l 768 806
l 768 794
l 769 808
l 769 807
l 769 806
l 769 803
l 769 770
l 769 804
l 770 805
l 770 807
l 770 794
l 770 771
l 770 808
l 770 858
l 770 796
l 770 806
l 771 857
l 771 818
l 771 858
l 771 807
l 771 809
l 771 805
l 771 793
l 772 828
l 772 1623
l 772 1630
l 772 831
l 772 1629
l 772 1626
l 772 829
l 773 774
l 773 1017
l 773 1015
l 773 824
l 773 1011
l 773 1492
l 773 1497
l 773 1022
l 773 1120
l 774 1017
l 774 1015
l 774 824
l 774 1492
l 774 1486
l 774 1011
l 774 1493
l 775 1465
l 775 1464
l 775 997
l 775 1468
l 775 782
l 775 783
l 775 1467
l 776 781
l 776 1628
l 776 1638
l 776 817
l 776 813
l 776 1456
l 776 778
l 776 1455
l 776 1468
l 776 782
l 777 1461
l 777 993
l 777 833
l 777 1639
l 777 1641
l 777 1005
l 777 834
l 777 1460
l 777 832
l 778 1638
l 778 1628
l 778 817
l 778 813
l 778 1624
l 778 781
l 778 1627
l 778 821
l 778 822
l 779 800
l 779 989
l 779 1631
l 779 1632
l 779 787
l 780 1634
l 780 783
l 780 785
l 780 786
l 780 1622
l 781 782
l 781 822
l 781 821
l 781 1455
l 781 1638
l 781 1468
l 781 1628
l 781 795
l 781 1467
l 782 783
l 782 786
l 782 1468
l 782 822
l 782 795
l 782 1624
l 783 786
l 783 1634
l 784 787
l 784 989
l 784 1380
l 784 984
l 784 1379
l 786 822
l 786 1624
l 786 792
l 787 1380
l 787 1379
l 787 989
l 787 1358
l 788 1482
l 788 1475
l 788 1478
l 788 856
l 788 791
l 788 1485
l 788 1481
l 789 1633
l 789 1636
l 789 820
l 789 826
l 789 829
l 789 815
l 789 821
l 789 811
l 789 819
l 790 1490
l 790 1488
l 790 1489
l 790 1485
l 790 1477
l 790 1491
l 790 802
l 790 1494
l 791 1485
l 791 856
l 791 1477
l 791 1475
l 791 1478
l 792 986
l 792 814
l 792 1621
l 792 1639
l 792 795
l 792 1635
l 793 858
l 793 831
l 793 857
l 793 1623
l 793 828
l 793 805
l 794 805
l 794 796
l 794 798
l 794 806
l 794 804
l 794 797
l 794 858
l 795 1621
l 795 1468
l 795 1467
l 795 1464
l 796 805
l 796 798
l 796 825
l 796 799
l 797 799
l 797 798
l 797 804
l 797 1384
l 797 1660
l 797 1662
l 797 1663
l 797 2482
l 798 799
l 798 1381
l 798 804
l 798 1663
l 798 1384
l 798 2478
l 799 2482
l 799 1660
l 799 1383
l 799 1384
l 799 2478
l 799 1663
l 799 1385
l 799 1360
l 800 1631
l 800 830
l 800 1640
l 800 1637
l 800 994
l 801 995
l 801 1481
l 801 1484
l 801 1482
l 801 1479
l 801 1463
l 801 999
l 802 1491
l 802 1487
l 802 1488
l 802 1494
l 802 1477
l 802 1489
l 802 1490
l 803 2429
l 803 2431
l 803 1363
l 803 2428
l 804 806
l 804 1384
l 804 1363
l 804 2483
l 805 858
l 805 806
l 805 807
l 805 808
l 806 808
l 807 808
l 807 809
l 807 818
l 809 818
l 809 1354
l 809 983
l 809 1386
l 810 1476
l 810 1480
l 810 1459
l 810 1001
l 810 1478
l 810 999
l 810 856
l 810 1003
l 811 829
l 811 1636
l 811 1629
l 811 1626
l 811 815
l 811 1630
l 811 826
l 811 1472
l 811 820
l 812 1627
l 812 817
l 812 813
l 812 1628
l 812 1455
l 812 821
l 812 816
l 812 1470
l 812 819
l 812 1456
l 813 817
l 813 1628
l 813 1627
l 813 1456
l 813 1638
l 813 1455
l 813 821
l 814 1625
l 814 1635
l 814 1632
l 814 986
l 814 1621
l 814 989
l 815 820
l 815 1626
l 815 1636
l 815 1629
l 815 1630
l 815 819
l 815 829
l 815 1472
l 816 1455
l 816 1470
l 816 821
l 816 1457
l 816 1471
l 816 820
l 816 819
l 816 1469
l 816 1456
l 816 1466
l 817 1628
l 817 1627
l 817 1638
l 817 1456
l 817 1455
l 817 821
l 818 1386
l 818 857
l 819 820
l 819 821
l 819 823
l 819 1626
l 819 1455
l 819 1636
l 819 1629
l 820 1626
l 820 1636
l 820 1629
l 820 1630
l 820 821
l 821 1455
l 821 822
l 821 1470
l 821 1471
l 821 1457
l 822 1455
l 822 823
l 822 1628
l 824 1015
l 824 1492
l 824 1017
l 824 1486
l 824 1493
l 824 1494
l 825 831
l 825 1378
l 826 1636
l 826 1472
l 826 1633
l 826 1469
l 826 1471
l 826 829
l 826 1470
l 827 1005
l 827 1462
l 827 1460
l 827 1458
l 827 996
l 827 1639
l 827 993
l 827 1461
l 827 833
l 828 1630
l 828 831
l 828 1629
l 828 1623
l 828 1626
l 828 829
l 829 1636
l 829 1630
l 829 1629
l 829 1626
l 829 1472
l 830 1637
l 830 832
l 830 1640
l 830 1622
l 830 834
l 830 994
l 830 1631
l 831 858
l 831 1623
l 832 1637
l 832 1640
l 832 1622
l 832 834
l 832 994
l 832 1641
l 832 1461
l 833 1461
l 833 993
l 833 1639
l 833 1462
l 833 1458
l 834 1640
l 834 994
l 834 1641
l 834 1637
l 834 1622
l 834 1639
l 834 993
l 835 860
l 835 859
l 835 1583
l 835 1584
l 835 1582
l 835 1526
l 835 1580
l 836 2417
l 836 2405
l 836 2432
l 837 2405
l 837 2435
l 837 2461
l 837 2430
l 837 860
l 838 2436
l 838 934
l 838 932
l 838 2437
l 838 935
l 838 929
l 838 1567
l 839 924
l 839 2437
l 839 933
l 839 1567
l 839 934
l 839 2426
l 840 2450
l 840 844
l 840 1653
l 840 1432
l 840 2452
l 840 1388
l 840 2448
l 840 2496
l 840 2451
l 840 845
l 841 2451
l 841 1433
l 841 842
l 841 845
l 841 1431
l 841 843
l 841 2449
l 841 2448
l 842 1431
l 842 1396
l 842 2449
l 842 1411
l 842 1433
l 842 1397
l 842 2451
l 843 1433
l 843 1412
l 843 1411
l 843 1388
l 843 1432
l 843 2423
l 843 1413
l 844 1653
l 844 847
l 844 2452
l 844 2496
l 844 2450
l 844 1654
l 844 2448
l 844 1450
l 845 2448
l 845 2494
l 845 2451
l 845 846
l 845 1375
l 845 1374
l 846 1375
l 846 2497
l 846 2496
l 846 1374
l 846 1652
l 846 2448
l 846 847
l 846 2494
l 847 2496
l 847 1361
l 847 1382
l 847 1654
l 847 2497
l 847 2480
l 848 849
l 848 1581
l 848 1415
l 848 1579
l 848 1441
l 848 1355
l 848 850
l 849 1579
l 849 1581
l 849 1415
l 849 1584
l 849 2470
l 849 1580
l 850 1400
l 850 2458
l 850 851
l 850 981
l 850 1415
l 850 1402
l 851 981
l 851 852
l 851 1400
l 851 1415
l 851 2468
l 851 2458
l 851 1402
l 851 1401
l 851 982
l 852 2468
l 852 981
l 852 1569
l 852 2470
l 852 980
l 852 1400
l 852 1415
l 853 854
l 853 931
l 853 2460
l 853 951
l 853 950
l 853 2459
l 853 917
l 853 918
l 853 921
l 854 2460
l 854 921
l 854 931
l 854 951
l 854 930
l 854 929
l 854 917
l 854 2459
l 855 1623
l 855 1630
l 856 1475
l 856 1459
l 856 1478
l 856 1480
l 856 1482
l 857 858
l 857 1623
l 858 1623
l 859 1584
l 859 860
l 859 1580
l 859 1579
l 859 1583
l 859 1581
l 860 2435
l 860 1580
l 860 2461
l 860 1584
l 860 1526
l 860 2434
l 860 1579
l 861 1349
l 861 878
l 861 879
l 862 2389
l 862 879
l 863 875
l 864 873
l 864 878
l 864 2388
l 864 882
l 864 883
l 865 2396
l 865 866
l 865 2398
l 866 2398
l 866 2396
l 866 2397
l 867 869
l 867 868
l 868 869
l 868 1347
l 868 1348
l 868 2396
l 869 1347
l 869 2396
l 870 2391
l 870 2395
l 870 2392
l 870 2393
l 871 872
l 872 884
l 873 882
l 873 2388
l 873 883
l 873 874
l 873 878
l 873 2387
l 874 882
l 874 883
l 874 2387
l 874 2386
l 875 1516
l 875 1618
l 876 2187
l 876 1619
l 877 3398
l 877 1809
l 877 3228
l 877 3166
l 877 3167
l 879 2389
l 880 2400
l 880 2397
l 881 1350
l 881 1351
l 882 883
l 882 2387
l 885 1706
l 885 1707
l 885 4060
l 885 2509
l 885 1646
l 885 1828
l 885 1812
l 885 4989
l 885 1557
l 885 2311
l 886 1838
l 886 1696
l 886 1814
l 886 1693
l 886 887
l 886 1701
l 886 2336
l 886 2319
l 886 1694
l 886 1829
l 887 1814
l 887 1829
l 887 1555
l 887 1831
l 887 1696
l 887 1693
l 887 1549
l 887 1817
l 888 1550
l 888 1815
l 888 1548
l 888 1830
l 888 1831
l 888 1813
l 888 1832
l 888 1829
l 888 889
l 889 1553
l 889 1818
l 889 1832
l 889 1815
l 889 1833
l 889 2235
l 889 890
l 889 1831
l 889 1834
l 890 891
l 890 1818
l 890 1834
l 890 1833
l 890 2235
l 890 1832
l 890 2229
l 891 1834
l 891 2230
l 891 2229
l 891 1821
l 891 1818
l 891 2215
l 891 2235
l 891 1556
l 892 2213
l 892 2236
l 892 2196
l 892 2215
l 892 2211
l 892 2230
l 892 1816
l 892 2206
l 892 2212
l 892 1821
l 893 1836
l 893 2366
l 893 2361
l 893 2382
l 893 1835
l 893 2206
l 893 2212
l 893 2380
l 894 2514
l 894 3411
l 894 2366
l 894 4331
l 894 1837
l 894 2361
l 894 4994
l 894 2382
l 894 1808
l 895 896
l 896 1683
l 896 1677
l 897 898
l 897 899
l 897 1674
l 897 1678
l 898 899
l 898 1674
l 898 900
l 899 1674
l 899 1679
l 899 1848
l 899 4341
l 899 1840
l 900 1675
l 900 991
l 900 4181
l 900 1848
l 900 4333
l 901 1845
l 901 3419
l 901 2577
l 901 4333
l 901 992
l 901 2624
l 902 1676
l 902 1845
l 902 2628
l 902 2624
l 903 2367
l 903 966
l 903 2362
l 903 2442
l 903 2443
l 904 2355
l 904 1618
l 904 1521
l 904 905
l 904 2354
l 904 2371
l 904 2375
l 904 2440
l 905 1521
l 905 1619
l 905 1618
l 905 1578
l 905 1591
l 905 2371
l 905 1577
l 905 2355
l 906 1615
l 906 916
l 906 1617
l 906 2438
l 906 2476
l 906 1614
l 906 2463
l 906 1616
l 906 2440
l 907 956
l 907 1611
l 907 912
l 907 955
l 907 952
l 907 1532
l 907 915
l 907 1616
l 907 1612
l 908 1543
l 908 2313
l 908 1423
l 908 1588
l 908 1600
l 908 1587
l 908 1559
l 908 1648
l 908 1522
l 909 1542
l 909 1575
l 909 1601
l 909 1560
l 909 2488
l 909 2264
l 909 914
l 909 2294
l 909 2306
l 910 969
l 910 967
l 910 968
l 910 1608
l 910 962
l 910 964
l 910 953
l 910 2444
l 911 922
l 911 2294
l 911 2306
l 911 2419
l 911 1541
l 911 2413
l 912 1616
l 912 1611
l 912 1610
l 912 955
l 912 956
l 912 1531
l 912 1614
l 912 1615
l 913 1533
l 913 1595
l 913 1532
l 913 1612
l 913 1562
l 913 958
l 913 952
l 913 2308
l 913 1606
l 913 1642
l 914 960
l 914 2264
l 914 2306
l 914 2294
l 914 1541
l 914 1561
l 914 2419
l 914 1603
l 915 956
l 915 955
l 915 1395
l 915 944
l 916 1614
l 916 2420
l 916 2441
l 916 1615
l 916 1610
l 916 1609
l 916 2418
l 916 961
l 917 2459
l 917 931
l 917 918
l 917 930
l 917 950
l 917 951
l 917 2460
l 918 950
l 918 927
l 918 1670
l 918 931
l 918 2459
l 919 929
l 919 932
l 919 921
l 919 935
l 919 2436
l 919 951
l 919 930
l 919 920
l 920 935
l 920 2436
l 920 934
l 920 971
l 920 2437
l 920 932
l 921 929
l 921 2460
l 921 932
l 921 951
l 921 2436
l 921 935
l 922 923
l 922 2414
l 922 2415
l 922 1540
l 922 2413
l 923 973
l 923 2415
l 923 2427
l 923 928
l 923 2414
l 924 925
l 924 2426
l 924 2437
l 924 933
l 924 1567
l 924 1568
l 924 934
l 925 2426
l 925 933
l 925 975
l 925 974
l 925 972
l 926 1669
l 926 927
l 926 1668
l 926 1671
l 926 970
l 926 2422
l 927 1669
l 927 950
l 927 1670
l 927 2422
l 927 931
l 928 2427
l 928 976
l 928 973
l 928 975
l 928 972
l 928 2426
l 929 932
l 929 930
l 929 2436
l 929 951
l 929 935
l 929 2460
l 930 2460
l 930 932
l 930 951
l 930 931
l 931 951
l 931 950
l 931 2459
l 931 2460
l 932 2436
l 932 935
l 932 934
l 933 974
l 933 975
l 933 2426
l 933 972
l 933 976
l 934 2437
l 934 935
l 934 2436
l 935 2436
l 935 2437
l 936 965
l 936 2412
l 936 964
l 936 937
l 937 953
l 937 965
l 937 969
l 937 964
l 938 941
l 938 1667
l 938 939
l 938 2424
l 938 942
l 938 2423
l 939 942
l 939 2424
l 939 945
l 939 2410
l 939 941
l 940 948
l 940 1666
l 940 1665
l 940 946
l 941 1667
l 941 2423
l 941 946
l 941 2424
l 942 945
l 942 2424
l 942 963
l 942 2410
l 943 968
l 943 944
l 943 1609
l 943 1608
l 943 967
l 943 1613
l 943 1610
l 943 953
l 944 968
l 944 967
l 944 955
l 944 953
l 944 1608
l 945 963
l 945 2411
l 945 2410
l 945 1399
l 946 1666
l 946 948
l 946 1665
l 946 1412
l 947 949
l 947 1668
l 947 1673
l 948 1666
l 948 1665
l 948 949
l 949 1668
l 949 1673
l 950 951
l 950 2459
l 950 1670
l 951 2460
l 952 1532
l 952 1533
l 952 956
l 952 957
l 952 1595
l 952 2308
l 952 1611
l 953 967
l 953 969
l 953 968
l 953 964
l 954 960
l 954 2307
l 954 1541
l 954 1599
l 954 1606
l 954 1540
l 954 1539
l 954 1607
l 954 1597
l 954 2306
l 955 956
l 955 1610
l 956 1532
l 956 1611
l 956 1395
l 957 1596
l 957 1534
l 957 2308
l 957 1607
l 957 1533
l 957 1599
l 957 1595
l 957 1594
l 958 1612
l 958 1642
l 958 1562
l 958 2309
l 958 959
l 958 1532
l 958 1595
l 958 1603
l 958 1533
l 959 1642
l 959 2309
l 959 1602
l 959 1604
l 959 2439
l 959 1562
l 959 1601
l 959 1603
l 959 1612
l 960 1541
l 960 2306
l 960 1603
l 960 1561
l 960 1606
l 960 2264
l 960 2294
l 961 2443
l 961 2442
l 961 2441
l 961 1613
l 961 2420
l 961 1609
l 961 2444
l 961 2498
l 961 1608
l 962 969
l 962 964
l 962 2444
l 962 1608
l 962 967
l 963 2411
l 963 965
l 964 969
l 964 965
l 965 2412
l 965 2411
l 966 2498
l 966 2442
l 966 2443
l 966 2362
l 966 2367
l 966 2402
l 966 2444
l 967 968
l 967 969
l 967 1608
l 968 1608
l 968 969
l 968 2444
l 970 1669
l 970 1668
l 971 972
l 971 975
l 971 2426
l 971 2437
l 972 975
l 972 2426
l 972 976
l 972 2427
l 973 2427
l 973 976
l 973 2426
l 974 975
l 974 976
l 974 2426
l 974 979
l 975 2426
l 975 976
l 975 2427
l 976 2427
l 976 2426
l 977 1563
l 977 978
l 977 979
l 977 1568
l 977 1567
l 978 1563
l 978 979
l 978 1568
l 978 1401
l 978 1564
l 978 1567
l 978 980
l 979 1568
l 979 1567
l 979 1563
l 980 2467
l 980 1564
l 980 982
l 980 1401
l 980 2466
l 980 981
l 980 2465
l 980 2468
l 980 1568
l 981 1401
l 981 1400
l 981 982
l 981 1402
l 981 2467
l 981 2458
l 981 2466
l 982 2467
l 982 2466
l 982 1401
l 982 1415
l 982 2465
l 982 1400
l 982 1394
l 983 1354
l 983 1372
l 983 1537
l 983 1416
l 983 1414
l 984 1387
l 984 985
l 984 1386
l 984 988
l 984 1625
l 985 1625
l 985 1387
l 985 989
l 985 1632
l 986 1639
l 986 1635
l 986 1641
l 986 994
l 986 1640
l 986 1622
l 986 993
l 987 988
l 987 1372
l 987 1592
l 987 1536
l 987 1373
l 987 1386
l 987 1387
l 987 1537
l 988 1387
l 988 1373
l 988 1372
l 988 1386
l 988 1536
l 988 1380
l 989 1632
l 989 1625
l 989 1635
l 990 992
l 991 992
l 991 1675
l 993 1461
l 993 1639
l 993 1641
l 993 1005
l 994 1640
l 994 1641
l 994 1637
l 994 1622
l 995 1484
l 995 1481
l 995 1479
l 995 1483
l 995 1474
l 995 1463
l 996 1460
l 996 1462
l 996 1005
l 996 1458
l 996 1004
l 996 1474
l 996 1483
l 996 997
l 996 1461
l 997 1458
l 997 1465
l 997 1462
l 997 1483
l 997 1464
l 998 1000
l 998 999
l 998 1473
l 998 1003
l 998 1467
l 998 1466
l 998 1463
l 998 1457
l 998 1001
l 999 1463
l 999 1000
l 999 1473
l 999 1459
l 999 1467
l 1000 1457
l 1000 1466
l 1000 1003
l 1000 1002
l 1000 1467
l 1000 1473
l 1000 1001
l 1001 1003
l 1001 1002
l 1001 1476
l 1001 1459
l 1001 1469
l 1002 1003
l 1002 1469
l 1002 1472
l 1002 1470
l 1002 1471
l 1002 1457
l 1003 1469
l 1003 1633
l 1003 1457
l 1003 1472
l 1003 1473
l 1004 1474
l 1004 1483
l 1004 1479
l 1004 1462
l 1005 1460
l 1005 1462
l 1005 1461
l 1005 1458
l 1006 1509
l 1006 1512
l 1006 1503
l 1006 1014
l 1006 1010
l 1006 1513
l 1006 1515
l 1006 1016
l 1006 1510
l 1006 1008
l 1007 1078
l 1007 1108
l 1007 1081
l 1007 1079
l 1007 1514
l 1007 1511
l 1007 1018
l 1007 1505
l 1007 1077
l 1007 1121
l 1008 1510
l 1008 1507
l 1008 1506
l 1008 1023
l 1008 1515
l 1008 1513
l 1008 1014
l 1008 1009
l 1008 1508
l 1008 1509
l 1009 1508
l 1009 1023
l 1009 1505
l 1009 1506
l 1009 1511
l 1009 1018
l 1009 1507
l 1009 1510
l 1009 1514
l 1010 1503
l 1010 1016
l 1010 1019
l 1010 1498
l 1010 1512
l 1010 1020
l 1010 1501
l 1010 1509
l 1010 1504
l 1011 1497
l 1011 1120
l 1011 1499
l 1011 1022
l 1011 1012
l 1011 1500
l 1011 1496
l 1011 1017
l 1012 1120
l 1012 1497
l 1012 1496
l 1012 1022
l 1012 1499
l 1012 1500
l 1012 1502
l 1012 1024
l 1013 1021
l 1013 1024
l 1013 1495
l 1013 1502
l 1013 1504
l 1013 1501
l 1013 1020
l 1013 1498
l 1013 1019
l 1013 1496
l 1014 1513
l 1014 1515
l 1014 1510
l 1014 1509
l 1014 1507
l 1014 1506
l 1014 1512
l 1014 1023
l 1015 1017
l 1015 1492
l 1015 1486
l 1015 1493
l 1016 1019
l 1016 1498
l 1016 1503
l 1016 1501
l 1016 1020
l 1016 1504
l 1016 1021
l 1016 1512
l 1017 1492
l 1017 1486
l 1017 1493
l 1018 1505
l 1018 1511
l 1018 1508
l 1018 1514
l 1018 1078
l 1018 1108
l 1018 1023
l 1018 1506
l 1019 1020
l 1019 1498
l 1019 1501
l 1019 1504
l 1019 1021
l 1019 1495
l 1019 1503
l 1020 1504
l 1020 1501
l 1020 1498
l 1020 1021
l 1020 1495
l 1020 1024
l 1021 1504
l 1021 1501
l 1021 1498
l 1021 1495
l 1021 1024
l 1021 1502
l 1022 1120
l 1022 1497
l 1022 1499
l 1022 1500
l 1022 1496
l 1022 1502
l 1022 1024
l 1023 1506
l 1023 1507
l 1023 1510
l 1023 1508
l 1023 1513
l 1023 1515
l 1023 1505
l 1024 1502
l 1024 1495
l 1024 1504
l 1024 1496
l 1024 1501
l 1024 1500
l 1024 1498
l 1025 1040
l 1025 1026
l 1025 1329
l 1025 1034
l 1025 1027
l 1025 1110
l 1025 1070
l 1025 1343
l 1025 1076
l 1025 1029
l 1026 1329
l 1026 1040
l 1026 1029
l 1026 1027
l 1026 1343
l 1026 1327
l 1026 1034
l 1026 1328
l 1026 1070
l 1027 1327
l 1027 1034
l 1027 1070
l 1027 1329
l 1027 1046
l 1027 1053
l 1027 1052
l 1027 1028
l 1028 1064
l 1028 1198
l 1028 1097
l 1028 1063
l 1028 1316
l 1028 1317
l 1028 1246
l 1028 1324
l 1028 1038
l 1028 1322
l 1029 1328
l 1029 1343
l 1029 1117
l 1029 1040
l 1029 1084
l 1029 1329
l 1029 1288
l 1029 1286
l 1030 1075
l 1030 1341
l 1030 1043
l 1030 1106
l 1030 1340
l 1030 1032
l 1030 1336
l 1030 1109
l 1030 1122
l 1030 1105
l 1031 1326
l 1031 1037
l 1031 1089
l 1031 1042
l 1031 1107
l 1031 1074
l 1031 1342
l 1031 1325
l 1031 1335
l 1031 1103
l 1032 1043
l 1032 1122
l 1032 1105
l 1032 1093
l 1032 1080
l 1032 1075
l 1032 1341
l 1032 1045
l 1032 1106
l 1033 1054
l 1033 1158
l 1033 1193
l 1033 1215
l 1033 1195
l 1033 1204
l 1033 1153
l 1033 1145
l 1033 1066
l 1033 1199
l 1034 1070
l 1034 1052
l 1034 1059
l 1034 1050
l 1034 1068
l 1034 1324
l 1034 1035
l 1034 1062
l 1035 1050
l 1035 1062
l 1035 1059
l 1035 1324
l 1035 1068
l 1035 1052
l 1035 1319
l 1035 1070
l 1035 1317
l 1035 1318
l 1036 1168
l 1036 1118
l 1036 1083
l 1036 1219
l 1036 1212
l 1036 1205
l 1036 1163
l 1036 1161
l 1036 1101
l 1036 1156
l 1037 1342
l 1037 1107
l 1037 1326
l 1037 1332
l 1037 1089
l 1037 1331
l 1037 1103
l 1037 1076
l 1037 1042
l 1038 1090
l 1038 1316
l 1038 1322
l 1038 1104
l 1038 1099
l 1038 1246
l 1038 1046
l 1038 1049
l 1038 1053
l 1039 1321
l 1039 1057
l 1039 1051
l 1039 1103
l 1039 1061
l 1039 1334
l 1039 1318
l 1039 1312
l 1039 1056
l 1039 1319
l 1040 1329
l 1040 1343
l 1040 1110
l 1040 1328
l 1040 1117
l 1041 1116
l 1041 1337
l 1041 1073
l 1041 1065
l 1041 1085
l 1041 1072
l 1041 1074
l 1041 1042
l 1041 1339
l 1041 1336
l 1042 1074
l 1042 1073
l 1042 1337
l 1042 1089
l 1042 1326
l 1042 1335
l 1042 1338
l 1042 1325
l 1043 1075
l 1043 1341
l 1043 1122
l 1043 1105
l 1043 1093
l 1043 1080
l 1043 1106
l 1043 1340
l 1044 1121
l 1044 1077
l 1044 1082
l 1044 1079
l 1044 1081
l 1044 1045
l 1044 1108
l 1044 1078
l 1044 1080
l 1045 1080
l 1045 1082
l 1045 1093
l 1045 1122
l 1045 1105
l 1045 1121
l 1045 1077
l 1046 1053
l 1046 1327
l 1046 1104
l 1046 1090
l 1046 1049
l 1046 1047
l 1046 1316
l 1047 1104
l 1047 1049
l 1047 1320
l 1047 1095
l 1047 1119
l 1047 1090
l 1047 1241
l 1047 1277
l 1047 1247
l 1047 1314
l 1048 1087
l 1048 1102
l 1048 1058
l 1048 1202
l 1048 1098
l 1048 1154
l 1048 1238
l 1048 1113
l 1048 1152
l 1048 1088
l 1049 1104
l 1049 1320
l 1049 1241
l 1049 1090
l 1049 1119
l 1049 1277
l 1049 1323
l 1049 1258
l 1049 1280
l 1050 1062
l 1050 1059
l 1050 1324
l 1050 1052
l 1050 1068
l 1050 1319
l 1050 1070
l 1050 1317
l 1051 1056
l 1051 1312
l 1051 1321
l 1051 1057
l 1051 1103
l 1051 1325
l 1051 1061
l 1051 1335
l 1051 1089
l 1052 1070
l 1052 1324
l 1052 1059
l 1052 1062
l 1052 1068
l 1052 1317
l 1052 1198
l 1053 1327
l 1053 1104
l 1053 1090
l 1053 1316
l 1054 1158
l 1054 1215
l 1054 1193
l 1054 1204
l 1054 1153
l 1054 1145
l 1054 1195
l 1054 1199
l 1054 1213
l 1055 1159
l 1055 1206
l 1055 1150
l 1055 1146
l 1055 1239
l 1055 1201
l 1055 1191
l 1055 1143
l 1055 1167
l 1055 1244
l 1056 1312
l 1056 1325
l 1056 1103
l 1056 1335
l 1056 1321
l 1056 1338
l 1056 1089
l 1056 1057
l 1057 1321
l 1057 1061
l 1057 1318
l 1057 1103
l 1057 1334
l 1057 1312
l 1057 1319
l 1058 1152
l 1058 1113
l 1058 1087
l 1058 1098
l 1058 1102
l 1058 1216
l 1058 1202
l 1058 1238
l 1058 1088
l 1059 1068
l 1059 1319
l 1059 1062
l 1059 1318
l 1059 1070
l 1059 1324
l 1060 1243
l 1060 1095
l 1060 1282
l 1060 1314
l 1060 1281
l 1060 1247
l 1060 1092
l 1060 1248
l 1060 1278
l 1060 1119
l 1061 1318
l 1061 1321
l 1061 1319
l 1061 1334
l 1061 1068
l 1061 1103
l 1061 1062
l 1062 1068
l 1062 1319
l 1062 1318
l 1062 1324
l 1062 1070
l 1063 1097
l 1063 1064
l 1063 1317
l 1063 1198
l 1063 1246
l 1063 1316
l 1063 1324
l 1063 1322
l 1063 1099
l 1064 1097
l 1064 1198
l 1064 1317
l 1064 1316
l 1064 1246
l 1064 1324
l 1064 1322
l 1064 1099
l 1065 1339
l 1065 1072
l 1065 1338
l 1065 1116
l 1065 1073
l 1065 1337
l 1065 1085
l 1065 1074
l 1065 1109
l 1066 1189
l 1066 1193
l 1066 1155
l 1066 1210
l 1066 1161
l 1066 1207
l 1066 1158
l 1066 1212
l 1066 1083
l 1067 1082
l 1067 1077
l 1067 1121
l 1067 1080
l 1067 1093
l 1067 1122
l 1067 1105
l 1067 1079
l 1068 1319
l 1068 1318
l 1068 1334
l 1068 1070
l 1069 1129
l 1069 1165
l 1069 1125
l 1069 1157
l 1069 1228
l 1069 1227
l 1069 1135
l 1069 1222
l 1069 1162
l 1069 1164
l 1070 1324
l 1070 1317
l 1071 1114
l 1071 1092
l 1071 1094
l 1071 1111
l 1071 1086
l 1071 1315
l 1071 1166
l 1071 1260
l 1071 1248
l 1071 1096
l 1072 1085
l 1072 1109
l 1072 1336
l 1072 1340
l 1072 1116
l 1072 1337
l 1072 1106
l 1072 1073
l 1073 1337
l 1073 1116
l 1073 1074
l 1073 1336
l 1073 1085
l 1073 1339
l 1074 1335
l 1074 1338
l 1074 1089
l 1074 1339
l 1074 1325
l 1074 1337
l 1075 1341
l 1075 1105
l 1075 1122
l 1075 1106
l 1075 1093
l 1075 1080
l 1075 1340
l 1076 1110
l 1076 1331
l 1076 1332
l 1076 1330
l 1076 1333
l 1076 1342
l 1076 1107
l 1076 1334
l 1077 1121
l 1077 1081
l 1077 1079
l 1077 1082
l 1077 1108
l 1077 1078
l 1077 1514
l 1078 1108
l 1078 1079
l 1078 1081
l 1078 1121
l 1078 1514
l 1078 1511
l 1079 1081
l 1079 1108
l 1079 1121
l 1079 1514
l 1079 1082
l 1079 1511
l 1080 1093
l 1080 1122
l 1080 1105
l 1080 1082
l 1080 1341
l 1081 1108
l 1081 1121
l 1081 1514
l 1081 1082
l 1081 1511
l 1082 1121
l 1082 1093
l 1082 1122
l 1082 1105
l 1083 1118
l 1083 1161
l 1083 1212
l 1083 1155
l 1083 1168
l 1083 1219
l 1083 1207
l 1083 1205
l 1083 1189
l 1084 1117
l 1084 1343
l 1084 1328
l 1084 1110
l 1084 1288
l 1084 1332
l 1084 1331
l 1085 1109
l 1085 1336
l 1085 1116
l 1085 1340
l 1085 1106
l 1085 1337
l 1086 1094
l 1086 1092
l 1086 1111
l 1086 1315
l 1086 1114
l 1086 1313
l 1086 1260
l 1086 1096
l 1087 1202
l 1087 1098
l 1087 1238
l 1087 1088
l 1087 1113
l 1087 1209
l 1087 1152
l 1087 1102
l 1088 1113
l 1088 1151
l 1088 1238
l 1088 1144
l 1088 1209
l 1088 1098
l 1088 1216
l 1088 1202
l 1088 1152
l 1089 1325
l 1089 1326
l 1089 1312
l 1089 1335
l 1089 1103
l 1089 1107
l 1090 1099
l 1090 1322
l 1090 1241
l 1090 1258
l 1090 1316
l 1090 1280
l 1090 1323
l 1090 1246
l 1091 1217
l 1091 1240
l 1091 1147
l 1091 1144
l 1091 1151
l 1091 1190
l 1091 1242
l 1091 1196
l 1091 1194
l 1092 1094
l 1092 1315
l 1092 1248
l 1092 1114
l 1092 1282
l 1092 1095
l 1092 1314
l 1093 1105
l 1093 1122
l 1093 1341
l 1094 1315
l 1094 1114
l 1094 1111
l 1094 1313
l 1094 1243
l 1094 1260
l 1095 1314
l 1095 1243
l 1095 1247
l 1095 1320
l 1095 1282
l 1095 1119
l 1095 1277
l 1095 1278
l 1095 1281
l 1096 1154
l 1096 1112
l 1096 1197
l 1096 1166
l 1096 1279
l 1096 1313
l 1096 1253
l 1096 1260
l 1096 1252
l 1096 1111
l 1097 1317
l 1097 1198
l 1097 1246
l 1097 1316
l 1097 1324
l 1097 1322
l 1097 1099
l 1098 1238
l 1098 1202
l 1098 1251
l 1098 1209
l 1098 1216
l 1098 1113
l 1098 1152
l 1099 1322
l 1099 1280
l 1099 1258
l 1099 1246
l 1099 1316
l 1099 1323
l 1099 1241
l 1100 1101
l 1100 1156
l 1100 1149
l 1100 1231
l 1100 1163
l 1100 1224
l 1100 1124
l 1100 1232
l 1100 1220
l 1100 1164
l 1101 1156
l 1101 1149
l 1101 1163
l 1101 1231
l 1101 1224
l 1101 1124
l 1101 1232
l 1101 1220
l 1101 1168
l 1102 1154
l 1102 1197
l 1102 1112
l 1102 1111
l 1102 1152
l 1102 1202
l 1103 1312
l 1103 1321
l 1103 1325
l 1103 1107
l 1104 1320
l 1104 1241
l 1104 1280
l 1104 1258
l 1104 1322
l 1104 1119
l 1105 1122
l 1105 1341
l 1106 1340
l 1106 1109
l 1106 1341
l 1106 1336
l 1107 1342
l 1107 1326
l 1107 1333
l 1107 1312
l 1107 1330
l 1107 1331
l 1108 1121
l 1108 1514
l 1108 1511
l 1109 1340
l 1109 1336
l 1109 1116
l 1109 1337
l 1110 1331
l 1110 1332
l 1110 1330
l 1110 1333
l 1110 1342
l 1110 1343
l 1111 1114
l 1111 1197
l 1111 1154
l 1111 1166
l 1111 1315
l 1111 1313
l 1112 1154
l 1112 1197
l 1112 1252
l 1112 1255
l 1112 1166
l 1112 1249
l 1112 1253
l 1112 1279
l 1113 1152
l 1113 1216
l 1113 1238
l 1113 1144
l 1113 1209
l 1113 1192
l 1114 1166
l 1114 1197
l 1114 1315
l 1114 1260
l 1115 1148
l 1115 1160
l 1115 1200
l 1115 1188
l 1115 1214
l 1115 1208
l 1115 1196
l 1115 1190
l 1115 1147
l 1115 1242
l 1116 1337
l 1116 1336
l 1117 1328
l 1117 1343
l 1117 1288
l 1117 1283
l 1117 1284
l 1117 1286
l 1118 1161
l 1118 1168
l 1118 1212
l 1118 1155
l 1118 1219
l 1118 1207
l 1118 1205
l 1118 1189
l 1119 1320
l 1119 1277
l 1119 1278
l 1119 1241
l 1119 1247
l 1119 1323
l 1119 1314
l 1119 1258
l 1120 1497
l 1120 1499
l 1120 1500
l 1120 1496
l 1120 1502
l 1121 1514
l 1122 1341
l 1123 1136
l 1123 1130
l 1123 1169
l 1123 1170
l 1123 1128
l 1123 1183
l 1123 1229
l 1123 1237
l 1123 1178
l 1123 1132
l 1124 1135
l 1124 1149
l 1124 1164
l 1124 1226
l 1124 1225
l 1124 1234
l 1124 1233
l 1124 1156
l 1125 1129
l 1125 1157
l 1125 1162
l 1125 1165
l 1125 1132
l 1125 1236
l 1125 1228
l 1125 1227
l 1125 1222
l 1126 1138
l 1126 1133
l 1126 1127
l 1126 1139
l 1126 1142
l 1126 1131
l 1126 1141
l 1126 1174
l 1126 1137
l 1126 1181
l 1127 1141
l 1127 1137
l 1127 1138
l 1127 1171
l 1127 1133
l 1127 1178
l 1127 1182
l 1127 1174
l 1127 1128
l 1128 1136
l 1128 1141
l 1128 1169
l 1128 1137
l 1128 1178
l 1128 1171
l 1128 1130
l 1128 1183
l 1129 1165
l 1129 1157
l 1129 1227
l 1129 1228
l 1129 1162
l 1129 1222
l 1129 1135
l 1129 1132
l 1130 1136
l 1130 1170
l 1130 1132
l 1130 1169
l 1130 1221
l 1130 1235
l 1130 1162
l 1130 1230
l 1131 1139
l 1131 1142
l 1131 1134
l 1131 1140
l 1131 1133
l 1131 1174
l 1131 1181
l 1131 1184
l 1131 1177
l 1132 1170
l 1132 1162
l 1132 1136
l 1132 1157
l 1132 1221
l 1132 1223
l 1133 1142
l 1133 1139
l 1133 1138
l 1133 1174
l 1133 1181
l 1133 1134
l 1133 1184
l 1134 1140
l 1134 1139
l 1134 1142
l 1134 1177
l 1134 1173
l 1134 1184
l 1134 1181
l 1134 1186
l 1135 1164
l 1135 1225
l 1135 1234
l 1135 1226
l 1135 1165
l 1135 1233
l 1135 1149
l 1136 1169
l 1136 1170
l 1136 1183
l 1136 1178
l 1136 1229
l 1136 1237
l 1137 1141
l 1137 1138
l 1137 1178
l 1137 1171
l 1137 1182
l 1137 1169
l 1138 1141
l 1138 1174
l 1138 1139
l 1138 1142
l 1138 1181
l 1139 1142
l 1139 1140
l 1139 1174
l 1139 1181
l 1139 1184
l 1140 1142
l 1140 1177
l 1140 1173
l 1140 1184
l 1140 1186
l 1140 1175
l 1141 1171
l 1141 1178
l 1141 1182
l 1141 1169
l 1142 1174
l 1142 1181
l 1142 1184
l 1143 1167
l 1143 1145
l 1143 1195
l 1143 1203
l 1143 1153
l 1143 1218
l 1143 1159
l 1143 1150
l 1143 1206
l 1144 1151
l 1144 1209
l 1144 1240
l 1144 1238
l 1144 1217
l 1145 1167
l 1145 1153
l 1145 1195
l 1145 1218
l 1145 1203
l 1145 1199
l 1145 1215
l 1145 1204
l 1146 1150
l 1146 1191
l 1146 1159
l 1146 1239
l 1146 1206
l 1146 1201
l 1146 1167
l 1146 1244
l 1147 1190
l 1147 1196
l 1147 1242
l 1147 1217
l 1147 1240
l 1147 1194
l 1147 1160
l 1147 1148
l 1148 1188
l 1148 1200
l 1148 1208
l 1148 1214
l 1148 1160
l 1148 1196
l 1148 1190
l 1148 1191
l 1148 1242
l 1149 1156
l 1149 1224
l 1149 1231
l 1149 1232
l 1149 1164
l 1149 1225
l 1149 1163
l 1150 1159
l 1150 1206
l 1150 1191
l 1150 1239
l 1150 1201
l 1150 1167
l 1150 1203
l 1151 1209
l 1151 1238
l 1151 1240
l 1151 1217
l 1151 1202
l 1152 1216
l 1152 1254
l 1152 1251
l 1152 1245
l 1152 1238
l 1152 1192
l 1153 1218
l 1153 1199
l 1153 1204
l 1153 1215
l 1153 1203
l 1153 1167
l 1153 1195
l 1153 1158
l 1154 1197
l 1154 1166
l 1154 1313
l 1154 1252
l 1154 1255
l 1154 1279
l 1155 1161
l 1155 1189
l 1155 1212
l 1155 1207
l 1155 1210
l 1155 1211
l 1155 1219
l 1156 1231
l 1156 1163
l 1156 1224
l 1156 1232
l 1156 1220
l 1156 1168
l 1157 1162
l 1157 1236
l 1157 1165
l 1157 1222
l 1157 1228
l 1157 1227
l 1157 1223
l 1158 1215
l 1158 1193
l 1158 1204
l 1158 1213
l 1158 1199
l 1159 1206
l 1159 1201
l 1159 1239
l 1159 1203
l 1159 1191
l 1159 1167
l 1160 1214
l 1160 1200
l 1160 1196
l 1160 1190
l 1160 1208
l 1160 1188
l 1160 1242
l 1161 1212
l 1161 1189
l 1161 1207
l 1161 1210
l 1161 1211
l 1162 1223
l 1162 1221
l 1162 1236
l 1162 1170
l 1162 1235
l 1162 1222
l 1162 1228
l 1163 1220
l 1163 1231
l 1163 1224
l 1163 1232
l 1163 1168
l 1163 1219
l 1164 1225
l 1164 1234
l 1164 1233
l 1164 1226
l 1164 1165
l 1164 1224
l 1165 1227
l 1165 1228
l 1165 1222
l 1165 1236
l 1166 1197
l 1166 1252
l 1166 1253
l 1166 1255
l 1166 1249
l 1167 1195
l 1167 1203
l 1167 1218
l 1167 1199
l 1168 1219
l 1168 1205
l 1168 1212
l 1168 1220
l 1169 1183
l 1169 1178
l 1169 1229
l 1169 1237
l 1169 1182
l 1169 1171
l 1170 1221
l 1170 1235
l 1170 1230
l 1170 1223
l 1170 1237
l 1170 1229
l 1171 1178
l 1171 1182
l 1171 1183
l 1171 1229
l 1172 1176
l 1172 1185
l 1172 1180
l 1172 1187
l 1172 1175
l 1172 1179
l 1172 1186
l 1172 1177
l 1172 1173
l 1173 1177
l 1173 1186
l 1173 1184
l 1173 1179
l 1173 1181
l 1173 1175
l 1173 1174
l 1174 1181
l 1174 1184
l 1174 1177
l 1175 1179
l 1175 1176
l 1175 1186
l 1175 1185
l 1175 1180
l 1175 1177
l 1175 1187
l 1176 1185
l 1176 1180
l 1176 1187
l 1176 1179
l 1176 1186
l 1176 1177
l 1177 1186
l 1177 1184
l 1177 1179
l 1177 1181
l 1178 1182
l 1178 1183
l 1178 1229
l 1178 1237
l 1179 1186
l 1179 1185
l 1179 1180
l 1179 1187
l 1179 1184
l 1180 1187
l 1180 1185
l 1180 1186
l 1181 1184
l 1181 1186
l 1182 1183
l 1182 1229
l 1183 1229
l 1183 1237
l 1184 1186
l 1185 1187
l 1185 1186
l 1188 1208
l 1188 1200
l 1188 1214
l 1188 1196
l 1188 1191
l 1188 1190
l 1188 1242
l 1189 1210
l 1189 1207
l 1189 1212
l 1189 1211
l 1189 1193
l 1190 1196
l 1190 1242
l 1190 1217
l 1190 1208
l 1190 1240
l 1191 1239
l 1191 1206
l 1191 1244
l 1191 1200
l 1192 1259
l 1192 1254
l 1192 1216
l 1192 1271
l 1192 1257
l 1192 1256
l 1192 1245
l 1193 1215
l 1193 1204
l 1193 1213
l 1193 1210
l 1194 1274
l 1194 1270
l 1194 1268
l 1194 1265
l 1194 1267
l 1194 1271
l 1194 1273
l 1194 1263
l 1195 1218
l 1195 1215
l 1195 1204
l 1196 1242
l 1196 1208
l 1196 1214
l 1196 1200
l 1197 1252
l 1197 1255
l 1197 1253
l 1198 1317
l 1198 1316
l 1198 1246
l 1198 1324
l 1198 1322
l 1199 1218
l 1199 1204
l 1199 1215
l 1199 1203
l 1199 1213
l 1200 1214
l 1200 1208
l 1200 1244
l 1201 1206
l 1201 1239
l 1201 1203
l 1202 1238
l 1202 1209
l 1202 1251
l 1202 1216
l 1203 1218
l 1203 1206
l 1203 1204
l 1204 1215
l 1204 1218
l 1204 1213
l 1205 1219
l 1205 1212
l 1205 1211
l 1205 1220
l 1205 1207
l 1206 1239
l 1206 1244
l 1207 1210
l 1207 1211
l 1207 1212
l 1207 1219
l 1208 1214
l 1208 1242
l 1209 1238
l 1209 1251
l 1209 1216
l 1210 1211
l 1210 1212
l 1210 1213
l 1211 1212
l 1211 1219
l 1212 1219
l 1213 1215
l 1214 1244
l 1214 1242
l 1215 1218
l 1216 1251
l 1216 1238
l 1216 1254
l 1216 1245
l 1217 1240
l 1217 1242
l 1219 1220
l 1220 1231
l 1220 1232
l 1220 1224
l 1221 1223
l 1221 1235
l 1221 1230
l 1221 1236
l 1221 1237
l 1221 1229
l 1222 1227
l 1222 1228
l 1222 1236
l 1222 1223
l 1223 1235
l 1223 1230
l 1223 1236
l 1223 1237
l 1223 1228
l 1224 1231
l 1224 1232
l 1224 1233
l 1225 1234
l 1225 1233
l 1225 1226
l 1225 1227
l 1225 1228
l 1226 1234
l 1226 1233
l 1226 1227
l 1226 1228
l 1227 1228
l 1227 1236
l 1228 1236
l 1229 1237
l 1229 1230
l 1229 1235
l 1230 1235
l 1230 1237
l 1231 1232
l 1231 1233
l 1232 1233
l 1233 1234
l 1235 1237
l 1235 1236
l 1238 1251
l 1239 1244
l 1240 1242
l 1241 1320
l 1241 1277
l 1241 1323
l 1241 1258
l 1241 1278
l 1241 1247
l 1241 1280
l 1243 1314
l 1243 1282
l 1243 1247
l 1243 1281
l 1243 1278
l 1243 1277
l 1243 1320
l 1245 1254
l 1245 1250
l 1245 1249
l 1245 1251
l 1245 1256
l 1245 1259
l 1245 1255
l 1246 1316
l 1246 1322
l 1246 1317
l 1247 1278
l 1247 1277
l 1247 1314
l 1247 1281
l 1247 1320
l 1247 1282
l 1247 1323
l 1247 1248
l 1248 1281
l 1248 1282
l 1248 1314
l 1248 1278
l 1248 1277
l 1249 1255
l 1249 1252
l 1249 1254
l 1249 1250
l 1250 1256
l 1250 1254
l 1250 1259
l 1250 1257
l 1250 1262
l 1251 1254
l 1252 1255
l 1252 1253
l 1252 1279
l 1253 1279
l 1253 1260
l 1253 1255
l 1253 1313
l 1254 1256
l 1254 1259
l 1255 1279
l 1256 1259
l 1256 1257
l 1256 1262
l 1256 1271
l 1256 1272
l 1257 1262
l 1257 1259
l 1257 1271
l 1257 1272
l 1257 1265
l 1257 1263
l 1257 1261
l 1258 1323
l 1258 1280
l 1258 1277
l 1258 1322
l 1258 1278
l 1258 1320
l 1259 1262
l 1259 1271
l 1259 1272
l 1259 1265
l 1260 1279
l 1260 1315
l 1260 1313
l 1261 1263
l 1261 1265
l 1261 1272
l 1261 1270
l 1261 1274
l 1261 1268
l 1261 1267
l 1261 1271
l 1261 1264
l 1261 1273
l 1262 1271
l 1262 1272
l 1262 1265
l 1262 1263
l 1263 1265
l 1263 1272
l 1263 1270
l 1263 1274
l 1263 1268
l 1263 1267
l 1263 1271
l 1263 1264
l 1263 1273
l 1264 1273
l 1264 1267
l 1264 1275
l 1264 1276
l 1264 1268
l 1264 1269
l 1264 1274
l 1264 1266
l 1264 1270
l 1265 1272
l 1265 1271
l 1265 1270
l 1265 1274
l 1265 1268
l 1265 1267
l 1266 1276
l 1266 1269
l 1266 1275
l 1266 1273
l 1266 1267
l 1266 1268
l 1266 1270
l 1266 1274
l 1267 1268
l 1267 1274
l 1267 1270
l 1267 1273
l 1267 1275
l 1267 1269
l 1267 1276
l 1268 1270
l 1268 1274
l 1268 1273
l 1268 1275
l 1268 1276
l 1268 1269
l 1269 1276
l 1269 1275
l 1269 1273
l 1269 1274
l 1269 1270
l 1270 1274
l 1270 1273
l 1270 1275
l 1270 1276
l 1271 1272
l 1271 1274
l 1272 1274
l 1273 1275
l 1273 1276
l 1273 1274
l 1274 1275
l 1274 1276
l 1275 1276
l 1277 1278
l 1277 1320
l 1277 1314
l 1277 1323
l 1277 1281
l 1278 1320
l 1278 1314
l 1278 1281
l 1278 1323
l 1278 1282
l 1279 1313
l 1279 1315
l 1280 1323
l 1280 1322
l 1280 1320
l 1281 1282
l 1281 1314
l 1281 1320
l 1282 1314
l 1283 1284
l 1283 1285
l 1283 1288
l 1283 1305
l 1283 1286
l 1283 1287
l 1283 1289
l 1283 1328
l 1283 1291
l 1284 1285
l 1284 1305
l 1284 1287
l 1284 1288
l 1284 1286
l 1284 1289
l 1284 1291
l 1284 1292
l 1284 1306
l 1285 1305
l 1285 1287
l 1285 1289
l 1285 1288
l 1285 1286
l 1285 1291
l 1285 1292
l 1285 1306
l 1286 1287
l 1286 1305
l 1286 1328
l 1286 1289
l 1286 1288
l 1286 1292
l 1286 1306
l 1287 1305
l 1287 1289
l 1287 1291
l 1287 1292
l 1287 1306
l 1287 1290
l 1287 1298
l 1288 1328
l 1288 1343
l 1288 1305
l 1289 1291
l 1289 1305
l 1289 1306
l 1289 1292
l 1289 1290
l 1289 1298
l 1289 1300
l 1290 1292
l 1290 1306
l 1290 1298
l 1290 1300
l 1290 1307
l 1290 1291
l 1290 1302
l 1290 1309
l 1291 1306
l 1291 1292
l 1291 1305
l 1291 1298
l 1291 1300
l 1291 1296
l 1291 1307
l 1292 1306
l 1292 1298
l 1292 1307
l 1292 1300
l 1292 1305
l 1292 1302
l 1293 1301
l 1293 1310
l 1293 1294
l 1293 1304
l 1293 1303
l 1293 1297
l 1293 1311
l 1293 1308
l 1293 1299
l 1293 1309
l 1294 1303
l 1294 1297
l 1294 1304
l 1294 1311
l 1294 1310
l 1294 1308
l 1294 1301
l 1294 1299
l 1294 1309
l 1295 1297
l 1295 1304
l 1295 1311
l 1295 1296
l 1295 1302
l 1295 1308
l 1295 1309
l 1295 1303
l 1296 1302
l 1296 1300
l 1296 1298
l 1296 1309
l 1296 1308
l 1296 1311
l 1296 1297
l 1296 1307
l 1296 1299
l 1297 1304
l 1297 1311
l 1297 1308
l 1297 1303
l 1297 1301
l 1297 1310
l 1297 1299
l 1298 1300
l 1298 1302
l 1298 1307
l 1298 1309
l 1298 1306
l 1298 1299
l 1298 1308
l 1299 1309
l 1299 1301
l 1299 1308
l 1299 1311
l 1299 1310
l 1299 1302
l 1299 1304
l 1300 1302
l 1300 1307
l 1300 1309
l 1300 1308
l 1300 1306
l 1300 1311
l 1301 1310
l 1301 1303
l 1301 1304
l 1301 1311
l 1301 1308
l 1301 1309
l 1302 1309
l 1302 1308
l 1302 1307
l 1302 1311
l 1303 1310
l 1303 1304
l 1303 1308
l 1303 1311
l 1304 1311
l 1304 1308
l 1304 1310
l 1305 1306
l 1306 1307
l 1307 1309
l 1307 1308
l 1307 1311
l 1308 1311
l 1308 1309
l 1308 1310
l 1309 1311
l 1310 1311
l 1312 1325
l 1312 1335
l 1312 1321
l 1312 1338
l 1313 1315
l 1314 1320
l 1316 1322
l 1317 1324
l 1318 1319
l 1318 1334
l 1318 1321
l 1319 1334
l 1320 1323
l 1321 1334
l 1321 1325
l 1322 1323
l 1325 1335
l 1325 1338
l 1325 1339
l 1325 1326
l 1326 1342
l 1327 1329
l 1328 1343
l 1329 1343
l 1330 1333
l 1330 1334
l 1331 1332
l 1331 1342
l 1331 1333
l 1331 1343
l 1332 1342
l 1332 1333
l 1333 1334
l 1335 1338
l 1335 1339
l 1336 1340
l 1336 1337
l 1338 1339
l 1340 1341
l 1344 1345
l 1346 1453
l 1346 1686
l 1346 1684
l 1346 4190
l 1346 1682
l 1346 1519
l 1346 4192
l 1347 2396
l 1347 1348
l 1347 2398
l 1348 2396
l 1349 1350
l 1350 1351
l 1352 1409
l 1352 1378
l 1352 1376
l 1352 1377
l 1352 1408
l 1352 1403
l 1353 1357
l 1353 1410
l 1353 1407
l 1354 1414
l 1354 1356
l 1355 1442
l 1355 1356
l 1355 1441
l 1355 1368
l 1356 1368
l 1357 1358
l 1357 1410
l 1357 1379
l 1357 1380
l 1358 1379
l 1358 1380
l 1358 1404
l 1358 1535
l 1358 1373
l 1359 1362
l 1359 1658
l 1359 1661
l 1359 1360
l 1359 1385
l 1359 1361
l 1359 1660
l 1359 2482
l 1360 1384
l 1360 1362
l 1360 2478
l 1360 2483
l 1360 1363
l 1360 1660
l 1360 1385
l 1360 2482
l 1360 1663
l 1361 1385
l 1361 2480
l 1361 1382
l 1361 1654
l 1361 1383
l 1361 1658
l 1361 2482
l 1362 1363
l 1362 1661
l 1362 2428
l 1362 1658
l 1362 1660
l 1362 2483
l 1363 2483
l 1363 2428
l 1363 1384
l 1363 1660
l 1363 1661
l 1364 1370
l 1364 1365
l 1364 1449
l 1364 1367
l 1364 1447
l 1365 2433
l 1365 1369
l 1366 1447
l 1366 1367
l 1366 1371
l 1366 1449
l 1366 1446
l 1367 1449
l 1367 1447
l 1367 1371
l 1367 1448
l 1368 1445
l 1368 1370
l 1369 1370
l 1369 2433
l 1370 1445
l 1370 1371
l 1371 1446
l 1371 1445
l 1371 1447
l 1372 1386
l 1372 1537
l 1373 1535
l 1373 1536
l 1373 1380
l 1373 1379
l 1373 2316
l 1373 1404
l 1374 2448
l 1374 1375
l 1374 2494
l 1374 1652
l 1374 2496
l 1375 1652
l 1375 2494
l 1375 2495
l 1375 2448
l 1375 2497
l 1376 1377
l 1376 1409
l 1376 1408
l 1376 2493
l 1376 1378
l 1377 1378
l 1377 1409
l 1377 2493
l 1378 1409
l 1378 1403
l 1378 1407
l 1379 1380
l 1379 1535
l 1379 1404
l 1380 1535
l 1380 1404
l 1380 1387
l 1381 2497
l 1381 1383
l 1381 2481
l 1382 2480
l 1382 1654
l 1382 1383
l 1382 2496
l 1382 1658
l 1382 2482
l 1383 2482
l 1383 1385
l 1383 2481
l 1383 2480
l 1383 2478
l 1383 2497
l 1384 2483
l 1384 1662
l 1384 1663
l 1384 2478
l 1384 1660
l 1384 2482
l 1385 2478
l 1385 2482
l 1385 2481
l 1385 2480
l 1385 1658
l 1385 1660
l 1386 1387
l 1388 1432
l 1388 1435
l 1388 1413
l 1388 2450
l 1388 1433
l 1388 2452
l 1388 2453
l 1389 2453
l 1389 2454
l 1389 1390
l 1389 1448
l 1389 1434
l 1389 1450
l 1389 2452
l 1390 2454
l 1390 1448
l 1390 2455
l 1390 1447
l 1390 1405
l 1390 1434
l 1390 2453
l 1391 2456
l 1391 1393
l 1391 1443
l 1391 1437
l 1391 1392
l 1391 1444
l 1392 1402
l 1392 2457
l 1392 1565
l 1392 1393
l 1392 1440
l 1392 2465
l 1393 1437
l 1393 2456
l 1393 1406
l 1393 1438
l 1394 1558
l 1394 1538
l 1394 1416
l 1394 1401
l 1395 1410
l 1395 1404
l 1395 1534
l 1396 1398
l 1396 1431
l 1396 2410
l 1396 1399
l 1396 1397
l 1397 1398
l 1397 1431
l 1397 1430
l 1397 2449
l 1398 1399
l 1398 2410
l 1398 1431
l 1399 2411
l 1399 2410
l 1400 2458
l 1400 1402
l 1400 1415
l 1400 2466
l 1400 1401
l 1401 1563
l 1401 1402
l 1401 2467
l 1401 2465
l 1401 2466
l 1401 1564
l 1402 2458
l 1402 2466
l 1402 2457
l 1403 1407
l 1403 1409
l 1403 1408
l 1404 1535
l 1404 1410
l 1404 2316
l 1404 1536
l 1405 1434
l 1405 1438
l 1405 2454
l 1405 2455
l 1405 1406
l 1406 1436
l 1406 1437
l 1406 1439
l 1406 1438
l 1406 1672
l 1408 1409
l 1411 2423
l 1411 1667
l 1411 1433
l 1411 2424
l 1412 1413
l 1412 1666
l 1412 2423
l 1412 1665
l 1413 1435
l 1413 2421
l 1413 1432
l 1414 1416
l 1415 2466
l 1415 1441
l 1415 2458
l 1415 2467
l 1416 1537
l 1416 2458
l 1416 1558
l 1417 2357
l 1417 1419
l 1417 1825
l 1417 2368
l 1417 2207
l 1417 1524
l 1417 2369
l 1418 1421
l 1418 1822
l 1418 1426
l 1418 1545
l 1418 1422
l 1419 1425
l 1419 2513
l 1419 1825
l 1419 4993
l 1419 1524
l 1419 2357
l 1419 2369
l 1420 1823
l 1420 1826
l 1420 1824
l 1420 2241
l 1420 2227
l 1420 1421
l 1420 1523
l 1420 1422
l 1421 1823
l 1422 1523
l 1422 1525
l 1422 1426
l 1422 2227
l 1423 1544
l 1423 1543
l 1423 2310
l 1423 1522
l 1423 1648
l 1423 1426
l 1423 1822
l 1424 1527
l 1424 2503
l 1424 2372
l 1424 2369
l 1424 2430
l 1424 2357
l 1424 2359
l 1424 2358
l 1425 1524
l 1425 2516
l 1425 4993
l 1425 3025
l 1425 2513
l 1425 2369
l 1426 1544
l 1426 1525
l 1426 1522
l 1426 1822
l 1426 1543
l 1427 1685
l 1427 2487
l 1427 2486
l 1427 2445
l 1427 2416
l 1427 4186
l 1427 1681
l 1427 1452
l 1428 2490
l 1428 2499
l 1428 2446
l 1428 2353
l 1428 1429
l 1428 2500
l 1428 2416
l 1428 2491
l 1428 2492
l 1429 2492
l 1429 1430
l 1429 2493
l 1429 2490
l 1429 2447
l 1429 2491
l 1429 2449
l 1429 2499
l 1430 2492
l 1431 2449
l 1432 2450
l 1432 1435
l 1432 1433
l 1432 1653
l 1432 2453
l 1432 2452
l 1433 2451
l 1434 2454
l 1434 2453
l 1434 1438
l 1434 2421
l 1435 2421
l 1435 2453
l 1436 1439
l 1436 1672
l 1436 1670
l 1436 1437
l 1437 1438
l 1437 2456
l 1437 1439
l 1438 2455
l 1439 1565
l 1439 2459
l 1440 1563
l 1441 1442
l 1441 2458
l 1441 1443
l 1442 1443
l 1442 1444
l 1442 1445
l 1443 2456
l 1443 1444
l 1443 2458
l 1444 2456
l 1444 1446
l 1444 1445
l 1445 1446
l 1446 2455
l 1447 1449
l 1447 1448
l 1448 2454
l 1448 1450
l 1448 1449
l 1450 1654
l 1450 2452
l 1450 1653
l 1450 1659
l 1451 1657
l 1451 2378
l 1451 1452
l 1451 1454
l 1451 2376
l 1451 2377
l 1452 1681
l 1452 1687
l 1452 1685
l 1452 4191
l 1452 1454
l 1452 3971
l 1453 1519
l 1453 1682
l 1453 1686
l 1453 1680
l 1453 1518
l 1453 1683
l 1454 2363
l 1454 1687
l 1454 1688
l 1454 2378
l 1455 1457
l 1455 1470
l 1455 1466
l 1455 1456
l 1455 1471
l 1456 1466
l 1456 1468
l 1456 1628
l 1456 1457
l 1457 1466
l 1457 1470
l 1457 1469
l 1457 1467
l 1458 1462
l 1458 1461
l 1459 1476
l 1459 1480
l 1460 1462
l 1460 1461
l 1460 1639
l 1461 1639
l 1461 1462
l 1461 1641
l 1463 1464
l 1463 1483
l 1463 1473
l 1463 1467
l 1463 1465
l 1464 1467
l 1464 1465
l 1464 1468
l 1464 1466
l 1464 1473
l 1465 1468
l 1465 1483
l 1465 1467
l 1466 1467
l 1466 1468
l 1467 1468
l 1467 1473
l 1469 1472
l 1469 1470
l 1469 1471
l 1469 1636
l 1470 1471
l 1470 1472
l 1471 1472
l 1471 1636
l 1472 1636
l 1472 1633
l 1474 1479
l 1474 1483
l 1475 1482
l 1475 1481
l 1475 1478
l 1476 1480
l 1476 1478
l 1477 1485
l 1477 1490
l 1477 1491
l 1477 1488
l 1478 1480
l 1478 1482
l 1479 1483
l 1479 1484
l 1481 1484
l 1481 1482
l 1485 1490
l 1485 1488
l 1486 1492
l 1486 1493
l 1486 1494
l 1487 1491
l 1487 1489
l 1487 1494
l 1487 1488
l 1488 1491
l 1488 1494
l 1488 1489
l 1488 1490
l 1489 1494
l 1489 1491
l 1489 1490
l 1489 1493
l 1490 1491
l 1490 1494
l 1491 1494
l 1492 1493
l 1493 1494
l 1495 1504
l 1495 1502
l 1495 1501
l 1495 1498
l 1496 1500
l 1496 1499
l 1496 1497
l 1496 1502
l 1497 1499
l 1497 1500
l 1497 1502
l 1498 1501
l 1498 1504
l 1498 1503
l 1499 1500
l 1499 1502
l 1500 1502
l 1501 1504
l 1502 1504
l 1503 1512
l 1503 1509
l 1505 1511
l 1505 1508
l 1505 1514
l 1505 1506
l 1506 1507
l 1506 1510
l 1506 1508
l 1506 1513
l 1506 1515
l 1507 1510
l 1507 1513
l 1507 1515
l 1507 1508
l 1508 1511
l 1508 1514
l 1508 1510
l 1509 1512
l 1509 1515
l 1509 1513
l 1509 1510
l 1510 1513
l 1510 1515
l 1511 1514
l 1512 1515
l 1512 1513
l 1513 1515
l 1516 1520
l 1516 2354
l 1516 1618
l 1517 1620
l 1517 3014
l 1517 2370
l 1517 2188
l 1517 2187
l 1517 1590
l 1517 4677
l 1517 1591
l 1518 1519
l 1518 1683
l 1519 1683
l 1519 1680
l 1519 1682
l 1519 1851
l 1519 4342
l 1520 2365
l 1520 2418
l 1521 2371
l 1521 2355
l 1521 1577
l 1521 2375
l 1521 1578
l 1521 1618
l 1521 1530
l 1522 1543
l 1522 1525
l 1522 1544
l 1522 1587
l 1522 1586
l 1523 2227
l 1523 1526
l 1523 2241
l 1523 1823
l 1523 2239
l 1524 2369
l 1524 2516
l 1524 2372
l 1525 1544
l 1526 2461
l 1526 2239
l 1526 2227
l 1526 2435
l 1527 2372
l 1527 2359
l 1527 2358
l 1527 2430
l 1527 2408
l 1527 2369
l 1528 1589
l 1528 1578
l 1528 1590
l 1528 2305
l 1528 1591
l 1528 1577
l 1528 1644
l 1528 1620
l 1529 1530
l 1529 1577
l 1529 2464
l 1529 2305
l 1529 2278
l 1529 2371
l 1529 2462
l 1529 2375
l 1529 2476
l 1530 2476
l 1530 2375
l 1530 2371
l 1530 2462
l 1530 1617
l 1530 1577
l 1530 2438
l 1530 2355
l 1531 1611
l 1531 2463
l 1531 1612
l 1531 2309
l 1531 1616
l 1531 1532
l 1531 2439
l 1532 1612
l 1532 1533
l 1532 1611
l 1532 1595
l 1532 2308
l 1533 1595
l 1533 2308
l 1533 1596
l 1533 1599
l 1533 1562
l 1533 1606
l 1534 1594
l 1534 2316
l 1534 1596
l 1534 2315
l 1534 1598
l 1534 1607
l 1535 1536
l 1535 2316
l 1536 2316
l 1536 2315
l 1536 1592
l 1536 1594
l 1537 1558
l 1537 1592
l 1537 1538
l 1538 2317
l 1538 1568
l 1538 1558
l 1538 2314
l 1538 1567
l 1539 1540
l 1539 2317
l 1539 2307
l 1539 2314
l 1539 1597
l 1540 1541
l 1540 2415
l 1541 2306
l 1541 2419
l 1541 2415
l 1541 2294
l 1541 2413
l 1542 2488
l 1542 1574
l 1542 2413
l 1542 2294
l 1542 2419
l 1542 2306
l 1543 1587
l 1543 2313
l 1543 1544
l 1544 1822
l 1545 2266
l 1545 1822
l 1545 2312
l 1545 1557
l 1546 1547
l 1546 1552
l 1546 2336
l 1546 2311
l 1546 1812
l 1546 2335
l 1546 1839
l 1546 1817
l 1546 1696
l 1547 2336
l 1547 1817
l 1547 1552
l 1547 1696
l 1547 1814
l 1547 1839
l 1547 2335
l 1547 1549
l 1548 1813
l 1548 1550
l 1548 1815
l 1548 1555
l 1548 1831
l 1549 1817
l 1549 1555
l 1549 1814
l 1549 1552
l 1549 1696
l 1550 1815
l 1550 1831
l 1551 2211
l 1551 2374
l 1551 1816
l 1551 2373
l 1551 2360
l 1551 2380
l 1551 2213
l 1551 2236
l 1551 1554
l 1552 2335
l 1552 1817
l 1552 2312
l 1552 1812
l 1552 2336
l 1552 1696
l 1553 2235
l 1553 2225
l 1553 2231
l 1553 1818
l 1553 1815
l 1553 1556
l 1553 2214
l 1553 1832
l 1554 2360
l 1554 1819
l 1554 2381
l 1554 2373
l 1554 2380
l 1554 1820
l 1554 2374
l 1554 1835
l 1555 1814
l 1555 1817
l 1555 1829
l 1555 1831
l 1555 1813
l 1556 2235
l 1556 1821
l 1556 1834
l 1556 2231
l 1556 2193
l 1556 1818
l 1556 2214
l 1556 2236
l 1557 2335
l 1557 1707
l 1557 1812
l 1557 2312
l 1557 2266
l 1558 2314
l 1558 1592
l 1559 2511
l 1559 1648
l 1559 1649
l 1559 1600
l 1559 1645
l 1559 1605
l 1559 4991
l 1559 4155
l 1560 1601
l 1560 1576
l 1560 1604
l 1560 2278
l 1560 1575
l 1560 1602
l 1560 2264
l 1561 1603
l 1561 2264
l 1561 1602
l 1561 1606
l 1561 1642
l 1561 1562
l 1561 2294
l 1562 1642
l 1562 1603
l 1562 1595
l 1562 1606
l 1562 2308
l 1562 1599
l 1563 1564
l 1563 1567
l 1563 1568
l 1564 1568
l 1564 1567
l 1564 2467
l 1564 2465
l 1565 2457
l 1565 2465
l 1566 1571
l 1566 1570
l 1566 1568
l 1566 1567
l 1567 1568
l 1567 2437
l 1569 2468
l 1569 1571
l 1569 2471
l 1569 1570
l 1569 2472
l 1569 2470
l 1569 2469
l 1570 1571
l 1570 1572
l 1570 2471
l 1570 2472
l 1570 1573
l 1570 2414
l 1571 2471
l 1571 1572
l 1571 2468
l 1571 2472
l 1571 2470
l 1572 1573
l 1572 2414
l 1573 2414
l 1573 2472
l 1573 2425
l 1574 2473
l 1574 2488
l 1574 2413
l 1574 2425
l 1575 2488
l 1575 1576
l 1575 2489
l 1575 2474
l 1575 2475
l 1575 1601
l 1576 2464
l 1576 2475
l 1576 2278
l 1576 1601
l 1576 1604
l 1576 2489
l 1577 1578
l 1577 2371
l 1577 2305
l 1577 2375
l 1577 2464
l 1578 1591
l 1578 2305
l 1578 2371
l 1578 1590
l 1578 1619
l 1579 1581
l 1579 1580
l 1579 1584
l 1580 1581
l 1580 2434
l 1580 1584
l 1580 2435
l 1581 2434
l 1582 1583
l 1582 1585
l 1583 1584
l 1583 2469
l 1585 2472
l 1585 1586
l 1585 2469
l 1585 2471
l 1586 2473
l 1586 1587
l 1587 2313
l 1587 2474
l 1587 2473
l 1587 2489
l 1588 1600
l 1588 2313
l 1588 2475
l 1588 1643
l 1588 2489
l 1588 2474
l 1589 2305
l 1589 1644
l 1589 1643
l 1589 1590
l 1589 2464
l 1589 2508
l 1590 2370
l 1590 1591
l 1590 1620
l 1590 2508
l 1590 1644
l 1590 2305
l 1591 1620
l 1591 1619
l 1592 1593
l 1592 2315
l 1592 2314
l 1592 1598
l 1593 2314
l 1593 2315
l 1593 1597
l 1593 1598
l 1593 2317
l 1593 1594
l 1593 2307
l 1594 2315
l 1594 1598
l 1594 2316
l 1594 1596
l 1594 1607
l 1594 1597
l 1595 2308
l 1595 1606
l 1595 1599
l 1595 1596
l 1595 1607
l 1596 1607
l 1596 2308
l 1596 1599
l 1596 1598
l 1596 2307
l 1596 1597
l 1596 2315
l 1597 2307
l 1597 1598
l 1597 1607
l 1597 2314
l 1597 2317
l 1597 2315
l 1598 2315
l 1598 1607
l 1598 2307
l 1598 2316
l 1598 2314
l 1599 2308
l 1599 1607
l 1599 1606
l 1599 2307
l 1600 1605
l 1600 1643
l 1600 1649
l 1600 1644
l 1600 2313
l 1600 2511
l 1601 1602
l 1601 2264
l 1601 1604
l 1601 1642
l 1601 1603
l 1602 1642
l 1602 1603
l 1602 2264
l 1602 1604
l 1603 1606
l 1603 1642
l 1603 2264
l 1604 2278
l 1604 2439
l 1604 2462
l 1604 1642
l 1604 2309
l 1605 1649
l 1605 4988
l 1605 2508
l 1605 1644
l 1605 1643
l 1605 2511
l 1605 4991
l 1606 2308
l 1606 1607
l 1607 2307
l 1607 2308
l 1608 2444
l 1608 1613
l 1609 2441
l 1609 1610
l 1609 1613
l 1609 1614
l 1610 1614
l 1610 1616
l 1610 2441
l 1610 1615
l 1611 1612
l 1611 1616
l 1612 2309
l 1612 1642
l 1613 2444
l 1613 2443
l 1613 2441
l 1614 1615
l 1614 2441
l 1614 1616
l 1615 1616
l 1615 2463
l 1615 2438
l 1616 2463
l 1617 2440
l 1617 2476
l 1617 2375
l 1617 2355
l 1617 2354
l 1617 2438
l 1618 1619
l 1618 2355
l 1619 1620
l 1620 2370
l 1620 3014
l 1622 1637
l 1622 1634
l 1622 1640
l 1623 1630
l 1624 1638
l 1624 1628
l 1625 1632
l 1625 1635
l 1626 1629
l 1626 1630
l 1626 1636
l 1627 1628
l 1627 1638
l 1628 1638
l 1629 1630
l 1629 1636
l 1630 1636
l 1631 1637
l 1631 1640
l 1632 1635
l 1633 1636
l 1635 1640
l 1637 1640
l 1639 1641
l 1640 1641
l 1642 2309
l 1643 1644
l 1643 2475
l 1643 2305
l 1643 2489
l 1644 2508
l 1644 2305
l 1644 2370
l 1645 1648
l 1645 2511
l 1645 4155
l 1645 4987
l 1645 2507
l 1645 4991
l 1645 2775
l 1645 2310
l 1646 1707
l 1646 2266
l 1646 4984
l 1646 1827
l 1646 4060
l 1646 4156
l 1646 1706
l 1647 4157
l 1647 2507
l 1647 1827
l 1647 4984
l 1647 2310
l 1647 4320
l 1647 4987
l 1647 4158
l 1648 2507
l 1648 2310
l 1648 2511
l 1648 4987
l 1648 4155
l 1649 2511
l 1649 4991
l 1649 4988
l 1649 4160
l 1649 4155
l 1649 4159
l 1650 2502
l 1650 2500
l 1650 1656
l 1650 2501
l 1650 1651
l 1650 2446
l 1650 2495
l 1650 1655
l 1650 2376
l 1650 2447
l 1651 2479
l 1651 2502
l 1651 1655
l 1651 2481
l 1651 2477
l 1651 2497
l 1651 1652
l 1651 2478
l 1651 1663
l 1652 2494
l 1652 2495
l 1652 2497
l 1652 2501
l 1653 2450
l 1653 1654
l 1653 2496
l 1653 2452
l 1653 2448
l 1654 2480
l 1654 2496
l 1655 2477
l 1655 2502
l 1655 2479
l 1655 2484
l 1655 2481
l 1655 1656
l 1655 2377
l 1656 2377
l 1656 2502
l 1656 2477
l 1656 1657
l 1656 2376
l 1656 2479
l 1656 1664
l 1657 2378
l 1657 2376
l 1657 2377
l 1657 1664
l 1657 2477
l 1658 1661
l 1658 2482
l 1658 1660
l 1658 2480
l 1658 1659
l 1658 2428
l 1659 2480
l 1659 1661
l 1660 2482
l 1660 1661
l 1660 2428
l 1660 2483
l 1661 2428
l 1661 2482
l 1662 2483
l 1662 1663
l 1662 2485
l 1662 2484
l 1662 2478
l 1663 2478
l 1663 2483
l 1663 2479
l 1663 2481
l 1663 2482
l 1664 2407
l 1664 2485
l 1664 2484
l 1664 2377
l 1664 2477
l 1664 2406
l 1664 2378
l 1665 1666
l 1665 1673
l 1667 2423
l 1667 2424
l 1668 1671
l 1668 1673
l 1668 1669
l 1669 1671
l 1669 2422
l 1669 1670
l 1670 2422
l 1670 2459
l 1671 2422
l 1671 1673
l 1672 2422
l 1672 1673
l 1672 2421
l 1673 2422
l 1674 1840
l 1674 1678
l 1674 1679
l 1674 4341
l 1674 1848
l 1675 4181
l 1675 4333
l 1675 4184
l 1675 1848
l 1676 3420
l 1676 2628
l 1676 2624
l 1676 2625
l 1676 2655
l 1677 1851
l 1677 4185
l 1677 4189
l 1677 4344
l 1677 2719
l 1677 1683
l 1677 1680
l 1677 4342
l 1678 4340
l 1678 1840
l 1678 4182
l 1678 4180
l 1678 2611
l 1679 4341
l 1679 1848
l 1679 4181
l 1679 1840
l 1680 1851
l 1680 1682
l 1680 1683
l 1680 4342
l 1680 4185
l 1680 4344
l 1680 2719
l 1681 1685
l 1681 3971
l 1681 4191
l 1681 4186
l 1681 1687
l 1681 2487
l 1682 4342
l 1682 1686
l 1682 4193
l 1682 1851
l 1682 1683
l 1682 4344
l 1682 3112
l 1683 1851
l 1683 4185
l 1683 4342
l 1684 4190
l 1684 2506
l 1684 4986
l 1684 1686
l 1685 4186
l 1685 2487
l 1685 3971
l 1685 4187
l 1685 2486
l 1686 4190
l 1686 4193
l 1686 4192
l 1686 4342
l 1687 4191
l 1687 1688
l 1687 3972
l 1687 3971
l 1688 3972
l 1688 4996
l 1688 4191
l 1688 2363
l 1689 1695
l 1689 1803
l 1689 1793
l 1689 2254
l 1689 2265
l 1689 2247
l 1689 1690
l 1690 1692
l 1690 1793
l 1690 1803
l 1690 1694
l 1690 1796
l 1690 1804
l 1690 2254
l 1691 1702
l 1691 2318
l 1691 2265
l 1691 1697
l 1691 1695
l 1691 2261
l 1692 1694
l 1692 1829
l 1692 1693
l 1692 1830
l 1693 1814
l 1693 1829
l 1693 1696
l 1693 1830
l 1693 1838
l 1693 1694
l 1694 2319
l 1694 1804
l 1694 1838
l 1694 1803
l 1694 1701
l 1695 2247
l 1695 2265
l 1695 2318
l 1695 1803
l 1695 2334
l 1695 2261
l 1696 2336
l 1696 1814
l 1696 1838
l 1696 1817
l 1696 1701
l 1696 1839
l 1697 1702
l 1697 2318
l 1697 2261
l 1697 1698
l 1697 2262
l 1698 2383
l 1698 3228
l 1698 4202
l 1699 2334
l 1699 1705
l 1699 2320
l 1699 2319
l 1699 1804
l 1699 1703
l 1699 1701
l 1699 1700
l 1700 2311
l 1700 2320
l 1700 1828
l 1700 1839
l 1700 1705
l 1700 1701
l 1700 1706
l 1700 2336
l 1701 1838
l 1701 1839
l 1701 2336
l 1701 2320
l 1701 2319
l 1701 2311
l 1702 1810
l 1702 2267
l 1703 2334
l 1703 2261
l 1703 2262
l 1703 1805
l 1703 1705
l 1703 2247
l 1703 2318
l 1704 2383
l 1704 4207
l 1704 1805
l 1704 4873
l 1704 2262
l 1704 4755
l 1704 2515
l 1704 4202
l 1704 4306
l 1705 2320
l 1705 1828
l 1705 2319
l 1705 2515
l 1706 1812
l 1706 2311
l 1706 1828
l 1706 1707
l 1706 2509
l 1706 2335
l 1707 1812
l 1707 2266
l 1707 2335
l 1707 2312
l 1707 2311
l 1708 2208
l 1708 2209
l 1708 2232
l 1708 2218
l 1708 1714
l 1708 2197
l 1708 2195
l 1709 1727
l 1709 2201
l 1709 2197
l 1709 1714
l 1709 2208
l 1710 2295
l 1710 2322
l 1710 2321
l 1710 1725
l 1710 1728
l 1711 2286
l 1711 1712
l 1711 1730
l 1711 1731
l 1711 1724
l 1711 2285
l 1711 2283
l 1712 1731
l 1712 2282
l 1712 2283
l 1712 1730
l 1712 1724
l 1712 2281
l 1712 2286
l 1713 1722
l 1713 2232
l 1713 2217
l 1713 2218
l 1713 1723
l 1714 2218
l 1714 2201
l 1714 2219
l 1714 2233
l 1714 2232
l 1715 1716
l 1715 3128
l 1715 3129
l 1715 4218
l 1715 3131
l 1715 3130
l 1715 2826
l 1716 4218
l 1716 3129
l 1716 2826
l 1716 4816
l 1716 3128
l 1716 1718
l 1717 1718
l 1717 1739
l 1718 1739
l 1718 2325
l 1718 4218
l 1718 2826
l 1718 4816
l 1719 1740
l 1719 1729
l 1719 2321
l 1719 1728
l 1720 2326
l 1720 1734
l 1720 2287
l 1720 1736
l 1721 1735
l 1721 2287
l 1721 1737
l 1721 2268
l 1721 2327
l 1722 1736
l 1722 2217
l 1722 2232
l 1723 1737
l 1723 2233
l 1724 1726
l 1724 2286
l 1725 1727
l 1725 2197
l 1725 2295
l 1726 2197
l 1726 2208
l 1726 2209
l 1726 1727
l 1726 2195
l 1727 2197
l 1727 2208
l 1728 2285
l 1728 1729
l 1728 2322
l 1728 2321
l 1728 2286
l 1729 2321
l 1729 2322
l 1729 2285
l 1730 1731
l 1730 2324
l 1730 2323
l 1730 2286
l 1730 2283
l 1730 2285
l 1731 2283
l 1731 2323
l 1731 2324
l 1731 2284
l 1731 2282
l 1732 1738
l 1732 1734
l 1732 2267
l 1732 1740
l 1733 1740
l 1733 2327
l 1734 2326
l 1734 2267
l 1735 2268
l 1735 2327
l 1735 2287
l 1736 1737
l 1738 1739
l 1738 1740
l 1739 2325
l 1741 2329
l 1741 2302
l 1741 1742
l 1741 1748
l 1741 2301
l 1741 1773
l 1741 1759
l 1742 1748
l 1742 2329
l 1742 1749
l 1742 1779
l 1742 1773
l 1743 1754
l 1743 1755
l 1743 1744
l 1743 2288
l 1743 1756
l 1744 2275
l 1744 2288
l 1744 1767
l 1744 1761
l 1744 1766
l 1744 1754
l 1745 1777
l 1745 1786
l 1745 1746
l 1745 1788
l 1745 1756
l 1745 1787
l 1746 1777
l 1746 1747
l 1746 1751
l 1746 1788
l 1747 1751
l 1747 1750
l 1747 1764
l 1747 1777
l 1748 1759
l 1748 1769
l 1748 1762
l 1749 1779
l 1749 1750
l 1749 1782
l 1750 1751
l 1750 1782
l 1750 1764
l 1751 1782
l 1751 1778
l 1752 1753
l 1752 1757
l 1752 1784
l 1752 1783
l 1752 2302
l 1753 2328
l 1753 1784
l 1753 1760
l 1754 2289
l 1754 2288
l 1754 1755
l 1754 2328
l 1754 1775
l 1755 1756
l 1755 1776
l 1755 1758
l 1756 1758
l 1757 2302
l 1757 2329
l 1757 1773
l 1757 2332
l 1757 2301
l 1758 1765
l 1758 1766
l 1759 1771
l 1759 2330
l 1759 1762
l 1760 1770
l 1760 2301
l 1760 2330
l 1760 1768
l 1761 2275
l 1761 1766
l 1762 1769
l 1762 1763
l 1762 2238
l 1763 2189
l 1763 1769
l 1763 2238
l 1763 1764
l 1763 1765
l 1764 1765
l 1767 1768
l 1767 2275
l 1767 2288
l 1767 1770
l 1768 1770
l 1768 2275
l 1768 2271
l 1770 2330
l 1770 2301
l 1771 2330
l 1771 2300
l 1772 1781
l 1773 2329
l 1773 2303
l 1773 1779
l 1773 2332
l 1774 1789
l 1774 2332
l 1774 1783
l 1775 2290
l 1775 1776
l 1775 2289
l 1775 1785
l 1776 1786
l 1776 1787
l 1777 1788
l 1777 1786
l 1777 1778
l 1777 1787
l 1778 1788
l 1778 1787
l 1779 2303
l 1780 1782
l 1780 1781
l 1783 1784
l 1783 2331
l 1783 2332
l 1783 1789
l 1784 2331
l 1784 2290
l 1784 2328
l 1785 2272
l 1785 2290
l 1785 2331
l 1786 1787
l 1786 1788
l 1787 1788
l 1789 2304
l 1789 2332
l 1789 2303
l 1790 2243
l 1790 1798
l 1790 2242
l 1790 2255
l 1791 2248
l 1791 4742
l 1791 2292
l 1791 1850
l 1791 1802
l 1791 4343
l 1791 4783
l 1791 4784
l 1791 4743
l 1792 1797
l 1792 2229
l 1792 2244
l 1792 2245
l 1793 2254
l 1793 1796
l 1793 1803
l 1793 2244
l 1794 2252
l 1794 1795
l 1794 1801
l 1794 2251
l 1794 1800
l 1795 2251
l 1795 2252
l 1795 2276
l 1795 2333
l 1796 2244
l 1796 2254
l 1796 2245
l 1797 2245
l 1797 2234
l 1797 2229
l 1797 2244
l 1797 2263
l 1797 2215
l 1798 2255
l 1798 2210
l 1798 2204
l 1798 2243
l 1798 2263
l 1799 2995
l 1799 2256
l 1799 2351
l 1799 2996
l 1799 4294
l 1799 2257
l 1800 1801
l 1800 2242
l 1800 2258
l 1801 2258
l 1801 2242
l 1801 2252
l 1802 4743
l 1802 4784
l 1802 2248
l 1802 3039
l 1802 4742
l 1802 1852
l 1802 2249
l 1803 2247
l 1803 1804
l 1803 2334
l 1803 2254
l 1804 2334
l 1804 2319
l 1804 2247
l 1804 2320
l 1804 1838
l 1805 2262
l 1805 2515
l 1805 4873
l 1805 2383
l 1805 2261
l 1806 2379
l 1806 2512
l 1806 1808
l 1806 1807
l 1806 1811
l 1807 2364
l 1808 1811
l 1808 4994
l 1808 4310
l 1808 2514
l 1808 2512
l 1808 2379
l 1809 1810
l 1809 3398
l 1811 2512
l 1811 4310
l 1811 4992
l 1811 4313
l 1811 4870
l 1811 2379
l 1811 4869
l 1812 2335
l 1812 2311
l 1812 2312
l 1812 1839
l 1813 1830
l 1814 1817
l 1814 2336
l 1814 1838
l 1815 1832
l 1815 1831
l 1815 1833
l 1815 1818
l 1816 2213
l 1816 2212
l 1816 2380
l 1816 2211
l 1816 2373
l 1816 2206
l 1816 2381
l 1816 1836
l 1817 2336
l 1817 2335
l 1818 2235
l 1818 1833
l 1818 1834
l 1818 1832
l 1819 1820
l 1819 2381
l 1819 2510
l 1819 2373
l 1819 1835
l 1819 2360
l 1819 2380
l 1820 2381
l 1820 1835
l 1820 2382
l 1820 2510
l 1820 2380
l 1820 1836
l 1820 2373
l 1821 1834
l 1821 2230
l 1821 2236
l 1821 2193
l 1821 2235
l 1823 2227
l 1823 1826
l 1823 2241
l 1823 1824
l 1824 2241
l 1824 2207
l 1824 2240
l 1824 1826
l 1824 2227
l 1824 2239
l 1825 2513
l 1825 2368
l 1825 2356
l 1825 2192
l 1826 2214
l 1826 2225
l 1826 2231
l 1827 2266
l 1827 4984
l 1827 2310
l 1828 2509
l 1828 2311
l 1828 4325
l 1828 1839
l 1829 1831
l 1829 1830
l 1829 1832
l 1830 1831
l 1830 1832
l 1830 1833
l 1831 1832
l 1832 1833
l 1833 1834
l 1833 2235
l 1834 2235
l 1834 2230
l 1835 1836
l 1835 2380
l 1835 2381
l 1835 2382
l 1835 2212
l 1835 2373
l 1836 2212
l 1836 2380
l 1836 2206
l 1836 2382
l 1836 2381
l 1836 2213
l 1837 2510
l 1837 2382
l 1837 4331
l 1837 4990
l 1837 2366
l 1837 4316
l 1838 2336
l 1838 1839
l 1838 2319
l 1838 2320
l 1839 2336
l 1839 2311
l 1839 2320
l 1840 4180
l 1840 4340
l 1840 4181
l 1840 4341
l 1840 4184
l 1840 1848
l 1840 2611
l 1841 1847
l 1841 4334
l 1841 2580
l 1841 2635
l 1841 2581
l 1842 4335
l 1842 2618
l 1842 2612
l 1842 2619
l 1842 2627
l 1843 2646
l 1843 2558
l 1843 2599
l 1843 2602
l 1843 2636
l 1844 2615
l 1844 4337
l 1844 2566
l 1844 2635
l 1845 2624
l 1845 2577
l 1846 2614
l 1846 4339
l 1846 2586
l 1846 2645
l 1846 4338
l 1847 2580
l 1847 2581
l 1847 4334
l 1847 2621
l 1847 2530
l 1848 4341
l 1848 4181
l 1848 4184
l 1849 2559
l 1849 2798
l 1849 4336
l 1849 2623
l 1849 2576
l 1849 3019
l 1849 2552
l 1850 4343
l 1850 2292
l 1850 4742
l 1850 2248
l 1850 4783
l 1850 3221
l 1850 4293
l 1851 4185
l 1851 4342
l 1851 4344
l 1851 4189
l 1851 2719
l 1852 2249
l 1852 3039
l 1852 4743
l 1852 4741
l 1852 4784
l 1852 4345
l 1852 2918
l 1853 1863
l 1853 1998
l 1853 1861
l 1853 2001
l 1853 2339
l 1853 1869
l 1853 1999
l 1853 2004
l 1853 1862
l 1853 2002
l 1854 2341
l 1854 2003
l 1854 2009
l 1854 2304
l 1854 2002
l 1854 2337
l 1854 2010
l 1854 2340
l 1855 2338
l 1855 1865
l 1855 1862
l 1855 1863
l 1855 1873
l 1855 1867
l 1855 2339
l 1855 1856
l 1855 2004
l 1855 1868
l 1856 1862
l 1856 2009
l 1856 2004
l 1856 2340
l 1856 2338
l 1856 2002
l 1856 1863
l 1856 2003
l 1856 1857
l 1857 1858
l 1857 2340
l 1857 2007
l 1857 2004
l 1857 2005
l 1857 2024
l 1857 1869
l 1857 1860
l 1857 1859
l 1858 2024
l 1858 1859
l 1858 2012
l 1858 2007
l 1858 1869
l 1858 1860
l 1858 1998
l 1858 1999
l 1858 2000
l 1859 2000
l 1859 1999
l 1859 1869
l 1859 1870
l 1859 2024
l 1859 2014
l 1859 2012
l 1859 1861
l 1859 2023
l 1860 2013
l 1860 2007
l 1860 2024
l 1860 2006
l 1860 2011
l 1860 2012
l 1861 2014
l 1861 1999
l 1861 1864
l 1861 2000
l 1861 1870
l 1861 1998
l 1861 1869
l 1861 2339
l 1862 1863
l 1862 2338
l 1862 2002
l 1862 1865
l 1862 2009
l 1862 2004
l 1862 2339
l 1863 1865
l 1863 2339
l 1863 2338
l 1863 2002
l 1863 2004
l 1863 2001
l 1864 2339
l 1864 1872
l 1864 1871
l 1864 1874
l 1864 1868
l 1864 1870
l 1864 1865
l 1864 2179
l 1864 2014
l 1865 2339
l 1865 1873
l 1865 1867
l 1865 2338
l 1865 1868
l 1865 1866
l 1865 1874
l 1866 2178
l 1866 1874
l 1866 1873
l 1866 2019
l 1866 1867
l 1866 2350
l 1866 2176
l 1866 2017
l 1866 2179
l 1867 1873
l 1867 1868
l 1867 1874
l 1867 2178
l 1867 2019
l 1867 2338
l 1867 2339
l 1868 1871
l 1868 2338
l 1868 1873
l 1868 2339
l 1868 1874
l 1868 1869
l 1869 1870
l 1869 2004
l 1869 2338
l 1869 1999
l 1870 2023
l 1870 2014
l 1870 1871
l 1870 2000
l 1870 1872
l 1870 2184
l 1870 2015
l 1871 2180
l 1871 2179
l 1871 1872
l 1871 1874
l 1871 2017
l 1871 2185
l 1871 2184
l 1872 2016
l 1872 2184
l 1872 2014
l 1872 2015
l 1872 2020
l 1872 2023
l 1872 2180
l 1873 1874
l 1873 2178
l 1873 2019
l 1873 2339
l 1873 2338
l 1874 2019
l 1874 2178
l 1874 2179
l 1874 2017
l 1874 2350
l 1875 1989
l 1875 1987
l 1875 1894
l 1875 1933
l 1875 1932
l 1875 1928
l 1875 1921
l 1875 1931
l 1875 1918
l 1875 1968
l 1876 1957
l 1876 1976
l 1876 1907
l 1876 1914
l 1876 1962
l 1876 1978
l 1876 1879
l 1876 1883
l 1876 1910
l 1876 1912
l 1877 1941
l 1877 1949
l 1877 1997
l 1877 1948
l 1877 1904
l 1877 1954
l 1877 1955
l 1877 1993
l 1877 1906
l 1877 1905
l 1878 1946
l 1878 1970
l 1878 1900
l 1878 1937
l 1878 1973
l 1878 1935
l 1878 1991
l 1878 1938
l 1878 1892
l 1878 1969
l 1879 1978
l 1879 1883
l 1879 1962
l 1879 1889
l 1879 1961
l 1879 1965
l 1879 1885
l 1879 1914
l 1879 1985
l 1879 1912
l 1880 1960
l 1880 1910
l 1880 1912
l 1880 1962
l 1880 1914
l 1880 1957
l 1880 1978
l 1880 1885
l 1881 1882
l 1881 1908
l 1881 2174
l 1881 1911
l 1881 2171
l 1881 1909
l 1881 1913
l 1881 1929
l 1881 2153
l 1881 1982
l 1882 2174
l 1882 1911
l 1882 1908
l 1882 1909
l 1882 2171
l 1882 1913
l 1882 1982
l 1882 1929
l 1882 2153
l 1883 1978
l 1883 1889
l 1883 1965
l 1883 1961
l 1883 1885
l 1883 1985
l 1883 1891
l 1883 1919
l 1883 1922
l 1884 1980
l 1884 1915
l 1884 1924
l 1884 1979
l 1884 1888
l 1884 1890
l 1884 1926
l 1884 1917
l 1884 1925
l 1884 1984
l 1885 1961
l 1885 1965
l 1885 1889
l 1885 1966
l 1885 1925
l 1885 1891
l 1885 1912
l 1885 1922
l 1886 1963
l 1886 1964
l 1886 1888
l 1886 1887
l 1886 1916
l 1886 1917
l 1886 1984
l 1886 1924
l 1886 1890
l 1886 1925
l 1887 1964
l 1887 1916
l 1887 1963
l 1887 1981
l 1887 1966
l 1887 1925
l 1887 1922
l 1887 1891
l 1887 1958
l 1888 1924
l 1888 1917
l 1888 1963
l 1888 1984
l 1888 1980
l 1888 1915
l 1888 1890
l 1888 1926
l 1889 1965
l 1889 1985
l 1889 1891
l 1889 1922
l 1889 1919
l 1889 1966
l 1889 1958
l 1889 1961
l 1890 1925
l 1890 1915
l 1890 1966
l 1890 1963
l 1890 1891
l 1890 1964
l 1890 1922
l 1891 1922
l 1891 1966
l 1891 1965
l 1891 1919
l 1891 1985
l 1891 1958
l 1891 1981
l 1891 1925
l 1892 1969
l 1892 1893
l 1892 1930
l 1892 1896
l 1892 1946
l 1892 1970
l 1892 1937
l 1892 1967
l 1892 1935
l 1893 1969
l 1893 1896
l 1893 1967
l 1893 1936
l 1893 1895
l 1893 1930
l 1893 1988
l 1893 1946
l 1894 1987
l 1894 1989
l 1894 1933
l 1894 1932
l 1894 1921
l 1894 1928
l 1894 1918
l 1894 1983
l 1894 1988
l 1895 1936
l 1895 1988
l 1895 1928
l 1895 1896
l 1895 1918
l 1895 1967
l 1895 1983
l 1895 1927
l 1896 1936
l 1896 1967
l 1896 1988
l 1896 1969
l 1896 1928
l 1896 1918
l 1896 1927
l 1897 1994
l 1897 1950
l 1897 1899
l 1897 1901
l 1897 1945
l 1897 1934
l 1897 1902
l 1897 1991
l 1897 1938
l 1897 1939
l 1898 1940
l 1898 1972
l 1898 1947
l 1898 1971
l 1898 1993
l 1898 1902
l 1898 1949
l 1898 1941
l 1898 1939
l 1899 1950
l 1899 1902
l 1899 1934
l 1899 1945
l 1899 1994
l 1899 1939
l 1899 1901
l 1899 1971
l 1899 1972
l 1900 1937
l 1900 1970
l 1900 1946
l 1900 1973
l 1900 1935
l 1900 1991
l 1900 1938
l 1900 1990
l 1900 1901
l 1901 1994
l 1901 1945
l 1901 1991
l 1901 1938
l 1901 1934
l 1901 1973
l 1901 1990
l 1901 1950
l 1902 1950
l 1902 1971
l 1902 1972
l 1902 1940
l 1902 1934
l 1902 1939
l 1902 1945
l 1903 2162
l 1903 2157
l 1903 2159
l 1903 2156
l 1903 1956
l 1903 1974
l 1903 1951
l 1903 1953
l 1903 1944
l 1903 2158
l 1904 1955
l 1904 1948
l 1904 1954
l 1904 1997
l 1904 1941
l 1904 1905
l 1904 1949
l 1904 1975
l 1904 1906
l 1905 1975
l 1905 1955
l 1905 1943
l 1905 1942
l 1905 1992
l 1905 1954
l 1905 1948
l 1905 1997
l 1906 1997
l 1906 1955
l 1906 1948
l 1906 1943
l 1906 1975
l 1906 1949
l 1906 1941
l 1907 1976
l 1907 1957
l 1907 1914
l 1907 1962
l 1907 1978
l 1907 1910
l 1907 1960
l 1908 1911
l 1908 2174
l 1908 1913
l 1908 2171
l 1908 1929
l 1908 2173
l 1908 2153
l 1908 1977
l 1909 1920
l 1909 1982
l 1909 1923
l 1909 1930
l 1909 1986
l 1909 1967
l 1909 1959
l 1910 1960
l 1910 1962
l 1910 1912
l 1910 1914
l 1910 1957
l 1910 1976
l 1911 2174
l 1911 1913
l 1911 2171
l 1911 1929
l 1911 2173
l 1911 2153
l 1911 1977
l 1912 1961
l 1912 1962
l 1912 1978
l 1912 1960
l 1912 1965
l 1912 1966
l 1913 2171
l 1913 2174
l 1913 2173
l 1913 1929
l 1913 2153
l 1913 1977
l 1913 1947
l 1914 1957
l 1914 1962
l 1914 1978
l 1914 1976
l 1915 1980
l 1915 1925
l 1915 1924
l 1915 1963
l 1915 1966
l 1916 1964
l 1916 1981
l 1916 1958
l 1916 1919
l 1916 1922
l 1916 1963
l 1916 1966
l 1917 1984
l 1917 1924
l 1917 1926
l 1917 1963
l 1917 1968
l 1917 1931
l 1917 1979
l 1917 1980
l 1918 1988
l 1918 1928
l 1918 1927
l 1918 1983
l 1918 1936
l 1918 1933
l 1918 1921
l 1919 1958
l 1919 1985
l 1919 1922
l 1919 1981
l 1919 1966
l 1919 1965
l 1920 1982
l 1920 1930
l 1920 1923
l 1920 1967
l 1920 1986
l 1920 1969
l 1921 1933
l 1921 1987
l 1921 1932
l 1921 1983
l 1921 1989
l 1921 1927
l 1921 1968
l 1922 1985
l 1922 1958
l 1922 1966
l 1922 1981
l 1922 1965
l 1922 1925
l 1923 1986
l 1923 1959
l 1923 1983
l 1923 1927
l 1923 1967
l 1923 1988
l 1924 1926
l 1924 1984
l 1924 1980
l 1924 1979
l 1924 1963
l 1925 1966
l 1925 1965
l 1925 1964
l 1925 1963
l 1926 1984
l 1926 1979
l 1926 1980
l 1926 1968
l 1927 1983
l 1927 1986
l 1927 1988
l 1927 1967
l 1927 1928
l 1927 1933
l 1928 1988
l 1928 1936
l 1928 1987
l 1928 1989
l 1928 1933
l 1928 1983
l 1929 2171
l 1929 2153
l 1929 1947
l 1929 2174
l 1929 1939
l 1929 1972
l 1929 1934
l 1929 1940
l 1930 1982
l 1930 1969
l 1930 1935
l 1930 1937
l 1930 1970
l 1930 1946
l 1931 1968
l 1931 1932
l 1931 1984
l 1931 1989
l 1931 1987
l 1931 1933
l 1932 1933
l 1932 1987
l 1932 1989
l 1932 1968
l 1932 1984
l 1933 1987
l 1933 1989
l 1933 1968
l 1934 1945
l 1934 1939
l 1934 1994
l 1934 1950
l 1934 1990
l 1934 1938
l 1935 1937
l 1935 1970
l 1935 1946
l 1935 1973
l 1935 1938
l 1935 1990
l 1935 1991
l 1936 1988
l 1936 1967
l 1936 1983
l 1937 1970
l 1937 1946
l 1937 1973
l 1937 1938
l 1937 1991
l 1937 1990
l 1938 1991
l 1938 1973
l 1938 1990
l 1938 1994
l 1938 1945
l 1938 1970
l 1939 1950
l 1939 1945
l 1939 2153
l 1939 1994
l 1939 1947
l 1939 1990
l 1940 1972
l 1940 1971
l 1940 1993
l 1940 1947
l 1940 1949
l 1940 1950
l 1940 1941
l 1941 1949
l 1941 1948
l 1941 1954
l 1941 1997
l 1941 1993
l 1941 1955
l 1941 2152
l 1942 1943
l 1942 2154
l 1942 1995
l 1942 1975
l 1942 1952
l 1942 2160
l 1942 2155
l 1942 1992
l 1942 1955
l 1943 1975
l 1943 1955
l 1943 2154
l 1943 1995
l 1943 1952
l 1943 2160
l 1943 1992
l 1944 2151
l 1944 2156
l 1944 2157
l 1944 2162
l 1944 2165
l 1944 2036
l 1944 2159
l 1944 1953
l 1944 2038
l 1945 1994
l 1945 1990
l 1945 1991
l 1945 1950
l 1946 1970
l 1946 1973
l 1946 1991
l 1946 1969
l 1947 1972
l 1947 2153
l 1947 1971
l 1947 1993
l 1947 2171
l 1948 1954
l 1948 1997
l 1948 1955
l 1948 1949
l 1948 1975
l 1948 2152
l 1949 1993
l 1949 1997
l 1949 1954
l 1949 1955
l 1950 1994
l 1950 1971
l 1950 1972
l 1951 2159
l 1951 2162
l 1951 2157
l 1951 2158
l 1951 1996
l 1951 1974
l 1951 2038
l 1951 2156
l 1951 1956
l 1952 1995
l 1952 2154
l 1952 2160
l 1952 1953
l 1952 1956
l 1952 2155
l 1952 1974
l 1952 2156
l 1953 1956
l 1953 2156
l 1953 1995
l 1953 2154
l 1953 2160
l 1953 1974
l 1953 2155
l 1953 2157
l 1954 1955
l 1954 1997
l 1954 2152
l 1954 1992
l 1955 1975
l 1955 1997
l 1956 1974
l 1956 2156
l 1956 2157
l 1956 2160
l 1956 1995
l 1956 2154
l 1956 2162
l 1957 1962
l 1957 1978
l 1957 1976
l 1958 1981
l 1958 1985
l 1958 1966
l 1958 1965
l 1959 1986
l 1959 1983
l 1959 1979
l 1959 1980
l 1960 1962
l 1960 1978
l 1960 1961
l 1961 1965
l 1961 1966
l 1962 1978
l 1963 1964
l 1963 1966
l 1963 1981
l 1964 1981
l 1964 1966
l 1965 1966
l 1965 1985
l 1966 1985
l 1966 1981
l 1967 1988
l 1967 1983
l 1967 1986
l 1968 1984
l 1968 1989
l 1968 1987
l 1969 1970
l 1970 1973
l 1970 1991
l 1970 1990
l 1971 1972
l 1971 1993
l 1972 1993
l 1973 1991
l 1973 1990
l 1974 2157
l 1974 2156
l 1974 2160
l 1974 2162
l 1974 1995
l 1974 2154
l 1975 1992
l 1975 2155
l 1975 2154
l 1976 1978
l 1977 2175
l 1977 2173
l 1977 2169
l 1977 2172
l 1977 2150
l 1977 2167
l 1977 2152
l 1978 1985
l 1979 1980
l 1979 1984
l 1981 1985
l 1983 1986
l 1983 1988
l 1986 1988
l 1987 1989
l 1990 1991
l 1990 1994
l 1991 1994
l 1992 2167
l 1992 2152
l 1992 2155
l 1993 1997
l 1995 2154
l 1995 2160
l 1995 2155
l 1996 2158
l 1996 2165
l 1996 2038
l 1996 2159
l 1996 2162
l 1996 2164
l 1996 2157
l 1996 2161
l 1998 2012
l 1998 1999
l 1998 2008
l 1998 2024
l 1998 2011
l 1998 2000
l 1999 2000
l 1999 2014
l 1999 2012
l 1999 2024
l 2000 2014
l 2000 2023
l 2000 2012
l 2000 2015
l 2000 2024
l 2001 2002
l 2001 2008
l 2001 2010
l 2001 2341
l 2001 2009
l 2002 2009
l 2002 2341
l 2002 2003
l 2002 2340
l 2002 2004
l 2003 2009
l 2003 2340
l 2003 2337
l 2003 2005
l 2003 2341
l 2004 2338
l 2004 2340
l 2005 2007
l 2005 2340
l 2005 2337
l 2005 2006
l 2006 2007
l 2006 2013
l 2007 2024
l 2007 2013
l 2007 2012
l 2007 2011
l 2007 2340
l 2008 2011
l 2008 2010
l 2008 2012
l 2008 2013
l 2008 2024
l 2008 2341
l 2009 2340
l 2009 2341
l 2010 2341
l 2010 2011
l 2011 2013
l 2011 2012
l 2011 2024
l 2012 2024
l 2012 2013
l 2013 2024
l 2014 2023
l 2014 2015
l 2014 2016
l 2015 2016
l 2015 2023
l 2015 2184
l 2015 2186
l 2015 2020
l 2015 2021
l 2016 2023
l 2016 2184
l 2016 2020
l 2016 2021
l 2016 2186
l 2017 2019
l 2017 2350
l 2017 2179
l 2017 2178
l 2017 2176
l 2017 2116
l 2017 2018
l 2017 2177
l 2018 2177
l 2018 2347
l 2018 2110
l 2018 2176
l 2018 2111
l 2018 2350
l 2018 2115
l 2018 2113
l 2018 2019
l 2019 2178
l 2019 2350
l 2019 2176
l 2019 2177
l 2019 2179
l 2020 2184
l 2020 2021
l 2020 2186
l 2020 2185
l 2020 2180
l 2020 2022
l 2020 2107
l 2021 2186
l 2021 2022
l 2021 2107
l 2021 2184
l 2021 2182
l 2021 2106
l 2021 2185
l 2022 2186
l 2022 2107
l 2022 2182
l 2022 2106
l 2022 2105
l 2022 2184
l 2023 2184
l 2025 2170
l 2025 2026
l 2025 2036
l 2025 2149
l 2025 2151
l 2025 2028
l 2025 2033
l 2025 2168
l 2025 2172
l 2026 2170
l 2026 2036
l 2026 2028
l 2026 2033
l 2026 2168
l 2026 2035
l 2026 2149
l 2026 2034
l 2027 2043
l 2027 2029
l 2027 2073
l 2027 2117
l 2027 2118
l 2027 2166
l 2027 2074
l 2027 2031
l 2027 2034
l 2027 2039
l 2028 2033
l 2028 2168
l 2028 2170
l 2028 2036
l 2028 2035
l 2028 2034
l 2028 2073
l 2028 2165
l 2029 2166
l 2029 2118
l 2029 2041
l 2029 2039
l 2029 2117
l 2029 2161
l 2029 2163
l 2029 2034
l 2029 2031
l 2030 2032
l 2030 2042
l 2030 2037
l 2030 2121
l 2030 2031
l 2030 2163
l 2030 2049
l 2030 2123
l 2030 2120
l 2030 2040
l 2031 2163
l 2031 2032
l 2031 2044
l 2031 2040
l 2031 2042
l 2031 2083
l 2031 2074
l 2032 2042
l 2032 2121
l 2032 2037
l 2032 2163
l 2032 2040
l 2032 2123
l 2032 2120
l 2032 2049
l 2033 2036
l 2033 2034
l 2033 2170
l 2033 2168
l 2033 2035
l 2033 2073
l 2033 2161
l 2034 2073
l 2034 2035
l 2034 2118
l 2034 2117
l 2034 2168
l 2034 2041
l 2035 2168
l 2035 2161
l 2035 2036
l 2035 2165
l 2035 2038
l 2035 2041
l 2035 2164
l 2036 2170
l 2036 2168
l 2036 2151
l 2036 2165
l 2037 2123
l 2037 2049
l 2037 2042
l 2037 2121
l 2037 2092
l 2037 2120
l 2037 2163
l 2037 2122
l 2038 2158
l 2038 2165
l 2038 2159
l 2038 2162
l 2038 2157
l 2039 2166
l 2039 2041
l 2039 2118
l 2039 2040
l 2039 2163
l 2039 2161
l 2039 2164
l 2039 2117
l 2039 2042
l 2040 2163
l 2040 2042
l 2040 2121
l 2040 2166
l 2040 2118
l 2041 2161
l 2041 2166
l 2041 2164
l 2041 2118
l 2042 2121
l 2042 2163
l 2042 2123
l 2042 2120
l 2042 2049
l 2043 2074
l 2043 2073
l 2043 2117
l 2043 2044
l 2043 2118
l 2043 2083
l 2044 2046
l 2044 2080
l 2044 2077
l 2044 2083
l 2044 2045
l 2044 2074
l 2044 2081
l 2045 2046
l 2045 2047
l 2045 2049
l 2045 2051
l 2045 2080
l 2045 2129
l 2045 2077
l 2046 2077
l 2046 2080
l 2046 2081
l 2046 2075
l 2046 2083
l 2046 2051
l 2047 2049
l 2047 2048
l 2047 2092
l 2047 2051
l 2047 2053
l 2047 2122
l 2047 2123
l 2047 2129
l 2048 2125
l 2048 2119
l 2048 2122
l 2048 2094
l 2048 2053
l 2048 2092
l 2048 2093
l 2048 2128
l 2048 2049
l 2049 2092
l 2049 2123
l 2049 2122
l 2049 2120
l 2049 2121
l 2050 2082
l 2050 2085
l 2050 2051
l 2050 2054
l 2050 2053
l 2050 2181
l 2050 2091
l 2050 2076
l 2050 2084
l 2050 2079
l 2051 2053
l 2051 2075
l 2051 2084
l 2051 2081
l 2051 2082
l 2052 2134
l 2052 2054
l 2052 2130
l 2052 2124
l 2052 2132
l 2052 2093
l 2052 2133
l 2052 2127
l 2052 2055
l 2052 2094
l 2053 2093
l 2053 2128
l 2053 2094
l 2053 2119
l 2053 2124
l 2053 2125
l 2054 2093
l 2054 2085
l 2054 2134
l 2054 2124
l 2054 2130
l 2054 2128
l 2054 2135
l 2055 2095
l 2055 2130
l 2055 2131
l 2055 2135
l 2055 2059
l 2055 2134
l 2055 2133
l 2055 2057
l 2056 2146
l 2056 2087
l 2056 2098
l 2056 2102
l 2056 2103
l 2056 2142
l 2056 2144
l 2056 2141
l 2056 2143
l 2056 2072
l 2057 2104
l 2057 2136
l 2057 2096
l 2057 2060
l 2057 2137
l 2057 2095
l 2057 2138
l 2057 2097
l 2057 2059
l 2058 2086
l 2058 2346
l 2058 2062
l 2058 2344
l 2058 2097
l 2058 2087
l 2058 2104
l 2058 2060
l 2059 2135
l 2059 2089
l 2059 2181
l 2059 2095
l 2059 2060
l 2059 2104
l 2060 2104
l 2060 2088
l 2060 2089
l 2060 2086
l 2060 2061
l 2060 2183
l 2060 2135
l 2061 2345
l 2061 2088
l 2061 2115
l 2061 2344
l 2061 2086
l 2061 2066
l 2061 2062
l 2061 2109
l 2061 2070
l 2062 2344
l 2062 2071
l 2062 2087
l 2062 2066
l 2062 2072
l 2062 2086
l 2062 2343
l 2062 2067
l 2062 2069
l 2063 2064
l 2063 2065
l 2063 2101
l 2063 2145
l 2063 2100
l 2063 2148
l 2063 2342
l 2063 2343
l 2063 2348
l 2063 2102
l 2064 2065
l 2064 2101
l 2064 2145
l 2064 2102
l 2064 2343
l 2064 2100
l 2064 2148
l 2064 2342
l 2064 2348
l 2065 2101
l 2065 2343
l 2065 2145
l 2065 2100
l 2065 2148
l 2065 2102
l 2065 2069
l 2065 2072
l 2066 2070
l 2066 2071
l 2066 2114
l 2066 2112
l 2066 2068
l 2066 2344
l 2066 2113
l 2066 2067
l 2066 2345
l 2067 2069
l 2067 2068
l 2067 2071
l 2067 2072
l 2067 2343
l 2068 2069
l 2068 2071
l 2068 2072
l 2068 2114
l 2068 2343
l 2068 2070
l 2069 2072
l 2069 2343
l 2069 2071
l 2069 2102
l 2070 2114
l 2070 2112
l 2070 2113
l 2070 2345
l 2070 2071
l 2070 2111
l 2070 2115
l 2070 2344
l 2071 2344
l 2071 2072
l 2071 2114
l 2071 2087
l 2072 2343
l 2072 2102
l 2072 2087
l 2073 2074
l 2073 2117
l 2073 2118
l 2074 2117
l 2074 2083
l 2074 2118
l 2074 2080
l 2075 2078
l 2075 2079
l 2075 2077
l 2075 2081
l 2075 2082
l 2075 2080
l 2075 2076
l 2076 2090
l 2076 2079
l 2076 2105
l 2076 2078
l 2076 2082
l 2076 2106
l 2076 2091
l 2076 2181
l 2077 2080
l 2077 2081
l 2077 2078
l 2077 2083
l 2077 2079
l 2078 2079
l 2078 2082
l 2078 2081
l 2078 2080
l 2078 2090
l 2079 2082
l 2079 2090
l 2079 2081
l 2079 2080
l 2080 2081
l 2080 2083
l 2080 2129
l 2081 2084
l 2081 2083
l 2081 2129
l 2081 2082
l 2082 2084
l 2082 2085
l 2082 2091
l 2082 2090
l 2083 2129
l 2083 2117
l 2083 2084
l 2084 2129
l 2084 2128
l 2084 2085
l 2085 2128
l 2085 2091
l 2085 2093
l 2085 2135
l 2086 2344
l 2086 2346
l 2086 2087
l 2086 2097
l 2086 2104
l 2087 2146
l 2087 2102
l 2087 2343
l 2087 2346
l 2087 2344
l 2087 2103
l 2088 2089
l 2088 2345
l 2088 2109
l 2088 2183
l 2088 2116
l 2088 2344
l 2088 2104
l 2089 2183
l 2089 2135
l 2089 2104
l 2089 2181
l 2089 2091
l 2089 2108
l 2090 2105
l 2090 2106
l 2090 2091
l 2090 2182
l 2090 2181
l 2090 2107
l 2091 2181
l 2091 2135
l 2092 2122
l 2092 2123
l 2092 2125
l 2092 2119
l 2092 2120
l 2092 2121
l 2093 2094
l 2093 2124
l 2093 2126
l 2093 2127
l 2093 2128
l 2093 2132
l 2094 2126
l 2094 2127
l 2094 2124
l 2094 2125
l 2094 2119
l 2094 2128
l 2094 2132
l 2095 2131
l 2095 2130
l 2095 2136
l 2095 2133
l 2095 2096
l 2095 2137
l 2095 2138
l 2095 2134
l 2096 2137
l 2096 2136
l 2096 2138
l 2096 2104
l 2096 2139
l 2096 2097
l 2096 2140
l 2096 2346
l 2097 2346
l 2097 2139
l 2097 2143
l 2097 2140
l 2097 2098
l 2097 2146
l 2098 2141
l 2098 2143
l 2098 2146
l 2098 2142
l 2098 2140
l 2098 2144
l 2098 2139
l 2098 2103
l 2099 2147
l 2099 2348
l 2099 2349
l 2099 2342
l 2099 2148
l 2099 2100
l 2099 2145
l 2099 2103
l 2099 2144
l 2099 2101
l 2100 2148
l 2100 2145
l 2100 2348
l 2100 2101
l 2100 2342
l 2100 2147
l 2100 2103
l 2101 2145
l 2101 2148
l 2101 2348
l 2101 2147
l 2101 2342
l 2102 2103
l 2102 2343
l 2102 2342
l 2102 2145
l 2102 2146
l 2103 2342
l 2103 2144
l 2103 2142
l 2103 2349
l 2103 2145
l 2103 2147
l 2103 2348
l 2103 2146
l 2104 2136
l 2104 2346
l 2104 2137
l 2104 2135
l 2105 2106
l 2105 2107
l 2105 2182
l 2105 2186
l 2106 2107
l 2106 2182
l 2106 2186
l 2107 2182
l 2107 2186
l 2107 2108
l 2107 2185
l 2108 2183
l 2108 2182
l 2108 2185
l 2108 2180
l 2108 2181
l 2109 2116
l 2109 2179
l 2109 2347
l 2109 2180
l 2109 2115
l 2109 2345
l 2109 2183
l 2110 2111
l 2110 2347
l 2110 2177
l 2110 2113
l 2110 2115
l 2110 2176
l 2110 2112
l 2110 2350
l 2110 2345
l 2111 2113
l 2111 2347
l 2111 2115
l 2111 2112
l 2111 2177
l 2111 2114
l 2111 2345
l 2112 2114
l 2112 2113
l 2112 2345
l 2112 2115
l 2112 2347
l 2113 2114
l 2113 2115
l 2113 2345
l 2113 2347
l 2114 2345
l 2114 2115
l 2115 2347
l 2115 2345
l 2115 2177
l 2116 2179
l 2116 2180
l 2116 2185
l 2116 2347
l 2116 2183
l 2116 2350
l 2117 2118
l 2117 2166
l 2118 2166
l 2118 2163
l 2119 2125
l 2119 2122
l 2119 2128
l 2119 2126
l 2119 2127
l 2120 2121
l 2120 2129
l 2120 2123
l 2121 2123
l 2121 2163
l 2122 2125
l 2122 2123
l 2124 2127
l 2124 2126
l 2124 2132
l 2124 2134
l 2124 2130
l 2124 2133
l 2125 2126
l 2125 2127
l 2125 2128
l 2126 2127
l 2126 2132
l 2126 2128
l 2127 2132
l 2127 2134
l 2127 2128
l 2128 2129
l 2130 2133
l 2130 2134
l 2130 2131
l 2130 2132
l 2131 2133
l 2131 2134
l 2131 2132
l 2131 2136
l 2131 2137
l 2132 2133
l 2132 2134
l 2133 2134
l 2136 2137
l 2136 2138
l 2136 2139
l 2136 2346
l 2137 2138
l 2137 2139
l 2137 2140
l 2137 2346
l 2138 2139
l 2138 2140
l 2138 2346
l 2138 2143
l 2139 2140
l 2139 2143
l 2139 2346
l 2139 2141
l 2140 2143
l 2140 2346
l 2140 2141
l 2140 2146
l 2141 2142
l 2141 2144
l 2141 2143
l 2141 2146
l 2141 2349
l 2141 2342
l 2142 2144
l 2142 2349
l 2142 2146
l 2142 2342
l 2142 2147
l 2143 2346
l 2143 2146
l 2143 2144
l 2144 2349
l 2144 2342
l 2144 2147
l 2144 2146
l 2145 2148
l 2145 2342
l 2145 2348
l 2145 2147
l 2147 2348
l 2147 2349
l 2147 2342
l 2147 2148
l 2148 2348
l 2148 2342
l 2149 2172
l 2149 2150
l 2149 2151
l 2149 2169
l 2149 2175
l 2149 2170
l 2150 2172
l 2150 2169
l 2150 2151
l 2150 2167
l 2150 2175
l 2150 2155
l 2150 2173
l 2151 2156
l 2151 2172
l 2151 2169
l 2151 2155
l 2151 2157
l 2152 2167
l 2153 2171
l 2153 2174
l 2154 2160
l 2154 2155
l 2155 2167
l 2156 2157
l 2156 2162
l 2156 2159
l 2156 2160
l 2157 2162
l 2157 2159
l 2157 2160
l 2158 2165
l 2158 2159
l 2158 2162
l 2158 2164
l 2159 2162
l 2161 2164
l 2161 2166
l 2161 2168
l 2161 2165
l 2163 2166
l 2164 2166
l 2164 2165
l 2165 2168
l 2168 2170
l 2169 2172
l 2169 2175
l 2169 2173
l 2171 2174
l 2172 2175
l 2172 2173
l 2173 2175
l 2176 2177
l 2176 2350
l 2176 2178
l 2176 2347
l 2177 2350
l 2177 2347
l 2177 2178
l 2178 2350
l 2178 2179
l 2179 2350
l 2179 2180
l 2180 2185
l 2180 2184
l 2181 2183
l 2182 2186
l 2183 2185
l 2184 2185
l 2184 2186
l 2187 3397
l 2187 3014
l 2187 2798
l 2187 2794
l 2187 2623
l 2188 4677
l 2188 2370
l 2188 3014
l 2188 4043
l 2188 4797
l 2188 4131
l 2188 4105
l 2188 2508
l 2189 2190
l 2189 2238
l 2189 2191
l 2189 2237
l 2190 2237
l 2190 2191
l 2190 2223
l 2190 2238
l 2191 2223
l 2191 2238
l 2191 2237
l 2191 2198
l 2191 2199
l 2192 2374
l 2192 2360
l 2192 2356
l 2192 2193
l 2193 2236
l 2193 2211
l 2193 2231
l 2193 2235
l 2194 2195
l 2194 2205
l 2194 2210
l 2194 2209
l 2195 2209
l 2195 2208
l 2196 2204
l 2196 2206
l 2196 2215
l 2196 2213
l 2196 2212
l 2196 2230
l 2197 2208
l 2197 2209
l 2198 2203
l 2198 2224
l 2198 2223
l 2198 2200
l 2198 2220
l 2199 2238
l 2200 2203
l 2200 2224
l 2200 2220
l 2200 2202
l 2201 2219
l 2201 2218
l 2201 2226
l 2201 2233
l 2202 2203
l 2203 2224
l 2203 2220
l 2204 2234
l 2204 2263
l 2204 2215
l 2204 2210
l 2204 2255
l 2205 2210
l 2205 2263
l 2205 2255
l 2206 2212
l 2206 2213
l 2206 2380
l 2207 2240
l 2207 2357
l 2207 2503
l 2207 2368
l 2207 2241
l 2208 2209
l 2210 2255
l 2210 2263
l 2210 2243
l 2211 2236
l 2211 2213
l 2211 2374
l 2211 2373
l 2212 2380
l 2212 2213
l 2212 2381
l 2212 2373
l 2213 2380
l 2213 2236
l 2214 2231
l 2214 2225
l 2214 2235
l 2215 2230
l 2215 2229
l 2215 2236
l 2215 2234
l 2216 2217
l 2216 2228
l 2216 2232
l 2217 2232
l 2218 2232
l 2218 2233
l 2218 2219
l 2219 2233
l 2219 2226
l 2220 2224
l 2220 2226
l 2220 2221
l 2221 2222
l 2221 2223
l 2221 2224
l 2221 2237
l 2223 2237
l 2223 2224
l 2225 2231
l 2225 2235
l 2227 2241
l 2227 2239
l 2227 2461
l 2227 2240
l 2229 2230
l 2230 2236
l 2231 2235
l 2232 2233
l 2234 2263
l 2234 2245
l 2239 2461
l 2239 2241
l 2239 2240
l 2239 2430
l 2239 2435
l 2239 2405
l 2240 2503
l 2240 2241
l 2240 2430
l 2240 2461
l 2241 2461
l 2242 2258
l 2242 2243
l 2243 2255
l 2243 2258
l 2244 2245
l 2246 3218
l 2246 3213
l 2246 3200
l 2246 4752
l 2246 3219
l 2246 3045
l 2247 2334
l 2247 2318
l 2247 2261
l 2248 4742
l 2248 2292
l 2248 4783
l 2248 4343
l 2248 4784
l 2248 4743
l 2249 3039
l 2249 4743
l 2249 4741
l 2249 4784
l 2249 4345
l 2249 2918
l 2250 4753
l 2250 2917
l 2250 2919
l 2250 2260
l 2250 4303
l 2250 2916
l 2250 3216
l 2250 3217
l 2251 2252
l 2251 2352
l 2251 2333
l 2251 2253
l 2251 2273
l 2252 2253
l 2252 2352
l 2253 2352
l 2253 2333
l 2255 2258
l 2256 2257
l 2256 3036
l 2256 2291
l 2256 4294
l 2256 4749
l 2256 2971
l 2257 3036
l 2257 2971
l 2257 4749
l 2257 4294
l 2257 4293
l 2257 2291
l 2259 4345
l 2259 2918
l 2259 4741
l 2259 4303
l 2259 3216
l 2259 2919
l 2260 2916
l 2260 3215
l 2260 4753
l 2260 4752
l 2260 3217
l 2261 2318
l 2261 2262
l 2261 2334
l 2262 2383
l 2262 2318
l 2264 2294
l 2264 2306
l 2265 2318
l 2265 2267
l 2266 2312
l 2266 2335
l 2268 2327
l 2268 2274
l 2269 2270
l 2269 2274
l 2270 2274
l 2272 2331
l 2273 2333
l 2273 2293
l 2273 2276
l 2273 2352
l 2276 2277
l 2276 2333
l 2276 2293
l 2277 2965
l 2277 4768
l 2277 4313
l 2278 2464
l 2278 2462
l 2278 2439
l 2279 2284
l 2279 2280
l 2279 2291
l 2279 2283
l 2279 4773
l 2279 3038
l 2280 2291
l 2280 2282
l 2280 2281
l 2280 3036
l 2281 2282
l 2281 2351
l 2281 2352
l 2282 2283
l 2282 2284
l 2283 2284
l 2283 2323
l 2284 4777
l 2284 3038
l 2284 4776
l 2284 2323
l 2285 2286
l 2285 2322
l 2285 2325
l 2286 2322
l 2287 2327
l 2287 2326
l 2288 2328
l 2288 2289
l 2289 2290
l 2289 2328
l 2289 2331
l 2290 2331
l 2291 3221
l 2291 3036
l 2291 4293
l 2291 2971
l 2291 2292
l 2292 4742
l 2292 4343
l 2292 4783
l 2292 3221
l 2293 2333
l 2293 2352
l 2293 2351
l 2294 2306
l 2294 2419
l 2295 2321
l 2295 2322
l 2296 2297
l 2297 2298
l 2298 2299
l 2298 2300
l 2299 2300
l 2301 2302
l 2301 2330
l 2302 2329
l 2303 2332
l 2303 2329
l 2304 2341
l 2305 2464
l 2305 2371
l 2306 2419
l 2306 2413
l 2306 2415
l 2307 2317
l 2309 2439
l 2309 2463
l 2310 2507
l 2310 4987
l 2311 2336
l 2311 2335
l 2312 2335
l 2313 2489
l 2313 2474
l 2313 2475
l 2314 2317
l 2315 2316
l 2318 2334
l 2319 2320
l 2319 2336
l 2320 2336
l 2321 2322
l 2323 2324
l 2323 4813
l 2323 4232
l 2323 4233
l 2324 2325
l 2324 4813
l 2324 4232
l 2325 4816
l 2326 2327
l 2333 2352
l 2337 2340
l 2338 2339
l 2342 2348
l 2342 2349
l 2344 2345
l 2345 2347
l 2347 2350
l 2348 2349
l 2351 2352
l 2353 2402
l 2353 2499
l 2353 2404
l 2353 2491
l 2353 2362
l 2353 2403
l 2354 2440
l 2354 2418
l 2354 2355
l 2354 2375
l 2355 2375
l 2355 2440
l 2355 2371
l 2356 2360
l 2356 2504
l 2356 2374
l 2357 2503
l 2357 2368
l 2357 2369
l 2358 2359
l 2358 2408
l 2358 2372
l 2358 2363
l 2359 2408
l 2359 2405
l 2359 2430
l 2360 2374
l 2360 2373
l 2360 2381
l 2361 2366
l 2361 2364
l 2361 2514
l 2362 2402
l 2362 2498
l 2362 2404
l 2363 2409
l 2363 2408
l 2365 2367
l 2365 2418
l 2365 2442
l 2365 2420
l 2366 2382
l 2366 2514
l 2367 2442
l 2367 2443
l 2368 2503
l 2369 2372
l 2370 2508
l 2370 4797
l 2370 4677
l 2370 3014
l 2371 2375
l 2371 2440
l 2373 2381
l 2373 2380
l 2373 2374
l 2375 2440
l 2375 2476
l 2376 2446
l 2376 2377
l 2376 2502
l 2376 2445
l 2376 2500
l 2377 2477
l 2377 2378
l 2377 2484
l 2377 2502
l 2377 2407
l 2378 2407
l 2378 2477
l 2379 2512
l 2379 4313
l 2380 2381
l 2382 2510
l 2383 4202
l 2383 4755
l 2383 3228
l 2384 2385
l 2385 2386
l 2385 2387
l 2386 2387
l 2386 2388
l 2387 2388
l 2389 2393
l 2390 2392
l 2390 2395
l 2390 2391
l 2391 2393
l 2391 2392
l 2391 2395
l 2391 2394
l 2392 2395
l 2396 2398
l 2397 2399
l 2397 2400
l 2397 2398
l 2398 2399
l 2399 2400
l 2400 2401
l 2402 2404
l 2402 2499
l 2402 2498
l 2402 2403
l 2403 2412
l 2403 2491
l 2403 2404
l 2404 2491
l 2404 2412
l 2404 2499
l 2405 2430
l 2405 2435
l 2405 2461
l 2406 2407
l 2406 2485
l 2406 2409
l 2407 2409
l 2407 2485
l 2407 2484
l 2408 2409
l 2409 2485
l 2410 2424
l 2413 2425
l 2413 2419
l 2413 2415
l 2414 2425
l 2415 2419
l 2416 2486
l 2416 2445
l 2416 2446
l 2416 2506
l 2416 2487
l 2417 2432
l 2417 2431
l 2418 2420
l 2418 2440
l 2420 2441
l 2420 2442
l 2423 2424
l 2428 2483
l 2428 2429
l 2429 2431
l 2430 2503
l 2430 2461
l 2431 2433
l 2431 2432
l 2432 2433
l 2434 2435
l 2435 2461
l 2436 2437
l 2438 2463
l 2438 2476
l 2438 2439
l 2438 2462
l 2439 2462
l 2439 2463
l 2440 2476
l 2441 2443
l 2442 2443
l 2442 2498
l 2442 2444
l 2443 2498
l 2443 2444
l 2444 2498
l 2445 2446
l 2445 2486
l 2446 2500
l 2446 2490
l 2446 2495
l 2446 2501
l 2446 2502
l 2446 2447
l 2447 2493
l 2447 2495
l 2447 2501
l 2447 2494
l 2447 2500
l 2447 2449
l 2448 2496
l 2448 2450
l 2448 2451
l 2449 2494
l 2449 2493
l 2449 2451
l 2450 2451
l 2450 2452
l 2450 2496
l 2452 2453
l 2453 2454
l 2454 2455
l 2457 2465
l 2457 2466
l 2458 2466
l 2459 2460
l 2462 2476
l 2462 2463
l 2465 2466
l 2465 2467
l 2466 2467
l 2469 2470
l 2469 2471
l 2469 2472
l 2470 2471
l 2471 2472
l 2473 2488
l 2473 2474
l 2474 2489
l 2474 2488
l 2475 2489
l 2475 2488
l 2477 2484
l 2477 2479
l 2477 2485
l 2478 2481
l 2478 2482
l 2479 2481
l 2479 2497
l 2480 2482
l 2481 2497
l 2481 2482
l 2484 2485
l 2486 2487
l 2486 4969
l 2486 2506
l 2486 4187
l 2486 4186
l 2487 4186
l 2487 4187
l 2487 4969
l 2487 2979
l 2487 3971
l 2490 2500
l 2490 2499
l 2490 2493
l 2490 2492
l 2490 2495
l 2491 2492
l 2491 2499
l 2493 2495
l 2493 2494
l 2495 2501
l 2495 2500
l 2496 2497
l 2500 2501
l 2500 2502
l 2501 2502
l 2504 3388
l 2504 4985
l 2504 2505
l 2504 3199
l 2504 2513
l 2505 4990
l 2505 2804
l 2505 2510
l 2505 3388
l 2505 4064
l 2506 4986
l 2506 4970
l 2506 4969
l 2506 4190
l 2506 3867
l 2507 4987
l 2507 4157
l 2507 4158
l 2507 4155
l 2507 2775
l 2507 2511
l 2508 4988
l 2508 4797
l 2509 4325
l 2509 4989
l 2509 2800
l 2509 4995
l 2509 4060
l 2510 4990
l 2511 4991
l 2511 4155
l 2511 4159
l 2511 4987
l 2512 4313
l 2512 4992
l 2512 2965
l 2512 4869
l 2513 4993
l 2513 4985
l 2513 4321
l 2514 4994
l 2514 3411
l 2514 4310
l 2514 3028
l 2515 4873
l 2515 4325
l 2515 4995
l 2515 4207
l 2516 3025
l 2516 4996
l 2516 4993
l 2517 2621
l 2517 2585
l 2517 2583
l 2517 2584
l 2517 2530
l 2517 2580
l 2517 2554
l 2517 2529
l 2517 2581
l 2517 2626
l 2518 4874
l 2518 2544
l 2518 2582
l 2518 2631
l 2518 2643
l 2518 2555
l 2518 2536
l 2518 4875
l 2518 2528
l 2518 2641
l 2519 2625
l 2519 2520
l 2519 3420
l 2519 2655
l 2519 2617
l 2519 2653
l 2519 2628
l 2519 2578
l 2520 2578
l 2520 2625
l 2520 2521
l 2520 2655
l 2520 2653
l 2520 2579
l 2521 2578
l 2521 2579
l 2521 2553
l 2521 2653
l 2521 2619
l 2521 2625
l 2521 2655
l 2522 2573
l 2522 2525
l 2522 2629
l 2522 2526
l 2522 2587
l 2522 2617
l 2522 2562
l 2522 3505
l 2522 2577
l 2522 2624
l 2523 3504
l 2523 2526
l 2523 2609
l 2523 2525
l 2523 3505
l 2523 2648
l 2523 2532
l 2523 3418
l 2523 2524
l 2524 3418
l 2524 3504
l 2524 4184
l 2524 4333
l 2524 2527
l 2524 3419
l 2524 4181
l 2524 4180
l 2524 3505
l 2525 3505
l 2525 2573
l 2525 2526
l 2525 2577
l 2525 3504
l 2525 3419
l 2525 2624
l 2525 2617
l 2526 2532
l 2526 2562
l 2526 3505
l 2526 2609
l 2526 2573
l 2526 3504
l 2526 2642
l 2527 2571
l 2527 3418
l 2527 4180
l 2527 4184
l 2527 4341
l 2527 4181
l 2527 2611
l 2528 2643
l 2528 2555
l 2528 2529
l 2528 2544
l 2528 4874
l 2528 2654
l 2528 3866
l 2528 3865
l 2528 2584
l 2528 3864
l 2529 3866
l 2529 2585
l 2529 2626
l 2529 2584
l 2529 2620
l 2529 3864
l 2529 2643
l 2529 3865
l 2529 2658
l 2530 2580
l 2530 2561
l 2530 2583
l 2530 2560
l 2530 4334
l 2530 2621
l 2530 2585
l 2530 2581
l 2531 4875
l 2531 2583
l 2531 2561
l 2531 2537
l 2531 2582
l 2531 2564
l 2531 4876
l 2531 2584
l 2531 2536
l 2532 2650
l 2532 2609
l 2532 2642
l 2532 2563
l 2532 2533
l 2532 2632
l 2532 2648
l 2532 2610
l 2533 2632
l 2533 2650
l 2533 2563
l 2533 2534
l 2533 2649
l 2533 2574
l 2533 3416
l 2533 2610
l 2533 2540
l 2534 2574
l 2534 2540
l 2534 2539
l 2534 2649
l 2534 2651
l 2534 2632
l 2534 3416
l 2534 2535
l 2534 2607
l 2535 2651
l 2535 3395
l 2535 3413
l 2535 2574
l 2535 3414
l 2535 2633
l 2535 3416
l 2535 2640
l 2535 3022
l 2535 3016
l 2536 4875
l 2536 2641
l 2536 2556
l 2536 4876
l 2536 2582
l 2536 2657
l 2536 2631
l 2536 4874
l 2536 2544
l 2537 2561
l 2537 2560
l 2537 2564
l 2537 2565
l 2537 2557
l 2537 2583
l 2537 4875
l 2537 2538
l 2538 2545
l 2538 2567
l 2538 2565
l 2538 2541
l 2538 2564
l 2538 2569
l 2538 2592
l 2538 2568
l 2538 4878
l 2538 2596
l 2539 2540
l 2539 2651
l 2539 3386
l 2539 3387
l 2539 3385
l 2539 2574
l 2539 2547
l 2539 2640
l 2540 3387
l 2540 2607
l 2540 2649
l 2540 2594
l 2540 2647
l 2540 3868
l 2540 2684
l 2540 4887
l 2541 2568
l 2541 2567
l 2541 2570
l 2541 2565
l 2541 2566
l 2541 2545
l 2541 2596
l 2541 2569
l 2541 2564
l 2542 2598
l 2542 2546
l 2542 2596
l 2542 2600
l 2542 2543
l 2542 3393
l 2542 4879
l 2542 2601
l 2542 2590
l 2542 2569
l 2543 2596
l 2543 2600
l 2543 2602
l 2543 2597
l 2543 2598
l 2543 2568
l 2543 2546
l 2543 2567
l 2543 2569
l 2544 2643
l 2544 4874
l 2544 2582
l 2544 2584
l 2544 2555
l 2544 2654
l 2544 3866
l 2545 2592
l 2545 2569
l 2545 4878
l 2545 2564
l 2545 2567
l 2545 4879
l 2545 2665
l 2545 4877
l 2545 3394
l 2546 3393
l 2546 2598
l 2546 3380
l 2546 2590
l 2546 2601
l 2546 4879
l 2546 2676
l 2546 2675
l 2546 3399
l 2547 3387
l 2547 2551
l 2547 3868
l 2547 2589
l 2547 3386
l 2547 2634
l 2547 2594
l 2547 4887
l 2548 3019
l 2548 3396
l 2548 2575
l 2548 2552
l 2548 2795
l 2548 3383
l 2548 3426
l 2548 2559
l 2548 2997
l 2548 2976
l 2549 4188
l 2549 4183
l 2549 3017
l 2549 2572
l 2549 3026
l 2549 2719
l 2549 4189
l 2549 3022
l 2549 4344
l 2549 2639
l 2550 2622
l 2550 2634
l 2550 2551
l 2550 2604
l 2550 2603
l 2550 2576
l 2550 2605
l 2550 2588
l 2550 2589
l 2551 2589
l 2551 2588
l 2551 2604
l 2551 2605
l 2551 3868
l 2551 2686
l 2551 3402
l 2551 3869
l 2552 2575
l 2552 3019
l 2552 2576
l 2552 2559
l 2552 2634
l 2552 3383
l 2552 3396
l 2552 3386
l 2552 2795
l 2553 2619
l 2553 2653
l 2553 2579
l 2553 2618
l 2553 2578
l 2553 2656
l 2553 4335
l 2554 2626
l 2554 2585
l 2554 2621
l 2554 4339
l 2554 2581
l 2554 4338
l 2554 2620
l 2554 2586
l 2554 2658
l 2555 2643
l 2555 4874
l 2555 2654
l 2555 2659
l 2555 3866
l 2555 3865
l 2555 2661
l 2556 2725
l 2556 2595
l 2556 4876
l 2556 2608
l 2556 2678
l 2556 2657
l 2556 2662
l 2556 2679
l 2556 2665
l 2557 2615
l 2557 2560
l 2557 2566
l 2557 2635
l 2557 2565
l 2557 2561
l 2557 4334
l 2558 2602
l 2558 2599
l 2558 2597
l 2558 2638
l 2558 2646
l 2558 2636
l 2559 3019
l 2559 2623
l 2559 2798
l 2559 2576
l 2559 4336
l 2559 3426
l 2559 2575
l 2560 2561
l 2560 4334
l 2560 2635
l 2560 2580
l 2560 2583
l 2561 2583
l 2561 2584
l 2561 2582
l 2561 2580
l 2561 2621
l 2562 2587
l 2562 2642
l 2562 2631
l 2562 2641
l 2562 2659
l 2562 2630
l 2562 2629
l 2563 2649
l 2563 2593
l 2563 2642
l 2563 2647
l 2563 2650
l 2563 2607
l 2563 2657
l 2564 2592
l 2564 4876
l 2564 2565
l 2564 4878
l 2564 2569
l 2564 2665
l 2565 2566
l 2565 2567
l 2565 2592
l 2566 4337
l 2566 2615
l 2566 2570
l 2567 2569
l 2567 2596
l 2567 2568
l 2567 2598
l 2567 4879
l 2567 4878
l 2568 2596
l 2568 2597
l 2568 2570
l 2568 2569
l 2568 2598
l 2569 4879
l 2569 4878
l 2569 2598
l 2569 2596
l 2569 3394
l 2569 2590
l 2569 3393
l 2569 2592
l 2570 2616
l 2570 4337
l 2570 2638
l 2570 2597
l 2571 3417
l 2571 2611
l 2571 2648
l 2571 2652
l 2571 3418
l 2571 4180
l 2571 4340
l 2571 4341
l 2572 4183
l 2572 2639
l 2572 2652
l 2572 2719
l 2572 4188
l 2572 4189
l 2572 3415
l 2572 3022
l 2572 4182
l 2573 2624
l 2573 2617
l 2573 2577
l 2573 2629
l 2573 3420
l 2573 3505
l 2574 3416
l 2574 2632
l 2574 2651
l 2574 3414
l 2574 2610
l 2574 2650
l 2575 3383
l 2575 3386
l 2575 2634
l 2575 3396
l 2575 3385
l 2575 3019
l 2575 2997
l 2576 4336
l 2576 2622
l 2576 2634
l 2576 3019
l 2577 2624
l 2577 3505
l 2577 3419
l 2577 2617
l 2578 2655
l 2578 2625
l 2578 2579
l 2579 2619
l 2580 2621
l 2580 2581
l 2580 4334
l 2580 2585
l 2581 2621
l 2581 4338
l 2581 2585
l 2581 2626
l 2581 4339
l 2582 2584
l 2582 2583
l 2582 4875
l 2582 2643
l 2582 4874
l 2583 2584
l 2583 2585
l 2583 2621
l 2584 2585
l 2584 2643
l 2584 4874
l 2585 2621
l 2585 2626
l 2585 2620
l 2585 3866
l 2585 4339
l 2586 2658
l 2586 2645
l 2586 2620
l 2586 4339
l 2586 2614
l 2586 2660
l 2586 3864
l 2586 2626
l 2586 3866
l 2587 2630
l 2587 2629
l 2587 2659
l 2587 2653
l 2587 2631
l 2587 2656
l 2587 2617
l 2588 2605
l 2588 3402
l 2588 3872
l 2588 2686
l 2588 2589
l 2588 3869
l 2588 2685
l 2588 2694
l 2588 3871
l 2589 3868
l 2589 3869
l 2589 2686
l 2589 4887
l 2589 3401
l 2589 3402
l 2589 2694
l 2589 4889
l 2590 3394
l 2590 3393
l 2590 3403
l 2590 3381
l 2590 2676
l 2590 2675
l 2590 2677
l 2590 4879
l 2590 4877
l 2590 2664
l 2591 2664
l 2591 2663
l 2591 2662
l 2591 2677
l 2591 2722
l 2591 3381
l 2591 4881
l 2591 4877
l 2591 3403
l 2591 2665
l 2592 4878
l 2592 2665
l 2592 2595
l 2592 4877
l 2592 4876
l 2592 3394
l 2592 4879
l 2593 2613
l 2593 2647
l 2593 2657
l 2593 2649
l 2593 2606
l 2593 2607
l 2593 2684
l 2593 2608
l 2593 2642
l 2594 2607
l 2594 3868
l 2594 4887
l 2594 2684
l 2594 2647
l 2594 4889
l 2594 3387
l 2594 3869
l 2594 3401
l 2595 2665
l 2595 2662
l 2595 2678
l 2595 4877
l 2595 4881
l 2595 2663
l 2595 2664
l 2595 2677
l 2596 2598
l 2596 4879
l 2596 3393
l 2596 4878
l 2597 2638
l 2597 2602
l 2597 2599
l 2598 4879
l 2598 3393
l 2598 3394
l 2598 4878
l 2598 2676
l 2599 2638
l 2599 2602
l 2599 2616
l 2600 2601
l 2600 2637
l 2600 2636
l 2600 2602
l 2600 3380
l 2600 2644
l 2601 3380
l 2601 3870
l 2601 2644
l 2601 2637
l 2601 3399
l 2601 3393
l 2601 3871
l 2601 3400
l 2602 2636
l 2602 2646
l 2602 2637
l 2603 2604
l 2603 2636
l 2603 2637
l 2603 2622
l 2603 2646
l 2603 2605
l 2603 2644
l 2604 2605
l 2604 2637
l 2604 2644
l 2604 3872
l 2604 3871
l 2604 3402
l 2605 3872
l 2605 2644
l 2605 3402
l 2605 3871
l 2605 2686
l 2605 2637
l 2606 3384
l 2606 4889
l 2606 2708
l 2606 2684
l 2606 2688
l 2606 2668
l 2606 3401
l 2606 2696
l 2606 2647
l 2606 4888
l 2607 2647
l 2607 2684
l 2607 4887
l 2607 2649
l 2607 3868
l 2607 4889
l 2607 3384
l 2608 2683
l 2608 2613
l 2608 2725
l 2608 2657
l 2608 2668
l 2608 2679
l 2608 4891
l 2608 2680
l 2608 2708
l 2609 2648
l 2609 2650
l 2609 2610
l 2609 3417
l 2609 3418
l 2609 3504
l 2609 2632
l 2610 3416
l 2610 2650
l 2610 2632
l 2610 3417
l 2610 3415
l 2610 2648
l 2610 2652
l 2610 3414
l 2611 4340
l 2611 4180
l 2611 3417
l 2611 2652
l 2611 3418
l 2611 4184
l 2612 2627
l 2612 2618
l 2612 2645
l 2612 2614
l 2612 4335
l 2612 2660
l 2613 2668
l 2613 2647
l 2613 2708
l 2613 3384
l 2613 2683
l 2613 2688
l 2613 2684
l 2614 2645
l 2614 4339
l 2614 2658
l 2614 2660
l 2614 2620
l 2615 2635
l 2615 4337
l 2615 4334
l 2616 2638
l 2616 4337
l 2617 3420
l 2617 2629
l 2617 2624
l 2617 2625
l 2617 2628
l 2617 2655
l 2618 4335
l 2618 2619
l 2618 2627
l 2618 2656
l 2619 4335
l 2620 2658
l 2620 3864
l 2620 3866
l 2620 2660
l 2620 3865
l 2620 2626
l 2620 2645
l 2620 4339
l 2620 2661
l 2621 2626
l 2621 4338
l 2622 4336
l 2622 2634
l 2623 2798
l 2623 3426
l 2623 3019
l 2623 2794
l 2623 3397
l 2623 2795
l 2623 2793
l 2624 3420
l 2624 2628
l 2625 2655
l 2625 2628
l 2625 3420
l 2626 4339
l 2626 2658
l 2626 3866
l 2626 3864
l 2626 2660
l 2627 2661
l 2627 2645
l 2627 2660
l 2627 2656
l 2627 4335
l 2627 3865
l 2628 2655
l 2628 3420
l 2629 2653
l 2629 2630
l 2629 3420
l 2630 2656
l 2630 2653
l 2630 2659
l 2630 2654
l 2631 4874
l 2631 2659
l 2631 2641
l 2631 2643
l 2632 3416
l 2632 2650
l 2632 3414
l 2632 3415
l 2633 2762
l 2633 3016
l 2633 3413
l 2633 3395
l 2633 3412
l 2633 4032
l 2633 4034
l 2633 2729
l 2633 3022
l 2634 3386
l 2634 3387
l 2634 3383
l 2635 4334
l 2636 2637
l 2636 2646
l 2636 2644
l 2637 2644
l 2637 3870
l 2637 3871
l 2637 3872
l 2639 4183
l 2639 4189
l 2639 4182
l 2639 2652
l 2639 2719
l 2639 4188
l 2639 4185
l 2640 2729
l 2640 3395
l 2640 3385
l 2640 2997
l 2640 2651
l 2640 3016
l 2640 2796
l 2640 3383
l 2640 4036
l 2641 2657
l 2641 2642
l 2641 4874
l 2641 2659
l 2641 4875
l 2642 2657
l 2642 2649
l 2642 2650
l 2643 4874
l 2643 2654
l 2643 2659
l 2643 3866
l 2644 3871
l 2644 3870
l 2644 3872
l 2644 3404
l 2644 2700
l 2644 3400
l 2644 3380
l 2645 2658
l 2645 2660
l 2645 3864
l 2645 3865
l 2645 2661
l 2647 2684
l 2647 3384
l 2647 4889
l 2647 4887
l 2647 2649
l 2648 3417
l 2648 3418
l 2648 3504
l 2648 2650
l 2649 2684
l 2650 3416
l 2651 3385
l 2651 3395
l 2651 3413
l 2651 2729
l 2651 3416
l 2652 3415
l 2652 3417
l 2652 4340
l 2652 4183
l 2654 2661
l 2654 3865
l 2654 3864
l 2654 3866
l 2654 2660
l 2654 2658
l 2654 2659
l 2656 2661
l 2656 2660
l 2656 3865
l 2656 2659
l 2657 2683
l 2657 2725
l 2657 2668
l 2658 2660
l 2658 3864
l 2658 3865
l 2658 3866
l 2658 2661
l 2659 4874
l 2659 2661
l 2660 3864
l 2660 3865
l 2660 2661
l 2660 3866
l 2661 3865
l 2661 3864
l 2661 3866
l 2662 4881
l 2662 2663
l 2662 2664
l 2662 2678
l 2662 2722
l 2662 2677
l 2662 2665
l 2662 4877
l 2663 2722
l 2663 2664
l 2663 4881
l 2663 2677
l 2663 3381
l 2663 2721
l 2663 3403
l 2663 4880
l 2664 2677
l 2664 3381
l 2664 3403
l 2664 2722
l 2664 4877
l 2664 2675
l 2664 2676
l 2665 4877
l 2665 3394
l 2665 2677
l 2665 4878
l 2665 3381
l 2666 2674
l 2666 2721
l 2666 2690
l 2666 2675
l 2666 2667
l 2666 2676
l 2666 2722
l 2666 3399
l 2666 2669
l 2666 3403
l 2667 2669
l 2667 2674
l 2667 2690
l 2667 2715
l 2667 2721
l 2667 3399
l 2667 2717
l 2667 2689
l 2667 2675
l 2668 2708
l 2668 2707
l 2668 2688
l 2668 4891
l 2668 3384
l 2668 2683
l 2668 2696
l 2668 4890
l 2668 4888
l 2669 2715
l 2669 2717
l 2669 2689
l 2669 3399
l 2669 2690
l 2669 2670
l 2669 2720
l 2669 2674
l 2669 2721
l 2670 2691
l 2670 2716
l 2670 2720
l 2670 2717
l 2670 2693
l 2670 2689
l 2670 2723
l 2670 2715
l 2670 3392
l 2670 3400
l 2671 2704
l 2671 2724
l 2671 3389
l 2671 2713
l 2671 4885
l 2671 4882
l 2671 2714
l 2671 2672
l 2671 3382
l 2671 2705
l 2672 2713
l 2672 3389
l 2672 4882
l 2672 2704
l 2672 2711
l 2672 3382
l 2672 2698
l 2672 2673
l 2672 4885
l 2673 2698
l 2673 2726
l 2673 2711
l 2673 3382
l 2673 2702
l 2673 2713
l 2673 3389
l 2673 2710
l 2673 3390
l 2673 2706
l 2674 2690
l 2674 2721
l 2674 3399
l 2674 2675
l 2674 2676
l 2674 2715
l 2674 2722
l 2675 2676
l 2675 3403
l 2675 3381
l 2675 2721
l 2675 2690
l 2675 2722
l 2675 2677
l 2676 3403
l 2676 3381
l 2676 2690
l 2676 2677
l 2676 2721
l 2676 2722
l 2677 3381
l 2677 3403
l 2677 2722
l 2677 4877
l 2677 3394
l 2678 4881
l 2678 4884
l 2678 4880
l 2678 2725
l 2678 2718
l 2678 2727
l 2678 2722
l 2679 2727
l 2679 2680
l 2679 2681
l 2679 2728
l 2679 2683
l 2679 2682
l 2679 3390
l 2679 2725
l 2679 2712
l 2679 4883
l 2680 2681
l 2680 2712
l 2680 2682
l 2680 3390
l 2680 4891
l 2680 2710
l 2680 2728
l 2680 2711
l 2680 2706
l 2681 3390
l 2681 2728
l 2681 2682
l 2681 2712
l 2681 2711
l 2681 2710
l 2681 4882
l 2681 2727
l 2681 2726
l 2682 2712
l 2682 3390
l 2682 2710
l 2682 4891
l 2682 2728
l 2682 2711
l 2682 2698
l 2683 4891
l 2683 2712
l 2683 2709
l 2683 3390
l 2684 4887
l 2684 4889
l 2684 3384
l 2684 3401
l 2684 2708
l 2684 2688
l 2685 2699
l 2685 2694
l 2685 2697
l 2685 2687
l 2685 2707
l 2685 2695
l 2685 2696
l 2685 2702
l 2685 2686
l 2686 3869
l 2686 2694
l 2686 3402
l 2686 3401
l 2686 2696
l 2686 4888
l 2686 2699
l 2686 2707
l 2687 2703
l 2687 2697
l 2687 2709
l 2687 2699
l 2687 2706
l 2687 2710
l 2687 4890
l 2687 2695
l 2687 2712
l 2687 2702
l 2688 3384
l 2688 2708
l 2688 2696
l 2688 4889
l 2688 3401
l 2688 4888
l 2688 2707
l 2688 2694
l 2689 2717
l 2689 2715
l 2689 2720
l 2689 3400
l 2689 2691
l 2689 3399
l 2689 2716
l 2690 3399
l 2690 2721
l 2690 2715
l 2690 2717
l 2691 2716
l 2691 2693
l 2691 2723
l 2691 2720
l 2691 4886
l 2691 3392
l 2691 2692
l 2691 3400
l 2692 2714
l 2692 3391
l 2692 2723
l 2692 2724
l 2692 2693
l 2692 2716
l 2692 4886
l 2692 4885
l 2692 2705
l 2692 2704
l 2693 2723
l 2693 2716
l 2693 4886
l 2693 3391
l 2693 2714
l 2693 3400
l 2693 3392
l 2694 2696
l 2694 4888
l 2694 2707
l 2694 3401
l 2694 2699
l 2694 2695
l 2694 3869
l 2695 4890
l 2695 2699
l 2695 2707
l 2695 2703
l 2695 2709
l 2695 4888
l 2695 2696
l 2696 4888
l 2696 3401
l 2696 2707
l 2696 2708
l 2696 4889
l 2696 3384
l 2696 3869
l 2697 2706
l 2697 2710
l 2697 2702
l 2697 2699
l 2697 2698
l 2697 2709
l 2697 2726
l 2697 2703
l 2698 2711
l 2698 2726
l 2698 3382
l 2698 2713
l 2698 2702
l 2698 3389
l 2698 3390
l 2698 2701
l 2699 2703
l 2699 4890
l 2699 2709
l 2699 2707
l 2699 2710
l 2700 2705
l 2700 3404
l 2700 2704
l 2700 4885
l 2700 2724
l 2700 3391
l 2700 4882
l 2700 2714
l 2701 2702
l 2701 2711
l 2701 2726
l 2701 3382
l 2701 2713
l 2701 3390
l 2701 3389
l 2702 2726
l 2702 2710
l 2702 2711
l 2702 3390
l 2702 3382
l 2702 2706
l 2703 2709
l 2703 4890
l 2703 2706
l 2703 2710
l 2703 4891
l 2703 2707
l 2704 2724
l 2704 4885
l 2704 2714
l 2704 2705
l 2704 4882
l 2704 2713
l 2704 3389
l 2704 3391
l 2705 3391
l 2705 4885
l 2705 2724
l 2705 2714
l 2705 4882
l 2705 4886
l 2706 2710
l 2706 2726
l 2706 2711
l 2706 2712
l 2706 3382
l 2707 4890
l 2707 4888
l 2707 2708
l 2708 3384
l 2708 4889
l 2708 4888
l 2708 3401
l 2709 4890
l 2709 2710
l 2709 2712
l 2709 4891
l 2710 2712
l 2710 3390
l 2710 2726
l 2710 2711
l 2711 3382
l 2711 2726
l 2711 3389
l 2711 2713
l 2711 3390
l 2711 4882
l 2711 2728
l 2712 3390
l 2712 4891
l 2713 3382
l 2713 3389
l 2713 2726
l 2713 4882
l 2714 2724
l 2714 3391
l 2714 4885
l 2714 2723
l 2714 4883
l 2714 4886
l 2715 2717
l 2715 2720
l 2715 3399
l 2715 3400
l 2716 2723
l 2716 4886
l 2716 3392
l 2716 3391
l 2716 2720
l 2717 2720
l 2717 3400
l 2717 3399
l 2718 4884
l 2718 3392
l 2718 2720
l 2718 4880
l 2718 4886
l 2719 4188
l 2719 4183
l 2719 4189
l 2719 4185
l 2719 4344
l 2719 3017
l 2720 3392
l 2720 4886
l 2721 2722
l 2721 3399
l 2722 3403
l 2722 3381
l 2722 4881
l 2723 4886
l 2723 3391
l 2723 3392
l 2723 2724
l 2724 4885
l 2724 3391
l 2724 4883
l 2724 4882
l 2724 3389
l 2725 2727
l 2725 4884
l 2725 4881
l 2726 3382
l 2726 3389
l 2726 3390
l 2727 2728
l 2727 4883
l 2727 4882
l 2727 4884
l 2727 4885
l 2727 3390
l 2727 3392
l 2728 4882
l 2728 3390
l 2728 3389
l 2728 4883
l 2728 3382
l 2729 3016
l 2729 4036
l 2729 3395
l 2729 2796
l 2729 2997
l 2729 4032
l 2729 2734
l 2729 3385
l 2730 3009
l 2730 4033
l 2730 3011
l 2730 3010
l 2730 4859
l 2730 3015
l 2730 3421
l 2730 4034
l 2730 2731
l 2730 4032
l 2731 3010
l 2731 4859
l 2731 2750
l 2731 3110
l 2731 3008
l 2731 2760
l 2731 3111
l 2731 4979
l 2731 3011
l 2732 4892
l 2732 4973
l 2732 3948
l 2732 3947
l 2732 4845
l 2732 4980
l 2732 4970
l 2732 4861
l 2732 2747
l 2732 4930
l 2733 4974
l 2733 3007
l 2733 3006
l 2733 3480
l 2733 4893
l 2733 3486
l 2733 4975
l 2733 2755
l 2733 3482
l 2733 3485
l 2734 2796
l 2734 4857
l 2734 4036
l 2734 4031
l 2734 2767
l 2734 2976
l 2734 2997
l 2734 3015
l 2734 3222
l 2735 3104
l 2735 4168
l 2735 2736
l 2735 4165
l 2735 4167
l 2735 3968
l 2735 3103
l 2735 3272
l 2735 3074
l 2735 4918
l 2736 3272
l 2736 3103
l 2736 3968
l 2736 3101
l 2736 3104
l 2736 3074
l 2736 3076
l 2736 3105
l 2736 3903
l 2737 4946
l 2737 4983
l 2737 4916
l 2737 3940
l 2737 4732
l 2737 4735
l 2737 4734
l 2737 3356
l 2737 4041
l 2737 4894
l 2738 4982
l 2738 2746
l 2738 3354
l 2738 4040
l 2738 2831
l 2738 3115
l 2738 3939
l 2738 3355
l 2738 4096
l 2738 4098
l 2739 3277
l 2739 2787
l 2739 3276
l 2739 3875
l 2739 3876
l 2739 3278
l 2739 3343
l 2739 2740
l 2739 3349
l 2739 4137
l 2740 3874
l 2740 3077
l 2740 3277
l 2740 3875
l 2740 3342
l 2740 3897
l 2740 3079
l 2740 3343
l 2740 3899
l 2741 2830
l 2741 4323
l 2741 3941
l 2741 2792
l 2741 2756
l 2741 2982
l 2741 4707
l 2741 4724
l 2741 4061
l 2741 4314
l 2742 2764
l 2742 3949
l 2742 4975
l 2742 2765
l 2742 2747
l 2742 3931
l 2742 3952
l 2742 4976
l 2742 3193
l 2742 3923
l 2743 4959
l 2743 2745
l 2743 4100
l 2743 2744
l 2743 4956
l 2743 2771
l 2743 3099
l 2743 4958
l 2743 4957
l 2743 4952
l 2744 3099
l 2744 4956
l 2744 4952
l 2744 4958
l 2744 3098
l 2744 4959
l 2744 4955
l 2744 2789
l 2744 3912
l 2745 4100
l 2745 3100
l 2745 4097
l 2745 3099
l 2745 4959
l 2745 2771
l 2745 4098
l 2745 4094
l 2746 3354
l 2746 4098
l 2746 4099
l 2746 4096
l 2746 4097
l 2746 3115
l 2746 3355
l 2746 4100
l 2746 4095
l 2747 4975
l 2747 4893
l 2747 4979
l 2747 4845
l 2747 2764
l 2747 3007
l 2747 4973
l 2747 3949
l 2747 4898
l 2748 4724
l 2748 4706
l 2748 4707
l 2748 2766
l 2748 3177
l 2748 2830
l 2748 3176
l 2748 3121
l 2748 3941
l 2748 4718
l 2749 4894
l 2749 3106
l 2749 4042
l 2749 4895
l 2749 2758
l 2749 4896
l 2749 4916
l 2749 4983
l 2749 4897
l 2749 3356
l 2750 4979
l 2750 4845
l 2750 3008
l 2750 2760
l 2750 4974
l 2750 4893
l 2750 3110
l 2750 4859
l 2751 3114
l 2751 3097
l 2751 4169
l 2751 4164
l 2751 4968
l 2751 3096
l 2751 3113
l 2751 4897
l 2751 2763
l 2751 4966
l 2752 3226
l 2752 4910
l 2752 3458
l 2752 2754
l 2752 3462
l 2752 3195
l 2752 3457
l 2752 4898
l 2752 4909
l 2752 3082
l 2753 4909
l 2753 3227
l 2753 3462
l 2753 3457
l 2753 3232
l 2753 2962
l 2753 3195
l 2753 3458
l 2753 4911
l 2753 3092
l 2754 3458
l 2754 3226
l 2754 3462
l 2754 3457
l 2754 3082
l 2754 4909
l 2754 4910
l 2754 3454
l 2755 3454
l 2755 3082
l 2755 4898
l 2755 3090
l 2755 3007
l 2755 3226
l 2755 3486
l 2755 3455
l 2756 4314
l 2756 4061
l 2756 2830
l 2756 4707
l 2756 4718
l 2756 4317
l 2756 4323
l 2756 2766
l 2756 2982
l 2757 3449
l 2757 3002
l 2757 3447
l 2757 3448
l 2757 3438
l 2757 3439
l 2757 3434
l 2757 4922
l 2757 4912
l 2757 3446
l 2758 4897
l 2758 4895
l 2758 3114
l 2758 4896
l 2758 2763
l 2758 4169
l 2758 4903
l 2758 3097
l 2759 3969
l 2759 4854
l 2759 3035
l 2759 2832
l 2759 3034
l 2759 3970
l 2759 4867
l 2759 4866
l 2759 4850
l 2759 4896
l 2760 3110
l 2760 4892
l 2760 3867
l 2760 4845
l 2760 2761
l 2760 3111
l 2760 4979
l 2760 4970
l 2761 4192
l 2761 3012
l 2761 3110
l 2761 3111
l 2761 3867
l 2761 4193
l 2761 3112
l 2761 4035
l 2762 4034
l 2762 4032
l 2762 3412
l 2762 3016
l 2762 4033
l 2762 3413
l 2762 3011
l 2762 3395
l 2762 3026
l 2763 3113
l 2763 4903
l 2763 4917
l 2763 3114
l 2763 3097
l 2763 2951
l 2763 4895
l 2763 3109
l 2763 3096
l 2764 3949
l 2764 2765
l 2764 4898
l 2764 4910
l 2764 4975
l 2764 3195
l 2764 3226
l 2764 3092
l 2765 3949
l 2765 3195
l 2765 3193
l 2765 3092
l 2765 4910
l 2765 3194
l 2765 3952
l 2765 4909
l 2765 3227
l 2766 4707
l 2766 4066
l 2766 3121
l 2766 4718
l 2766 4706
l 2766 2830
l 2766 4317
l 2766 4061
l 2767 4846
l 2767 4857
l 2767 4904
l 2767 3222
l 2767 4031
l 2767 4036
l 2767 2796
l 2767 2774
l 2767 3015
l 2768 4054
l 2768 3472
l 2768 3440
l 2768 4900
l 2768 4902
l 2768 3429
l 2768 4053
l 2768 4906
l 2768 2776
l 2768 4905
l 2769 3115
l 2769 4038
l 2769 4101
l 2769 4774
l 2769 3946
l 2769 4099
l 2769 4040
l 2769 4102
l 2769 4058
l 2770 4805
l 2770 4090
l 2770 4154
l 2770 4104
l 2770 4037
l 2770 4105
l 2770 2813
l 2770 4865
l 2770 4044
l 2770 4043
l 2771 4100
l 2771 4959
l 2771 2984
l 2771 4099
l 2771 4098
l 2771 4960
l 2771 4957
l 2771 4097
l 2772 4905
l 2772 3441
l 2772 3005
l 2772 4901
l 2772 3490
l 2772 3440
l 2772 3491
l 2772 3451
l 2772 4900
l 2772 4906
l 2773 4084
l 2773 4082
l 2773 3451
l 2773 3490
l 2773 3492
l 2773 3491
l 2773 2785
l 2773 4901
l 2773 3003
l 2773 3004
l 2774 4031
l 2774 4904
l 2774 4129
l 2774 3013
l 2774 3422
l 2774 4926
l 2774 4130
l 2774 2976
l 2774 2793
l 2775 4155
l 2775 4159
l 2775 4158
l 2775 4987
l 2775 4068
l 2775 4802
l 2775 4991
l 2775 4157
l 2775 4114
l 2776 4902
l 2776 4054
l 2776 2985
l 2776 4906
l 2776 4055
l 2776 4900
l 2776 3440
l 2776 2986
l 2776 4905
l 2777 2984
l 2777 4056
l 2777 4961
l 2777 4962
l 2777 4960
l 2777 4774
l 2777 4101
l 2777 4086
l 2777 4957
l 2778 2959
l 2778 3463
l 2778 2960
l 2778 4170
l 2778 2780
l 2778 4173
l 2778 3464
l 2778 3032
l 2778 4172
l 2778 3933
l 2779 4177
l 2779 4676
l 2779 3225
l 2779 3443
l 2779 3223
l 2779 4944
l 2779 2780
l 2779 4172
l 2779 3444
l 2779 4170
l 2780 4170
l 2780 2960
l 2780 3443
l 2780 4172
l 2780 3225
l 2780 3032
l 2780 2959
l 2780 3933
l 2781 2782
l 2781 3960
l 2781 3957
l 2781 4073
l 2781 3360
l 2781 3959
l 2781 3909
l 2781 3185
l 2781 4179
l 2781 3925
l 2782 3960
l 2782 3185
l 2782 3959
l 2782 4073
l 2782 3925
l 2782 4943
l 2782 4179
l 2782 3909
l 2782 4074
l 2783 3935
l 2783 4945
l 2783 3958
l 2783 4178
l 2783 4944
l 2783 4907
l 2783 3361
l 2783 4177
l 2783 3223
l 2783 4176
l 2784 4913
l 2784 4914
l 2784 3094
l 2784 3095
l 2784 2786
l 2784 3450
l 2784 4912
l 2784 3452
l 2784 3453
l 2784 3001
l 2785 3094
l 2785 3495
l 2785 3492
l 2785 3452
l 2785 4081
l 2785 4082
l 2785 2786
l 2785 4913
l 2785 3451
l 2786 3095
l 2786 3494
l 2786 3495
l 2786 4080
l 2786 4081
l 2786 3094
l 2786 4078
l 2786 4914
l 2787 2788
l 2787 3276
l 2787 3338
l 2787 3336
l 2787 3278
l 2787 3876
l 2787 3275
l 2787 3277
l 2787 3266
l 2788 3018
l 2788 3336
l 2788 3876
l 2788 3879
l 2788 3878
l 2788 3338
l 2788 3300
l 2788 3299
l 2789 4953
l 2789 4954
l 2789 3190
l 2789 3912
l 2789 2790
l 2789 4951
l 2789 4075
l 2789 3191
l 2789 3370
l 2789 4955
l 2790 4955
l 2790 3912
l 2790 4076
l 2790 3919
l 2790 4953
l 2790 4954
l 2790 3087
l 2790 3911
l 2790 3910
l 2791 3370
l 2791 3368
l 2791 4953
l 2791 3087
l 2791 4951
l 2791 3887
l 2791 3191
l 2791 3886
l 2791 3098
l 2792 2982
l 2792 4323
l 2792 4063
l 2792 4059
l 2792 2950
l 2792 3941
l 2792 2983
l 2792 2830
l 2793 2795
l 2793 3013
l 2793 3426
l 2793 4130
l 2793 2797
l 2793 3019
l 2793 3396
l 2793 2976
l 2793 2794
l 2794 3397
l 2794 2797
l 2794 3426
l 2794 4131
l 2794 2798
l 2794 4106
l 2794 3019
l 2795 3396
l 2795 3426
l 2795 3013
l 2795 3019
l 2795 2976
l 2795 3383
l 2795 4130
l 2796 2997
l 2796 4036
l 2796 2976
l 2796 4857
l 2796 4031
l 2796 3016
l 2796 3396
l 2797 4130
l 2797 3426
l 2797 4106
l 2797 3423
l 2797 4131
l 2797 3013
l 2797 3422
l 2798 3397
l 2798 3019
l 2798 3426
l 2799 4311
l 2799 2806
l 2799 4202
l 2799 4206
l 2799 3228
l 2799 2974
l 2799 3229
l 2799 3167
l 2799 4312
l 2799 3398
l 2800 4204
l 2800 4209
l 2800 4995
l 2800 4989
l 2800 4325
l 2800 4208
l 2800 4810
l 2800 4203
l 2800 4826
l 2801 2816
l 2801 2973
l 2801 4722
l 2801 2807
l 2801 4709
l 2801 2802
l 2801 3168
l 2801 4225
l 2801 3182
l 2801 4710
l 2802 2833
l 2802 2816
l 2802 2973
l 2802 3183
l 2802 2981
l 2802 2815
l 2802 4224
l 2802 4238
l 2802 4709
l 2803 4062
l 2803 4683
l 2803 2821
l 2803 4704
l 2803 4700
l 2803 4682
l 2803 4864
l 2803 4851
l 2803 4315
l 2803 3030
l 2804 4064
l 2804 2963
l 2804 2820
l 2804 4990
l 2804 3388
l 2804 4065
l 2804 4316
l 2804 4847
l 2804 4851
l 2805 3408
l 2805 4299
l 2805 4727
l 2805 4723
l 2805 2824
l 2805 4729
l 2805 2829
l 2805 4328
l 2805 4693
l 2805 4738
l 2806 4311
l 2806 3167
l 2806 3398
l 2806 3228
l 2806 4312
l 2806 3166
l 2806 3044
l 2807 4709
l 2807 3182
l 2807 4722
l 2807 4708
l 2807 4710
l 2807 4757
l 2807 2816
l 2807 4697
l 2807 4225
l 2808 2817
l 2808 4684
l 2808 4708
l 2808 4686
l 2808 4697
l 2808 3182
l 2808 4685
l 2808 2838
l 2808 3181
l 2808 4211
l 2809 4296
l 2809 3126
l 2809 3125
l 2809 2990
l 2809 2811
l 2809 4746
l 2809 2966
l 2809 4297
l 2809 3124
l 2809 3201
l 2810 2967
l 2810 2990
l 2810 2811
l 2810 3202
l 2810 4308
l 2810 4870
l 2810 4869
l 2810 4296
l 2810 3201
l 2811 2990
l 2811 4869
l 2811 2966
l 2811 2967
l 2811 3125
l 2811 4296
l 2811 3126
l 2811 2965
l 2812 4803
l 2812 4201
l 2812 4825
l 2812 4826
l 2812 4059
l 2812 4063
l 2812 4759
l 2812 4811
l 2812 4810
l 2812 4209
l 2813 4118
l 2813 2970
l 2813 4805
l 2813 4114
l 2813 4154
l 2813 4160
l 2813 4043
l 2813 4103
l 2813 4069
l 2814 3229
l 2814 2991
l 2814 4241
l 2814 4760
l 2814 4235
l 2814 2994
l 2814 4240
l 2814 4220
l 2814 4311
l 2814 4312
l 2815 2833
l 2815 4770
l 2815 2840
l 2815 2981
l 2815 4238
l 2815 4223
l 2815 4760
l 2815 4758
l 2815 4224
l 2816 4224
l 2816 4709
l 2816 4225
l 2816 2833
l 2816 4710
l 2816 2973
l 2816 2845
l 2817 2838
l 2817 4211
l 2817 4686
l 2817 4708
l 2817 4701
l 2817 4725
l 2817 4710
l 2817 4684
l 2817 4685
l 2818 4227
l 2818 3230
l 2818 3123
l 2818 3048
l 2818 2841
l 2818 2920
l 2818 4685
l 2818 4214
l 2818 2987
l 2818 3041
l 2819 3169
l 2819 3122
l 2819 3170
l 2819 4698
l 2819 4696
l 2819 4736
l 2819 4693
l 2819 2964
l 2819 4855
l 2819 4300
l 2820 4847
l 2820 3388
l 2820 2963
l 2820 4853
l 2820 3199
l 2820 4851
l 2820 4065
l 2820 4064
l 2820 2821
l 2821 3030
l 2821 4847
l 2821 4851
l 2821 4062
l 2821 4682
l 2821 4864
l 2821 2963
l 2821 4853
l 2821 4683
l 2822 4863
l 2822 3944
l 2822 4849
l 2822 4039
l 2822 3945
l 2822 4042
l 2822 4733
l 2822 4850
l 2822 2823
l 2822 3106
l 2823 4854
l 2823 4863
l 2823 4850
l 2823 4039
l 2823 4996
l 2823 3972
l 2823 3035
l 2823 4896
l 2824 4299
l 2824 4298
l 2824 2829
l 2824 3132
l 2824 4737
l 2824 3408
l 2824 3120
l 2824 4738
l 2824 4328
l 2825 2827
l 2825 3214
l 2825 2828
l 2825 2993
l 2825 3042
l 2825 2992
l 2825 3213
l 2826 3129
l 2826 4218
l 2826 4816
l 2826 2992
l 2826 2827
l 2826 4219
l 2827 2828
l 2827 3129
l 2827 3128
l 2827 3217
l 2828 3217
l 2828 3130
l 2828 3129
l 2828 3128
l 2828 3214
l 2829 3120
l 2829 3408
l 2829 4328
l 2829 3132
l 2829 3407
l 2829 4728
l 2829 4198
l 2829 4298
l 2830 4707
l 2830 4718
l 2830 3941
l 2830 4061
l 2830 4724
l 2830 4323
l 2831 4041
l 2831 3354
l 2831 3378
l 2831 3355
l 2831 4732
l 2831 4982
l 2831 4096
l 2831 4920
l 2831 3377
l 2832 4169
l 2832 4897
l 2832 3969
l 2832 3035
l 2832 4867
l 2832 4896
l 2832 4164
l 2833 4238
l 2833 4224
l 2833 2981
l 2833 4225
l 2833 2845
l 2833 3137
l 2834 4702
l 2834 4217
l 2834 2835
l 2834 4711
l 2834 4211
l 2834 4725
l 2834 4687
l 2834 4712
l 2834 4701
l 2834 4726
l 2835 4687
l 2835 4701
l 2835 4688
l 2835 4211
l 2835 4702
l 2835 4229
l 2835 4212
l 2835 4230
l 2835 4686
l 2836 4778
l 2836 4214
l 2836 2920
l 2836 4213
l 2836 4215
l 2836 4779
l 2836 4227
l 2836 3049
l 2836 4234
l 2836 2841
l 2837 2863
l 2837 4812
l 2837 4787
l 2837 4228
l 2837 4213
l 2837 2921
l 2837 4788
l 2837 2922
l 2837 4231
l 2837 4779
l 2838 4710
l 2838 4725
l 2838 4708
l 2838 4211
l 2838 4216
l 2838 4709
l 2838 4225
l 2838 4711
l 2839 4216
l 2839 4726
l 2839 2845
l 2839 4711
l 2839 4226
l 2839 4725
l 2839 4225
l 2839 2847
l 2839 4710
l 2840 4235
l 2840 3136
l 2840 4760
l 2840 4223
l 2840 4770
l 2840 4241
l 2840 3175
l 2840 4238
l 2841 4214
l 2841 3041
l 2841 2842
l 2841 4775
l 2841 4227
l 2841 3123
l 2841 4215
l 2841 4772
l 2841 3165
l 2842 4772
l 2842 4775
l 2842 4776
l 2842 3041
l 2842 4773
l 2842 4777
l 2842 3165
l 2842 4785
l 2842 4233
l 2843 3133
l 2843 3134
l 2843 4222
l 2843 2844
l 2843 4221
l 2843 4220
l 2843 3135
l 2843 4231
l 2843 4779
l 2843 4815
l 2844 4220
l 2844 4222
l 2844 4242
l 2844 3175
l 2844 4241
l 2844 4221
l 2844 3133
l 2844 2852
l 2844 4231
l 2845 4224
l 2845 4226
l 2845 4225
l 2845 4216
l 2845 3137
l 2845 4238
l 2845 4726
l 2845 4710
l 2846 3142
l 2846 2847
l 2846 3171
l 2846 4726
l 2846 4712
l 2846 2861
l 2846 4217
l 2846 4714
l 2846 4711
l 2846 4719
l 2847 2861
l 2847 4726
l 2847 4226
l 2847 2848
l 2847 3171
l 2847 3143
l 2847 4239
l 2847 4711
l 2848 4239
l 2848 3143
l 2848 2861
l 2848 2849
l 2848 4226
l 2848 4780
l 2848 3137
l 2848 3172
l 2848 2934
l 2849 4780
l 2849 2850
l 2849 4239
l 2849 4761
l 2849 4237
l 2849 3143
l 2849 2935
l 2849 3144
l 2849 3172
l 2850 3144
l 2850 4761
l 2850 4780
l 2850 2935
l 2850 2851
l 2850 2867
l 2850 3145
l 2850 4237
l 2850 4762
l 2851 4761
l 2851 3145
l 2851 3138
l 2851 3144
l 2851 4236
l 2851 4817
l 2851 4242
l 2851 2862
l 2851 2867
l 2852 3203
l 2852 4222
l 2852 4242
l 2852 4231
l 2852 3138
l 2852 4787
l 2852 4788
l 2852 4812
l 2853 2873
l 2853 4762
l 2853 2868
l 2853 2854
l 2853 3141
l 2853 2867
l 2853 3147
l 2853 2935
l 2853 2874
l 2853 3146
l 2854 2874
l 2854 2873
l 2854 2855
l 2854 2866
l 2854 4762
l 2854 3172
l 2854 3147
l 2854 4763
l 2854 3141
l 2855 4763
l 2855 2866
l 2855 2874
l 2855 2856
l 2855 2940
l 2855 4764
l 2855 2873
l 2855 2881
l 2855 3172
l 2856 2940
l 2856 3024
l 2856 2934
l 2856 2866
l 2856 2875
l 2856 4763
l 2856 2857
l 2856 3172
l 2856 3171
l 2857 2938
l 2857 4714
l 2857 3024
l 2857 2875
l 2857 4715
l 2857 2933
l 2857 2876
l 2857 2870
l 2857 4713
l 2857 2939
l 2858 3208
l 2858 2869
l 2858 3206
l 2858 4791
l 2858 2924
l 2858 4792
l 2858 4789
l 2858 2942
l 2858 4790
l 2858 2943
l 2859 2860
l 2859 3055
l 2859 3053
l 2859 4689
l 2859 4690
l 2859 3056
l 2859 3054
l 2859 4695
l 2859 3140
l 2859 2943
l 2860 4689
l 2860 3140
l 2860 4695
l 2860 3053
l 2860 4691
l 2860 2871
l 2860 4690
l 2860 4717
l 2860 2937
l 2861 3171
l 2861 2934
l 2861 3143
l 2861 3024
l 2861 4226
l 2861 3172
l 2861 4726
l 2862 3204
l 2862 3203
l 2862 3145
l 2862 3205
l 2862 3138
l 2862 3173
l 2862 4788
l 2862 2936
l 2863 4788
l 2863 2936
l 2863 2922
l 2863 4787
l 2863 3204
l 2863 2921
l 2863 4812
l 2863 3203
l 2863 3174
l 2864 4717
l 2864 2870
l 2864 4713
l 2864 2865
l 2864 2933
l 2864 4691
l 2864 2871
l 2864 4719
l 2864 4695
l 2864 4715
l 2865 4691
l 2865 4719
l 2865 3139
l 2865 4717
l 2865 4713
l 2865 2937
l 2865 4695
l 2865 3140
l 2865 2870
l 2866 3172
l 2866 4762
l 2866 2934
l 2866 3143
l 2866 2874
l 2866 4763
l 2867 2868
l 2867 3144
l 2867 2935
l 2867 3173
l 2867 3145
l 2867 4762
l 2867 3146
l 2867 3141
l 2868 3146
l 2868 3141
l 2868 3173
l 2868 4762
l 2868 2873
l 2868 2935
l 2868 3144
l 2868 3207
l 2869 3206
l 2869 2924
l 2869 4789
l 2869 2923
l 2869 3174
l 2869 3208
l 2869 3054
l 2869 4791
l 2869 2936
l 2870 4717
l 2870 2933
l 2870 4716
l 2870 4715
l 2870 2871
l 2870 4713
l 2870 4691
l 2870 4695
l 2870 2876
l 2871 4717
l 2871 4695
l 2871 4716
l 2871 2872
l 2871 4689
l 2871 4691
l 2871 4715
l 2872 4689
l 2872 4678
l 2872 4716
l 2872 4681
l 2872 4690
l 2872 4695
l 2872 4717
l 2872 2876
l 2873 3147
l 2873 3141
l 2873 2874
l 2873 2941
l 2873 4762
l 2873 2879
l 2874 4764
l 2874 4763
l 2874 3147
l 2874 2879
l 2874 2881
l 2875 2938
l 2875 2940
l 2875 2882
l 2875 3024
l 2875 2880
l 2875 2939
l 2875 4715
l 2875 4714
l 2876 2939
l 2876 4681
l 2876 4715
l 2876 4730
l 2876 4716
l 2876 2938
l 2876 2885
l 2876 4680
l 2877 2942
l 2877 2888
l 2877 2925
l 2877 3209
l 2877 4793
l 2877 4264
l 2877 2943
l 2877 3208
l 2877 2878
l 2877 2889
l 2878 2941
l 2878 4793
l 2878 3209
l 2878 3147
l 2878 4792
l 2878 2879
l 2878 3148
l 2878 3207
l 2878 2942
l 2879 3147
l 2879 4764
l 2879 3148
l 2879 4270
l 2879 2941
l 2879 3209
l 2879 2948
l 2880 4262
l 2880 2940
l 2880 2881
l 2880 2882
l 2880 4267
l 2880 4763
l 2880 4263
l 2880 4767
l 2880 2948
l 2881 2948
l 2881 4262
l 2881 4763
l 2881 4764
l 2881 4767
l 2881 2940
l 2881 4263
l 2881 4270
l 2881 4820
l 2882 4267
l 2882 2939
l 2882 2938
l 2882 2885
l 2882 2940
l 2882 4262
l 2882 4268
l 2883 4260
l 2883 4268
l 2883 2947
l 2883 4259
l 2883 2946
l 2883 4257
l 2883 2884
l 2883 2885
l 2883 4267
l 2883 2895
l 2884 4730
l 2884 4259
l 2884 4680
l 2884 2945
l 2884 4268
l 2884 2885
l 2884 4681
l 2884 2939
l 2884 4266
l 2885 4268
l 2885 2939
l 2885 4730
l 2885 4267
l 2885 2947
l 2885 4259
l 2886 2901
l 2886 4274
l 2886 4284
l 2886 3155
l 2886 4279
l 2886 2887
l 2886 4275
l 2886 2903
l 2886 3156
l 2886 4253
l 2887 4279
l 2887 4247
l 2887 4284
l 2887 4253
l 2887 4280
l 2887 2901
l 2887 3160
l 2887 4248
l 2887 3150
l 2888 4273
l 2888 4264
l 2888 2889
l 2888 3209
l 2888 2925
l 2888 2926
l 2888 4794
l 2888 4261
l 2888 3148
l 2889 4794
l 2889 3148
l 2889 4273
l 2889 3209
l 2889 4272
l 2889 3210
l 2889 4270
l 2889 4261
l 2890 4263
l 2890 4245
l 2890 4269
l 2890 2946
l 2890 2947
l 2890 4767
l 2890 4262
l 2890 3153
l 2890 4257
l 2890 4267
l 2891 4243
l 2891 4276
l 2891 2927
l 2891 4795
l 2891 4281
l 2891 4819
l 2891 4282
l 2891 3210
l 2891 4249
l 2891 4261
l 2892 4258
l 2892 3210
l 2892 3151
l 2892 4795
l 2892 4794
l 2892 4254
l 2892 4819
l 2892 2898
l 2892 4272
l 2892 4244
l 2893 4278
l 2893 3154
l 2893 4289
l 2893 4782
l 2893 4781
l 2893 4246
l 2893 3161
l 2893 4257
l 2893 4288
l 2893 4290
l 2894 4246
l 2894 4257
l 2894 4248
l 2894 4260
l 2894 2895
l 2894 3154
l 2894 4247
l 2894 2946
l 2894 4280
l 2894 4289
l 2895 4248
l 2895 4260
l 2895 4266
l 2895 2896
l 2895 3150
l 2895 4259
l 2895 4247
l 2895 4246
l 2896 3150
l 2896 3149
l 2896 4266
l 2896 2944
l 2896 4252
l 2896 4248
l 2896 4253
l 2896 4247
l 2896 3059
l 2897 2906
l 2897 3212
l 2897 4822
l 2897 2929
l 2897 2928
l 2897 4796
l 2897 4291
l 2897 2930
l 2897 3062
l 2897 4283
l 2898 4258
l 2898 3211
l 2898 4286
l 2898 4244
l 2898 4819
l 2898 4277
l 2898 4291
l 2898 4254
l 2898 4795
l 2899 2911
l 2899 2900
l 2899 4765
l 2899 3161
l 2899 4288
l 2899 2909
l 2899 4821
l 2899 2910
l 2899 2902
l 2899 2912
l 2900 2902
l 2900 2911
l 2900 3161
l 2900 3160
l 2900 2903
l 2900 4290
l 2900 2913
l 2900 2910
l 2900 2912
l 2901 2903
l 2901 4274
l 2901 4275
l 2901 4279
l 2901 3160
l 2901 2913
l 2901 2902
l 2901 2904
l 2902 2903
l 2902 2911
l 2902 2913
l 2902 3160
l 2902 4275
l 2902 2912
l 2902 2915
l 2902 2910
l 2903 4275
l 2903 3160
l 2903 2913
l 2903 4274
l 2903 2904
l 2903 4279
l 2904 2915
l 2904 4275
l 2904 2913
l 2904 3163
l 2904 4274
l 2904 2905
l 2904 3156
l 2904 4502
l 2904 2912
l 2905 4502
l 2905 3162
l 2905 3163
l 2905 4489
l 2905 2915
l 2905 2914
l 2905 3062
l 2905 4353
l 2905 4498
l 2906 3062
l 2906 3212
l 2906 2930
l 2906 4283
l 2906 2928
l 2906 3163
l 2906 3162
l 2906 3156
l 2906 4498
l 2907 4831
l 2907 4499
l 2907 2908
l 2907 4796
l 2907 4347
l 2907 4494
l 2907 3164
l 2907 4500
l 2907 3212
l 2907 4348
l 2908 4494
l 2908 2909
l 2908 3164
l 2908 4499
l 2908 4765
l 2908 4796
l 2908 3157
l 2908 4831
l 2908 4495
l 2909 2910
l 2909 4765
l 2909 4494
l 2909 4495
l 2909 2911
l 2909 4497
l 2909 4499
l 2910 2912
l 2910 2911
l 2910 4497
l 2910 4495
l 2910 2914
l 2910 4494
l 2910 2913
l 2910 2915
l 2911 2912
l 2911 2913
l 2911 2915
l 2911 3160
l 2912 2915
l 2912 2913
l 2912 2914
l 2912 4497
l 2912 4502
l 2912 4275
l 2913 4275
l 2913 2915
l 2913 4274
l 2913 2914
l 2914 4497
l 2914 4502
l 2914 4496
l 2914 2915
l 2914 4353
l 2914 4489
l 2914 4352
l 2914 4495
l 2915 4502
l 2915 4275
l 2915 3163
l 2915 4497
l 2915 3162
l 2916 3215
l 2916 3217
l 2916 4752
l 2916 4753
l 2917 2919
l 2917 4753
l 2917 3216
l 2917 4303
l 2917 3130
l 2918 4741
l 2918 4345
l 2918 4303
l 2918 3216
l 2919 4303
l 2919 3216
l 2919 4753
l 2919 3130
l 2920 4227
l 2920 3049
l 2920 4229
l 2920 4214
l 2920 3048
l 2920 4213
l 2920 4778
l 2921 4228
l 2921 3050
l 2921 2922
l 2921 3051
l 2921 4694
l 2921 4230
l 2921 4213
l 2921 3049
l 2922 3174
l 2922 3051
l 2922 2936
l 2922 3052
l 2922 4788
l 2922 4228
l 2922 2923
l 2923 3054
l 2923 3174
l 2923 2924
l 2923 3052
l 2923 3053
l 2923 4789
l 2923 3055
l 2923 2936
l 2924 3208
l 2924 2943
l 2924 3054
l 2924 3055
l 2924 2942
l 2924 3206
l 2924 4791
l 2925 2943
l 2925 4264
l 2925 3057
l 2925 3056
l 2925 2942
l 2925 3055
l 2925 4793
l 2925 3208
l 2926 4249
l 2926 4264
l 2926 4261
l 2926 4271
l 2926 4273
l 2926 3058
l 2926 3057
l 2926 4243
l 2926 3059
l 2927 4281
l 2927 4249
l 2927 4250
l 2927 4243
l 2927 3059
l 2927 4251
l 2927 4261
l 2927 4271
l 2927 3060
l 2928 4283
l 2928 2929
l 2928 4282
l 2928 3061
l 2928 3062
l 2928 3060
l 2928 3156
l 2928 3212
l 2929 4291
l 2929 4276
l 2929 4282
l 2929 4822
l 2929 3211
l 2929 4819
l 2929 3212
l 2930 3212
l 2930 4500
l 2930 4498
l 2930 3062
l 2930 3162
l 2930 4831
l 2930 4491
l 2930 4489
l 2930 4501
l 2931 4302
l 2931 4292
l 2931 3180
l 2931 4751
l 2931 4300
l 2931 3201
l 2931 2989
l 2931 4736
l 2931 3202
l 2931 4748
l 2932 3179
l 2932 2969
l 2932 4844
l 2932 4824
l 2932 4766
l 2932 4301
l 2932 2968
l 2932 4843
l 2932 2995
l 2932 4823
l 2933 4713
l 2933 4715
l 2933 4714
l 2933 4717
l 2933 3142
l 2933 4716
l 2934 3143
l 2934 3024
l 2934 3171
l 2934 3172
l 2934 4714
l 2935 4762
l 2935 4780
l 2935 3144
l 2935 3172
l 2935 3143
l 2936 4789
l 2936 3204
l 2936 3174
l 2936 4788
l 2936 3206
l 2936 3205
l 2937 3140
l 2937 3139
l 2937 4691
l 2937 4694
l 2937 3052
l 2937 3051
l 2937 4695
l 2937 3053
l 2938 2939
l 2938 4715
l 2938 4730
l 2938 4716
l 2939 4730
l 2939 4267
l 2939 4268
l 2939 4681
l 2939 4715
l 2940 4763
l 2940 4262
l 2940 3024
l 2941 3207
l 2941 3147
l 2941 4792
l 2941 3141
l 2941 4791
l 2941 4793
l 2941 3146
l 2942 3208
l 2942 4793
l 2942 2943
l 2942 4792
l 2942 3209
l 2942 4791
l 2943 3055
l 2943 3208
l 2943 3056
l 2943 3054
l 2943 4793
l 2944 4265
l 2944 3149
l 2944 4266
l 2944 4271
l 2944 3059
l 2944 2945
l 2944 4250
l 2944 4679
l 2944 3058
l 2945 4265
l 2945 4680
l 2945 4679
l 2945 4259
l 2945 4266
l 2945 4730
l 2945 4678
l 2945 3058
l 2946 4257
l 2946 2947
l 2946 4245
l 2946 4260
l 2946 4263
l 2946 3154
l 2946 4268
l 2947 4268
l 2947 4263
l 2947 4267
l 2947 4262
l 2947 4260
l 2947 4259
l 2948 4767
l 2948 4270
l 2948 4764
l 2948 4820
l 2948 4262
l 2948 4763
l 2948 4269
l 2948 4263
l 2949 4820
l 2949 4255
l 2949 3151
l 2949 4272
l 2949 3153
l 2949 4269
l 2949 4254
l 2949 4270
l 2949 4767
l 2950 3942
l 2950 4059
l 2950 3938
l 2950 2983
l 2950 4811
l 2950 4322
l 2950 4323
l 2950 3943
l 2950 4803
l 2951 2955
l 2951 2954
l 2951 4917
l 2951 2956
l 2951 2952
l 2951 3312
l 2951 3318
l 2951 4903
l 2951 3109
l 2951 2957
l 2952 2954
l 2952 4903
l 2952 4921
l 2952 2956
l 2952 2955
l 2952 4920
l 2952 4917
l 2952 3356
l 2952 3379
l 2953 2956
l 2953 3379
l 2953 2958
l 2953 4092
l 2953 3067
l 2953 3069
l 2953 2955
l 2953 3369
l 2953 2954
l 2953 3881
l 2954 2956
l 2954 2955
l 2954 3379
l 2954 3318
l 2954 4920
l 2954 3069
l 2954 2957
l 2955 2956
l 2955 3318
l 2955 2957
l 2955 3069
l 2955 3883
l 2955 3962
l 2955 3884
l 2956 3318
l 2956 2957
l 2956 3069
l 2956 3881
l 2956 2958
l 2956 3962
l 2957 3962
l 2957 3884
l 2957 3881
l 2957 3883
l 2957 3065
l 2957 3902
l 2957 3318
l 2957 3069
l 2957 3364
l 2958 3369
l 2958 3067
l 2958 3963
l 2958 3887
l 2958 3367
l 2958 3885
l 2958 3881
l 2958 3069
l 2958 3886
l 2959 2960
l 2959 4170
l 2959 4173
l 2959 3032
l 2959 3933
l 2959 3463
l 2959 4172
l 2959 3033
l 2960 4170
l 2960 3032
l 2960 3443
l 2960 4172
l 2960 3225
l 2960 3933
l 2960 4173
l 2961 4911
l 2961 3916
l 2961 3232
l 2961 2962
l 2961 3234
l 2961 3233
l 2961 3461
l 2961 3227
l 2961 3235
l 2961 3031
l 2962 3232
l 2962 3235
l 2962 3234
l 2962 3916
l 2962 3227
l 2962 3461
l 2962 4911
l 2962 3233
l 2963 4065
l 2963 4851
l 2963 4847
l 2963 4064
l 2963 4864
l 2963 4318
l 2963 4871
l 2964 4856
l 2964 3122
l 2964 4855
l 2964 4852
l 2964 3170
l 2964 4858
l 2964 4309
l 2964 3410
l 2964 4307
l 2964 3028
l 2965 4313
l 2965 4869
l 2965 4768
l 2965 2966
l 2965 4992
l 2965 4769
l 2966 3125
l 2966 4768
l 2966 3124
l 2966 4769
l 2966 4869
l 2966 3126
l 2966 4297
l 2967 4870
l 2967 4869
l 2967 4992
l 2967 4308
l 2967 2990
l 2967 4313
l 2967 3202
l 2968 4769
l 2968 2969
l 2968 4766
l 2968 4768
l 2968 4824
l 2968 3179
l 2968 4823
l 2969 3179
l 2969 2995
l 2969 4301
l 2969 4844
l 2969 2996
l 2969 4766
l 2970 4160
l 2970 4043
l 2970 4797
l 2970 4805
l 2970 4114
l 2970 4988
l 2970 4118
l 2970 4159
l 2970 4105
l 2971 3036
l 2971 4293
l 2971 4749
l 2971 3221
l 2971 4294
l 2971 4785
l 2972 4842
l 2972 4843
l 2972 4745
l 2972 4824
l 2972 3041
l 2972 3123
l 2972 4823
l 2972 4844
l 2972 3165
l 2972 4297
l 2973 3023
l 2973 3168
l 2973 3183
l 2973 4722
l 2973 4747
l 2973 4757
l 2974 3229
l 2974 4760
l 2974 4311
l 2974 4206
l 2974 4758
l 2974 4197
l 2974 4770
l 2975 3905
l 2975 3320
l 2975 3261
l 2975 3262
l 2975 3072
l 2975 3497
l 2975 3498
l 2975 3319
l 2975 3070
l 2975 3330
l 2976 3396
l 2976 4031
l 2976 2997
l 2976 3013
l 2976 3383
l 2976 4036
l 2977 4044
l 2977 4045
l 2977 4965
l 2977 4798
l 2977 4862
l 2977 4971
l 2977 4899
l 2977 4947
l 2977 4129
l 2977 3424
l 2978 4103
l 2978 4771
l 2978 4802
l 2978 4068
l 2978 4057
l 2978 4804
l 2978 4102
l 2978 4118
l 2978 3118
l 2979 4187
l 2979 4186
l 2979 3971
l 2979 3034
l 2979 3970
l 2979 4930
l 2979 4866
l 2980 3913
l 2980 3936
l 2980 3501
l 2980 3920
l 2980 4051
l 2980 3496
l 2980 3088
l 2980 4806
l 2980 4052
l 2980 3494
l 2981 4194
l 2981 4770
l 2981 3183
l 2981 4758
l 2981 4744
l 2981 4195
l 2982 4063
l 2982 4326
l 2982 4061
l 2982 4323
l 2982 4059
l 2982 3941
l 2983 4322
l 2983 3943
l 2983 3938
l 2983 3941
l 2983 3942
l 2983 3946
l 2983 3939
l 2983 4323
l 2984 4960
l 2984 4961
l 2984 4101
l 2984 4957
l 2984 4959
l 2984 4099
l 2984 4100
l 2985 4087
l 2985 2986
l 2985 4055
l 2985 4906
l 2985 4086
l 2985 4902
l 2985 4054
l 2985 4900
l 2985 3440
l 2986 4086
l 2986 4084
l 2986 4906
l 2986 4085
l 2986 4900
l 2986 3490
l 2986 4083
l 2987 4745
l 2987 4751
l 2987 3123
l 2987 4746
l 2987 3180
l 2987 3230
l 2987 4842
l 2987 3126
l 2987 4297
l 2988 4307
l 2988 4736
l 2988 2989
l 2988 4292
l 2988 4855
l 2988 3170
l 2988 4309
l 2988 4302
l 2988 4308
l 2988 3202
l 2989 3202
l 2989 4307
l 2989 4302
l 2989 4308
l 2989 4292
l 2989 3201
l 2989 4309
l 2989 2990
l 2990 4296
l 2990 3201
l 2990 3202
l 2990 3126
l 2990 4746
l 2990 3125
l 2991 4240
l 2991 2994
l 2991 2992
l 2991 4219
l 2991 2993
l 2991 4241
l 2991 4220
l 2991 3043
l 2991 3229
l 2992 2993
l 2992 4219
l 2992 3129
l 2992 4816
l 2992 3042
l 2992 4240
l 2993 3042
l 2993 3043
l 2993 3214
l 2993 3046
l 2993 3213
l 2993 2994
l 2993 3045
l 2994 3043
l 2994 4312
l 2994 3229
l 2994 3044
l 2994 3042
l 2994 3167
l 2994 4240
l 2995 2996
l 2995 3179
l 2995 4301
l 2995 4750
l 2995 4294
l 2995 4749
l 2996 4750
l 2996 4301
l 2996 4294
l 2996 4749
l 2996 3179
l 2996 3036
l 2997 3383
l 2997 3385
l 2997 3396
l 2997 4036
l 2997 3395
l 2998 3357
l 2998 3911
l 2998 4078
l 2998 4077
l 2998 2999
l 2998 4080
l 2998 3095
l 2998 4914
l 2998 4076
l 2998 3910
l 2999 4922
l 2999 3357
l 2999 3446
l 2999 3002
l 2999 4077
l 2999 3434
l 2999 3359
l 2999 3438
l 2999 3449
l 3000 3359
l 3000 3187
l 3000 3446
l 3000 4075
l 3000 4077
l 3000 3910
l 3000 3186
l 3000 3371
l 3000 3926
l 3001 3453
l 3001 3445
l 3001 4913
l 3001 3489
l 3001 3450
l 3001 3439
l 3001 4912
l 3001 3488
l 3001 3452
l 3001 3448
l 3002 3449
l 3002 3438
l 3002 4922
l 3002 3447
l 3002 3434
l 3002 3446
l 3002 3448
l 3002 4912
l 3003 3004
l 3003 3488
l 3003 3491
l 3003 3451
l 3003 3445
l 3003 3492
l 3003 3452
l 3003 4901
l 3003 3005
l 3004 3488
l 3004 3492
l 3004 3452
l 3004 3451
l 3004 3491
l 3004 3445
l 3004 4913
l 3004 4901
l 3005 4901
l 3005 4905
l 3005 3491
l 3005 3490
l 3005 3451
l 3005 3441
l 3005 3440
l 3006 3486
l 3006 3480
l 3006 3482
l 3006 3007
l 3006 3485
l 3006 3455
l 3006 3454
l 3006 4974
l 3007 4893
l 3007 4975
l 3007 4898
l 3007 3486
l 3007 3090
l 3007 3454
l 3007 4974
l 3008 3479
l 3008 4974
l 3008 4979
l 3008 3483
l 3008 4859
l 3008 3480
l 3008 4893
l 3009 3015
l 3009 3222
l 3009 4033
l 3009 3421
l 3009 3021
l 3009 4857
l 3009 4032
l 3009 4859
l 3009 3011
l 3010 3011
l 3010 3111
l 3010 3110
l 3010 4859
l 3010 4035
l 3010 4033
l 3010 4034
l 3010 3012
l 3011 4034
l 3011 4033
l 3011 4035
l 3011 3111
l 3011 3026
l 3011 3412
l 3011 4032
l 3012 3112
l 3012 4193
l 3012 3111
l 3012 4035
l 3012 3017
l 3012 4192
l 3012 4342
l 3012 4344
l 3012 3110
l 3013 4031
l 3013 4130
l 3013 3396
l 3013 3426
l 3013 3422
l 3014 3397
l 3014 4131
l 3014 4677
l 3015 4033
l 3015 4032
l 3015 4857
l 3015 4036
l 3015 3222
l 3015 3016
l 3016 4032
l 3016 3395
l 3016 4036
l 3016 3413
l 3016 4033
l 3017 4188
l 3017 4035
l 3017 3112
l 3017 3026
l 3017 4344
l 3017 4183
l 3017 4185
l 3018 3299
l 3018 3336
l 3018 3020
l 3018 3879
l 3018 3300
l 3018 3298
l 3018 3293
l 3018 3290
l 3018 3296
l 3019 3426
l 3019 3396
l 3020 3197
l 3020 3279
l 3020 3879
l 3020 3298
l 3020 3900
l 3020 3299
l 3020 3295
l 3020 3280
l 3020 4144
l 3021 3222
l 3021 4928
l 3021 3421
l 3021 4846
l 3021 4126
l 3021 3433
l 3021 4857
l 3022 3413
l 3022 3412
l 3022 3414
l 3022 3026
l 3022 3415
l 3023 4747
l 3023 3168
l 3023 4737
l 3023 4738
l 3023 3183
l 3023 4298
l 3023 4744
l 3023 4299
l 3023 4722
l 3024 4714
l 3024 3171
l 3024 3142
l 3025 4039
l 3025 4993
l 3025 3945
l 3025 4996
l 3025 4321
l 3026 3412
l 3026 4035
l 3026 4034
l 3026 4188
l 3026 3413
l 3027 4853
l 3027 3945
l 3027 4321
l 3027 3199
l 3027 4860
l 3027 4849
l 3027 3030
l 3027 4985
l 3028 4868
l 3028 4994
l 3028 4310
l 3028 4856
l 3028 4852
l 3028 3411
l 3028 4309
l 3028 4870
l 3029 3192
l 3029 3460
l 3029 3470
l 3029 3089
l 3029 3914
l 3029 3081
l 3029 3116
l 3029 3471
l 3029 3455
l 3029 3485
l 3030 4860
l 3030 4682
l 3030 4853
l 3030 4847
l 3030 4699
l 3030 4851
l 3031 3091
l 3031 3917
l 3031 3918
l 3031 3233
l 3031 3465
l 3031 3033
l 3031 4171
l 3031 3456
l 3031 3916
l 3032 4170
l 3032 4172
l 3032 3933
l 3032 3225
l 3032 3443
l 3032 3958
l 3033 4173
l 3033 3918
l 3033 3465
l 3033 4171
l 3033 3463
l 3033 3464
l 3033 4908
l 3034 4866
l 3034 4930
l 3034 3969
l 3034 3970
l 3034 4187
l 3034 4867
l 3034 4931
l 3034 3971
l 3035 4896
l 3035 4850
l 3035 4854
l 3035 3969
l 3035 4897
l 3035 4169
l 3035 4867
l 3036 4749
l 3036 4294
l 3036 4293
l 3036 3221
l 3037 3131
l 3037 3216
l 3037 4741
l 3038 4776
l 3038 4777
l 3038 3040
l 3038 4773
l 3038 3039
l 3039 4743
l 3039 4784
l 3039 3040
l 3040 4773
l 3040 4784
l 3040 4783
l 3040 4743
l 3041 3165
l 3041 4772
l 3041 3123
l 3041 4843
l 3041 4844
l 3041 4750
l 3041 4301
l 3042 3046
l 3042 3214
l 3042 3213
l 3042 3045
l 3042 3043
l 3043 3044
l 3043 4312
l 3043 3046
l 3043 3220
l 3043 3166
l 3043 3045
l 3043 3167
l 3044 3220
l 3044 3166
l 3044 3047
l 3044 3045
l 3044 3046
l 3044 3219
l 3044 3200
l 3045 3219
l 3045 3046
l 3045 3200
l 3045 3220
l 3045 3047
l 3046 3219
l 3046 3213
l 3046 3200
l 3046 3220
l 3047 3220
l 3047 3219
l 3047 3166
l 3047 3200
l 3048 4229
l 3048 4685
l 3048 4686
l 3048 4227
l 3048 4701
l 3048 4688
l 3048 3230
l 3048 3049
l 3049 4228
l 3049 4213
l 3049 4230
l 3049 4229
l 3049 4688
l 3049 3050
l 3049 4227
l 3049 4778
l 3050 4230
l 3050 4212
l 3050 4228
l 3050 4694
l 3050 4687
l 3050 3051
l 3050 4688
l 3051 3052
l 3051 4694
l 3051 3174
l 3051 3053
l 3051 3140
l 3052 3053
l 3052 3140
l 3052 3174
l 3052 3054
l 3052 4694
l 3053 3054
l 3053 3140
l 3053 3055
l 3053 4689
l 3053 4695
l 3054 3055
l 3054 3174
l 3055 3056
l 3055 4690
l 3056 3057
l 3056 4690
l 3056 4731
l 3056 4689
l 3056 4264
l 3057 4731
l 3057 3058
l 3057 4264
l 3057 4690
l 3057 4679
l 3057 4678
l 3058 4265
l 3058 4271
l 3058 4731
l 3058 4679
l 3058 4264
l 3058 4678
l 3059 4250
l 3059 4271
l 3059 3149
l 3059 4249
l 3059 4251
l 3059 4265
l 3059 4252
l 3060 3061
l 3060 4251
l 3060 4281
l 3060 4282
l 3060 4285
l 3060 4250
l 3060 3155
l 3060 4283
l 3060 4252
l 3061 4283
l 3061 3155
l 3061 4285
l 3061 4282
l 3061 4251
l 3061 3156
l 3061 4284
l 3062 3163
l 3062 3162
l 3062 4283
l 3062 3156
l 3062 4498
l 3062 3212
l 3062 4489
l 3063 3901
l 3063 3197
l 3063 3892
l 3063 3073
l 3063 3880
l 3063 3906
l 3063 3280
l 3063 3301
l 3063 3900
l 3063 3072
l 3064 4942
l 3064 3966
l 3064 3065
l 3064 3364
l 3064 3066
l 3064 3363
l 3064 3908
l 3064 3961
l 3064 4940
l 3064 3365
l 3065 3962
l 3065 3066
l 3065 3364
l 3065 3881
l 3065 3961
l 3065 3885
l 3065 3963
l 3065 3884
l 3065 3902
l 3066 3961
l 3066 3908
l 3066 3885
l 3066 3963
l 3066 4940
l 3066 3907
l 3066 3367
l 3066 3881
l 3067 3369
l 3067 3887
l 3067 3963
l 3067 3069
l 3067 3885
l 3067 3367
l 3067 3886
l 3067 3881
l 3067 3368
l 3068 3889
l 3068 3282
l 3068 3071
l 3068 3070
l 3068 3069
l 3068 3888
l 3068 3877
l 3068 3369
l 3068 3316
l 3069 3318
l 3069 3881
l 3069 3962
l 3069 3963
l 3069 3885
l 3070 3071
l 3070 3319
l 3070 3282
l 3070 3877
l 3070 3281
l 3070 3889
l 3070 3905
l 3070 3316
l 3070 3890
l 3071 3877
l 3071 3889
l 3071 3888
l 3071 3890
l 3071 3319
l 3071 3282
l 3071 3937
l 3071 3905
l 3072 3906
l 3072 3498
l 3072 3261
l 3072 3073
l 3072 3892
l 3072 3301
l 3072 3497
l 3072 3330
l 3072 3891
l 3073 3301
l 3073 3901
l 3073 3906
l 3073 3892
l 3073 3498
l 3073 3499
l 3073 3502
l 3073 3197
l 3074 3968
l 3074 3080
l 3074 3076
l 3074 3075
l 3074 3894
l 3074 4165
l 3074 3273
l 3074 4166
l 3075 3894
l 3075 3967
l 3075 3893
l 3075 3076
l 3075 3080
l 3075 3965
l 3075 3895
l 3075 3078
l 3075 3968
l 3076 3904
l 3076 3964
l 3076 3965
l 3076 3101
l 3076 3894
l 3076 3968
l 3076 3895
l 3077 3342
l 3077 3874
l 3077 3341
l 3077 3277
l 3077 3079
l 3077 3343
l 3077 3875
l 3077 3351
l 3077 3899
l 3078 4162
l 3078 4935
l 3078 3080
l 3078 3898
l 3078 3893
l 3078 3967
l 3078 3894
l 3078 4166
l 3078 3899
l 3079 3273
l 3079 3899
l 3079 3080
l 3079 3968
l 3079 4165
l 3079 3340
l 3079 3894
l 3080 3894
l 3080 3968
l 3080 4166
l 3080 4162
l 3080 4165
l 3080 3893
l 3080 3967
l 3081 3432
l 3081 3914
l 3081 3473
l 3081 3127
l 3081 3460
l 3081 3196
l 3081 3192
l 3081 3474
l 3081 3083
l 3082 3454
l 3082 3458
l 3082 3090
l 3082 3226
l 3082 3455
l 3082 3462
l 3082 3457
l 3083 3914
l 3083 3927
l 3083 3198
l 3083 3878
l 3083 3192
l 3083 3932
l 3083 3876
l 3083 3188
l 3083 3921
l 3084 3955
l 3084 3954
l 3084 3934
l 3084 4908
l 3084 4907
l 3084 3953
l 3084 3917
l 3084 3933
l 3084 3361
l 3084 3918
l 3085 4934
l 3085 3955
l 3085 4938
l 3085 3929
l 3085 3898
l 3085 3953
l 3085 4936
l 3085 3086
l 3085 3967
l 3085 3951
l 3086 4938
l 3086 3953
l 3086 3895
l 3086 3361
l 3086 3893
l 3086 4939
l 3086 3965
l 3086 3967
l 3086 4934
l 3087 4953
l 3087 3888
l 3087 3370
l 3087 3937
l 3087 3368
l 3087 3098
l 3087 4952
l 3088 3920
l 3088 3919
l 3088 3937
l 3088 4080
l 3088 4955
l 3088 3494
l 3088 4076
l 3088 3496
l 3088 4078
l 3089 3455
l 3089 3116
l 3089 3470
l 3089 3117
l 3089 3090
l 3089 3454
l 3089 3485
l 3089 3486
l 3090 3117
l 3090 3454
l 3090 3455
l 3090 3226
l 3090 3458
l 3090 4898
l 3091 3917
l 3091 3093
l 3091 3915
l 3091 3954
l 3091 3918
l 3091 3233
l 3091 3465
l 3091 3916
l 3092 4909
l 3092 3195
l 3092 3193
l 3092 3194
l 3092 3227
l 3092 4911
l 3092 3916
l 3092 3232
l 3093 3915
l 3093 3193
l 3093 4911
l 3093 3916
l 3093 3194
l 3093 3951
l 3093 3952
l 3094 3495
l 3094 3452
l 3094 3492
l 3094 4913
l 3094 3095
l 3094 4081
l 3094 3488
l 3095 3494
l 3095 4914
l 3095 4078
l 3095 4080
l 3095 4081
l 3095 3495
l 3096 3097
l 3096 4915
l 3096 4968
l 3096 3113
l 3096 4918
l 3096 4168
l 3096 3274
l 3096 3104
l 3096 4167
l 3096 3109
l 3097 3113
l 3097 4968
l 3097 3114
l 3097 4915
l 3097 4917
l 3097 3109
l 3097 4918
l 3098 4952
l 3098 3099
l 3098 4953
l 3098 3370
l 3098 4094
l 3098 3368
l 3098 3100
l 3099 4952
l 3099 3100
l 3099 4956
l 3099 4094
l 3099 4953
l 3100 4095
l 3100 4094
l 3100 4091
l 3100 4093
l 3100 4952
l 3100 4100
l 3101 3903
l 3101 3272
l 3101 3103
l 3101 3964
l 3101 3904
l 3101 3311
l 3101 3105
l 3101 3102
l 3102 3108
l 3102 3310
l 3102 3311
l 3102 3902
l 3102 3883
l 3102 3903
l 3102 3105
l 3102 3884
l 3102 3107
l 3103 3272
l 3103 3105
l 3103 3104
l 3103 4918
l 3103 3274
l 3103 3308
l 3103 3903
l 3104 4168
l 3104 4918
l 3104 3274
l 3104 3272
l 3104 4167
l 3104 3105
l 3104 4915
l 3105 3107
l 3105 3308
l 3105 3272
l 3105 3310
l 3105 4918
l 3105 3274
l 3105 3108
l 3106 4983
l 3106 4894
l 3106 4042
l 3106 4733
l 3106 3944
l 3106 4916
l 3106 4895
l 3106 3356
l 3107 3109
l 3107 3308
l 3107 3108
l 3107 3310
l 3107 4918
l 3107 3883
l 3107 3312
l 3108 3310
l 3108 3883
l 3108 3884
l 3108 3311
l 3108 3902
l 3108 3308
l 3108 3312
l 3109 3308
l 3109 4918
l 3109 3310
l 3109 3113
l 3109 4917
l 3109 4915
l 3109 3274
l 3110 3111
l 3110 3867
l 3110 4192
l 3110 4035
l 3111 4035
l 3111 3112
l 3111 4034
l 3112 4344
l 3112 4342
l 3112 4193
l 3112 4188
l 3112 4185
l 3112 4035
l 3113 4917
l 3113 4915
l 3113 3308
l 3113 4918
l 3114 4897
l 3114 4169
l 3114 4895
l 3114 4917
l 3115 4099
l 3115 4040
l 3115 4101
l 3115 3946
l 3115 4098
l 3115 3354
l 3115 4097
l 3116 3921
l 3116 3117
l 3116 3923
l 3116 3930
l 3116 3455
l 3116 3226
l 3116 3195
l 3117 3923
l 3117 3226
l 3117 4910
l 3117 3454
l 3117 4898
l 3118 4056
l 3118 4804
l 3118 4963
l 3118 4102
l 3118 4774
l 3118 4972
l 3118 4962
l 3118 4069
l 3118 4057
l 3119 3127
l 3119 4047
l 3119 4048
l 3119 3188
l 3119 4807
l 3119 3473
l 3119 4121
l 3119 3198
l 3119 4110
l 3119 4108
l 3120 4198
l 3120 3132
l 3120 3407
l 3120 4327
l 3120 4196
l 3120 4328
l 3120 3408
l 3120 3406
l 3121 4066
l 3121 4683
l 3121 4700
l 3121 4706
l 3121 4319
l 3121 4718
l 3121 4707
l 3121 4728
l 3122 3170
l 3122 3410
l 3122 4855
l 3122 4698
l 3122 3169
l 3122 4858
l 3122 4736
l 3122 4856
l 3123 3230
l 3123 4745
l 3123 4842
l 3123 4843
l 3123 4227
l 3124 4769
l 3124 4823
l 3124 4297
l 3124 3125
l 3124 4766
l 3124 3126
l 3124 4842
l 3124 4824
l 3125 3126
l 3125 4297
l 3125 4769
l 3125 4823
l 3125 4296
l 3125 4746
l 3126 4746
l 3126 4296
l 3126 4297
l 3126 4745
l 3126 4823
l 3127 3473
l 3127 3198
l 3127 3914
l 3127 3188
l 3127 4047
l 3127 3432
l 3127 4048
l 3128 3130
l 3128 3129
l 3128 3131
l 3129 4218
l 3129 3130
l 3130 3216
l 3130 3217
l 3131 4813
l 3132 4298
l 3132 4196
l 3132 4295
l 3132 4304
l 3132 4198
l 3132 4737
l 3132 4747
l 3133 4779
l 3133 3134
l 3133 3135
l 3133 4231
l 3133 4222
l 3133 4812
l 3133 4778
l 3133 4221
l 3133 4815
l 3134 3135
l 3134 4221
l 3134 4815
l 3134 4814
l 3134 4779
l 3134 4234
l 3134 4816
l 3134 4219
l 3135 4814
l 3135 4234
l 3135 4779
l 3135 4815
l 3135 4778
l 3135 4221
l 3135 4232
l 3136 4235
l 3136 3175
l 3136 4817
l 3136 4223
l 3136 4236
l 3136 4241
l 3136 4237
l 3136 4242
l 3136 4760
l 3137 4239
l 3137 4238
l 3137 4226
l 3137 4237
l 3137 4223
l 3137 4224
l 3138 3203
l 3138 4242
l 3138 4236
l 3138 3145
l 3138 4222
l 3138 4788
l 3138 3204
l 3139 4692
l 3139 4719
l 3139 4694
l 3139 4691
l 3139 4212
l 3139 3140
l 3139 4712
l 3140 4695
l 3140 4691
l 3140 4717
l 3140 4689
l 3141 3146
l 3141 3207
l 3141 3147
l 3141 4790
l 3141 4792
l 3141 4791
l 3142 4713
l 3142 4714
l 3142 4712
l 3142 4719
l 3142 3171
l 3142 4217
l 3143 3172
l 3143 4780
l 3143 4239
l 3144 3145
l 3144 4761
l 3144 3173
l 3144 4780
l 3145 3173
l 3145 4761
l 3146 4790
l 3146 3173
l 3146 3207
l 3146 3205
l 3146 4791
l 3147 3207
l 3147 4764
l 3148 3209
l 3148 4270
l 3148 4272
l 3148 4764
l 3148 4793
l 3149 4252
l 3149 4250
l 3149 3150
l 3149 4251
l 3149 4271
l 3149 4266
l 3149 4253
l 3150 4253
l 3150 4252
l 3150 4248
l 3150 4247
l 3150 4284
l 3150 4285
l 3151 4272
l 3151 4254
l 3151 4794
l 3151 4255
l 3151 3210
l 3151 4258
l 3151 4820
l 3152 4287
l 3152 4255
l 3152 4244
l 3152 4256
l 3152 4818
l 3152 4254
l 3152 3159
l 3152 3153
l 3152 4286
l 3152 3158
l 3153 4269
l 3153 4256
l 3153 4255
l 3153 4820
l 3153 4245
l 3153 4767
l 3153 4781
l 3154 4257
l 3154 4246
l 3154 4781
l 3154 4245
l 3154 4289
l 3154 4278
l 3154 4260
l 3155 3156
l 3155 4284
l 3155 4274
l 3155 4285
l 3155 4283
l 3155 4275
l 3156 4274
l 3156 3163
l 3156 4283
l 3156 4275
l 3157 4765
l 3157 3164
l 3157 3158
l 3157 4821
l 3157 4277
l 3157 4822
l 3157 4796
l 3158 4286
l 3158 3159
l 3158 4821
l 3158 4287
l 3158 4277
l 3158 4765
l 3158 3164
l 3158 4244
l 3158 4288
l 3159 4821
l 3159 4287
l 3159 4288
l 3159 4782
l 3159 4818
l 3159 4286
l 3159 4278
l 3160 4279
l 3160 4290
l 3160 4275
l 3160 4280
l 3161 4278
l 3161 4288
l 3161 4290
l 3161 4289
l 3161 4782
l 3162 4489
l 3162 4498
l 3162 4502
l 3162 3163
l 3162 4501
l 3162 4353
l 3162 4491
l 3163 4502
l 3163 4489
l 3163 4274
l 3163 4275
l 3164 4796
l 3164 4822
l 3164 4277
l 3164 4831
l 3164 4765
l 3164 3212
l 3164 4499
l 3165 4750
l 3165 4844
l 3165 4301
l 3165 4843
l 3165 4772
l 3165 4749
l 3165 3179
l 3165 4785
l 3166 3220
l 3166 3167
l 3166 3219
l 3166 3200
l 3167 4312
l 3167 3398
l 3167 3220
l 3168 4722
l 3168 4738
l 3168 4757
l 3168 4720
l 3168 4737
l 3168 4299
l 3169 4736
l 3169 4300
l 3169 3170
l 3169 4756
l 3169 4696
l 3169 4292
l 3169 4855
l 3170 4855
l 3170 4736
l 3170 4307
l 3170 4292
l 3170 4856
l 3171 4714
l 3171 4713
l 3172 4780
l 3172 4762
l 3173 3205
l 3173 4790
l 3173 3204
l 3174 4789
l 3175 4242
l 3175 4241
l 3175 4236
l 3175 4235
l 3175 4220
l 3175 4817
l 3175 4222
l 3176 3177
l 3176 4699
l 3176 4706
l 3176 4734
l 3176 4682
l 3176 4724
l 3176 4721
l 3176 4735
l 3176 4683
l 3177 4721
l 3177 4734
l 3177 4724
l 3177 4735
l 3177 3939
l 3177 4699
l 3177 4982
l 3177 4706
l 3178 4771
l 3178 4324
l 3178 3938
l 3178 4786
l 3178 3942
l 3178 4058
l 3178 4802
l 3178 3943
l 3178 4057
l 3178 4811
l 3179 4301
l 3179 4844
l 3179 4750
l 3179 4824
l 3180 4751
l 3180 3230
l 3180 3181
l 3180 4302
l 3180 3201
l 3180 4748
l 3180 4746
l 3180 4745
l 3181 4684
l 3181 4748
l 3181 4685
l 3181 3230
l 3181 4300
l 3182 4697
l 3182 4708
l 3182 4757
l 3182 4722
l 3182 4703
l 3182 4684
l 3182 4709
l 3182 4710
l 3183 4744
l 3183 4747
l 3183 4194
l 3183 4754
l 3183 4295
l 3184 3436
l 3184 3468
l 3184 3435
l 3184 3372
l 3184 4923
l 3184 3185
l 3184 3373
l 3184 3371
l 3184 4943
l 3184 3437
l 3185 4923
l 3185 3372
l 3185 3959
l 3185 3358
l 3185 3436
l 3185 3925
l 3185 4943
l 3185 3435
l 3186 3926
l 3186 3358
l 3186 3187
l 3186 4923
l 3186 4072
l 3186 3359
l 3186 3925
l 3186 3371
l 3187 3371
l 3187 3373
l 3187 3359
l 3187 4923
l 3187 3437
l 3187 3446
l 3187 3468
l 3187 3436
l 3188 3198
l 3188 4807
l 3188 4067
l 3188 3924
l 3188 4108
l 3188 3932
l 3188 4048
l 3189 3907
l 3189 4950
l 3189 4072
l 3189 3191
l 3189 4949
l 3189 3926
l 3189 4951
l 3189 3190
l 3189 3908
l 3189 3886
l 3190 4075
l 3190 4954
l 3190 4072
l 3190 3926
l 3190 3191
l 3190 4951
l 3190 3912
l 3190 3910
l 3190 4953
l 3191 4951
l 3191 3370
l 3191 4072
l 3191 4949
l 3191 3907
l 3191 4953
l 3192 3927
l 3192 3921
l 3192 3914
l 3192 3470
l 3192 3455
l 3193 3194
l 3193 3952
l 3193 4911
l 3193 3931
l 3193 3195
l 3193 3227
l 3193 3949
l 3194 3227
l 3194 3916
l 3194 4911
l 3194 4909
l 3194 3195
l 3194 3232
l 3194 3952
l 3195 4909
l 3195 4910
l 3195 3227
l 3195 3226
l 3195 3462
l 3196 3459
l 3196 3460
l 3196 3484
l 3196 3432
l 3196 4122
l 3196 3428
l 3196 3474
l 3196 3471
l 3196 3470
l 3197 3280
l 3197 3901
l 3197 3279
l 3197 3900
l 3197 3906
l 3197 3301
l 3197 3892
l 3198 3914
l 3198 3932
l 3198 3924
l 3198 4067
l 3198 3878
l 3199 4853
l 3199 4985
l 3199 3388
l 3199 4321
l 3199 4847
l 3200 3219
l 3200 3220
l 3201 4302
l 3201 4296
l 3201 3202
l 3201 4751
l 3201 4746
l 3202 4308
l 3202 4302
l 3202 4296
l 3202 4307
l 3203 4788
l 3203 4787
l 3203 3204
l 3203 4231
l 3203 4222
l 3203 4242
l 3204 4788
l 3204 3205
l 3204 4789
l 3204 4787
l 3204 3206
l 3205 4790
l 3205 3206
l 3205 4789
l 3205 4791
l 3205 3207
l 3206 4789
l 3206 4791
l 3206 4790
l 3206 3208
l 3206 3207
l 3206 4792
l 3207 4790
l 3207 4791
l 3207 4792
l 3208 4792
l 3208 4791
l 3208 4793
l 3209 4793
l 3209 4792
l 3209 4273
l 3210 4795
l 3210 4794
l 3210 4261
l 3210 4243
l 3210 4273
l 3210 4258
l 3211 4291
l 3211 4819
l 3211 4277
l 3211 4286
l 3211 4276
l 3211 4822
l 3211 4258
l 3211 4795
l 3212 4831
l 3212 4796
l 3212 4500
l 3212 4498
l 3212 4822
l 3213 3218
l 3213 3214
l 3213 4752
l 3214 3218
l 3214 3215
l 3215 4752
l 3215 3217
l 3215 3218
l 3216 4303
l 3217 4753
l 3218 4752
l 3219 3220
l 3221 4293
l 3221 4343
l 3221 4783
l 3221 4742
l 3222 4846
l 3222 4857
l 3222 3421
l 3222 4928
l 3222 4036
l 3223 4676
l 3223 4177
l 3223 3444
l 3223 4175
l 3223 3487
l 3223 4944
l 3223 4176
l 3223 4178
l 3223 3225
l 3224 3442
l 3224 4176
l 3224 4175
l 3224 3487
l 3224 3467
l 3224 3444
l 3224 4174
l 3224 4178
l 3224 4179
l 3224 3466
l 3225 3443
l 3225 4172
l 3225 4177
l 3225 4944
l 3225 4676
l 3225 4170
l 3226 4910
l 3226 3458
l 3226 3462
l 3226 4909
l 3226 3457
l 3226 4898
l 3227 4909
l 3227 3232
l 3227 3916
l 3227 4911
l 3228 3398
l 3228 4202
l 3228 4311
l 3229 4311
l 3229 4312
l 3229 4760
l 3230 4685
l 3230 4751
l 3230 4227
l 3230 4745
l 3231 3880
l 3231 4049
l 3231 3891
l 3231 3501
l 3231 4051
l 3231 3892
l 3231 4050
l 3231 3924
l 3231 3900
l 3231 3906
l 3232 3234
l 3232 3916
l 3232 3235
l 3232 4911
l 3232 4909
l 3232 3233
l 3233 3461
l 3233 3456
l 3233 3234
l 3233 3465
l 3233 4171
l 3233 3916
l 3233 3235
l 3234 3235
l 3234 3461
l 3234 3916
l 3234 3456
l 3234 4911
l 3235 3461
l 3235 3916
l 3235 3456
l 3236 4009
l 3236 3237
l 3236 3244
l 3236 4003
l 3236 4010
l 3236 3314
l 3236 4008
l 3236 4006
l 3236 3998
l 3236 3284
l 3237 4009
l 3237 4003
l 3237 3314
l 3237 4007
l 3237 3244
l 3237 3243
l 3237 3284
l 3237 4010
l 3237 4002
l 3238 4151
l 3238 3344
l 3238 3989
l 3238 4140
l 3238 3323
l 3238 3303
l 3238 4133
l 3238 3260
l 3238 3988
l 3238 4139
l 3239 3247
l 3239 3517
l 3239 3339
l 3239 3375
l 3239 3999
l 3239 3995
l 3239 3302
l 3239 3992
l 3239 4005
l 3239 4001
l 3240 3515
l 3240 3975
l 3240 3241
l 3240 3987
l 3240 3986
l 3240 3514
l 3240 3984
l 3240 3988
l 3240 3985
l 3240 3275
l 3241 3515
l 3241 3514
l 3241 3987
l 3241 3993
l 3241 3516
l 3241 3321
l 3241 3986
l 3241 3246
l 3241 3988
l 3242 3509
l 3242 3511
l 3242 3981
l 3242 3518
l 3242 3977
l 3242 3992
l 3242 3510
l 3242 3508
l 3242 3991
l 3242 3249
l 3243 3284
l 3243 4007
l 3243 4003
l 3243 3314
l 3243 3244
l 3243 3535
l 3243 4006
l 3243 4009
l 3243 4014
l 3244 4006
l 3244 3284
l 3244 4010
l 3244 4003
l 3244 3314
l 3244 4009
l 3244 4007
l 3245 3246
l 3245 3305
l 3245 3993
l 3245 3321
l 3245 3997
l 3245 3976
l 3245 3516
l 3245 4000
l 3245 3994
l 3245 3285
l 3246 3993
l 3246 3321
l 3246 3997
l 3246 3516
l 3246 3305
l 3246 3987
l 3246 3976
l 3246 4000
l 3247 3996
l 3247 3302
l 3247 3249
l 3247 3339
l 3247 3517
l 3247 3999
l 3247 3991
l 3247 3375
l 3247 3992
l 3248 3516
l 3248 3990
l 3248 3987
l 3248 3989
l 3248 3976
l 3248 3515
l 3248 3993
l 3248 3988
l 3248 3514
l 3249 3996
l 3249 3991
l 3249 3302
l 3249 3517
l 3249 3977
l 3249 3509
l 3249 3992
l 3250 4145
l 3250 3510
l 3250 3981
l 3250 3291
l 3250 3251
l 3250 3352
l 3250 3980
l 3250 4144
l 3250 3255
l 3250 3295
l 3251 3352
l 3251 4145
l 3251 3255
l 3251 3258
l 3251 3353
l 3251 3510
l 3251 3291
l 3251 3269
l 3251 3295
l 3252 3503
l 3252 4135
l 3252 4152
l 3252 3348
l 3252 3500
l 3252 3288
l 3252 3271
l 3252 4142
l 3252 3313
l 3252 3297
l 3253 3345
l 3253 3259
l 3253 3979
l 3253 3256
l 3253 3353
l 3253 3506
l 3253 3352
l 3253 3980
l 3253 3978
l 3254 4141
l 3254 3330
l 3254 3261
l 3254 4150
l 3254 3498
l 3254 4132
l 3254 3262
l 3254 3499
l 3254 3320
l 3254 4136
l 3255 3258
l 3255 3269
l 3255 4145
l 3255 3295
l 3255 3352
l 3255 3270
l 3255 4144
l 3255 3313
l 3255 3348
l 3256 3506
l 3256 3507
l 3256 4142
l 3256 3353
l 3256 4149
l 3256 3345
l 3256 3979
l 3256 3288
l 3256 3313
l 3257 3324
l 3257 3327
l 3257 3322
l 3257 3267
l 3257 3331
l 3257 4138
l 3257 3326
l 3257 3337
l 3257 3974
l 3257 3335
l 3258 3313
l 3258 3352
l 3258 3270
l 3258 3269
l 3258 3348
l 3258 3353
l 3258 4145
l 3258 3295
l 3259 3306
l 3259 4132
l 3259 3353
l 3259 3352
l 3259 4149
l 3259 3345
l 3260 4140
l 3260 4137
l 3260 3265
l 3260 3266
l 3260 3323
l 3260 3344
l 3260 4151
l 3260 3347
l 3260 3278
l 3260 3985
l 3261 3330
l 3261 3498
l 3261 3499
l 3261 3301
l 3261 4141
l 3261 3320
l 3261 3906
l 3262 3320
l 3262 4134
l 3262 4141
l 3262 3319
l 3262 3281
l 3262 3303
l 3262 3905
l 3263 3274
l 3263 3340
l 3263 4918
l 3263 3308
l 3263 3272
l 3263 4168
l 3263 4915
l 3264 3346
l 3264 3283
l 3264 3350
l 3264 4139
l 3264 4133
l 3264 3307
l 3264 3376
l 3264 3341
l 3264 3351
l 3264 3347
l 3265 4137
l 3265 3266
l 3265 3278
l 3265 4140
l 3265 3349
l 3265 3323
l 3265 3347
l 3265 3276
l 3265 3344
l 3266 3278
l 3266 4137
l 3266 3276
l 3266 4140
l 3266 3323
l 3266 3985
l 3266 3275
l 3266 3344
l 3267 3327
l 3267 4138
l 3267 3331
l 3267 3335
l 3267 3324
l 3267 3329
l 3267 3337
l 3267 3984
l 3267 3333
l 3268 3326
l 3268 3322
l 3268 3275
l 3268 3974
l 3268 3324
l 3268 4146
l 3268 3327
l 3268 3337
l 3269 3270
l 3269 3279
l 3269 3295
l 3269 4144
l 3269 3348
l 3269 4145
l 3269 3313
l 3270 3348
l 3270 3279
l 3270 3313
l 3270 3280
l 3270 3271
l 3270 4136
l 3271 3502
l 3271 3280
l 3271 3297
l 3271 3348
l 3271 3901
l 3271 4135
l 3271 3503
l 3271 3301
l 3272 3274
l 3272 4918
l 3272 3310
l 3272 3903
l 3273 3340
l 3273 4165
l 3273 3968
l 3274 4918
l 3274 3308
l 3274 4168
l 3274 3340
l 3275 3338
l 3275 3985
l 3275 3974
l 3275 3975
l 3275 3986
l 3275 3337
l 3275 3326
l 3275 3276
l 3276 3278
l 3276 4137
l 3276 3338
l 3276 3277
l 3276 3349
l 3277 3343
l 3277 3351
l 3277 3349
l 3277 3278
l 3277 4137
l 3277 3347
l 3278 4137
l 3278 3349
l 3278 4140
l 3278 3347
l 3279 3280
l 3279 3295
l 3279 3298
l 3279 4144
l 3280 3901
l 3280 3502
l 3280 3348
l 3280 3301
l 3281 3319
l 3281 3376
l 3281 3316
l 3281 3282
l 3281 3317
l 3281 3307
l 3281 3283
l 3282 3316
l 3282 3318
l 3282 3889
l 3282 3319
l 3283 3376
l 3283 4134
l 3283 3307
l 3283 3317
l 3283 4133
l 3283 4139
l 3283 3303
l 3284 4003
l 3284 4007
l 3284 3314
l 3284 4006
l 3284 4009
l 3284 3535
l 3284 4010
l 3285 4000
l 3285 3994
l 3285 3995
l 3285 3998
l 3285 4008
l 3285 3305
l 3285 4001
l 3285 3997
l 3285 3321
l 3286 3328
l 3286 3333
l 3286 3973
l 3286 4143
l 3286 3332
l 3286 3289
l 3286 4147
l 3286 3329
l 3286 3335
l 3286 3984
l 3287 3296
l 3287 3325
l 3287 3294
l 3287 3289
l 3287 3983
l 3287 3293
l 3287 3334
l 3287 3300
l 3287 4147
l 3287 3513
l 3288 3507
l 3288 4142
l 3288 3500
l 3288 4149
l 3288 4152
l 3288 3503
l 3288 3313
l 3288 3306
l 3289 4147
l 3289 3973
l 3289 3334
l 3289 3325
l 3289 3300
l 3289 3328
l 3289 3294
l 3289 3333
l 3290 3296
l 3290 3294
l 3290 3292
l 3290 3293
l 3290 4148
l 3290 3299
l 3290 3325
l 3290 3982
l 3290 3298
l 3291 4144
l 3291 4145
l 3291 3981
l 3291 3295
l 3291 3292
l 3291 3982
l 3291 4148
l 3291 3510
l 3292 4148
l 3292 3298
l 3292 3982
l 3292 4144
l 3292 3295
l 3292 3299
l 3292 3293
l 3292 3296
l 3293 3294
l 3293 3296
l 3293 3325
l 3293 3299
l 3293 3300
l 3293 4147
l 3293 4148
l 3294 3296
l 3294 3325
l 3294 4147
l 3294 3334
l 3294 3300
l 3294 3973
l 3295 4144
l 3295 3298
l 3295 4145
l 3296 3325
l 3296 4147
l 3296 3334
l 3296 3300
l 3296 3299
l 3297 3502
l 3297 4135
l 3297 3503
l 3297 4136
l 3297 3499
l 3297 4152
l 3297 3301
l 3297 3348
l 3298 4144
l 3298 3299
l 3298 4148
l 3298 3982
l 3299 4148
l 3299 3300
l 3299 3325
l 3300 4147
l 3300 3332
l 3300 3973
l 3300 3334
l 3300 3325
l 3300 3328
l 3301 3499
l 3301 3498
l 3301 3901
l 3301 3502
l 3301 4136
l 3302 3339
l 3302 3999
l 3302 3996
l 3302 3375
l 3302 3517
l 3302 4005
l 3302 3991
l 3303 4134
l 3303 4133
l 3303 4141
l 3303 4151
l 3303 4139
l 3303 3309
l 3303 4140
l 3304 4004
l 3304 4010
l 3304 4006
l 3304 4008
l 3304 3315
l 3304 3998
l 3304 4005
l 3304 4001
l 3305 3997
l 3305 3976
l 3305 3995
l 3305 3517
l 3305 3994
l 3305 4000
l 3305 3321
l 3306 4149
l 3306 4152
l 3306 3500
l 3306 3507
l 3306 4142
l 3306 3313
l 3306 4135
l 3307 3376
l 3307 3317
l 3307 3350
l 3307 3308
l 3307 3316
l 3308 4918
l 3308 3310
l 3308 3312
l 3309 3990
l 3309 3374
l 3309 4150
l 3309 3983
l 3309 4141
l 3309 4148
l 3309 3511
l 3310 3311
l 3310 3883
l 3310 3903
l 3310 3902
l 3311 3882
l 3311 3902
l 3311 3883
l 3311 3903
l 3311 3884
l 3311 3365
l 3312 3318
l 3312 3883
l 3312 3884
l 3312 3316
l 3313 4142
l 3313 3348
l 3313 3353
l 3313 3352
l 3313 3507
l 3314 4003
l 3314 4007
l 3314 4009
l 3314 4002
l 3314 3535
l 3315 4005
l 3315 4004
l 3315 4001
l 3315 3999
l 3315 3375
l 3315 4008
l 3315 3339
l 3315 3998
l 3315 4010
l 3316 3317
l 3316 3318
l 3316 3319
l 3316 3376
l 3317 3376
l 3317 3318
l 3318 3962
l 3318 3883
l 3318 3881
l 3318 3884
l 3319 3376
l 3319 3320
l 3319 3905
l 3320 3905
l 3320 4134
l 3320 4141
l 3321 3993
l 3321 3997
l 3321 3514
l 3321 3516
l 3321 3976
l 3321 3987
l 3322 3326
l 3322 4146
l 3322 3324
l 3322 3974
l 3322 3327
l 3322 3331
l 3322 4138
l 3323 3344
l 3323 3985
l 3323 4140
l 3323 3988
l 3323 3986
l 3323 4151
l 3323 3989
l 3324 3327
l 3324 3331
l 3324 4138
l 3324 3335
l 3324 3326
l 3324 3329
l 3324 3337
l 3325 4147
l 3325 3334
l 3325 3973
l 3326 4146
l 3326 3974
l 3326 3327
l 3326 3331
l 3326 4138
l 3327 3331
l 3327 4138
l 3327 3335
l 3327 3329
l 3327 3337
l 3328 4143
l 3328 3333
l 3328 3973
l 3328 3329
l 3328 3335
l 3328 3332
l 3328 4147
l 3328 4138
l 3329 3335
l 3329 4138
l 3329 4143
l 3329 3333
l 3329 3331
l 3329 3337
l 3330 3498
l 3330 3499
l 3330 4141
l 3330 4136
l 3330 4132
l 3331 4138
l 3331 3335
l 3331 3337
l 3331 3984
l 3332 3333
l 3332 3973
l 3332 4143
l 3332 3335
l 3332 4147
l 3333 4143
l 3333 3973
l 3333 3335
l 3333 3984
l 3333 4147
l 3334 4147
l 3334 3973
l 3335 4138
l 3335 4143
l 3335 3337
l 3335 3984
l 3336 3338
l 3336 3973
l 3337 4138
l 3337 4143
l 3339 3999
l 3339 3375
l 3339 4005
l 3339 4001
l 3339 3517
l 3339 3996
l 3340 4168
l 3340 4165
l 3341 3342
l 3341 3346
l 3341 3350
l 3341 3351
l 3341 3343
l 3341 3349
l 3341 3347
l 3342 3350
l 3342 3343
l 3342 3346
l 3342 3351
l 3342 3874
l 3343 3349
l 3343 3351
l 3343 3347
l 3343 4137
l 3343 3346
l 3344 4140
l 3344 4151
l 3344 3988
l 3344 3989
l 3344 3985
l 3345 3979
l 3345 3506
l 3345 3353
l 3345 3978
l 3345 3980
l 3345 3352
l 3345 3519
l 3346 3350
l 3346 3351
l 3346 4139
l 3346 3347
l 3346 4133
l 3346 3349
l 3347 4137
l 3347 3349
l 3347 3351
l 3347 4139
l 3347 4140
l 3347 4133
l 3347 4151
l 3348 4142
l 3348 4152
l 3348 4135
l 3349 4137
l 3349 3351
l 3349 4139
l 3350 3351
l 3351 4137
l 3351 4139
l 3352 3353
l 3352 4145
l 3352 3979
l 3352 3980
l 3352 3510
l 3353 3979
l 3353 3506
l 3353 4142
l 3354 3355
l 3354 4096
l 3354 3378
l 3354 4097
l 3354 4098
l 3354 4095
l 3354 3377
l 3355 4096
l 3355 3378
l 3355 3377
l 3355 4097
l 3355 4095
l 3355 4091
l 3355 4920
l 3355 3379
l 3356 4921
l 3356 4916
l 3356 4894
l 3356 4946
l 3356 4903
l 3356 4895
l 3356 4920
l 3356 4041
l 3357 4077
l 3357 3911
l 3357 4078
l 3357 4922
l 3357 4914
l 3357 3910
l 3357 4076
l 3358 4074
l 3358 4923
l 3358 3926
l 3358 3925
l 3358 4072
l 3358 3371
l 3359 3446
l 3359 3371
l 3359 3434
l 3359 4922
l 3359 3373
l 3359 4077
l 3359 3437
l 3360 3956
l 3360 3957
l 3360 4941
l 3360 3362
l 3360 3363
l 3360 4073
l 3360 3960
l 3360 3366
l 3361 4907
l 3361 3953
l 3361 3935
l 3361 3956
l 3361 3958
l 3361 4939
l 3361 3362
l 3361 4938
l 3362 4939
l 3362 3366
l 3362 4937
l 3362 3956
l 3362 3895
l 3362 3965
l 3362 3904
l 3363 4941
l 3363 4942
l 3363 4073
l 3363 3366
l 3363 3909
l 3363 4940
l 3363 3966
l 3363 3908
l 3364 3966
l 3364 3962
l 3364 3902
l 3364 3881
l 3364 3884
l 3364 4942
l 3364 3961
l 3365 3882
l 3365 3366
l 3365 3903
l 3365 3902
l 3365 3966
l 3365 4937
l 3365 3964
l 3366 4937
l 3366 3882
l 3366 3966
l 3366 3964
l 3366 4941
l 3366 4939
l 3367 3886
l 3367 3963
l 3367 4949
l 3367 3885
l 3367 3907
l 3367 3887
l 3367 3369
l 3367 3961
l 3367 3368
l 3368 3370
l 3368 3887
l 3368 3369
l 3368 3886
l 3368 3888
l 3368 4951
l 3369 3887
l 3369 3963
l 3369 3886
l 3369 3370
l 3369 3885
l 3369 3889
l 3370 4951
l 3370 4953
l 3370 3886
l 3370 3887
l 3370 4949
l 3371 3373
l 3371 3437
l 3371 3468
l 3371 3436
l 3371 4923
l 3371 3446
l 3371 3434
l 3372 3435
l 3372 4943
l 3372 3466
l 3372 4179
l 3372 4174
l 3372 3436
l 3372 3468
l 3372 3959
l 3373 3437
l 3373 3468
l 3373 3436
l 3373 3434
l 3373 3446
l 3373 4923
l 3374 3518
l 3374 3981
l 3374 4150
l 3374 3510
l 3374 4145
l 3374 3511
l 3375 3999
l 3375 4001
l 3375 4005
l 3375 3517
l 3375 3995
l 3375 4004
l 3376 4134
l 3377 3379
l 3377 4091
l 3377 4092
l 3377 3378
l 3377 4095
l 3377 4093
l 3377 4920
l 3377 4096
l 3377 4094
l 3378 4920
l 3378 4041
l 3378 4096
l 3378 4091
l 3378 4921
l 3378 3379
l 3379 4092
l 3379 4091
l 3379 4093
l 3379 4920
l 3380 3399
l 3380 3870
l 3380 3393
l 3380 3400
l 3381 3403
l 3381 3394
l 3381 4877
l 3382 3389
l 3382 4882
l 3382 3390
l 3383 3385
l 3383 3396
l 3383 3386
l 3384 4889
l 3384 3401
l 3384 4888
l 3385 3386
l 3385 3395
l 3385 3396
l 3386 3387
l 3387 3868
l 3387 4887
l 3388 4985
l 3388 4853
l 3388 4847
l 3389 4882
l 3391 4886
l 3391 4885
l 3391 4883
l 3392 4886
l 3392 4884
l 3393 4879
l 3393 3394
l 3393 3403
l 3394 4877
l 3394 3403
l 3394 4879
l 3395 3413
l 3395 4032
l 3395 4036
l 3397 4131
l 3397 3426
l 3400 3404
l 3401 4889
l 3401 3869
l 3401 4888
l 3401 4887
l 3402 3872
l 3402 3869
l 3404 4886
l 3405 4759
l 3405 4825
l 3405 4989
l 3405 4060
l 3405 4209
l 3405 4156
l 3405 4803
l 3405 4826
l 3405 4210
l 3406 4198
l 3406 4332
l 3406 4201
l 3406 4326
l 3406 4199
l 3406 4196
l 3406 4063
l 3406 4327
l 3406 4810
l 3407 4328
l 3407 4327
l 3407 4317
l 3407 4061
l 3407 4728
l 3407 4718
l 3407 4314
l 3407 3408
l 3408 4328
l 3408 4729
l 3408 4728
l 3408 4723
l 3408 4319
l 3408 4317
l 3409 4315
l 3409 4705
l 3409 4329
l 3409 4698
l 3409 4693
l 3409 4723
l 3409 4704
l 3409 4871
l 3409 4729
l 3409 4330
l 3410 4330
l 3410 4858
l 3410 4705
l 3410 4872
l 3410 4698
l 3410 4871
l 3410 4318
l 3411 4852
l 3411 4994
l 3411 4331
l 3411 4858
l 3411 4310
l 3411 4856
l 3412 4034
l 3412 3413
l 3412 4035
l 3413 3414
l 3413 4034
l 3414 3416
l 3414 3415
l 3415 3417
l 3415 3416
l 3417 3418
l 3417 4180
l 3418 3504
l 3418 4184
l 3418 4180
l 3419 3505
l 3419 4333
l 3419 3504
l 3419 4184
l 3421 3483
l 3421 4859
l 3421 4126
l 3421 4929
l 3421 4928
l 3422 4130
l 3422 4129
l 3422 3423
l 3422 4862
l 3422 4865
l 3422 4926
l 3423 4130
l 3423 4865
l 3423 4106
l 3423 4037
l 3423 4862
l 3423 4129
l 3423 4131
l 3424 4924
l 3424 4926
l 3424 4927
l 3424 4947
l 3424 4045
l 3424 4965
l 3424 3433
l 3424 4046
l 3424 4904
l 3424 4129
l 3425 4128
l 3425 3469
l 3425 4125
l 3425 4124
l 3425 3430
l 3425 3474
l 3425 3475
l 3425 4046
l 3425 3473
l 3425 4047
l 3426 4130
l 3427 3478
l 3427 4948
l 3427 4115
l 3427 4919
l 3427 4055
l 3427 4800
l 3427 4070
l 3427 4902
l 3427 3429
l 3428 3484
l 3428 3471
l 3428 3481
l 3428 4122
l 3428 4929
l 3428 3482
l 3428 3470
l 3428 3485
l 3428 3486
l 3428 3480
l 3429 3472
l 3429 4800
l 3429 4902
l 3429 3431
l 3429 4054
l 3429 4053
l 3429 4055
l 3429 3478
l 3430 3474
l 3430 4124
l 3430 4123
l 3430 3459
l 3430 4127
l 3430 3432
l 3430 3469
l 3430 4046
l 3431 4111
l 3431 4800
l 3431 3472
l 3431 4116
l 3431 4070
l 3431 3477
l 3431 4053
l 3431 4902
l 3432 3474
l 3432 3473
l 3432 3460
l 3432 3459
l 3432 3914
l 3432 3484
l 3433 4927
l 3433 4928
l 3433 4127
l 3433 4846
l 3433 4924
l 3433 4904
l 3433 4123
l 3434 3438
l 3434 3446
l 3434 3449
l 3434 4922
l 3434 3437
l 3435 3436
l 3435 3468
l 3435 4943
l 3435 3466
l 3435 4174
l 3435 4179
l 3435 4923
l 3436 3468
l 3436 4923
l 3436 3437
l 3437 3468
l 3437 3438
l 3437 3446
l 3438 3449
l 3438 3446
l 3438 4922
l 3438 3447
l 3439 3448
l 3439 3489
l 3439 3453
l 3439 3447
l 3439 3450
l 3439 4912
l 3439 3445
l 3439 4913
l 3440 4905
l 3440 4906
l 3440 4054
l 3440 4900
l 3440 3490
l 3440 4901
l 3441 4901
l 3441 3451
l 3441 3490
l 3441 3491
l 3441 4905
l 3441 3493
l 3441 3492
l 3442 3467
l 3442 4174
l 3442 4176
l 3442 3487
l 3442 4179
l 3442 4175
l 3442 3466
l 3442 3444
l 3442 4178
l 3443 4170
l 3443 4177
l 3443 4172
l 3443 4676
l 3443 4944
l 3444 4175
l 3444 3487
l 3444 4176
l 3444 4178
l 3444 4676
l 3444 4177
l 3445 3453
l 3445 3488
l 3445 4913
l 3445 3489
l 3445 3450
l 3445 3452
l 3446 4922
l 3446 3449
l 3447 3448
l 3447 4912
l 3447 3449
l 3447 3489
l 3447 3450
l 3447 4914
l 3447 3453
l 3448 3489
l 3448 3453
l 3448 4912
l 3448 3450
l 3448 3449
l 3449 4922
l 3450 4912
l 3450 3453
l 3450 3489
l 3450 4913
l 3450 4914
l 3451 3491
l 3451 3492
l 3451 4901
l 3451 3452
l 3451 3488
l 3451 3490
l 3452 3488
l 3452 3492
l 3452 4913
l 3452 3453
l 3453 3489
l 3453 4912
l 3453 4913
l 3454 3455
l 3454 3458
l 3454 3486
l 3454 4898
l 3455 3486
l 3455 3485
l 3455 3470
l 3456 3461
l 3456 3465
l 3456 4171
l 3456 3464
l 3456 3463
l 3456 3918
l 3457 3462
l 3457 3458
l 3457 4909
l 3458 3462
l 3458 4909
l 3458 4910
l 3459 4123
l 3459 4122
l 3459 4126
l 3459 3474
l 3459 3484
l 3459 3460
l 3460 3484
l 3460 3470
l 3460 3471
l 3460 4122
l 3460 3485
l 3461 3465
l 3461 4171
l 3461 3916
l 3462 4909
l 3463 3464
l 3463 4173
l 3463 4171
l 3463 3465
l 3463 4170
l 3464 4171
l 3464 4173
l 3464 3465
l 3464 3918
l 3465 4171
l 3465 3918
l 3465 4173
l 3466 4174
l 3466 4179
l 3466 3467
l 3466 4943
l 3466 3959
l 3467 4174
l 3467 4179
l 3467 4943
l 3467 4176
l 3467 3487
l 3467 3959
l 3467 4175
l 3468 4923
l 3469 4047
l 3469 3473
l 3469 3475
l 3469 4125
l 3469 3474
l 3469 4048
l 3470 3471
l 3470 3485
l 3470 3482
l 3470 3486
l 3470 3484
l 3471 3484
l 3471 3482
l 3471 3485
l 3471 3481
l 3471 3486
l 3472 4053
l 3472 4054
l 3472 4902
l 3472 3477
l 3472 4800
l 3472 4900
l 3473 3474
l 3473 4047
l 3473 3914
l 3474 4124
l 3474 4123
l 3475 4071
l 3475 4047
l 3475 4110
l 3475 4125
l 3475 4048
l 3475 4120
l 3475 4113
l 3475 4121
l 3476 4117
l 3476 4071
l 3476 4125
l 3476 4925
l 3476 4128
l 3476 4153
l 3476 4801
l 3476 4116
l 3476 4120
l 3477 4112
l 3477 4111
l 3477 4053
l 3477 4113
l 3477 4808
l 3477 4799
l 3477 4107
l 3478 4055
l 3478 4800
l 3478 4902
l 3478 4054
l 3478 4919
l 3478 4070
l 3479 3481
l 3479 3480
l 3479 4974
l 3479 4929
l 3479 3483
l 3479 3482
l 3480 4974
l 3480 3482
l 3480 3481
l 3480 3486
l 3480 3485
l 3480 4893
l 3481 3482
l 3481 3486
l 3481 4929
l 3481 3485
l 3481 4974
l 3482 3485
l 3482 3486
l 3483 4929
l 3483 4859
l 3483 4126
l 3483 4122
l 3484 4122
l 3484 4929
l 3484 3485
l 3485 3486
l 3487 4175
l 3487 4176
l 3487 4178
l 3487 4676
l 3487 4177
l 3488 3492
l 3488 4913
l 3488 3491
l 3489 4912
l 3489 4913
l 3490 4905
l 3490 4901
l 3490 3491
l 3490 4906
l 3490 4084
l 3491 4901
l 3491 3492
l 3491 4905
l 3492 4913
l 3492 4901
l 3493 4052
l 3493 3496
l 3493 4799
l 3493 3495
l 3494 4080
l 3494 4078
l 3494 3919
l 3494 3495
l 3494 3911
l 3494 4081
l 3495 4081
l 3495 4080
l 3495 4082
l 3495 3496
l 3496 3920
l 3496 4080
l 3496 4081
l 3496 4052
l 3496 4078
l 3497 3891
l 3497 3905
l 3497 3501
l 3497 3906
l 3497 3936
l 3497 3890
l 3497 3892
l 3498 3906
l 3498 3499
l 3499 4136
l 3499 3502
l 3499 4135
l 3499 4132
l 3500 4152
l 3500 3503
l 3500 4149
l 3500 3507
l 3500 4142
l 3500 4135
l 3501 4051
l 3501 3891
l 3501 3936
l 3501 4049
l 3501 4806
l 3501 4050
l 3501 3880
l 3502 4135
l 3502 3901
l 3502 3503
l 3503 4135
l 3503 4152
l 3503 4142
l 3503 4149
l 3504 3505
l 3504 4184
l 3504 4333
l 3506 3507
l 3506 3979
l 3506 4142
l 3506 4149
l 3507 4142
l 3507 4149
l 3507 4152
l 3508 3519
l 3508 3509
l 3508 3978
l 3508 3518
l 3508 3980
l 3508 3991
l 3508 3510
l 3508 3979
l 3508 3996
l 3509 3991
l 3509 3518
l 3509 3519
l 3509 3510
l 3509 3980
l 3509 3996
l 3509 3978
l 3510 3980
l 3510 4145
l 3510 3981
l 3510 3519
l 3510 3518
l 3510 3978
l 3511 3981
l 3511 3983
l 3511 3512
l 3511 3982
l 3511 3992
l 3511 3977
l 3511 4148
l 3512 3514
l 3512 3513
l 3512 3992
l 3512 3983
l 3512 3997
l 3512 3976
l 3512 3990
l 3513 3983
l 3513 3514
l 3513 3973
l 3513 3984
l 3513 4147
l 3514 3515
l 3514 3993
l 3514 3987
l 3514 3516
l 3514 3997
l 3515 3987
l 3515 3988
l 3515 3975
l 3515 3986
l 3515 3516
l 3515 3993
l 3515 3985
l 3516 3987
l 3516 3993
l 3516 3976
l 3516 3988
l 3517 3976
l 3517 3992
l 3517 3977
l 3518 3519
l 3518 3980
l 3518 3978
l 3518 3991
l 3518 3981
l 3519 3978
l 3519 3980
l 3519 3991
l 3519 3979
l 3520 3524
l 3520 3531
l 3520 4027
l 3520 3521
l 3520 3623
l 3520 4026
l 3520 3523
l 3520 4030
l 3520 3596
l 3520 4029
l 3521 4026
l 3521 4030
l 3521 3596
l 3521 3524
l 3521 3531
l 3521 4027
l 3521 3623
l 3521 3594
l 3521 3581
l 3522 4024
l 3522 3529
l 3522 4025
l 3522 3527
l 3522 4021
l 3522 4028
l 3522 4022
l 3522 4018
l 3522 3525
l 3522 4029
l 3523 3623
l 3523 4029
l 3523 3531
l 3523 4027
l 3523 4022
l 3523 3524
l 3523 3527
l 3523 3529
l 3524 3531
l 3524 4027
l 3524 4026
l 3524 3623
l 3524 4030
l 3524 3596
l 3524 4029
l 3525 4018
l 3525 4028
l 3525 4021
l 3525 4013
l 3525 4024
l 3525 4025
l 3525 3534
l 3525 4016
l 3525 4012
l 3526 4012
l 3526 4016
l 3526 3534
l 3526 4013
l 3526 3532
l 3526 4019
l 3526 3536
l 3526 3530
l 3526 4017
l 3527 3529
l 3527 4022
l 3527 4024
l 3527 4025
l 3527 4029
l 3527 4021
l 3527 4028
l 3527 3623
l 3528 3637
l 3528 4015
l 3528 3537
l 3528 3533
l 3528 4020
l 3528 4011
l 3528 4002
l 3528 4014
l 3528 3535
l 3528 4017
l 3529 4022
l 3529 4024
l 3529 4025
l 3529 4021
l 3529 4029
l 3529 4028
l 3529 3623
l 3530 4019
l 3530 3532
l 3530 4012
l 3530 4017
l 3530 3534
l 3530 3536
l 3530 4013
l 3530 4016
l 3530 4020
l 3531 4027
l 3531 3623
l 3531 4029
l 3531 4026
l 3531 4022
l 3531 4030
l 3532 3536
l 3532 4019
l 3532 4012
l 3532 4017
l 3532 4016
l 3532 3534
l 3532 4013
l 3532 4020
l 3533 4011
l 3533 4002
l 3533 4015
l 3533 3637
l 3533 3537
l 3533 4020
l 3533 4014
l 3533 3535
l 3533 4007
l 3534 4013
l 3534 4012
l 3534 4016
l 3534 4019
l 3534 3536
l 3534 4018
l 3535 4014
l 3535 3537
l 3535 4007
l 3535 4002
l 3535 4015
l 3536 4019
l 3536 4017
l 3536 4016
l 3536 4012
l 3536 4013
l 3536 4020
l 3537 4015
l 3537 3637
l 3537 4014
l 3537 4020
l 3537 4002
l 3537 4011
l 3537 4017
l 3538 3589
l 3538 3549
l 3538 3544
l 3538 3619
l 3538 3555
l 3538 3853
l 3538 3845
l 3538 3624
l 3538 3591
l 3538 3582
l 3539 3849
l 3539 3847
l 3539 3850
l 3539 3848
l 3539 3546
l 3539 3863
l 3539 3627
l 3539 3576
l 3539 3610
l 3539 3846
l 3540 3551
l 3540 3715
l 3540 3607
l 3540 3563
l 3540 3541
l 3540 3566
l 3540 3628
l 3540 3585
l 3540 3610
l 3540 3611
l 3541 3611
l 3541 3571
l 3541 3547
l 3541 3839
l 3541 3566
l 3541 3838
l 3541 3836
l 3541 3715
l 3541 3564
l 3542 3560
l 3542 3626
l 3542 3860
l 3542 3580
l 3542 3550
l 3542 3633
l 3542 3856
l 3542 3588
l 3542 3587
l 3542 3638
l 3543 3624
l 3543 3555
l 3543 3588
l 3543 3587
l 3543 3633
l 3543 3856
l 3543 3854
l 3543 3570
l 3543 3845
l 3543 3560
l 3544 3549
l 3544 3589
l 3544 3853
l 3544 3591
l 3544 3555
l 3544 3624
l 3544 3619
l 3544 3845
l 3545 3616
l 3545 3677
l 3545 3622
l 3545 3617
l 3545 3724
l 3545 3671
l 3545 3732
l 3545 3650
l 3545 3727
l 3545 3663
l 3546 3848
l 3546 3576
l 3546 3610
l 3546 3850
l 3546 3846
l 3546 3585
l 3546 3847
l 3546 3551
l 3546 3602
l 3547 3838
l 3547 3571
l 3547 3548
l 3547 3564
l 3547 3553
l 3547 3836
l 3547 3839
l 3547 3611
l 3547 3575
l 3548 3564
l 3548 3838
l 3548 3553
l 3548 3571
l 3548 3836
l 3548 3839
l 3548 3575
l 3548 3776
l 3548 3835
l 3549 3589
l 3549 3853
l 3549 3591
l 3549 3619
l 3549 3555
l 3549 3845
l 3549 3624
l 3550 3856
l 3550 3588
l 3550 3633
l 3550 3580
l 3550 3831
l 3550 3860
l 3550 3638
l 3550 3626
l 3550 3560
l 3551 3607
l 3551 3715
l 3551 3563
l 3551 3576
l 3551 3585
l 3551 3610
l 3551 3846
l 3551 3628
l 3551 3566
l 3552 3575
l 3552 3837
l 3552 3859
l 3552 3565
l 3552 3579
l 3552 3844
l 3552 3840
l 3552 3553
l 3552 3621
l 3552 3838
l 3553 3838
l 3553 3575
l 3553 3564
l 3553 3837
l 3553 3571
l 3553 3565
l 3553 3836
l 3554 3556
l 3554 3558
l 3554 3605
l 3554 3557
l 3554 3861
l 3554 3857
l 3554 3638
l 3554 3831
l 3554 3595
l 3554 3598
l 3555 3845
l 3555 3624
l 3555 3619
l 3555 3589
l 3555 3582
l 3555 3854
l 3555 3570
l 3555 3587
l 3556 3605
l 3556 3857
l 3556 3557
l 3556 3558
l 3556 3861
l 3556 3831
l 3556 3638
l 3556 3598
l 3556 3595
l 3557 3861
l 3557 3857
l 3557 3558
l 3557 3605
l 3557 3598
l 3557 3595
l 3557 3831
l 3557 3638
l 3558 3861
l 3558 3857
l 3558 3595
l 3558 3598
l 3558 3605
l 3558 3609
l 3558 3831
l 3559 3851
l 3559 3801
l 3559 3852
l 3559 3805
l 3559 3862
l 3559 3599
l 3559 3802
l 3559 3863
l 3559 3627
l 3559 3849
l 3560 3858
l 3560 3626
l 3560 3587
l 3560 3570
l 3560 3633
l 3560 3854
l 3560 3860
l 3560 3855
l 3560 3856
l 3561 3569
l 3561 3683
l 3561 3603
l 3561 3707
l 3561 3675
l 3561 3666
l 3561 3735
l 3561 3721
l 3561 3718
l 3561 3722
l 3562 3760
l 3562 3761
l 3562 3834
l 3562 3613
l 3562 3639
l 3562 3770
l 3562 3832
l 3562 3669
l 3562 3640
l 3562 3778
l 3563 3607
l 3563 3628
l 3563 3715
l 3563 3602
l 3563 3583
l 3563 3846
l 3563 3610
l 3563 3661
l 3564 3836
l 3564 3838
l 3564 3571
l 3564 3839
l 3564 3776
l 3564 3835
l 3564 3833
l 3565 3859
l 3565 3837
l 3565 3575
l 3565 3840
l 3565 3621
l 3565 3579
l 3565 3838
l 3566 3567
l 3566 3844
l 3566 3571
l 3566 3838
l 3566 3579
l 3567 3585
l 3567 3853
l 3567 3619
l 3567 3582
l 3567 3845
l 3567 3844
l 3567 3576
l 3568 3843
l 3568 3766
l 3568 3636
l 3568 3799
l 3568 3841
l 3568 3842
l 3568 3639
l 3568 3797
l 3568 3834
l 3568 3765
l 3569 3683
l 3569 3707
l 3569 3603
l 3569 3675
l 3569 3735
l 3569 3666
l 3569 3718
l 3569 3721
l 3569 3722
l 3570 3854
l 3570 3587
l 3570 3577
l 3570 3855
l 3570 3592
l 3570 3858
l 3570 3601
l 3570 3633
l 3570 3588
l 3571 3839
l 3571 3838
l 3571 3836
l 3571 3611
l 3571 3776
l 3572 3713
l 3572 3657
l 3572 3667
l 3572 3704
l 3572 3573
l 3572 3710
l 3572 3669
l 3572 3604
l 3572 3630
l 3572 3618
l 3573 3618
l 3573 3659
l 3573 3657
l 3573 3713
l 3573 3667
l 3573 3586
l 3573 3704
l 3573 3631
l 3573 3669
l 3574 3670
l 3574 3612
l 3574 3664
l 3574 3728
l 3574 3716
l 3574 3680
l 3574 3722
l 3574 3729
l 3574 3723
l 3575 3837
l 3575 3859
l 3575 3838
l 3575 3579
l 3575 3840
l 3576 3848
l 3576 3610
l 3576 3585
l 3576 3846
l 3576 3850
l 3576 3847
l 3577 3592
l 3577 3601
l 3577 3855
l 3577 3621
l 3577 3840
l 3577 3858
l 3577 3854
l 3577 3579
l 3577 3844
l 3578 3608
l 3578 3843
l 3578 3842
l 3578 3611
l 3578 3833
l 3578 3765
l 3578 3714
l 3578 3715
l 3578 3835
l 3579 3844
l 3579 3840
l 3579 3592
l 3579 3837
l 3579 3859
l 3579 3621
l 3579 3582
l 3580 3860
l 3580 3638
l 3580 3626
l 3580 3831
l 3580 3605
l 3581 3625
l 3581 3593
l 3581 3594
l 3581 4023
l 3581 3597
l 3581 3596
l 3581 3615
l 3581 3609
l 3581 4030
l 3581 4026
l 3582 3845
l 3582 3619
l 3582 3844
l 3582 3589
l 3582 3592
l 3583 3661
l 3583 3631
l 3583 3608
l 3583 3628
l 3583 3715
l 3583 3586
l 3583 3714
l 3583 3607
l 3583 3618
l 3584 3641
l 3584 3673
l 3584 3590
l 3584 3685
l 3584 3681
l 3584 3730
l 3584 3739
l 3584 3738
l 3584 3749
l 3584 3648
l 3585 3853
l 3585 3848
l 3585 3850
l 3585 3610
l 3586 3714
l 3586 3618
l 3586 3629
l 3586 3631
l 3586 3613
l 3586 3608
l 3586 3841
l 3586 3661
l 3587 3633
l 3587 3588
l 3587 3856
l 3587 3854
l 3587 3858
l 3587 3624
l 3588 3856
l 3588 3633
l 3588 3854
l 3588 3624
l 3589 3619
l 3589 3845
l 3589 3853
l 3589 3624
l 3590 3673
l 3590 3679
l 3590 3650
l 3590 3641
l 3590 3749
l 3590 3730
l 3590 3734
l 3590 3685
l 3590 3681
l 3591 3853
l 3591 3850
l 3591 3627
l 3591 3863
l 3591 3849
l 3591 3862
l 3592 3840
l 3592 3601
l 3592 3855
l 3592 3621
l 3592 3854
l 3592 3858
l 3592 3844
l 3593 3594
l 3593 4023
l 3593 3625
l 3593 3597
l 3593 3615
l 3593 3609
l 3593 3596
l 3593 4030
l 3593 4026
l 3594 3625
l 3594 4023
l 3594 3597
l 3594 3596
l 3594 4030
l 3594 3615
l 3594 3609
l 3594 4026
l 3595 3598
l 3595 3609
l 3595 3861
l 3595 3615
l 3595 3597
l 3595 4023
l 3595 3857
l 3596 4030
l 3596 4026
l 3596 3625
l 3596 4023
l 3597 3615
l 3597 4023
l 3597 3609
l 3597 3625
l 3597 3598
l 3598 3861
l 3598 3609
l 3598 3615
l 3598 3857
l 3598 4023
l 3599 3802
l 3599 3801
l 3599 3600
l 3599 3851
l 3599 3805
l 3599 3803
l 3599 3852
l 3599 3634
l 3599 3862
l 3600 3803
l 3600 3802
l 3600 3634
l 3600 3801
l 3600 3851
l 3600 3805
l 3600 3804
l 3600 3823
l 3601 3855
l 3601 3621
l 3601 3858
l 3601 3840
l 3601 3854
l 3602 3628
l 3602 3846
l 3602 3610
l 3602 3607
l 3602 3715
l 3603 3683
l 3603 3707
l 3603 3675
l 3603 3666
l 3603 3735
l 3603 3721
l 3603 3718
l 3603 3722
l 3604 3630
l 3604 3704
l 3604 3662
l 3604 3674
l 3604 3614
l 3604 3667
l 3604 3710
l 3604 3713
l 3604 3657
l 3604 3708
l 3605 3857
l 3605 3831
l 3605 3861
l 3605 3638
l 3606 3684
l 3606 3632
l 3606 3705
l 3606 3668
l 3606 3674
l 3606 3758
l 3606 3762
l 3606 3658
l 3606 3706
l 3606 3662
l 3607 3628
l 3607 3715
l 3607 3846
l 3607 3610
l 3607 3661
l 3608 3714
l 3608 3843
l 3608 3841
l 3608 3842
l 3608 3631
l 3608 3629
l 3609 3615
l 3609 4023
l 3609 3625
l 3609 3861
l 3610 3846
l 3610 3848
l 3610 3847
l 3610 3628
l 3611 3839
l 3611 3833
l 3611 3842
l 3611 3765
l 3611 3835
l 3611 3836
l 3611 3776
l 3612 3664
l 3612 3670
l 3612 3680
l 3612 3728
l 3612 3620
l 3612 3723
l 3612 3729
l 3612 3716
l 3612 3676
l 3613 3629
l 3613 3760
l 3613 3834
l 3613 3639
l 3613 3669
l 3613 3841
l 3613 3761
l 3613 3714
l 3613 3636
l 3614 3708
l 3614 3717
l 3614 3736
l 3614 3711
l 3614 3640
l 3614 3832
l 3614 3674
l 3614 3719
l 3614 3726
l 3615 4023
l 3615 3625
l 3615 3861
l 3616 3622
l 3616 3677
l 3616 3650
l 3616 3732
l 3616 3724
l 3616 3617
l 3616 3671
l 3616 3734
l 3616 3679
l 3617 3671
l 3617 3635
l 3617 3663
l 3617 3676
l 3617 3727
l 3617 3733
l 3617 3677
l 3617 3731
l 3618 3631
l 3618 3659
l 3618 3714
l 3618 3661
l 3618 3629
l 3618 3713
l 3618 3657
l 3619 3845
l 3619 3853
l 3619 3844
l 3619 3624
l 3620 3635
l 3620 3676
l 3620 3680
l 3620 3663
l 3620 3723
l 3620 3731
l 3620 3670
l 3620 3733
l 3621 3840
l 3621 3859
l 3621 3855
l 3621 3837
l 3622 3677
l 3622 3650
l 3622 3732
l 3622 3724
l 3622 3734
l 3622 3679
l 3622 3671
l 3623 4027
l 3623 4029
l 3623 4022
l 3624 3633
l 3624 3845
l 3624 3856
l 3624 3854
l 3625 4023
l 3625 4030
l 3625 4026
l 3626 3860
l 3626 3638
l 3626 3858
l 3626 3831
l 3626 3633
l 3627 3863
l 3627 3849
l 3627 3862
l 3627 3852
l 3627 3850
l 3627 3851
l 3627 3805
l 3628 3715
l 3628 3846
l 3628 3661
l 3629 3714
l 3629 3760
l 3629 3834
l 3629 3639
l 3629 3841
l 3629 3669
l 3629 3667
l 3630 3662
l 3630 3704
l 3630 3674
l 3630 3710
l 3630 3657
l 3630 3713
l 3630 3708
l 3630 3667
l 3631 3661
l 3631 3659
l 3631 3714
l 3632 3658
l 3632 3705
l 3632 3668
l 3632 3706
l 3632 3684
l 3632 3712
l 3632 3660
l 3632 3665
l 3632 3758
l 3633 3856
l 3633 3854
l 3634 3803
l 3634 3804
l 3634 3823
l 3634 3802
l 3634 3807
l 3634 3809
l 3634 3801
l 3634 3851
l 3635 3676
l 3635 3663
l 3635 3671
l 3635 3727
l 3635 3733
l 3635 3731
l 3635 3680
l 3636 3799
l 3636 3797
l 3636 3766
l 3636 3639
l 3636 3834
l 3636 3841
l 3636 3798
l 3636 3761
l 3637 4020
l 3637 4015
l 3637 4011
l 3637 4017
l 3637 4002
l 3637 4014
l 3638 3831
l 3638 3860
l 3638 3857
l 3639 3834
l 3639 3797
l 3639 3761
l 3639 3841
l 3639 3760
l 3639 3799
l 3639 3798
l 3640 3832
l 3640 3669
l 3640 3710
l 3640 3717
l 3640 3667
l 3640 3708
l 3640 3760
l 3640 3704
l 3641 3685
l 3641 3681
l 3641 3673
l 3641 3648
l 3641 3738
l 3641 3739
l 3641 3730
l 3641 3672
l 3642 3653
l 3642 3686
l 3642 3651
l 3642 3646
l 3642 3647
l 3642 3644
l 3642 3696
l 3642 3743
l 3642 3745
l 3642 3752
l 3643 3649
l 3643 3654
l 3643 3656
l 3643 3655
l 3643 3694
l 3643 3693
l 3643 3690
l 3643 3698
l 3643 3644
l 3643 3699
l 3644 3647
l 3644 3655
l 3644 3653
l 3644 3699
l 3644 3649
l 3644 3690
l 3644 3686
l 3644 3694
l 3645 3652
l 3645 3646
l 3645 3651
l 3645 3678
l 3645 3696
l 3645 3750
l 3645 3747
l 3645 3648
l 3645 3653
l 3646 3651
l 3646 3653
l 3646 3696
l 3646 3652
l 3646 3686
l 3646 3678
l 3646 3747
l 3646 3647
l 3647 3655
l 3647 3653
l 3647 3686
l 3647 3699
l 3647 3649
l 3647 3690
l 3647 3651
l 3648 3681
l 3648 3672
l 3648 3685
l 3648 3738
l 3648 3737
l 3648 3739
l 3648 3748
l 3648 3652
l 3649 3655
l 3649 3694
l 3649 3654
l 3649 3693
l 3649 3656
l 3649 3690
l 3649 3699
l 3649 3698
l 3650 3679
l 3650 3734
l 3650 3677
l 3650 3749
l 3650 3732
l 3650 3673
l 3651 3653
l 3651 3696
l 3651 3652
l 3651 3686
l 3651 3678
l 3651 3747
l 3652 3678
l 3652 3696
l 3652 3750
l 3652 3747
l 3652 3653
l 3653 3686
l 3653 3696
l 3653 3655
l 3653 3743
l 3653 3745
l 3654 3656
l 3654 3698
l 3654 3693
l 3654 3687
l 3654 3691
l 3654 3694
l 3654 3655
l 3654 3697
l 3655 3690
l 3655 3694
l 3655 3699
l 3655 3693
l 3656 3698
l 3656 3693
l 3656 3687
l 3656 3691
l 3656 3694
l 3656 3697
l 3657 3713
l 3657 3704
l 3657 3667
l 3657 3710
l 3657 3662
l 3657 3669
l 3658 3660
l 3658 3665
l 3658 3706
l 3658 3712
l 3658 3709
l 3658 3725
l 3658 3720
l 3658 3757
l 3659 3661
l 3659 3713
l 3659 3667
l 3659 3714
l 3660 3665
l 3660 3706
l 3660 3712
l 3660 3709
l 3660 3720
l 3660 3757
l 3660 3725
l 3660 3756
l 3661 3714
l 3662 3674
l 3662 3704
l 3662 3684
l 3662 3708
l 3662 3710
l 3662 3713
l 3663 3676
l 3663 3733
l 3663 3727
l 3663 3671
l 3663 3731
l 3663 3724
l 3664 3670
l 3664 3728
l 3664 3680
l 3664 3723
l 3664 3729
l 3664 3716
l 3664 3722
l 3665 3706
l 3665 3712
l 3665 3709
l 3665 3720
l 3665 3757
l 3665 3756
l 3665 3725
l 3666 3721
l 3666 3735
l 3666 3707
l 3666 3683
l 3666 3675
l 3666 3718
l 3666 3780
l 3667 3713
l 3667 3669
l 3667 3704
l 3667 3710
l 3667 3832
l 3667 3760
l 3668 3705
l 3668 3758
l 3668 3762
l 3668 3684
l 3668 3759
l 3668 3725
l 3668 3719
l 3668 3736
l 3669 3832
l 3669 3710
l 3669 3760
l 3669 3713
l 3669 3704
l 3670 3728
l 3670 3680
l 3670 3729
l 3670 3723
l 3670 3716
l 3670 3676
l 3671 3727
l 3671 3733
l 3671 3676
l 3671 3677
l 3671 3731
l 3671 3724
l 3672 3681
l 3672 3737
l 3672 3738
l 3672 3748
l 3672 3739
l 3672 3685
l 3672 3750
l 3673 3749
l 3673 3730
l 3673 3679
l 3673 3685
l 3673 3734
l 3673 3739
l 3673 3681
l 3674 3708
l 3674 3711
l 3674 3684
l 3674 3736
l 3674 3682
l 3674 3719
l 3675 3735
l 3675 3707
l 3675 3683
l 3675 3718
l 3675 3721
l 3675 3722
l 3676 3733
l 3676 3727
l 3676 3731
l 3676 3680
l 3676 3723
l 3677 3732
l 3677 3724
l 3677 3727
l 3677 3734
l 3678 3747
l 3678 3696
l 3678 3750
l 3678 3752
l 3678 3743
l 3678 3686
l 3679 3734
l 3679 3749
l 3679 3730
l 3679 3732
l 3680 3723
l 3680 3729
l 3680 3728
l 3680 3731
l 3681 3685
l 3681 3738
l 3681 3739
l 3681 3737
l 3681 3748
l 3682 3711
l 3682 3708
l 3682 3736
l 3682 3717
l 3682 3719
l 3682 3710
l 3682 3684
l 3682 3726
l 3683 3707
l 3683 3735
l 3683 3721
l 3683 3718
l 3683 3722
l 3684 3705
l 3684 3711
l 3684 3719
l 3684 3708
l 3684 3736
l 3684 3758
l 3684 3762
l 3685 3739
l 3685 3738
l 3685 3737
l 3685 3730
l 3686 3743
l 3686 3745
l 3686 3752
l 3686 3696
l 3686 3742
l 3686 3751
l 3687 3691
l 3687 3698
l 3687 3755
l 3687 3744
l 3687 3697
l 3687 3693
l 3687 3754
l 3687 3753
l 3688 3695
l 3688 3689
l 3688 3700
l 3688 3697
l 3688 3702
l 3688 3701
l 3688 3703
l 3688 3692
l 3688 3691
l 3689 3700
l 3689 3695
l 3689 3702
l 3689 3701
l 3689 3692
l 3689 3703
l 3689 3697
l 3689 3691
l 3690 3699
l 3690 3694
l 3690 3746
l 3690 3740
l 3690 3741
l 3690 3693
l 3690 3754
l 3690 3742
l 3691 3697
l 3691 3698
l 3691 3700
l 3691 3755
l 3691 3695
l 3692 3703
l 3692 3702
l 3692 3701
l 3692 3695
l 3692 3700
l 3692 3697
l 3693 3694
l 3693 3698
l 3693 3754
l 3693 3744
l 3693 3740
l 3694 3699
l 3694 3740
l 3694 3746
l 3694 3698
l 3694 3754
l 3694 3741
l 3695 3700
l 3695 3701
l 3695 3702
l 3695 3703
l 3695 3697
l 3696 3747
l 3696 3752
l 3696 3743
l 3696 3750
l 3696 3745
l 3697 3700
l 3697 3702
l 3697 3701
l 3697 3703
l 3698 3744
l 3698 3754
l 3698 3755
l 3698 3753
l 3699 3746
l 3699 3740
l 3699 3741
l 3699 3742
l 3699 3751
l 3700 3701
l 3700 3702
l 3700 3703
l 3701 3703
l 3701 3702
l 3702 3703
l 3704 3713
l 3704 3710
l 3705 3758
l 3705 3762
l 3705 3759
l 3705 3719
l 3705 3711
l 3705 3736
l 3706 3712
l 3706 3709
l 3706 3725
l 3706 3757
l 3706 3720
l 3706 3756
l 3707 3735
l 3707 3718
l 3707 3721
l 3707 3722
l 3708 3736
l 3708 3711
l 3708 3717
l 3708 3719
l 3708 3726
l 3709 3712
l 3709 3757
l 3709 3725
l 3709 3720
l 3709 3756
l 3709 3775
l 3710 3832
l 3710 3713
l 3711 3736
l 3711 3719
l 3711 3717
l 3711 3726
l 3712 3757
l 3712 3725
l 3712 3720
l 3712 3756
l 3712 3758
l 3714 3841
l 3714 3834
l 3714 3843
l 3716 3722
l 3716 3728
l 3716 3789
l 3716 3786
l 3716 3793
l 3716 3787
l 3716 3729
l 3716 3783
l 3717 3736
l 3717 3719
l 3717 3726
l 3717 3832
l 3717 3767
l 3718 3735
l 3718 3721
l 3718 3790
l 3718 3784
l 3718 3722
l 3718 3788
l 3718 3785
l 3719 3726
l 3719 3736
l 3719 3759
l 3719 3767
l 3720 3756
l 3720 3757
l 3720 3777
l 3720 3772
l 3720 3774
l 3720 3725
l 3721 3735
l 3721 3780
l 3721 3779
l 3721 3773
l 3721 3781
l 3722 3789
l 3722 3787
l 3722 3793
l 3722 3792
l 3722 3794
l 3722 3786
l 3722 3783
l 3722 3728
l 3723 3729
l 3723 3728
l 3723 3731
l 3723 3733
l 3724 3732
l 3724 3727
l 3724 3733
l 3725 3757
l 3725 3758
l 3725 3762
l 3725 3763
l 3725 3759
l 3725 3775
l 3726 3736
l 3726 3767
l 3726 3764
l 3726 3796
l 3726 3759
l 3727 3733
l 3727 3731
l 3727 3732
l 3728 3729
l 3728 3786
l 3729 3731
l 3730 3749
l 3730 3739
l 3730 3738
l 3730 3734
l 3731 3733
l 3732 3734
l 3734 3749
l 3736 3767
l 3737 3738
l 3737 3748
l 3737 3739
l 3737 3750
l 3738 3739
l 3738 3748
l 3739 3748
l 3740 3741
l 3740 3746
l 3740 3754
l 3740 3753
l 3740 3744
l 3741 3746
l 3741 3754
l 3741 3753
l 3741 3744
l 3741 3742
l 3742 3751
l 3742 3745
l 3742 3743
l 3742 3746
l 3742 3752
l 3743 3745
l 3743 3752
l 3743 3751
l 3743 3747
l 3744 3753
l 3744 3754
l 3744 3755
l 3744 3746
l 3745 3752
l 3745 3751
l 3745 3747
l 3746 3754
l 3746 3753
l 3747 3750
l 3747 3752
l 3748 3750
l 3750 3752
l 3751 3752
l 3753 3754
l 3753 3755
l 3754 3755
l 3756 3757
l 3756 3777
l 3756 3772
l 3756 3774
l 3756 3775
l 3757 3775
l 3757 3774
l 3757 3763
l 3758 3762
l 3758 3759
l 3758 3769
l 3758 3771
l 3759 3762
l 3759 3769
l 3759 3771
l 3759 3768
l 3760 3832
l 3760 3834
l 3760 3761
l 3761 3770
l 3761 3778
l 3761 3798
l 3761 3834
l 3761 3832
l 3761 3797
l 3762 3769
l 3762 3771
l 3762 3768
l 3763 3768
l 3763 3775
l 3763 3769
l 3763 3774
l 3763 3771
l 3763 3772
l 3764 3796
l 3764 3767
l 3764 3800
l 3764 3771
l 3764 3769
l 3764 3770
l 3765 3833
l 3765 3842
l 3765 3835
l 3765 3776
l 3765 3839
l 3765 3843
l 3765 3836
l 3766 3799
l 3766 3797
l 3766 3841
l 3766 3834
l 3766 3798
l 3766 3778
l 3766 3843
l 3767 3796
l 3767 3800
l 3767 3771
l 3767 3769
l 3768 3775
l 3768 3769
l 3768 3771
l 3768 3774
l 3769 3771
l 3769 3796
l 3770 3778
l 3770 3798
l 3770 3800
l 3770 3797
l 3770 3796
l 3770 3834
l 3770 3832
l 3771 3796
l 3772 3777
l 3772 3774
l 3772 3779
l 3772 3773
l 3772 3781
l 3772 3775
l 3772 3780
l 3773 3781
l 3773 3779
l 3773 3780
l 3773 3791
l 3773 3777
l 3773 3785
l 3773 3790
l 3773 3774
l 3774 3777
l 3774 3775
l 3774 3779
l 3774 3781
l 3775 3777
l 3776 3835
l 3776 3833
l 3776 3836
l 3776 3839
l 3776 3842
l 3777 3779
l 3777 3781
l 3777 3780
l 3778 3798
l 3778 3800
l 3778 3797
l 3778 3834
l 3778 3796
l 3779 3781
l 3779 3780
l 3779 3791
l 3779 3785
l 3779 3790
l 3779 3788
l 3780 3781
l 3780 3791
l 3780 3785
l 3780 3790
l 3780 3788
l 3780 3784
l 3781 3791
l 3781 3785
l 3781 3790
l 3781 3788
l 3782 3784
l 3782 3788
l 3782 3792
l 3782 3794
l 3782 3790
l 3782 3787
l 3782 3793
l 3782 3785
l 3782 3789
l 3782 3791
l 3783 3795
l 3783 3786
l 3783 3789
l 3783 3793
l 3783 3787
l 3783 3794
l 3783 3792
l 3783 3784
l 3784 3788
l 3784 3790
l 3784 3785
l 3784 3792
l 3784 3794
l 3784 3791
l 3784 3787
l 3784 3793
l 3784 3789
l 3785 3790
l 3785 3791
l 3785 3788
l 3785 3792
l 3785 3794
l 3786 3795
l 3786 3789
l 3786 3793
l 3786 3787
l 3786 3794
l 3786 3792
l 3787 3793
l 3787 3789
l 3787 3794
l 3787 3792
l 3787 3795
l 3787 3788
l 3788 3790
l 3788 3791
l 3788 3792
l 3788 3794
l 3788 3793
l 3789 3793
l 3789 3795
l 3789 3794
l 3789 3792
l 3790 3791
l 3790 3792
l 3790 3794
l 3791 3792
l 3792 3794
l 3792 3793
l 3793 3794
l 3793 3795
l 3794 3795
l 3796 3800
l 3797 3798
l 3797 3834
l 3797 3799
l 3798 3834
l 3798 3800
l 3798 3799
l 3799 3834
l 3799 3841
l 3801 3805
l 3801 3851
l 3801 3852
l 3801 3802
l 3801 3862
l 3801 3863
l 3801 3849
l 3802 3803
l 3802 3851
l 3802 3805
l 3802 3852
l 3802 3804
l 3803 3804
l 3803 3823
l 3803 3807
l 3803 3851
l 3803 3805
l 3804 3823
l 3804 3807
l 3804 3809
l 3804 3806
l 3804 3808
l 3805 3851
l 3805 3852
l 3805 3862
l 3805 3849
l 3805 3863
l 3806 3808
l 3806 3810
l 3806 3809
l 3806 3815
l 3806 3827
l 3806 3807
l 3806 3813
l 3806 3824
l 3806 3823
l 3806 3826
l 3807 3809
l 3807 3823
l 3807 3808
l 3807 3810
l 3808 3810
l 3808 3815
l 3808 3827
l 3808 3813
l 3808 3809
l 3808 3824
l 3808 3826
l 3808 3825
l 3809 3823
l 3809 3810
l 3809 3815
l 3810 3815
l 3810 3827
l 3810 3813
l 3810 3824
l 3810 3826
l 3810 3825
l 3811 3812
l 3811 3822
l 3811 3816
l 3811 3819
l 3811 3830
l 3811 3820
l 3811 3817
l 3811 3818
l 3811 3828
l 3811 3821
l 3812 3816
l 3812 3822
l 3812 3830
l 3812 3817
l 3812 3820
l 3812 3819
l 3812 3818
l 3812 3828
l 3812 3821
l 3813 3824
l 3813 3827
l 3813 3815
l 3813 3826
l 3813 3825
l 3813 3814
l 3813 3818
l 3813 3817
l 3814 3825
l 3814 3818
l 3814 3826
l 3814 3817
l 3814 3824
l 3814 3820
l 3814 3816
l 3814 3827
l 3815 3827
l 3815 3824
l 3815 3826
l 3815 3825
l 3815 3818
l 3816 3822
l 3816 3817
l 3816 3820
l 3816 3830
l 3816 3818
l 3816 3819
l 3816 3828
l 3817 3818
l 3817 3820
l 3817 3825
l 3817 3822
l 3817 3830
l 3817 3826
l 3818 3825
l 3818 3820
l 3818 3826
l 3818 3822
l 3818 3830
l 3819 3822
l 3819 3830
l 3819 3828
l 3819 3821
l 3819 3820
l 3819 3829
l 3820 3830
l 3820 3822
l 3820 3828
l 3820 3829
l 3821 3828
l 3821 3829
l 3821 3830
l 3821 3822
l 3822 3830
l 3822 3828
l 3824 3827
l 3824 3826
l 3824 3825
l 3825 3826
l 3825 3827
l 3826 3827
l 3828 3829
l 3828 3830
l 3829 3830
l 3831 3860
l 3831 3857
l 3833 3835
l 3833 3842
l 3833 3839
l 3833 3836
l 3833 3843
l 3834 3841
l 3835 3842
l 3835 3839
l 3835 3836
l 3835 3843
l 3836 3839
l 3836 3838
l 3837 3859
l 3837 3840
l 3837 3838
l 3838 3839
l 3839 3842
l 3840 3859
l 3840 3855
l 3842 3843
l 3844 3845
l 3845 3854
l 3846 3848
l 3846 3847
l 3847 3848
l 3847 3850
l 3847 3849
l 3848 3850
l 3849 3863
l 3849 3850
l 3849 3852
l 3849 3862
l 3849 3851
l 3850 3863
l 3851 3852
l 3851 3862
l 3851 3863
l 3852 3862
l 3852 3863
l 3854 3855
l 3854 3858
l 3855 3858
l 3857 3861
l 3862 3863
l 3864 3865
l 3864 3866
l 3865 3866
l 3867 4986
l 3867 4192
l 3867 4970
l 3867 4892
l 3867 4190
l 3868 4887
l 3868 3869
l 3868 4889
l 3869 4887
l 3869 4889
l 3869 4888
l 3870 3871
l 3871 3872
l 3873 3897
l 3873 3875
l 3873 3930
l 3873 3921
l 3873 3922
l 3873 3874
l 3873 3927
l 3873 3876
l 3873 3931
l 3873 3928
l 3874 3897
l 3874 3875
l 3874 3899
l 3874 3896
l 3874 3922
l 3875 3897
l 3875 3876
l 3875 3922
l 3876 3878
l 3876 3927
l 3877 3888
l 3877 3937
l 3877 3889
l 3877 3890
l 3877 3887
l 3878 3879
l 3878 3932
l 3878 3927
l 3878 3900
l 3879 3900
l 3879 3932
l 3879 3924
l 3880 3900
l 3880 3892
l 3880 3891
l 3880 4049
l 3880 3924
l 3880 3906
l 3881 3885
l 3881 3962
l 3881 3963
l 3881 3961
l 3882 3903
l 3882 3966
l 3882 3902
l 3882 3964
l 3882 4937
l 3883 3884
l 3883 3902
l 3883 3962
l 3884 3902
l 3884 3962
l 3885 3963
l 3885 3961
l 3885 3886
l 3885 3962
l 3885 4949
l 3886 4949
l 3886 3887
l 3886 3963
l 3886 3907
l 3887 3963
l 3887 3889
l 3888 3889
l 3888 3937
l 3890 3936
l 3890 3905
l 3890 3937
l 3891 3892
l 3891 3906
l 3891 4051
l 3891 3900
l 3892 3906
l 3892 3901
l 3893 3967
l 3893 3894
l 3893 3895
l 3893 3898
l 3893 4938
l 3893 3965
l 3894 3968
l 3894 3967
l 3894 3895
l 3894 3965
l 3895 3965
l 3895 3904
l 3895 4938
l 3895 3967
l 3895 4939
l 3896 3898
l 3896 3899
l 3896 4935
l 3896 4936
l 3896 3929
l 3896 4934
l 3896 3967
l 3896 4932
l 3897 3922
l 3897 3899
l 3897 3898
l 3897 3929
l 3898 4935
l 3898 4936
l 3898 4162
l 3898 3967
l 3898 4934
l 3898 4932
l 3899 4162
l 3899 3967
l 3899 4935
l 3900 3932
l 3900 3924
l 3901 3906
l 3902 3962
l 3903 3964
l 3903 3904
l 3904 3964
l 3904 3965
l 3905 3936
l 3907 4949
l 3907 4950
l 3907 3908
l 3907 4940
l 3907 3961
l 3908 4940
l 3908 3961
l 3908 4950
l 3908 3909
l 3908 4942
l 3908 4949
l 3909 4073
l 3909 3925
l 3909 4074
l 3909 4940
l 3909 4950
l 3909 4941
l 3910 4077
l 3910 3912
l 3910 4076
l 3910 4954
l 3910 4075
l 3910 3911
l 3911 4078
l 3911 4080
l 3911 4076
l 3911 3919
l 3911 4955
l 3911 4077
l 3911 3912
l 3912 4954
l 3912 4955
l 3912 4076
l 3912 4077
l 3912 4075
l 3913 4052
l 3913 4109
l 3913 4806
l 3913 3920
l 3913 4799
l 3914 3927
l 3915 3951
l 3915 3928
l 3915 3917
l 3915 3952
l 3915 3954
l 3915 3916
l 3916 4911
l 3917 3918
l 3917 3954
l 3917 3934
l 3917 4908
l 3917 4173
l 3918 4173
l 3918 4171
l 3918 3934
l 3918 4908
l 3919 4080
l 3919 4078
l 3919 4076
l 3919 4955
l 3920 4080
l 3920 4078
l 3920 4955
l 3921 3930
l 3921 3923
l 3921 3927
l 3921 3931
l 3922 3928
l 3922 3929
l 3922 3950
l 3922 3931
l 3922 3951
l 3922 3930
l 3922 3952
l 3922 4936
l 3923 3931
l 3923 4910
l 3923 3930
l 3923 3949
l 3923 3952
l 3924 4049
l 3924 3932
l 3924 4067
l 3924 4050
l 3924 4051
l 3925 4074
l 3925 4073
l 3925 4950
l 3925 3926
l 3925 4923
l 3926 4072
l 3926 4075
l 3927 3930
l 3928 3951
l 3928 3950
l 3928 3929
l 3928 3952
l 3928 3931
l 3929 4936
l 3929 3951
l 3929 3950
l 3929 4934
l 3929 4932
l 3930 3931
l 3930 3952
l 3930 3949
l 3931 3952
l 3931 3949
l 3932 4049
l 3932 4067
l 3933 4172
l 3933 4908
l 3933 4170
l 3933 4173
l 3933 3934
l 3934 4908
l 3934 3954
l 3934 4173
l 3934 4172
l 3934 4907
l 3935 4907
l 3935 3958
l 3935 4945
l 3935 4944
l 3935 4178
l 3935 3956
l 3935 4172
l 3936 3937
l 3937 4953
l 3938 3942
l 3938 3943
l 3938 4058
l 3938 4322
l 3938 4324
l 3938 4811
l 3938 3946
l 3939 4040
l 3939 4721
l 3939 4322
l 3939 3946
l 3939 4982
l 3939 4724
l 3939 3941
l 3940 4734
l 3940 4983
l 3940 4733
l 3940 4848
l 3940 4735
l 3940 4916
l 3940 4699
l 3940 4946
l 3941 4322
l 3941 4724
l 3941 4323
l 3941 4707
l 3942 4811
l 3942 4059
l 3942 4324
l 3942 3943
l 3942 4058
l 3943 4058
l 3943 4038
l 3943 3946
l 3943 4040
l 3943 4322
l 3944 4733
l 3944 4042
l 3944 4863
l 3944 4849
l 3944 4983
l 3944 4894
l 3944 4848
l 3945 4321
l 3945 4039
l 3945 4849
l 3945 4863
l 3945 4993
l 3945 4860
l 3946 4040
l 3946 4038
l 3946 4058
l 3946 4322
l 3947 4969
l 3947 4930
l 3947 4187
l 3947 4970
l 3947 3948
l 3947 4892
l 3948 4931
l 3948 4861
l 3948 4930
l 3948 4973
l 3948 4866
l 3948 4980
l 3948 4161
l 3948 4977
l 3949 3952
l 3949 4910
l 3950 4976
l 3950 3951
l 3950 3952
l 3950 4932
l 3950 4936
l 3951 3955
l 3951 3954
l 3953 4938
l 3953 4907
l 3953 3955
l 3953 4934
l 3953 4939
l 3954 4908
l 3954 3955
l 3955 4934
l 3955 4908
l 3955 4907
l 3956 3957
l 3956 4939
l 3956 4941
l 3956 4945
l 3957 3960
l 3957 4178
l 3957 4945
l 3957 4073
l 3957 3959
l 3958 4944
l 3958 4907
l 3958 4172
l 3958 4945
l 3959 4179
l 3959 4943
l 3959 4174
l 3959 3960
l 3960 4073
l 3960 4943
l 3960 4179
l 3960 4074
l 3961 4940
l 3961 4942
l 3961 4949
l 3962 3963
l 3964 3965
l 3964 4937
l 3965 4939
l 3965 4938
l 3965 3967
l 3966 4942
l 3967 4938
l 3967 4934
l 3967 4935
l 3968 4165
l 3968 4166
l 3969 4867
l 3969 4866
l 3969 4169
l 3969 4981
l 3969 4164
l 3969 4931
l 3970 3971
l 3970 4191
l 3970 3972
l 3970 4854
l 3970 4186
l 3971 4186
l 3971 4191
l 3971 4187
l 3972 4191
l 3972 4854
l 3972 4996
l 3973 4147
l 3973 4143
l 3974 3975
l 3974 4146
l 3974 3985
l 3975 3986
l 3975 3985
l 3976 3997
l 3976 3993
l 3976 3977
l 3977 3992
l 3977 3990
l 3978 3980
l 3978 3979
l 3979 3980
l 3981 3982
l 3981 4145
l 3981 4148
l 3981 4144
l 3982 4148
l 3982 3983
l 3983 4148
l 3984 4143
l 3984 4138
l 3985 3986
l 3985 3988
l 3986 3988
l 3987 3993
l 3987 3988
l 3988 3989
l 3989 4151
l 3991 3996
l 3992 3997
l 3993 3997
l 3994 4000
l 3994 3998
l 3994 3995
l 3994 4008
l 3994 4001
l 3994 4010
l 3994 4004
l 3995 4000
l 3995 4008
l 3995 4001
l 3995 4005
l 3995 3998
l 3995 3997
l 3996 3999
l 3998 4008
l 3998 4004
l 3998 4001
l 3998 4010
l 3998 4000
l 3999 4005
l 3999 4001
l 3999 4004
l 4000 4008
l 4000 4001
l 4001 4005
l 4001 4004
l 4001 4008
l 4002 4015
l 4002 4011
l 4002 4014
l 4002 4007
l 4002 4020
l 4003 4009
l 4003 4007
l 4003 4010
l 4003 4006
l 4004 4008
l 4004 4010
l 4004 4005
l 4004 4006
l 4005 4008
l 4006 4010
l 4006 4009
l 4006 4008
l 4007 4014
l 4007 4009
l 4008 4010
l 4009 4010
l 4011 4015
l 4011 4020
l 4011 4014
l 4011 4017
l 4012 4013
l 4012 4016
l 4012 4019
l 4012 4017
l 4013 4016
l 4013 4019
l 4013 4018
l 4014 4015
l 4014 4020
l 4015 4020
l 4015 4017
l 4016 4019
l 4016 4018
l 4017 4019
l 4017 4020
l 4018 4028
l 4018 4021
l 4018 4025
l 4018 4024
l 4019 4020
l 4021 4024
l 4021 4028
l 4021 4025
l 4021 4022
l 4021 4029
l 4022 4029
l 4022 4024
l 4022 4025
l 4022 4027
l 4024 4025
l 4024 4028
l 4024 4029
l 4025 4028
l 4025 4029
l 4026 4030
l 4026 4027
l 4027 4029
l 4027 4030
l 4031 4904
l 4031 4857
l 4031 4036
l 4032 4033
l 4032 4036
l 4032 4034
l 4032 4857
l 4033 4034
l 4033 4036
l 4034 4035
l 4035 4188
l 4036 4857
l 4037 4865
l 4037 4105
l 4037 4106
l 4037 4090
l 4037 4044
l 4037 4862
l 4037 4805
l 4038 4058
l 4038 4102
l 4038 4774
l 4038 4057
l 4038 4101
l 4038 4040
l 4039 4863
l 4039 4996
l 4039 4850
l 4039 4854
l 4039 4849
l 4040 4322
l 4040 4982
l 4041 4921
l 4041 4920
l 4041 4946
l 4041 4732
l 4042 4863
l 4042 4850
l 4042 4896
l 4042 4894
l 4042 4733
l 4042 4983
l 4043 4105
l 4043 4805
l 4043 4677
l 4043 4797
l 4043 4131
l 4044 4862
l 4044 4090
l 4044 4971
l 4044 4865
l 4044 4965
l 4044 4104
l 4044 4045
l 4044 4899
l 4044 4129
l 4045 4965
l 4045 4947
l 4045 4798
l 4045 4926
l 4045 4924
l 4045 4046
l 4045 4801
l 4045 4862
l 4046 4947
l 4046 4124
l 4046 4801
l 4046 4924
l 4046 4128
l 4046 4127
l 4047 4048
l 4047 4110
l 4047 4121
l 4047 4807
l 4047 4125
l 4048 4110
l 4048 4121
l 4048 4807
l 4048 4113
l 4048 4120
l 4048 4108
l 4048 4112
l 4049 4050
l 4049 4051
l 4049 4067
l 4049 4806
l 4049 4108
l 4049 4107
l 4050 4806
l 4050 4051
l 4050 4067
l 4050 4107
l 4050 4108
l 4050 4109
l 4051 4806
l 4051 4067
l 4051 4109
l 4052 4799
l 4052 4109
l 4053 4799
l 4053 4808
l 4053 4054
l 4053 4900
l 4054 4906
l 4054 4900
l 4054 4902
l 4054 4055
l 4054 4905
l 4055 4902
l 4055 4087
l 4055 4906
l 4056 4962
l 4056 4972
l 4056 4961
l 4056 4774
l 4056 4963
l 4056 4960
l 4056 4087
l 4057 4102
l 4057 4804
l 4057 4771
l 4057 4058
l 4057 4774
l 4058 4771
l 4058 4102
l 4059 4803
l 4059 4063
l 4059 4811
l 4059 4323
l 4060 4156
l 4060 4989
l 4060 4984
l 4060 4759
l 4060 4210
l 4061 4718
l 4061 4317
l 4061 4327
l 4061 4707
l 4061 4314
l 4062 4864
l 4062 4704
l 4062 4871
l 4062 4315
l 4062 4851
l 4062 4065
l 4062 4700
l 4062 4683
l 4063 4326
l 4063 4201
l 4063 4314
l 4063 4327
l 4064 4065
l 4064 4318
l 4064 4316
l 4064 4990
l 4064 4872
l 4064 4864
l 4064 4851
l 4064 4871
l 4065 4864
l 4065 4318
l 4065 4851
l 4065 4871
l 4065 4847
l 4065 4330
l 4066 4718
l 4066 4317
l 4066 4728
l 4066 4319
l 4066 4707
l 4066 4328
l 4066 4700
l 4067 4108
l 4067 4807
l 4067 4806
l 4067 4107
l 4067 4109
l 4068 4114
l 4068 4802
l 4068 4159
l 4068 4103
l 4068 4118
l 4068 4158
l 4068 4155
l 4068 4771
l 4069 4963
l 4069 4118
l 4069 4103
l 4069 4119
l 4069 4154
l 4069 4804
l 4069 4088
l 4069 4972
l 4070 4116
l 4070 4800
l 4070 4948
l 4070 4117
l 4070 4153
l 4070 4111
l 4071 4120
l 4071 4125
l 4071 4117
l 4071 4110
l 4071 4116
l 4071 4113
l 4072 4075
l 4072 4951
l 4072 4950
l 4073 4074
l 4073 4941
l 4074 4923
l 4075 4954
l 4075 4077
l 4075 4951
l 4076 4955
l 4076 4077
l 4076 4078
l 4076 4954
l 4077 4954
l 4078 4080
l 4079 4083
l 4079 4957
l 4079 4081
l 4079 4082
l 4079 4958
l 4079 4085
l 4080 4955
l 4081 4082
l 4082 4084
l 4082 4083
l 4083 4085
l 4083 4957
l 4083 4084
l 4083 4086
l 4083 4960
l 4084 4085
l 4084 4906
l 4085 4086
l 4085 4957
l 4085 4960
l 4085 4961
l 4086 4087
l 4086 4961
l 4086 4906
l 4087 4919
l 4087 4962
l 4087 4906
l 4087 4902
l 4088 4115
l 4088 4972
l 4088 4119
l 4088 4089
l 4088 4963
l 4088 4919
l 4088 4962
l 4088 4964
l 4089 4964
l 4089 4115
l 4089 4971
l 4089 4119
l 4089 4104
l 4089 4899
l 4089 4948
l 4089 4919
l 4090 4104
l 4090 4865
l 4090 4971
l 4090 4862
l 4090 4154
l 4091 4095
l 4091 4092
l 4091 4093
l 4091 4094
l 4091 4096
l 4092 4093
l 4092 4094
l 4093 4094
l 4094 4095
l 4095 4096
l 4095 4097
l 4096 4097
l 4096 4098
l 4097 4098
l 4097 4100
l 4098 4099
l 4098 4100
l 4099 4101
l 4099 4100
l 4100 4959
l 4101 4774
l 4102 4774
l 4102 4804
l 4103 4118
l 4103 4804
l 4103 4114
l 4103 4802
l 4103 4963
l 4104 4971
l 4104 4119
l 4104 4154
l 4104 4899
l 4105 4677
l 4105 4106
l 4105 4131
l 4105 4805
l 4105 4865
l 4106 4131
l 4106 4130
l 4106 4677
l 4106 4865
l 4107 4112
l 4107 4109
l 4107 4108
l 4107 4806
l 4107 4808
l 4107 4807
l 4107 4121
l 4108 4121
l 4108 4807
l 4108 4112
l 4108 4806
l 4108 4109
l 4108 4808
l 4109 4808
l 4109 4806
l 4109 4799
l 4109 4112
l 4110 4120
l 4110 4113
l 4110 4121
l 4110 4111
l 4110 4807
l 4110 4116
l 4111 4113
l 4111 4120
l 4111 4112
l 4111 4116
l 4111 4800
l 4112 4808
l 4112 4113
l 4112 4121
l 4112 4807
l 4113 4121
l 4113 4120
l 4113 4807
l 4114 4159
l 4114 4118
l 4114 4160
l 4114 4991
l 4114 4155
l 4115 4919
l 4115 4948
l 4115 4964
l 4115 4972
l 4116 4117
l 4116 4120
l 4116 4800
l 4117 4153
l 4117 4120
l 4117 4948
l 4117 4925
l 4118 4154
l 4118 4805
l 4118 4119
l 4119 4963
l 4119 4154
l 4119 4972
l 4119 4971
l 4119 4964
l 4121 4807
l 4122 4929
l 4122 4126
l 4123 4127
l 4123 4928
l 4123 4126
l 4123 4124
l 4124 4127
l 4124 4128
l 4124 4924
l 4124 4947
l 4124 4801
l 4125 4128
l 4126 4929
l 4126 4928
l 4127 4924
l 4127 4928
l 4127 4927
l 4128 4801
l 4129 4926
l 4129 4862
l 4129 4965
l 4129 4904
l 4129 4927
l 4129 4130
l 4131 4677
l 4132 4136
l 4132 4150
l 4132 4152
l 4133 4139
l 4133 4151
l 4133 4140
l 4133 4137
l 4134 4141
l 4135 4152
l 4135 4136
l 4136 4152
l 4137 4140
l 4138 4143
l 4139 4140
l 4139 4151
l 4140 4151
l 4141 4150
l 4142 4149
l 4142 4152
l 4143 4147
l 4144 4145
l 4144 4148
l 4149 4152
l 4153 4948
l 4153 4925
l 4153 4964
l 4153 4899
l 4154 4805
l 4154 4963
l 4155 4987
l 4155 4991
l 4155 4159
l 4155 4158
l 4156 4210
l 4156 4759
l 4156 4984
l 4156 4320
l 4156 4324
l 4156 4811
l 4156 4803
l 4157 4158
l 4157 4987
l 4157 4320
l 4157 4786
l 4157 4984
l 4157 4802
l 4158 4987
l 4158 4802
l 4158 4786
l 4159 4991
l 4159 4160
l 4159 4987
l 4160 4991
l 4160 4988
l 4160 4797
l 4161 4981
l 4161 4966
l 4161 4978
l 4161 4967
l 4161 4163
l 4161 4166
l 4161 4933
l 4161 4167
l 4161 4165
l 4161 4931
l 4162 4935
l 4162 4166
l 4162 4933
l 4163 4933
l 4163 4978
l 4163 4977
l 4163 4932
l 4163 4935
l 4163 4166
l 4163 4967
l 4164 4981
l 4164 4968
l 4164 4867
l 4164 4169
l 4164 4966
l 4164 4167
l 4165 4166
l 4165 4167
l 4165 4168
l 4166 4978
l 4166 4967
l 4167 4168
l 4167 4967
l 4167 4915
l 4167 4966
l 4167 4918
l 4168 4915
l 4168 4918
l 4169 4897
l 4169 4867
l 4169 4981
l 4169 4968
l 4170 4172
l 4170 4173
l 4171 4173
l 4174 4179
l 4174 4943
l 4174 4176
l 4175 4176
l 4175 4178
l 4175 4676
l 4175 4177
l 4176 4178
l 4176 4676
l 4176 4944
l 4177 4676
l 4177 4944
l 4178 4945
l 4178 4944
l 4179 4943
l 4180 4184
l 4180 4181
l 4180 4340
l 4180 4341
l 4181 4184
l 4181 4333
l 4181 4341
l 4182 4340
l 4182 4189
l 4182 4183
l 4183 4188
l 4183 4189
l 4183 4185
l 4183 4344
l 4184 4333
l 4185 4344
l 4185 4189
l 4185 4342
l 4185 4188
l 4186 4187
l 4186 4191
l 4186 4969
l 4187 4969
l 4187 4930
l 4188 4344
l 4188 4189
l 4188 4342
l 4189 4344
l 4189 4342
l 4190 4986
l 4190 4192
l 4190 4193
l 4192 4193
l 4192 4986
l 4193 4342
l 4193 4344
l 4194 4195
l 4194 4744
l 4194 4758
l 4194 4754
l 4194 4197
l 4194 4770
l 4194 4200
l 4195 4200
l 4195 4197
l 4195 4754
l 4195 4758
l 4195 4739
l 4195 4744
l 4195 4809
l 4195 4305
l 4195 4740
l 4196 4304
l 4196 4199
l 4196 4198
l 4196 4295
l 4196 4739
l 4196 4332
l 4196 4298
l 4197 4758
l 4197 4206
l 4197 4809
l 4197 4200
l 4197 4770
l 4197 4740
l 4198 4326
l 4198 4327
l 4198 4199
l 4198 4332
l 4199 4332
l 4199 4739
l 4199 4205
l 4199 4304
l 4199 4305
l 4199 4810
l 4199 4754
l 4200 4739
l 4200 4305
l 4200 4740
l 4200 4809
l 4200 4754
l 4200 4306
l 4200 4203
l 4201 4826
l 4201 4332
l 4201 4810
l 4201 4825
l 4201 4326
l 4201 4205
l 4201 4803
l 4202 4755
l 4202 4206
l 4202 4311
l 4203 4208
l 4203 4205
l 4203 4204
l 4203 4740
l 4203 4305
l 4203 4810
l 4203 4306
l 4203 4995
l 4203 4332
l 4204 4810
l 4204 4209
l 4204 4208
l 4204 4205
l 4204 4995
l 4204 4826
l 4204 4332
l 4204 4305
l 4205 4305
l 4205 4810
l 4205 4332
l 4205 4739
l 4205 4740
l 4205 4826
l 4206 4809
l 4206 4755
l 4206 4311
l 4206 4758
l 4207 4306
l 4207 4873
l 4207 4755
l 4207 4208
l 4207 4740
l 4207 4995
l 4207 4809
l 4208 4995
l 4208 4873
l 4208 4306
l 4208 4740
l 4208 4325
l 4209 4826
l 4209 4825
l 4209 4989
l 4209 4810
l 4209 4995
l 4210 4324
l 4210 4759
l 4210 4811
l 4210 4320
l 4210 4803
l 4210 4984
l 4210 4786
l 4211 4725
l 4211 4701
l 4211 4711
l 4211 4686
l 4211 4216
l 4212 4687
l 4212 4694
l 4212 4692
l 4212 4702
l 4212 4230
l 4212 4688
l 4213 4228
l 4213 4812
l 4213 4779
l 4213 4778
l 4213 4787
l 4214 4215
l 4214 4227
l 4214 4775
l 4214 4234
l 4214 4778
l 4214 4233
l 4215 4234
l 4215 4775
l 4215 4233
l 4215 4232
l 4215 4778
l 4215 4814
l 4216 4225
l 4216 4710
l 4216 4725
l 4216 4711
l 4216 4709
l 4216 4224
l 4216 4726
l 4217 4712
l 4217 4711
l 4217 4702
l 4217 4726
l 4217 4692
l 4217 4719
l 4217 4725
l 4218 4816
l 4219 4816
l 4219 4240
l 4219 4221
l 4219 4815
l 4220 4240
l 4220 4241
l 4220 4221
l 4220 4815
l 4220 4222
l 4221 4815
l 4221 4816
l 4221 4240
l 4221 4814
l 4222 4231
l 4222 4242
l 4222 4787
l 4222 4812
l 4223 4237
l 4223 4238
l 4223 4817
l 4223 4235
l 4223 4239
l 4224 4225
l 4224 4238
l 4224 4709
l 4224 4710
l 4225 4709
l 4225 4710
l 4225 4708
l 4226 4239
l 4226 4726
l 4226 4711
l 4227 4229
l 4228 4230
l 4228 4812
l 4229 4688
l 4229 4701
l 4229 4230
l 4229 4687
l 4229 4686
l 4230 4688
l 4230 4687
l 4231 4787
l 4231 4812
l 4231 4779
l 4231 4788
l 4232 4233
l 4232 4813
l 4232 4814
l 4232 4234
l 4232 4777
l 4232 4775
l 4233 4775
l 4233 4777
l 4233 4813
l 4233 4776
l 4233 4234
l 4234 4814
l 4234 4778
l 4234 4775
l 4234 4815
l 4235 4241
l 4235 4760
l 4236 4242
l 4236 4817
l 4236 4761
l 4237 4817
l 4237 4761
l 4237 4239
l 4238 4239
l 4239 4780
l 4239 4761
l 4240 4241
l 4240 4816
l 4243 4261
l 4243 4249
l 4243 4795
l 4243 4273
l 4243 4281
l 4243 4819
l 4244 4286
l 4244 4254
l 4244 4287
l 4244 4258
l 4244 4255
l 4245 4781
l 4245 4257
l 4245 4269
l 4245 4256
l 4245 4263
l 4246 4280
l 4246 4289
l 4246 4248
l 4246 4247
l 4246 4290
l 4246 4257
l 4247 4248
l 4247 4280
l 4247 4253
l 4247 4279
l 4247 4284
l 4248 4280
l 4248 4253
l 4248 4260
l 4249 4271
l 4249 4261
l 4249 4250
l 4249 4273
l 4250 4251
l 4250 4281
l 4250 4252
l 4250 4285
l 4250 4271
l 4251 4285
l 4251 4252
l 4251 4281
l 4251 4253
l 4252 4253
l 4252 4285
l 4252 4284
l 4253 4284
l 4253 4285
l 4253 4279
l 4254 4255
l 4254 4258
l 4254 4286
l 4254 4287
l 4255 4256
l 4255 4820
l 4255 4269
l 4255 4272
l 4256 4818
l 4256 4781
l 4256 4269
l 4256 4287
l 4256 4782
l 4257 4260
l 4258 4819
l 4258 4795
l 4258 4286
l 4259 4266
l 4259 4268
l 4259 4260
l 4259 4680
l 4259 4730
l 4260 4266
l 4260 4268
l 4261 4273
l 4261 4794
l 4261 4795
l 4261 4264
l 4262 4263
l 4262 4767
l 4262 4267
l 4263 4267
l 4263 4767
l 4263 4269
l 4263 4268
l 4264 4273
l 4265 4679
l 4265 4271
l 4265 4680
l 4265 4266
l 4265 4731
l 4265 4678
l 4267 4268
l 4268 4730
l 4269 4767
l 4269 4820
l 4270 4272
l 4270 4764
l 4270 4820
l 4270 4767
l 4271 4679
l 4272 4794
l 4272 4820
l 4273 4794
l 4274 4275
l 4276 4819
l 4276 4282
l 4276 4291
l 4276 4281
l 4276 4795
l 4277 4822
l 4277 4291
l 4277 4286
l 4277 4796
l 4278 4289
l 4278 4782
l 4278 4288
l 4278 4290
l 4279 4280
l 4279 4290
l 4279 4284
l 4280 4290
l 4280 4289
l 4281 4282
l 4282 4283
l 4284 4285
l 4286 4287
l 4286 4291
l 4287 4818
l 4287 4821
l 4287 4782
l 4288 4821
l 4288 4782
l 4288 4765
l 4289 4290
l 4291 4822
l 4291 4819
l 4291 4796
l 4292 4736
l 4292 4302
l 4292 4300
l 4292 4307
l 4293 4785
l 4293 4749
l 4293 4343
l 4294 4749
l 4294 4750
l 4295 4304
l 4295 4747
l 4295 4298
l 4295 4744
l 4295 4754
l 4295 4737
l 4295 4739
l 4296 4746
l 4296 4297
l 4296 4745
l 4296 4751
l 4297 4823
l 4297 4842
l 4297 4745
l 4297 4746
l 4297 4769
l 4297 4766
l 4298 4737
l 4298 4747
l 4298 4299
l 4298 4304
l 4299 4738
l 4299 4737
l 4299 4727
l 4299 4720
l 4300 4736
l 4300 4748
l 4300 4756
l 4300 4302
l 4301 4844
l 4301 4750
l 4302 4751
l 4303 4345
l 4303 4741
l 4304 4739
l 4304 4754
l 4304 4744
l 4304 4747
l 4304 4305
l 4305 4739
l 4305 4740
l 4305 4332
l 4305 4810
l 4305 4754
l 4305 4306
l 4306 4740
l 4306 4809
l 4306 4755
l 4306 4873
l 4307 4309
l 4307 4308
l 4307 4855
l 4307 4856
l 4307 4868
l 4308 4309
l 4308 4870
l 4308 4868
l 4309 4868
l 4309 4856
l 4309 4855
l 4309 4870
l 4310 4994
l 4310 4870
l 4310 4868
l 4310 4992
l 4311 4312
l 4313 4992
l 4313 4869
l 4314 4327
l 4314 4718
l 4314 4317
l 4314 4326
l 4314 4707
l 4315 4704
l 4315 4705
l 4315 4871
l 4315 4329
l 4315 4864
l 4315 4330
l 4315 4698
l 4315 4700
l 4316 4872
l 4316 4990
l 4316 4318
l 4316 4331
l 4316 4858
l 4316 4330
l 4317 4718
l 4317 4728
l 4317 4328
l 4317 4707
l 4317 4327
l 4318 4872
l 4318 4330
l 4318 4871
l 4318 4864
l 4318 4851
l 4319 4700
l 4319 4728
l 4319 4729
l 4319 4329
l 4319 4704
l 4319 4683
l 4320 4984
l 4320 4786
l 4320 4324
l 4320 4759
l 4321 4993
l 4321 4985
l 4321 4853
l 4322 4724
l 4322 4323
l 4323 4724
l 4324 4811
l 4324 4786
l 4324 4759
l 4324 4803
l 4325 4995
l 4325 4989
l 4325 4873
l 4326 4327
l 4327 4328
l 4327 4718
l 4328 4728
l 4328 4729
l 4329 4700
l 4329 4729
l 4329 4723
l 4329 4704
l 4329 4705
l 4329 4693
l 4329 4698
l 4330 4871
l 4330 4872
l 4330 4705
l 4330 4864
l 4330 4858
l 4331 4858
l 4331 4872
l 4331 4852
l 4331 4990
l 4332 4810
l 4332 4826
l 4338 4339
l 4342 4344
l 4343 4742
l 4343 4783
l 4345 4741
l 4346 4827
l 4346 4354
l 4346 4493
l 4346 4357
l 4346 4356
l 4346 4488
l 4346 4368
l 4346 4491
l 4346 4358
l 4346 4492
l 4347 4356
l 4347 4499
l 4347 4355
l 4347 4500
l 4347 4831
l 4347 4348
l 4347 4493
l 4347 4491
l 4347 4494
l 4348 4355
l 4348 4350
l 4348 4499
l 4348 4495
l 4348 4349
l 4348 4493
l 4348 4352
l 4348 4494
l 4348 4830
l 4349 4830
l 4349 4492
l 4349 4493
l 4349 4355
l 4349 4827
l 4349 4360
l 4349 4358
l 4349 4350
l 4349 4363
l 4350 4352
l 4350 4830
l 4350 4355
l 4350 4495
l 4350 4493
l 4350 4363
l 4350 4351
l 4350 4496
l 4351 4514
l 4351 4363
l 4351 4488
l 4351 4503
l 4351 4490
l 4351 4513
l 4351 4352
l 4351 4364
l 4351 4354
l 4351 4496
l 4352 4496
l 4352 4497
l 4352 4353
l 4352 4495
l 4352 4514
l 4352 4830
l 4352 4363
l 4353 4496
l 4353 4489
l 4353 4501
l 4353 4503
l 4353 4514
l 4353 4502
l 4353 4354
l 4354 4501
l 4354 4503
l 4354 4488
l 4354 4514
l 4354 4491
l 4354 4490
l 4354 4357
l 4355 4493
l 4355 4356
l 4355 4830
l 4355 4492
l 4355 4499
l 4355 4827
l 4356 4491
l 4356 4493
l 4356 4827
l 4356 4500
l 4357 4365
l 4357 4504
l 4357 4488
l 4357 4490
l 4357 4364
l 4357 4368
l 4357 4513
l 4357 4363
l 4358 4360
l 4358 4492
l 4358 4367
l 4358 4368
l 4358 4828
l 4358 4827
l 4358 4359
l 4358 4830
l 4358 4493
l 4359 4367
l 4359 4361
l 4359 4829
l 4359 4362
l 4359 4828
l 4359 4366
l 4359 4360
l 4359 4368
l 4359 4665
l 4360 4828
l 4360 4367
l 4360 4492
l 4360 4830
l 4360 4368
l 4360 4362
l 4360 4361
l 4361 4366
l 4361 4362
l 4361 4367
l 4361 4829
l 4361 4665
l 4361 4828
l 4361 4508
l 4361 4507
l 4362 4828
l 4362 4829
l 4362 4367
l 4362 4366
l 4362 4507
l 4362 4668
l 4362 4665
l 4363 4830
l 4363 4828
l 4363 4368
l 4363 4364
l 4363 4674
l 4363 4827
l 4364 4513
l 4364 4504
l 4364 4365
l 4364 4490
l 4364 4505
l 4364 4674
l 4364 4506
l 4364 4488
l 4365 4504
l 4365 4669
l 4365 4506
l 4365 4674
l 4365 4513
l 4365 4505
l 4365 4668
l 4365 4510
l 4366 4665
l 4366 4508
l 4366 4829
l 4366 4666
l 4366 4367
l 4366 4841
l 4366 4667
l 4367 4828
l 4367 4829
l 4367 4368
l 4367 4492
l 4368 4828
l 4368 4829
l 4368 4668
l 4368 4827
l 4369 4448
l 4369 4467
l 4369 4378
l 4369 4469
l 4369 4401
l 4369 4407
l 4369 4405
l 4369 4373
l 4369 4377
l 4369 4379
l 4370 4418
l 4370 4384
l 4370 4409
l 4370 4456
l 4370 4477
l 4370 4382
l 4370 4457
l 4370 4473
l 4370 4472
l 4370 4383
l 4371 4394
l 4371 4429
l 4371 4482
l 4371 4481
l 4371 4464
l 4371 4427
l 4371 4428
l 4371 4438
l 4371 4642
l 4371 4421
l 4372 4450
l 4372 4405
l 4372 4403
l 4372 4373
l 4372 4377
l 4372 4376
l 4372 4416
l 4372 4470
l 4372 4379
l 4372 4401
l 4373 4377
l 4373 4405
l 4373 4379
l 4373 4407
l 4373 4469
l 4373 4378
l 4373 4452
l 4373 4401
l 4373 4383
l 4373 4376
l 4374 4451
l 4374 4375
l 4374 4471
l 4374 4406
l 4374 4475
l 4374 4402
l 4374 4424
l 4374 4412
l 4374 4425
l 4374 4414
l 4375 4471
l 4375 4406
l 4375 4402
l 4375 4451
l 4375 4412
l 4375 4414
l 4375 4424
l 4375 4475
l 4375 4476
l 4376 4470
l 4376 4452
l 4376 4416
l 4376 4383
l 4376 4456
l 4376 4457
l 4376 4415
l 4376 4409
l 4376 4384
l 4376 4379
l 4377 4379
l 4377 4405
l 4377 4407
l 4377 4469
l 4377 4452
l 4377 4383
l 4377 4415
l 4377 4416
l 4378 4469
l 4378 4407
l 4378 4448
l 4378 4467
l 4378 4405
l 4378 4401
l 4378 4379
l 4379 4383
l 4379 4452
l 4379 4415
l 4379 4407
l 4379 4416
l 4379 4405
l 4379 4469
l 4380 4459
l 4380 4460
l 4380 4479
l 4380 4423
l 4380 4420
l 4380 4385
l 4380 4419
l 4380 4412
l 4380 4414
l 4380 4411
l 4381 4408
l 4381 4474
l 4381 4382
l 4381 4455
l 4381 4472
l 4381 4473
l 4381 4417
l 4381 4457
l 4381 4477
l 4381 4453
l 4382 4472
l 4382 4473
l 4382 4477
l 4382 4455
l 4382 4457
l 4382 4408
l 4382 4474
l 4382 4418
l 4383 4415
l 4383 4452
l 4383 4456
l 4383 4409
l 4383 4416
l 4383 4384
l 4383 4418
l 4383 4470
l 4384 4418
l 4384 4456
l 4384 4409
l 4384 4415
l 4384 4477
l 4384 4452
l 4384 4457
l 4384 4416
l 4385 4419
l 4385 4423
l 4385 4459
l 4385 4411
l 4385 4420
l 4385 4460
l 4385 4458
l 4385 4454
l 4385 4479
l 4386 4431
l 4386 4461
l 4386 4475
l 4386 4426
l 4386 4410
l 4386 4429
l 4386 4428
l 4386 4425
l 4386 4421
l 4386 4390
l 4387 4388
l 4387 4389
l 4387 4424
l 4387 4390
l 4387 4476
l 4387 4412
l 4387 4479
l 4387 4423
l 4387 4419
l 4388 4424
l 4388 4389
l 4388 4390
l 4388 4412
l 4388 4479
l 4388 4423
l 4388 4476
l 4388 4459
l 4389 4390
l 4389 4424
l 4389 4426
l 4389 4410
l 4389 4412
l 4389 4476
l 4389 4402
l 4389 4406
l 4390 4424
l 4390 4426
l 4390 4410
l 4390 4476
l 4390 4412
l 4390 4402
l 4390 4406
l 4391 4395
l 4391 4392
l 4391 4462
l 4391 4643
l 4391 4434
l 4391 4484
l 4391 4999
l 4391 4393
l 4391 4437
l 4391 4659
l 4392 4462
l 4392 4395
l 4392 4999
l 4392 4463
l 4392 4643
l 4392 4484
l 4392 4434
l 4392 4483
l 4392 4393
l 4393 4484
l 4393 4437
l 4393 4463
l 4393 4432
l 4393 4436
l 4393 4430
l 4393 4640
l 4393 4422
l 4393 4462
l 4394 4464
l 4394 4481
l 4394 4482
l 4394 4438
l 4394 4642
l 4394 4429
l 4394 4427
l 4394 4428
l 4394 4480
l 4395 4462
l 4395 4999
l 4395 4643
l 4395 4483
l 4395 4434
l 4395 4463
l 4395 4484
l 4395 5000
l 4396 4397
l 4396 4465
l 4396 4647
l 4396 4649
l 4396 4654
l 4396 4655
l 4396 4443
l 4396 4519
l 4396 4648
l 4396 4442
l 4397 4649
l 4397 4654
l 4397 4647
l 4397 4465
l 4397 4519
l 4397 4655
l 4397 4443
l 4397 4648
l 4397 4653
l 4398 4998
l 4398 4487
l 4398 4433
l 4398 4446
l 4398 4444
l 4398 5000
l 4398 4449
l 4398 4483
l 4398 4440
l 4398 4645
l 4399 4997
l 4399 4400
l 4399 4445
l 4399 4439
l 4399 4466
l 4399 4440
l 4399 4435
l 4399 4444
l 4399 4449
l 4399 4656
l 4400 4445
l 4400 4439
l 4400 4997
l 4400 4466
l 4400 4435
l 4400 4440
l 4400 4444
l 4400 4449
l 4400 4656
l 4401 4467
l 4401 4405
l 4401 4469
l 4401 4448
l 4401 4407
l 4401 4450
l 4402 4406
l 4402 4471
l 4402 4476
l 4402 4412
l 4402 4424
l 4402 4479
l 4403 4457
l 4403 4470
l 4403 4416
l 4403 4408
l 4403 4474
l 4403 4417
l 4404 4468
l 4404 4662
l 4404 4658
l 4404 4413
l 4404 4639
l 4404 4422
l 4404 4660
l 4404 4425
l 4404 4421
l 4404 4480
l 4405 4469
l 4405 4407
l 4405 4467
l 4405 4448
l 4406 4476
l 4406 4471
l 4406 4424
l 4406 4412
l 4406 4475
l 4406 4410
l 4407 4469
l 4407 4448
l 4407 4467
l 4408 4417
l 4408 4477
l 4408 4457
l 4408 4455
l 4408 4473
l 4408 4453
l 4408 4472
l 4408 4474
l 4409 4456
l 4409 4418
l 4409 4415
l 4409 4452
l 4409 4416
l 4409 4457
l 4410 4426
l 4410 4461
l 4410 4475
l 4410 4431
l 4410 4424
l 4410 4476
l 4411 4458
l 4411 4454
l 4411 4420
l 4411 4478
l 4411 4459
l 4411 4455
l 4411 4474
l 4411 4460
l 4411 4453
l 4412 4479
l 4412 4424
l 4412 4414
l 4412 4476
l 4412 4460
l 4413 4425
l 4413 4421
l 4413 4662
l 4413 4481
l 4413 4482
l 4413 4429
l 4413 4428
l 4413 4468
l 4413 4642
l 4413 4464
l 4414 4479
l 4414 4460
l 4414 4459
l 4414 4420
l 4414 4471
l 4414 4423
l 4414 4474
l 4415 4456
l 4415 4452
l 4415 4418
l 4415 4416
l 4416 4470
l 4416 4452
l 4416 4457
l 4416 4456
l 4416 4418
l 4417 4453
l 4417 4455
l 4417 4474
l 4417 4454
l 4417 4473
l 4417 4477
l 4417 4458
l 4418 4456
l 4418 4477
l 4418 4457
l 4418 4452
l 4419 4423
l 4419 4459
l 4419 4420
l 4419 4460
l 4419 4458
l 4419 4479
l 4419 4454
l 4420 4459
l 4420 4460
l 4420 4423
l 4420 4458
l 4420 4454
l 4420 4478
l 4420 4474
l 4421 4425
l 4421 4429
l 4421 4482
l 4421 4481
l 4421 4428
l 4421 4464
l 4422 4658
l 4422 4430
l 4422 4480
l 4422 4436
l 4422 4437
l 4422 4639
l 4422 4484
l 4422 4640
l 4422 4660
l 4423 4459
l 4423 4460
l 4423 4479
l 4423 4458
l 4424 4476
l 4424 4479
l 4425 4429
l 4425 4428
l 4425 4481
l 4425 4482
l 4425 4662
l 4425 4431
l 4426 4461
l 4426 4475
l 4426 4431
l 4427 4429
l 4427 4428
l 4427 4431
l 4427 4482
l 4427 4481
l 4427 4461
l 4427 4464
l 4427 4642
l 4428 4429
l 4428 4481
l 4428 4482
l 4428 4431
l 4429 4482
l 4429 4481
l 4429 4464
l 4429 4431
l 4430 4436
l 4430 4480
l 4430 4438
l 4430 4642
l 4430 4437
l 4430 4464
l 4430 4432
l 4430 4484
l 4431 4461
l 4431 4475
l 4432 4463
l 4432 4436
l 4432 4484
l 4432 4437
l 4432 4462
l 4432 4480
l 4432 4640
l 4433 4998
l 4433 4444
l 4433 4446
l 4433 4487
l 4433 4440
l 4433 5000
l 4433 4449
l 4433 4645
l 4433 4483
l 4434 4659
l 4434 4643
l 4434 4661
l 4434 4645
l 4434 4999
l 4434 4462
l 4434 4483
l 4435 4445
l 4435 4656
l 4435 4997
l 4435 4439
l 4435 4440
l 4435 4466
l 4435 4646
l 4435 4641
l 4436 4480
l 4436 4437
l 4436 4484
l 4436 4463
l 4436 4438
l 4436 4642
l 4437 4484
l 4437 4640
l 4437 4463
l 4437 4658
l 4438 4464
l 4438 4642
l 4438 4480
l 4438 4481
l 4438 4482
l 4439 4445
l 4439 4997
l 4439 4646
l 4439 4466
l 4439 4441
l 4439 4656
l 4439 4485
l 4440 4444
l 4440 4997
l 4440 4998
l 4440 4466
l 4440 4449
l 4440 4446
l 4440 4487
l 4441 4442
l 4441 4485
l 4441 4646
l 4441 4648
l 4441 4443
l 4441 4445
l 4441 4644
l 4441 4656
l 4442 4485
l 4442 4648
l 4442 4443
l 4442 4646
l 4442 4644
l 4442 4465
l 4442 4655
l 4442 4445
l 4443 4648
l 4443 4655
l 4443 4465
l 4443 4485
l 4443 4646
l 4443 4644
l 4443 4647
l 4444 4998
l 4444 4446
l 4444 4487
l 4444 4449
l 4444 5000
l 4444 4466
l 4444 4997
l 4445 4997
l 4445 4466
l 4445 4656
l 4445 4646
l 4446 4487
l 4446 4998
l 4446 4449
l 4446 5000
l 4446 4483
l 4446 4466
l 4447 4486
l 4447 4653
l 4447 4530
l 4447 4529
l 4447 4654
l 4447 4649
l 4447 4528
l 4447 4647
l 4448 4469
l 4448 4467
l 4449 4487
l 4449 4998
l 4449 4466
l 4449 5000
l 4449 4997
l 4450 4467
l 4450 4469
l 4451 4471
l 4451 4475
l 4452 4470
l 4452 4456
l 4452 4457
l 4453 4455
l 4453 4454
l 4453 4474
l 4453 4458
l 4453 4478
l 4453 4473
l 4454 4458
l 4454 4478
l 4454 4455
l 4454 4474
l 4454 4473
l 4454 4472
l 4455 4473
l 4455 4478
l 4455 4472
l 4455 4474
l 4455 4458
l 4456 4470
l 4457 4477
l 4457 4470
l 4458 4478
l 4458 4474
l 4458 4473
l 4458 4459
l 4458 4472
l 4459 4460
l 4459 4479
l 4460 4479
l 4461 4475
l 4462 4999
l 4462 4463
l 4462 4643
l 4462 4484
l 4463 4484
l 4464 4481
l 4464 4642
l 4464 4482
l 4464 4480
l 4465 4648
l 4465 4655
l 4465 4647
l 4465 4649
l 4465 4485
l 4465 4519
l 4466 4997
l 4466 4487
l 4467 4469
l 4468 4662
l 4468 4658
l 4468 4639
l 4468 4660
l 4468 4480
l 4470 4477
l 4471 4476
l 4471 4479
l 4472 4473
l 4472 4478
l 4472 4474
l 4472 4477
l 4473 4478
l 4473 4477
l 4473 4474
l 4474 4478
l 4476 4479
l 4480 4642
l 4480 4481
l 4480 4482
l 4481 4482
l 4481 4642
l 4482 4642
l 4483 5000
l 4483 4999
l 4483 4487
l 4483 4998
l 4483 4645
l 4484 4640
l 4484 4643
l 4485 4648
l 4485 4646
l 4485 4644
l 4486 4530
l 4486 4529
l 4486 4653
l 4486 4652
l 4486 4654
l 4486 4528
l 4486 4649
l 4486 4651
l 4486 4520
l 4487 4998
l 4487 5000
l 4488 4490
l 4488 4513
l 4488 4503
l 4488 4514
l 4488 4504
l 4489 4501
l 4489 4502
l 4489 4498
l 4489 4496
l 4489 4503
l 4489 4514
l 4490 4513
l 4490 4504
l 4490 4514
l 4490 4503
l 4490 4506
l 4491 4498
l 4491 4500
l 4491 4501
l 4491 4493
l 4491 4503
l 4492 4830
l 4492 4827
l 4492 4493
l 4492 4828
l 4493 4827
l 4493 4830
l 4494 4499
l 4494 4495
l 4494 4497
l 4495 4497
l 4495 4499
l 4495 4496
l 4496 4514
l 4496 4503
l 4496 4501
l 4496 4502
l 4496 4497
l 4497 4502
l 4498 4501
l 4498 4500
l 4498 4503
l 4499 4831
l 4500 4831
l 4500 4501
l 4501 4503
l 4501 4514
l 4503 4514
l 4503 4513
l 4504 4513
l 4504 4506
l 4504 4505
l 4504 4510
l 4504 4673
l 4505 4506
l 4505 4510
l 4505 4673
l 4505 4513
l 4505 4512
l 4505 4511
l 4506 4510
l 4506 4673
l 4506 4513
l 4506 4512
l 4506 4511
l 4507 4508
l 4507 4841
l 4507 4665
l 4507 4599
l 4507 4829
l 4507 4668
l 4507 4666
l 4508 4665
l 4508 4666
l 4508 4841
l 4508 4667
l 4508 4829
l 4508 4600
l 4509 4600
l 4509 4605
l 4509 4667
l 4509 4601
l 4509 4602
l 4509 4666
l 4509 4604
l 4509 4838
l 4509 4561
l 4509 4841
l 4510 4673
l 4510 4511
l 4510 4512
l 4510 4669
l 4510 4598
l 4510 4675
l 4511 4512
l 4511 4675
l 4511 4597
l 4511 4598
l 4511 4670
l 4511 4673
l 4511 4596
l 4512 4675
l 4512 4597
l 4512 4673
l 4512 4670
l 4512 4598
l 4512 4596
l 4513 4514
l 4515 4516
l 4515 4638
l 4515 4525
l 4515 4524
l 4515 4657
l 4515 4644
l 4515 4656
l 4515 4655
l 4515 4646
l 4515 4519
l 4516 4657
l 4516 4638
l 4516 4525
l 4516 4524
l 4516 4656
l 4516 4644
l 4516 4655
l 4516 4646
l 4517 4518
l 4517 4563
l 4517 4573
l 4517 4526
l 4517 4528
l 4517 4565
l 4517 4653
l 4517 4520
l 4517 4529
l 4517 4530
l 4518 4526
l 4518 4573
l 4518 4563
l 4518 4528
l 4518 4520
l 4518 4653
l 4518 4529
l 4518 4565
l 4518 4652
l 4519 4655
l 4519 4647
l 4519 4654
l 4519 4649
l 4519 4657
l 4519 4648
l 4520 4652
l 4520 4650
l 4520 4651
l 4520 4530
l 4520 4528
l 4520 4609
l 4520 4529
l 4520 4526
l 4521 4522
l 4521 4527
l 4521 4531
l 4521 4535
l 4521 4608
l 4521 4532
l 4521 4607
l 4521 4523
l 4521 4609
l 4521 4538
l 4522 4527
l 4522 4531
l 4522 4608
l 4522 4609
l 4522 4532
l 4522 4523
l 4522 4650
l 4522 4535
l 4522 4651
l 4523 4532
l 4523 4538
l 4523 4611
l 4523 4583
l 4523 4527
l 4523 4610
l 4523 4537
l 4523 4539
l 4524 4525
l 4524 4638
l 4524 4657
l 4524 4655
l 4524 4644
l 4524 4656
l 4525 4638
l 4525 4657
l 4525 4655
l 4525 4644
l 4525 4648
l 4526 4573
l 4526 4563
l 4526 4528
l 4526 4565
l 4526 4529
l 4526 4653
l 4526 4652
l 4527 4531
l 4527 4532
l 4527 4608
l 4527 4609
l 4527 4538
l 4527 4650
l 4527 4651
l 4528 4529
l 4528 4573
l 4528 4530
l 4528 4653
l 4528 4652
l 4529 4530
l 4529 4653
l 4529 4652
l 4529 4650
l 4530 4652
l 4530 4651
l 4530 4650
l 4530 4653
l 4530 4609
l 4531 4609
l 4531 4608
l 4531 4650
l 4531 4651
l 4531 4652
l 4531 4532
l 4531 4607
l 4532 4538
l 4532 4537
l 4532 4611
l 4532 4610
l 4532 4583
l 4533 4534
l 4533 4574
l 4533 4535
l 4533 4564
l 4533 4607
l 4533 4565
l 4533 4536
l 4533 4567
l 4533 4571
l 4534 4535
l 4534 4574
l 4534 4564
l 4534 4607
l 4534 4536
l 4534 4565
l 4534 4567
l 4535 4574
l 4535 4607
l 4535 4536
l 4535 4608
l 4536 4537
l 4536 4567
l 4536 4564
l 4536 4571
l 4536 4540
l 4536 4619
l 4536 4538
l 4537 4538
l 4537 4583
l 4537 4539
l 4537 4610
l 4537 4611
l 4537 4618
l 4537 4619
l 4538 4583
l 4538 4611
l 4538 4610
l 4538 4539
l 4538 4618
l 4539 4583
l 4539 4611
l 4539 4610
l 4539 4612
l 4539 4618
l 4539 4542
l 4539 4582
l 4540 4542
l 4540 4619
l 4540 4572
l 4540 4618
l 4540 4571
l 4540 4566
l 4540 4582
l 4541 4572
l 4541 4543
l 4541 4624
l 4541 4566
l 4541 4581
l 4541 4544
l 4541 4542
l 4541 4549
l 4541 4575
l 4542 4582
l 4542 4612
l 4542 4618
l 4542 4615
l 4542 4543
l 4542 4617
l 4542 4583
l 4542 4610
l 4543 4624
l 4543 4584
l 4543 4614
l 4543 4582
l 4543 4617
l 4543 4616
l 4543 4615
l 4543 4544
l 4544 4613
l 4544 4623
l 4544 4621
l 4544 4624
l 4544 4616
l 4544 4584
l 4544 4575
l 4544 4614
l 4545 4625
l 4545 4626
l 4545 4628
l 4545 4620
l 4545 4594
l 4545 4550
l 4545 4585
l 4545 4548
l 4545 4576
l 4545 4631
l 4546 4632
l 4546 4587
l 4546 4634
l 4546 4630
l 4546 4837
l 4546 4635
l 4546 4588
l 4546 4627
l 4546 4832
l 4546 4593
l 4547 4834
l 4547 4631
l 4547 4837
l 4547 4833
l 4547 4586
l 4547 4577
l 4547 4632
l 4547 4550
l 4547 4627
l 4548 4594
l 4548 4585
l 4548 4575
l 4548 4549
l 4548 4620
l 4548 4576
l 4548 4622
l 4548 4551
l 4549 4575
l 4549 4581
l 4549 4580
l 4549 4624
l 4549 4671
l 4549 4572
l 4549 4551
l 4550 4576
l 4550 4631
l 4550 4628
l 4550 4834
l 4550 4586
l 4550 4625
l 4550 4551
l 4550 4626
l 4551 4576
l 4551 4580
l 4551 4579
l 4551 4606
l 4551 4575
l 4551 4594
l 4551 4670
l 4552 4603
l 4552 4578
l 4552 4835
l 4552 4561
l 4552 4559
l 4552 4560
l 4552 4577
l 4552 4604
l 4552 4602
l 4552 4833
l 4553 4555
l 4553 4554
l 4553 4589
l 4553 4592
l 4553 4590
l 4553 4591
l 4553 4633
l 4553 4562
l 4553 4836
l 4553 4839
l 4554 4555
l 4554 4589
l 4554 4590
l 4554 4562
l 4554 4592
l 4554 4591
l 4554 4558
l 4554 4557
l 4554 4633
l 4555 4589
l 4555 4592
l 4555 4591
l 4555 4590
l 4555 4562
l 4555 4633
l 4555 4836
l 4555 4636
l 4556 4558
l 4556 4562
l 4556 4557
l 4556 4835
l 4556 4577
l 4556 4593
l 4556 4833
l 4557 4558
l 4557 4562
l 4557 4835
l 4557 4560
l 4557 4559
l 4557 4592
l 4558 4562
l 4558 4835
l 4558 4592
l 4558 4560
l 4558 4593
l 4559 4560
l 4559 4835
l 4559 4603
l 4559 4561
l 4559 4604
l 4559 4602
l 4560 4835
l 4560 4603
l 4560 4561
l 4560 4604
l 4560 4602
l 4561 4602
l 4561 4604
l 4561 4603
l 4561 4578
l 4561 4601
l 4561 4605
l 4562 4593
l 4562 4592
l 4562 4832
l 4562 4591
l 4563 4573
l 4563 4565
l 4563 4653
l 4563 4652
l 4564 4571
l 4564 4569
l 4564 4567
l 4564 4568
l 4564 4574
l 4564 4619
l 4565 4573
l 4565 4574
l 4565 4607
l 4566 4568
l 4566 4569
l 4566 4571
l 4566 4572
l 4566 4570
l 4566 4567
l 4566 4581
l 4567 4568
l 4567 4569
l 4567 4571
l 4568 4569
l 4568 4571
l 4568 4570
l 4568 4572
l 4569 4571
l 4569 4570
l 4569 4572
l 4570 4595
l 4570 4671
l 4570 4596
l 4570 4581
l 4570 4571
l 4570 4572
l 4571 4572
l 4571 4619
l 4572 4624
l 4572 4619
l 4572 4581
l 4573 4653
l 4574 4607
l 4574 4608
l 4574 4619
l 4575 4624
l 4575 4581
l 4575 4613
l 4575 4623
l 4575 4594
l 4576 4594
l 4576 4579
l 4576 4631
l 4576 4606
l 4576 4625
l 4576 4580
l 4577 4833
l 4577 4837
l 4577 4593
l 4577 4835
l 4577 4834
l 4578 4603
l 4578 4606
l 4578 4601
l 4578 4602
l 4578 4604
l 4578 4838
l 4578 4834
l 4578 4835
l 4579 4606
l 4579 4599
l 4579 4672
l 4579 4580
l 4579 4838
l 4579 4834
l 4580 4670
l 4580 4597
l 4580 4598
l 4580 4581
l 4580 4671
l 4581 4671
l 4581 4595
l 4581 4596
l 4582 4615
l 4582 4617
l 4582 4612
l 4582 4614
l 4582 4584
l 4582 4618
l 4583 4611
l 4583 4610
l 4583 4612
l 4583 4618
l 4584 4614
l 4584 4616
l 4584 4617
l 4584 4615
l 4584 4613
l 4584 4624
l 4584 4621
l 4585 4622
l 4585 4594
l 4585 4620
l 4585 4623
l 4585 4613
l 4585 4621
l 4585 4625
l 4586 4631
l 4586 4629
l 4586 4627
l 4586 4628
l 4586 4632
l 4586 4587
l 4586 4837
l 4587 4627
l 4587 4632
l 4587 4630
l 4587 4629
l 4587 4635
l 4587 4634
l 4587 4588
l 4587 4837
l 4588 4635
l 4588 4840
l 4588 4634
l 4588 4630
l 4588 4636
l 4588 4832
l 4588 4836
l 4588 4839
l 4588 4592
l 4589 4591
l 4589 4590
l 4589 4633
l 4589 4836
l 4589 4592
l 4589 4839
l 4589 4636
l 4590 4633
l 4590 4591
l 4590 4839
l 4590 4836
l 4590 4592
l 4590 4636
l 4591 4592
l 4591 4633
l 4591 4836
l 4591 4636
l 4591 4839
l 4592 4636
l 4592 4832
l 4592 4633
l 4592 4836
l 4592 4839
l 4593 4832
l 4593 4634
l 4593 4833
l 4593 4837
l 4593 4636
l 4594 4620
l 4594 4622
l 4594 4625
l 4594 4626
l 4594 4623
l 4595 4596
l 4595 4671
l 4595 4597
l 4595 4675
l 4596 4671
l 4596 4597
l 4596 4675
l 4597 4675
l 4597 4670
l 4597 4671
l 4597 4598
l 4598 4670
l 4598 4673
l 4598 4669
l 4598 4672
l 4598 4675
l 4599 4672
l 4599 4841
l 4599 4838
l 4599 4601
l 4599 4669
l 4599 4665
l 4599 4668
l 4600 4605
l 4600 4601
l 4600 4667
l 4600 4666
l 4600 4838
l 4600 4602
l 4600 4841
l 4600 4604
l 4601 4838
l 4601 4605
l 4601 4602
l 4601 4667
l 4601 4604
l 4601 4841
l 4602 4604
l 4602 4603
l 4602 4605
l 4603 4604
l 4603 4835
l 4604 4605
l 4605 4838
l 4605 4667
l 4605 4666
l 4605 4841
l 4606 4834
l 4606 4838
l 4607 4608
l 4607 4609
l 4608 4609
l 4608 4650
l 4609 4650
l 4609 4651
l 4609 4652
l 4610 4611
l 4610 4618
l 4610 4612
l 4611 4612
l 4611 4618
l 4612 4615
l 4612 4618
l 4612 4617
l 4613 4621
l 4613 4623
l 4613 4616
l 4613 4622
l 4613 4614
l 4613 4624
l 4614 4616
l 4614 4617
l 4614 4615
l 4614 4624
l 4615 4617
l 4615 4616
l 4615 4618
l 4616 4621
l 4616 4617
l 4616 4623
l 4616 4624
l 4617 4624
l 4618 4619
l 4620 4622
l 4620 4626
l 4620 4625
l 4620 4623
l 4620 4621
l 4620 4628
l 4621 4623
l 4621 4622
l 4621 4624
l 4622 4623
l 4622 4626
l 4622 4625
l 4623 4624
l 4625 4626
l 4625 4628
l 4625 4631
l 4626 4628
l 4626 4631
l 4627 4629
l 4627 4632
l 4627 4630
l 4627 4631
l 4627 4635
l 4627 4837
l 4627 4634
l 4628 4631
l 4628 4629
l 4629 4632
l 4629 4631
l 4629 4630
l 4629 4837
l 4630 4635
l 4630 4634
l 4630 4632
l 4630 4840
l 4630 4832
l 4630 4636
l 4631 4834
l 4631 4632
l 4631 4837
l 4632 4837
l 4632 4634
l 4632 4635
l 4633 4839
l 4633 4836
l 4633 4636
l 4633 4840
l 4634 4832
l 4634 4635
l 4634 4840
l 4634 4636
l 4635 4840
l 4635 4636
l 4635 4832
l 4635 4836
l 4636 4836
l 4636 4839
l 4636 4840
l 4636 4832
l 4637 4663
l 4637 4664
l 4637 4661
l 4637 4659
l 4637 4645
l 4637 4643
l 4637 4641
l 4637 4660
l 4638 4657
l 4638 4644
l 4638 4656
l 4638 4646
l 4638 4655
l 4638 4648
l 4639 4660
l 4639 4658
l 4639 4640
l 4639 4643
l 4640 4660
l 4640 4643
l 4640 4658
l 4641 4997
l 4641 4656
l 4641 4644
l 4643 4659
l 4643 4661
l 4644 4646
l 4644 4656
l 4644 4648
l 4645 4998
l 4645 5000
l 4645 4999
l 4645 4659
l 4646 4656
l 4646 4648
l 4647 4649
l 4647 4654
l 4647 4655
l 4647 4648
l 4648 4655
l 4649 4654
l 4649 4653
l 4649 4655
l 4650 4651
l 4650 4652
l 4651 4652
l 4653 4654
l 4654 4655
l 4655 4657
l 4656 4997
l 4658 4660
l 4659 4661
l 4659 4663
l 4659 4999
l 4660 4661
l 4661 4663
l 4661 4664
l 4663 4664
l 4665 4841
l 4665 4666
l 4665 4667
l 4665 4829
l 4666 4667
l 4666 4841
l 4667 4841
l 4667 4838
l 4668 4829
l 4668 4674
l 4668 4669
l 4669 4673
l 4669 4672
l 4669 4674
l 4670 4675
l 4670 4671
l 4670 4673
l 4671 4675
l 4672 4673
l 4672 4674
l 4673 4675
l 4674 4829
l 4674 4828
l 4676 4944
l 4678 4681
l 4678 4680
l 4678 4679
l 4678 4731
l 4678 4690
l 4678 4730
l 4678 4716
l 4678 4689
l 4679 4680
l 4679 4731
l 4679 4681
l 4679 4690
l 4680 4681
l 4680 4730
l 4680 4731
l 4681 4730
l 4681 4716
l 4682 4683
l 4682 4699
l 4682 4860
l 4682 4706
l 4683 4706
l 4683 4700
l 4683 4704
l 4684 4697
l 4684 4748
l 4684 4685
l 4684 4703
l 4684 4686
l 4685 4686
l 4685 4701
l 4686 4701
l 4686 4688
l 4687 4688
l 4687 4702
l 4687 4692
l 4687 4701
l 4688 4701
l 4689 4695
l 4689 4690
l 4689 4717
l 4689 4716
l 4690 4731
l 4691 4717
l 4691 4695
l 4692 4702
l 4692 4719
l 4692 4712
l 4692 4694
l 4693 4696
l 4693 4698
l 4693 4723
l 4693 4727
l 4693 4705
l 4695 4717
l 4696 4756
l 4696 4720
l 4696 4727
l 4696 4698
l 4696 4703
l 4697 4703
l 4697 4757
l 4697 4708
l 4697 4748
l 4697 4756
l 4698 4705
l 4699 4848
l 4699 4734
l 4699 4860
l 4699 4733
l 4699 4735
l 4700 4704
l 4700 4729
l 4702 4712
l 4702 4719
l 4703 4756
l 4703 4757
l 4703 4720
l 4703 4748
l 4704 4871
l 4704 4864
l 4704 4705
l 4705 4871
l 4705 4872
l 4706 4707
l 4706 4724
l 4707 4718
l 4707 4724
l 4708 4710
l 4708 4709
l 4709 4710
l 4710 4725
l 4711 4725
l 4711 4726
l 4711 4712
l 4712 4719
l 4712 4713
l 4713 4719
l 4713 4714
l 4713 4717
l 4714 4715
l 4715 4716
l 4715 4717
l 4716 4717
l 4718 4728
l 4720 4757
l 4720 4738
l 4720 4727
l 4720 4756
l 4721 4735
l 4721 4982
l 4721 4732
l 4721 4724
l 4721 4734
l 4722 4757
l 4723 4729
l 4723 4727
l 4725 4726
l 4727 4738
l 4727 4729
l 4728 4729
l 4732 4946
l 4732 4982
l 4732 4735
l 4732 4921
l 4732 4916
l 4732 4920
l 4733 4983
l 4733 4848
l 4733 4849
l 4733 4916
l 4733 4894
l 4734 4735
l 4734 4848
l 4734 4983
l 4735 4982
l 4735 4946
l 4736 4855
l 4737 4747
l 4737 4738
l 4738 4757
l 4739 4754
l 4739 4740
l 4740 4809
l 4740 4755
l 4742 4783
l 4742 4784
l 4743 4784
l 4744 4754
l 4744 4747
l 4745 4842
l 4745 4746
l 4745 4823
l 4746 4751
l 4746 4842
l 4747 4754
l 4748 4756
l 4749 4750
l 4749 4785
l 4755 4809
l 4758 4770
l 4758 4760
l 4759 4803
l 4759 4811
l 4759 4825
l 4760 4770
l 4761 4817
l 4761 4780
l 4762 4780
l 4763 4764
l 4765 4821
l 4766 4824
l 4766 4823
l 4766 4769
l 4766 4842
l 4766 4843
l 4766 4844
l 4767 4820
l 4768 4769
l 4769 4823
l 4769 4824
l 4771 4802
l 4771 4786
l 4771 4804
l 4772 4785
l 4772 4773
l 4772 4776
l 4773 4783
l 4773 4785
l 4773 4776
l 4775 4777
l 4775 4776
l 4775 4813
l 4776 4777
l 4776 4783
l 4777 4813
l 4778 4779
l 4778 4814
l 4778 4812
l 4779 4812
l 4781 4818
l 4781 4782
l 4782 4818
l 4782 4821
l 4786 4802
l 4786 4987
l 4787 4788
l 4787 4812
l 4788 4812
l 4789 4790
l 4789 4791
l 4790 4791
l 4790 4792
l 4791 4792
l 4791 4793
l 4792 4793
l 4794 4795
l 4795 4819
l 4796 4831
l 4796 4822
l 4797 4988
l 4797 4805
l 4798 4801
l 4798 4925
l 4798 4947
l 4798 4899
l 4798 4965
l 4799 4808
l 4799 4900
l 4800 4902
l 4801 4925
l 4801 4947
l 4802 4987
l 4803 4811
l 4803 4825
l 4803 4826
l 4804 4963
l 4806 4808
l 4810 4826
l 4810 4825
l 4811 4825
l 4814 4815
l 4814 4816
l 4815 4816
l 4822 4831
l 4823 4842
l 4823 4824
l 4823 4843
l 4824 4843
l 4824 4844
l 4824 4842
l 4825 4826
l 4827 4830
l 4828 4830
l 4828 4829
l 4829 4841
l 4832 4836
l 4832 4840
l 4833 4837
l 4834 4837
l 4836 4839
l 4836 4840
l 4838 4841
l 4839 4840
l 4842 4843
l 4843 4844
l 4845 4979
l 4845 4973
l 4845 4892
l 4845 4893
l 4845 4975
l 4846 4904
l 4846 4928
l 4846 4857
l 4846 4927
l 4847 4851
l 4847 4853
l 4847 4864
l 4848 4849
l 4848 4860
l 4848 4983
l 4849 4860
l 4849 4863
l 4850 4863
l 4850 4896
l 4850 4854
l 4850 4897
l 4851 4864
l 4851 4871
l 4852 4856
l 4852 4858
l 4852 4868
l 4852 4994
l 4852 4855
l 4853 4860
l 4854 4863
l 4854 4896
l 4855 4856
l 4855 4868
l 4856 4868
l 4856 4870
l 4858 4872
l 4859 4929
l 4861 4977
l 4861 4980
l 4861 4931
l 4861 4933
l 4861 4973
l 4861 4932
l 4861 4978
l 4862 4865
l 4862 4965
l 4862 4926
l 4863 4896
l 4864 4871
l 4865 4965
l 4866 4931
l 4866 4930
l 4866 4867
l 4866 4981
l 4867 4981
l 4867 4931
l 4867 4966
l 4868 4870
l 4869 4992
l 4869 4870
l 4870 4992
l 4871 4872
l 4873 4995
l 4875 4876
l 4876 4878
l 4878 4879
l 4880 4881
l 4880 4884
l 4881 4884
l 4882 4885
l 4882 4883
l 4883 4885
l 4883 4886
l 4884 4886
l 4885 4886
l 4887 4889
l 4888 4889
l 4888 4890
l 4890 4891
l 4892 4970
l 4892 4986
l 4892 4973
l 4893 4975
l 4893 4974
l 4893 4979
l 4893 4898
l 4894 4916
l 4894 4895
l 4894 4983
l 4894 4903
l 4894 4946
l 4894 4921
l 4895 4903
l 4895 4916
l 4895 4897
l 4896 4897
l 4898 4910
l 4898 4975
l 4899 4964
l 4899 4971
l 4899 4925
l 4899 4948
l 4900 4906
l 4900 4905
l 4901 4905
l 4902 4906
l 4903 4917
l 4903 4921
l 4904 4927
l 4904 4926
l 4905 4906
l 4907 4908
l 4909 4911
l 4912 4914
l 4912 4913
l 4915 4918
l 4916 4946
l 4916 4983
l 4916 4921
l 4919 4962
l 4919 4972
l 4920 4921
l 4921 4946
l 4924 4927
l 4924 4947
l 4924 4926
l 4925 4964
l 4925 4948
l 4926 4927
l 4926 4965
l 4927 4928
l 4930 4931
l 4931 4981
l 4931 4966
l 4932 4936
l 4932 4933
l 4932 4935
l 4932 4977
l 4932 4976
l 4933 4935
l 4933 4978
l 4933 4936
l 4933 4977
l 4934 4938
l 4934 4936
l 4935 4936
l 4937 4939
l 4937 4941
l 4938 4939
l 4940 4950
l 4940 4942
l 4941 4942
l 4944 4945
l 4946 4983
l 4947 4965
l 4948 4964
l 4949 4950
l 4949 4951
l 4951 4953
l 4952 4953
l 4952 4955
l 4952 4956
l 4952 4954
l 4953 4954
l 4954 4955
l 4956 4958
l 4956 4959
l 4957 4960
l 4957 4958
l 4957 4959
l 4958 4959
l 4959 4960
l 4960 4961
l 4961 4962
l 4962 4972
l 4963 4972
l 4964 4971
l 4966 4968
l 4966 4967
l 4966 4978
l 4967 4978
l 4967 4968
l 4969 4970
l 4970 4986
l 4973 4980
l 4973 4976
l 4973 4977
l 4974 4979
l 4976 4977
l 4976 4980
l 4977 4980
l 4985 4993
l 4987 4991
l 4988 4991
l 4989 4995
l 4998 5000
l 4999 5000
