v 0.071237 0.111354 0.267555
v 0.064096 0.115297 0.251546
v 0.072255 0.126486 0.25551
v 0.078646 0.127162 0.270167
v 0.067954 0.128418 0.244213
v 0.059658 0.11996 0.239746
v 0.076282 0.139258 0.258217
v 0.080868 0.142762 0.272094
v 0.073842 0.173388 0.239753
v 0.075592 0.18318 0.243826
v 0.077432 0.174109 0.251851
v 0.074126 0.166266 0.245416
v 0.066956 0.19338 0.224873
v 0.060998 0.19109 0.211842
v 0.059717 0.204315 0.213051
v 0.064271 0.206884 0.226104
v 0.036584 0.158173 0.204593
v 0.04021 0.164589 0.200919
v 0.045492 0.161417 0.205746
v 0.0408 0.155581 0.209281
v 0.030533 0.146048 0.207566
v 0.032318 0.14442 0.213409
v 0.028579 0.137831 0.212916
v 0.027886 0.139366 0.20591
v 0.029951 0.160924 0.201667
v 0.033786 0.16755 0.197953
v 0.03333 0.15271 0.207909
v 0.031122 0.15397 0.203099
v 0.028145 0.150599 0.192548
v 0.030862 0.148735 0.196585
v 0.02888 0.142657 0.192401
v 0.026106 0.146731 0.189281
v 0.029578 0.15746 0.197524
v 0.03146 0.153967 0.19753
v 0.028206 0.154267 0.193735
v 0.025511 0.157277 0.194635
v 0.029633 0.147001 0.202168
v 0.028022 0.140601 0.199075
v 0.025512 0.134367 0.195629
v 0.02523 0.137598 0.18791
v 0.046633 0.180234 0.196159
v 0.044389 0.171636 0.197379
v 0.037857 0.173887 0.194425
v 0.040633 0.180411 0.192648
v 0.02541 0.161869 0.194762
v 0.025995 0.172646 0.18337
v 0.027004 0.170182 0.18602
v 0.021963 0.165264 0.183921
v 0.021668 0.167756 0.181449
v 0.046965 0.196668 0.19379
v 0.041652 0.193049 0.189609
v 0.0401 0.198948 0.187396
v 0.044495 0.203971 0.191853
v 0.036463 0.202444 0.185674
v 0.040462 0.210073 0.190045
v 0.028124 0.216106 0.180697
v 0.034399 0.213629 0.185145
v 0.031486 0.20474 0.181911
v 0.02533 0.204968 0.176759
v 0.016796 0.193667 0.170809
v 0.011124 0.191489 0.168595
v 0.012198 0.201901 0.162966
v 0.018419 0.203769 0.169668
v 0.02334 0.179276 0.183019
v 0.026793 0.182058 0.184723
v 0.027809 0.179774 0.184112
v 0.024635 0.175778 0.182581
v 0.03014 0.18432 0.18543
v 0.031415 0.185335 0.185893
v 0.031738 0.183805 0.185815
v 0.030604 0.183161 0.184854
v 0.028704 0.182407 0.184423
v 0.027184 0.183077 0.183212
v 0.029089 0.184096 0.184796
v 0.023925 0.180833 0.180951
v 0.012934 0.173748 0.173374
v 0.016153 0.175487 0.17531
v 0.015344 0.173122 0.178938
v 0.012689 0.171423 0.177508
v 0.031347 0.180634 0.184807
v 0.033157 0.181117 0.187686
v 0.030613 0.176218 0.187461
v 0.028917 0.177932 0.185867
v 0.036454 0.180448 0.188825
v 0.033957 0.183961 0.187023
v 0.037181 0.184574 0.188027
v 0.030512 0.186194 0.184845
v 0.032402 0.188882 0.18494
v 0.033875 0.186756 0.185701
v 0.029763 0.189995 0.182835
v 0.027877 0.186081 0.183215
v 0.024506 0.184566 0.18029
v 0.020507 0.182093 0.176482
v 0.021212 0.187758 0.175715
v 0.025976 0.189521 0.179529
v 0.033647 0.174579 0.189924
v 0.03726 0.18945 0.187062
v 0.041728 0.186407 0.19178
v 0.035748 0.193062 0.18515
v 0.032736 0.195271 0.182853
v 0.027907 0.196822 0.180836
v 0.022648 0.195227 0.175004
v 0.010856 0.215107 0.165483
v 0.01941 0.215914 0.172954
v 0.056452 0.126463 0.235774
v 0.06404 0.131105 0.236556
v 0.062066 0.139914 0.234102
v 0.063945 0.139046 0.237049
v 0.060073 0.134296 0.234891
v 0.058773 0.136593 0.232953
v 0.070081 0.158559 0.241673
v 0.066729 0.152844 0.23893
v 0.065701 0.156786 0.237718
v 0.070073 0.164265 0.237586
v 0.05851 0.15558 0.227107
v 0.062298 0.15789 0.230728
v 0.060757 0.150189 0.23257
v 0.058138 0.148381 0.229961
v 0.055095 0.146433 0.227831
v 0.051001 0.144804 0.22758
v 0.050298 0.14891 0.22388
v 0.054557 0.152069 0.224688
v 0.054562 0.130582 0.234327
v 0.046943 0.129837 0.234342
v 0.04777 0.132458 0.232058
v 0.05411 0.133245 0.231931
v 0.035634 0.137921 0.231396
v 0.037507 0.135712 0.232096
v 0.034801 0.133161 0.232151
v 0.032756 0.136694 0.230202
v 0.034395 0.139275 0.22783
v 0.036549 0.139337 0.22982
v 0.06687 0.094956 0.28496
v 0.060934 0.098835 0.264933
v 0.077472 0.111067 0.288777
v 0.083817 0.129191 0.289644
v 0.084215 0.147492 0.286948
v 0.053425 0.200579 0.201968
v 0.051116 0.210321 0.201648
v 0.05699 0.217304 0.215115
v 0.052587 0.225539 0.212347
v 0.046264 0.218393 0.19842
v 0.030446 0.226428 0.187631
v 0.040137 0.223604 0.192656
v 0.047643 0.232596 0.208464
v 0.055032 0.239024 0.22707
v 0.058189 0.230314 0.227795
v 0.060078 0.23767 0.246752
v 0.049876 0.247579 0.228396
v 0.056129 0.242117 0.252342
v 0.032999 0.248882 0.201382
v 0.035605 0.252327 0.195058
v 0.042524 0.262849 0.208061
v 0.041331 0.258419 0.213889
v 0.062007 0.220291 0.227332
v 0.079563 0.170994 0.265501
v 0.07789 0.163451 0.256628
v 0.078996 0.183978 0.258652
v 0.088697 0.144916 0.324773
v 0.085195 0.135775 0.307985
v 0.088177 0.152142 0.302096
v 0.090563 0.158602 0.317982
v 0.072952 0.105877 0.341397
v 0.072788 0.096945 0.312316
v 0.08061 0.113981 0.311183
v 0.082978 0.122429 0.333858
v 0.091026 0.168414 0.330157
v 0.089091 0.179372 0.343686
v 0.085251 0.172577 0.359467
v 0.088258 0.155746 0.344507
v 0.077773 0.160571 0.377927
v 0.081748 0.140366 0.359394
v 0.048353 0.255271 0.249052
v 0.053529 0.246135 0.266533
v 0.041911 0.252366 0.219748
v 0.045419 0.261321 0.235919
v 0.063059 0.149191 0.3887
v 0.067944 0.125315 0.36985
v 0.066323 0.221577 0.365372
v 0.071659 0.205589 0.369505
v 0.079373 0.205821 0.350386
v 0.073566 0.220697 0.348494
v 0.05405 0.222828 0.383808
v 0.061031 0.203209 0.389822
v 0.042651 0.254313 0.326567
v 0.033865 0.262746 0.30863
v 0.023355 0.265458 0.318302
v 0.031731 0.260017 0.339082
v 0.072442 0.137858 0.247197
v 0.068582 0.137588 0.239263
v 0.070298 0.144659 0.241588
v 0.073844 0.147679 0.249298
v 0.077592 0.151795 0.259171
v 0.080139 0.157464 0.270535
v 0.086285 0.168001 0.29802
v 0.089996 0.171977 0.313107
v 0.088007 0.187658 0.332688
v 0.090346 0.17882 0.321807
v 0.081236 0.210374 0.335589
v 0.076385 0.218624 0.334326
v 0.050611 0.248247 0.286746
v 0.043558 0.261105 0.267408
v 0.035238 0.267173 0.279816
v 0.042451 0.255569 0.298685
v 0.01707 0.276757 0.29832
v 0.026356 0.272412 0.289354
v 0.041157 0.277835 0.239013
v 0.042834 0.284352 0.229546
v 0.035742 0.295184 0.240063
v 0.032844 0.286983 0.250074
v 0.028468 0.306604 0.246434
v 0.019315 0.31659 0.251465
v 0.016093 0.305114 0.263659
v 0.023644 0.296414 0.257606
v 0.012222 0.244238 0.181182
v 0.014573 0.248149 0.175555
v 0.027089 0.251016 0.180445
v 0.023818 0.246627 0.186796
v 0.047819 0.291351 0.222582
v 0.04267 0.303714 0.233011
v 0.051452 0.247622 0.314208
v 0.057052 0.239768 0.306005
v 0.035857 0.316833 0.239384
v 0.023864 0.28459 0.272053
v 0.031859 0.278618 0.263031
v 0.006213 0.278566 0.305973
v 0.011518 0.268434 0.327013
v 0.036442 0.150284 0.21162
v 0.041211 0.143733 0.225542
v 0.042673 0.14138 0.227811
v 0.039033 0.140057 0.229144
v 0.037334 0.14152 0.226856
v 0.040994 0.102595 0.24483
v 0.03604 0.11499 0.232423
v 0.048775 0.115579 0.236454
v 0.053239 0.107045 0.248056
v 0.060997 0.174971 0.212525
v 0.054707 0.164499 0.211004
v 0.050207 0.168913 0.203731
v 0.053753 0.178429 0.202415
v 0.064577 0.149665 0.237485
v 0.066256 0.148781 0.239978
v 0.064623 0.146582 0.236631
v 0.047229 0.188144 0.19507
v 0.054253 0.189737 0.201976
v 0.075089 0.19545 0.250062
v 0.074257 0.15708 0.249131
v 0.054624 0.091005 0.344849
v 0.056439 0.08147 0.311496
v 0.044766 0.135941 0.395289
v 0.050557 0.111697 0.375524
v 0.045033 0.199033 0.404423
v 0.03947 0.221701 0.397971
v 0.020463 0.214278 0.406206
v 0.027766 0.18882 0.411723
v 0.018561 0.262921 0.347152
v 0.008335 0.322734 0.256374
v 0.005138 0.308605 0.271007
v 0.053221 0.084576 0.283034
v 0.047952 0.092279 0.260681
v 0.08335 0.163951 0.284318
v 0.071863 0.177381 0.231006
v 0.069518 0.167714 0.231592
v 0.067157 0.167149 0.225217
v 0.067986 0.178875 0.223139
v 0.071497 0.190286 0.233619
v 0.069563 0.204118 0.238973
v 0.067892 0.21885 0.245266
v 0.063148 0.230097 0.245282
v 0.084786 0.192857 0.351852
v 0.078061 0.189749 0.371585
v 0.069009 0.182082 0.388504
v 0.05409 0.174489 0.401959
v 0.085213 0.197577 0.341063
v 0.037497 0.163746 0.408807
v 0.021844 0.162622 0.188165
v 0.028227 0.167465 0.191242
v 0.020923 0.159471 0.190973
v 0.016363 0.180115 0.173535
v 0.012283 0.178465 0.171914
v 0.011312 0.184753 0.171225
v 0.01608 0.186222 0.17279
v 0.00987 0.225538 0.173708
v 0.020231 0.226117 0.179701
v 0.009931 0.240476 0.184831
v 0.021178 0.242811 0.191551
v 0.023587 0.151028 0.192508
v 0.022073 0.150292 0.192332
v 0.021137 0.152213 0.193677
v 0.023115 0.152901 0.193859
v 0.02921 0.181982 0.1849
v 0.01729 0.165158 0.179726
v 0.014263 0.164134 0.179061
v 0.013524 0.167819 0.178028
v 0.016589 0.168949 0.178683
v 0.036457 0.239022 0.202283
v 0.032722 0.244505 0.204262
v 0.045928 0.273142 0.217142
v 0.044048 0.267633 0.226029
v 0.041347 0.270553 0.251375
v 0.015541 0.291195 0.280969
v 0.005278 0.294674 0.287666
v -0.018518 0.290653 0.297723
v -0.017604 0.275558 0.31399
v -0.004741 0.279775 0.311997
v -0.006951 0.293352 0.293665
v 0.020742 0.235393 0.188191
v 0.009868 0.232856 0.180184
v 0.010023 0.23646 0.184338
v 0.020669 0.239211 0.192302
v 0.017732 0.151172 0.189705
v 0.016387 0.150485 0.188022
v 0.015824 0.153711 0.1891
v 0.018072 0.153283 0.190658
v 0.023185 0.155638 0.194348
v 0.020773 0.15564 0.193245
v 0.020661 0.157156 0.192444
v 0.025251 0.151137 0.19176
v 0.024783 0.153727 0.193324
v 0.021394 0.146916 0.188444
v 0.023874 0.148703 0.190152
v 0.022009 0.144244 0.185309
v 0.019165 0.151757 0.191987
v 0.019146 0.15366 0.192747
v 0.022329 0.154437 0.194667
v 0.020616 0.154196 0.194388
v 0.021249 0.148124 0.190664
v 0.022888 0.1494 0.191623
v 0.025157 0.133034 0.203761
v 0.020094 0.129722 0.202694
v 0.019276 0.131607 0.19442
v 0.018735 0.134092 0.18593
v 0.016729 0.141221 0.182693
v 0.000324 0.235029 0.180893
v 0.001099 0.238471 0.181121
v 0.032785 0.087557 0.258144
v 0.028424 0.100682 0.242753
v 0.029539 0.183862 0.185283
v 0.047492 0.124814 0.234688
v 0.061615 0.163561 0.219954
v 0.043303 0.15274 0.214281
v 0.048639 0.15778 0.212287
v 0.049462 0.153798 0.218604
v 0.044427 0.149682 0.219757
v 0.038178 0.124675 0.232478
v 0.029107 0.122952 0.226683
v 0.031646 0.128637 0.230106
v 0.02968 0.133761 0.226551
v 0.027243 0.129192 0.219959
v 0.029484 0.137553 0.219162
v 0.031363 0.138913 0.224567
v 0.064168 0.142848 0.235032
v 0.066221 0.143401 0.238023
v 0.033769 0.143449 0.218417
v 0.03805 0.148518 0.216934
v 0.039414 0.146378 0.221439
v 0.03504 0.142981 0.223172
v 0.055027 0.158608 0.218573
v 0.070216 0.151831 0.243335
v 0.064665 0.158332 0.234181
v 0.064769 0.232827 0.302217
v 0.060414 0.237217 0.289936
v 0.067893 0.235834 0.266449
v 0.065185 0.237029 0.259876
v 0.059842 0.236318 0.266426
v 0.065757 0.235426 0.271862
v 0.081825 0.208218 0.312886
v 0.083034 0.205834 0.320711
v 0.083585 0.20099 0.315169
v 0.081203 0.207023 0.311002
v 0.08165 0.20122 0.308494
v 0.08336 0.197248 0.308686
v 0.080375 0.202519 0.302527
v 0.080245 0.204664 0.305382
v 0.087595 0.188571 0.315127
v 0.085844 0.184512 0.305533
v 0.081349 0.194199 0.300078
v 0.081063 0.181984 0.278472
v 0.077654 0.19797 0.281662
v 0.079394 0.19438 0.292164
v 0.083359 0.182275 0.294246
v 0.066279 0.232366 0.259595
v 0.067905 0.223798 0.260907
v 0.058273 0.237732 0.276561
v 0.005376 0.199973 0.408831
v 0.012971 0.173802 0.41647
v 0.059916 0.2364 0.356698
v 0.047243 0.237555 0.370773
v 0.067429 0.231958 0.341081
v 0.071123 0.227667 0.327906
v 0.035205 0.240093 0.386889
v 0.01976 0.234631 0.392185
v 0.078073 0.195318 0.266502
v 0.074986 0.206754 0.272953
v 0.052093 0.247139 0.343388
v 0.041481 0.252849 0.357399
v 0.059626 0.241531 0.328926
v 0.064917 0.234853 0.318487
v 0.026036 0.250739 0.370243
v 0.003801 0.263738 0.353324
v 0.00973 0.253006 0.374214
v 0.069884 0.228989 0.273187
v 0.069278 0.227764 0.26782
v 0.067751 0.233468 0.265301
v 0.070557 0.232997 0.268994
v 0.074165 0.207099 0.256339
v 0.071835 0.215284 0.265883
v 0.025939 0.131182 0.211109
v 0.021871 0.12471 0.218865
v 0.021031 0.126924 0.210048
v 0.023543 0.119925 0.225705
v 0.030049 0.098643 0.372245
v 0.034532 0.08243 0.344537
v 0.017137 0.146372 0.408832
v 0.025604 0.11996 0.394386
v 0.006882 0.190211 0.167835
v 0.006028 0.200613 0.160236
v 0.017568 0.15994 0.18575
v 0.014695 0.159175 0.184639
v 0.014587 0.161505 0.181501
v 0.017559 0.162437 0.182738
v 0.039885 0.130349 0.233515
v -0.000756 0.268833 0.334103
v -0.006995 0.309846 0.276028
v -0.004949 0.324123 0.260547
v 0.025951 0.327639 0.243723
v 0.011635 0.334238 0.246992
v 0.014871 0.156744 0.187657
v 0.017377 0.157662 0.189056
v 0.019979 0.149246 0.191592
v 0.020337 0.171401 0.180669
v 0.017766 0.155701 0.190899
v 0.018935 0.154718 0.192323
v 0.013845 0.153203 0.188456
v 0.013294 0.156204 0.186976
v 0.045628 0.146224 0.224644
v 0.046553 0.142953 0.227988
v 0.018102 0.147596 0.186539
v 0.018728 0.148525 0.189177
v 0.014922 0.146881 0.185873
v 0.038408 0.258392 0.188948
v 0.045663 0.268557 0.20061
v 0.012155 0.163726 0.178893
v 0.011327 0.167395 0.177697
v 0.035732 0.074413 0.310698
v -0.011486 0.262735 0.355603
v -0.007163 0.25076 0.373088
v 0.075827 0.207491 0.28304
v 0.076532 0.214086 0.284757
v 0.078593 0.210411 0.291161
v 0.077838 0.203703 0.290147
v 0.002699 0.242897 0.17758
v 0.0494 0.279801 0.211144
v -0.002133 0.337916 0.250244
v 0.063768 0.15123 0.23686
v 0.062263 0.151505 0.235278
v 0.041814 0.133505 0.232234
v -0.005483 0.22667 0.394417
v 0.019947 0.178771 0.177938
v 0.019254 0.17593 0.180416
v -0.01952 0.3067 0.280274
v -0.00016 0.233807 0.17754
v 0.014874 0.15002 0.187735
v -0.01523 0.268342 0.334617
v 0.081501 0.211621 0.302919
v 0.082844 0.211044 0.298912
v 0.081696 0.213317 0.296783
v 0.080332 0.213505 0.298759
v 0.083762 0.205979 0.297544
v 0.084421 0.209965 0.296815
v 0.086014 0.209087 0.299989
v 0.085399 0.204627 0.300859
v 0.080035 0.20223 0.297169
v 0.081386 0.207889 0.294537
v 0.087378 0.208149 0.302021
v 0.087548 0.20537 0.302942
v 0.085119 0.204093 0.304982
v 0.080977 0.205551 0.30823
v 0.090005 0.206554 0.306152
v 0.086596 0.205495 0.309014
v 0.091651 0.210084 0.310205
v 0.087551 0.208348 0.313328
v 0.091328 0.216083 0.312395
v 0.086698 0.214469 0.315666
v 0.070626 0.222069 0.272445
v 0.071045 0.225583 0.278083
v 0.090438 0.222156 0.311656
v 0.085049 0.220644 0.313463
v 0.088493 0.228282 0.308901
v 0.083546 0.2268 0.310972
v 0.085584 0.233326 0.304318
v 0.081274 0.233893 0.305445
v 0.083989 0.237375 0.298613
v 0.079144 0.236977 0.299525
v 0.080815 0.239732 0.29175
v 0.076416 0.240142 0.290795
v 0.087973 0.211583 0.309768
v 0.087823 0.21661 0.31075
v 0.079151 0.211357 0.312248
v 0.087478 0.209013 0.306701
v 0.077936 0.221108 0.30091
v 0.076891 0.219119 0.302732
v 0.077091 0.219927 0.301046
v 0.075726 0.222026 0.3021
v 0.073662 0.220215 0.28212
v 0.074832 0.222785 0.284445
v 0.076531 0.218639 0.287543
v 0.072376 0.225313 0.282412
v 0.071804 0.224841 0.284144
v 0.07248 0.222328 0.28608
v 0.073663 0.218103 0.288079
v 0.071832 0.2267 0.284941
v 0.072594 0.227922 0.283072
v 0.07123 0.22532 0.28561
v 0.071239 0.224011 0.285067
v 0.070954 0.222731 0.287222
v 0.072041 0.222079 0.290834
v 0.073261 0.214698 0.277136
v 0.071044 0.228752 0.298649
v 0.067255 0.231612 0.290101
v 0.077661 0.239358 0.284491
v 0.074053 0.242605 0.281506
v 0.072417 0.237719 0.269678
v 0.072757 0.242593 0.273338
v 0.077048 0.216362 0.310961
v 0.075598 0.222064 0.309023
v 0.065343 0.233636 0.279724
v 0.073892 0.226581 0.305198
v 0.079222 0.236091 0.293559
v 0.076565 0.235261 0.288149
v 0.08238 0.234359 0.298218
v 0.072769 0.229726 0.280382
v 0.072143 0.23346 0.275707
v 0.075116 0.236978 0.279013
v 0.07403 0.233029 0.28429
v 0.079293 0.232309 0.293533
v 0.075946 0.231428 0.290097
v 0.077183 0.22944 0.294955
v 0.073809 0.22896 0.291827
v 0.072404 0.228045 0.287347
v 0.073538 0.22995 0.286514
v 0.070618 0.226979 0.293713
v 0.075126 0.225011 0.296149
v 0.070722 0.226368 0.288222
v 0.079685 0.228434 0.297502
v 0.082599 0.226243 0.300017
v 0.081616 0.22256 0.29985
v 0.078461 0.223919 0.298683
v 0.083793 0.230688 0.302884
v 0.084222 0.229202 0.30085
v 0.081572 0.231414 0.297869
v 0.086076 0.225098 0.304211
v 0.085394 0.225915 0.307242
v 0.084981 0.223559 0.302346
v 0.084092 0.221505 0.301604
v 0.087691 0.21645 0.307244
v 0.086955 0.220826 0.306603
v 0.087541 0.220685 0.309615
v 0.086442 0.22041 0.303803
v 0.086612 0.21741 0.304531
v 0.084816 0.218093 0.304006
v 0.085311 0.219678 0.303388
v 0.08533 0.20948 0.303602
v 0.084029 0.210032 0.301555
v 0.086505 0.210317 0.305031
v 0.084406 0.210054 0.306045
v 0.084785 0.212068 0.304204
v 0.083067 0.210445 0.305217
v 0.083285 0.213653 0.303361
v 0.081063 0.215092 0.301946
v 0.01785 0.257938 0.160383
v 0.016947 0.253188 0.168141
v 0.006012 0.252015 0.164357
v 0.006402 0.25652 0.156309
v 0.084096 0.216293 0.303079
v 0.085568 0.214949 0.304593
v 0.086819 0.213839 0.307659
v 0.080957 0.218947 0.30162
v 0.081814 0.220619 0.301584
v 0.083173 0.219693 0.30228
v 0.082077 0.217798 0.302521
v 0.077063 0.216023 0.290292
v 0.074919 0.219195 0.293056
v 0.074764 0.221803 0.294125
v 0.044809 0.27476 0.158696
v 0.056699 0.281973 0.170675
v 0.055357 0.280592 0.17828
v 0.044195 0.273492 0.167265
v 0.043783 0.264332 0.134285
v 0.043481 0.259539 0.111339
v 0.051095 0.262475 0.123486
v 0.055001 0.26983 0.151667
v 0.051829 0.254686 0.098057
v 0.043482 0.25201 0.089303
v 0.050397 0.226185 0.038723
v 0.051512 0.235254 0.056131
v 0.040026 0.232026 0.052192
v 0.037612 0.224925 0.035079
v 0.070251 0.22181 -0.024547
v 0.058146 0.217606 -0.023553
v 0.052442 0.227381 -0.034427
v 0.065152 0.232789 -0.036082
v 0.065338 0.251245 0.086701
v 0.071347 0.249871 0.078424
v 0.055063 0.239991 0.098784
v 0.051183 0.245358 0.106775
v 0.078632 0.290047 0.193314
v 0.077454 0.294529 0.197298
v 0.068576 0.287879 0.178876
v 0.066127 0.280899 0.177009
v 0.115067 0.262657 -0.003788
v 0.10819 0.250848 -0.001021
v 0.107732 0.249663 -0.012133
v 0.11279 0.260789 -0.014606
v 0.090652 0.313126 -0.050339
v 0.077703 0.296097 -0.053673
v 0.081223 0.296184 -0.067591
v 0.096478 0.31428 -0.064845
v 0.122919 0.371334 -0.026327
v 0.117736 0.379936 -0.037421
v 0.118824 0.406168 -0.031424
v 0.122613 0.397682 -0.018035
v 0.069354 0.235166 0.04434
v 0.065675 0.24434 0.064781
v 0.059933 0.239254 0.060582
v 0.06107 0.22967 0.041825
v 0.074908 0.086375 0.096432
v 0.074012 0.110497 0.106425
v 0.069584 0.114868 0.090559
v 0.071124 0.090169 0.080773
v 0.123942 0.365444 -0.119346
v 0.123414 0.357207 -0.131088
v 0.123338 0.38488 -0.136605
v 0.122831 0.393537 -0.122174
v 0.058571 0.189082 0.157641
v 0.079134 0.190078 0.172902
v 0.077424 0.201906 0.174084
v 0.056116 0.200886 0.159624
v 0.094 0.255146 0.045341
v 0.085025 0.255233 0.061154
v 0.075468 0.252747 0.06817
v 0.084624 0.250695 0.049631
v 0.13663 0.382825 0.008048
v 0.138852 0.372015 0.023625
v 0.136532 0.351919 0.01423
v 0.135453 0.360372 -0.001024
v 0.131109 0.366657 -0.015408
v 0.130923 0.391352 -0.006571
v 0.079408 0.247095 0.048392
v 0.069959 0.251362 0.07091
v 0.068212 0.249142 0.067838
v 0.075045 0.241509 0.046365
v 0.045287 0.2416 -0.04164
v 0.060619 0.249817 -0.04384
v 0.118235 0.32968 -0.125949
v 0.119841 0.337289 -0.116384
v 0.109219 0.312622 -0.114296
v 0.106822 0.305593 -0.121698
v 0.05594 0.282828 -0.044033
v 0.070057 0.293859 -0.042958
v 0.072608 0.27529 -0.044026
v 0.055949 0.268052 -0.044145
v 0.092204 0.284575 -0.116556
v 0.093591 0.291895 -0.111351
v 0.077124 0.27168 -0.108108
v 0.075454 0.262757 -0.112977
v 0.052153 0.245486 0.075541
v 0.042222 0.241845 0.069988
v 0.092444 0.233666 -0.021557
v 0.082376 0.22709 -0.023439
v 0.078088 0.238529 -0.035364
v 0.089836 0.24467 -0.032465
v 0.10239 0.266223 0.055333
v 0.090094 0.251648 0.068196
v 0.064846 0.237451 0.085441
v 0.084606 0.253125 0.066567
v 0.125688 0.378855 -0.149226
v 0.123628 0.352158 -0.140545
v 0.091805 0.280713 -0.121196
v 0.074673 0.25872 -0.116171
v 0.126045 0.26353 0.07097
v 0.117568 0.255149 0.071807
v 0.123192 0.273393 0.067365
v 0.131253 0.281068 0.067424
v 0.023017 0.220788 -0.024587
v 0.031128 0.232113 -0.035937
v 0.041743 0.222319 -0.029732
v 0.034898 0.216609 -0.019584
v 0.087777 0.263065 -0.040737
v 0.07484 0.257402 -0.043229
v 0.087374 0.283366 -0.042739
v 0.010305 0.227962 -0.028408
v 0.01996 0.247066 -0.03917
v 0.028556 0.239216 0.065128
v 0.026188 0.230656 0.048394
v 0.030936 0.248693 0.082645
v 0.031259 0.255806 0.101823
v 0.017522 0.252808 0.095955
v 0.016445 0.245232 0.077461
v 0.031219 0.26081 0.121834
v 0.017274 0.257557 0.114346
v 0.031355 0.267882 0.149041
v 0.031145 0.267442 0.158465
v 0.097257 0.260615 0.051542
v 0.105758 0.262608 0.037946
v 0.106695 0.302459 -0.127988
v 0.141523 0.339438 0.157776
v 0.151874 0.314778 0.153571
v 0.15092 0.32704 0.14243
v 0.137065 0.353709 0.14816
v 0.064497 0.276003 0.173973
v 0.080577 0.284221 0.19105
v 0.149895 0.29066 0.091265
v 0.146613 0.298342 0.085388
v 0.145772 0.324024 0.08688
v 0.147985 0.310856 0.093247
v 0.140121 0.268556 0.076094
v 0.145157 0.26481 0.08095
v 0.146594 0.24397 0.08098
v 0.141501 0.246339 0.077152
v 0.116183 0.410088 -0.140781
v 0.115367 0.419914 -0.12381
v 0.10002 0.457611 0.017993
v 0.113717 0.444632 0.034235
v 0.121818 0.430712 0.018613
v 0.110472 0.440413 0.00286
v -0.00081 0.429189 0.172571
v 0.031229 0.42222 0.170911
v 0.026098 0.4349 0.162316
v -0.004602 0.440402 0.163763
v 0.101015 0.376961 0.174101
v 0.069646 0.397958 0.176072
v 0.071542 0.388203 0.183009
v 0.101545 0.367473 0.181539
v 0.12201 0.364975 0.161855
v 0.11518 0.378841 0.152245
v 0.134363 0.40162 0.019984
v 0.137555 0.387742 0.034625
v 0.144553 0.361756 0.050731
v 0.146789 0.347741 0.056379
v 0.141389 0.336781 0.050494
v 0.139829 0.349443 0.044109
v 0.074006 0.297326 0.203241
v 0.083632 0.308737 0.208942
v 0.075965 0.314487 0.214792
v 0.04804 0.36612 0.211325
v 0.058104 0.357994 0.212517
v 0.065362 0.359409 0.207986
v 0.050555 0.369759 0.207072
v 0.014043 0.491604 0.106189
v 0.012923 0.502213 0.077979
v -0.018089 0.502932 0.082215
v -0.015966 0.4929 0.110358
v 0.148238 0.336864 0.066072
v 0.14827 0.337219 0.072879
v 0.14493 0.312129 0.07416
v 0.144585 0.313029 0.068912
v 0.149112 0.357708 0.070309
v 0.149159 0.35496 0.062712
v 0.147204 0.370602 0.057716
v 0.147711 0.375939 0.065994
v 0.124938 0.426806 0.046156
v 0.135316 0.407183 0.055443
v 0.136362 0.397481 0.045596
v 0.13066 0.416408 0.032771
v -0.019847 0.511793 -0.017121
v -0.021831 0.516427 0.015208
v 0.004642 0.514324 0.012371
v 0.003921 0.512873 -0.019996
v 0.097354 0.224587 0.084154
v 0.095501 0.210343 0.083259
v 0.081292 0.202984 0.092631
v 0.08217 0.213844 0.092258
v 0.156154 0.227055 0.093869
v 0.157504 0.225124 0.100227
v 0.160095 0.211899 0.099762
v 0.158387 0.213613 0.094199
v 0.106706 0.195933 0.068499
v 0.107155 0.174774 0.057862
v 0.092572 0.172731 0.067496
v 0.093837 0.193067 0.077229
v 0.101117 0.287866 0.19779
v 0.096034 0.294647 0.201384
v 0.082662 0.27819 0.187552
v 0.12728 0.22346 0.069166
v 0.135895 0.224731 0.070425
v 0.139575 0.202329 0.063452
v 0.12909 0.200989 0.061668
v 0.084805 0.082105 0.109927
v 0.084373 0.106755 0.120934
v 0.122846 0.152704 0.044826
v 0.120433 0.17594 0.053211
v 0.133513 0.177337 0.0523
v 0.13715 0.152 0.046278
v 0.102423 0.449859 -0.014806
v 0.089912 0.467614 -0.002494
v 0.088359 0.44963 -0.145917
v 0.086752 0.461288 -0.124705
v 0.103363 0.442693 -0.124894
v 0.104515 0.431127 -0.143706
v 0.120647 0.402472 -0.157052
v 0.092091 0.441232 -0.166671
v 0.108505 0.423915 -0.162433
v 0.05895 0.315628 0.223871
v 0.067375 0.316356 0.219896
v 0.058097 0.335584 0.223583
v 0.049702 0.332669 0.228705
v 0.155176 0.344525 -0.24586
v 0.15906 0.322914 -0.223541
v 0.159504 0.302066 -0.241132
v 0.154378 0.319126 -0.264053
v 0.024172 0.362264 0.226402
v 0.01941 0.355752 0.234555
v 0.035929 0.345385 0.231358
v 0.04278 0.350517 0.225339
v 0.15159 0.363329 -0.226401
v 0.15593 0.340404 -0.207657
v 0.062801 0.298044 0.212341
v 0.068407 0.298658 0.20817
v 0.060258 0.286035 0.19827
v 0.064175 0.287403 0.192654
v 0.053092 0.277536 0.185763
v 0.156021 0.301882 -0.204881
v 0.159787 0.282742 -0.218393
v 0.042762 0.326034 0.234399
v 0.030168 0.337677 0.238748
v 0.015273 0.3464 0.241101
v -0.00012 0.350201 0.242949
v -0.01704 0.349335 0.243486
v -0.018004 0.338269 0.252127
v 0.131633 0.373249 -0.160659
v 0.127529 0.397993 -0.171774
v 0.085337 0.241093 -0.35764
v 0.085294 0.210597 -0.349488
v 0.051942 0.221655 -0.363328
v 0.057095 0.247394 -0.369429
v -0.011649 0.27094 -0.381608
v 0.024523 0.25737 -0.379123
v 0.02011 0.232579 -0.370075
v -0.014874 0.248133 -0.372991
v 0.002577 0.411649 -0.335048
v 0.003189 0.429683 -0.311028
v 0.034686 0.428171 -0.308306
v 0.034182 0.410378 -0.331454
v 0.116121 0.419203 -0.180621
v 0.100023 0.436625 -0.187614
v 0.128486 0.347292 -0.149495
v 0.142468 0.157225 -0.212741
v 0.132353 0.1239 -0.21321
v 0.132943 0.128364 -0.254594
v 0.14538 0.162461 -0.256894
v 0.098709 0.14074 -0.319772
v 0.065105 0.150024 -0.339158
v 0.076585 0.179786 -0.344441
v 0.109664 0.172626 -0.324125
v 0.056102 0.238338 -0.113367
v 0.054232 0.236111 -0.116848
v 0.073519 0.256329 -0.120225
v -0.01163 0.209999 -0.111638
v -0.013417 0.205508 -0.114425
v 0.010248 0.210791 -0.114784
v 0.013107 0.21421 -0.111771
v -0.00667 0.195004 -0.142238
v -0.000416 0.198084 -0.131803
v -0.020285 0.193226 -0.13167
v -0.022885 0.19138 -0.141592
v 0.146832 0.284002 -0.183332
v 0.144 0.294892 -0.17688
v 0.128308 0.275181 -0.161975
v 0.12986 0.266563 -0.167645
v 0.010675 0.213868 -0.357522
v -0.018714 0.230918 -0.358472
v 0.125227 0.158772 -0.17469
v 0.115758 0.126407 -0.172766
v 0.087279 0.131082 -0.145493
v 0.095594 0.161 -0.147933
v 0.05966 0.165921 -0.137519
v 0.05293 0.138279 -0.135946
v -0.030721 0.192542 -0.203333
v -0.031196 0.19452 -0.206839
v -0.012214 0.197812 -0.178493
v -0.014306 0.19702 -0.17604
v -0.004049 0.317488 -0.38643
v 0.027587 0.311219 -0.385398
v 0.026118 0.284805 -0.384627
v -0.007414 0.294463 -0.386485
v 0.080537 0.449834 -0.194455
v 0.073102 0.454596 -0.170249
v 0.054054 0.463752 -0.171346
v 0.051089 0.475303 -0.146227
v 0.06925 0.463961 -0.146284
v 0.058674 0.496249 0.02395
v 0.07135 0.485683 0.047491
v 0.086604 0.473063 0.031188
v 0.075943 0.483058 0.010421
v 0.065563 0.410125 0.169303
v 0.059674 0.42393 0.160985
v 0.030646 0.16628 -0.346551
v 0.026905 0.128737 -0.339946
v -0.00441 0.140157 -0.335573
v -0.005311 0.188192 -0.343632
v 0.086882 0.108685 -0.316264
v 0.12259 0.13468 -0.293054
v 0.109075 0.103349 -0.288685
v 0.122138 0.092032 -0.210553
v 0.121151 0.09559 -0.252746
v 0.07851 0.10106 -0.14438
v 0.045309 0.109744 -0.135894
v -0.033529 0.150303 -0.186782
v -0.03745 0.127822 -0.191914
v -0.01769 0.122084 -0.163984
v -0.011553 0.146163 -0.15999
v 0.038749 0.212682 -0.143388
v 0.045625 0.215362 -0.149091
v 0.077897 0.228685 -0.150975
v 0.079021 0.232704 -0.146574
v 0.016171 0.216351 -0.106574
v -0.004866 0.212129 -0.106282
v 0.057283 0.24196 -0.109949
v 0.036689 0.225861 -0.107696
v 0.035096 0.222688 -0.112203
v 0.024713 0.241496 -0.079005
v 0.02283 0.234784 -0.086524
v 0.045249 0.247589 -0.088812
v 0.047169 0.254872 -0.08028
v 0.048371 0.26147 -0.068671
v 0.025896 0.248916 -0.068376
v 0.021222 0.265262 -0.041221
v 0.03947 0.27348 -0.042775
v 0.038761 0.259193 -0.042766
v 0.014295 0.237976 0.060361
v 0.012037 0.230204 0.044778
v 0.152304 0.26593 -0.196393
v -0.03026 0.178806 -0.319344
v -0.029206 0.144618 -0.318011
v -0.042945 0.141785 -0.288146
v -0.038234 0.167794 -0.286626
v 0.15296 0.317307 -0.190431
v 0.117823 0.325864 -0.133863
v 0.120673 0.322759 -0.140747
v 0.117181 0.336983 -0.031689
v 0.112105 0.353862 -0.040836
v 0.048601 0.217764 -0.023225
v 0.046567 0.214355 -0.015539
v 0.13513 0.169226 -0.295561
v 0.069638 0.074222 -0.144697
v 0.035781 0.082901 -0.136974
v 0.025859 0.055235 -0.138911
v 0.058776 0.047814 -0.144769
v -0.049159 0.106765 -0.226125
v -0.050861 0.07777 -0.228915
v -0.043972 0.075303 -0.199513
v -0.040792 0.102456 -0.196426
v -0.051778 0.047845 -0.22961
v -0.054008 0.018636 -0.231008
v -0.049996 0.016756 -0.20465
v -0.045944 0.045709 -0.201348
v 0.106433 0.093868 -0.170491
v 0.099851 0.036149 -0.200887
v 0.110712 0.063787 -0.205071
v 0.095974 0.066164 -0.168816
v 0.085529 0.040208 -0.166779
v 0.057511 0.115773 -0.331855
v -0.043379 0.153893 -0.216166
v -0.047022 0.133196 -0.22165
v -0.044208 0.075833 -0.283784
v -0.04495 0.109189 -0.287098
v -0.029545 0.107765 -0.313536
v -0.029607 0.07308 -0.306862
v 0.073287 0.049352 -0.298707
v 0.080657 0.077676 -0.306545
v 0.100202 0.072106 -0.280626
v 0.090983 0.043816 -0.272254
v 0.110873 0.065656 -0.24556
v 0.100397 0.03915 -0.238329
v 0.078697 -0.015927 -0.193156
v 0.089016 0.010159 -0.196446
v 0.073948 0.01422 -0.165582
v 0.061934 -0.011889 -0.164628
v 0.081772 -0.014621 -0.226843
v 0.090354 0.012272 -0.232396
v 0.077366 -0.010383 -0.257738
v 0.083908 0.016374 -0.264726
v 0.064197 -0.005609 -0.28223
v 0.068688 0.021219 -0.291265
v 0.044635 -0.000674 -0.299302
v 0.047027 0.026181 -0.308471
v 0.021071 0.032273 -0.316474
v 0.021095 0.004152 -0.30832
v -0.002549 0.008907 -0.307268
v -0.004223 0.037017 -0.314939
v -0.041589 0.015615 -0.280014
v -0.04322 0.044534 -0.281618
v -0.027585 0.041712 -0.302625
v -0.02506 0.012592 -0.297857
v -0.029605 -0.091903 -0.268939
v -0.034499 -0.064939 -0.274705
v -0.014735 -0.067185 -0.28018
v -0.010351 -0.092044 -0.270873
v 0.007373 -0.093162 -0.274006
v 0.004387 -0.068955 -0.280301
v 0.022188 -0.07203 -0.279332
v 0.025464 -0.096097 -0.272774
v 0.051861 -0.078967 -0.255742
v 0.051609 -0.102262 -0.248222
v 0.040547 -0.099304 -0.264048
v 0.039146 -0.075518 -0.271397
v 0.063258 -0.082728 -0.234693
v 0.06074 -0.104891 -0.226572
v 0.062975 -0.085262 -0.207828
v 0.057058 -0.106703 -0.20126
v 0.051472 -0.086307 -0.180939
v 0.041905 -0.105655 -0.177114
v -0.060655 -0.063627 -0.219265
v -0.059887 -0.061986 -0.24165
v -0.058084 -0.088089 -0.244178
v -0.061471 -0.088381 -0.222339
v -0.036323 -0.070365 -0.176225
v -0.040116 -0.094085 -0.182005
v -0.022058 -0.094866 -0.163104
v -0.015571 -0.073163 -0.157349
v 0.068679 -0.041584 -0.190493
v 0.073503 -0.039584 -0.221118
v 0.070775 -0.035761 -0.250512
v 0.059165 -0.031137 -0.272885
v -0.039949 -0.011399 -0.278344
v -0.021895 -0.014061 -0.292144
v -0.05399 -0.011595 -0.209429
v -0.056424 -0.009136 -0.233597
v 0.018293 -0.055298 -0.147459
v 0.043032 -0.060827 -0.159143
v 0.050757 -0.036775 -0.16288
v 0.026794 -0.030595 -0.147894
v 0.067275 -0.062776 -0.214711
v 0.065517 -0.059972 -0.242971
v 0.054258 -0.055807 -0.26425
v 0.021239 -0.0476 -0.288016
v 0.040249 -0.05184 -0.279878
v 0.001132 -0.04412 -0.290133
v -0.038585 -0.038004 -0.277997
v -0.019846 -0.040292 -0.287125
v -0.056661 -0.038303 -0.214523
v -0.058733 -0.036229 -0.23749
v 0.001307 -0.098133 -0.153107
v 0.025684 -0.103347 -0.159582
v 0.034507 -0.082971 -0.16019
v 0.009273 -0.078933 -0.147912
v -0.004174 -0.117446 -0.158444
v -0.024708 -0.115624 -0.167215
v 0.027118 -0.122943 -0.265799
v 0.010099 -0.121782 -0.270105
v 0.040386 -0.126059 -0.256232
v 0.049718 -0.129256 -0.19394
v 0.0584 -0.128868 -0.219441
v 0.033384 -0.12776 -0.171527
v 0.016918 -0.121448 -0.160079
v -0.050659 -0.142396 -0.239845
v -0.055303 -0.14104 -0.220722
v -0.058668 -0.111468 -0.222431
v -0.052753 -0.114088 -0.241441
v -0.025157 -0.146972 -0.264389
v -0.02389 -0.118136 -0.25983
v -0.006735 -0.119252 -0.265112
v -0.007098 -0.149029 -0.271268
v 0.030091 -0.153449 -0.266349
v 0.012338 -0.150903 -0.27238
v 0.045634 -0.154588 -0.255526
v 0.054905 -0.155264 -0.212049
v 0.056408 -0.155033 -0.237036
v 0.053932 -0.126904 -0.240795
v 0.043155 -0.153542 -0.184001
v 0.013799 -0.177988 -0.161351
v 0.03984 -0.180299 -0.174811
v 0.018554 -0.151331 -0.165936
v -0.025882 -0.263482 -0.153529
v -0.032019 -0.294958 -0.149908
v -0.011136 -0.295208 -0.147219
v -0.002192 -0.264362 -0.148967
v -0.054238 -0.173051 -0.239771
v -0.056638 -0.169312 -0.218338
v -0.009264 -0.180666 -0.274995
v -0.029565 -0.17842 -0.268013
v 0.052356 -0.210998 -0.197492
v 0.05463 -0.212951 -0.225305
v 0.057523 -0.183385 -0.23002
v 0.05441 -0.182257 -0.202608
v -0.072145 -0.260455 -0.2079
v -0.068468 -0.23029 -0.213074
v -0.065866 -0.23409 -0.235182
v -0.068937 -0.264692 -0.228091
v -0.014965 -0.212627 -0.275394
v -0.020472 -0.244007 -0.27112
v -0.040624 -0.241605 -0.264106
v -0.03514 -0.209816 -0.266608
v 0.036473 -0.272232 -0.186332
v 0.038841 -0.275449 -0.211252
v 0.048916 -0.243802 -0.219329
v 0.046083 -0.241135 -0.19255
v 0.010699 -0.205061 -0.156226
v 0.006573 -0.234454 -0.152042
v 0.031953 -0.237719 -0.167275
v 0.037903 -0.208348 -0.170603
v -0.015553 -0.203377 -0.159979
v -0.019224 -0.232743 -0.156913
v -0.07011 -0.32986 -0.207456
v -0.072713 -0.32849 -0.190135
v -0.072105 -0.293923 -0.199293
v -0.068952 -0.296572 -0.218341
v -0.024947 -0.275419 -0.261353
v -0.030114 -0.307002 -0.24777
v -0.047657 -0.303755 -0.242296
v -0.045088 -0.272573 -0.255551
v 0.010182 -0.338652 -0.175189
v 0.011634 -0.341864 -0.195799
v 0.026487 -0.308733 -0.203273
v 0.024094 -0.304755 -0.181362
v -0.019508 -0.329543 -0.144983
v 0.000465 -0.333857 -0.155184
v 0.011874 -0.299609 -0.158571
v -0.038853 -0.328356 -0.146714
v -0.045096 -0.361607 -0.142412
v -0.029286 -0.362707 -0.140415
v -0.072518 -0.361529 -0.196734
v -0.073041 -0.360159 -0.181024
v -0.059415 -0.366308 -0.217145
v -0.052346 -0.335566 -0.228688
v -0.036511 -0.33809 -0.233966
v -0.045093 -0.36862 -0.222635
v -0.004696 -0.344709 -0.224566
v -0.016113 -0.374513 -0.213311
v -0.029497 -0.3716 -0.221203
v -0.020084 -0.341822 -0.232321
v -0.002569 -0.372597 -0.188081
v -0.007751 -0.374143 -0.202718
v 0.00612 -0.344335 -0.212486
v -0.002273 -0.369219 -0.168519
v -0.010394 -0.365569 -0.149038
v -0.036147 0.200489 -0.302534
v -0.030152 0.198231 -0.312222
v -0.037062 0.182189 -0.279974
v -0.039852 0.188676 -0.270929
v -0.028432 0.068944 -0.171044
v -0.022106 0.096817 -0.167502
v -0.038512 0.01302 -0.178725
v -0.03205 0.040189 -0.173725
v -0.043371 -0.015352 -0.184344
v -0.052036 -0.066848 -0.197019
v -0.047964 -0.042455 -0.190976
v -0.054475 -0.090358 -0.201031
v -0.053198 -0.115722 -0.20153
v -0.050962 -0.142472 -0.198886
v -0.05441 -0.197485 -0.193056
v -0.050601 -0.169045 -0.195762
v -0.062122 -0.199667 -0.216606
v -0.06437 -0.258652 -0.183825
v -0.060223 -0.227379 -0.189227
v -0.067516 -0.328164 -0.171711
v -0.065728 -0.293183 -0.17805
v -0.067463 -0.360031 -0.164466
v 0.03125 0.188509 -0.143435
v 0.038405 0.20379 -0.146187
v 0.007202 0.195052 -0.15745
v 0.001091 0.184126 -0.157594
v -0.039636 0.193418 -0.23927
v -0.040425 0.194631 -0.243567
v -0.03751 0.193674 -0.226357
v -0.037287 0.192783 -0.223185
v 0.059402 -0.064039 -0.185553
v 0.04236 -0.026279 -0.288935
v -0.000271 -0.017617 -0.297722
v 0.021375 -0.022269 -0.29835
v -0.03216 -0.046396 -0.168327
v -0.010525 -0.049861 -0.151089
v -0.002344 -0.024589 -0.148266
v -0.0267 -0.019975 -0.162332
v -0.013166 -0.177988 -0.163799
v -0.035491 -0.173042 -0.176475
v -0.037758 -0.200564 -0.173551
v -0.009134 -0.15488 -0.165457
v 0.049073 -0.183899 -0.253243
v 0.033161 -0.183967 -0.267505
v 0.008943 -0.213705 -0.275178
v 0.012999 -0.182555 -0.274324
v 0.030588 -0.214499 -0.266878
v -0.010318 0.032819 -0.153196
v -0.018177 0.006154 -0.157552
v 0.007505 0.00071 -0.144906
v 0.017066 0.027332 -0.142517
v 0.082513 0.469526 -0.098614
v 0.09907 0.45184 -0.101598
v 0.110859 0.274299 -0.027865
v 0.100216 0.269127 -0.035888
v 0.10159 0.2928 -0.039091
v 0.11407 0.301468 -0.031184
v 0.122072 0.304181 -0.022066
v 0.117854 0.276898 -0.018185
v 0.126157 0.30361 -0.010304
v 0.121453 0.278429 -0.006649
v 0.111412 0.279682 0.053755
v 0.105181 0.264918 0.063224
v 6e-05 0.257591 -0.042319
v 0.00126 0.248817 -0.055132
v 0.025395 0.255889 -0.054896
v 0.032973 0.21947 -0.113944
v 0.050597 0.218528 -0.135323
v 0.023277 0.206801 -0.131753
v 0.012776 0.20115 -0.141711
v -0.030017 0.194598 -0.183238
v -0.040033 0.192456 -0.198798
v -0.042207 0.189556 -0.220458
v -0.042318 0.191136 -0.239398
v 0.026364 0.509303 -0.025389
v 0.028704 0.509898 0.006555
v 0.002488 0.418785 0.179406
v 0.03639 0.411395 0.177523
v 0.039441 0.394666 0.19038
v 0.005536 0.401975 0.192736
v 0.005857 0.395633 0.198977
v 0.037288 0.388195 0.196041
v 0.001727 0.36041 0.236589
v 0.002945 0.368737 0.228259
v -0.04097 0.198215 -0.261714
v -0.040416 0.199156 -0.272964
v -0.041082 0.194119 -0.249525
v -0.028382 0.16703 -0.182922
v -0.021723 0.17931 -0.180216
v -0.035723 0.179094 -0.208566
v -0.038954 0.168442 -0.212386
v 0.155551 0.195778 -0.252306
v 0.150945 0.188328 -0.212082
v 0.042591 0.192909 -0.357384
v 0.141144 0.098885 0.038082
v 0.139865 0.125866 0.041981
v 0.152466 0.122557 0.049605
v 0.153367 0.095068 0.045604
v 0.045788 0.483723 0.101632
v 0.049387 0.492611 0.071122
v 0.066975 0.288832 0.186256
v 0.084311 0.260158 0.181754
v 0.084626 0.270214 0.183223
v 0.064933 0.262415 0.17046
v 0.063942 0.254349 0.171437
v 0.15143 0.288634 0.162362
v 0.14723 0.306443 0.165565
v 0.138628 0.297798 0.177158
v 0.141716 0.282128 0.173401
v 0.031761 0.388663 -0.352584
v 0.000772 0.389786 -0.355346
v 0.005383 0.495748 -0.11147
v 0.004911 0.504119 -0.082066
v 0.02602 0.502208 -0.086749
v 0.027124 0.493538 -0.116615
v 0.080273 0.468295 0.079797
v 0.090821 0.46536 0.060822
v 0.007166 0.217839 -0.013594
v 0.019756 0.214593 -0.011166
v 0.019628 0.214158 0.002376
v 0.006455 0.216122 -0.000456
v 0.165492 0.152784 0.083339
v 0.159598 0.147783 0.065154
v 0.155394 0.175105 0.067633
v 0.159535 0.179853 0.077792
v 0.117525 0.207891 -0.329958
v 0.145139 0.213549 -0.295841
v 0.110871 0.439438 -0.06267
v 0.108116 0.434862 -0.083343
v 0.094661 0.456782 -0.079405
v 0.098812 0.462631 -0.05687
v 0.118138 0.420025 -0.008886
v 0.112543 0.42896 -0.024113
v 0.127627 0.411997 0.004581
v 0.134411 0.268822 0.072613
v 0.137251 0.288195 0.068779
v 0.14096 0.289731 0.072209
v -0.00607 0.168403 -0.15762
v 0.016059 0.205891 -0.160133
v 0.010616 0.201899 -0.154902
v -0.040481 0.196344 -0.254276
v -0.041376 0.193456 -0.252487
v 0.049898 0.274689 0.19307
v 0.055245 0.285264 0.203935
v 0.11864 0.198899 0.062897
v 0.117569 0.220617 0.070193
v 0.141052 0.321927 0.056521
v 0.13703 0.301013 0.062303
v 0.129211 0.290824 0.061921
v 0.132552 0.309095 0.053926
v 0.146283 0.331172 0.060738
v 0.14204 0.308745 0.064678
v 0.059665 0.253478 0.091571
v 0.050355 0.250469 0.111129
v 0.048012 0.255215 0.113615
v 0.058128 0.254752 0.092195
v 0.059624 0.252217 0.087901
v 0.053399 0.257756 0.111799
v 0.054542 0.256913 0.106314
v 0.057423 0.248543 0.082296
v 0.056317 0.278235 0.163368
v 0.044462 0.269277 0.149933
v 0.032073 0.263057 0.137781
v 0.018194 0.260134 0.129991
v 0.005175 0.376759 0.220294
v 0.032341 0.36915 0.216312
v 0.030616 0.377224 0.208806
v 0.006006 0.38404 0.212626
v -0.022617 0.384607 0.215952
v -0.021324 0.377593 0.222632
v 0.042815 0.269122 0.176132
v 0.030652 0.262389 0.166842
v 0.018018 0.262161 0.151626
v 0.09883 0.078152 0.118786
v 0.099316 0.102491 0.130393
v 0.05135 0.311987 0.227694
v 0.055816 0.296933 0.216679
v 0.116389 0.077535 0.123772
v 0.11706 0.101436 0.134419
v 0.052238 0.263884 0.15372
v 0.050334 0.257067 0.153927
v 0.064012 0.27035 0.171594
v 0.041303 0.265009 0.18322
v 0.029987 0.257454 0.173713
v 0.161332 0.229636 -0.241118
v 0.15481 0.219933 -0.207203
v 0.122547 0.37416 -0.106089
v 0.11992 0.346009 -0.105381
v -0.026409 0.232434 -0.076002
v -0.028166 0.22582 -0.085663
v -0.002465 0.228181 -0.084466
v -0.000244 0.235097 -0.076737
v -0.023601 0.254612 -0.043048
v -0.024484 0.247315 -0.056318
v 0.004474 0.247573 0.172034
v 0.017615 0.220719 -0.099482
v 0.020204 0.227176 -0.094237
v -0.005071 0.22205 -0.091762
v -0.007661 0.21492 -0.098839
v -0.020322 0.20865 -0.108679
v -0.022687 0.20882 -0.11152
v -0.011521 0.192864 -0.152029
v -0.024128 0.190167 -0.15239
v 0.064624 0.162847 0.132024
v 0.074197 0.1582 0.149864
v 0.06805 0.169926 0.154276
v 0.059961 0.173495 0.135774
v 0.060726 0.249658 -0.104377
v 0.040242 0.231558 -0.101599
v 0.11041 0.273331 0.04335
v 0.118318 0.290252 0.042377
v -0.000577 0.249677 -0.039139
v 0.033815 0.211626 -0.007726
v 0.033842 0.214185 0.005524
v 0.046913 0.212517 -0.003713
v 0.047577 0.215009 0.008995
v -0.040441 0.198026 -0.266008
v -0.040443 0.198425 -0.264334
v 0.161044 0.198266 0.139537
v 0.162639 0.200774 0.129145
v 0.161256 0.213482 0.128917
v 0.160763 0.210065 0.139909
v -0.042163 0.158423 -0.249783
v -0.040159 0.172479 -0.24555
v -0.023207 0.216904 -0.337753
v -0.033145 0.211567 -0.324426
v -0.035633 0.219014 -0.330044
v -0.034354 0.229646 -0.341983
v 0.01173 0.11525 -0.143803
v 0.018809 0.142518 -0.141055
v 0.004346 0.087516 -0.146743
v -0.003334 0.059689 -0.150195
v -0.039085 -0.11829 -0.183815
v -0.033582 -0.144805 -0.177496
v -0.041522 -0.229669 -0.170506
v -0.045537 -0.261232 -0.166958
v -0.050497 -0.294395 -0.162873
v -0.058179 -0.36048 -0.150639
v -0.055202 -0.328442 -0.157024
v 0.133233 0.077375 0.121185
v 0.147664 0.077796 0.113671
v 0.150999 0.105359 0.122556
v 0.135831 0.104762 0.131808
v 0.108046 0.152063 0.04964
v 0.109925 0.128927 0.043015
v 0.094719 0.126878 0.051012
v 0.092737 0.150143 0.058693
v 0.112852 0.104206 0.036232
v 0.125832 0.12904 0.039287
v 0.128158 0.102745 0.034759
v 0.163447 0.091705 0.058153
v 0.162399 0.119698 0.061734
v 0.167846 0.117425 0.07813
v 0.166715 0.088001 0.073343
v 0.158484 0.080144 0.102286
v 0.164993 0.083604 0.088183
v 0.166743 0.111076 0.094471
v 0.160873 0.106103 0.109049
v 0.074436 0.095101 0.066329
v 0.072504 0.119913 0.075043
v 0.080813 0.123773 0.062188
v 0.082607 0.099423 0.052938
v 0.090594 0.156142 0.163102
v 0.085823 0.169162 0.16853
v 0.08295 0.238678 0.076663
v 0.081988 0.225887 0.086922
v 0.064651 0.211058 0.096407
v 0.065705 0.224371 0.088897
v 0.081785 0.128101 0.131045
v 0.098263 0.123346 0.142328
v 0.095003 0.141619 0.154006
v 0.078008 0.144819 0.141615
v 0.070531 0.142756 0.083731
v 0.067913 0.163505 0.091767
v 0.078493 0.168703 0.079054
v 0.079065 0.146738 0.07023
v 0.145858 0.177002 0.057414
v 0.15031 0.149851 0.053174
v 0.059556 0.181199 0.116306
v 0.06284 0.170361 0.113124
v 0.115963 0.277229 0.030938
v 0.133377 0.322129 0.046291
v 0.134124 0.333326 0.038005
v 0.099138 0.251629 -0.028997
v 0.099712 0.241831 -0.019675
v 0.131466 0.327649 0.00661
v 0.130286 0.3325 -0.007805
v 0.105179 0.248614 -0.018545
v 0.107139 0.25706 -0.022881
v 0.063554 0.280596 -0.055052
v 0.017699 0.261825 0.141995
v 0.064238 0.156638 0.107391
v 0.068107 0.14979 0.125048
v 0.155113 0.202006 0.077086
v 0.149314 0.20111 0.068778
v 0.14407 0.225339 0.07289
v 0.150401 0.223294 0.078033
v 0.123983 0.415302 0.090242
v 0.128353 0.415814 0.077509
v 0.11089 0.441235 0.070674
v 0.103585 0.443327 0.085172
v 0.152463 0.189885 0.156404
v 0.151714 0.201754 0.160076
v 0.142532 0.193983 0.167915
v 0.14388 0.180913 0.162918
v 0.127862 0.184 0.173834
v 0.107354 0.173896 0.175753
v 0.110219 0.159633 0.169416
v 0.12976 0.169659 0.168043
v 0.16055 0.273479 -0.256722
v 0.152406 0.292843 -0.282462
v 0.092114 0.277629 -0.12587
v 0.108365 0.299515 -0.133911
v 0.080376 0.235903 -0.142876
v -0.03203 0.190714 -0.208368
v -0.013515 0.194139 -0.179665
v -0.04744 0.137211 -0.254541
v 0.161637 0.262509 -0.224869
v -0.050728 0.077928 -0.256817
v -0.050451 0.10862 -0.256648
v -0.004907 0.068275 -0.320951
v -0.00564 0.10344 -0.328755
v 0.023405 0.094576 -0.331945
v 0.021948 0.061256 -0.324013
v 0.053587 0.086458 -0.323451
v 0.04971 0.05461 -0.315599
v 0.035111 -0.004025 -0.147556
v 0.002728 -0.246036 -0.270179
v 0.01614 -0.27955 -0.250755
v -0.003643 -0.278493 -0.259781
v 0.025207 -0.246643 -0.26102
v 0.047042 -0.214198 -0.249913
v 0.041767 -0.245681 -0.243796
v 0.023026 -0.267735 -0.162192
v -0.01101 -0.30996 -0.246104
v 0.006439 -0.312398 -0.237418
v 0.032145 -0.278092 -0.23425
v 0.020168 -0.311327 -0.223092
v -0.038571 0.180864 -0.239501
v -0.033625 0.241381 -0.354364
v 0.135377 0.215268 -0.175721
v 0.132012 0.189599 -0.176234
v 0.044184 0.213298 -0.149763
v 0.075204 0.222173 -0.150094
v 0.095457 0.300046 -0.104232
v 0.078078 0.281012 -0.102654
v 0.097695 0.312371 -0.079736
v 0.098009 0.306941 -0.094044
v 0.110645 0.328562 -0.09263
v 0.110804 0.333522 -0.077635
v 0.120399 0.385708 -0.071376
v 0.119966 0.381338 -0.089541
v 0.117108 0.409377 -0.086788
v 0.118387 0.413189 -0.066589
v 0.112835 0.428749 -0.104205
v 0.12084 0.40291 -0.105779
v 0.045986 0.501062 -0.062717
v 0.04747 0.503156 -0.032822
v 0.066279 0.494497 -0.040748
v 0.064226 0.489656 -0.068526
v 0.001214 0.197948 -0.153463
v -0.038409 0.191493 -0.230817
v 0.025564 0.166777 -0.142151
v 0.067247 0.189934 -0.140144
v 0.102134 0.18797 -0.151113
v 0.107272 0.216134 0.074929
v 0.145428 0.349996 0.086276
v 0.145195 0.338799 0.095008
v 0.115007 0.144168 0.160098
v 0.133807 0.15354 0.158926
v 0.067648 0.180112 0.098473
v 0.06255 0.179712 0.156449
v 0.048629 0.191499 0.137803
v 0.053897 0.182434 0.136933
v 0.106556 0.250652 -0.154563
v 0.107466 0.242614 -0.158654
v 0.132804 0.255589 -0.171894
v -0.036866 0.207059 -0.307871
v -0.036369 0.210837 -0.315924
v 0.014042 0.203062 -0.160019
v -0.051428 0.018153 -0.256426
v -0.050703 0.046619 -0.256136
v -0.052066 -0.009423 -0.257947
v -0.051525 -0.036596 -0.260908
v -0.050171 -0.063645 -0.261888
v -0.046917 -0.089409 -0.260578
v -0.041314 -0.116524 -0.255291
v -0.040299 -0.144688 -0.254352
v -0.059673 -0.203704 -0.238649
v -0.044696 -0.175346 -0.255566
v -0.050166 -0.20666 -0.25476
v -0.055428 -0.238118 -0.251638
v -0.06038 -0.300255 -0.232009
v -0.05962 -0.269066 -0.243432
v -0.062909 -0.332141 -0.219603
v -0.068437 -0.362652 -0.207514
v -0.039436 0.202375 -0.27574
v -0.038208 0.204756 -0.290867
v 0.05627 0.268889 0.153711
v 0.121837 0.29414 0.053543
v 0.117613 0.278312 0.061908
v 0.066748 0.192663 0.101152
v -0.033399 0.257435 -0.365196
v -0.03517 0.276021 -0.373437
v 0.163389 0.133183 0.113857
v 0.154604 0.132174 0.129053
v 0.08 0.188366 0.087625
v 0.097266 0.250976 0.072265
v 0.096046 0.238864 0.080037
v 0.089058 -0.103958 0.055892
v 0.085374 -0.121305 0.046466
v 0.0953 -0.125099 0.052762
v 0.100464 -0.107178 0.061602
v 0.080858 -0.098953 0.046588
v 0.078728 -0.115948 0.036881
v 0.106742 -0.082219 -0.008412
v 0.107535 -0.102343 -0.012095
v 0.094601 -0.101348 -0.006047
v 0.094277 -0.081733 -0.000751
v 0.075188 -0.127851 0.017372
v 0.076089 -0.110621 0.025983
v 0.078586 -0.105694 0.014069
v 0.078288 -0.12369 0.006689
v 0.136144 -0.089239 -0.004479
v 0.13625 -0.069219 -0.003022
v 0.147116 -0.073781 0.006699
v 0.145791 -0.093914 0.00559
v 0.097389 -0.004705 0.017302
v 0.093143 0.009536 0.025101
v 0.103432 0.009359 0.014233
v 0.108906 -0.005682 0.007477
v 0.097204 -0.068654 0.075476
v 0.092851 -0.086129 0.065291
v 0.10556 -0.088846 0.070016
v 0.111173 -0.070181 0.078279
v 0.082747 -0.051207 0.038653
v 0.086286 -0.032279 0.048616
v 0.088869 -0.026854 0.033604
v 0.087022 -0.045623 0.024208
v 0.117413 -0.050484 0.084842
v 0.103501 -0.050942 0.085268
v 0.078887 -0.087575 0.021672
v 0.080548 -0.069479 0.029849
v 0.085209 -0.064434 0.016613
v 0.084755 -0.083495 0.009531
v 0.131861 -0.128619 -0.007284
v 0.134833 -0.109114 -0.005931
v 0.14245 -0.113529 0.004289
v 0.138158 -0.132723 0.002934
v 0.085329 -0.121228 -0.002772
v 0.084795 -0.102419 0.003249
v 0.095467 -0.120761 -0.009964
v 0.115134 -0.14579 0.044215
v 0.122497 -0.127259 0.051012
v 0.108558 -0.126874 0.054052
v 0.102372 -0.144643 0.046016
v 0.10469 -0.042501 0.002133
v 0.105983 -0.062361 -0.003574
v 0.094193 -0.062142 0.005057
v 0.09407 -0.042662 0.011466
v 0.086875 -0.063836 0.066223
v 0.083873 -0.081446 0.055902
v 0.129569 -0.108021 0.057092
v 0.136051 -0.088436 0.062715
v 0.120396 -0.089326 0.068654
v 0.114691 -0.108238 0.06172
v 0.151021 -0.065097 0.05247
v 0.146017 -0.085281 0.050202
v 0.150943 -0.081409 0.03513
v 0.154185 -0.060562 0.036246
v 0.1153 -0.024309 0.001234
v 0.101504 -0.022488 0.008703
v 0.134746 -0.048588 -0.001111
v 0.131819 -0.028116 0.000806
v 0.145237 -0.032116 0.008335
v 0.147089 -0.052899 0.007652
v 0.095384 -0.008153 0.079094
v 0.09186 -0.021694 0.073022
v 0.098624 -0.027709 0.085058
v 0.104561 -0.012839 0.090216
v 0.111023 -0.031124 0.091859
v 0.117867 -0.015222 0.095725
v 0.138322 0.009487 0.095085
v 0.136484 -0.00138 0.093574
v 0.146112 0.003087 0.08368
v 0.14805 0.013456 0.085976
v 0.159368 -0.024957 0.051251
v 0.155963 -0.04481 0.053007
v 0.156915 -0.040197 0.035444
v 0.158305 -0.019581 0.033862
v 0.150271 0.001798 0.018663
v 0.152906 -0.015276 0.019045
v 0.142374 -0.012413 0.008385
v 0.137765 0.003488 0.009331
v 0.134054 0.057648 0.026772
v 0.136136 0.042356 0.023244
v 0.121944 0.044391 0.019429
v 0.119301 0.059276 0.024192
v 0.091648 0.044365 0.030734
v 0.082183 0.040622 0.042602
v 0.079471 0.05426 0.049028
v 0.089344 0.058226 0.036638
v 0.098534 0.032858 0.100715
v 0.097234 0.020536 0.094853
v 0.112578 0.018715 0.101743
v 0.115276 0.031484 0.106608
v 0.161175 -0.008536 0.049563
v 0.15808 -0.000189 0.031969
v 0.094556 0.032507 0.025469
v 0.099072 0.021375 0.020276
v 0.089757 0.019698 0.03188
v 0.085088 0.029681 0.037102
v 0.081119 0.020868 0.065288
v 0.08563 0.012563 0.058338
v 0.088903 0.007858 0.071871
v 0.08693 0.015976 0.077835
v 0.096889 0.01219 0.089445
v 0.096713 0.003223 0.084523
v 0.107977 -0.000396 0.094389
v 0.110107 0.009427 0.098029
v 0.161569 0.002228 0.050553
v 0.162896 0.011534 0.050092
v 0.16061 0.009674 0.062607
v 0.158909 9.3e-05 0.063339
v 0.131447 0.017361 0.011519
v 0.144965 0.015336 0.018947
v 0.088724 0.002025 0.051766
v 0.08527 0.015858 0.04518
v 0.088935 0.006293 0.038348
v 0.121732 -0.002383 0.098019
v 0.145834 0.054609 0.032061
v 0.143663 0.072879 0.034445
v 0.154518 0.069571 0.042444
v 0.15565 0.051808 0.039932
v 0.130247 0.075742 0.030135
v 0.115666 0.07817 0.029671
v 0.076654 0.07165 0.057131
v 0.085641 0.075737 0.043721
v 0.07254 0.066663 0.071846
v 0.075161 0.048651 0.064164
v 0.076147 0.043434 0.079031
v 0.075021 0.062759 0.087145
v 0.098665 0.054742 0.109972
v 0.116324 0.052639 0.114065
v 0.130315 0.031966 0.105316
v 0.132321 0.052016 0.11185
v 0.106008 0.045482 0.02238
v 0.109354 0.033186 0.017477
v 0.140339 -0.105331 0.046415
v 0.133548 -0.125011 0.04191
v 0.140684 -0.12145 0.029638
v 0.146516 -0.101773 0.033049
v 0.144241 -0.117631 0.017038
v 0.138554 -0.136624 0.014676
v 0.079582 -0.075588 0.043565
v 0.077153 -0.093334 0.034773
v 0.076412 -0.132873 0.028174
v 0.09063 -0.00291 0.065326
v 0.089881 -0.015534 0.058418
v 0.155452 0.017284 0.074851
v 0.157826 0.028055 0.076651
v 0.150759 0.02455 0.088068
v 0.156473 -0.010892 0.066112
v 0.145096 -0.008758 0.080054
v 0.138512 -0.029518 0.081156
v 0.151748 -0.028067 0.068505
v 0.162568 0.022167 0.049595
v 0.162726 0.033994 0.050183
v 0.162931 0.030929 0.063861
v 0.161621 0.019491 0.062885
v 0.083986 0.037303 0.09154
v 0.085102 0.024799 0.084658
v 0.156492 0.05516 0.095151
v 0.146269 0.052198 0.105058
v 0.142922 0.033692 0.09986
v 0.152828 0.03727 0.090916
v 0.140647 0.0209 0.097015
v 0.163657 0.059346 0.082753
v 0.160372 0.04102 0.079247
v 0.08422 0.058692 0.100345
v 0.162837 0.048535 0.051966
v 0.163031 0.066514 0.054532
v 0.16604 0.062955 0.069094
v 0.163969 0.04479 0.065886
v 0.148927 -0.097938 0.018922
v 0.151956 -0.077703 0.020298
v 0.119853 0.007033 0.007256
v 0.126496 -0.008619 0.003238
v 0.11372 0.020501 0.012589
v 0.122285 -0.085203 -0.010139
v 0.122287 -0.105126 -0.012305
v 0.119237 -0.044588 -0.00342
v 0.121141 -0.06493 -0.007018
v 0.14188 -0.068543 0.066822
v 0.149161 0.02617 0.028485
v 0.15328 0.01431 0.028625
v 0.139802 0.028591 0.020515
v 0.100044 0.078309 0.034605
v 0.103051 0.0597 0.028082
v 0.160129 0.006208 0.040388
v 0.096039 0.102562 0.042806
v 0.133621 -0.013909 0.092114
v 0.127239 0.018619 0.102412
v 0.124947 0.008059 0.100114
v 0.090772 -0.142114 0.04383
v 0.081895 -0.057499 0.0532
v 0.090343 -0.009983 0.043737
v 0.091729 -0.006474 0.029824
v 0.147664 0.039521 0.029433
v 0.156745 0.036835 0.037756
v 0.157807 0.024458 0.037268
v 0.077956 0.035418 0.057531
v 0.078415 0.030605 0.071956
v 0.12091 -0.124557 -0.013827
v 0.081389 0.025906 0.051109
v 0.12561 -0.031162 0.09005
v 0.004092 0.409322 0.185982
v -0.030487 0.418396 0.183152
v -0.028854 0.4104 0.189569
v 0.12581 0.33588 -0.020283
v 0.084461 0.305256 -0.041408
v 0.10006 0.319055 -0.038333
v 0.1248 0.305789 0.044367
v 0.128048 0.315195 0.033712
v 0.108376 0.247913 0.07495
v 0.112051 0.262709 0.06854
v 0.12658 0.301912 0.003049
v 0.080086 0.210925 0.323982
v 0.07725 0.216341 0.323236
v 0.084943 0.20235 0.331344
v -0.020909 0.211587 -0.104381
v -0.037117 0.209148 -0.111744
v -0.038242 0.207857 -0.11291
v 0.079539 0.217296 0.300658
v 0.076026 0.222848 0.300608
v 0.080156 0.220686 0.300994
v 0.080228 0.214926 0.299566
v 0.079686 0.215716 0.299375
v 0.086223 0.19476 0.323276
v 0.073291 0.223033 0.317945
v 0.070072 0.228653 0.311219
v 0.081929 0.202564 0.310555
v 0.015841 0.466765 -0.201298
v 0.021512 0.460354 -0.229885
v -0.006557 0.462185 -0.228416
v -0.009921 0.468887 -0.199706
v -0.035673 0.457926 -0.253218
v -0.037324 0.465437 -0.22529
v -0.001595 0.453982 -0.258919
v 0.124802 0.396157 -0.266479
v 0.119429 0.411451 -0.245113
v 0.134938 0.395122 -0.227522
v 0.141684 0.381336 -0.246577
v 0.137327 0.384263 -0.196756
v 0.144448 0.375427 -0.21067
v 0.12539 0.403891 -0.211033
v 0.142632 0.361088 -0.182436
v 0.148078 0.352476 -0.194809
v 0.141289 0.337726 -0.168256
v 0.146297 0.329434 -0.179323
v 0.138164 0.307143 -0.165677
v 0.123828 0.284518 -0.15493
v 0.106333 0.255922 -0.150774
v 0.103831 0.260602 -0.144808
v 0.082246 0.239619 -0.135595
v 0.057033 0.221413 -0.129164
v 0.030444 0.207611 -0.125138
v 0.005144 0.198884 -0.122674
v -0.017828 0.193871 -0.122046
v -0.037353 0.192665 -0.122868
v -0.03661 0.191963 -0.132451
v 0.052346 0.263876 0.130635
v 0.082098 0.32829 0.212202
v 0.089776 0.302286 0.204919
v 0.092859 0.321415 0.207219
v 0.139302 0.329851 0.168713
v 0.122822 0.354768 0.171524
v 0.120464 0.345095 0.181609
v 0.133081 0.318852 0.181426
v 0.076393 0.345211 0.210202
v 0.067108 0.348251 0.213987
v 0.088428 0.341582 0.205454
v 0.075672 0.35889 0.202658
v 0.057704 0.372593 0.201356
v 0.106525 0.267423 0.187684
v 0.107452 0.254278 0.18459
v 0.127176 0.262982 0.180727
v 0.126301 0.275223 0.183142
v 0.155782 0.296188 0.149675
v 0.159409 0.279787 0.148686
v 0.160111 0.286949 0.136303
v 0.156692 0.30543 0.137834
v 0.102144 0.209538 0.179721
v 0.103563 0.196824 0.179858
v 0.124376 0.207603 0.178925
v 0.123996 0.220168 0.17918
v 0.154763 0.271596 0.160869
v 0.075017 0.461673 0.102293
v 0.098745 0.437736 0.101668
v 0.119919 0.414572 0.102322
v 0.147403 0.326291 0.10178
v 0.142461 0.367478 0.094085
v 0.142763 0.355479 0.103245
v 0.152453 0.300736 0.099705
v 0.153494 0.286116 0.098167
v 0.044872 0.202792 0.138292
v 0.048769 0.210295 0.112307
v 0.051542 0.199716 0.114859
v 0.152362 0.257055 0.093962
v 0.150316 0.259271 0.08968
v 0.148384 0.274449 0.088075
v 0.150322 0.27079 0.09199
v 0.104135 0.27946 0.191926
v 0.141314 0.217372 0.172214
v 0.151416 0.225596 0.164349
v 0.152874 0.237184 0.164228
v 0.14066 0.229418 0.172828
v 0.158533 0.231426 0.153074
v 0.161064 0.235933 0.141363
v 0.162134 0.247717 0.14036
v 0.159743 0.242615 0.152536
v 0.153963 0.252638 0.099236
v 0.152796 0.268125 0.097622
v 0.081479 0.180278 0.171852
v 0.079609 0.231055 0.177696
v 0.082528 0.245822 0.179222
v 0.059166 0.241733 0.168735
v 0.056494 0.229871 0.167354
v 0.108735 0.233935 0.077559
v 0.117863 0.240308 0.073755
v 0.127235 0.245555 0.073234
v 0.143495 0.28735 0.077016
v 0.134978 0.247061 0.073462
v 0.065606 0.202379 0.10046
v 0.056935 0.19046 0.116127
v 0.046045 0.241565 0.151294
v 0.04378 0.229609 0.147086
v 0.106075 0.186361 0.178818
v 0.127136 0.196796 0.177509
v 0.15506 0.226532 0.088979
v 0.151729 0.242542 0.088964
v 0.153595 0.242128 0.093446
v 0.145082 0.306666 0.080052
v 0.145857 0.280788 0.083305
v 0.105662 0.240104 0.182538
v 0.152314 0.215384 0.161431
v 0.142635 0.207073 0.170272
v 0.160786 0.254304 0.151391
v 0.160449 0.266657 0.149499
v 0.1551 0.261929 0.162236
v 0.154453 0.249504 0.163394
v 0.160575 0.22845 0.127951
v 0.160134 0.224096 0.140245
v 0.162012 0.269544 0.136859
v 0.162967 0.257834 0.138474
v 0.156482 0.239462 0.099657
v 0.048328 0.249186 0.152997
v 0.043388 0.253564 0.135221
v 0.04371 0.247333 0.134591
v 0.043329 0.240695 0.12976
v 0.042458 0.231255 0.123543
v 0.045061 0.221274 0.115786
v 0.049254 0.260729 0.133643
v 0.159343 0.014328 0.038215
v 0.153557 0.223782 0.083864
v 0.157919 0.210785 0.089606
v 0.157317 0.206273 0.084168
v 0.167065 0.140082 0.098793
v 0.009083 0.177513 0.171453
v 0.007597 0.183421 0.170905
v 0.012946 0.159002 0.184558
v 0.012534 0.161154 0.181704
v 0.153902 0.007394 0.073482
v 0.153039 -0.000112 0.072674
v 0.147569 -0.048104 0.069102
v 0.13277 -0.049705 0.079651
v 0.127116 -0.069789 0.075329
v 0.091986 -0.045725 0.076972
v 0.086332 -0.03896 0.06379
v 0.093476 -0.023538 0.019897
v 0.153766 -0.035826 0.020554
v 0.072214 -0.170401 0.019828
v 0.067856 -0.186587 0.009586
v 0.072823 -0.192023 0.018036
v 0.079526 -0.17555 0.027381
v 0.063623 -0.20143 -0.001197
v 0.066945 -0.181283 0.000446
v 0.065755 -0.195992 -0.009399
v 0.070449 -0.177262 -0.007795
v 0.070929 -0.192697 -0.015378
v 0.077759 -0.191235 -0.020076
v 0.076994 -0.175074 -0.014428
v 0.086077 -0.175473 -0.018396
v 0.086879 -0.192114 -0.022882
v 0.095966 -0.158534 -0.016997
v 0.106888 -0.160345 -0.019324
v 0.106098 -0.179597 -0.020696
v 0.096288 -0.177187 -0.020275
v 0.117062 -0.205433 -0.009857
v 0.121815 -0.187132 -0.010346
v 0.123522 -0.191248 -0.000597
v 0.118254 -0.209383 -0.001505
v 0.119406 -0.179218 0.020396
v 0.11244 -0.19816 0.017814
v 0.119754 -0.194596 0.008924
v 0.126158 -0.175406 0.010665
v 0.105984 -0.215665 0.015194
v 0.103056 -0.199516 0.023658
v 0.095628 -0.215959 0.019222
v 0.073348 -0.149284 0.019519
v 0.077375 -0.154468 0.028876
v 0.081703 -0.137938 0.037284
v 0.07726 -0.158341 -0.007863
v 0.072018 -0.161315 0.000527
v 0.073769 -0.144771 0.008951
v 0.077924 -0.141306 -0.000697
v 0.107503 -0.121765 -0.014837
v 0.107381 -0.141186 -0.016805
v 0.095818 -0.139668 -0.01343
v 0.085516 -0.157461 -0.013844
v 0.085279 -0.139406 -0.008607
v 0.117502 -0.163381 -0.01711
v 0.115539 -0.182969 -0.017893
v 0.088994 -0.179424 0.03117
v 0.081451 -0.196304 0.023609
v 0.092077 -0.1988 0.02494
v 0.099571 -0.181544 0.031509
v 0.119081 -0.144004 -0.015347
v 0.095786 -0.162213 0.038578
v 0.107344 -0.163888 0.037886
v 0.110732 -0.181487 0.028113
v 0.118516 -0.163009 0.032618
v 0.07421 -0.211334 0.015549
v 0.066498 -0.206873 0.008267
v 0.085333 -0.159051 0.035678
v 0.125476 -0.167309 -0.010217
v 0.128511 -0.147812 -0.008596
v 0.133283 -0.15211 0.001411
v 0.128731 -0.171732 3.7e-05
v 0.133401 -0.140284 0.025962
v 0.126865 -0.160015 0.023187
v 0.132341 -0.156103 0.012529
v 0.114084 -0.212475 0.00749
v 0.126107 -0.144218 0.037016
v 0.074562 -0.261871 -0.060459
v 0.067777 -0.262325 -0.067596
v 0.071274 -0.253392 -0.0681
v 0.07786 -0.252769 -0.059469
v 0.074479 -0.23056 -0.06704
v 0.065966 -0.234895 -0.075012
v 0.060265 -0.228084 -0.071409
v 0.067889 -0.222293 -0.062756
v 0.060354 -0.262824 -0.071807
v 0.064453 -0.25393 -0.073098
v 0.053786 -0.261409 -0.070669
v 0.055804 -0.270606 -0.071581
v 0.048842 -0.271216 -0.068444
v 0.046394 -0.278823 -0.068763
v 0.044175 -0.281901 -0.060317
v 0.044454 -0.271042 -0.057024
v 0.058106 -0.278226 -0.03617
v 0.056978 -0.2888 -0.045525
v 0.065867 -0.290747 -0.039772
v 0.066903 -0.279571 -0.03075
v 0.08473 -0.288436 -0.032218
v 0.083894 -0.277434 -0.023837
v 0.075344 -0.278866 -0.027379
v 0.075186 -0.290251 -0.0368
v 0.084609 -0.262442 -0.049489
v 0.080341 -0.261748 -0.053087
v 0.083646 -0.253199 -0.050713
v 0.087878 -0.253703 -0.046187
v 0.046547 -0.257279 -0.072535
v 0.049142 -0.257814 -0.074973
v 0.048144 -0.262365 -0.065857
v 0.046229 -0.258445 -0.061278
v 0.10532 -0.234024 -0.036197
v 0.099143 -0.231192 -0.038355
v 0.097826 -0.222032 -0.033232
v 0.104892 -0.22457 -0.029853
v 0.078694 -0.215576 -0.046778
v 0.066696 -0.213441 -0.039396
v 0.070254 -0.210141 -0.033189
v 0.082187 -0.214799 -0.039364
v 0.074216 -0.218129 -0.054443
v 0.058792 -0.221531 -0.055202
v 0.063366 -0.216523 -0.046779
v 0.053106 -0.227792 -0.06545
v 0.112047 -0.228056 -0.022704
v 0.113921 -0.235151 -0.026436
v 0.044068 -0.312289 -0.098961
v 0.044728 -0.308131 -0.095809
v 0.049498 -0.310274 -0.095835
v 0.048823 -0.314541 -0.09894
v 0.110224 -0.242395 -0.008065
v 0.111685 -0.236103 -0.006707
v 0.105236 -0.239581 -0.000531
v 0.102217 -0.245458 -0.003302
v 0.109322 -0.250488 -0.011082
v 0.099948 -0.253756 -0.007175
v 0.03686 -0.319968 -0.091636
v 0.037999 -0.316112 -0.087463
v 0.038236 -0.312172 -0.090686
v 0.037344 -0.315853 -0.094682
v 0.07095 -0.269562 -0.063226
v 0.064178 -0.269708 -0.069677
v 0.060633 -0.284848 -0.076699
v 0.055156 -0.282268 -0.076779
v 0.059613 -0.276288 -0.073305
v 0.067456 -0.277909 -0.069039
v 0.083059 -0.279064 -0.057509
v 0.077086 -0.279978 -0.062378
v 0.078928 -0.271787 -0.056276
v 0.084962 -0.270965 -0.051855
v 0.095521 -0.271022 -0.04836
v 0.101176 -0.272078 -0.047798
v 0.100362 -0.279479 -0.05214
v 0.093988 -0.279254 -0.05341
v 0.08597 -0.293483 -0.065536
v 0.090733 -0.294087 -0.063393
v 0.087713 -0.301656 -0.066221
v 0.083637 -0.301589 -0.068546
v 0.11329 -0.230028 -0.004746
v 0.107746 -0.233845 0.002512
v 0.103117 -0.284307 -0.026596
v 0.105349 -0.291794 -0.032897
v 0.114532 -0.288012 -0.034108
v 0.112344 -0.27994 -0.027456
v 0.092473 -0.247831 -0.002075
v 0.095141 -0.241795 0.001928
v 0.039663 -0.324127 -0.089406
v 0.040522 -0.320271 -0.084961
v 0.047289 -0.233638 -0.058387
v 0.052609 -0.227389 -0.046803
v 0.057555 -0.222187 -0.037332
v 0.060443 -0.218045 -0.03045
v 0.062172 -0.213852 -0.024861
v 0.069899 -0.283331 -0.070064
v 0.076952 -0.267803 -0.056881
v 0.088104 -0.262274 -0.04756
v 0.114086 -0.264747 -0.040541
v 0.107596 -0.264923 -0.04368
v 0.107688 -0.257715 -0.041975
v 0.115788 -0.257958 -0.036346
v 0.117596 -0.275856 -0.033665
v 0.118265 -0.283702 -0.03972
v 0.116834 -0.281339 -0.045104
v 0.116841 -0.273961 -0.040301
v 0.043181 -0.255804 -0.071223
v 0.044654 -0.252633 -0.059716
v 0.114754 -0.238733 -0.016267
v 0.114236 -0.232024 -0.014363
v 0.113665 -0.226177 -0.012177
v 0.094152 -0.242376 -0.042241
v 0.091016 -0.242343 -0.044512
v 0.091687 -0.227975 -0.043768
v 0.095387 -0.229568 -0.040025
v 0.082271 -0.241579 -0.059647
v 0.075061 -0.242901 -0.068714
v 0.082252 -0.228115 -0.057835
v 0.091487 -0.21908 -0.035995
v 0.088814 -0.212511 -0.030868
v 0.096696 -0.215487 -0.02829
v 0.104269 -0.218571 -0.024385
v 0.110738 -0.222201 -0.018756
v 0.087874 -0.20463 -0.02684
v 0.096527 -0.207775 -0.02525
v 0.104702 -0.211357 -0.02155
v 0.110847 -0.214955 -0.016337
v 0.100695 -0.227603 0.011363
v 0.097631 -0.23551 0.006564
v 0.11066 -0.226208 0.005808
v 0.070663 -0.203886 -0.024172
v 0.078735 -0.203521 -0.026368
v 0.079648 -0.210256 -0.032301
v 0.063622 -0.207789 -0.018307
v 0.059447 -0.238712 -0.080048
v 0.060496 -0.246557 -0.078592
v 0.056063 -0.249032 -0.08354
v 0.054507 -0.242626 -0.085403
v 0.051811 -0.27677 -0.073059
v 0.04894 -0.282544 -0.075321
v 0.04491 -0.285622 -0.07076
v 0.11591 -0.242977 -0.029364
v 0.107895 -0.242257 -0.037552
v 0.064202 -0.288243 -0.076257
v 0.039256 -0.311076 -0.082728
v 0.041343 -0.301975 -0.075067
v 0.042002 -0.297438 -0.079314
v 0.039498 -0.306988 -0.086474
v 0.062906 -0.297014 -0.077444
v 0.059455 -0.303321 -0.08101
v 0.058054 -0.298083 -0.083455
v 0.060523 -0.292561 -0.079459
v 0.096998 -0.294168 -0.061327
v 0.094456 -0.300364 -0.063583
v 0.058042 -0.297855 -0.056921
v 0.048376 -0.285975 -0.050937
v 0.048525 -0.294281 -0.0583
v 0.088617 -0.279094 -0.054773
v 0.092623 -0.286949 -0.058774
v 0.087626 -0.286483 -0.060387
v 0.070794 -0.286567 -0.071098
v 0.075389 -0.285738 -0.067096
v 0.072485 -0.291054 -0.071512
v 0.06715 -0.290667 -0.075145
v 0.117965 -0.265019 -0.028483
v 0.110551 -0.269951 -0.020687
v 0.040627 -0.309157 -0.093725
v 0.039993 -0.313096 -0.097271
v 0.115058 -0.222602 -0.002439
v 0.114176 -0.218649 -0.010042
v 0.090065 -0.270699 -0.049638
v 0.049612 -0.275372 -0.043822
v 0.092318 -0.261834 -0.045936
v 0.09464 -0.300996 -0.046888
v 0.093728 -0.307321 -0.050777
v 0.098284 -0.304726 -0.054798
v 0.100809 -0.29898 -0.050816
v 0.055824 -0.312898 -0.086837
v 0.053764 -0.318733 -0.090441
v 0.052942 -0.314333 -0.093768
v 0.054691 -0.308096 -0.090179
v 0.057118 -0.289156 -0.080289
v 0.05459 -0.294563 -0.084978
v 0.049579 -0.29293 -0.084963
v 0.0521 -0.287039 -0.080044
v 0.046995 -0.28788 -0.077918
v 0.044973 -0.294231 -0.082625
v 0.053283 -0.317202 -0.082627
v 0.056486 -0.308211 -0.076775
v 0.050715 -0.309149 -0.07204
v 0.047442 -0.318013 -0.07951
v 0.083044 -0.266083 -0.01599
v 0.093056 -0.276358 -0.020953
v 0.091611 -0.265101 -0.013591
v 0.08544 -0.297642 -0.040791
v 0.096566 -0.29439 -0.039588
v 0.094437 -0.286768 -0.028933
v 0.101124 -0.27415 -0.019472
v 0.063354 -0.301469 -0.068244
v 0.061755 -0.303713 -0.06287
v 0.055697 -0.301964 -0.066315
v 0.098721 -0.261843 -0.044504
v 0.042214 -0.304145 -0.089761
v 0.057929 -0.232088 -0.014321
v 0.056238 -0.238544 -0.020477
v 0.063197 -0.246435 -0.01209
v 0.063999 -0.238226 -0.006447
v 0.051129 -0.304682 -0.092114
v 0.046401 -0.302816 -0.092407
v 0.102433 -0.295571 -0.06008
v 0.104752 -0.298433 -0.057619
v 0.101362 -0.303102 -0.059041
v 0.099076 -0.301093 -0.061351
v 0.099516 -0.263438 -0.012648
v 0.107873 -0.296806 -0.038239
v 0.116417 -0.293682 -0.040863
v 0.091135 -0.255217 -0.006878
v 0.082228 -0.247973 -0.003456
v 0.082225 -0.255827 -0.008884
v 0.075454 -0.300646 -0.048565
v 0.075438 -0.267161 -0.019066
v 0.074868 -0.256565 -0.011918
v 0.07357 -0.247481 -0.00644
v 0.073801 -0.240839 -0.001225
v 0.08355 -0.242111 0.001301
v 0.041893 -0.315495 -0.079886
v 0.045794 -0.322989 -0.084521
v 0.089151 -0.227136 0.013458
v 0.085646 -0.235375 0.006941
v 0.078699 -0.225015 0.011652
v 0.075541 -0.233839 0.004479
v 0.060036 -0.254948 -0.020413
v 0.067052 -0.256386 -0.015325
v 0.05946 -0.266759 -0.027836
v 0.067624 -0.267643 -0.022319
v 0.065492 -0.299981 -0.049247
v 0.047425 -0.332648 -0.096314
v 0.05051 -0.33036 -0.098816
v 0.052473 -0.323787 -0.094007
v 0.049283 -0.326756 -0.091025
v 0.051079 -0.322181 -0.08689
v 0.044493 -0.327053 -0.088845
v 0.051429 -0.263738 -0.036334
v 0.068939 -0.296944 -0.074287
v 0.052478 -0.248644 -0.030667
v 0.045747 -0.251207 -0.046162
v 0.045078 -0.26167 -0.048714
v 0.049644 -0.236078 -0.03828
v 0.054248 -0.229595 -0.02863
v 0.0589 -0.219589 -0.01714
v 0.056993 -0.22417 -0.022123
v 0.060843 -0.212466 -0.010379
v 0.045117 -0.241399 -0.050846
v 0.048562 -0.320689 -0.103347
v 0.043719 -0.318156 -0.103883
v 0.059468 -0.225946 -0.008958
v 0.061442 -0.217927 -0.001325
v 0.067005 -0.244906 -0.07493
v 0.094472 -0.252765 -0.04325
v 0.09979 -0.251971 -0.042327
v 0.108021 -0.250425 -0.040166
v 0.116307 -0.250703 -0.032996
v 0.068391 -0.222524 0.007348
v 0.096275 -0.194678 -0.022631
v 0.105212 -0.19776 -0.020823
v 0.08466 -0.213843 0.018384
v 0.039478 -0.318498 -0.102556
v 0.082799 -0.306436 -0.063678
v 0.081478 -0.307023 -0.065597
v 0.05505 -0.233023 -0.077765
v 0.050392 -0.238614 -0.084029
v 0.041593 -0.245197 -0.077028
v 0.044034 -0.23898 -0.068167
v 0.048683 -0.233271 -0.073372
v 0.045582 -0.24014 -0.080886
v 0.09709 -0.242334 -0.041318
v 0.101423 -0.242722 -0.040148
v 0.109372 -0.25985 -0.015063
v 0.116777 -0.255466 -0.022532
v 0.043713 -0.291055 -0.074008
v 0.043632 -0.295212 -0.069265
v 0.043824 -0.289623 -0.064696
v 0.044736 -0.306563 -0.0717
v 0.060024 -0.301813 -0.07314
v 0.064506 -0.30034 -0.07256
v 0.087274 -0.241776 -0.050426
v 0.08755 -0.227368 -0.049698
v 0.054013 -0.255091 -0.078497
v 0.058495 -0.253544 -0.075324
v 0.081684 -0.285617 -0.063185
v 0.071977 -0.309017 -0.056354
v 0.064524 -0.307384 -0.056284
v 0.079541 -0.291926 -0.067714
v 0.036734 -0.321285 -0.100465
v 0.036038 -0.325362 -0.097481
v 0.047521 -0.300019 -0.064864
v 0.099212 -0.286999 -0.057515
v 0.077253 -0.308902 -0.060782
v 0.079586 -0.305522 -0.054458
v 0.118568 -0.289173 -0.044141
v 0.065385 -0.231165 -0.000618
v 0.05249 -0.319083 -0.097124
v 0.051652 -0.325248 -0.101528
v 0.043427 -0.332218 -0.094666
v 0.038905 -0.329495 -0.094824
v 0.11573 -0.246871 -0.018748
v 0.09087 -0.253529 -0.044412
v 0.113012 -0.201414 -0.016724
v 0.04271 -0.245726 -0.06223
v 0.040675 -0.251435 -0.072792
v 0.077237 -0.298047 -0.070954
v 0.102358 -0.297396 -0.044135
v 0.080322 -0.30972 -0.054869
v 0.085814 -0.30966 -0.049934
v 0.085882 -0.304111 -0.046418
v 0.081055 -0.309433 -0.060557
v 0.038013 -0.334394 -0.099465
v 0.042488 -0.336886 -0.099228
v 0.035108 -0.330389 -0.10222
v 0.036196 -0.32608 -0.104732
v 0.039041 -0.323086 -0.106197
v 0.04639 -0.337305 -0.100644
v 0.049244 -0.334992 -0.102717
v 0.050492 -0.329854 -0.104927
v 0.045786 -0.340973 -0.104488
v 0.041779 -0.341454 -0.103981
v 0.034199 -0.338753 -0.112149
v 0.034785 -0.341644 -0.111049
v 0.035217 -0.339488 -0.108265
v 0.034454 -0.335972 -0.107194
v 0.034589 -0.342162 -0.1157
v 0.034724 -0.345019 -0.11417
v 0.036842 -0.344351 -0.109252
v 0.037072 -0.341013 -0.106434
v 0.03669 -0.348082 -0.11237
v 0.04009 -0.349173 -0.111697
v 0.040238 -0.345435 -0.108836
v 0.039737 -0.342553 -0.106357
v 0.037316 -0.338584 -0.103724
v 0.035686 -0.34603 -0.117916
v 0.038427 -0.350075 -0.11771
v 0.036803 -0.35091 -0.115309
v 0.03502 -0.347533 -0.116174
v 0.035803 -0.330764 -0.108658
v 0.035886 -0.335633 -0.113303
v 0.036382 -0.339892 -0.117034
v 0.037787 -0.344129 -0.119139
v 0.038598 -0.333941 -0.114847
v 0.039039 -0.33902 -0.11791
v 0.040214 -0.342744 -0.119307
v 0.042166 -0.334094 -0.115512
v 0.041867 -0.33951 -0.118077
v 0.038685 -0.327647 -0.109826
v 0.042501 -0.327033 -0.110618
v 0.041871 -0.342233 -0.118814
v 0.040509 -0.348178 -0.118606
v 0.043108 -0.345568 -0.108244
v 0.042919 -0.34907 -0.111904
v 0.045596 -0.344875 -0.108819
v 0.044955 -0.348225 -0.112715
v 0.039609 -0.351708 -0.113984
v 0.041729 -0.351349 -0.115061
v 0.043199 -0.322356 -0.106979
v 0.047903 -0.325173 -0.106261
v 0.047081 -0.329416 -0.109685
v 0.046436 -0.336224 -0.114699
v 0.049366 -0.33387 -0.108011
v 0.048354 -0.338856 -0.106279
v 0.047456 -0.343153 -0.110272
v 0.0484 -0.339891 -0.112379
v 0.04631 -0.346337 -0.113933
v 0.046698 -0.343792 -0.115545
v 0.04494 -0.3413 -0.117231
v 0.044863 -0.34737 -0.116712
v 0.043592 -0.349712 -0.115979
v 0.042429 -0.345882 -0.118646
v 0.04375 -0.343927 -0.118183
v 0.045249 -0.345328 -0.117057
v 0.067781 -0.330739 -0.092969
v 0.067644 -0.324802 -0.088414
v 0.072283 -0.3265 -0.087183
v 0.072436 -0.332855 -0.091776
v 0.05859 -0.335597 -0.085162
v 0.058754 -0.330566 -0.080347
v 0.059973 -0.327189 -0.084792
v 0.060515 -0.332223 -0.089561
v 0.062527 -0.339066 -0.081382
v 0.062487 -0.334248 -0.076347
v 0.058785 -0.324225 -0.075133
v 0.060469 -0.312544 -0.068062
v 0.062852 -0.309203 -0.072671
v 0.060533 -0.320768 -0.079817
v 0.080068 -0.313714 -0.069943
v 0.079274 -0.309494 -0.072686
v 0.063631 -0.325182 -0.087419
v 0.063767 -0.330541 -0.092347
v 0.078207 -0.325567 -0.077251
v 0.077512 -0.333041 -0.082019
v 0.076065 -0.329476 -0.085043
v 0.076883 -0.321835 -0.080451
v 0.074852 -0.306331 -0.074981
v 0.069334 -0.304767 -0.077035
v 0.065396 -0.306441 -0.075858
v 0.075782 -0.329017 -0.073425
v 0.076808 -0.31759 -0.065863
v 0.070635 -0.318559 -0.062563
v 0.069907 -0.330175 -0.070756
v 0.063829 -0.318276 -0.082863
v 0.072789 -0.318825 -0.08245
v 0.067991 -0.317313 -0.084011
v 0.062847 -0.327903 -0.071123
v 0.069647 -0.336367 -0.076209
v 0.073174 -0.348672 -0.089536
v 0.076258 -0.347285 -0.092344
v 0.077341 -0.339263 -0.086433
v 0.074369 -0.341436 -0.083444
v 0.074995 -0.335703 -0.078805
v 0.069066 -0.341314 -0.081167
v 0.072831 -0.341773 -0.098169
v 0.068072 -0.33923 -0.099425
v 0.064064 -0.338769 -0.098983
v 0.063425 -0.316696 -0.062692
v 0.061019 -0.339941 -0.096366
v 0.059011 -0.342847 -0.091924
v 0.076291 -0.335889 -0.0895
v 0.076135 -0.344382 -0.095624
v 0.068472 -0.348243 -0.087609
v 0.062509 -0.346 -0.08783
v 0.062856 -0.352183 -0.093454
v 0.068394 -0.353952 -0.093073
v 0.059253 -0.349186 -0.097258
v 0.061 -0.345827 -0.100884
v 0.064054 -0.344268 -0.102719
v 0.072261 -0.354361 -0.094313
v 0.074987 -0.352903 -0.096435
v 0.075432 -0.349537 -0.099282
v 0.071826 -0.359753 -0.098862
v 0.06831 -0.360338 -0.098503
v 0.061311 -0.364246 -0.110842
v 0.061267 -0.366602 -0.108741
v 0.061228 -0.36249 -0.105715
v 0.060238 -0.359844 -0.107126
v 0.061199 -0.360012 -0.102971
v 0.059725 -0.356119 -0.102282
v 0.063146 -0.365246 -0.104214
v 0.06359 -0.361138 -0.101221
v 0.063423 -0.3697 -0.106502
v 0.067029 -0.370214 -0.105905
v 0.066862 -0.365109 -0.102944
v 0.066523 -0.362063 -0.100824
v 0.062526 -0.368997 -0.112949
v 0.061508 -0.369977 -0.110853
v 0.0633 -0.357883 -0.098338
v 0.061163 -0.351311 -0.104477
v 0.061655 -0.356998 -0.10904
v 0.062837 -0.362575 -0.112666
v 0.064538 -0.367437 -0.114469
v 0.064553 -0.355274 -0.110555
v 0.065313 -0.361368 -0.113674
v 0.066802 -0.365789 -0.11463
v 0.068652 -0.355306 -0.110857
v 0.068637 -0.361517 -0.113645
v 0.064262 -0.34901 -0.105959
v 0.068267 -0.34864 -0.105984
v 0.068543 -0.364855 -0.114165
v 0.067041 -0.371198 -0.113476
v 0.065067 -0.373164 -0.11222
v 0.063152 -0.373829 -0.109533
v 0.06926 -0.364873 -0.10299
v 0.069187 -0.369664 -0.106776
v 0.071626 -0.365012 -0.103276
v 0.071056 -0.369455 -0.107277
v 0.066699 -0.373736 -0.108199
v 0.068193 -0.373375 -0.109579
v 0.068097 -0.344562 -0.102906
v 0.072428 -0.346544 -0.101615
v 0.072607 -0.350481 -0.104779
v 0.072901 -0.357257 -0.10943
v 0.075259 -0.353784 -0.102373
v 0.074439 -0.357874 -0.100151
v 0.073662 -0.363418 -0.104367
v 0.074701 -0.360418 -0.106595
v 0.072368 -0.367838 -0.108214
v 0.07329 -0.365412 -0.109745
v 0.071923 -0.362973 -0.112137
v 0.071099 -0.369805 -0.111134
v 0.06987 -0.371997 -0.110658
v 0.068717 -0.368926 -0.113826
v 0.070483 -0.366392 -0.113208
v 0.071865 -0.367559 -0.11143
v 0.088417 -0.329803 -0.080591
v 0.088025 -0.324896 -0.07669
v 0.092912 -0.324313 -0.076226
v 0.093612 -0.329092 -0.080122
v 0.083404 -0.33568 -0.072654
v 0.082054 -0.330302 -0.068088
v 0.082013 -0.328559 -0.072143
v 0.083156 -0.333749 -0.075913
v 0.087021 -0.33724 -0.069943
v 0.086321 -0.3317 -0.064861
v 0.081269 -0.324594 -0.063906
v 0.081023 -0.316117 -0.058457
v 0.081799 -0.314206 -0.063646
v 0.081457 -0.322834 -0.068746
v 0.084224 -0.326674 -0.075113
v 0.084996 -0.331734 -0.078642
v 0.099119 -0.320515 -0.068163
v 0.098741 -0.327022 -0.071789
v 0.096887 -0.32524 -0.074344
v 0.09695 -0.318798 -0.070628
v 0.093332 -0.307604 -0.066538
v 0.088272 -0.308733 -0.067765
v 0.084664 -0.311483 -0.06666
v 0.097934 -0.323365 -0.06425
v 0.098043 -0.31294 -0.058667
v 0.093295 -0.315741 -0.054872
v 0.092908 -0.325475 -0.060444
v 0.084081 -0.320988 -0.072046
v 0.093011 -0.317979 -0.072885
v 0.08796 -0.318911 -0.07354
v 0.08597 -0.325573 -0.060331
v 0.092711 -0.331373 -0.064978
v 0.097022 -0.344104 -0.077943
v 0.099306 -0.341995 -0.080755
v 0.099357 -0.33278 -0.075328
v 0.097506 -0.335404 -0.071976
v 0.097579 -0.329476 -0.068187
v 0.0927 -0.337238 -0.06973
v 0.094484 -0.337009 -0.085658
v 0.089711 -0.33692 -0.086133
v 0.086262 -0.338837 -0.084374
v 0.085704 -0.31703 -0.054427
v 0.099595 -0.309808 -0.062542
v 0.084628 -0.340857 -0.082135
v 0.084616 -0.343019 -0.079378
v 0.097714 -0.330321 -0.078093
v 0.09834 -0.338855 -0.083448
v 0.092756 -0.34519 -0.076141
v 0.087659 -0.344854 -0.07625
v 0.088134 -0.350255 -0.080832
v 0.09307 -0.350879 -0.080097
v 0.084948 -0.348613 -0.083971
v 0.08542 -0.346099 -0.086527
v 0.08703 -0.343722 -0.088251
v 0.097024 -0.349741 -0.081917
v 0.098822 -0.347713 -0.084359
v 0.098212 -0.343994 -0.086571
v 0.097474 -0.353909 -0.084981
v 0.093525 -0.355607 -0.084365
v 0.086648 -0.361519 -0.095943
v 0.087384 -0.363035 -0.094406
v 0.087215 -0.35908 -0.091851
v 0.085933 -0.357604 -0.093011
v 0.0869 -0.356707 -0.089172
v 0.08555 -0.353868 -0.088186
v 0.089362 -0.360873 -0.089387
v 0.088984 -0.357314 -0.087025
v 0.089844 -0.364958 -0.091995
v 0.093796 -0.364449 -0.091025
v 0.093195 -0.360221 -0.088636
v 0.092006 -0.357696 -0.086383
v 0.088085 -0.365445 -0.097603
v 0.087899 -0.366114 -0.095787
v 0.088639 -0.354438 -0.084632
v 0.085779 -0.350423 -0.090018
v 0.086432 -0.355188 -0.094479
v 0.087356 -0.359571 -0.097703
v 0.089353 -0.363278 -0.099182
v 0.088454 -0.35297 -0.095708
v 0.089387 -0.357761 -0.098647
v 0.091015 -0.36102 -0.099666
v 0.091335 -0.351366 -0.096294
v 0.09191 -0.356628 -0.0989
v 0.087758 -0.347813 -0.091496
v 0.090788 -0.345827 -0.091938
v 0.092467 -0.359529 -0.099398
v 0.093125 -0.365821 -0.098181
v 0.091472 -0.368234 -0.096558
v 0.090196 -0.368592 -0.094179
v 0.095691 -0.359598 -0.08813
v 0.096049 -0.36364 -0.091362
v 0.097809 -0.357992 -0.088899
v 0.097674 -0.362267 -0.092364
v 0.093437 -0.367433 -0.092843
v 0.094934 -0.366966 -0.093833
v 0.090176 -0.341833 -0.089115
v 0.094531 -0.341734 -0.08847
v 0.094732 -0.345644 -0.091174
v 0.095353 -0.351661 -0.095402
v 0.098218 -0.347785 -0.089089
v 0.098781 -0.351284 -0.087018
v 0.098908 -0.355832 -0.090569
v 0.09835 -0.353242 -0.092916
v 0.098351 -0.360304 -0.093968
v 0.097895 -0.358196 -0.095913
v 0.095307 -0.356868 -0.097978
v 0.096989 -0.362744 -0.096377
v 0.096332 -0.365117 -0.095097
v 0.094128 -0.362814 -0.098756
v 0.094823 -0.360221 -0.098728
v 0.096895 -0.360668 -0.09722
v 0.097202 -0.308052 -0.06454
v 0.114446 -0.316365 -0.065576
v 0.112972 -0.312555 -0.06282
v 0.116603 -0.311342 -0.062321
v 0.118155 -0.315033 -0.065069
v 0.111902 -0.32303 -0.057568
v 0.109991 -0.318788 -0.054156
v 0.108725 -0.317047 -0.058174
v 0.110526 -0.321336 -0.061342
v 0.116188 -0.323023 -0.0548
v 0.114535 -0.318602 -0.051266
v 0.108206 -0.313076 -0.051122
v 0.104957 -0.303902 -0.046605
v 0.104784 -0.303204 -0.05177
v 0.107201 -0.311449 -0.055288
v 0.118717 -0.292807 -0.047842
v 0.11947 -0.298457 -0.051042
v 0.117182 -0.298074 -0.054314
v 0.116473 -0.291633 -0.051421
v 0.109948 -0.31463 -0.061419
v 0.111752 -0.318815 -0.064177
v 0.121061 -0.306897 -0.055192
v 0.122459 -0.311933 -0.057751
v 0.119973 -0.311174 -0.060599
v 0.118752 -0.306374 -0.058355
v 0.113121 -0.292094 -0.054789
v 0.113928 -0.298562 -0.056521
v 0.110136 -0.299839 -0.056785
v 0.108978 -0.294098 -0.057134
v 0.107327 -0.301567 -0.055679
v 0.121113 -0.308523 -0.051397
v 0.119473 -0.299601 -0.047289
v 0.116732 -0.301359 -0.043259
v 0.118359 -0.310972 -0.048299
v 0.108778 -0.309623 -0.05873
v 0.11552 -0.306559 -0.060107
v 0.111625 -0.307857 -0.060422
v 0.11249 -0.312842 -0.047951
v 0.119748 -0.316604 -0.051541
v 0.126115 -0.323816 -0.061159
v 0.126266 -0.321691 -0.064001
v 0.124267 -0.316003 -0.060494
v 0.124312 -0.318252 -0.057042
v 0.122601 -0.31398 -0.054175
v 0.121278 -0.321066 -0.054762
v 0.120156 -0.320234 -0.068552
v 0.116462 -0.321684 -0.069405
v 0.113868 -0.324032 -0.067953
v 0.109511 -0.303519 -0.04229
v 0.112791 -0.326627 -0.065627
v 0.113969 -0.328362 -0.062296
v 0.121653 -0.314989 -0.06328
v 0.123805 -0.320349 -0.066649
v 0.123185 -0.326399 -0.059164
v 0.118089 -0.328226 -0.059373
v 0.119384 -0.33269 -0.062769
v 0.124368 -0.331013 -0.062638
v 0.115351 -0.332463 -0.065805
v 0.114203 -0.330544 -0.068706
v 0.115329 -0.327751 -0.070579
v 0.127239 -0.328016 -0.064418
v 0.126849 -0.325994 -0.06675
v 0.124364 -0.324541 -0.069143
v 0.127938 -0.332276 -0.067214
v 0.125157 -0.335555 -0.066179
v 0.118366 -0.342281 -0.075798
v 0.119143 -0.343025 -0.074133
v 0.118523 -0.340326 -0.07247
v 0.117177 -0.339152 -0.073286
v 0.11838 -0.338098 -0.069758
v 0.116712 -0.336092 -0.069335
v 0.121217 -0.340756 -0.069845
v 0.120739 -0.337915 -0.067857
v 0.121967 -0.344096 -0.071918
v 0.12611 -0.34286 -0.071743
v 0.125311 -0.339915 -0.069372
v 0.123931 -0.337848 -0.06748
v 0.120223 -0.345359 -0.077223
v 0.120095 -0.345513 -0.075353
v 0.120182 -0.335823 -0.065908
v 0.115407 -0.33383 -0.071351
v 0.116719 -0.337539 -0.074847
v 0.118494 -0.341476 -0.077964
v 0.121223 -0.344167 -0.079188
v 0.117741 -0.335348 -0.075855
v 0.119651 -0.339413 -0.078804
v 0.122007 -0.341917 -0.080078
v 0.119649 -0.332978 -0.076036
v 0.121367 -0.337313 -0.078585
v 0.116226 -0.331043 -0.072635
v 0.118328 -0.32845 -0.072939
v 0.122666 -0.339869 -0.079367
v 0.124634 -0.344596 -0.078105
v 0.123913 -0.34637 -0.076423
v 0.122962 -0.346777 -0.073964
v 0.127475 -0.338621 -0.069501
v 0.128086 -0.341886 -0.072612
v 0.128652 -0.336194 -0.070455
v 0.128684 -0.340355 -0.074127
v 0.125932 -0.345383 -0.073296
v 0.126924 -0.344678 -0.07485
v 0.117841 -0.325326 -0.071407
v 0.121096 -0.324092 -0.070755
v 0.12188 -0.327019 -0.072505
v 0.122844 -0.331518 -0.075466
v 0.125384 -0.32762 -0.070788
v 0.127501 -0.329491 -0.068991
v 0.128297 -0.333969 -0.072062
v 0.126292 -0.332108 -0.073924
v 0.128152 -0.338387 -0.075451
v 0.126485 -0.336909 -0.076881
v 0.123837 -0.336393 -0.078048
v 0.126739 -0.341298 -0.077624
v 0.127273 -0.34316 -0.076539
v 0.124729 -0.342283 -0.078902
v 0.124435 -0.339898 -0.078945
v 0.126021 -0.339694 -0.078084
v 0.118821 -0.294698 -0.045002
v 0.039757 -0.261468 -0.081248
v 0.043481 -0.262927 -0.082139
v 0.051208 -0.25865 -0.088114
v 0.052225 -0.25322 -0.091701
v 0.049784 -0.247717 -0.09382
v 0.045153 -0.24584 -0.093134
v 0.041043 -0.247776 -0.090282
v 0.047488 -0.262359 -0.084466
v 0.037137 -0.257698 -0.082271
v 0.037543 -0.251999 -0.086228
v 0.03402 -0.258336 -0.094773
v 0.033387 -0.26354 -0.090037
v 0.037341 -0.253396 -0.098976
v 0.042197 -0.250963 -0.100741
v 0.047084 -0.251958 -0.100135
v 0.036267 -0.267131 -0.087953
v 0.041039 -0.267874 -0.088503
v 0.045779 -0.265724 -0.090498
v 0.0333 -0.272768 -0.094797
v 0.02922 -0.271567 -0.099373
v 0.031251 -0.267027 -0.117024
v 0.027877 -0.268448 -0.115075
v 0.029793 -0.265815 -0.111812
v 0.033067 -0.26345 -0.113256
v 0.03108 -0.26488 -0.108432
v 0.03391 -0.260956 -0.107256
v 0.026524 -0.269806 -0.108725
v 0.02877 -0.268386 -0.106125
v 0.025932 -0.274755 -0.105911
v 0.027199 -0.271944 -0.104016
v 0.024238 -0.27205 -0.11216
v 0.02615 -0.271097 -0.117401
v 0.02347 -0.274412 -0.115497
v 0.028421 -0.271363 -0.119306
v 0.030621 -0.265479 -0.102876
v 0.039214 -0.256511 -0.10763
v 0.036677 -0.261798 -0.113986
v 0.034274 -0.266994 -0.118324
v 0.031618 -0.272516 -0.119812
v 0.041164 -0.26289 -0.113177
v 0.037355 -0.268907 -0.117242
v 0.034298 -0.273658 -0.118194
v 0.043475 -0.26652 -0.110116
v 0.038748 -0.271556 -0.114507
v 0.044702 -0.256398 -0.106168
v 0.047821 -0.259788 -0.102688
v 0.035808 -0.274499 -0.116231
v 0.028967 -0.277746 -0.117847
v 0.02542 -0.276768 -0.118157
v 0.027612 -0.277033 -0.103714
v 0.023882 -0.276577 -0.109141
v 0.025917 -0.279524 -0.108079
v 0.030925 -0.27799 -0.101625
v 0.029066 -0.280812 -0.107708
v 0.022788 -0.277562 -0.112579
v 0.02473 -0.279864 -0.113038
v 0.049979 -0.256056 -0.097353
v 0.049328 -0.261294 -0.094001
v 0.046901 -0.264821 -0.098754
v 0.042925 -0.27103 -0.10589
v 0.043713 -0.270292 -0.095495
v 0.038174 -0.272872 -0.093971
v 0.034939 -0.277956 -0.101413
v 0.039566 -0.275564 -0.102809
v 0.032504 -0.280363 -0.107938
v 0.035632 -0.278279 -0.108948
v 0.037995 -0.275091 -0.111581
v 0.031515 -0.28003 -0.112705
v 0.028133 -0.280815 -0.113203
v 0.032131 -0.277492 -0.116339
v 0.034775 -0.276952 -0.114457
v 0.033805 -0.278871 -0.112266
v 0.116811 -0.287025 -0.048811
v 0.112556 -0.286796 -0.052939
v 0.112449 -0.280653 -0.048775
v 0.113116 -0.272808 -0.044571
v 0.117429 -0.267074 -0.03693
v 0.107211 -0.272627 -0.046757
v 0.106885 -0.280319 -0.051203
v 0.106324 -0.288626 -0.05632
v 0.102438 -0.26621 -0.045307
v 0.057158 0.138915 0.235369
v 0.060567 0.141 0.234592
v 0.060194 0.147273 0.233134
v 0.057854 0.145974 0.231474
v 0.054694 0.144505 0.230674
v 0.051112 0.142883 0.230002
v 0.047778 0.134763 0.232623
v 0.05331 0.135785 0.232882
v 0.037077 0.138556 0.231791
v 0.039197 0.137807 0.232759
v 0.037647 0.13929 0.230963
v 0.043533 0.140437 0.230088
v 0.039995 0.139731 0.231036
v 0.063405 0.145737 0.235763
v 0.063739 0.147469 0.236074
v 0.062124 0.143611 0.235482
v 0.047305 0.14135 0.229676
v 0.063138 0.148389 0.235765
v 0.06192 0.148265 0.234686
v 0.04288 0.135834 0.232844
v 0.055576 0.142721 0.231657
v 0.051888 0.141003 0.230911
v 0.048091 0.136916 0.231535
v 0.052883 0.138264 0.231811
v 0.044605 0.13845 0.230023
v 0.042078 0.138469 0.230699
v 0.058566 0.144357 0.232321
v 0.047933 0.139341 0.230562
v 0.057091 0.14039 0.232043
v 0.041471 0.13797 0.231982
v 0.044268 0.136705 0.23082
v 0.062288 0.147699 0.236741
v 0.062257 0.147949 0.235935
v 0.003542 0.248871 0.093292
v 0.002285 0.242417 0.073908
v 0.059345 0.143031 0.233677
v 0.061357 0.147409 0.235135
v 0.060031 0.146247 0.234057
v 0.060862 0.144986 0.234669
v 0.061955 0.146547 0.235567
v 0.07172 0.133078 0.115777
v 0.067538 0.137705 0.099262
v 0.117585 0.12461 0.147107
v 0.139532 0.134502 0.144102
v 0.043169 0.239149 -0.095627
v 0.079742 0.47481 -0.073976
v 0.083192 0.481273 -0.049029
v 0.003876 0.510578 -0.05164
v 0.025565 0.507836 -0.057109
v 0.118246 0.357925 -0.074174
v 0.118937 0.35342 -0.091243
v 0.081875 0.293839 -0.080593
v 0.081299 0.288516 -0.093082
v 0.110394 0.321303 -0.104599
v 0.047564 0.486702 -0.120892
v 0.047009 0.494599 -0.091699
v 0.065957 0.483798 -0.095833
v 0.06861 0.476169 -0.123356
v -0.015606 0.499176 -0.078866
v -0.018097 0.507066 -0.047281
v 0.120178 0.38564 -0.05302
v 0.120155 0.412277 -0.048546
v 0.100901 0.460386 -0.033977
v 0.08544 0.478165 -0.024523
v 0.050273 0.502135 -0.003889
v 0.069094 0.491698 -0.014216
v 0.06631 0.278236 -0.068719
v 0.046543 0.266836 -0.055404
v 0.11788 0.358197 -0.057385
v 0.001239 0.241986 -0.067769
v 0.007147 0.511373 0.045733
v 0.035805 0.504983 0.039755
v 0.113531 0.438141 -0.041979
v 0.00929 0.223056 0.030016
v 0.007315 0.218737 0.014089
v 0.021116 0.217687 0.017182
v 0.02366 0.224117 0.032371
v 0.0351 0.217791 0.020059
v 0.048709 0.219482 0.02277
v 0.060874 0.222975 0.025384
v 0.086363 0.240996 0.029447
v 0.079557 0.233872 0.028391
v 0.09935 0.25374 0.030138
v 0.092125 0.247332 0.030479
v 0.110031 0.26329 0.024191
v 0.119386 0.279107 0.018263
v 0.126015 0.299991 0.014574
v 0.123675 0.296604 0.029881
v 0.12074 0.278897 0.005089
v 0.113233 0.263071 0.009653
v 0.104678 0.251797 0.012848
v -0.005199 0.221516 -0.016287
v -0.003977 0.234461 -0.030688
v 0.004022 0.255427 0.111775
v 0.153327 -0.057005 0.021051
v 0.069917 -0.165477 0.010075
v 0.033972 0.383024 0.202704
v 0.005609 0.389242 0.204738
v -0.025824 0.396082 0.20256
v -0.024781 0.390654 0.209216
v 0.104348 0.314052 0.201057
v 0.10219 0.337577 0.19955
v 0.088001 0.359075 0.195875
v 0.06499 0.375827 0.195301
v 0.102882 0.331355 -0.045917
v 0.038205 0.403532 0.183889
v 0.069909 0.380474 0.188937
v 0.097105 0.361417 0.188727
v 0.113736 0.337562 0.191049
v 0.119224 0.306351 0.192575
v 0.123758 0.289267 0.186445
v 0.143075 0.269681 0.172428
v 0.142925 0.256584 0.172254
v 0.126202 0.249387 0.179161
v 0.125105 0.235319 0.179159
v 0.142229 0.243392 0.172608
v 0.146602 0.168473 0.155031
v 0.151423 0.158485 0.14399
v 0.157764 0.155161 0.130875
v 0.16338 0.156586 0.117155
v 0.165846 0.162591 0.103519
v 0.165185 0.173442 0.093154
v 0.161834 0.189057 0.087101
v 0.15078 0.241992 0.085528
v 0.148282 0.261146 0.086063
v 0.146823 0.333438 0.079803
v 0.147632 0.356513 0.078049
v 0.117731 0.435614 0.057788
v 0.132929 0.412772 0.066291
v 0.102858 0.456513 0.045253
v 0.073458 0.440943 -0.24724
v 0.067102 0.449678 -0.224185
v 0.086283 0.440359 -0.215563
v 0.093433 0.432586 -0.237575
v -0.013152 0.472456 -0.168658
v 0.011105 0.471842 -0.171985
v 0.135573 0.367536 -0.170815
v 0.131109 0.390699 -0.184566
v 0.119503 0.410756 -0.195723
v 0.104435 0.428362 -0.205736
v 0.13305 0.343405 -0.156987
v 0.056645 0.231222 -0.118215
v 0.076717 0.251171 -0.12361
v -0.014572 0.200005 -0.111165
v 0.009874 0.205179 -0.11306
v 0.125885 0.319702 -0.146971
v 0.0339 0.214971 -0.115046
v 0.094757 0.273966 -0.130895
v 0.112445 0.296639 -0.139075
v 0.060349 0.45879 -0.199166
v 0.039015 0.464296 -0.200492
v 0.033103 0.469027 -0.171996
v 0.015422 0.478775 0.128071
v 0.044436 0.470983 0.124118
v 0.07118 0.453705 0.120411
v 0.100423 0.413917 0.13081
v 0.123376 0.386639 0.126561
v 0.119292 0.404503 0.115046
v 0.096611 0.428596 0.117668
v 0.151869 0.327466 0.118272
v 0.155906 0.305476 0.115382
v 0.152264 0.314606 0.108166
v 0.146064 0.341124 0.110478
v 0.155629 0.29473 0.105922
v 0.156084 0.278548 0.1051
v 0.15535 0.263352 0.10566
v 0.156679 0.247867 0.107113
v 0.161299 0.23997 0.129048
v 0.16162 0.252162 0.128226
v 0.154506 0.316678 0.126941
v 0.145817 0.341644 0.132275
v 0.020954 0.448413 0.152615
v -0.007461 0.450756 0.153131
v 0.130605 0.322451 0.019597
v 0.135298 0.34376 0.027113
v 0.138273 0.361418 0.035939
v 0.140337 0.374991 0.044125
v 0.14295 0.384932 0.052011
v 0.143773 0.392767 0.060721
v 0.14161 0.39662 0.070701
v 0.146152 0.376417 0.07474
v 0.139048 0.39709 0.081684
v 0.144206 0.374454 0.08462
v 0.135734 0.395427 0.092616
v 0.134416 0.38845 0.103971
v 0.135988 0.373171 0.113483
v 0.140697 0.357005 0.12226
v 0.10758 0.395834 0.142628
v 0.130192 0.369008 0.137424
v 0.090982 0.403939 0.157034
v 0.097682 0.388995 0.165396
v 0.075086 0.439639 0.136223
v 0.084089 0.421223 0.147707
v 0.068248 0.337544 0.217879
v 0.050937 0.354939 0.218359
v 0.162278 0.199243 0.099726
v 0.163495 0.187506 0.097636
v 0.161358 0.198009 0.092012
v 0.160386 0.203877 0.094879
v 0.164741 0.180236 0.106965
v 0.163156 0.190637 0.118677
v 0.16365 0.175241 0.118231
v 0.16324 0.194554 0.10841
v 0.161245 0.17374 0.130361
v 0.162296 0.188389 0.12942
v 0.157204 0.175357 0.141434
v 0.159881 0.188033 0.139112
v 0.157675 0.188084 0.146003
v 0.154423 0.180874 0.150092
v 0.157583 0.220092 0.15151
v 0.157468 0.207159 0.150406
v 0.157338 0.195889 0.148247
v 0.157412 0.235798 0.1072
v 0.159643 0.222046 0.108023
v 0.161841 0.208228 0.108293
v 0.162896 0.204786 0.118592
v 0.161162 0.218405 0.118203
v 0.159223 0.231807 0.11686
v 0.016377 0.463046 0.141676
v 0.045899 0.45647 0.140856
v 0.158655 0.287008 0.114631
v 0.159273 0.272016 0.114447
v 0.158864 0.257312 0.115044
v 0.15903 0.243612 0.116969
v 0.161244 0.265553 0.125813
v 0.161011 0.279133 0.124945
v 0.15853 0.296301 0.124895
v 0.052894 0.439533 0.151227
v -0.010701 0.464675 0.142153
v 0.042428 0.216493 0.142442
v 0.054501 0.21483 0.163123
v 0.077657 0.216249 0.176158
v 0.103644 0.224957 0.180559
v -0.019298 0.370073 0.230007
v 0.125956 0.031263 0.015276
v -0.046999 0.500467 0.086357
v -0.044915 0.491286 0.113038
v -0.043264 0.508516 -0.011867
v -0.046737 0.516326 0.021229
v 0.006693 0.485197 -0.141498
v -0.015258 0.483384 -0.135868
v -0.015207 0.492272 -0.106613
v -0.037066 0.471253 -0.195433
v -0.037023 0.473421 -0.163518
v -0.035738 0.486845 -0.101943
v -0.037394 0.492723 -0.07502
v -0.020989 0.511973 0.050621
v -0.014084 0.481737 0.130194
v -0.039609 0.464224 0.144069
v -0.036379 0.451673 0.153692
v -0.034031 0.438279 0.165425
v 0.071559 0.218419 0.000169
v 0.072003 0.221741 0.012816
v 0.060489 0.217318 0.011276
v 0.059709 0.21433 -0.001017
v 0.09191 0.231828 0.001956
v 0.090396 0.235486 0.014388
v 0.081858 0.228091 0.013833
v 0.082464 0.224431 0.001332
v 0.097704 0.243322 0.014428
v 0.100464 0.240639 0.001499
v 0.070823 0.218315 -0.011887
v 0.082511 0.223658 -0.010736
v 0.058913 0.21457 -0.012617
v 0.100783 0.239366 -0.010074
v 0.092209 0.230853 -0.009901
v 0.001002 0.225295 0.170765
v 0.003293 0.214387 0.162533
v 0.010307 0.173442 0.172819
v 0.010472 0.171304 0.176922
v -0.007078 0.232625 0.179738
v -0.00624 0.236694 0.179028
v 0.002766 0.188746 0.167315
v -8.4e-05 0.19949 0.159962
v 0.013039 0.15302 0.188
v 0.012185 0.156101 0.186685
v 0.010411 0.163386 0.178933
v 0.009573 0.167033 0.177648
v -0.00486 0.241763 0.175425
v -0.007372 0.230485 0.177938
v -0.003246 0.251742 0.16188
v -0.003571 0.256239 0.154421
v 0.005694 0.260285 0.14751
v 0.004877 0.260493 0.137385
v -0.00562 0.218785 -0.003568
v -0.001661 0.22971 0.04125
v -0.003448 0.221914 0.027336
v 0.000194 0.236788 0.055913
v 0.004387 0.258204 0.125564
v -0.00364 0.246269 0.169426
v 0.00687 0.176799 0.170678
v 0.004662 0.18269 0.170351
v 0.011509 0.158796 0.18419
v 0.010987 0.161015 0.181536
v -0.009219 0.24659 0.09216
v -0.010673 0.240913 0.072528
v -0.00479 0.220439 0.010344
v -0.018602 0.221566 -0.016552
v -0.020717 0.234771 -0.031147
v -0.007984 0.252964 0.110693
v -0.022106 0.249815 -0.038271
v 0.133407 0.247724 -0.319042
v 0.112561 0.239065 -0.341333
v 0.104886 0.26677 -0.347581
v 0.121864 0.273064 -0.332655
v 0.139742 0.311036 -0.304624
v 0.142947 0.335891 -0.287554
v 0.143348 0.361627 -0.268568
v 0.084043 0.26853 -0.362713
v 0.057609 0.304619 -0.376725
v 0.057521 0.274747 -0.375805
v 0.126796 0.374284 -0.288868
v 0.125941 0.352836 -0.306965
v 0.114441 0.288514 -0.340275
v 0.119048 0.30377 -0.333957
v 0.132656 0.288843 -0.319265
v 0.083107 0.295345 -0.36454
v 0.102132 0.288987 -0.351212
v 0.027846 0.450692 -0.25797
v 0.032649 0.441312 -0.28331
v 0.002759 0.443371 -0.285509
v 0.110548 0.420145 -0.224842
v 0.101416 0.423119 -0.258329
v -0.035742 0.298278 -0.380697
v 0.102744 0.312029 -0.348083
v 0.05758 0.332029 -0.372826
v 0.083945 0.323049 -0.361342
v 0.061613 0.404556 -0.324878
v 0.08586 0.396093 -0.315309
v 0.08322 0.374957 -0.334654
v 0.059856 0.383903 -0.344939
v 0.10733 0.385774 -0.304469
v 0.10559 0.406647 -0.282112
v 0.061354 0.423427 -0.301599
v 0.084947 0.41652 -0.293136
v 0.08094 0.432347 -0.269121
v 0.106198 0.363783 -0.323568
v 0.058221 0.359242 -0.361983
v 0.028393 0.364312 -0.37046
v -0.001913 0.365815 -0.37145
v -0.032707 0.363168 -0.369199
v -0.032876 0.388665 -0.353234
v 0.058148 0.43816 -0.278503
v 0.044756 0.45626 -0.227917
v 0.052033 0.447359 -0.252939
v 0.029985 0.48255 -0.144763
v 0.048774 0.019409 -0.14693
v -0.039422 0.199624 -0.287033
v -0.04093 0.191693 -0.259193
v 0.155357 0.246645 -0.20033
v 0.157332 0.245019 -0.271688
v 0.146745 0.267789 -0.299847
v -0.033054 0.185093 -0.208102
v -0.017126 0.188042 -0.179613
v 0.136826 0.235874 -0.177559
v 0.072239 0.209268 -0.146146
v -0.039641 0.187091 -0.235085
v 0.122556 0.327478 -0.321218
v 0.104829 0.337699 -0.338194
v 0.083561 0.350056 -0.350885
v 0.02789 0.338145 -0.380938
v -0.003065 0.341566 -0.381107
v -0.032328 0.34121 -0.379727
v -0.012216 0.195458 -0.163534
v -0.025443 0.191231 -0.160833
v -0.016055 0.191875 -0.158442
v -0.035964 0.190042 -0.1532
v -0.036151 0.191827 -0.163288
v -0.026046 0.194065 -0.170065
v -0.036886 0.193397 -0.173682
v -0.038383 0.191985 -0.186048
v 0.057886 0.226555 -0.122354
v 0.080185 0.245372 -0.129252
v -0.015697 0.196613 -0.114057
v 0.008537 0.20148 -0.115588
v 0.133127 0.314698 -0.156051
v 0.033521 0.211418 -0.117938
v 0.099838 0.267575 -0.136872
v 0.119091 0.291517 -0.146257
v -0.034326 0.430155 -0.310887
v -0.035643 0.445847 -0.28372
v -0.038604 0.196339 -0.115176
v -0.004057 0.212917 0.162512
v -0.006165 0.22262 0.170555
v 0.034797 0.078036 0.281846
v -0.018988 0.322635 0.263933
v 0.025616 0.111409 0.232408
v 0.008491 0.170791 0.177212
v 0.013937 0.149714 0.187539
v -0.004645 0.259565 0.14617
v -0.006207 0.25849 0.136442
v -0.039036 0.201213 -0.281801
v -0.007333 0.255662 0.124672
v -0.037563 0.204822 -0.29788
v -0.03976 0.499843 -0.042572
v -0.075656 -0.387103 -0.170471
v -0.07576 -0.38895 -0.186304
v -0.079184 -0.413149 -0.174905
v -0.07922 -0.410825 -0.159398
v -0.054258 -0.395944 -0.213616
v -0.067115 -0.393477 -0.206741
v -0.039092 -0.398714 -0.212374
v -0.026467 -0.400632 -0.20438
v -0.038066 -0.424923 -0.197662
v -0.049364 -0.423738 -0.205562
v -0.019826 -0.400331 -0.194164
v -0.025852 -0.42322 -0.175622
v -0.015291 -0.399049 -0.180999
v -0.013898 -0.395709 -0.162049
v -0.024282 -0.419232 -0.157365
v -0.02334 -0.392936 -0.144659
v -0.031739 -0.416381 -0.13987
v -0.038058 -0.390158 -0.134955
v -0.070428 -0.386797 -0.153513
v -0.075289 -0.409669 -0.143183
v -0.062826 -0.42119 -0.205831
v -0.07248 -0.417957 -0.196136
v -0.076937 -0.415268 -0.185369
v -0.072869 -0.39122 -0.19712
v -0.085054 -0.435628 -0.162756
v -0.088506 -0.431898 -0.148129
v -0.071616 -0.444912 -0.199078
v -0.079547 -0.440824 -0.184992
v -0.048696 -0.448681 -0.192241
v -0.058608 -0.447999 -0.201557
v -0.032019 -0.448198 -0.170813
v -0.039927 -0.448377 -0.181795
v -0.031126 -0.424309 -0.187299
v -0.031301 -0.444282 -0.154464
v -0.036947 -0.439628 -0.13329
v -0.082895 -0.429361 -0.130455
v -0.08228 -0.438068 -0.17346
v -0.024609 -0.480045 0.020847
v -0.025594 -0.476196 0.018723
v -0.029592 -0.474988 0.019899
v -0.031036 -0.478989 0.022894
v -0.058489 -0.469709 0.034042
v -0.0592 -0.459084 0.032656
v -0.067567 -0.460409 0.031801
v -0.069198 -0.47129 0.03435
v -0.043555 -0.472653 0.031788
v -0.043257 -0.477033 0.030089
v -0.038697 -0.478279 0.028886
v -0.036428 -0.474402 0.03018
v -0.009101 -0.49061 -0.009139
v -0.010149 -0.495445 -0.009398
v -0.006406 -0.496427 -0.011481
v -0.004487 -0.493158 -0.011942
v -0.019869 -0.486232 0.009005
v -0.020577 -0.490813 0.008119
v -0.01685 -0.491423 0.006569
v -0.014346 -0.488501 0.006492
v -0.059502 -0.465387 0.010656
v -0.072944 -0.463058 0.009229
v -0.070683 -0.462068 0.023353
v -0.058113 -0.461065 0.022677
v -0.077005 -0.47016 0.023653
v -0.080888 -0.472444 0.009518
v -0.075732 -0.481244 0.010736
v -0.071885 -0.47667 0.022422
v -0.062813 -0.482673 0.012452
v -0.060505 -0.478135 0.022896
v -0.054502 -0.475975 0.012629
v -0.050772 -0.470904 0.023855
v -0.037171 -0.477567 0.011386
v -0.041122 -0.47004 0.010115
v -0.038174 -0.469347 0.021668
v -0.033067 -0.475939 0.022433
v -0.05109 -0.467799 0.013271
v -0.04594 -0.46717 0.023869
v -0.0559 -0.476237 0.016758
v -0.052091 -0.48319 0.014927
v -0.047086 -0.479002 0.025013
v -0.05136 -0.472226 0.027381
v -0.042867 -0.484444 0.012715
v -0.038719 -0.481108 0.023001
v -0.026046 -0.476589 0.001418
v -0.035604 -0.474355 0.005402
v -0.03205 -0.475168 0.015072
v -0.025692 -0.475762 0.013026
v -0.037144 -0.481009 0.018272
v -0.040002 -0.482375 0.009535
v -0.035744 -0.488331 0.008004
v -0.032523 -0.485398 0.016801
v -0.027085 -0.490023 0.005185
v -0.025485 -0.487145 0.015321
v -0.021967 -0.483297 0.00293
v -0.021816 -0.481763 0.014262
v -0.01068 -0.491196 -0.011301
v -0.013301 -0.484538 -0.012533
v -0.013955 -0.483368 -0.001457
v -0.011718 -0.490739 -0.001171
v -0.020075 -0.482146 -0.007919
v -0.019135 -0.481431 0.000833
v -0.023759 -0.485054 0.003564
v -0.023431 -0.485716 -0.003615
v -0.022804 -0.49466 -0.004188
v -0.023007 -0.492645 0.003661
v -0.01582 -0.497001 -0.00812
v -0.016084 -0.494497 0.00134
v -0.001791 -0.492449 -0.028619
v -0.002699 -0.489823 -0.019245
v -0.002161 -0.496189 -0.018723
v -0.002924 -0.499636 -0.028022
v -0.007349 -0.488837 -0.023754
v -0.006901 -0.488794 -0.017376
v -0.011397 -0.492323 -0.014908
v -0.011057 -0.49191 -0.019351
v -0.012783 -0.500454 -0.019151
v -0.012648 -0.498076 -0.01341
v -0.007497 -0.502937 -0.023991
v -0.00619 -0.500289 -0.016103
v -0.058259 -0.469336 -0.001358
v -0.074517 -0.464061 -0.003679
v -0.068342 -0.473527 0.03045
v -0.083021 -0.475541 -0.003459
v -0.061954 -0.474245 0.030492
v -0.062078 -0.487372 0.0021
v -0.077834 -0.48573 -0.002049
v -0.057407 -0.477319 0.008116
v -0.037747 -0.469239 0.028287
v -0.043678 -0.491693 -0.00166
v -0.040992 -0.482367 0.004098
v -0.042422 -0.467871 0.029541
v -0.04148 -0.474369 -0.004807
v -0.026632 -0.48245 -0.014513
v -0.030273 -0.482697 0.021948
v -0.026887 -0.483651 0.021038
v -0.027434 -0.497699 -0.010288
v -0.022999 -0.485763 -0.005721
v -0.014939 -0.483046 0.005011
v -0.015404 -0.504181 -0.022109
v -0.01054 -0.49306 -0.020087
v -0.017666 -0.48326 0.005873
v -0.012338 -0.488098 -0.027229
v -0.003886 -0.492026 -0.014768
v -0.008376 -0.510181 -0.034149
v -0.002716 -0.506268 -0.040344
v -0.006329 -0.490038 -0.013083
v -0.00281 -0.495115 -0.038629
v -0.067154 -0.409347 -0.131157
v -0.062247 -0.387393 -0.141029
v -0.051388 -0.388954 -0.13458
v -0.056263 -0.411345 -0.126273
v -0.044247 -0.413486 -0.128717
v -0.07292 -0.428232 -0.117738
v -0.06002 -0.430538 -0.114407
v -0.048921 -0.43504 -0.119777
v -0.030609 -0.466363 -0.152117
v -0.036127 -0.468466 -0.169601
v -0.045124 -0.468539 -0.181822
v -0.054278 -0.468665 -0.192609
v -0.066312 -0.467397 -0.200467
v -0.087344 -0.447043 -0.120768
v -0.075028 -0.444239 -0.106103
v -0.060409 -0.446214 -0.102559
v -0.048773 -0.452088 -0.109706
v -0.080373 -0.464441 -0.018911
v -0.062382 -0.465822 -0.020263
v -0.067435 -0.463329 -0.039255
v -0.083339 -0.469641 -0.037759
v -0.047019 -0.472803 -0.024394
v -0.049879 -0.468149 -0.044275
v -0.032062 -0.48102 -0.032721
v -0.036554 -0.478223 -0.052054
v -0.017964 -0.489167 -0.043245
v -0.024616 -0.488307 -0.061131
v -0.006817 -0.498549 -0.052524
v -0.014494 -0.500148 -0.070139
v -0.004653 -0.511098 -0.0554
v -0.010997 -0.512795 -0.074157
v -0.089319 -0.479191 -0.018481
v -0.090235 -0.483281 -0.038487
v -0.082413 -0.492243 -0.018288
v -0.084791 -0.498282 -0.037638
v -0.067264 -0.496649 -0.019831
v -0.070728 -0.503092 -0.040079
v -0.017948 -0.522194 -0.068452
v -0.011961 -0.518151 -0.048783
v -0.050086 -0.502025 -0.025593
v -0.054449 -0.508133 -0.046393
v -0.034747 -0.508601 -0.033099
v -0.040034 -0.514807 -0.054094
v -0.022162 -0.514514 -0.041107
v -0.028076 -0.520489 -0.061724
v -0.073279 -0.461619 -0.06137
v -0.053672 -0.461749 -0.065378
v -0.04239 -0.472611 -0.073643
v -0.031144 -0.484169 -0.082896
v -0.022465 -0.498614 -0.091629
v -0.018714 -0.512095 -0.095354
v -0.033932 -0.478599 -0.109961
v -0.029938 -0.499656 -0.115251
v -0.028042 -0.51299 -0.116685
v -0.036042 -0.514745 -0.13781
v -0.034783 -0.501657 -0.138416
v -0.048259 -0.506427 -0.176728
v -0.041298 -0.504013 -0.159954
v -0.042817 -0.516997 -0.158973
v -0.051453 -0.519757 -0.175657
v -0.034399 -0.4833 -0.135066
v -0.03785 -0.48618 -0.156626
v -0.043779 -0.487523 -0.173839
v -0.068962 -0.519253 -0.193994
v -0.064183 -0.505824 -0.197239
v -0.055401 -0.506865 -0.187993
v -0.058668 -0.520481 -0.186572
v -0.085485 -0.517006 -0.19662
v -0.080444 -0.503225 -0.203173
v -0.094825 -0.499 -0.190055
v -0.099353 -0.511593 -0.185542
v -0.059587 -0.486808 -0.194556
v -0.052118 -0.487151 -0.184552
v -0.073135 -0.48519 -0.20056
v -0.086398 -0.480839 -0.19028
v -0.099441 -0.4946 -0.171234
v -0.09038 -0.477467 -0.174112
v -0.105482 -0.506634 -0.168222
v -0.085876 -0.474686 -0.060508
v -0.089899 -0.487341 -0.061497
v -0.045262 -0.462849 -0.093764
v -0.058259 -0.454974 -0.086028
v -0.07813 -0.457214 -0.08852
v -0.091273 -0.476224 -0.085382
v -0.091723 -0.491182 -0.086232
v -0.096673 -0.480819 -0.108138
v -0.094797 -0.494428 -0.107869
v -0.085154 -0.4992 -0.062262
v -0.085922 -0.499788 -0.087713
v -0.090138 -0.502478 -0.108636
v -0.099634 -0.4849 -0.127687
v -0.100106 -0.497559 -0.126031
v -0.100002 -0.487716 -0.143302
v -0.103014 -0.500507 -0.14146
v -0.10452 -0.503279 -0.154343
v -0.099221 -0.490995 -0.156478
v -0.094604 -0.470756 -0.148482
v -0.092738 -0.473262 -0.160826
v -0.095691 -0.467783 -0.131056
v -0.091704 -0.463432 -0.111621
v -0.025199 -0.522565 -0.091201
v -0.0329 -0.522126 -0.113387
v -0.041427 -0.522488 -0.134516
v -0.050188 -0.525232 -0.154766
v -0.059628 -0.527267 -0.169858
v -0.066974 -0.527406 -0.17917
v -0.075724 -0.52615 -0.185889
v -0.08823 -0.522809 -0.186526
v -0.098361 -0.518616 -0.179214
v -0.102431 -0.515836 -0.165225
v -0.102454 -0.513979 -0.15293
v -0.095888 -0.506918 -0.12674
v -0.100397 -0.511032 -0.140936
v -0.094286 -0.449527 -0.137804
v -0.092519 -0.45311 -0.15489
v -0.089333 -0.455613 -0.166048
v -0.079754 -0.462672 -0.191856
v -0.085183 -0.458681 -0.177155
v -0.073826 -0.506482 -0.065075
v -0.058787 -0.511707 -0.071436
v -0.045546 -0.517924 -0.078969
v -0.034487 -0.522676 -0.085681
v -0.041459 -0.523043 -0.108907
v -0.052097 -0.519209 -0.103524
v -0.065206 -0.514068 -0.096867
v -0.077167 -0.506879 -0.090846
v -0.050282 -0.523538 -0.129631
v -0.060003 -0.520858 -0.124389
v -0.072424 -0.515864 -0.118746
v -0.082747 -0.509921 -0.112083
v -0.08957 -0.513994 -0.130415
v -0.080614 -0.518467 -0.137265
v -0.06929 -0.522824 -0.142445
v -0.060159 -0.525265 -0.148586
v -0.068113 -0.526554 -0.162982
v -0.076285 -0.523574 -0.156636
v -0.086389 -0.520062 -0.151192
v -0.094108 -0.516654 -0.145123
v -0.07375 -0.526727 -0.171322
v -0.087813 -0.523811 -0.178603
v -0.079874 -0.525951 -0.17693
v -0.094826 -0.521516 -0.17446
v -0.096654 -0.519654 -0.164833
v -0.095993 -0.518244 -0.155207
v -0.09038 -0.52153 -0.166436
v -0.088783 -0.52087 -0.15963
v -0.080091 -0.523875 -0.164938
v -0.083581 -0.523696 -0.170647
v -0.090809 -0.52196 -0.171781
v -0.08737 -0.523091 -0.173828
v -0.038982 -0.462025 -0.126722
v -0.016569 0.359904 0.237179
v -0.02713 0.402749 0.19653
v -0.021091 -0.132273 -0.169133
v -0.006558 -0.135539 -0.163597
v 0.009278 -0.136341 -0.162427
v 0.108139 0.228182 -0.161743
v 0.062431 0.259227 -0.098953
v 0.065976 0.274276 -0.080811
v 0.064693 0.267294 -0.091075
v 0.106922 0.210787 -0.156331
v 0.109616 0.334519 -0.061328
v -0.034752 0.320248 -0.38418
v -0.031978 0.428502 0.175244
v 0.071047 0.227734 0.02756
v -0.033395 0.410784 -0.3345
v 0.081425 0.212161 0.295994
v 0.079064 0.213464 0.296046
v 0.078137 0.216643 0.294599
v 0.076388 0.219922 0.297577
v 0.075338 0.222629 0.299322
v 0.074527 0.224338 0.300041
v 0.079519 0.217198 0.296442
v 0.07841 0.216323 0.30085
v 0.079693 0.215294 0.297908
v 0.080583 0.215069 0.295918
v -0.012085 0.237097 0.053471
v -0.01335 0.228066 0.040715
v -0.014076 0.220927 0.026328
v -0.016512 0.219299 0.010397
v 0.008087 0.172815 0.172754
v -0.036139 0.20985 -0.110145
v -0.034428 0.211003 -0.105088
v -0.035891 0.480217 -0.130056
v -0.039443 0.206223 -0.111292
v -0.032343 0.213984 -0.100462
v -0.047413 0.510052 0.055725
v -0.017343 0.21904 -0.002972
v -0.039418 0.2003 -0.110552
v -0.041936 0.479776 0.132788
v -0.029887 0.219998 -0.094624
v -0.035846 0.190972 -0.143506
v -0.025806 0.239961 -0.066993
v -0.015477 0.093686 0.272092
v -0.029195 0.102542 0.275825
v -0.023738 0.104282 0.260272
v -0.010949 0.098255 0.254785
v -0.020185 0.107644 0.248498
v -0.009062 0.105002 0.243639
v -0.03928 0.113899 0.275569
v -0.03456 0.112565 0.26268
v -0.048668 0.14262 0.244154
v -0.045135 0.135987 0.250209
v -0.052277 0.142105 0.256252
v -0.055155 0.151438 0.248313
v -0.053876 0.162822 0.228189
v -0.059518 0.176227 0.23161
v -0.054726 0.175731 0.217641
v -0.049078 0.163415 0.215767
v -0.010198 0.145508 0.205799
v -0.01206 0.141623 0.21088
v -0.019399 0.143959 0.207866
v -0.016936 0.148731 0.202145
v 0.002399 0.138587 0.208973
v 0.008179 0.13414 0.207058
v 0.008531 0.132847 0.213777
v 0.001974 0.1369 0.214635
v -0.00614 0.150462 0.201759
v -0.012978 0.1545 0.198418
v -0.003006 0.144455 0.203986
v -0.004017 0.142615 0.208783
v 0.001345 0.143617 0.193095
v 0.005396 0.141506 0.190444
v 0.005531 0.137138 0.194111
v 0.000627 0.140673 0.197435
v -0.004067 0.148564 0.199056
v -0.000509 0.150808 0.195481
v -0.000859 0.146856 0.195167
v -0.00294 0.144741 0.199069
v 0.002154 0.140117 0.203287
v 0.00721 0.135351 0.200445
v 0.01286 0.131943 0.196601
v 0.011177 0.134746 0.189161
v -0.031162 0.159855 0.199167
v -0.026027 0.162334 0.19439
v -0.019811 0.157943 0.195502
v -0.024021 0.153579 0.199486
v -0.002661 0.1545 0.195561
v -0.00798 0.163618 0.183808
v -0.001576 0.161708 0.18158
v -0.000791 0.15914 0.184658
v -0.007858 0.160785 0.186993
v -0.041027 0.174572 0.197095
v -0.043342 0.183005 0.195643
v -0.03594 0.179479 0.189361
v -0.034495 0.173342 0.191458
v -0.034781 0.185309 0.187152
v -0.042931 0.190851 0.192146
v -0.033787 0.202387 0.181432
v -0.025784 0.193132 0.17787
v -0.031036 0.189816 0.183239
v -0.039276 0.197327 0.18767
v -0.012063 0.186674 0.172785
v -0.019868 0.194974 0.171339
v -0.012692 0.196188 0.164348
v -0.006154 0.187497 0.169679
v -0.009066 0.171226 0.18376
v -0.008646 0.167237 0.183279
v -0.013431 0.169069 0.185227
v -0.013564 0.171866 0.185414
v -0.018444 0.172241 0.186874
v -0.018156 0.171058 0.186663
v -0.019763 0.169907 0.187092
v -0.02062 0.171673 0.187228
v -0.016372 0.171949 0.186643
v -0.017484 0.17287 0.186588
v -0.015092 0.173299 0.185099
v -0.011247 0.173007 0.182529
v 0.002585 0.17176 0.174489
v 0.004115 0.169936 0.178343
v 0.000865 0.170008 0.179524
v -0.001335 0.171916 0.176101
v -0.017522 0.16851 0.186831
v -0.013905 0.166256 0.186121
v -0.014619 0.163617 0.188267
v -0.019379 0.166409 0.188248
v -0.022209 0.164314 0.190825
v -0.025985 0.168157 0.189648
v -0.022284 0.169041 0.187905
v -0.019703 0.173892 0.186418
v -0.023663 0.17194 0.187307
v -0.023437 0.174966 0.186485
v -0.021292 0.177523 0.184596
v -0.017373 0.175176 0.184672
v -0.01389 0.17537 0.181517
v -0.017916 0.178852 0.181187
v -0.013055 0.179505 0.17715
v -0.009119 0.175125 0.177455
v -0.016237 0.160723 0.191139
v -0.028356 0.172153 0.18794
v -0.030797 0.167257 0.192439
v -0.029137 0.177085 0.187812
v -0.027073 0.180863 0.185208
v -0.018261 0.185695 0.177307
v -0.023531 0.183791 0.181624
v -0.026399 0.20576 0.174083
v -0.018601 0.208973 0.167846
v -0.017617 0.112951 0.242169
v -0.008561 0.112253 0.238784
v -0.020782 0.120338 0.238721
v -0.016472 0.119188 0.236606
v -0.016614 0.117213 0.239334
v -0.021907 0.118699 0.241211
v -0.03752 0.131963 0.246928
v -0.04054 0.136582 0.24271
v -0.033091 0.132371 0.242694
v -0.031645 0.1287 0.244242
v -0.026432 0.134708 0.230146
v -0.022108 0.129074 0.232832
v -0.025249 0.129422 0.235923
v -0.030726 0.134892 0.234414
v -0.018123 0.129188 0.230386
v -0.020915 0.134184 0.22725
v -0.015523 0.13333 0.226067
v -0.013821 0.129233 0.229317
v -0.009243 0.117445 0.237483
v -0.010401 0.119284 0.235454
v -0.004507 0.121794 0.235187
v -0.002151 0.119513 0.236642
v 0.002645 0.131466 0.233471
v 0.005659 0.131468 0.232192
v 0.006306 0.128089 0.234323
v 0.002738 0.129009 0.234095
v 0.001234 0.131807 0.231573
v 0.002656 0.132649 0.230347
v -0.002794 0.082724 0.289754
v -0.020432 0.09012 0.292925
v 0.000226 0.086882 0.267185
v -0.034438 0.102041 0.293546
v -0.045782 0.11527 0.289948
v -0.059003 0.18777 0.219115
v -0.052227 0.185564 0.205183
v -0.048553 0.175291 0.205804
v -0.060128 0.199736 0.216597
v -0.05187 0.195912 0.201337
v -0.041732 0.213125 0.18968
v -0.048813 0.205604 0.196344
v -0.067134 0.203731 0.234236
v -0.067991 0.215363 0.233176
v -0.059276 0.212385 0.213343
v -0.071728 0.213438 0.25356
v -0.071227 0.223145 0.258745
v -0.06684 0.231287 0.233798
v -0.047771 0.243345 0.198447
v -0.060219 0.250845 0.211559
v -0.058813 0.25724 0.20242
v -0.04801 0.247796 0.19094
v -0.064842 0.190417 0.23485
v -0.053574 0.138753 0.269858
v -0.058347 0.150627 0.263239
v -0.048081 0.131864 0.261674
v -0.046752 0.106153 0.330625
v -0.056053 0.119897 0.321594
v -0.051011 0.11596 0.305309
v -0.040307 0.101757 0.311547
v -0.009847 0.086745 0.344839
v -0.029179 0.094469 0.339059
v -0.024685 0.088652 0.314598
v -0.005887 0.080183 0.31619
v -0.059481 0.128839 0.336696
v -0.049779 0.118411 0.349625
v -0.054326 0.135295 0.364266
v -0.06148 0.138898 0.34858
v -0.033884 0.110053 0.361724
v -0.039012 0.129349 0.379729
v -0.071154 0.228057 0.270516
v -0.070428 0.241169 0.252869
v -0.068539 0.251292 0.237704
v -0.06184 0.242444 0.221447
v -0.019782 0.127749 0.389211
v -0.014385 0.104807 0.370421
v -0.057727 0.18721 0.365033
v -0.066084 0.184706 0.350621
v -0.064908 0.166942 0.353448
v -0.057562 0.169229 0.371861
v -0.046817 0.191836 0.381527
v -0.044718 0.172432 0.388927
v -0.059703 0.235076 0.32814
v -0.053237 0.242597 0.341127
v -0.049308 0.254283 0.319363
v -0.05489 0.247706 0.309582
v -0.029459 0.113045 0.252147
v -0.03541 0.120023 0.254335
v -0.030103 0.120432 0.247426
v -0.024972 0.115887 0.245208
v -0.047656 0.12582 0.274062
v -0.042386 0.122285 0.263213
v -0.057424 0.131069 0.301186
v -0.061432 0.133901 0.314542
v -0.065928 0.146829 0.337169
v -0.063817 0.139018 0.326548
v -0.068792 0.18354 0.337872
v -0.068228 0.171916 0.339855
v -0.069951 0.230536 0.286554
v -0.062612 0.240465 0.298192
v -0.06024 0.254549 0.279216
v -0.069287 0.248128 0.267541
v -0.047143 0.267913 0.298273
v -0.051654 0.26117 0.28862
v -0.066675 0.270651 0.239091
v -0.061336 0.280274 0.249833
v -0.060555 0.289009 0.239144
v -0.065212 0.277605 0.227507
v -0.054899 0.300524 0.245472
v -0.053727 0.290613 0.257192
v -0.047283 0.300898 0.264011
v -0.048589 0.311744 0.249738
v -0.022456 0.24233 0.179521
v -0.034058 0.243321 0.183815
v -0.034833 0.247083 0.177715
v -0.022418 0.245966 0.17396
v -0.067051 0.284793 0.220199
v -0.065249 0.296418 0.230957
v -0.066794 0.226921 0.317035
v -0.071813 0.218509 0.308554
v -0.060194 0.30966 0.237555
v -0.061692 0.270656 0.26343
v -0.052857 0.277688 0.271029
v -0.039812 0.273084 0.305971
v -0.043172 0.261347 0.328372
v -0.005029 0.140023 0.213824
v -0.005398 0.132634 0.227858
v -0.001107 0.132786 0.229101
v -0.001567 0.130894 0.231455
v -0.005156 0.130141 0.230605
v 0.01583 0.097781 0.244776
v 0.002664 0.096306 0.250035
v 0.002529 0.106228 0.238395
v 0.014297 0.111534 0.233901
v -0.039584 0.149679 0.215823
v -0.036196 0.155857 0.206087
v -0.027643 0.148577 0.205935
v -0.028145 0.142919 0.213211
v -0.028113 0.126914 0.242404
v -0.02631 0.124333 0.241473
v -0.029019 0.124898 0.244107
v -0.036759 0.166853 0.198365
v -0.043031 0.165341 0.205553
v -0.061096 0.16281 0.254665
v -0.040333 0.12825 0.253892
v 0.012251 0.080449 0.347097
v 0.014294 0.074299 0.31406
v 0.007176 0.101329 0.375729
v 0.001884 0.126204 0.395799
v -0.02908 0.176063 0.39964
v -0.012817 0.17909 0.412774
v -0.01461 0.200782 0.402704
v -0.032101 0.196533 0.392516
v -0.041166 0.248043 0.350255
v -0.040312 0.306725 0.270612
v -0.040799 0.319587 0.255033
v 0.014548 0.077362 0.285222
v 0.01691 0.085785 0.262269
v -0.052349 0.129822 0.28631
v -0.049352 0.147269 0.236185
v -0.046848 0.149671 0.226323
v -0.039417 0.140255 0.229787
v -0.041603 0.139693 0.236756
v -0.056056 0.159386 0.239596
v -0.062467 0.173167 0.245137
v -0.068168 0.187596 0.253249
v -0.070463 0.202672 0.252056
v -0.054445 0.153069 0.374348
v -0.062792 0.152532 0.355694
v -0.025753 0.152563 0.39993
v -0.042816 0.151339 0.389314
v -0.065988 0.15689 0.345011
v -0.004644 0.152079 0.407359
v 0.000105 0.156765 0.188243
v 0.002458 0.154771 0.191338
v -0.007857 0.157696 0.191914
v -0.004095 0.175565 0.17432
v -0.007462 0.180802 0.174446
v -0.002291 0.181603 0.172132
v 0.000459 0.176063 0.172514
v -0.02136 0.219653 0.175298
v -0.031355 0.217257 0.181113
v -0.023266 0.238094 0.183733
v -0.033824 0.239604 0.189269
v 0.004809 0.146408 0.19307
v 0.003508 0.1487 0.195231
v 0.005899 0.148218 0.194219
v 0.00641 0.146298 0.19314
v -0.016122 0.170362 0.185858
v 0.003246 0.161847 0.180885
v 0.002443 0.165653 0.179139
v 0.005565 0.166132 0.178214
v 0.00663 0.162413 0.179374
v -0.05142 0.226061 0.205936
v -0.048691 0.236534 0.205044
v -0.06403 0.268254 0.215871
v -0.065463 0.259975 0.225668
v -0.068385 0.261549 0.25198
v -0.046861 0.28537 0.280142
v -0.040742 0.291014 0.287797
v -0.030518 0.292852 0.292628
v -0.030748 0.275818 0.311167
v -0.03541 0.22785 0.190225
v -0.034395 0.234272 0.192787
v -0.02382 0.23399 0.185246
v -0.023768 0.228754 0.182632
v 0.010177 0.148947 0.189924
v 0.00873 0.150724 0.190826
v 0.010145 0.152229 0.188799
v 0.011574 0.149315 0.188236
v 0.002519 0.15017 0.194493
v 0.003911 0.152758 0.192531
v 0.004654 0.151423 0.193559
v 0.002214 0.147978 0.193592
v 0.003545 0.145637 0.192482
v 0.009206 0.144043 0.189172
v 0.010494 0.141328 0.186091
v 0.006015 0.144408 0.19071
v 0.008399 0.148309 0.192058
v 0.007562 0.150462 0.192894
v 0.005408 0.150278 0.194534
v 0.003745 0.149455 0.194524
v 0.008441 0.145031 0.190897
v 0.006394 0.145338 0.191874
v 0.014026 0.130616 0.204331
v -0.014227 0.236911 0.179719
v -0.015427 0.234313 0.180897
v -0.017534 0.172127 0.186828
v 0.000717 0.114442 0.236327
v -0.0333 0.139541 0.223467
v -0.012326 0.138178 0.216218
v -0.011569 0.135961 0.22183
v -0.017992 0.136887 0.220875
v -0.019785 0.140182 0.215181
v 0.008269 0.119286 0.234074
v 0.010883 0.125687 0.232383
v 0.016552 0.121874 0.228574
v 0.01018 0.130393 0.228466
v 0.005648 0.133604 0.226287
v 0.007583 0.132869 0.220899
v 0.014338 0.127622 0.221942
v -0.02589 0.121472 0.242963
v -0.023965 0.122033 0.239982
v 0.001083 0.135694 0.21983
v 0.000362 0.134674 0.224223
v -0.005029 0.135181 0.222792
v -0.005365 0.13757 0.218494
v -0.025405 0.138254 0.221098
v -0.033849 0.1262 0.248301
v -0.032845 0.13443 0.238533
v -0.070318 0.213237 0.293418
v -0.071234 0.205988 0.306811
v -0.072716 0.205916 0.275211
v -0.071755 0.207367 0.278964
v -0.069718 0.214527 0.272022
v -0.071466 0.210358 0.268377
v -0.071418 0.171047 0.321544
v -0.070619 0.169014 0.317553
v -0.068894 0.162898 0.320707
v -0.0696 0.167665 0.32688
v -0.069855 0.162946 0.312764
v -0.069917 0.165968 0.310709
v -0.070141 0.164401 0.307005
v -0.068741 0.159354 0.312523
v -0.067239 0.157573 0.304349
v -0.064841 0.146051 0.308749
v -0.066557 0.149532 0.318612
v -0.058662 0.148131 0.28167
v -0.062233 0.145245 0.295613
v -0.063525 0.159108 0.295546
v -0.063737 0.163855 0.286072
v -0.069903 0.193046 0.267028
v -0.072235 0.202278 0.266893
v -0.069375 0.215274 0.280525
v -0.047279 0.210007 0.370044
v -0.058896 0.204862 0.356362
v -0.067353 0.200068 0.343234
v -0.070543 0.195525 0.331946
v -0.035854 0.213464 0.382652
v -0.023243 0.220563 0.388045
v -0.063466 0.161551 0.271115
v -0.065776 0.172986 0.278048
v -0.061535 0.221131 0.344289
v -0.049788 0.227381 0.357698
v -0.067945 0.214155 0.332227
v -0.071709 0.206761 0.322388
v -0.037632 0.230856 0.370757
v -0.023105 0.239749 0.374673
v -0.027003 0.25333 0.355222
v -0.07448 0.195945 0.279543
v -0.076605 0.200332 0.276488
v -0.074156 0.201939 0.273042
v -0.072918 0.195723 0.27453
v -0.068386 0.182938 0.272833
v -0.065952 0.174952 0.263653
v 0.014526 0.128984 0.212071
v -0.006064 0.19785 0.161164
v -0.001345 0.187929 0.16822
v 0.005088 0.157017 0.18694
v 0.00442 0.15905 0.182986
v 0.007513 0.159929 0.181878
v 0.008447 0.157707 0.184822
v 0.003745 0.123471 0.235462
v -0.030238 0.26496 0.334618
v -0.030862 0.309075 0.275684
v -0.03064 0.322797 0.260253
v -0.05313 0.321633 0.241788
v -0.042571 0.32986 0.246036
v 0.009465 0.155269 0.187429
v 0.00634 0.1548 0.189419
v 0.008581 0.146361 0.191909
v -0.00246 0.165778 0.180451
v 0.007054 0.15162 0.192453
v 0.007345 0.153043 0.190808
v 0.012094 0.152796 0.188151
v 0.011033 0.155666 0.186754
v -0.009971 0.132849 0.225963
v -0.00904 0.129636 0.229058
v 0.010339 0.146217 0.189313
v 0.011732 0.145858 0.186873
v -0.047908 0.253048 0.184674
v -0.058639 0.263697 0.196119
v 0.007822 0.166609 0.177795
v 0.008723 0.163016 0.178831
v -0.0677 0.173922 0.288821
v -0.06737 0.168821 0.29535
v -0.070537 0.175194 0.297218
v -0.070095 0.179978 0.292295
v -0.013594 0.241413 0.1766
v -0.063484 0.274869 0.208076
v -0.030827 0.335541 0.24892
v -0.027473 0.129594 0.23941
v -0.028379 0.128851 0.241946
v 0.000161 0.125608 0.235018
v -0.005813 0.172437 0.178219
v -0.003439 0.170512 0.180558
v -0.015346 0.230999 0.178919
v 0.013087 0.149652 0.187716
v -0.070072 0.173735 0.309764
v -0.070271 0.176278 0.307361
v -0.072716 0.174985 0.305027
v -0.072247 0.172032 0.306351
v -0.072293 0.165925 0.303955
v -0.072817 0.164133 0.307818
v -0.075079 0.167492 0.3076
v -0.074071 0.169558 0.30475
v -0.069147 0.164594 0.302056
v -0.071527 0.169122 0.301921
v -0.075054 0.163565 0.311395
v -0.075722 0.166282 0.31073
v -0.070456 0.166617 0.313652
v -0.072261 0.164034 0.312689
v -0.073292 0.164992 0.317871
v -0.07752 0.164063 0.315872
v -0.075896 0.167938 0.323564
v -0.080653 0.167167 0.320133
v -0.077475 0.174072 0.325537
v -0.082656 0.172832 0.322683
v -0.070349 0.188682 0.278981
v -0.069675 0.191857 0.284867
v -0.078896 0.180731 0.324703
v -0.084409 0.178729 0.322753
v -0.08033 0.187649 0.32123
v -0.0855 0.1855 0.31957
v -0.081806 0.194412 0.315909
v -0.08568 0.191539 0.314455
v -0.082697 0.199397 0.309001
v -0.085965 0.196189 0.308144
v -0.0821 0.204203 0.29925
v -0.085724 0.198891 0.299887
v -0.079364 0.17475 0.321357
v -0.077854 0.170194 0.31928
v -0.070814 0.175427 0.321029
v -0.07604 0.167379 0.315179
v -0.07206 0.184846 0.309445
v -0.072158 0.186184 0.307077
v -0.073775 0.182779 0.305626
v -0.07151 0.18297 0.307604
v -0.071442 0.183032 0.294453
v -0.071865 0.187144 0.291376
v -0.071115 0.185477 0.288056
v -0.071009 0.190936 0.289835
v -0.069569 0.188477 0.292994
v -0.070541 0.190904 0.291537
v -0.067912 0.185634 0.295557
v -0.071753 0.192581 0.2927
v -0.07257 0.193132 0.290371
v -0.070539 0.192472 0.293081
v -0.069737 0.191626 0.29279
v -0.068305 0.191106 0.294404
v -0.068646 0.189972 0.29855
v -0.069468 0.180679 0.283216
v -0.072002 0.2024 0.296029
v -0.073389 0.197245 0.305443
v -0.083342 0.199793 0.292476
v -0.081714 0.20489 0.289276
v -0.078801 0.202956 0.277432
v -0.080955 0.205004 0.281787
v -0.070989 0.180743 0.319988
v -0.072926 0.18731 0.317737
v -0.071825 0.204177 0.286496
v -0.073717 0.192564 0.312401
v -0.082452 0.196055 0.301357
v -0.080306 0.19683 0.295472
v -0.083897 0.19335 0.307067
v -0.074133 0.1943 0.287395
v -0.07791 0.196108 0.291099
v -0.08079 0.198754 0.286923
v -0.078039 0.197372 0.282889
v -0.07723 0.194739 0.296933
v -0.080101 0.193334 0.300963
v -0.07395 0.194156 0.298156
v -0.07636 0.192525 0.302248
v -0.072671 0.193622 0.294488
v -0.074753 0.19445 0.292964
v -0.070627 0.193772 0.299176
v -0.072861 0.191594 0.303961
v -0.070336 0.19333 0.295074
v -0.078986 0.190201 0.305281
v -0.075384 0.18853 0.306605
v -0.077429 0.184231 0.307628
v -0.080308 0.186168 0.307642
v -0.082343 0.191171 0.305689
v -0.083423 0.187713 0.309384
v -0.083387 0.189769 0.312551
v -0.082608 0.183651 0.313513
v -0.082411 0.184933 0.317476
v -0.081162 0.182525 0.31137
v -0.079103 0.180887 0.309736
v -0.081241 0.179283 0.320593
v -0.081279 0.179118 0.316763
v -0.079589 0.175007 0.317651
v -0.08068 0.178994 0.313456
v -0.079113 0.175732 0.314043
v -0.079406 0.17901 0.311481
v -0.078036 0.17692 0.311122
v -0.073206 0.168972 0.310632
v -0.072393 0.169888 0.307872
v -0.074944 0.170087 0.314151
v -0.074149 0.172381 0.311735
v -0.072927 0.170921 0.310709
v -0.071914 0.171853 0.309372
v -0.073922 0.173904 0.309254
v -0.072722 0.176701 0.30887
v -0.024674 0.254882 0.158621
v -0.013016 0.255611 0.155555
v -0.011962 0.251039 0.163521
v -0.023227 0.25042 0.166509
v -0.076448 0.173924 0.313048
v -0.07595 0.175464 0.309835
v -0.077191 0.172096 0.316199
v -0.075094 0.180557 0.308572
v -0.075362 0.177955 0.308553
v -0.077355 0.179417 0.308975
v -0.076623 0.181133 0.308234
v -0.070609 0.18056 0.297912
v -0.069763 0.183838 0.300552
v -0.071287 0.187839 0.302073
v -0.059395 0.268947 0.161498
v -0.055089 0.268098 0.166937
v -0.068148 0.27687 0.178098
v -0.073339 0.27585 0.174037
v -0.061502 0.25672 0.140813
v -0.073054 0.26089 0.160935
v -0.069892 0.252148 0.131028
v -0.062498 0.250317 0.117401
v -0.071032 0.241514 0.105498
v -0.063286 0.240788 0.095069
v -0.076054 0.215762 0.042968
v -0.063927 0.215929 0.038985
v -0.063616 0.223214 0.055948
v -0.074585 0.223444 0.06119
v -0.112244 0.210675 -0.023257
v -0.111097 0.221832 -0.035663
v -0.096069 0.21671 -0.034373
v -0.099065 0.207152 -0.022792
v -0.089295 0.239895 0.093489
v -0.068095 0.237639 0.113492
v -0.072545 0.231902 0.105061
v -0.096673 0.237444 0.084666
v -0.097297 0.277789 0.201245
v -0.083832 0.272102 0.184922
v -0.086259 0.277337 0.187126
v -0.095205 0.282137 0.205087
v -0.16 0.24639 0.003641
v -0.158777 0.245736 -0.009753
v -0.150934 0.234889 -0.005807
v -0.150217 0.23444 0.00705
v -0.147491 0.299952 -0.051812
v -0.155901 0.300538 -0.064838
v -0.138512 0.284023 -0.067881
v -0.13138 0.284934 -0.055755
v -0.191755 0.354685 -0.020794
v -0.198666 0.379657 -0.012517
v -0.198014 0.392082 -0.026073
v -0.194177 0.365074 -0.032868
v -0.098197 0.221322 0.050278
v -0.087839 0.217728 0.046959
v -0.084765 0.226413 0.065949
v -0.092534 0.231283 0.070269
v -0.043339 0.078652 0.087023
v -0.044269 0.084859 0.070088
v -0.047669 0.106583 0.080925
v -0.047489 0.100544 0.097826
v -0.199172 0.365194 -0.111057
v -0.197775 0.393766 -0.11282
v -0.200537 0.386356 -0.130595
v -0.20098 0.358752 -0.127083
v -0.052062 0.185667 0.157113
v -0.054659 0.198601 0.161302
v -0.075442 0.196024 0.177073
v -0.071552 0.183734 0.174566
v -0.128162 0.237262 0.053276
v -0.118096 0.233981 0.055941
v -0.104288 0.238954 0.075109
v -0.115712 0.239382 0.068329
v -0.207994 0.355351 0.018098
v -0.200523 0.333217 0.008712
v -0.199383 0.323118 0.027908
v -0.206668 0.341981 0.037394
v -0.19806 0.344568 -0.007832
v -0.204607 0.369134 0.000187
v -0.112764 0.23112 0.055602
v -0.10653 0.226657 0.053186
v -0.097121 0.235516 0.074983
v -0.098853 0.23766 0.078075
v -0.109978 0.239705 -0.043833
v -0.091785 0.231787 -0.042356
v -0.193359 0.332034 -0.124052
v -0.182935 0.308129 -0.122021
v -0.182255 0.313746 -0.110258
v -0.193528 0.338057 -0.110892
v -0.108871 0.272185 -0.046553
v -0.107698 0.258908 -0.044475
v -0.124294 0.267501 -0.042606
v -0.12479 0.282459 -0.044477
v -0.16856 0.285403 -0.11846
v -0.150298 0.263273 -0.115757
v -0.149024 0.269034 -0.107422
v -0.166619 0.291045 -0.108536
v -0.073219 0.232245 0.081951
v -0.063512 0.230843 0.075037
v -0.136178 0.221984 -0.019872
v -0.137005 0.233984 -0.03136
v -0.125181 0.227572 -0.034779
v -0.125272 0.215433 -0.022072
v -0.13629 0.247357 0.065488
v -0.113026 0.238646 0.073724
v -0.084205 0.227617 0.091261
v -0.116636 0.236322 0.074351
v -0.200979 0.379426 -0.147018
v -0.20088 0.354219 -0.140828
v -0.169175 0.282624 -0.127969
v -0.151202 0.260294 -0.122564
v -0.150053 0.230861 0.078019
v -0.161596 0.24955 0.075188
v -0.152421 0.244901 0.073102
v -0.13945 0.226954 0.076208
v -0.061375 0.2117 -0.023221
v -0.073802 0.205787 -0.017718
v -0.08336 0.211397 -0.028964
v -0.074235 0.221707 -0.03597
v -0.13815 0.252785 -0.038762
v -0.139312 0.273869 -0.040809
v -0.125212 0.246654 -0.042731
v -0.049113 0.220813 -0.027396
v -0.063786 0.238693 -0.040326
v -0.050844 0.230916 0.068395
v -0.051271 0.22433 0.050993
v -0.050872 0.239594 0.086703
v -0.03693 0.239084 0.080214
v -0.035561 0.248117 0.09832
v -0.049711 0.249208 0.105962
v -0.033723 0.254698 0.116734
v -0.048182 0.255527 0.125589
v -0.044211 0.262296 0.150962
v -0.040566 0.26277 0.158431
v -0.130691 0.243048 0.060689
v -0.142407 0.243898 0.04803
v -0.182866 0.305146 -0.13265
v -0.169927 0.306594 0.173282
v -0.172002 0.318122 0.163689
v -0.180773 0.291127 0.156534
v -0.176344 0.28217 0.16624
v -0.0985 0.271203 0.197541
v -0.081824 0.267883 0.180719
v -0.177964 0.256919 0.10402
v -0.181133 0.278319 0.108618
v -0.183688 0.290097 0.104873
v -0.177072 0.265431 0.099351
v -0.162374 0.233712 0.084875
v -0.157345 0.211484 0.084691
v -0.16088 0.207225 0.090492
v -0.164027 0.229817 0.090494
v -0.193596 0.412144 -0.13396
v -0.18969 0.42028 -0.114569
v -0.18516 0.438254 0.02596
v -0.191847 0.420063 0.009198
v -0.202857 0.405132 0.027264
v -0.198259 0.418615 0.045477
v -0.062513 0.421917 0.179064
v -0.06241 0.433366 0.170411
v -0.090804 0.420777 0.174507
v -0.091579 0.406193 0.182514
v -0.141769 0.345833 0.188779
v -0.136365 0.3381 0.197127
v -0.11575 0.362456 0.196629
v -0.117599 0.371684 0.190627
v -0.158065 0.332493 0.178088
v -0.158979 0.345948 0.16924
v -0.21113 0.358169 0.048533
v -0.209985 0.373876 0.030506
v -0.207807 0.32732 0.070957
v -0.201387 0.316667 0.062108
v -0.196572 0.303529 0.069015
v -0.203293 0.311421 0.075976
v -0.091111 0.284771 0.210125
v -0.097005 0.298247 0.220777
v -0.103496 0.291692 0.217983
v -0.084062 0.350507 0.223287
v -0.087792 0.352518 0.219172
v -0.098079 0.338374 0.220288
v -0.09116 0.339634 0.223705
v -0.102344 0.482273 0.115035
v -0.072976 0.490041 0.114212
v -0.073771 0.499555 0.085262
v -0.103728 0.49406 0.084223
v -0.197325 0.299855 0.085409
v -0.184568 0.278313 0.083903
v -0.18205 0.277502 0.090212
v -0.194618 0.300927 0.092968
v -0.203586 0.320815 0.09363
v -0.209418 0.338664 0.090733
v -0.210056 0.334317 0.080518
v -0.205148 0.318029 0.085014
v -0.206268 0.397886 0.062059
v -0.208477 0.387627 0.045548
v -0.211874 0.369524 0.061106
v -0.21172 0.377354 0.075378
v -0.063713 0.512262 -0.015884
v -0.085986 0.511813 -0.017742
v -0.091228 0.511688 0.016237
v -0.068301 0.515052 0.018057
v -0.103574 0.200692 0.082833
v -0.084867 0.194072 0.087262
v -0.080417 0.18355 0.088495
v -0.098762 0.187278 0.081479
v -0.163135 0.184006 0.104749
v -0.161467 0.170299 0.104881
v -0.161776 0.167962 0.111383
v -0.163657 0.181562 0.111724
v -0.109609 0.172119 0.067864
v -0.09451 0.172455 0.074456
v -0.090125 0.15533 0.063299
v -0.106764 0.154585 0.056347
v -0.119538 0.267597 0.204076
v -0.099289 0.263545 0.192969
v -0.114716 0.276487 0.209477
v -0.138099 0.19216 0.072961
v -0.135317 0.171794 0.065853
v -0.144792 0.170084 0.069215
v -0.147211 0.191559 0.076233
v -0.049958 0.07192 0.103291
v -0.053935 0.093742 0.11437
v -0.118416 0.130226 0.045976
v -0.130175 0.125296 0.049929
v -0.132283 0.148324 0.057057
v -0.120567 0.151344 0.054754
v -0.174952 0.456092 0.004687
v -0.185676 0.436746 -0.008101
v -0.163614 0.452105 -0.140223
v -0.17993 0.433935 -0.137185
v -0.174544 0.44212 -0.11596
v -0.157799 0.460471 -0.1169
v -0.193996 0.40271 -0.153024
v -0.165294 0.441193 -0.160828
v -0.180109 0.424187 -0.156943
v -0.0805 0.303577 0.225657
v -0.075171 0.320105 0.231286
v -0.084356 0.320554 0.228463
v -0.088539 0.302002 0.223451
v -0.229549 0.342178 -0.249823
v -0.226389 0.319239 -0.269119
v -0.231229 0.302286 -0.244021
v -0.232694 0.321643 -0.227978
v -0.060092 0.354713 0.23251
v -0.074439 0.33859 0.231111
v -0.065333 0.335838 0.234119
v -0.0531 0.347872 0.236184
v -0.229921 0.337304 -0.213301
v -0.227317 0.360957 -0.229886
v -0.079023 0.289203 0.212552
v -0.085742 0.286566 0.211912
v -0.078049 0.279875 0.193291
v -0.072724 0.2808 0.196759
v -0.062044 0.273851 0.183614
v -0.227917 0.282865 -0.223306
v -0.226396 0.299246 -0.211956
v -0.067859 0.316173 0.233723
v -0.05911 0.330315 0.237477
v -0.047076 0.340405 0.24047
v -0.032631 0.346355 0.242408
v -0.200295 0.397007 -0.169963
v -0.20622 0.3731 -0.162289
v -0.160058 0.24182 -0.364091
v -0.131473 0.248222 -0.377948
v -0.129178 0.220548 -0.372146
v -0.162841 0.213839 -0.357157
v -0.060721 0.27216 -0.383153
v -0.056772 0.250236 -0.37555
v -0.093126 0.23451 -0.378178
v -0.099158 0.259272 -0.383386
v -0.071197 0.411229 -0.336752
v -0.104261 0.410481 -0.335746
v -0.105003 0.428834 -0.310904
v -0.072637 0.430336 -0.312173
v -0.17191 0.436047 -0.18216
v -0.187545 0.418234 -0.176511
v -0.204122 0.348071 -0.154211
v -0.227711 0.167129 -0.220181
v -0.231323 0.174802 -0.261307
v -0.225164 0.142436 -0.261789
v -0.224603 0.135823 -0.221498
v -0.188492 0.147808 -0.329279
v -0.193678 0.179542 -0.333232
v -0.159734 0.182448 -0.352953
v -0.153969 0.151084 -0.347351
v -0.130152 0.24188 -0.118145
v -0.151598 0.258337 -0.128033
v -0.131803 0.238939 -0.122646
v -0.064472 0.211146 -0.113296
v -0.087827 0.217512 -0.114075
v -0.088088 0.212462 -0.116882
v -0.065049 0.206359 -0.114646
v -0.066797 0.193309 -0.146535
v -0.049419 0.191673 -0.14392
v -0.053244 0.193002 -0.133336
v -0.073496 0.197587 -0.134539
v -0.214269 0.280945 -0.1936
v -0.195785 0.265031 -0.176982
v -0.197698 0.273607 -0.172279
v -0.213527 0.292721 -0.18625
v -0.052368 0.231433 -0.363168
v -0.082763 0.210062 -0.3685
v -0.211019 0.132874 -0.181057
v -0.211299 0.164152 -0.18246
v -0.181326 0.130953 -0.151475
v -0.142344 0.131323 -0.138426
v -0.144564 0.158969 -0.140203
v -0.181737 0.160783 -0.153648
v -0.050717 0.187701 -0.206823
v -0.063144 0.190866 -0.180652
v -0.068411 0.186585 -0.183511
v -0.052053 0.182847 -0.209767
v -0.065287 0.318385 -0.387535
v -0.063478 0.296212 -0.38739
v -0.098088 0.285811 -0.387594
v -0.098377 0.311665 -0.387691
v -0.147628 0.455168 -0.164197
v -0.15408 0.449402 -0.188455
v -0.129076 0.465361 -0.166637
v -0.14514 0.467119 -0.141303
v -0.125921 0.477807 -0.141418
v -0.145923 0.487371 0.030916
v -0.162188 0.473078 0.017105
v -0.173501 0.456134 0.041162
v -0.158245 0.470662 0.05859
v -0.118285 0.400478 0.176787
v -0.118763 0.385128 0.184256
v -0.11498 0.165881 -0.356255
v -0.072288 0.182931 -0.351873
v -0.084787 0.134873 -0.342973
v -0.118579 0.127148 -0.346313
v -0.181741 0.116435 -0.322458
v -0.205213 0.114086 -0.296035
v -0.212095 0.147208 -0.301416
v -0.219355 0.109335 -0.258638
v -0.221376 0.103383 -0.217179
v -0.177105 0.102409 -0.148736
v -0.139431 0.103466 -0.137804
v -0.052723 0.132133 -0.186763
v -0.073261 0.130511 -0.160437
v -0.072559 0.107321 -0.163604
v -0.052977 0.110984 -0.191213
v -0.111908 0.208107 -0.151064
v -0.148652 0.2316 -0.156064
v -0.146464 0.226347 -0.154645
v -0.11552 0.209762 -0.154084
v -0.06753 0.213504 -0.107134
v -0.087307 0.218437 -0.107642
v -0.108221 0.226778 -0.114687
v -0.10801 0.22784 -0.109262
v -0.130042 0.243157 -0.112485
v -0.078315 0.235645 -0.08047
v -0.10209 0.246974 -0.081849
v -0.104365 0.240076 -0.089704
v -0.080259 0.229128 -0.087708
v -0.076713 0.242399 -0.071258
v -0.09977 0.253915 -0.071734
v -0.066707 0.257866 -0.043972
v -0.08771 0.249671 -0.044291
v -0.089431 0.263478 -0.046297
v -0.037885 0.232229 0.0629
v -0.038316 0.225833 0.046543
v -0.216808 0.267904 -0.200522
v -0.050489 0.169734 -0.325392
v -0.044959 0.154771 -0.292314
v -0.045721 0.128157 -0.294238
v -0.058698 0.134478 -0.324171
v -0.225237 0.313979 -0.200877
v -0.19353 0.328073 -0.13633
v -0.195591 0.324273 -0.147734
v -0.176635 0.322064 -0.026671
v -0.181345 0.338496 -0.038879
v -0.085074 0.204223 -0.012956
v -0.089223 0.207306 -0.022237
v -0.21809 0.180509 -0.302114
v -0.172329 0.073825 -0.147231
v -0.167634 0.047031 -0.147168
v -0.13307 0.047887 -0.139754
v -0.135964 0.074998 -0.139354
v -0.047933 0.088935 -0.228693
v -0.056806 0.086025 -0.197094
v -0.059387 0.058563 -0.201332
v -0.053767 0.061367 -0.232005
v -0.05697 0.030653 -0.231743
v -0.061723 0.028752 -0.201194
v -0.062931 0.00065 -0.204892
v -0.05902 0.002413 -0.232564
v -0.2078 0.100197 -0.178485
v -0.210736 0.045198 -0.20643
v -0.196315 0.045603 -0.171453
v -0.20265 0.07083 -0.174306
v -0.216703 0.07219 -0.211098
v -0.153071 0.119292 -0.338507
v -0.043864 0.114533 -0.223756
v -0.042895 0.134968 -0.218636
v -0.058691 0.06043 -0.288352
v -0.074035 0.061167 -0.311467
v -0.066262 0.095255 -0.319172
v -0.05072 0.0941 -0.293316
v -0.178153 0.056399 -0.301956
v -0.196227 0.053778 -0.275219
v -0.200276 0.083326 -0.285206
v -0.180086 0.085833 -0.312364
v -0.214231 0.077141 -0.24928
v -0.208402 0.049147 -0.241959
v -0.197779 -0.008291 -0.195661
v -0.182596 -0.008721 -0.165482
v -0.189114 0.018623 -0.168449
v -0.20397 0.01815 -0.200739
v -0.197647 -0.004506 -0.227796
v -0.202575 0.022024 -0.234614
v -0.192687 0.025998 -0.266662
v -0.189634 -0.000529 -0.258767
v -0.174919 0.001957 -0.283421
v -0.176292 0.028487 -0.292842
v -0.155547 0.029877 -0.311469
v -0.156058 0.003857 -0.301424
v -0.129981 0.031428 -0.320151
v -0.104176 0.032225 -0.317755
v -0.109942 0.005788 -0.307751
v -0.133273 0.005463 -0.309061
v -0.07077 0.004333 -0.281541
v -0.087673 0.004929 -0.29892
v -0.081109 0.031624 -0.30498
v -0.064886 0.031328 -0.283829
v -0.094241 -0.094363 -0.271422
v -0.113399 -0.091223 -0.273377
v -0.106026 -0.068203 -0.280338
v -0.086222 -0.070715 -0.275166
v -0.130572 -0.089236 -0.27832
v -0.14853 -0.088855 -0.278483
v -0.143353 -0.066718 -0.281758
v -0.124559 -0.067214 -0.281962
v -0.175032 -0.070434 -0.260167
v -0.160904 -0.06802 -0.274769
v -0.165092 -0.090016 -0.271204
v -0.177913 -0.092585 -0.255676
v -0.18938 -0.094538 -0.234991
v -0.187999 -0.072563 -0.239604
v -0.190159 -0.098925 -0.210792
v -0.19175 -0.076917 -0.21288
v -0.183572 -0.080734 -0.18395
v -0.17944 -0.103187 -0.184425
v -0.065786 -0.075923 -0.219502
v -0.069974 -0.099468 -0.221944
v -0.069519 -0.096482 -0.2441
v -0.063804 -0.073442 -0.241201
v -0.092806 -0.080482 -0.173727
v -0.112196 -0.081129 -0.152152
v -0.112537 -0.103665 -0.160955
v -0.094669 -0.104132 -0.180453
v -0.193401 -0.0304 -0.222494
v -0.191538 -0.033597 -0.190459
v -0.173861 -0.023208 -0.27441
v -0.187662 -0.026248 -0.251906
v -0.076 -0.021192 -0.279375
v -0.0939 -0.020449 -0.292937
v -0.064565 -0.026704 -0.208882
v -0.061686 -0.02446 -0.234773
v -0.14529 -0.058884 -0.144266
v -0.149096 -0.033984 -0.1477
v -0.176166 -0.034555 -0.161738
v -0.171571 -0.059584 -0.158912
v -0.191675 -0.054168 -0.217069
v -0.186998 -0.050102 -0.246061
v -0.173995 -0.047078 -0.266413
v -0.158554 -0.045081 -0.281262
v -0.140336 -0.044097 -0.28879
v -0.120592 -0.043981 -0.289444
v -0.100404 -0.044148 -0.286342
v -0.081787 -0.046034 -0.277434
v -0.062999 -0.049275 -0.237564
v -0.065409 -0.051914 -0.214688
v -0.137616 -0.105435 -0.152765
v -0.140733 -0.083813 -0.143401
v -0.166325 -0.08338 -0.158949
v -0.16193 -0.104858 -0.162045
v -0.135565 -0.125276 -0.162463
v -0.114345 -0.125003 -0.170535
v -0.136133 -0.112129 -0.279305
v -0.153846 -0.11181 -0.277365
v -0.169103 -0.11325 -0.269766
v -0.191166 -0.117809 -0.232835
v -0.18909 -0.122942 -0.207263
v -0.175239 -0.127501 -0.181491
v -0.157409 -0.125685 -0.166806
v -0.084301 -0.145246 -0.244107
v -0.07892 -0.119426 -0.242913
v -0.078287 -0.122193 -0.223978
v -0.084628 -0.147906 -0.225518
v -0.10506 -0.141139 -0.272461
v -0.121783 -0.138286 -0.282898
v -0.119903 -0.114587 -0.271673
v -0.103711 -0.116908 -0.26461
v -0.140622 -0.136854 -0.286838
v -0.159204 -0.137282 -0.283559
v -0.175932 -0.137847 -0.274126
v -0.193239 -0.143613 -0.230974
v -0.18286 -0.114185 -0.25446
v -0.188573 -0.13983 -0.255813
v -0.186958 -0.149146 -0.201711
v -0.165315 -0.18032 -0.180362
v -0.163778 -0.153556 -0.180068
v -0.188589 -0.176741 -0.198941
v -0.136806 -0.270353 -0.187387
v -0.162841 -0.268535 -0.188398
v -0.158959 -0.300863 -0.192634
v -0.13656 -0.302818 -0.190943
v -0.08711 -0.174656 -0.22735
v -0.084688 -0.173131 -0.249439
v -0.103846 -0.169902 -0.281299
v -0.122969 -0.166832 -0.29105
v -0.199995 -0.200167 -0.231585
v -0.197425 -0.171539 -0.229063
v -0.193418 -0.167667 -0.255503
v -0.19602 -0.196741 -0.25724
v -0.086432 -0.264833 -0.235423
v -0.084675 -0.26483 -0.255396
v -0.082965 -0.232954 -0.255345
v -0.084646 -0.234288 -0.234
v -0.120949 -0.197543 -0.296203
v -0.10134 -0.200111 -0.286258
v -0.101922 -0.231212 -0.288023
v -0.120382 -0.2292 -0.297691
v -0.194849 -0.262887 -0.231564
v -0.198768 -0.230334 -0.232185
v -0.195486 -0.227368 -0.257523
v -0.192087 -0.261121 -0.255705
v -0.165738 -0.207883 -0.181549
v -0.190333 -0.204511 -0.201444
v -0.189543 -0.233557 -0.203995
v -0.164979 -0.23738 -0.185389
v -0.13736 -0.209535 -0.18097
v -0.137734 -0.238755 -0.183981
v -0.095015 -0.332371 -0.248857
v -0.090193 -0.297797 -0.252849
v -0.091949 -0.298904 -0.234096
v -0.096719 -0.334293 -0.232498
v -0.122032 -0.26231 -0.294993
v -0.103739 -0.263383 -0.286126
v -0.107569 -0.297195 -0.279426
v -0.123874 -0.296578 -0.28764
v -0.181439 -0.335168 -0.231133
v -0.188973 -0.298204 -0.231565
v -0.184886 -0.297 -0.253768
v -0.177969 -0.333709 -0.25081
v -0.155344 -0.336465 -0.196075
v -0.180332 -0.29912 -0.207391
v -0.174736 -0.335836 -0.209911
v -0.150849 -0.371702 -0.197607
v -0.13451 -0.372378 -0.195088
v -0.135666 -0.337669 -0.194588
v -0.102571 -0.366871 -0.230467
v -0.099196 -0.36558 -0.24486
v -0.109379 -0.365164 -0.267432
v -0.122311 -0.363806 -0.275094
v -0.123625 -0.330647 -0.280797
v -0.109484 -0.331804 -0.272932
v -0.157752 -0.333352 -0.277553
v -0.140995 -0.331335 -0.282309
v -0.138177 -0.364532 -0.276846
v -0.153138 -0.366862 -0.271928
v -0.169208 -0.367162 -0.24793
v -0.170045 -0.333301 -0.266949
v -0.163007 -0.367165 -0.261721
v -0.173877 -0.36835 -0.229367
v -0.16894 -0.370591 -0.209047
v -0.043467 0.194436 -0.306595
v -0.043801 0.176764 -0.273417
v -0.044655 0.170833 -0.284905
v -0.04611 0.192086 -0.319991
v -0.07578 0.052756 -0.170676
v -0.074234 0.081565 -0.167798
v -0.075466 -0.002771 -0.178237
v -0.076269 0.024447 -0.172888
v -0.075274 -0.029367 -0.182444
v -0.075697 -0.054088 -0.188613
v -0.075691 -0.078868 -0.194871
v -0.078713 -0.103144 -0.200128
v -0.085283 -0.126438 -0.203713
v -0.09098 -0.151735 -0.203799
v -0.09474 -0.204779 -0.207365
v -0.085599 -0.204013 -0.230568
v -0.094993 -0.177515 -0.204539
v -0.095517 -0.266078 -0.21179
v -0.094169 -0.234401 -0.209663
v -0.099045 -0.301507 -0.213161
v -0.10325 -0.336839 -0.214423
v -0.108095 -0.369157 -0.214128
v -0.109548 0.17504 -0.144239
v -0.079446 0.167598 -0.15813
v -0.084013 0.180398 -0.159542
v -0.112985 0.192262 -0.147698
v -0.044252 0.188003 -0.241136
v -0.046265 0.186467 -0.225049
v -0.04675 0.182962 -0.229159
v -0.043834 0.18513 -0.245886
v -0.187486 -0.057156 -0.184791
v -0.156924 -0.020966 -0.290431
v -0.136638 -0.020047 -0.298653
v -0.115156 -0.019734 -0.298519
v -0.089843 -0.057247 -0.165498
v -0.093129 -0.032058 -0.160622
v -0.118496 -0.032809 -0.146776
v -0.115455 -0.057566 -0.147287
v -0.13644 -0.184476 -0.17939
v -0.112806 -0.207813 -0.190699
v -0.11166 -0.181478 -0.187782
v -0.136263 -0.161674 -0.176848
v -0.164755 -0.165118 -0.288988
v -0.181644 -0.165363 -0.27645
v -0.144139 -0.195436 -0.2982
v -0.166006 -0.194421 -0.293193
v -0.144314 -0.165365 -0.293081
v -0.099846 0.020802 -0.152163
v -0.129526 0.020015 -0.141996
v -0.12382 -0.00696 -0.145493
v -0.096464 -0.005987 -0.156589
v -0.169339 0.447326 -0.094755
v -0.15374 0.465328 -0.092652
v -0.159745 0.261279 -0.025065
v -0.166249 0.287367 -0.026738
v -0.152649 0.281302 -0.034524
v -0.15012 0.258168 -0.033508
v -0.174339 0.287207 -0.015851
v -0.165674 0.262477 -0.014597
v -0.168582 0.262719 -0.000559
v -0.178317 0.284533 -0.002014
v -0.149042 0.258029 0.065173
v -0.136693 0.246068 0.07109
v -0.072978 0.250165 -0.058057
v -0.048995 0.24601 -0.057053
v -0.045239 0.253786 -0.044554
v -0.110111 0.222026 -0.118619
v -0.122215 0.218557 -0.141143
v -0.085836 0.198198 -0.14781
v -0.095816 0.206194 -0.137147
v -0.04625 0.192563 -0.186678
v -0.107522 0.507487 -0.022597
v -0.114467 0.505314 0.010983
v -0.091438 0.393426 0.189405
v -0.062037 0.409938 0.186235
v -0.086836 0.377029 0.20082
v -0.083361 0.372262 0.206438
v -0.055997 0.387571 0.204579
v -0.058533 0.393131 0.19872
v -0.035518 0.357275 0.236468
v -0.040765 0.365422 0.231549
v -0.04224 0.190144 -0.262278
v -0.043287 0.182541 -0.251711
v -0.042456 0.191049 -0.273905
v -0.054669 0.148703 -0.183641
v -0.044106 0.149829 -0.213645
v -0.046813 0.160231 -0.21123
v -0.058112 0.16127 -0.181859
v -0.228469 0.19785 -0.218339
v -0.234023 0.207345 -0.25627
v -0.122823 0.190572 -0.365934
v -0.119528 0.074536 0.038953
v -0.128285 0.067053 0.048124
v -0.133854 0.092181 0.05382
v -0.124624 0.099948 0.045001
v -0.131584 0.468226 0.114954
v -0.137507 0.479748 0.081634
v -0.084042 0.279392 0.190658
v -0.096986 0.245333 0.18652
v -0.073943 0.244508 0.174254
v -0.07788 0.253153 0.175801
v -0.098846 0.254721 0.189262
v -0.17173 0.256023 0.172469
v -0.159462 0.252629 0.182564
v -0.158517 0.269106 0.186656
v -0.170461 0.274764 0.176361
v -0.068568 0.390552 -0.355039
v -0.101681 0.388944 -0.355837
v -0.080012 0.494128 -0.109578
v -0.102448 0.492286 -0.112275
v -0.100612 0.499995 -0.08406
v -0.079384 0.502015 -0.080291
v -0.162952 0.44815 0.097689
v -0.175801 0.444026 0.077265
v -0.04175 0.213727 -0.011417
v -0.039933 0.213225 0.002203
v -0.052025 0.208495 0.005619
v -0.054948 0.207243 -0.008471
v -0.151327 0.113853 0.090806
v -0.154968 0.141731 0.087499
v -0.150123 0.140022 0.07504
v -0.146293 0.11252 0.07207
v -0.221917 0.220313 -0.299746
v -0.19531 0.212348 -0.335338
v -0.187378 0.430849 -0.055901
v -0.17621 0.455358 -0.050483
v -0.170185 0.453117 -0.072973
v -0.181812 0.429615 -0.076148
v -0.197181 0.401372 -0.002598
v -0.194186 0.415464 -0.01776
v -0.206738 0.389168 0.012371
v -0.170554 0.25665 0.082977
v -0.169544 0.256263 0.078462
v -0.157507 0.233915 0.080351
v -0.07581 0.151614 -0.158662
v -0.09114 0.196052 -0.163096
v -0.085964 0.196453 -0.160963
v -0.0422 0.191398 -0.255304
v -0.067181 0.279351 0.201294
v -0.059654 0.269761 0.189633
v -0.126664 0.19091 0.072505
v -0.123562 0.172267 0.064458
v -0.189511 0.288436 0.07274
v -0.178789 0.278867 0.068176
v -0.166746 0.260832 0.072346
v -0.176244 0.267648 0.074765
v -0.182226 0.273611 0.07832
v -0.19591 0.295848 0.07882
v -0.082645 0.242691 0.098608
v -0.08176 0.243057 0.099035
v -0.065332 0.24798 0.118974
v -0.06778 0.243232 0.117323
v -0.084224 0.240658 0.093858
v -0.080494 0.236191 0.08827
v -0.074914 0.245672 0.113008
v -0.073463 0.248668 0.117915
v -0.073837 0.269144 0.171203
v -0.060715 0.262342 0.155909
v -0.046291 0.25824 0.141438
v -0.031678 0.256644 0.131476
v -0.046607 0.371846 0.225213
v -0.049439 0.377199 0.218736
v -0.072613 0.365381 0.218927
v -0.070155 0.358167 0.226473
v -0.051057 0.264089 0.172831
v -0.037125 0.258869 0.165028
v -0.027231 0.258152 0.150788
v -0.062191 0.064253 0.114149
v -0.066792 0.085729 0.126177
v -0.073095 0.301338 0.226998
v -0.072854 0.288473 0.21462
v -0.08425 0.079724 0.131657
v -0.078924 0.057257 0.119193
v -0.066357 0.258188 0.16048
v -0.080105 0.261342 0.177249
v -0.062572 0.251905 0.158481
v -0.04973 0.259903 0.179301
v -0.035866 0.253016 0.171378
v -0.235235 0.236032 -0.245944
v -0.226567 0.227264 -0.211597
v -0.190093 0.342998 -0.097869
v -0.194554 0.370606 -0.096161
v -0.052805 0.23108 -0.07797
v -0.053751 0.22485 -0.085362
v -0.012227 0.245748 0.170864
v -0.084379 0.220293 -0.099412
v -0.058811 0.214211 -0.098746
v -0.055795 0.219948 -0.091608
v -0.081519 0.224546 -0.09361
v -0.052168 0.210052 -0.109052
v -0.051937 0.209107 -0.11172
v -0.061561 0.190902 -0.154371
v -0.048256 0.18933 -0.153551
v -0.048943 0.150977 0.123566
v -0.047411 0.163951 0.128679
v -0.052776 0.161023 0.148206
v -0.054915 0.146191 0.142789
v -0.107409 0.230897 -0.101705
v -0.129397 0.247728 -0.105008
v -0.147376 0.253674 0.055773
v -0.16089 0.26697 0.056743
v -0.043038 0.243791 -0.039889
v -0.068719 0.20374 -0.004622
v -0.066193 0.205073 0.009099
v -0.079938 0.20448 0.012716
v -0.082356 0.202302 -0.00048
v -0.041504 0.193069 -0.265093
v -0.152748 0.162641 0.151883
v -0.157388 0.174944 0.152984
v -0.161263 0.175882 0.142386
v -0.156785 0.162708 0.142563
v -0.042776 0.156227 -0.249076
v -0.0425 0.141782 -0.255294
v -0.048168 0.216974 -0.343433
v -0.040798 0.211875 -0.327516
v -0.101893 0.103342 -0.143876
v -0.105386 0.130859 -0.14232
v -0.10247 0.076727 -0.147119
v -0.101469 0.048611 -0.149106
v -0.099748 -0.127487 -0.186179
v -0.109793 -0.153631 -0.183795
v -0.114304 -0.236974 -0.193736
v -0.115104 -0.268652 -0.196713
v -0.116285 -0.302938 -0.19932
v -0.118001 -0.338603 -0.201938
v -0.11965 -0.371386 -0.201537
v -0.096269 0.051976 0.119305
v -0.104334 0.076021 0.132002
v -0.119312 0.072237 0.123873
v -0.110902 0.047567 0.113071
v -0.102919 0.133403 0.047083
v -0.085557 0.135093 0.053218
v -0.08214 0.113376 0.044437
v -0.099297 0.111187 0.039685
v -0.095193 0.087955 0.032085
v -0.109257 0.082401 0.033378
v -0.114009 0.107367 0.039812
v -0.133133 0.060236 0.061066
v -0.134461 0.054574 0.075916
v -0.141802 0.081549 0.082912
v -0.14 0.084934 0.06653
v -0.122387 0.047077 0.102695
v -0.129583 0.071393 0.111704
v -0.137957 0.074549 0.097893
v -0.131101 0.049236 0.089661
v -0.05113 0.089515 0.054836
v -0.06279 0.091821 0.042846
v -0.065931 0.114067 0.052748
v -0.054001 0.111471 0.065444
v -0.069215 0.157899 0.166116
v -0.069798 0.14159 0.158581
v -0.099489 0.221127 0.078989
v -0.076328 0.213572 0.090175
v -0.067859 0.199089 0.091156
v -0.090518 0.207069 0.083832
v -0.055448 0.113852 0.124692
v -0.055699 0.131032 0.1342
v -0.069725 0.125001 0.148802
v -0.069018 0.106161 0.137713
v -0.055309 0.132812 0.075606
v -0.067857 0.134878 0.063505
v -0.072565 0.154766 0.073575
v -0.057452 0.151947 0.083769
v -0.138921 0.117742 0.059201
v -0.142149 0.144279 0.063848
v -0.050184 0.169023 0.109084
v -0.049934 0.157538 0.103903
v -0.157068 0.257062 0.044671
v -0.190998 0.303227 0.055368
v -0.185699 0.29165 0.062948
v -0.146733 0.239325 -0.02645
v -0.144337 0.228925 -0.016667
v -0.191658 0.309361 0.001403
v -0.190834 0.302496 0.019897
v -0.15393 0.243479 -0.0196
v -0.149734 0.235076 -0.01422
v -0.114678 0.27037 -0.058242
v -0.029461 0.258485 0.142152
v -0.049806 0.137135 0.11557
v -0.050719 0.144939 0.098078
v -0.157405 0.16471 0.086812
v -0.158977 0.185861 0.087851
v -0.154131 0.189608 0.081308
v -0.152529 0.166314 0.077194
v -0.189819 0.383944 0.113995
v -0.177957 0.417165 0.107142
v -0.189008 0.415157 0.090995
v -0.199661 0.384167 0.101846
v -0.139243 0.158659 0.165102
v -0.127728 0.15202 0.169782
v -0.130104 0.166651 0.17548
v -0.142256 0.17135 0.169131
v -0.113182 0.16165 0.179375
v -0.111273 0.145322 0.171747
v -0.091112 0.140316 0.168951
v -0.091492 0.157718 0.176896
v -0.224925 0.296536 -0.287406
v -0.234298 0.278381 -0.262541
v -0.184194 0.302366 -0.141655
v -0.169074 0.28037 -0.135397
v -0.152578 0.234943 -0.147802
v -0.065215 0.179276 -0.182334
v -0.049838 0.175386 -0.210745
v -0.042381 0.120125 -0.260005
v -0.230882 0.264627 -0.233346
v -0.045767 0.091176 -0.261473
v -0.05263 0.06068 -0.260981
v -0.098396 0.060659 -0.326261
v -0.126404 0.059412 -0.329009
v -0.12273 0.091489 -0.3373
v -0.092279 0.093917 -0.33437
v -0.154818 0.058108 -0.320096
v -0.154898 0.08872 -0.329438
v -0.155005 -0.007176 -0.148057
v -0.14304 -0.227561 -0.299752
v -0.164291 -0.261382 -0.290061
v -0.165674 -0.226179 -0.293797
v -0.143216 -0.261714 -0.295987
v -0.183552 -0.226249 -0.278742
v -0.183771 -0.194589 -0.278702
v -0.18525 -0.264846 -0.204888
v -0.143045 -0.296252 -0.289585
v -0.161787 -0.29671 -0.284041
v -0.181733 -0.260403 -0.276264
v -0.176473 -0.29647 -0.271601
v -0.043434 0.165043 -0.242694
v -0.210366 0.193132 -0.183475
v -0.206705 0.21814 -0.182498
v -0.145426 0.21765 -0.152586
v -0.115491 0.204305 -0.151426
v -0.146719 0.274523 -0.099674
v -0.164274 0.296073 -0.099702
v -0.159241 0.301367 -0.077375
v -0.175856 0.321613 -0.073557
v -0.177931 0.321083 -0.086486
v -0.162504 0.299286 -0.089596
v -0.192441 0.375329 -0.064843
v -0.192104 0.40423 -0.060293
v -0.189136 0.403432 -0.078472
v -0.191427 0.374271 -0.081197
v -0.190573 0.39934 -0.095721
v -0.18342 0.424915 -0.095876
v -0.122393 0.497011 -0.058536
v -0.140397 0.486252 -0.063353
v -0.145636 0.490212 -0.036006
v -0.127501 0.500162 -0.028935
v -0.074829 0.193712 -0.158602
v -0.04484 0.1774 -0.232601
v -0.107265 0.155308 -0.142197
v -0.144829 0.182946 -0.143005
v -0.181138 0.187036 -0.156601
v -0.113766 0.189372 0.075397
v -0.185574 0.304464 0.114811
v -0.191712 0.314461 0.108605
v -0.110785 0.126315 0.160966
v -0.089877 0.122261 0.157332
v -0.059542 0.166228 0.090234
v -0.051301 0.174024 0.153157
v -0.044171 0.176219 0.131426
v -0.043067 0.188059 0.13464
v -0.174188 0.250547 -0.164021
v -0.199438 0.254709 -0.180327
v -0.175012 0.241447 -0.164646
v -0.040335 0.203436 -0.309403
v -0.088452 0.190784 -0.160968
v -0.057018 0.03087 -0.25933
v -0.060484 0.00313 -0.258958
v -0.064579 -0.022384 -0.259197
v -0.067634 -0.047395 -0.260125
v -0.071003 -0.072115 -0.261636
v -0.078366 -0.095999 -0.261623
v -0.088206 -0.118309 -0.257242
v -0.091785 -0.142877 -0.260336
v -0.083011 -0.202794 -0.253303
v -0.088698 -0.201492 -0.272208
v -0.090654 -0.171444 -0.267518
v -0.088846 -0.232418 -0.273879
v -0.091075 -0.26471 -0.27241
v -0.096188 -0.297567 -0.267633
v -0.099947 -0.331386 -0.262096
v -0.101565 -0.364795 -0.257425
v -0.041135 0.196613 -0.276699
v -0.04109 0.199384 -0.291954
v -0.072518 0.261712 0.162183
v -0.164625 0.268017 0.0663
v -0.153786 0.254491 0.07035
v -0.061005 0.17725 0.094613
v -0.139713 0.094461 0.119415
v -0.129227 0.09647 0.133204
v -0.07691 0.17157 0.083629
v -0.119617 0.229207 0.075472
v -0.10871 0.215969 0.080365
v -0.008543 -0.103222 0.051854
v -0.021064 -0.110534 0.056797
v -0.010993 -0.125719 0.047143
v 6.9e-05 -0.118038 0.041598
v -0.000648 -0.095184 0.042315
v 0.006406 -0.110358 0.032171
v -0.027515 -0.083733 -0.017577
v -0.015554 -0.079381 -0.009279
v -0.010994 -0.09803 -0.014054
v -0.022469 -0.102327 -0.021805
v 0.014216 -0.119302 0.011666
v 0.01084 -0.114981 0.000218
v 0.005479 -0.098329 0.007565
v 0.008265 -0.103495 0.020412
v -0.053689 -0.098997 -0.014964
v -0.062088 -0.106292 -0.005007
v -0.06927 -0.088049 -0.003335
v -0.059602 -0.08078 -0.013083
v -0.044518 -0.00828 0.010657
v -0.055376 -0.012839 -0.000388
v -0.055935 0.002408 0.006372
v -0.045075 0.00497 0.017475
v -0.027657 -0.072939 0.07269
v -0.042285 -0.079039 0.074531
v -0.031452 -0.094794 0.066104
v -0.017255 -0.087771 0.06232
v -0.012867 -0.048486 0.033481
v -0.017877 -0.043158 0.0181
v -0.026012 -0.026797 0.028131
v -0.023041 -0.032728 0.043771
v -0.03936 -0.058389 0.08115
v -0.053877 -0.063183 0.080541
v 0.000227 -0.081936 0.015916
v -0.006382 -0.078603 0.002335
v -0.011598 -0.060906 0.009853
v -0.005789 -0.065158 0.024585
v -0.038348 -0.134412 -0.018883
v -0.044386 -0.141114 -0.008913
v -0.053813 -0.124157 -0.006864
v -0.04636 -0.11711 -0.01667
v 0.003742 -0.114335 -0.009718
v -0.005627 -0.116151 -0.018847
v -0.001351 -0.096556 -0.004143
v -0.024476 -0.151073 0.035554
v -0.012587 -0.146799 0.038773
v -0.023914 -0.131376 0.047284
v -0.03693 -0.135598 0.043061
v -0.036802 -0.045481 -0.006287
v -0.026372 -0.042395 0.004573
v -0.020588 -0.06087 -0.003194
v -0.032253 -0.064802 -0.012557
v -0.015979 -0.064246 0.063579
v -0.008028 -0.079661 0.052603
v -0.049329 -0.118592 0.049282
v -0.035239 -0.115944 0.055567
v -0.046322 -0.099416 0.062809
v -0.059502 -0.101755 0.054655
v -0.079054 -0.084117 0.044372
v -0.081917 -0.079236 0.02747
v -0.073043 -0.098188 0.025865
v -0.068953 -0.101671 0.041664
v -0.04111 -0.025919 0.001776
v -0.053409 -0.031459 -0.007699
v -0.064506 -0.061041 -0.011019
v -0.075177 -0.068868 -0.00167
v -0.080392 -0.049124 -2.5e-05
v -0.068318 -0.040542 -0.008927
v -0.040921 -0.014683 0.07362
v -0.050144 -0.021755 0.085026
v -0.040655 -0.033032 0.080392
v -0.033803 -0.024653 0.068062
v -0.052176 -0.042885 0.087162
v -0.062588 -0.030099 0.090605
v -0.08866 -0.013631 0.090693
v -0.100054 -0.014186 0.08267
v -0.094936 -0.023762 0.07894
v -0.083737 -0.023379 0.087971
v -0.098335 -0.048996 0.044852
v -0.097103 -0.041489 0.028393
v -0.090046 -0.060421 0.028031
v -0.089326 -0.066572 0.045148
v -0.096783 -0.019118 0.013936
v -0.086015 -0.013082 0.002498
v -0.084467 -0.029896 0.000494
v -0.093512 -0.036037 0.013421
v -0.102041 0.03903 0.023978
v -0.089479 0.045085 0.020437
v -0.086585 0.029039 0.015496
v -0.099097 0.02279 0.019857
v -0.05777 0.038076 0.02206
v -0.059257 0.052507 0.026879
v -0.046238 0.051362 0.037021
v -0.044802 0.037457 0.031565
v -0.054066 0.021519 0.09305
v -0.069648 0.014795 0.100035
v -0.065572 0.003802 0.095731
v -0.050875 0.010432 0.08744
v -0.104775 -0.033554 0.044928
v -0.103332 -0.023361 0.029216
v -0.056182 0.026492 0.017193
v -0.044266 0.025957 0.027177
v -0.044653 0.015261 0.022631
v -0.05603 0.014313 0.012163
v -0.03584 0.016683 0.055717
v -0.04027 0.008987 0.070684
v -0.038289 0.00108 0.06527
v -0.035658 0.007765 0.050083
v -0.048904 0.001611 0.083601
v -0.061235 -0.004868 0.092497
v -0.055535 -0.014065 0.089052
v -0.044405 -0.006677 0.078921
v -0.109474 -0.023522 0.046702
v -0.104255 -0.026012 0.057622
v -0.109062 -0.017976 0.058245
v -0.113234 -0.014995 0.04707
v -0.097016 -0.004557 0.014537
v -0.085599 0.001385 0.005712
v -0.036457 -0.000196 0.043804
v -0.037983 0.003067 0.030265
v -0.037634 0.012384 0.035853
v -0.069459 -0.020383 0.092817
v -0.111939 0.03252 0.030141
v -0.12033 0.025697 0.039013
v -0.123273 0.043658 0.042774
v -0.115103 0.05047 0.033692
v -0.104851 0.057064 0.027758
v -0.091556 0.063091 0.02485
v -0.060165 0.070248 0.032932
v -0.047845 0.068463 0.044775
v -0.040694 0.063563 0.059844
v -0.039394 0.058057 0.076116
v -0.036396 0.039545 0.067242
v -0.038291 0.046676 0.050421
v -0.057278 0.042106 0.102577
v -0.073745 0.034647 0.108477
v -0.084307 0.010487 0.101286
v -0.089881 0.028293 0.108784
v -0.07129 0.021854 0.011011
v -0.072646 0.034643 0.01655
v -0.058673 -0.119045 0.03781
v -0.063687 -0.116051 0.02349
v -0.053405 -0.133404 0.020019
v -0.046914 -0.136273 0.033231
v -0.045288 -0.146258 0.003355
v -0.055758 -0.129232 0.005888
v 0.002073 -0.087971 0.02995
v -0.003939 -0.071889 0.039329
v 0.013495 -0.125331 0.022823
v -0.037218 -0.006717 0.058662
v -0.032635 -0.017491 0.052191
v -0.107265 -0.011714 0.071333
v -0.104347 -0.003458 0.085488
v -0.112935 -0.001588 0.074438
v -0.098814 -0.036773 0.059208
v -0.090592 -0.051532 0.061482
v -0.077351 -0.04933 0.073845
v -0.089051 -0.033198 0.07257
v -0.116293 -0.00596 0.047422
v -0.113813 -0.00952 0.059621
v -0.11878 0.000987 0.062292
v -0.120311 0.005104 0.049298
v -0.041848 0.030587 0.081877
v -0.040722 0.018319 0.075056
v -0.116008 0.025052 0.094143
v -0.109552 0.009399 0.089246
v -0.097951 0.008509 0.097147
v -0.103749 0.024189 0.102888
v -0.09287 -0.00352 0.09329
v -0.124437 0.027607 0.08289
v -0.118768 0.011149 0.078652
v -0.04482 0.050596 0.09124
v -0.123917 0.019517 0.052419
v -0.123491 0.01458 0.065923
v -0.128332 0.03162 0.069892
v -0.128108 0.037231 0.055826
v -0.065309 -0.111678 0.008489
v -0.073463 -0.093464 0.010567
v -0.07102 -0.004837 -0.000724
v -0.070461 -0.02114 -0.005294
v -0.071216 0.009067 0.004753
v -0.041432 -0.09107 -0.020401
v -0.035459 -0.109314 -0.023177
v -0.050555 -0.05214 -0.012899
v -0.046266 -0.071884 -0.01706
v -0.070124 -0.084593 0.058701
v -0.106889 0.003625 0.025236
v -0.097804 0.009061 0.016011
v -0.106081 -0.009135 0.025403
v -0.076105 0.068653 0.026432
v -0.074414 0.050171 0.021368
v -0.11012 -0.019448 0.037105
v -0.077704 0.09131 0.034885
v -0.077177 -0.033972 0.086006
v -0.074917 -0.010414 0.094777
v -0.079567 -0.001013 0.097613
v -0.000725 -0.140417 0.03772
v -0.011526 -0.055589 0.049405
v -0.033269 -0.012173 0.037882
v -0.036977 -0.008501 0.023371
v -0.114179 -0.001513 0.035014
v -0.116573 0.010578 0.036419
v -0.108836 0.016864 0.026725
v -0.035136 0.026512 0.060544
v -0.036864 0.033323 0.045047
v -0.028904 -0.127085 -0.02557
v -0.037414 0.022676 0.040801
v -0.066309 -0.047183 0.084075
v -0.060123 0.40045 0.192171
v -0.187047 0.316078 -0.013962
v -0.139744 0.293299 -0.04004
v -0.156221 0.306489 -0.034153
v -0.180059 0.288582 0.05002
v -0.172333 0.279353 0.059804
v -0.138109 0.236844 0.073385
v -0.126136 0.223073 0.077002
v -0.179423 0.281382 0.014278
v -0.069613 0.17445 0.328864
v -0.070153 0.182309 0.327621
v -0.068274 0.16227 0.335477
v -0.048523 0.211045 -0.104816
v -0.071483 0.180455 0.309784
v -0.07216 0.188479 0.307332
v -0.075082 0.183333 0.308131
v -0.0702 0.178744 0.309156
v -0.06993 0.177558 0.309291
v -0.067495 0.15528 0.328021
v -0.070657 0.190326 0.323344
v -0.070838 0.19792 0.316567
v -0.069416 0.164018 0.315174
v -0.091211 0.469346 -0.201135
v -0.064499 0.47073 -0.19999
v -0.066798 0.463445 -0.230872
v -0.095973 0.461141 -0.231449
v -0.070032 0.454406 -0.260219
v -0.199913 0.396979 -0.269879
v -0.216521 0.38174 -0.250214
v -0.210141 0.395404 -0.230448
v -0.194735 0.412675 -0.246702
v -0.214131 0.384639 -0.200197
v -0.203978 0.405759 -0.211807
v -0.220186 0.374936 -0.214132
v -0.224874 0.350047 -0.200207
v -0.219291 0.360032 -0.187706
v -0.221522 0.325902 -0.188894
v -0.21659 0.335017 -0.176631
v -0.212508 0.303815 -0.177667
v -0.198245 0.281852 -0.166318
v -0.178118 0.253156 -0.160984
v -0.155405 0.239878 -0.14475
v -0.178696 0.260668 -0.154803
v -0.104054 0.209317 -0.130207
v -0.129856 0.222873 -0.136474
v -0.057455 0.19421 -0.124447
v -0.080083 0.199678 -0.126921
v -0.07039 0.254275 0.138781
v -0.106663 0.30731 0.221622
v -0.116019 0.299117 0.217967
v -0.108789 0.284702 0.213637
v -0.165359 0.297814 0.182472
v -0.155402 0.289304 0.192787
v -0.151947 0.312996 0.197356
v -0.157055 0.32114 0.188171
v -0.104592 0.322759 0.221772
v -0.096807 0.327817 0.223547
v -0.115453 0.317104 0.218133
v -0.095874 0.352289 0.214168
v -0.108467 0.334915 0.216412
v -0.119932 0.247612 0.192682
v -0.141468 0.250524 0.189962
v -0.139191 0.238429 0.187921
v -0.116902 0.235716 0.189935
v -0.178709 0.261348 0.16051
v -0.181885 0.269833 0.149381
v -0.183191 0.251928 0.147304
v -0.179004 0.245622 0.159149
v -0.099574 0.197682 0.186435
v -0.124438 0.202647 0.186861
v -0.119253 0.189754 0.186055
v -0.095714 0.185382 0.184682
v -0.171478 0.24067 0.171887
v -0.153104 0.439536 0.120543
v -0.168794 0.410341 0.123687
v -0.182632 0.381889 0.126012
v -0.182813 0.292536 0.119368
v -0.185659 0.319122 0.124838
v -0.191557 0.330271 0.1183
v -0.180932 0.2706 0.113358
v -0.178792 0.253666 0.109442
v -0.049914 0.192447 0.111009
v -0.051902 0.205847 0.112877
v -0.044818 0.201362 0.138846
v -0.171078 0.220281 0.103279
v -0.17323 0.238939 0.102325
v -0.171092 0.243582 0.098224
v -0.169327 0.223378 0.099206
v -0.120404 0.258208 0.197334
v -0.138198 0.192974 0.179678
v -0.143444 0.20562 0.180447
v -0.157458 0.207683 0.173384
v -0.151077 0.196546 0.173465
v -0.161629 0.198208 0.162537
v -0.168259 0.209385 0.161994
v -0.174977 0.212776 0.149785
v -0.168936 0.200955 0.150891
v -0.170835 0.216478 0.108267
v -0.176325 0.232778 0.108584
v -0.070436 0.171838 0.171583
v -0.08687 0.223131 0.183136
v -0.063773 0.224934 0.170551
v -0.069831 0.236073 0.173332
v -0.092942 0.235143 0.184711
v -0.132691 0.210053 0.07821
v -0.120466 0.20689 0.079562
v -0.143573 0.212574 0.077844
v -0.170754 0.254535 0.089262
v -0.151499 0.21296 0.080455
v -0.063382 0.187835 0.094029
v -0.050278 0.180394 0.110181
v -0.051922 0.22683 0.150648
v -0.055829 0.236697 0.155223
v -0.094923 0.172414 0.182483
v -0.117419 0.175818 0.18394
v -0.166927 0.200689 0.10498
v -0.165905 0.202714 0.100468
v -0.163044 0.184069 0.100387
v -0.178617 0.272686 0.095084
v -0.170634 0.2468 0.094682
v -0.112439 0.223137 0.188378
v -0.134554 0.180659 0.178349
v -0.146938 0.184286 0.171423
v -0.173875 0.220605 0.16049
v -0.164014 0.218864 0.172593
v -0.168894 0.229361 0.171532
v -0.177709 0.232192 0.159374
v -0.162314 0.1883 0.152004
v -0.165862 0.190109 0.140454
v -0.18179 0.236821 0.14728
v -0.179235 0.224412 0.148162
v -0.16627 0.198814 0.110021
v -0.06035 0.245051 0.158158
v -0.056297 0.243692 0.139382
v -0.056119 0.249481 0.140107
v -0.052403 0.22707 0.128693
v -0.054259 0.236222 0.135544
v -0.052542 0.216901 0.119121
v -0.064382 0.253386 0.140967
v -0.112384 -0.011742 0.035517
v -0.161858 0.183795 0.094924
v -0.160189 0.166323 0.094611
v -0.16051 0.169303 0.099909
v -0.147013 0.100321 0.105681
v 0.001568 0.181796 0.171713
v 0.003811 0.176043 0.17203
v 0.009178 0.160213 0.18216
v 0.009896 0.158059 0.184957
v -0.102237 -0.020345 0.068851
v -0.09865 -0.026725 0.066259
v -0.080469 -0.068005 0.061536
v -0.057053 -0.082596 0.068872
v -0.067472 -0.065909 0.072433
v -0.027171 -0.049573 0.073922
v -0.021688 -0.039563 0.059634
v -0.032866 -0.024391 0.014131
v -0.087619 -0.055068 0.012604
v 0.028144 -0.160738 0.014256
v 0.021084 -0.168671 0.020537
v 0.032849 -0.182578 0.011735
v 0.03843 -0.174728 0.004909
v 0.048361 -0.188766 -0.003972
v 0.047468 -0.182808 -0.012763
v 0.039353 -0.168605 -0.003995
v 0.04232 -0.179303 -0.020907
v 0.035782 -0.164523 -0.013131
v 0.034742 -0.178452 -0.02753
v 0.026686 -0.180395 -0.031981
v 0.021479 -0.164817 -0.026631
v 0.029064 -0.163366 -0.020752
v 0.006544 -0.151077 -0.026572
v 0.012712 -0.168287 -0.030497
v 0.003615 -0.172898 -0.032668
v -0.00353 -0.155458 -0.031065
v -0.002192 -0.201796 -0.026907
v -0.003617 -0.207237 -0.019333
v -0.013201 -0.191283 -0.01628
v -0.010915 -0.18537 -0.024818
v -0.017417 -0.182034 0.006642
v -0.022624 -0.179187 -0.003448
v -0.010866 -0.195488 -0.006707
v -0.00484 -0.197812 0.00259
v 0.005989 -0.213199 -0.00035
v 0.014961 -0.213322 0.005842
v 0.00304 -0.198396 0.010255
v 0.008216 -0.132585 0.031803
v 0.017655 -0.146924 0.023053
v 0.021765 -0.139838 0.013812
v 0.023248 -0.147417 -0.014164
v 0.016858 -0.131543 -0.006727
v 0.021215 -0.134467 0.003352
v 0.028697 -0.149723 -0.00495
v -0.016925 -0.120321 -0.025178
v 0.000118 -0.133749 -0.022754
v -0.010275 -0.137943 -0.028155
v 0.015654 -0.148318 -0.021049
v 0.009418 -0.131523 -0.01532
v -0.013222 -0.161457 -0.030179
v -0.00507 -0.17876 -0.030914
v 0.011725 -0.1763 0.022778
v 0.001146 -0.181091 0.02103
v 0.013538 -0.195887 0.014563
v 0.023874 -0.190507 0.015279
v -0.021217 -0.14439 -0.02787
v -0.011745 -0.166125 0.027881
v -0.000516 -0.161654 0.0308
v -0.009104 -0.183057 0.015323
v -0.0219 -0.167673 0.021081
v 0.035441 -0.203857 0.007668
v 0.043669 -0.196053 0.003021
v 0.009958 -0.154852 0.028786
v -0.020701 -0.16832 -0.02344
v -0.023877 -0.174706 -0.013921
v -0.034298 -0.157848 -0.011554
v -0.029442 -0.151285 -0.021188
v -0.041455 -0.149951 0.01576
v -0.033614 -0.162965 -0.000292
v -0.029133 -0.16621 0.011069
v -0.000185 -0.210884 -0.009899
v -0.034763 -0.152033 0.027361
v 0.063719 -0.246581 -0.068844
v 0.059144 -0.237683 -0.067804
v 0.068303 -0.236046 -0.07308
v 0.072042 -0.245 -0.073629
v 0.062611 -0.214152 -0.072178
v 0.066787 -0.205424 -0.065382
v 0.07736 -0.209863 -0.070668
v 0.073927 -0.216916 -0.07612
v 0.080555 -0.243969 -0.074858
v 0.076571 -0.235223 -0.0753
v 0.085815 -0.241959 -0.071386
v 0.091006 -0.250939 -0.069354
v 0.085499 -0.251063 -0.074732
v 0.094444 -0.257816 -0.070193
v 0.091095 -0.252049 -0.05656
v 0.094108 -0.26196 -0.061534
v 0.074091 -0.264886 -0.041657
v 0.064673 -0.268955 -0.03912
v 0.069839 -0.278282 -0.048669
v 0.079096 -0.273082 -0.051986
v 0.049331 -0.280392 -0.047879
v 0.060007 -0.280324 -0.048625
v 0.055626 -0.270287 -0.03853
v 0.046172 -0.270536 -0.038503
v 0.05048 -0.249786 -0.062084
v 0.045005 -0.241635 -0.059423
v 0.050727 -0.239953 -0.062093
v 0.055742 -0.24821 -0.063876
v 0.092494 -0.236625 -0.070066
v 0.089805 -0.239246 -0.059391
v 0.089769 -0.24282 -0.065205
v 0.09083 -0.237159 -0.073618
v 0.02243 -0.225908 -0.054032
v 0.019178 -0.21644 -0.047435
v 0.026672 -0.212041 -0.048227
v 0.028461 -0.221571 -0.054139
v 0.049498 -0.201242 -0.054606
v 0.042642 -0.20157 -0.048739
v 0.052124 -0.196198 -0.038074
v 0.058624 -0.198823 -0.043403
v 0.057143 -0.202748 -0.05992
v 0.064936 -0.20129 -0.048413
v 0.072731 -0.205093 -0.055043
v 0.082237 -0.209843 -0.063066
v 0.010847 -0.222544 -0.043384
v 0.0112 -0.229947 -0.048555
v 0.106929 -0.284828 -0.104697
v 0.102507 -0.287368 -0.106449
v 0.100821 -0.284077 -0.102689
v 0.105262 -0.281335 -0.100957
v 0.010899 -0.240595 -0.031487
v 0.017508 -0.243963 -0.024356
v 0.013635 -0.238288 -0.021595
v 0.008358 -0.234016 -0.029552
v 0.013279 -0.248766 -0.035013
v 0.021723 -0.251363 -0.028133
v 0.113286 -0.291593 -0.0967
v 0.113061 -0.287325 -0.099182
v 0.111094 -0.284377 -0.094781
v 0.110863 -0.288892 -0.092055
v 0.077032 -0.252176 -0.075581
v 0.068478 -0.253836 -0.071836
v 0.083376 -0.265307 -0.082839
v 0.0744 -0.260703 -0.076902
v 0.082958 -0.257129 -0.078577
v 0.088543 -0.261958 -0.081273
v 0.056013 -0.265977 -0.070367
v 0.05158 -0.258526 -0.065087
v 0.059001 -0.257876 -0.067432
v 0.063633 -0.265171 -0.072931
v 0.039421 -0.260815 -0.067037
v 0.043366 -0.268567 -0.071306
v 0.036727 -0.269852 -0.072764
v 0.033811 -0.262658 -0.068922
v 0.056815 -0.2804 -0.079819
v 0.061236 -0.286994 -0.083407
v 0.056136 -0.288669 -0.082757
v 0.051511 -0.282171 -0.079808
v 0.010128 -0.23286 -0.018502
v 0.005746 -0.227882 -0.026504
v 0.029046 -0.278923 -0.050152
v 0.020016 -0.275405 -0.053744
v 0.02119 -0.283078 -0.060725
v 0.0301 -0.28642 -0.056845
v 0.026911 -0.245265 -0.019018
v 0.022841 -0.239708 -0.015041
v 0.110571 -0.296404 -0.095655
v 0.108187 -0.293683 -0.090858
v 0.075905 -0.211319 -0.045708
v 0.085326 -0.215631 -0.055574
v 0.068369 -0.207339 -0.038034
v 0.063456 -0.203998 -0.032587
v 0.059381 -0.199824 -0.027029
v 0.072987 -0.266362 -0.078539
v 0.060581 -0.253629 -0.067245
v 0.046166 -0.250407 -0.061401
v 0.018713 -0.258464 -0.065351
v 0.015486 -0.252664 -0.061261
v 0.024642 -0.250278 -0.063929
v 0.025823 -0.256929 -0.066459
v 0.015298 -0.271198 -0.060359
v 0.017213 -0.268116 -0.066552
v 0.019772 -0.27511 -0.071361
v 0.017386 -0.278578 -0.066447
v 0.09554 -0.234533 -0.067356
v 0.090285 -0.233179 -0.056548
v 0.007479 -0.235839 -0.040019
v 0.007065 -0.228622 -0.036945
v 0.006567 -0.221999 -0.033207
v 0.035957 -0.231552 -0.057088
v 0.032294 -0.218789 -0.054458
v 0.036916 -0.216039 -0.05689
v 0.039876 -0.230426 -0.058219
v 0.054133 -0.226447 -0.068604
v 0.051736 -0.213181 -0.06695
v 0.064394 -0.225988 -0.074033
v 0.032971 -0.207483 -0.048672
v 0.024884 -0.204647 -0.042412
v 0.032633 -0.200296 -0.042105
v 0.017028 -0.210249 -0.041238
v 0.010224 -0.216289 -0.037986
v 0.022427 -0.196481 -0.037897
v 0.030546 -0.192372 -0.036694
v 0.014382 -0.202253 -0.03705
v 0.00823 -0.208595 -0.033379
v 0.013582 -0.225698 -0.003953
v 0.005765 -0.223782 -0.012827
v 0.018541 -0.234063 -0.010102
v 0.047935 -0.19058 -0.028694
v 0.041805 -0.196882 -0.040258
v 0.0392 -0.190142 -0.033992
v 0.054609 -0.19393 -0.019883
v 0.081144 -0.219476 -0.078604
v 0.08692 -0.22246 -0.082818
v 0.08596 -0.228838 -0.082795
v 0.081017 -0.227185 -0.078463
v 0.097011 -0.263867 -0.072646
v 0.094237 -0.260969 -0.078306
v 0.090372 -0.256082 -0.07608
v 0.021343 -0.23541 -0.057715
v 0.011368 -0.238567 -0.052982
v 0.080245 -0.269298 -0.083706
v 0.108048 -0.285195 -0.086793
v 0.10847 -0.280535 -0.089961
v 0.103445 -0.273111 -0.082044
v 0.103252 -0.278172 -0.078477
v 0.082507 -0.277008 -0.086042
v 0.084576 -0.272035 -0.086889
v 0.088232 -0.276067 -0.091776
v 0.087162 -0.281594 -0.089913
v 0.048514 -0.288851 -0.08243
v 0.044738 -0.283637 -0.080088
v 0.082349 -0.280098 -0.06472
v 0.091442 -0.27458 -0.062624
v 0.088556 -0.26781 -0.054007
v 0.049259 -0.267336 -0.070393
v 0.052937 -0.274071 -0.075338
v 0.047339 -0.275725 -0.075806
v 0.072564 -0.269437 -0.079739
v 0.077166 -0.272063 -0.083237
v 0.071517 -0.274124 -0.080928
v 0.067223 -0.269976 -0.077199
v 0.018274 -0.266517 -0.046092
v 0.012054 -0.261503 -0.055154
v 0.110693 -0.285014 -0.101932
v 0.109028 -0.281718 -0.097952
v 0.002658 -0.219397 -0.022548
v 0.004294 -0.214129 -0.029127
v 0.045501 -0.259364 -0.065393
v 0.083519 -0.259057 -0.045822
v 0.041252 -0.250926 -0.061872
v 0.044958 -0.292507 -0.066379
v 0.039418 -0.291526 -0.071289
v 0.043701 -0.295115 -0.075702
v 0.04757 -0.297587 -0.070811
v 0.093107 -0.289091 -0.095768
v 0.094382 -0.283806 -0.098334
v 0.097427 -0.288617 -0.102228
v 0.096362 -0.293571 -0.099595
v 0.0877 -0.268286 -0.085972
v 0.092331 -0.265769 -0.084119
v 0.096279 -0.270105 -0.089226
v 0.091616 -0.272312 -0.091369
v 0.096844 -0.26562 -0.080888
v 0.100728 -0.270329 -0.08586
v 0.094901 -0.293563 -0.091372
v 0.099771 -0.293657 -0.087057
v 0.093957 -0.287252 -0.079239
v 0.089473 -0.286483 -0.085211
v 0.042644 -0.260297 -0.030194
v 0.033669 -0.260624 -0.031478
v 0.036303 -0.270647 -0.040044
v 0.038634 -0.28024 -0.04891
v 0.04057 -0.287067 -0.059475
v 0.051988 -0.288209 -0.057425
v 0.027759 -0.26958 -0.041896
v 0.081057 -0.282896 -0.077832
v 0.087564 -0.282229 -0.073883
v 0.081867 -0.285655 -0.072373
v 0.034091 -0.252282 -0.063574
v 0.10642 -0.277782 -0.093454
v 0.061493 -0.220932 -0.017146
v 0.054065 -0.229204 -0.012259
v 0.057821 -0.237216 -0.018331
v 0.06586 -0.226784 -0.023144
v 0.097791 -0.279952 -0.098449
v 0.102358 -0.277356 -0.096974
v 0.039201 -0.286108 -0.080338
v 0.04354 -0.290633 -0.081828
v 0.04125 -0.293275 -0.080556
v 0.037184 -0.290084 -0.078904
v 0.025486 -0.260137 -0.033791
v 0.022103 -0.288846 -0.06666
v 0.030164 -0.291935 -0.061903
v 0.030521 -0.251882 -0.02411
v 0.039718 -0.251148 -0.02242
v 0.037271 -0.244054 -0.016067
v 0.064068 -0.288487 -0.061736
v 0.051218 -0.259825 -0.030025
v 0.047884 -0.25022 -0.022351
v 0.046179 -0.241461 -0.015823
v 0.043784 -0.234734 -0.010557
v 0.034284 -0.238116 -0.011156
v 0.10512 -0.290265 -0.085434
v 0.103146 -0.297136 -0.092214
v 0.030281 -0.231739 -0.005737
v 0.024307 -0.224285 0.001186
v 0.034342 -0.219838 0.001743
v 0.040032 -0.227988 -0.00495
v 0.056382 -0.248107 -0.02342
v 0.064321 -0.244587 -0.025741
v 0.059546 -0.258423 -0.030924
v 0.068463 -0.255214 -0.0335
v 0.074113 -0.285594 -0.059297
v 0.105297 -0.305002 -0.105668
v 0.101396 -0.300194 -0.100052
v 0.098855 -0.297498 -0.103478
v 0.102823 -0.302931 -0.108643
v 0.098419 -0.296989 -0.095783
v 0.105821 -0.3 -0.096817
v 0.077892 -0.248936 -0.038262
v 0.076209 -0.278892 -0.083862
v 0.073694 -0.234694 -0.031668
v 0.086863 -0.24399 -0.047381
v 0.084488 -0.233531 -0.04379
v 0.069385 -0.215979 -0.029351
v 0.076121 -0.21997 -0.037045
v 0.060954 -0.206872 -0.018271
v 0.064599 -0.211628 -0.023863
v 0.056178 -0.199923 -0.011383
v 0.085546 -0.223409 -0.048095
v 0.109132 -0.289637 -0.110444
v 0.104654 -0.292647 -0.111688
v 0.057591 -0.215163 -0.011619
v 0.052452 -0.207184 -0.004934
v 0.074125 -0.226583 -0.076998
v 0.031498 -0.243144 -0.060427
v 0.037026 -0.242495 -0.059257
v 0.012956 -0.246478 -0.057412
v 0.023026 -0.243619 -0.06132
v 0.044552 -0.214307 7.5e-05
v 0.018246 -0.184248 -0.034412
v 0.009914 -0.189421 -0.034364
v 0.025394 -0.209536 0.008125
v 0.113172 -0.289746 -0.10804
v 0.063324 -0.292015 -0.081126
v 0.061243 -0.292565 -0.079905
v 0.084518 -0.213571 -0.075299
v 0.090421 -0.218517 -0.079994
v 0.096977 -0.223484 -0.07158
v 0.094054 -0.219542 -0.076117
v 0.088778 -0.214049 -0.06955
v 0.092037 -0.218934 -0.063536
v 0.032621 -0.232727 -0.057063
v 0.028224 -0.234441 -0.057621
v 0.015885 -0.257508 -0.039799
v 0.009724 -0.252896 -0.048558
v 0.099425 -0.268382 -0.076389
v 0.096436 -0.268421 -0.066736
v 0.098681 -0.273021 -0.072239
v 0.099739 -0.283727 -0.076886
v 0.080595 -0.281533 -0.081994
v 0.084915 -0.281771 -0.08193
v 0.043476 -0.214037 -0.061307
v 0.045801 -0.228576 -0.062312
v 0.082576 -0.234397 -0.0759
v 0.08741 -0.234876 -0.077832
v 0.059717 -0.271678 -0.075366
v 0.070531 -0.294134 -0.06958
v 0.077903 -0.291011 -0.067189
v 0.063805 -0.277133 -0.079348
v 0.116142 -0.296191 -0.103243
v 0.115819 -0.292026 -0.105699
v 0.094728 -0.278993 -0.06993
v 0.040358 -0.277096 -0.076649
v 0.062007 -0.292813 -0.069924
v 0.066495 -0.29403 -0.075425
v 0.019424 -0.283631 -0.070438
v 0.05013 -0.222656 -0.006736
v 0.099046 -0.292375 -0.106092
v 0.101663 -0.29781 -0.111227
v 0.10892 -0.304056 -0.103175
v 0.113245 -0.300684 -0.10203
v 0.008233 -0.244453 -0.043692
v 0.041116 -0.242134 -0.058939
v 0.002539 -0.19572 -0.031769
v 0.092245 -0.225946 -0.058276
v 0.097745 -0.229474 -0.068045
v 0.067681 -0.282168 -0.083093
v 0.036655 -0.291418 -0.065232
v 0.053745 -0.293983 -0.063767
v 0.055236 -0.29858 -0.068112
v 0.061904 -0.296815 -0.071488
v 0.062787 -0.295692 -0.077014
v 0.111425 -0.307843 -0.107724
v 0.115731 -0.304603 -0.106844
v 0.118769 -0.300445 -0.108135
v 0.118062 -0.296078 -0.110372
v 0.115046 -0.293542 -0.112218
v 0.108108 -0.30858 -0.109972
v 0.105611 -0.306368 -0.112501
v 0.104355 -0.301369 -0.114657
v 0.110036 -0.311672 -0.113894
v 0.113931 -0.311764 -0.112421
v 0.12329 -0.306956 -0.118176
v 0.121367 -0.304998 -0.113135
v 0.121181 -0.308569 -0.11477
v 0.122657 -0.310227 -0.11756
v 0.124091 -0.312689 -0.121131
v 0.124269 -0.309637 -0.122441
v 0.119117 -0.310203 -0.113931
v 0.120505 -0.313121 -0.11679
v 0.117104 -0.314865 -0.117082
v 0.118589 -0.317722 -0.120157
v 0.121948 -0.316104 -0.11998
v 0.116685 -0.312338 -0.114458
v 0.117946 -0.307866 -0.111349
v 0.124225 -0.313222 -0.125125
v 0.124631 -0.314774 -0.123325
v 0.123039 -0.318002 -0.123205
v 0.122212 -0.317447 -0.125916
v 0.12019 -0.299659 -0.114851
v 0.1219 -0.303756 -0.119779
v 0.122538 -0.307638 -0.124004
v 0.122299 -0.31159 -0.126771
v 0.119147 -0.302467 -0.121652
v 0.119897 -0.307027 -0.125341
v 0.11965 -0.310624 -0.127426
v 0.115599 -0.303092 -0.123166
v 0.11716 -0.307782 -0.126117
v 0.112956 -0.2972 -0.117775
v 0.11711 -0.297144 -0.116283
v 0.117769 -0.310436 -0.127169
v 0.120192 -0.31576 -0.127374
v 0.114229 -0.315236 -0.117294
v 0.11587 -0.317941 -0.121096
v 0.111853 -0.314818 -0.118527
v 0.113863 -0.317305 -0.122542
v 0.118314 -0.319553 -0.123986
v 0.119907 -0.319613 -0.122247
v 0.110818 -0.293372 -0.114145
v 0.10658 -0.296592 -0.115063
v 0.108809 -0.300163 -0.118767
v 0.111624 -0.305683 -0.123968
v 0.106604 -0.304706 -0.117879
v 0.107636 -0.309455 -0.116111
v 0.110072 -0.313008 -0.120142
v 0.109331 -0.309647 -0.122347
v 0.11254 -0.315402 -0.124094
v 0.112485 -0.312834 -0.125561
v 0.114487 -0.309954 -0.126553
v 0.115191 -0.315957 -0.126647
v 0.116667 -0.318063 -0.125791
v 0.117997 -0.313938 -0.127741
v 0.114589 -0.313997 -0.126828
v 0.116307 -0.312252 -0.127366
v 0.087361 -0.307572 -0.106236
v 0.082514 -0.309714 -0.107054
v 0.080765 -0.30502 -0.101747
v 0.085548 -0.302795 -0.101174
v 0.09524 -0.311734 -0.097132
v 0.094445 -0.308162 -0.101384
v 0.093023 -0.304033 -0.096072
v 0.093383 -0.307819 -0.09177
v 0.090999 -0.315812 -0.094889
v 0.088861 -0.312174 -0.089471
v 0.091042 -0.302754 -0.086056
v 0.090539 -0.298996 -0.090618
v 0.084425 -0.289597 -0.082841
v 0.085961 -0.292954 -0.077903
v 0.067363 -0.29251 -0.088115
v 0.067035 -0.296676 -0.085758
v 0.09148 -0.306976 -0.10458
v 0.089789 -0.30251 -0.099399
v 0.073134 -0.306077 -0.093475
v 0.074044 -0.302413 -0.096177
v 0.077304 -0.30809 -0.101111
v 0.076241 -0.311742 -0.098681
v 0.077601 -0.286454 -0.088024
v 0.071815 -0.288993 -0.08834
v 0.081659 -0.287404 -0.086124
v 0.07476 -0.309497 -0.089395
v 0.079474 -0.310467 -0.085367
v 0.074992 -0.301033 -0.076241
v 0.069942 -0.300332 -0.081037
v 0.087179 -0.297072 -0.094154
v 0.077745 -0.299199 -0.096688
v 0.082757 -0.296962 -0.096244
v 0.086325 -0.307345 -0.083657
v 0.08205 -0.315153 -0.091319
v 0.084289 -0.324584 -0.106287
v 0.080564 -0.31872 -0.099912
v 0.078325 -0.316589 -0.103507
v 0.081955 -0.323181 -0.109916
v 0.07794 -0.314378 -0.095227
v 0.084806 -0.318847 -0.096355
v 0.09005 -0.314698 -0.113564
v 0.085305 -0.317074 -0.114165
v 0.093985 -0.313843 -0.111901
v 0.081993 -0.298186 -0.074242
v 0.097604 -0.317744 -0.104585
v 0.096584 -0.314766 -0.108853
v 0.07899 -0.312939 -0.106362
v 0.081838 -0.32 -0.112989
v 0.088306 -0.324337 -0.103091
v 0.093911 -0.321434 -0.101869
v 0.090589 -0.329084 -0.1088
v 0.095893 -0.326568 -0.107893
v 0.099524 -0.323176 -0.11026
v 0.098275 -0.31982 -0.113829
v 0.095492 -0.318636 -0.116135
v 0.086797 -0.32925 -0.111255
v 0.08437 -0.327797 -0.113934
v 0.084049 -0.3244 -0.116566
v 0.088714 -0.334131 -0.115963
v 0.092597 -0.334698 -0.114324
v 0.103029 -0.335812 -0.12486
v 0.102495 -0.331921 -0.120703
v 0.101413 -0.334897 -0.119818
v 0.102992 -0.338301 -0.123069
v 0.101187 -0.329046 -0.11554
v 0.100353 -0.332934 -0.116912
v 0.097969 -0.334555 -0.115919
v 0.099056 -0.337868 -0.118537
v 0.095351 -0.339114 -0.118925
v 0.096531 -0.342698 -0.121956
v 0.100637 -0.341702 -0.121648
v 0.095072 -0.336222 -0.116253
v 0.103589 -0.341302 -0.125514
v 0.102551 -0.340321 -0.127556
v 0.097287 -0.331524 -0.112787
v 0.099993 -0.324447 -0.1177
v 0.101174 -0.329251 -0.122514
v 0.101243 -0.334138 -0.126761
v 0.100265 -0.33893 -0.129356
v 0.098227 -0.328119 -0.124737
v 0.098707 -0.333382 -0.128541
v 0.098093 -0.337772 -0.130255
v 0.09439 -0.328464 -0.126396
v 0.09575 -0.333841 -0.129614
v 0.092706 -0.322674 -0.120819
v 0.096737 -0.322573 -0.119544
v 0.096281 -0.337028 -0.130307
v 0.100578 -0.344703 -0.127858
v 0.098348 -0.342938 -0.129567
v 0.102255 -0.345192 -0.124945
v 0.092905 -0.338854 -0.119586
v 0.094187 -0.342426 -0.123136
v 0.090402 -0.338718 -0.120407
v 0.092211 -0.34244 -0.124293
v 0.096643 -0.345439 -0.125902
v 0.098152 -0.345517 -0.124261
v 0.091605 -0.319176 -0.117323
v 0.087132 -0.321203 -0.117655
v 0.088241 -0.32472 -0.121319
v 0.090021 -0.330593 -0.126756
v 0.085483 -0.327962 -0.119824
v 0.086225 -0.332049 -0.117844
v 0.088444 -0.336968 -0.122341
v 0.087788 -0.333942 -0.1248
v 0.09086 -0.340749 -0.125955
v 0.090436 -0.338175 -0.127906
v 0.092416 -0.33561 -0.12946
v 0.093436 -0.342332 -0.128716
v 0.09486 -0.344511 -0.127572
v 0.096217 -0.340832 -0.130341
v 0.092607 -0.340115 -0.129378
v 0.094448 -0.338708 -0.130252
v 0.06321 -0.313536 -0.100753
v 0.05783 -0.313881 -0.10181
v 0.05677 -0.309792 -0.097362
v 0.062207 -0.309333 -0.096697
v 0.067501 -0.319012 -0.092697
v 0.068321 -0.317097 -0.095295
v 0.067634 -0.312469 -0.091001
v 0.066889 -0.314312 -0.08743
v 0.06344 -0.321333 -0.091051
v 0.062091 -0.316623 -0.085414
v 0.065814 -0.309588 -0.082598
v 0.066522 -0.307513 -0.08705
v 0.063496 -0.299851 -0.081018
v 0.063303 -0.30215 -0.076031
v 0.066758 -0.315185 -0.098318
v 0.065908 -0.310681 -0.094241
v 0.048444 -0.308038 -0.091004
v 0.050333 -0.305999 -0.092887
v 0.05239 -0.311365 -0.09684
v 0.050591 -0.313336 -0.095062
v 0.056749 -0.295241 -0.08598
v 0.051164 -0.2951 -0.086463
v 0.060944 -0.297331 -0.084242
v 0.049653 -0.310929 -0.087019
v 0.053672 -0.312795 -0.082169
v 0.050278 -0.304506 -0.075629
v 0.046258 -0.301916 -0.080445
v 0.064513 -0.305738 -0.090657
v 0.054855 -0.304332 -0.09367
v 0.060521 -0.304226 -0.092897
v 0.060299 -0.311756 -0.080327
v 0.055651 -0.317429 -0.087075
v 0.056514 -0.328119 -0.102212
v 0.053467 -0.320459 -0.095651
v 0.051619 -0.318051 -0.099329
v 0.054584 -0.326013 -0.105455
v 0.051487 -0.315842 -0.091447
v 0.05769 -0.322197 -0.09219
v 0.064637 -0.320551 -0.107404
v 0.059492 -0.320928 -0.108357
v 0.067928 -0.321876 -0.105161
v 0.057543 -0.304451 -0.073421
v 0.044455 -0.298629 -0.084726
v 0.069181 -0.325817 -0.100279
v 0.069694 -0.323819 -0.102555
v 0.053144 -0.315488 -0.101369
v 0.055248 -0.322991 -0.107698
v 0.060328 -0.329296 -0.099301
v 0.065694 -0.328057 -0.09834
v 0.061775 -0.334396 -0.103866
v 0.067082 -0.333049 -0.103261
v 0.070693 -0.331016 -0.105149
v 0.070678 -0.3285 -0.107528
v 0.068574 -0.326335 -0.10962
v 0.058203 -0.333381 -0.10675
v 0.056739 -0.331038 -0.109353
v 0.057007 -0.327428 -0.111205
v 0.05908 -0.337204 -0.110146
v 0.063078 -0.338696 -0.108244
v 0.073991 -0.342582 -0.118132
v 0.073384 -0.339079 -0.114713
v 0.071929 -0.340766 -0.113934
v 0.073055 -0.344117 -0.116736
v 0.071834 -0.335879 -0.109711
v 0.071098 -0.338723 -0.111052
v 0.068511 -0.339704 -0.109644
v 0.069403 -0.343006 -0.112265
v 0.065187 -0.342944 -0.112468
v 0.066142 -0.346176 -0.115311
v 0.07037 -0.34625 -0.115283
v 0.065361 -0.340642 -0.109764
v 0.073408 -0.346647 -0.118524
v 0.073586 -0.345939 -0.120319
v 0.067965 -0.337083 -0.107098
v 0.071782 -0.332392 -0.111607
v 0.072926 -0.336406 -0.116215
v 0.073271 -0.340611 -0.119986
v 0.07225 -0.34396 -0.122074
v 0.070498 -0.3343 -0.117843
v 0.071027 -0.33862 -0.121452
v 0.070154 -0.341745 -0.1231
v 0.067131 -0.333047 -0.118975
v 0.068102 -0.337677 -0.122207
v 0.06589 -0.328465 -0.114352
v 0.069358 -0.329911 -0.113285
v 0.068376 -0.340374 -0.123159
v 0.070441 -0.348458 -0.120396
v 0.068783 -0.346489 -0.122388
v 0.071159 -0.348869 -0.117901
v 0.062598 -0.342198 -0.112815
v 0.063815 -0.345421 -0.116204
v 0.060422 -0.340722 -0.114248
v 0.062261 -0.344221 -0.11776
v 0.066184 -0.347973 -0.118673
v 0.067511 -0.348393 -0.117302
v 0.06519 -0.324952 -0.111072
v 0.060706 -0.325127 -0.111591
v 0.061776 -0.328586 -0.1147
v 0.063121 -0.333566 -0.119422
v 0.058308 -0.330714 -0.11412
v 0.057972 -0.334411 -0.112458
v 0.059425 -0.33855 -0.116202
v 0.059934 -0.335677 -0.118216
v 0.061426 -0.342285 -0.119442
v 0.061863 -0.340013 -0.12126
v 0.064736 -0.338275 -0.122366
v 0.06394 -0.344327 -0.121717
v 0.064764 -0.346459 -0.12036
v 0.067295 -0.343905 -0.123179
v 0.06365 -0.342198 -0.122388
v 0.066147 -0.341408 -0.123215
v 0.046683 -0.296531 -0.085778
v 0.032513 -0.309962 -0.089257
v 0.028668 -0.309042 -0.089648
v 0.028934 -0.305416 -0.086516
v 0.032461 -0.306204 -0.086148
v 0.035064 -0.316503 -0.082051
v 0.036809 -0.314452 -0.084912
v 0.037075 -0.310367 -0.081464
v 0.035518 -0.312499 -0.078146
v 0.030056 -0.317043 -0.080554
v 0.030215 -0.313011 -0.076579
v 0.035713 -0.307293 -0.074495
v 0.037295 -0.305225 -0.078363
v 0.036951 -0.296888 -0.073541
v 0.03599 -0.298302 -0.068891
v 0.021066 -0.287565 -0.073343
v 0.023815 -0.285736 -0.075813
v 0.024417 -0.292152 -0.079079
v 0.021313 -0.293133 -0.076818
v 0.035439 -0.312072 -0.087601
v 0.035552 -0.30805 -0.084434
v 0.022094 -0.301675 -0.081741
v 0.025156 -0.300777 -0.083738
v 0.025296 -0.305481 -0.086048
v 0.022408 -0.30653 -0.084417
v 0.027865 -0.285321 -0.077879
v 0.032473 -0.286482 -0.079199
v 0.032235 -0.292732 -0.079683
v 0.028441 -0.292114 -0.080113
v 0.034832 -0.294702 -0.077632
v 0.021488 -0.303629 -0.078455
v 0.024617 -0.306111 -0.074993
v 0.023515 -0.296836 -0.069192
v 0.020999 -0.294902 -0.073355
v 0.035493 -0.303217 -0.081703
v 0.028953 -0.300761 -0.084195
v 0.03277 -0.301441 -0.083786
v 0.030374 -0.307731 -0.072731
v 0.024799 -0.311375 -0.078424
v 0.021538 -0.318217 -0.089259
v 0.021522 -0.312742 -0.084553
v 0.021615 -0.310357 -0.087313
v 0.021389 -0.315835 -0.09157
v 0.021811 -0.308714 -0.081534
v 0.024662 -0.315362 -0.081941
v 0.032674 -0.315277 -0.093755
v 0.028517 -0.314051 -0.093973
v 0.035209 -0.317301 -0.09208
v 0.030606 -0.298771 -0.066318
v 0.034992 -0.321646 -0.087243
v 0.036455 -0.319644 -0.089904
v 0.024795 -0.309193 -0.089005
v 0.024343 -0.314428 -0.093138
v 0.024699 -0.320749 -0.086852
v 0.030208 -0.32203 -0.08574
v 0.024915 -0.325273 -0.090649
v 0.030367 -0.32652 -0.089422
v 0.035147 -0.325655 -0.091086
v 0.0365 -0.323372 -0.093335
v 0.035227 -0.320876 -0.095054
v 0.02197 -0.322618 -0.092985
v 0.022154 -0.32013 -0.094808
v 0.024788 -0.318365 -0.095826
v 0.02311 -0.326177 -0.096055
v 0.026118 -0.329326 -0.094223
v 0.036507 -0.334749 -0.10257
v 0.036458 -0.331921 -0.099472
v 0.034822 -0.333073 -0.098676
v 0.035431 -0.335685 -0.101124
v 0.035263 -0.329281 -0.09494
v 0.03429 -0.331319 -0.096068
v 0.03161 -0.33143 -0.095012
v 0.031896 -0.333938 -0.097094
v 0.028509 -0.333461 -0.097935
v 0.02836 -0.336102 -0.100332
v 0.032369 -0.336901 -0.099526
v 0.028289 -0.331572 -0.095196
v 0.035374 -0.337879 -0.102537
v 0.035573 -0.337463 -0.104393
v 0.030884 -0.329522 -0.092651
v 0.03644 -0.326676 -0.096456
v 0.03686 -0.33025 -0.100593
v 0.036571 -0.333722 -0.104197
v 0.034644 -0.336077 -0.106155
v 0.035558 -0.328065 -0.101427
v 0.035213 -0.331931 -0.105068
v 0.033517 -0.334287 -0.106803
v 0.032924 -0.326079 -0.101935
v 0.03304 -0.33024 -0.105375
v 0.032559 -0.321908 -0.098489
v 0.03525 -0.324189 -0.097596
v 0.032614 -0.332743 -0.106719
v 0.032041 -0.33869 -0.104611
v 0.031492 -0.336958 -0.106356
v 0.032485 -0.339174 -0.101925
v 0.025633 -0.332114 -0.09825
v 0.026402 -0.335227 -0.101746
v 0.024097 -0.329751 -0.099502
v 0.0257 -0.333442 -0.103309
v 0.02857 -0.337567 -0.103745
v 0.029212 -0.338143 -0.101984
v 0.032615 -0.318813 -0.096268
v 0.028581 -0.317793 -0.096454
v 0.028795 -0.320789 -0.098813
v 0.02952 -0.325011 -0.102248
v 0.025215 -0.321522 -0.098419
v 0.023004 -0.323394 -0.097534
v 0.024142 -0.327594 -0.101166
v 0.02609 -0.325682 -0.102171
v 0.026133 -0.331585 -0.104533
v 0.027648 -0.330093 -0.105384
v 0.030298 -0.329497 -0.105525
v 0.028689 -0.334147 -0.106349
v 0.028316 -0.335998 -0.105483
v 0.03117 -0.334881 -0.107004
v 0.02913 -0.332638 -0.106565
v 0.03088 -0.332793 -0.106876
v 0.020883 -0.289811 -0.070945
v 0.101915 -0.238921 -0.076434
v 0.098827 -0.24112 -0.078928
v 0.091731 -0.231682 -0.089847
v 0.0931 -0.237015 -0.086975
v 0.093566 -0.226082 -0.089838
v 0.100853 -0.224357 -0.083978
v 0.097498 -0.223826 -0.087208
v 0.096018 -0.240617 -0.082677
v 0.104031 -0.233969 -0.076666
v 0.103468 -0.228118 -0.079757
v 0.110335 -0.238359 -0.083425
v 0.109905 -0.232492 -0.086892
v 0.107342 -0.227856 -0.091604
v 0.102835 -0.226882 -0.094442
v 0.097995 -0.228948 -0.095809
v 0.107567 -0.243357 -0.082763
v 0.103499 -0.245417 -0.084552
v 0.099197 -0.243694 -0.088435
v 0.113484 -0.247426 -0.088978
v 0.118047 -0.244195 -0.091551
v 0.120663 -0.23809 -0.107519
v 0.116928 -0.235894 -0.104074
v 0.119706 -0.237739 -0.10203
v 0.123384 -0.238589 -0.10465
v 0.114185 -0.233586 -0.099192
v 0.117941 -0.237157 -0.099606
v 0.119906 -0.240289 -0.097073
v 0.122577 -0.241056 -0.098687
v 0.121089 -0.243718 -0.095048
v 0.12371 -0.245645 -0.096061
v 0.126356 -0.24171 -0.1011
v 0.126565 -0.240287 -0.106543
v 0.128728 -0.243185 -0.104137
v 0.124931 -0.240997 -0.109211
v 0.116571 -0.238124 -0.094244
v 0.108017 -0.231084 -0.100574
v 0.113175 -0.235216 -0.105699
v 0.117941 -0.23901 -0.109732
v 0.122111 -0.24302 -0.110976
v 0.109025 -0.237161 -0.106836
v 0.114924 -0.241697 -0.110278
v 0.119053 -0.24505 -0.110563
v 0.106795 -0.241418 -0.105749
v 0.11338 -0.244802 -0.108754
v 0.099041 -0.236684 -0.100215
v 0.102575 -0.232247 -0.101517
v 0.116979 -0.246372 -0.109437
v 0.128257 -0.245596 -0.107463
v 0.124724 -0.247723 -0.108767
v 0.122015 -0.248723 -0.094924
v 0.126573 -0.246716 -0.09857
v 0.125143 -0.250196 -0.098591
v 0.118549 -0.250697 -0.094492
v 0.122179 -0.25215 -0.099784
v 0.127704 -0.249516 -0.102734
v 0.128918 -0.246678 -0.101351
v 0.095267 -0.23361 -0.095033
v 0.096089 -0.239096 -0.092464
v 0.099862 -0.242582 -0.097061
v 0.107019 -0.24621 -0.102697
v 0.103565 -0.247129 -0.092925
v 0.108654 -0.249068 -0.08939
v 0.114519 -0.25167 -0.095861
v 0.110124 -0.250154 -0.0989
v 0.118979 -0.252277 -0.101419
v 0.115965 -0.250721 -0.103479
v 0.113875 -0.248025 -0.106252
v 0.121153 -0.251036 -0.10542
v 0.12459 -0.251139 -0.104481
v 0.121184 -0.248409 -0.10855
v 0.118628 -0.250228 -0.105791
v 0.117965 -0.24847 -0.107846
v 0.021704 -0.280612 -0.074314
v 0.026698 -0.279428 -0.076787
v 0.024419 -0.273304 -0.073873
v 0.021525 -0.26583 -0.069843
v 0.01492 -0.262153 -0.06297
v 0.027808 -0.264158 -0.07019
v 0.030265 -0.271853 -0.074041
v 0.033534 -0.280223 -0.077866
v 0.031232 -0.257084 -0.066469
v -0.020379 0.121899 0.238075
v -0.016553 0.120687 0.236336
v -0.020506 0.126883 0.234055
v -0.023221 0.126955 0.23625
v -0.013208 0.127406 0.231351
v -0.017217 0.12717 0.232326
v -0.011419 0.120816 0.235138
v -0.005925 0.122667 0.234626
v -3.4e-05 0.129643 0.234167
v 0.001341 0.13111 0.233058
v 0.0005 0.131299 0.231918
v -0.001586 0.130503 0.231815
v -0.00509 0.129127 0.231119
v -0.02593 0.125987 0.24084
v -0.025023 0.12479 0.240928
v -0.022687 0.123204 0.239168
v -0.008894 0.127952 0.230648
v -0.025066 0.127111 0.238446
v -0.026006 0.126889 0.240149
v -0.001987 0.125978 0.234003
v -0.013051 0.125652 0.232791
v -0.01705 0.125015 0.233337
v -0.012406 0.122944 0.233552
v -0.007539 0.124211 0.233063
v -0.003069 0.129012 0.23301
v -0.005086 0.127561 0.232075
v -0.020335 0.125266 0.235087
v -0.008598 0.12607 0.231746
v -0.016899 0.122962 0.234781
v -0.003812 0.126209 0.23288
v -0.00229 0.128357 0.233728
v -0.025196 0.125978 0.240561
v -0.02527 0.126316 0.240076
v -0.021848 0.246796 0.093865
v -0.023465 0.23922 0.075183
v -0.020351 0.123564 0.236838
v -0.024328 0.126075 0.238982
v -0.022668 0.125721 0.237513
v -0.022592 0.124511 0.238587
v -0.024256 0.125361 0.239787
v -0.049757 0.127322 0.091293
v -0.049523 0.120596 0.108071
v -0.0884 0.102011 0.144679
v -0.113124 0.104425 0.14626
v -0.105674 0.235688 -0.095717
v -0.156025 0.472425 -0.069094
v -0.161958 0.475932 -0.042977
v -0.081462 0.508657 -0.049815
v -0.102677 0.504694 -0.054222
v -0.187887 0.346342 -0.084164
v -0.18692 0.347018 -0.069506
v -0.144503 0.278567 -0.091293
v -0.141875 0.2823 -0.080121
v -0.180587 0.318273 -0.098911
v -0.121757 0.485935 -0.114387
v -0.140265 0.474983 -0.116276
v -0.138418 0.479484 -0.089641
v -0.121005 0.491583 -0.086739
v -0.060255 0.506581 -0.04625
v -0.058073 0.499632 -0.076444
v -0.194313 0.371737 -0.048464
v -0.196246 0.400396 -0.042812
v -0.181727 0.451041 -0.028278
v -0.168144 0.470681 -0.01874
v -0.152925 0.484828 -0.008489
v -0.134941 0.496022 0.001316
v -0.119275 0.268566 -0.070429
v -0.094968 0.258767 -0.059278
v -0.186301 0.343458 -0.054919
v -0.051653 0.237914 -0.069607
v -0.124294 0.498154 0.046345
v -0.097581 0.506861 0.049629
v -0.192744 0.427113 -0.03636
v -0.038446 0.219627 0.031797
v -0.05152 0.217715 0.035159
v -0.050999 0.212025 0.020222
v -0.039168 0.215887 0.016259
v -0.064434 0.209807 0.023589
v -0.077898 0.209066 0.027137
v -0.090887 0.210179 0.030479
v -0.12156 0.224356 0.037105
v -0.113073 0.218509 0.035425
v -0.137592 0.235018 0.038337
v -0.128829 0.229822 0.038315
v -0.150465 0.244082 0.034274
v -0.16464 0.258763 0.030882
v -0.171191 0.2734 0.045222
v -0.177279 0.277698 0.029736
v -0.168922 0.260739 0.015131
v -0.156433 0.244779 0.019129
v -0.14501 0.234106 0.022796
v -0.035686 0.2291 -0.030267
v -0.030212 0.218095 -0.014825
v -0.020415 0.253256 0.111904
v -0.081009 -0.074407 0.011937
v 0.030489 -0.154328 0.005038
v -0.052676 0.382797 0.21123
v -0.077947 0.368341 0.213032
v -0.128031 0.310913 0.211757
v -0.1259 0.291051 0.211851
v -0.120533 0.332758 0.210099
v -0.104466 0.352864 0.208041
v -0.164678 0.316731 -0.046074
v -0.089138 0.384746 0.195194
v -0.111348 0.355925 0.202346
v -0.131007 0.333139 0.204326
v -0.141754 0.308533 0.206028
v -0.13927 0.282295 0.202178
v -0.141216 0.263967 0.194157
v -0.157775 0.239819 0.18102
v -0.154564 0.228334 0.180455
v -0.149823 0.217572 0.180683
v -0.130226 0.215376 0.186167
v -0.135415 0.227072 0.1862
v -0.127319 0.137394 0.161305
v -0.130428 0.124718 0.149945
v -0.138019 0.118163 0.137874
v -0.146092 0.116112 0.125069
v -0.15219 0.121178 0.112623
v -0.155711 0.131383 0.102886
v -0.15764 0.149374 0.096536
v -0.163808 0.202984 0.096147
v -0.1666 0.224075 0.096307
v -0.188608 0.296911 0.099318
v -0.198688 0.319909 0.101509
v -0.207417 0.379843 0.088954
v -0.199897 0.407828 0.077032
v -0.188196 0.433094 0.059758
v -0.14888 0.445417 -0.245222
v -0.169556 0.435863 -0.236709
v -0.161311 0.443596 -0.212176
v -0.141487 0.452383 -0.220255
v -0.086392 0.475784 -0.167781
v -0.062891 0.475699 -0.166235
v -0.207115 0.391064 -0.184979
v -0.213204 0.366809 -0.175175
v -0.178755 0.431091 -0.202388
v -0.195576 0.412516 -0.194758
v -0.210423 0.342178 -0.164918
v -0.154497 0.253256 -0.132098
v -0.13399 0.233672 -0.125347
v -0.087881 0.206335 -0.117032
v -0.063942 0.200465 -0.113961
v -0.20176 0.319528 -0.156561
v -0.111118 0.21757 -0.1205
v -0.189382 0.297476 -0.149076
v -0.173643 0.27563 -0.140691
v -0.109556 0.472772 -0.168075
v -0.115161 0.46534 -0.198782
v -0.135508 0.458851 -0.194079
v -0.098021 0.468341 0.138609
v -0.12445 0.453115 0.138796
v -0.146347 0.429502 0.138916
v -0.158609 0.383552 0.152056
v -0.161984 0.400071 0.139177
v -0.175635 0.371158 0.138708
v -0.171198 0.35266 0.14746
v -0.183422 0.291497 0.133909
v -0.182666 0.305519 0.129193
v -0.183421 0.280984 0.124057
v -0.183797 0.271371 0.129085
v -0.18314 0.262327 0.118877
v -0.182104 0.24483 0.115894
v -0.177355 0.226947 0.114964
v -0.172017 0.210485 0.116371
v -0.172403 0.204387 0.139038
v -0.178812 0.216791 0.137544
v -0.182495 0.280597 0.140337
v -0.180848 0.304825 0.147849
v -0.091408 0.435938 0.165109
v -0.064512 0.445715 0.160524
v -0.187034 0.295882 0.035764
v -0.196778 0.314291 0.042709
v -0.204869 0.330448 0.051311
v -0.21037 0.342805 0.060735
v -0.213324 0.351068 0.071813
v -0.212703 0.357152 0.084048
v -0.20519 0.339823 0.100678
v -0.208778 0.359314 0.096042
v -0.198472 0.336511 0.110099
v -0.202625 0.35886 0.108328
v -0.195778 0.357131 0.118621
v -0.188576 0.352252 0.127997
v -0.182148 0.338351 0.135781
v -0.179876 0.321018 0.141461
v -0.171238 0.334236 0.154798
v -0.157841 0.364112 0.160777
v -0.140755 0.374365 0.1735
v -0.142424 0.358386 0.181472
v -0.140363 0.392506 0.165553
v -0.141952 0.414182 0.155189
v -0.094866 0.318856 0.224814
v -0.083467 0.339864 0.227088
v -0.159611 0.15573 0.110307
v -0.159947 0.160423 0.10503
v -0.159018 0.155462 0.101727
v -0.1577 0.145448 0.107538
v -0.155163 0.137774 0.117268
v -0.155577 0.149205 0.130135
v -0.158531 0.151099 0.119479
v -0.151059 0.134229 0.128385
v -0.145787 0.135561 0.139933
v -0.151737 0.149575 0.140777
v -0.140985 0.13972 0.15049
v -0.147771 0.151477 0.150003
v -0.138407 0.147614 0.158803
v -0.14479 0.154071 0.156207
v -0.155927 0.186162 0.162039
v -0.151249 0.173929 0.161177
v -0.146977 0.162328 0.158685
v -0.167265 0.194487 0.118009
v -0.163879 0.179036 0.120313
v -0.160948 0.16464 0.120105
v -0.159074 0.163295 0.130789
v -0.163209 0.177333 0.130315
v -0.167286 0.191463 0.128295
v -0.092256 0.452626 0.153623
v -0.119527 0.439243 0.156706
v -0.184823 0.252425 0.126203
v -0.184067 0.236501 0.124974
v -0.178718 0.222576 0.124957
v -0.172554 0.206679 0.126489
v -0.182352 0.230109 0.135861
v -0.184091 0.244346 0.13578
v -0.184014 0.261448 0.137381
v -0.118302 0.418927 0.16729
v -0.066772 0.460146 0.148368
v -0.047518 0.214685 0.145046
v -0.058766 0.211898 0.165855
v -0.079536 0.209325 0.180226
v -0.105443 0.211162 0.18715
v -0.085964 0.015529 0.010066
v -0.05843 0.491707 -0.105052
v -0.060247 0.484152 -0.133911
v -0.083275 0.484928 -0.138175
v -0.072201 0.509706 0.053563
v -0.071573 0.476167 0.136382
v -0.108485 0.206509 0.003723
v -0.095604 0.203596 0.002139
v -0.093356 0.206114 0.015565
v -0.106137 0.208723 0.017693
v -0.131922 0.216568 0.006921
v -0.121064 0.210777 0.005608
v -0.117838 0.213181 0.019593
v -0.127923 0.219365 0.021268
v -0.14138 0.224632 0.007984
v -0.13652 0.22634 0.022846
v -0.123055 0.211232 -0.008209
v -0.110801 0.206519 -0.009386
v -0.097853 0.203465 -0.010495
v -0.142904 0.225252 -0.005388
v -0.13376 0.217103 -0.00655
v -0.013424 0.222204 0.171815
v -0.010463 0.211094 0.163318
v 0.005734 0.172567 0.173043
v 0.006652 0.170677 0.177126
v -0.016921 0.257546 0.137999
v -0.014855 0.258001 0.147439
v -0.02891 0.217676 -0.001285
v -0.025721 0.22094 0.02804
v -0.025904 0.227991 0.04162
v -0.025155 0.234328 0.057193
v -0.019378 0.255687 0.127079
v -0.027661 0.218396 0.012236
v -0.206394 0.250837 -0.322792
v -0.186314 0.242294 -0.343463
v -0.194527 0.273354 -0.338387
v -0.179091 0.268013 -0.353239
v -0.215726 0.335813 -0.291845
v -0.211247 0.3108 -0.309946
v -0.217671 0.360024 -0.272059
v -0.157474 0.269531 -0.36886
v -0.131212 0.275317 -0.380525
v -0.129647 0.3031 -0.381855
v -0.20054 0.374001 -0.292366
v -0.198099 0.351436 -0.31192
v -0.186335 0.287746 -0.346177
v -0.204854 0.288994 -0.325007
v -0.190723 0.302735 -0.33978
v -0.156077 0.293947 -0.371027
v -0.174198 0.288925 -0.357299
v -0.100351 0.453602 -0.258643
v -0.073244 0.444068 -0.286087
v -0.103643 0.442229 -0.284881
v -0.188747 0.422503 -0.224506
v -0.17503 0.425808 -0.258606
v -0.17528 0.311864 -0.353828
v -0.154651 0.320865 -0.366533
v -0.129282 0.331394 -0.377199
v -0.133177 0.405975 -0.32873
v -0.130592 0.384856 -0.348927
v -0.155717 0.375176 -0.340232
v -0.158127 0.39757 -0.320144
v -0.178983 0.409525 -0.284403
v -0.179563 0.387154 -0.30817
v -0.132023 0.425116 -0.304755
v -0.156643 0.41854 -0.296722
v -0.153188 0.434656 -0.270288
v -0.178545 0.36266 -0.328143
v -0.098523 0.363537 -0.371596
v -0.12922 0.359429 -0.365848
v -0.066411 0.365663 -0.371081
v -0.129308 0.440172 -0.278933
v -0.125984 0.450864 -0.252442
v -0.120043 0.457871 -0.226468
v -0.106445 0.48423 -0.140451
v -0.161485 0.019176 -0.14708
v -0.043107 0.179536 -0.260927
v -0.042646 0.192099 -0.289461
v -0.222652 0.250679 -0.206443
v -0.231634 0.252021 -0.279092
v -0.219802 0.270206 -0.306569
v -0.061591 0.171166 -0.181581
v -0.048326 0.167598 -0.210304
v -0.204 0.238015 -0.182632
v -0.146301 0.202488 -0.148739
v -0.043948 0.171273 -0.236618
v -0.194779 0.325872 -0.328341
v -0.176472 0.336848 -0.342906
v -0.155217 0.348412 -0.356033
v -0.098004 0.33776 -0.383243
v -0.065618 0.342477 -0.383092
v -0.061016 0.192008 -0.168274
v -0.057429 0.189579 -0.161797
v -0.047399 0.190562 -0.163712
v -0.047706 0.192011 -0.17389
v -0.155991 0.246762 -0.137877
v -0.13285 0.227768 -0.130131
v -0.084683 0.202374 -0.120719
v -0.061264 0.197249 -0.117414
v -0.208611 0.312337 -0.167261
v -0.108639 0.212918 -0.124593
v -0.195213 0.291089 -0.157787
v -0.177882 0.269078 -0.147161
v -0.107046 -0.395127 -0.226215
v -0.10826 -0.4196 -0.220899
v -0.109037 -0.419213 -0.236592
v -0.105601 -0.394506 -0.24188
v -0.119888 -0.39356 -0.271172
v -0.108342 -0.394248 -0.262815
v -0.134533 -0.394277 -0.272961
v -0.131637 -0.421067 -0.270736
v -0.143144 -0.422616 -0.263823
v -0.148123 -0.395663 -0.267399
v -0.156907 -0.396524 -0.257172
v -0.157954 -0.423704 -0.242427
v -0.161731 -0.422555 -0.225613
v -0.167189 -0.397438 -0.227168
v -0.162668 -0.396838 -0.244424
v -0.162339 -0.399888 -0.208041
v -0.157836 -0.424278 -0.207039
v -0.146753 -0.400653 -0.197184
v -0.113255 -0.39634 -0.209344
v -0.112676 -0.420155 -0.20385
v -0.117893 -0.419669 -0.268661
v -0.108332 -0.419585 -0.258147
v -0.103736 -0.394491 -0.252314
v -0.108695 -0.419437 -0.247101
v -0.107053 -0.443955 -0.230923
v -0.104146 -0.441923 -0.214665
v -0.113329 -0.444478 -0.267603
v -0.108221 -0.443779 -0.253864
v -0.138429 -0.447551 -0.261733
v -0.127387 -0.44612 -0.26998
v -0.156387 -0.449866 -0.241606
v -0.151023 -0.423331 -0.254094
v -0.147965 -0.449094 -0.252828
v -0.160632 -0.447638 -0.224323
v -0.157709 -0.447147 -0.203227
v -0.108778 -0.441001 -0.196387
v -0.108729 -0.443411 -0.24158
v -0.170214 -0.535291 -0.056889
v -0.163842 -0.5347 -0.055175
v -0.165763 -0.529958 -0.056119
v -0.170155 -0.5313 -0.057592
v -0.134233 -0.526557 -0.044231
v -0.121973 -0.527015 -0.044497
v -0.125261 -0.515294 -0.041692
v -0.13436 -0.515371 -0.040572
v -0.152028 -0.531139 -0.045925
v -0.159705 -0.53256 -0.047387
v -0.156669 -0.535543 -0.050872
v -0.151645 -0.534353 -0.049786
v -0.188758 -0.535953 -0.084412
v -0.194232 -0.538324 -0.088792
v -0.191027 -0.540331 -0.089407
v -0.187386 -0.540755 -0.087387
v -0.177255 -0.536537 -0.06663
v -0.182382 -0.538215 -0.070295
v -0.180097 -0.540669 -0.072007
v -0.176309 -0.540362 -0.069988
v -0.136835 -0.511035 -0.06197
v -0.137221 -0.51261 -0.048579
v -0.123213 -0.512164 -0.050237
v -0.121949 -0.506196 -0.062902
v -0.114363 -0.519258 -0.054229
v -0.120713 -0.526074 -0.058043
v -0.117218 -0.524749 -0.071022
v -0.112186 -0.515025 -0.068194
v -0.133777 -0.529768 -0.057212
v -0.131893 -0.528695 -0.069438
v -0.142274 -0.523125 -0.065758
v -0.145559 -0.52437 -0.051713
v -0.161528 -0.526059 -0.06539
v -0.164989 -0.530471 -0.055066
v -0.160055 -0.523305 -0.052713
v -0.157958 -0.517268 -0.062694
v -0.151559 -0.522234 -0.050868
v -0.145986 -0.515658 -0.060525
v -0.140213 -0.525076 -0.063134
v -0.144045 -0.527343 -0.050518
v -0.14729 -0.533268 -0.055496
v -0.14319 -0.531382 -0.067366
v -0.15308 -0.532779 -0.068308
v -0.156576 -0.535024 -0.057028
v -0.172624 -0.522819 -0.07169
v -0.171421 -0.529352 -0.062543
v -0.164019 -0.527378 -0.060656
v -0.162315 -0.520702 -0.068393
v -0.157928 -0.533451 -0.060785
v -0.162391 -0.537706 -0.06361
v -0.159445 -0.535047 -0.072452
v -0.156279 -0.529799 -0.069555
v -0.169187 -0.536277 -0.073915
v -0.170057 -0.539756 -0.06516
v -0.175991 -0.530096 -0.071664
v -0.175414 -0.535753 -0.063843
v -0.188198 -0.533386 -0.085385
v -0.186747 -0.538556 -0.077279
v -0.184439 -0.532808 -0.075637
v -0.186783 -0.526832 -0.084632
v -0.179171 -0.530019 -0.072813
v -0.179204 -0.524885 -0.079989
v -0.173815 -0.532712 -0.071486
v -0.173981 -0.539487 -0.074807
v -0.174517 -0.537389 -0.08262
v -0.175046 -0.529988 -0.077638
v -0.180645 -0.541281 -0.077214
v -0.181811 -0.539027 -0.08661
v -0.196946 -0.529814 -0.102263
v -0.196293 -0.536561 -0.105978
v -0.195184 -0.536677 -0.094895
v -0.194956 -0.53126 -0.09295
v -0.191715 -0.530021 -0.090414
v -0.192018 -0.527131 -0.096218
v -0.186302 -0.532976 -0.089402
v -0.185045 -0.53963 -0.092504
v -0.185295 -0.538713 -0.098537
v -0.187905 -0.531461 -0.09424
v -0.190866 -0.540804 -0.094935
v -0.190724 -0.539743 -0.103511
v -0.120694 -0.501465 -0.075738
v -0.139126 -0.509411 -0.074679
v -0.123792 -0.527488 -0.049076
v -0.110473 -0.512215 -0.081214
v -0.131092 -0.529682 -0.049186
v -0.132829 -0.528218 -0.080826
v -0.115551 -0.523061 -0.084169
v -0.139082 -0.522273 -0.071299
v -0.159336 -0.527122 -0.047838
v -0.156433 -0.526574 -0.074221
v -0.152463 -0.532596 -0.083396
v -0.154666 -0.526159 -0.04661
v -0.157457 -0.513473 -0.077605
v -0.172831 -0.518424 -0.086685
v -0.164383 -0.538079 -0.05772
v -0.168225 -0.538962 -0.058627
v -0.169669 -0.536069 -0.090021
v -0.176143 -0.529007 -0.080581
v -0.18303 -0.534948 -0.070586
v -0.189547 -0.532104 -0.094858
v -0.182618 -0.53874 -0.101746
v -0.179487 -0.532756 -0.068354
v -0.186789 -0.522516 -0.099156
v -0.193678 -0.53471 -0.089412
v -0.194969 -0.534469 -0.118262
v -0.190088 -0.540487 -0.114934
v -0.191785 -0.533123 -0.087112
v -0.195895 -0.526606 -0.11281
v -0.121167 -0.398664 -0.197738
v -0.12123 -0.4213 -0.192422
v -0.133413 -0.400842 -0.194247
v -0.145541 -0.424337 -0.193956
v -0.133479 -0.424154 -0.19056
v -0.120248 -0.441568 -0.183574
v -0.14546 -0.447336 -0.189108
v -0.134008 -0.445227 -0.183897
v -0.155687 -0.470071 -0.244732
v -0.162392 -0.469188 -0.2257
v -0.145249 -0.468496 -0.255202
v -0.122721 -0.46565 -0.272369
v -0.135407 -0.467265 -0.264814
v -0.119627 -0.459134 -0.174005
v -0.10743 -0.459474 -0.189135
v -0.135001 -0.461779 -0.172205
v -0.148594 -0.464754 -0.179883
v -0.115593 -0.49577 -0.090629
v -0.114196 -0.495522 -0.110464
v -0.131125 -0.488985 -0.108846
v -0.135008 -0.498402 -0.090875
v -0.149013 -0.494045 -0.114669
v -0.152126 -0.504801 -0.09602
v -0.163266 -0.501274 -0.124057
v -0.168183 -0.510564 -0.105117
v -0.174493 -0.508729 -0.134887
v -0.181268 -0.516501 -0.11684
v -0.183147 -0.517952 -0.145593
v -0.190805 -0.522754 -0.127798
v -0.187597 -0.528173 -0.151745
v -0.193747 -0.532067 -0.133469
v -0.10558 -0.509604 -0.095952
v -0.105745 -0.508236 -0.114668
v -0.111713 -0.522393 -0.10048
v -0.111482 -0.521689 -0.118667
v -0.12815 -0.526762 -0.103074
v -0.126394 -0.525338 -0.121926
v -0.180913 -0.538281 -0.149165
v -0.186191 -0.540738 -0.130429
v -0.146589 -0.530988 -0.108645
v -0.143326 -0.529016 -0.128552
v -0.16284 -0.536139 -0.116025
v -0.158283 -0.534161 -0.136202
v -0.17588 -0.539941 -0.123799
v -0.170577 -0.538171 -0.143564
v -0.124885 -0.483001 -0.131398
v -0.144693 -0.482662 -0.134985
v -0.157983 -0.489677 -0.145012
v -0.167192 -0.499601 -0.156322
v -0.174761 -0.51236 -0.16692
v -0.180596 -0.524382 -0.17294
v -0.164058 -0.489084 -0.182387
v -0.165537 -0.509631 -0.190578
v -0.170008 -0.5227 -0.194071
v -0.159762 -0.50728 -0.214927
v -0.161325 -0.521065 -0.215704
v -0.145444 -0.506678 -0.253584
v -0.145631 -0.521202 -0.254651
v -0.15344 -0.519909 -0.237103
v -0.152206 -0.506135 -0.236753
v -0.161558 -0.487909 -0.209159
v -0.15568 -0.487313 -0.232226
v -0.148061 -0.487219 -0.248903
v -0.128129 -0.519798 -0.275072
v -0.138363 -0.521501 -0.266735
v -0.139056 -0.506802 -0.265442
v -0.130458 -0.505038 -0.275245
v -0.113779 -0.502355 -0.281345
v -0.111635 -0.517247 -0.276858
v -0.0989 -0.500725 -0.269328
v -0.096842 -0.515144 -0.26647
v -0.132116 -0.485804 -0.268837
v -0.140895 -0.487055 -0.260395
v -0.118791 -0.484132 -0.275106
v -0.106526 -0.482429 -0.266667
v -0.106685 -0.482251 -0.250164
v -0.099321 -0.501533 -0.250599
v -0.09313 -0.514439 -0.248896
v -0.112447 -0.495476 -0.134078
v -0.108912 -0.506885 -0.137686
v -0.153936 -0.477352 -0.164453
v -0.139141 -0.47211 -0.155157
v -0.119044 -0.474793 -0.158428
v -0.10833 -0.493658 -0.159464
v -0.108182 -0.507937 -0.163185
v -0.105628 -0.509039 -0.1855
v -0.103921 -0.495542 -0.183506
v -0.113593 -0.517586 -0.141332
v -0.113589 -0.516078 -0.166294
v -0.109479 -0.51695 -0.187843
v -0.099689 -0.51069 -0.20476
v -0.101019 -0.497625 -0.204243
v -0.097211 -0.511575 -0.221002
v -0.100546 -0.498114 -0.221234
v -0.100611 -0.499184 -0.235271
v -0.095233 -0.512844 -0.234566
v -0.10444 -0.479037 -0.223085
v -0.105704 -0.479745 -0.236137
v -0.104402 -0.479269 -0.205467
v -0.107222 -0.477414 -0.183645
v -0.174556 -0.535143 -0.170858
v -0.166861 -0.532609 -0.192609
v -0.157295 -0.530081 -0.213826
v -0.148088 -0.529808 -0.234677
v -0.138992 -0.530544 -0.25082
v -0.131601 -0.530205 -0.260441
v -0.109925 -0.525361 -0.268218
v -0.122701 -0.528391 -0.267465
v -0.099668 -0.523592 -0.260998
v -0.096431 -0.523797 -0.246604
v -0.097728 -0.524083 -0.234076
v -0.103675 -0.519708 -0.206766
v -0.099963 -0.521933 -0.22155
v -0.101819 -0.460718 -0.209308
v -0.103272 -0.462001 -0.227312
v -0.106165 -0.462175 -0.238207
v -0.109735 -0.463156 -0.264527
v -0.107269 -0.462702 -0.24993
v -0.125189 -0.524035 -0.145492
v -0.140275 -0.527934 -0.151942
v -0.153802 -0.532425 -0.159476
v -0.164897 -0.535971 -0.165999
v -0.158205 -0.534204 -0.188617
v -0.147433 -0.531564 -0.183291
v -0.134319 -0.528062 -0.176672
v -0.122092 -0.522315 -0.170223
v -0.148935 -0.532795 -0.209571
v -0.139375 -0.531209 -0.204391
v -0.127031 -0.528395 -0.198718
v -0.116401 -0.524049 -0.191861
v -0.110122 -0.526477 -0.210923
v -0.119107 -0.52949 -0.217625
v -0.129919 -0.531554 -0.222928
v -0.138843 -0.532518 -0.229057
v -0.131021 -0.532227 -0.244203
v -0.122789 -0.531036 -0.237414
v -0.113306 -0.529393 -0.231987
v -0.106132 -0.527391 -0.225937
v -0.125127 -0.531469 -0.252516
v -0.110899 -0.528556 -0.260299
v -0.118999 -0.52987 -0.257799
v -0.10372 -0.527406 -0.255853
v -0.102386 -0.527419 -0.245828
v -0.103708 -0.527654 -0.236173
v -0.110558 -0.529021 -0.240382
v -0.108718 -0.528558 -0.247225
v -0.118799 -0.530424 -0.245643
v -0.115123 -0.529492 -0.251334
v -0.108047 -0.528164 -0.252839
v -0.111307 -0.528664 -0.254761
v -0.158168 -0.469689 -0.198927
v -0.135982 -0.142217 -0.172363
v -0.120627 -0.139842 -0.175493
v -0.152068 -0.14053 -0.172314
v -0.176933 0.229169 -0.161975
v -0.127813 0.253754 -0.097883
v -0.123406 0.263936 -0.081393
v -0.125964 0.258423 -0.091173
v -0.17928 0.210829 -0.159892
v -0.172763 0.319326 -0.060524
v -0.102573 0.213775 0.033178
v -0.072676 0.172812 0.302756
v -0.071756 0.176381 0.301373
v -0.071728 0.180319 0.301333
v -0.072496 0.183668 0.302398
v -0.073184 0.186743 0.303386
v -0.071992 0.189323 0.305798
v -0.073213 0.180543 0.304306
v -0.070875 0.180553 0.307714
v -0.07056 0.178342 0.307468
v -0.072913 0.177637 0.304251
l 1 134
l 1 4
l 1 2
l 1 3
l 1 135
l 1 133
l 1 236
l 1 5
l 1 7
l 1 260
l 2 6
l 2 236
l 2 3
l 2 5
l 2 105
l 2 134
l 2 235
l 2 106
l 2 189
l 3 5
l 3 7
l 3 189
l 3 4
l 3 190
l 3 106
l 3 6
l 3 192
l 4 8
l 4 7
l 4 136
l 4 135
l 4 189
l 4 137
l 4 193
l 5 106
l 5 190
l 5 189
l 5 6
l 5 108
l 5 109
l 5 105
l 5 353
l 6 105
l 6 235
l 6 106
l 6 123
l 6 339
l 6 109
l 6 126
l 6 236
l 7 189
l 7 192
l 7 193
l 7 8
l 7 191
l 7 247
l 7 359
l 8 194
l 8 137
l 8 193
l 8 136
l 8 192
l 8 261
l 8 157
l 9 12
l 9 262
l 9 114
l 9 10
l 9 263
l 9 11
l 9 111
l 9 264
l 9 266
l 9 265
l 10 11
l 10 266
l 10 246
l 10 262
l 10 158
l 10 12
l 10 263
l 10 114
l 10 267
l 11 12
l 11 157
l 11 158
l 11 156
l 11 247
l 11 114
l 11 111
l 11 246
l 12 114
l 12 111
l 12 247
l 12 157
l 12 263
l 12 113
l 12 359
l 12 112
l 13 266
l 13 16
l 13 14
l 13 265
l 13 15
l 13 262
l 13 267
l 13 237
l 14 245
l 14 15
l 14 138
l 14 237
l 14 240
l 14 265
l 14 16
l 14 244
l 14 50
l 15 138
l 15 140
l 15 16
l 15 139
l 15 245
l 15 155
l 15 141
l 15 50
l 16 155
l 16 267
l 16 140
l 16 266
l 16 268
l 16 147
l 16 141
l 17 20
l 17 28
l 17 27
l 17 25
l 17 18
l 17 19
l 17 34
l 17 33
l 17 228
l 17 26
l 18 26
l 18 19
l 18 42
l 18 25
l 18 239
l 18 43
l 18 20
l 18 33
l 18 28
l 19 342
l 19 20
l 19 239
l 19 238
l 19 341
l 19 42
l 19 27
l 19 26
l 20 341
l 20 228
l 20 27
l 20 342
l 20 355
l 20 28
l 20 344
l 21 37
l 21 22
l 21 27
l 21 24
l 21 228
l 21 28
l 21 23
l 21 38
l 21 30
l 21 354
l 22 354
l 22 228
l 22 23
l 22 355
l 22 350
l 22 27
l 22 24
l 22 357
l 22 356
l 23 350
l 23 24
l 23 408
l 23 354
l 23 329
l 23 349
l 23 351
l 23 357
l 24 38
l 24 329
l 24 37
l 24 408
l 24 39
l 24 330
l 24 350
l 25 33
l 25 28
l 25 34
l 25 45
l 25 26
l 25 36
l 25 35
l 25 27
l 26 43
l 26 277
l 26 45
l 26 96
l 26 33
l 26 42
l 26 36
l 27 228
l 27 28
l 27 37
l 27 34
l 27 355
l 28 34
l 28 33
l 28 37
l 28 30
l 28 35
l 28 36
l 29 318
l 29 35
l 29 287
l 29 319
l 29 30
l 29 321
l 29 32
l 29 328
l 29 290
l 29 288
l 30 34
l 30 37
l 30 35
l 30 31
l 30 318
l 30 319
l 30 287
l 30 33
l 31 32
l 31 38
l 31 40
l 31 321
l 31 328
l 31 318
l 31 320
l 31 39
l 32 321
l 32 320
l 32 328
l 32 318
l 32 327
l 32 287
l 32 288
l 32 322
l 33 34
l 33 36
l 33 35
l 33 45
l 33 315
l 33 319
l 33 325
l 34 35
l 34 36
l 34 319
l 34 37
l 34 318
l 35 319
l 35 36
l 35 318
l 35 315
l 35 290
l 35 287
l 35 325
l 36 315
l 36 319
l 36 325
l 36 45
l 36 290
l 36 316
l 36 317
l 36 326
l 37 38
l 38 39
l 38 329
l 38 40
l 39 331
l 39 329
l 39 40
l 39 330
l 39 332
l 39 3551
l 40 332
l 40 322
l 40 320
l 40 333
l 40 331
l 40 321
l 40 327
l 41 44
l 41 244
l 41 42
l 41 98
l 41 240
l 41 43
l 41 84
l 41 86
l 41 245
l 41 239
l 42 43
l 42 239
l 42 44
l 42 240
l 42 96
l 42 84
l 43 96
l 43 44
l 43 84
l 43 82
l 43 81
l 43 277
l 44 84
l 44 98
l 44 86
l 44 81
l 44 85
l 44 96
l 44 244
l 45 278
l 45 315
l 45 317
l 45 277
l 45 276
l 45 316
l 45 325
l 46 67
l 46 47
l 46 431
l 46 83
l 46 49
l 46 82
l 46 64
l 46 66
l 46 460
l 46 48
l 47 277
l 47 67
l 47 82
l 47 48
l 47 49
l 47 83
l 47 431
l 47 96
l 47 276
l 48 49
l 48 276
l 48 421
l 48 292
l 48 431
l 48 418
l 48 295
l 48 420
l 49 431
l 49 292
l 49 295
l 49 421
l 49 276
l 49 293
l 49 460
l 50 51
l 50 53
l 50 244
l 50 52
l 50 138
l 50 98
l 50 245
l 50 97
l 50 54
l 50 99
l 51 97
l 51 52
l 51 98
l 51 99
l 51 244
l 51 86
l 51 89
l 51 88
l 51 100
l 52 54
l 52 99
l 52 53
l 52 100
l 52 97
l 52 55
l 52 58
l 52 88
l 53 55
l 53 54
l 53 139
l 53 138
l 53 57
l 53 99
l 53 142
l 54 58
l 54 100
l 54 99
l 54 55
l 54 101
l 54 57
l 54 97
l 55 57
l 55 142
l 55 58
l 55 144
l 55 139
l 55 56
l 56 57
l 56 104
l 56 58
l 56 59
l 56 143
l 56 284
l 56 144
l 56 63
l 57 58
l 57 143
l 57 144
l 57 59
l 57 142
l 58 59
l 58 101
l 58 100
l 58 99
l 58 102
l 59 101
l 59 63
l 59 102
l 59 104
l 59 100
l 59 60
l 60 61
l 60 102
l 60 282
l 60 94
l 60 63
l 60 281
l 60 416
l 60 62
l 60 95
l 60 93
l 61 416
l 61 281
l 61 282
l 61 3052
l 61 1907
l 61 3071
l 61 62
l 61 94
l 61 3912
l 62 417
l 62 63
l 62 3053
l 62 103
l 62 416
l 62 3047
l 62 3052
l 62 102
l 63 102
l 63 104
l 63 103
l 63 417
l 63 101
l 63 94
l 64 75
l 64 67
l 64 66
l 64 65
l 64 73
l 64 460
l 64 92
l 64 459
l 64 72
l 64 83
l 65 73
l 65 72
l 65 291
l 65 66
l 65 74
l 65 338
l 65 71
l 65 68
l 65 91
l 66 291
l 66 83
l 66 72
l 66 73
l 66 80
l 66 71
l 66 74
l 66 338
l 67 75
l 67 460
l 67 83
l 67 431
l 67 459
l 68 338
l 68 74
l 68 71
l 68 69
l 68 70
l 68 87
l 68 291
l 68 72
l 68 91
l 68 73
l 69 70
l 69 87
l 69 338
l 69 71
l 69 89
l 69 74
l 69 85
l 69 88
l 69 291
l 70 71
l 70 338
l 70 85
l 70 74
l 70 87
l 70 291
l 70 80
l 70 81
l 71 338
l 71 74
l 71 291
l 71 72
l 71 80
l 71 87
l 71 73
l 72 291
l 72 74
l 72 338
l 72 73
l 72 80
l 73 74
l 73 291
l 73 91
l 73 338
l 73 92
l 74 338
l 74 291
l 74 87
l 74 91
l 75 92
l 75 459
l 75 93
l 75 291
l 76 3048
l 76 77
l 76 79
l 76 3049
l 76 3500
l 76 280
l 76 1906
l 76 78
l 76 3167
l 76 279
l 77 78
l 77 279
l 77 459
l 77 79
l 77 280
l 77 460
l 77 3048
l 77 3049
l 77 295
l 78 79
l 78 295
l 78 460
l 78 431
l 78 3049
l 78 294
l 78 444
l 78 459
l 79 3049
l 79 294
l 79 3167
l 79 444
l 79 295
l 79 3057
l 79 3048
l 80 291
l 80 81
l 80 338
l 80 83
l 81 85
l 81 84
l 81 291
l 81 338
l 81 86
l 82 83
l 82 96
l 82 291
l 82 84
l 83 291
l 83 338
l 84 86
l 84 85
l 84 96
l 84 89
l 85 89
l 85 86
l 85 87
l 85 338
l 86 89
l 86 97
l 86 98
l 86 88
l 87 338
l 87 91
l 87 88
l 87 89
l 88 89
l 88 90
l 88 97
l 88 99
l 88 91
l 89 97
l 89 338
l 90 91
l 90 95
l 90 100
l 90 338
l 91 338
l 92 95
l 92 93
l 92 94
l 93 459
l 93 279
l 93 94
l 93 282
l 93 460
l 94 282
l 94 95
l 94 102
l 94 279
l 94 459
l 95 101
l 95 102
l 96 277
l 97 99
l 97 98
l 98 244
l 99 100
l 100 101
l 101 102
l 102 282
l 103 3047
l 103 104
l 103 283
l 103 3046
l 103 3162
l 103 417
l 103 3163
l 103 3053
l 104 284
l 104 283
l 104 3047
l 105 123
l 105 126
l 105 109
l 105 106
l 105 339
l 105 124
l 105 2787
l 105 110
l 105 125
l 106 109
l 106 108
l 106 190
l 106 110
l 106 107
l 106 123
l 106 2780
l 106 2781
l 107 2781
l 107 108
l 107 352
l 107 2795
l 107 2815
l 107 110
l 107 2780
l 107 2818
l 107 2808
l 107 2806
l 108 352
l 108 2781
l 108 353
l 108 2795
l 108 190
l 108 109
l 108 2793
l 108 2815
l 108 2780
l 109 110
l 109 2780
l 109 123
l 109 2781
l 109 126
l 109 2787
l 109 2808
l 110 2780
l 110 2808
l 110 2781
l 110 2787
l 110 126
l 110 2803
l 110 2815
l 110 2800
l 111 113
l 111 359
l 111 114
l 111 112
l 111 247
l 111 360
l 111 242
l 111 455
l 111 241
l 112 455
l 112 241
l 112 242
l 112 113
l 112 359
l 112 456
l 112 2797
l 112 2794
l 112 243
l 112 2811
l 113 360
l 113 455
l 113 456
l 113 241
l 113 116
l 113 242
l 113 114
l 113 359
l 114 263
l 114 360
l 114 116
l 114 264
l 114 359
l 115 116
l 115 122
l 115 118
l 115 117
l 115 358
l 115 360
l 115 119
l 115 456
l 115 2782
l 115 2783
l 116 360
l 116 456
l 116 117
l 116 455
l 116 118
l 116 2798
l 116 2797
l 117 2782
l 117 2798
l 117 456
l 117 2816
l 117 118
l 117 2817
l 117 2812
l 117 2797
l 117 2819
l 117 2811
l 118 2783
l 118 2782
l 118 119
l 118 2806
l 118 2817
l 118 2784
l 118 2798
l 118 2816
l 118 2818
l 119 2784
l 119 120
l 119 2783
l 119 2800
l 119 2785
l 119 2806
l 119 122
l 119 121
l 119 2801
l 120 2785
l 120 2784
l 120 437
l 120 2801
l 120 2796
l 120 121
l 120 436
l 120 2800
l 120 2807
l 121 122
l 121 436
l 121 344
l 121 343
l 121 437
l 121 2785
l 121 2784
l 122 343
l 122 358
l 122 2784
l 122 2783
l 123 126
l 123 2787
l 123 125
l 123 124
l 123 2786
l 123 2803
l 123 2780
l 124 125
l 124 339
l 124 2786
l 124 457
l 124 422
l 124 2799
l 124 2802
l 124 2810
l 124 126
l 125 2786
l 125 2802
l 125 2810
l 125 2799
l 125 457
l 125 126
l 125 2787
l 125 2807
l 125 2804
l 126 2787
l 126 2803
l 126 2786
l 126 2802
l 126 2780
l 126 2808
l 127 2788
l 127 132
l 127 2790
l 127 128
l 127 130
l 127 2789
l 127 131
l 127 231
l 127 2792
l 127 129
l 128 2789
l 128 2788
l 128 129
l 128 2790
l 128 132
l 128 2809
l 128 457
l 128 2792
l 128 130
l 129 130
l 129 2788
l 129 347
l 129 422
l 129 2789
l 129 132
l 129 2790
l 129 457
l 130 131
l 130 132
l 130 2788
l 130 2790
l 130 348
l 130 351
l 130 2789
l 131 132
l 131 232
l 131 351
l 131 2790
l 131 2788
l 131 231
l 131 357
l 132 2790
l 132 2788
l 132 231
l 132 2792
l 132 232
l 132 2789
l 133 259
l 133 135
l 133 134
l 133 164
l 133 260
l 133 249
l 133 165
l 133 3164
l 134 260
l 134 236
l 134 259
l 134 233
l 134 336
l 134 135
l 135 136
l 135 165
l 135 164
l 135 160
l 135 259
l 136 137
l 136 160
l 136 161
l 136 165
l 136 194
l 137 161
l 137 261
l 137 194
l 137 195
l 137 160
l 137 193
l 138 139
l 138 245
l 138 244
l 138 142
l 139 142
l 139 140
l 139 141
l 139 144
l 139 245
l 140 141
l 140 155
l 140 147
l 140 145
l 140 142
l 140 146
l 141 145
l 141 142
l 141 147
l 141 155
l 141 146
l 141 296
l 141 144
l 142 144
l 142 145
l 142 143
l 143 144
l 143 284
l 143 307
l 143 310
l 143 286
l 143 296
l 144 296
l 144 145
l 145 296
l 145 297
l 145 146
l 145 147
l 145 151
l 145 175
l 146 147
l 146 149
l 146 155
l 146 175
l 146 148
l 146 269
l 146 150
l 147 155
l 147 269
l 147 149
l 147 148
l 147 268
l 148 150
l 148 269
l 148 364
l 148 382
l 148 365
l 148 268
l 148 404
l 148 363
l 149 175
l 149 176
l 149 154
l 149 299
l 149 173
l 149 150
l 150 364
l 150 174
l 150 269
l 150 173
l 150 365
l 150 382
l 150 363
l 150 404
l 150 366
l 151 297
l 151 152
l 151 296
l 151 286
l 151 441
l 151 218
l 151 154
l 151 310
l 151 153
l 151 175
l 152 441
l 152 297
l 152 296
l 152 218
l 152 217
l 152 286
l 152 153
l 152 1320
l 152 442
l 153 154
l 153 442
l 153 298
l 153 175
l 153 453
l 153 299
l 153 441
l 153 1280
l 154 175
l 154 299
l 154 298
l 154 442
l 154 297
l 154 176
l 155 268
l 155 269
l 155 267
l 156 157
l 156 194
l 156 158
l 156 378
l 156 193
l 156 261
l 156 247
l 156 393
l 157 247
l 157 193
l 157 194
l 157 192
l 157 359
l 158 393
l 158 246
l 158 378
l 158 406
l 159 162
l 159 160
l 159 170
l 159 161
l 159 167
l 159 166
l 159 196
l 159 198
l 159 165
l 159 195
l 160 161
l 160 165
l 160 162
l 160 166
l 160 195
l 161 195
l 161 162
l 161 261
l 161 196
l 161 381
l 162 196
l 162 167
l 162 198
l 162 195
l 162 170
l 162 376
l 162 375
l 163 166
l 163 248
l 163 164
l 163 165
l 163 178
l 163 172
l 163 251
l 163 249
l 163 413
l 164 165
l 164 249
l 164 166
l 164 259
l 164 248
l 165 166
l 165 249
l 166 172
l 166 170
l 166 178
l 166 248
l 167 198
l 167 196
l 167 168
l 167 170
l 167 197
l 167 375
l 167 1776
l 167 376
l 168 197
l 168 270
l 168 169
l 168 274
l 168 198
l 168 170
l 168 1776
l 168 1767
l 168 181
l 169 270
l 169 271
l 169 170
l 169 171
l 169 197
l 169 274
l 169 172
l 169 272
l 170 172
l 170 198
l 170 197
l 170 171
l 171 177
l 171 272
l 171 172
l 171 271
l 171 273
l 171 178
l 171 270
l 172 178
l 172 177
l 173 176
l 173 300
l 173 202
l 173 174
l 173 207
l 173 299
l 173 364
l 174 365
l 174 384
l 174 364
l 174 366
l 174 363
l 174 202
l 174 404
l 174 382
l 175 299
l 175 176
l 175 297
l 175 298
l 175 296
l 176 299
l 176 207
l 176 300
l 176 298
l 176 208
l 177 250
l 177 273
l 177 178
l 177 272
l 177 275
l 177 251
l 177 271
l 178 251
l 178 250
l 178 248
l 178 412
l 179 180
l 179 387
l 179 182
l 179 183
l 179 181
l 179 388
l 179 389
l 179 184
l 179 200
l 179 271
l 180 271
l 180 181
l 180 184
l 180 270
l 180 182
l 180 183
l 180 272
l 180 274
l 180 387
l 181 274
l 181 270
l 181 199
l 181 182
l 181 1767
l 181 200
l 181 271
l 181 197
l 182 200
l 182 389
l 182 199
l 182 390
l 182 387
l 182 1766
l 182 274
l 183 253
l 183 388
l 183 184
l 183 391
l 183 387
l 183 252
l 183 392
l 184 252
l 184 272
l 184 271
l 184 253
l 184 273
l 184 388
l 184 255
l 185 221
l 185 188
l 185 395
l 185 397
l 185 186
l 185 187
l 185 204
l 185 222
l 185 398
l 185 396
l 186 187
l 186 204
l 186 206
l 186 221
l 186 205
l 186 203
l 186 227
l 186 188
l 186 201
l 187 227
l 187 188
l 187 205
l 187 226
l 187 423
l 187 204
l 187 256
l 187 206
l 188 256
l 188 396
l 188 395
l 188 227
l 188 400
l 188 399
l 188 423
l 189 190
l 189 191
l 189 192
l 189 353
l 189 242
l 189 359
l 190 353
l 190 191
l 190 352
l 190 2795
l 190 2781
l 191 353
l 191 242
l 191 359
l 191 243
l 191 241
l 191 192
l 191 2794
l 191 2793
l 192 359
l 192 247
l 192 193
l 192 242
l 192 353
l 193 247
l 193 194
l 193 359
l 194 261
l 194 247
l 195 261
l 195 381
l 195 196
l 195 376
l 195 378
l 195 198
l 195 377
l 196 198
l 196 376
l 196 375
l 196 381
l 196 197
l 196 1776
l 197 1776
l 197 274
l 197 198
l 197 1767
l 197 375
l 197 270
l 197 368
l 197 369
l 198 375
l 198 1776
l 198 376
l 198 372
l 198 369
l 199 200
l 199 1767
l 199 1765
l 199 1766
l 199 274
l 199 368
l 199 1776
l 199 484
l 200 1766
l 200 390
l 200 1765
l 200 1777
l 200 389
l 200 1767
l 200 368
l 201 362
l 201 204
l 201 384
l 201 527
l 201 222
l 201 520
l 201 202
l 201 522
l 201 366
l 202 203
l 202 300
l 202 225
l 202 384
l 202 365
l 202 206
l 203 206
l 203 225
l 203 224
l 203 204
l 203 205
l 203 300
l 204 221
l 204 222
l 204 206
l 204 362
l 205 226
l 205 206
l 205 301
l 205 302
l 205 305
l 205 224
l 205 306
l 206 224
l 206 301
l 206 226
l 206 225
l 207 208
l 207 300
l 207 210
l 207 299
l 207 209
l 207 219
l 207 298
l 207 225
l 208 219
l 208 209
l 208 298
l 208 299
l 208 220
l 208 453
l 208 1314
l 208 210
l 209 220
l 209 210
l 209 211
l 209 214
l 209 219
l 209 223
l 209 1313
l 209 300
l 210 214
l 210 225
l 210 300
l 210 211
l 210 224
l 210 220
l 210 213
l 211 212
l 211 223
l 211 214
l 211 220
l 211 213
l 211 426
l 211 825
l 211 257
l 212 257
l 212 426
l 212 213
l 212 427
l 212 223
l 212 214
l 212 258
l 212 826
l 212 425
l 213 214
l 213 258
l 213 257
l 213 301
l 213 224
l 213 424
l 213 302
l 214 224
l 214 225
l 214 301
l 214 258
l 214 223
l 215 285
l 215 216
l 215 309
l 215 452
l 215 308
l 215 1332
l 215 335
l 215 218
l 215 286
l 215 307
l 216 572
l 216 1332
l 216 285
l 216 452
l 216 217
l 216 573
l 216 218
l 216 309
l 216 308
l 217 218
l 217 1321
l 217 286
l 217 441
l 217 572
l 217 310
l 217 1309
l 218 286
l 218 310
l 218 307
l 218 285
l 218 309
l 219 1314
l 219 453
l 219 220
l 219 298
l 219 818
l 219 1281
l 219 1313
l 220 1313
l 220 223
l 220 1314
l 220 804
l 220 825
l 221 222
l 221 397
l 221 398
l 221 361
l 221 1778
l 221 362
l 222 361
l 222 398
l 222 362
l 222 1778
l 222 519
l 222 520
l 222 528
l 222 542
l 223 825
l 223 426
l 223 1313
l 223 826
l 223 807
l 223 804
l 224 225
l 224 301
l 224 302
l 224 258
l 225 300
l 225 301
l 226 305
l 226 306
l 226 227
l 226 302
l 226 304
l 226 303
l 226 301
l 227 423
l 227 256
l 227 305
l 227 464
l 227 400
l 228 355
l 228 341
l 228 354
l 228 356
l 229 230
l 229 232
l 229 436
l 229 356
l 229 231
l 229 437
l 229 2791
l 229 357
l 229 2792
l 229 2805
l 230 2791
l 230 231
l 230 2805
l 230 2804
l 230 437
l 230 2792
l 230 2796
l 230 232
l 230 2809
l 231 2792
l 231 2790
l 231 232
l 231 2788
l 231 2805
l 231 2789
l 231 2809
l 232 357
l 232 2790
l 232 2792
l 232 2788
l 233 337
l 233 236
l 233 235
l 233 234
l 233 260
l 233 3166
l 233 336
l 233 339
l 233 345
l 233 3745
l 234 345
l 234 3166
l 234 346
l 234 235
l 234 347
l 234 411
l 234 339
l 234 422
l 235 339
l 235 345
l 235 236
l 236 260
l 236 339
l 236 337
l 237 238
l 237 240
l 237 265
l 237 340
l 237 239
l 237 264
l 237 358
l 237 245
l 237 342
l 238 342
l 238 358
l 238 239
l 238 340
l 238 343
l 238 240
l 238 341
l 239 240
l 239 342
l 240 245
l 240 244
l 241 455
l 241 2797
l 241 2794
l 241 2811
l 241 242
l 241 243
l 241 2812
l 241 456
l 241 2798
l 242 243
l 242 455
l 242 2794
l 242 2811
l 242 2797
l 242 353
l 242 2812
l 242 2793
l 243 2794
l 243 2793
l 243 2797
l 243 2811
l 243 2812
l 243 2819
l 243 2816
l 243 2798
l 243 353
l 244 245
l 246 406
l 246 267
l 246 393
l 246 266
l 246 268
l 246 394
l 247 359
l 248 413
l 248 249
l 248 251
l 248 412
l 248 445
l 248 3760
l 249 445
l 249 259
l 249 3164
l 249 413
l 249 3761
l 250 415
l 250 275
l 250 251
l 250 414
l 250 273
l 250 3763
l 250 412
l 251 412
l 251 415
l 251 3762
l 251 413
l 252 255
l 252 253
l 252 273
l 252 254
l 252 272
l 252 275
l 252 385
l 252 386
l 253 391
l 253 254
l 253 392
l 253 388
l 253 255
l 253 385
l 254 385
l 254 392
l 254 255
l 254 458
l 254 391
l 254 3766
l 254 386
l 255 386
l 255 385
l 255 275
l 255 273
l 255 3765
l 255 414
l 256 400
l 256 423
l 256 396
l 256 399
l 256 401
l 256 446
l 257 425
l 257 427
l 257 454
l 257 258
l 257 426
l 257 424
l 257 3165
l 258 424
l 258 425
l 258 302
l 258 301
l 258 461
l 258 3165
l 259 3164
l 259 260
l 259 336
l 259 445
l 260 336
l 260 337
l 260 3164
l 261 378
l 261 381
l 262 265
l 262 263
l 262 264
l 262 266
l 262 340
l 263 264
l 263 360
l 263 265
l 264 340
l 264 265
l 264 360
l 264 358
l 265 266
l 265 340
l 266 267
l 267 268
l 267 406
l 267 269
l 268 269
l 268 383
l 268 406
l 268 382
l 268 407
l 269 382
l 269 364
l 269 383
l 269 404
l 270 274
l 270 271
l 270 1767
l 270 1776
l 271 272
l 271 274
l 272 273
l 272 275
l 273 275
l 273 386
l 274 1767
l 274 1776
l 274 368
l 274 1765
l 275 414
l 275 386
l 275 3787
l 275 415
l 276 278
l 276 418
l 276 429
l 276 421
l 276 317
l 276 432
l 276 277
l 277 278
l 278 317
l 278 429
l 278 316
l 278 432
l 278 433
l 278 315
l 278 418
l 278 326
l 279 280
l 279 459
l 279 282
l 279 281
l 279 1906
l 279 460
l 280 1906
l 280 3048
l 280 3070
l 280 281
l 280 1907
l 280 3500
l 280 282
l 281 1907
l 281 282
l 281 3071
l 281 1906
l 281 416
l 281 3070
l 281 5367
l 282 1907
l 282 459
l 283 3046
l 283 308
l 283 284
l 283 462
l 283 309
l 283 334
l 283 3163
l 283 3047
l 284 308
l 284 307
l 284 309
l 284 310
l 284 285
l 285 309
l 285 308
l 285 335
l 285 452
l 285 334
l 285 307
l 285 310
l 285 286
l 286 310
l 286 307
l 286 309
l 286 297
l 287 288
l 287 318
l 287 328
l 287 290
l 287 289
l 287 319
l 287 321
l 287 430
l 287 327
l 287 325
l 288 328
l 288 430
l 288 289
l 288 327
l 288 290
l 288 321
l 288 323
l 288 318
l 288 324
l 289 290
l 289 326
l 289 324
l 289 323
l 289 325
l 289 316
l 289 433
l 289 430
l 290 325
l 290 319
l 290 315
l 290 326
l 290 318
l 290 316
l 290 328
l 291 338
l 292 293
l 292 295
l 292 421
l 292 420
l 292 294
l 292 443
l 292 1909
l 292 444
l 293 443
l 293 420
l 293 294
l 293 3056
l 293 1909
l 293 444
l 293 3073
l 293 421
l 293 295
l 294 444
l 294 295
l 294 3057
l 294 443
l 294 3049
l 294 3056
l 295 431
l 295 444
l 295 3049
l 295 443
l 296 297
l 296 310
l 296 307
l 297 310
l 298 453
l 298 299
l 298 442
l 298 1281
l 299 453
l 301 302
l 301 306
l 302 306
l 302 424
l 302 303
l 302 461
l 303 306
l 303 3815
l 303 304
l 303 305
l 303 3816
l 303 461
l 303 3814
l 303 3738
l 304 3816
l 304 305
l 304 464
l 304 3738
l 304 3918
l 304 423
l 304 306
l 304 3815
l 305 306
l 305 423
l 305 3816
l 305 464
l 306 461
l 306 3815
l 306 424
l 307 310
l 307 309
l 307 308
l 308 309
l 308 334
l 308 462
l 308 335
l 308 452
l 309 335
l 309 334
l 309 452
l 309 462
l 309 310
l 311 312
l 311 314
l 311 323
l 311 439
l 311 313
l 311 430
l 311 463
l 311 324
l 311 434
l 311 433
l 312 463
l 312 3168
l 312 439
l 312 3952
l 312 313
l 312 438
l 312 434
l 312 314
l 312 3054
l 313 434
l 313 314
l 313 3054
l 313 432
l 313 428
l 313 3929
l 313 463
l 313 435
l 314 323
l 314 433
l 314 324
l 314 432
l 314 316
l 314 430
l 315 325
l 315 316
l 315 319
l 315 326
l 315 317
l 315 324
l 315 433
l 316 317
l 316 326
l 316 433
l 316 325
l 316 324
l 316 432
l 316 323
l 317 433
l 317 326
l 317 432
l 317 324
l 317 325
l 317 429
l 318 328
l 318 319
l 318 321
l 319 325
l 319 326
l 320 327
l 320 439
l 320 321
l 320 438
l 320 430
l 320 322
l 320 328
l 321 328
l 321 327
l 321 430
l 321 439
l 322 438
l 322 333
l 322 439
l 322 327
l 322 440
l 322 328
l 323 324
l 323 430
l 323 433
l 323 326
l 323 439
l 323 432
l 324 433
l 324 326
l 324 432
l 324 325
l 325 326
l 325 433
l 326 433
l 327 430
l 327 328
l 327 439
l 328 430
l 329 330
l 329 408
l 329 410
l 329 331
l 329 3839
l 329 3910
l 330 3839
l 330 410
l 330 331
l 330 3551
l 330 408
l 330 3910
l 330 3534
l 331 3551
l 331 332
l 331 3552
l 331 3839
l 331 3550
l 332 333
l 332 3552
l 332 3831
l 332 3551
l 332 440
l 333 440
l 333 3831
l 333 438
l 333 3934
l 333 439
l 333 3168
l 333 463
l 334 335
l 334 462
l 334 3051
l 334 3050
l 334 452
l 334 3059
l 334 3058
l 335 452
l 335 462
l 335 3051
l 335 3058
l 335 3050
l 335 3059
l 336 3772
l 336 337
l 336 3745
l 336 3164
l 336 3746
l 337 3745
l 337 3166
l 337 3748
l 337 411
l 337 3747
l 339 422
l 339 345
l 339 2786
l 339 457
l 340 358
l 340 360
l 340 343
l 341 344
l 341 355
l 341 343
l 341 342
l 341 356
l 341 436
l 342 343
l 342 358
l 342 344
l 343 344
l 343 358
l 343 436
l 343 355
l 344 436
l 344 356
l 344 355
l 344 437
l 345 422
l 345 347
l 345 457
l 345 346
l 345 2799
l 346 411
l 346 347
l 346 349
l 346 409
l 346 348
l 346 3851
l 346 3166
l 347 348
l 347 422
l 347 349
l 348 351
l 348 350
l 348 349
l 349 409
l 349 350
l 349 408
l 349 411
l 349 351
l 349 410
l 350 351
l 350 354
l 350 357
l 350 408
l 351 357
l 351 354
l 351 2790
l 352 2795
l 352 2793
l 352 353
l 352 2818
l 352 2781
l 352 2819
l 352 2794
l 353 2793
l 353 2795
l 353 2794
l 353 2819
l 353 2811
l 354 357
l 354 355
l 354 356
l 355 356
l 355 357
l 356 357
l 356 436
l 356 437
l 359 455
l 360 456
l 360 455
l 361 519
l 361 1778
l 361 528
l 361 542
l 361 520
l 361 3491
l 361 362
l 361 539
l 361 543
l 362 520
l 362 527
l 362 384
l 362 542
l 362 544
l 362 540
l 362 535
l 362 541
l 363 404
l 363 405
l 363 366
l 363 523
l 363 364
l 363 382
l 363 365
l 363 403
l 363 402
l 363 533
l 364 382
l 364 404
l 364 365
l 364 405
l 364 366
l 364 523
l 364 403
l 364 383
l 365 366
l 365 404
l 365 382
l 365 384
l 365 405
l 365 403
l 365 523
l 366 405
l 366 404
l 366 523
l 366 533
l 366 402
l 366 527
l 366 384
l 366 403
l 367 370
l 367 499
l 367 478
l 367 482
l 367 1779
l 367 480
l 367 566
l 367 497
l 367 369
l 367 568
l 368 1765
l 368 369
l 368 482
l 368 370
l 368 484
l 368 1779
l 368 499
l 368 1767
l 368 1776
l 369 1779
l 369 371
l 369 372
l 369 370
l 369 480
l 369 482
l 369 478
l 369 1776
l 370 478
l 370 1779
l 370 499
l 370 480
l 370 374
l 370 371
l 370 566
l 370 482
l 370 568
l 371 1779
l 371 372
l 371 478
l 371 374
l 371 477
l 371 373
l 371 480
l 372 1779
l 372 477
l 372 373
l 372 478
l 372 374
l 372 480
l 372 377
l 373 374
l 373 473
l 373 477
l 373 472
l 373 478
l 373 469
l 373 476
l 373 1779
l 373 564
l 374 478
l 374 477
l 374 1779
l 374 568
l 374 566
l 374 472
l 374 563
l 375 1776
l 375 376
l 375 1779
l 375 377
l 376 381
l 376 377
l 376 380
l 377 380
l 377 473
l 377 472
l 377 477
l 377 469
l 378 381
l 378 379
l 378 393
l 378 380
l 378 451
l 379 448
l 379 451
l 379 380
l 379 394
l 379 393
l 379 450
l 379 473
l 379 449
l 379 474
l 380 473
l 380 451
l 380 381
l 380 469
l 380 474
l 380 472
l 380 450
l 381 473
l 382 404
l 382 383
l 382 403
l 382 405
l 382 523
l 382 402
l 383 403
l 383 407
l 383 404
l 383 485
l 383 405
l 383 402
l 384 527
l 384 533
l 384 402
l 384 405
l 384 404
l 385 3766
l 385 3765
l 385 386
l 385 458
l 385 3894
l 385 3767
l 385 392
l 386 3765
l 386 414
l 386 3787
l 386 3766
l 387 389
l 387 395
l 387 388
l 387 396
l 387 397
l 387 390
l 388 391
l 388 396
l 388 399
l 388 395
l 388 392
l 388 389
l 389 390
l 389 397
l 389 395
l 389 398
l 389 1777
l 389 1766
l 390 1777
l 390 398
l 390 1766
l 390 1778
l 390 397
l 390 1765
l 390 526
l 390 490
l 391 392
l 391 399
l 391 401
l 391 396
l 392 458
l 392 401
l 392 399
l 392 447
l 393 394
l 393 406
l 393 448
l 393 407
l 393 518
l 394 518
l 394 448
l 394 407
l 394 449
l 394 485
l 394 505
l 394 406
l 394 451
l 395 397
l 395 396
l 395 398
l 396 399
l 396 397
l 396 401
l 397 398
l 397 1778
l 397 1777
l 398 1778
l 398 1777
l 398 528
l 398 526
l 398 492
l 399 401
l 399 400
l 399 447
l 400 446
l 400 423
l 400 401
l 400 447
l 400 464
l 400 3903
l 401 447
l 401 446
l 401 3902
l 401 458
l 402 403
l 402 533
l 402 405
l 402 486
l 402 485
l 402 532
l 402 527
l 402 404
l 402 523
l 403 405
l 403 404
l 403 485
l 403 533
l 403 523
l 404 405
l 404 523
l 405 523
l 405 533
l 405 524
l 406 407
l 406 518
l 406 485
l 407 485
l 407 518
l 407 486
l 407 505
l 408 410
l 408 409
l 408 3910
l 408 3839
l 409 411
l 409 3855
l 409 410
l 409 3910
l 409 3851
l 410 3910
l 410 3839
l 410 3855
l 410 3535
l 411 3851
l 411 3166
l 411 3855
l 411 3748
l 412 3762
l 412 415
l 412 413
l 412 3760
l 412 3690
l 412 3763
l 413 3760
l 413 445
l 413 3761
l 413 3675
l 413 3762
l 414 3787
l 414 3763
l 414 415
l 414 3784
l 414 3765
l 414 3689
l 415 3763
l 415 3762
l 415 3787
l 415 3689
l 416 3052
l 416 1907
l 416 3071
l 416 3912
l 416 5367
l 416 417
l 417 3053
l 417 3911
l 417 3052
l 417 3047
l 417 3162
l 418 419
l 418 421
l 418 429
l 418 428
l 418 1908
l 418 420
l 418 435
l 418 3072
l 419 1908
l 419 3072
l 419 428
l 419 420
l 419 435
l 419 1909
l 419 3055
l 419 421
l 419 5370
l 420 1909
l 420 421
l 420 3073
l 420 443
l 420 1908
l 420 3072
l 420 3056
l 421 1909
l 421 1908
l 421 443
l 421 3073
l 422 457
l 422 2799
l 422 2789
l 422 2809
l 422 2810
l 423 464
l 423 446
l 423 3918
l 424 461
l 424 425
l 424 3165
l 424 3919
l 425 3165
l 425 454
l 425 830
l 425 427
l 425 3920
l 426 826
l 426 427
l 426 825
l 426 827
l 426 814
l 426 807
l 427 827
l 427 454
l 427 828
l 427 826
l 427 813
l 427 1220
l 428 435
l 428 3055
l 428 429
l 428 434
l 428 3930
l 428 3054
l 428 1908
l 428 432
l 429 432
l 429 433
l 429 435
l 430 439
l 431 460
l 431 459
l 432 433
l 434 3054
l 434 3929
l 434 435
l 434 463
l 434 3168
l 434 3952
l 434 3055
l 435 3055
l 435 3930
l 435 3054
l 435 1908
l 435 3929
l 435 3923
l 436 437
l 436 2796
l 436 2791
l 436 2785
l 437 2796
l 437 2791
l 437 2807
l 437 2785
l 437 2804
l 437 2801
l 438 439
l 438 440
l 438 463
l 438 3168
l 438 3952
l 439 463
l 440 3168
l 440 3934
l 440 463
l 440 3952
l 440 3824
l 440 3933
l 441 1320
l 441 442
l 441 1308
l 441 1321
l 441 1280
l 442 1280
l 442 453
l 442 1320
l 442 822
l 442 1281
l 443 3056
l 443 3938
l 443 1909
l 443 444
l 443 3073
l 443 3057
l 443 3937
l 444 3057
l 444 3937
l 444 3049
l 444 3056
l 444 3167
l 444 3938
l 445 3761
l 445 3164
l 445 3771
l 445 3678
l 445 3760
l 446 3903
l 446 447
l 446 464
l 446 3918
l 446 3902
l 446 3768
l 447 3902
l 447 3903
l 447 458
l 447 3901
l 447 3894
l 448 449
l 448 451
l 448 450
l 448 518
l 448 582
l 448 511
l 448 507
l 448 474
l 449 507
l 449 582
l 449 511
l 449 505
l 449 450
l 449 518
l 449 506
l 449 510
l 449 583
l 450 474
l 450 3487
l 450 3486
l 450 582
l 450 451
l 450 3495
l 450 467
l 450 3488
l 450 470
l 451 474
l 451 473
l 451 469
l 451 3486
l 451 470
l 451 3487
l 452 1332
l 452 3058
l 452 462
l 452 3069
l 452 3051
l 453 1281
l 453 820
l 453 1280
l 453 1314
l 454 828
l 454 830
l 454 829
l 454 827
l 454 3165
l 454 1220
l 454 3945
l 455 456
l 455 2797
l 455 2812
l 455 2811
l 455 2794
l 455 2798
l 456 2797
l 456 2798
l 456 2812
l 456 2811
l 456 2816
l 456 2794
l 456 2819
l 457 2799
l 457 2810
l 457 2809
l 457 2789
l 457 2805
l 457 2804
l 457 2786
l 458 3894
l 458 3766
l 458 3902
l 458 3893
l 458 3901
l 459 460
l 461 3919
l 461 3815
l 461 3165
l 461 3769
l 461 3814
l 461 3920
l 462 3051
l 462 3050
l 462 3059
l 462 3058
l 462 3046
l 463 3168
l 463 3952
l 463 3824
l 463 3054
l 463 3929
l 464 3918
l 464 3903
l 464 3816
l 464 3739
l 465 569
l 465 568
l 465 564
l 465 567
l 465 570
l 465 466
l 465 563
l 465 566
l 465 468
l 465 1774
l 466 470
l 466 564
l 466 467
l 466 3486
l 466 468
l 466 471
l 466 1774
l 466 569
l 466 3487
l 467 3486
l 467 3495
l 467 468
l 467 3487
l 467 3494
l 467 1774
l 467 1775
l 467 470
l 467 3492
l 468 1774
l 468 3494
l 468 1775
l 468 3487
l 468 3495
l 468 3486
l 468 570
l 468 3493
l 469 472
l 469 470
l 469 474
l 469 471
l 469 473
l 469 564
l 469 475
l 469 476
l 469 3486
l 470 471
l 470 3486
l 470 474
l 470 564
l 470 475
l 470 3487
l 471 475
l 471 564
l 471 563
l 471 472
l 471 476
l 471 565
l 471 567
l 472 476
l 472 477
l 472 475
l 472 563
l 472 564
l 473 474
l 474 3486
l 474 3487
l 475 563
l 475 476
l 475 565
l 475 564
l 475 500
l 475 479
l 475 567
l 475 566
l 476 477
l 476 479
l 476 563
l 476 500
l 476 565
l 476 564
l 476 480
l 477 480
l 477 478
l 477 563
l 477 479
l 478 1779
l 478 480
l 478 566
l 478 568
l 479 500
l 479 480
l 479 565
l 479 481
l 479 563
l 479 497
l 479 566
l 480 500
l 480 482
l 480 1779
l 480 566
l 480 565
l 481 497
l 481 482
l 481 500
l 481 483
l 481 577
l 481 565
l 481 498
l 481 556
l 482 497
l 482 484
l 482 500
l 482 577
l 482 566
l 483 498
l 483 484
l 483 487
l 483 497
l 483 556
l 483 558
l 483 577
l 483 488
l 484 498
l 484 497
l 484 488
l 484 577
l 484 556
l 484 558
l 485 486
l 485 518
l 485 505
l 485 508
l 485 532
l 485 533
l 486 508
l 486 532
l 486 513
l 486 509
l 486 512
l 486 515
l 486 505
l 486 514
l 487 558
l 487 488
l 487 498
l 487 557
l 487 489
l 487 553
l 487 556
l 487 490
l 487 559
l 488 558
l 488 498
l 488 490
l 488 557
l 488 556
l 488 553
l 488 577
l 489 553
l 489 490
l 489 552
l 489 491
l 489 558
l 489 557
l 489 549
l 489 554
l 489 550
l 490 553
l 490 552
l 490 558
l 490 557
l 490 549
l 490 492
l 490 554
l 491 549
l 491 492
l 491 550
l 491 531
l 491 493
l 491 551
l 491 553
l 491 552
l 491 546
l 492 549
l 492 494
l 492 550
l 492 531
l 492 551
l 492 493
l 492 553
l 492 546
l 493 531
l 493 494
l 493 551
l 493 529
l 493 495
l 493 549
l 493 550
l 493 536
l 494 531
l 494 529
l 494 551
l 494 536
l 494 495
l 494 549
l 494 545
l 495 529
l 495 496
l 495 530
l 495 536
l 495 521
l 495 531
l 495 537
l 495 551
l 496 530
l 496 529
l 496 521
l 496 537
l 496 536
l 496 522
l 496 535
l 496 531
l 497 577
l 497 500
l 497 565
l 497 498
l 497 566
l 497 556
l 498 556
l 498 558
l 498 577
l 498 557
l 498 560
l 499 525
l 499 568
l 499 566
l 499 577
l 500 565
l 500 566
l 500 563
l 500 567
l 500 568
l 500 577
l 501 503
l 501 1773
l 501 1772
l 501 504
l 501 502
l 501 3490
l 501 548
l 501 578
l 501 3489
l 501 579
l 502 503
l 502 504
l 502 3493
l 502 1771
l 502 1773
l 502 578
l 502 1772
l 502 3490
l 502 3489
l 503 504
l 503 1772
l 503 1773
l 503 3489
l 503 1771
l 503 3490
l 503 3493
l 503 578
l 504 1772
l 504 3490
l 504 3491
l 504 1773
l 504 548
l 504 3489
l 504 528
l 505 506
l 505 510
l 505 508
l 505 509
l 505 515
l 505 516
l 505 511
l 505 507
l 505 514
l 506 510
l 506 509
l 506 515
l 506 508
l 506 514
l 506 516
l 506 512
l 506 507
l 506 513
l 507 511
l 507 582
l 507 510
l 507 583
l 507 517
l 507 516
l 507 3488
l 508 509
l 508 513
l 508 512
l 508 515
l 508 514
l 508 510
l 508 532
l 509 515
l 509 514
l 509 512
l 509 510
l 509 513
l 509 516
l 509 544
l 509 540
l 510 516
l 510 515
l 510 514
l 510 512
l 510 517
l 510 511
l 511 582
l 511 517
l 511 583
l 511 516
l 511 515
l 512 514
l 512 513
l 512 515
l 512 540
l 512 544
l 512 541
l 512 516
l 513 532
l 513 514
l 513 541
l 513 540
l 513 515
l 513 535
l 513 544
l 514 515
l 514 544
l 514 516
l 514 540
l 515 516
l 515 544
l 515 540
l 516 544
l 516 517
l 516 540
l 517 584
l 517 583
l 517 544
l 517 542
l 519 542
l 519 3491
l 519 543
l 519 538
l 519 539
l 519 528
l 519 3490
l 519 1772
l 519 545
l 520 544
l 520 542
l 520 540
l 520 539
l 520 541
l 520 537
l 520 535
l 521 530
l 521 522
l 521 534
l 521 535
l 521 529
l 521 537
l 521 541
l 521 532
l 522 534
l 522 524
l 522 535
l 522 530
l 522 533
l 522 527
l 522 523
l 523 524
l 523 533
l 523 534
l 524 534
l 524 533
l 524 527
l 525 526
l 525 581
l 525 570
l 525 569
l 525 3493
l 525 568
l 526 528
l 526 1772
l 526 1778
l 526 1777
l 526 3491
l 527 533
l 527 532
l 527 535
l 527 534
l 528 3491
l 528 1772
l 528 3490
l 528 1778
l 528 548
l 529 536
l 529 531
l 529 530
l 529 537
l 529 551
l 529 538
l 530 537
l 530 535
l 530 541
l 530 536
l 530 539
l 530 540
l 531 551
l 531 536
l 531 550
l 531 549
l 531 545
l 532 535
l 532 533
l 532 541
l 532 540
l 533 534
l 533 535
l 534 535
l 535 541
l 535 540
l 535 537
l 536 538
l 536 537
l 536 551
l 536 545
l 536 539
l 537 539
l 537 541
l 537 538
l 537 540
l 537 544
l 537 542
l 538 545
l 538 539
l 538 543
l 538 551
l 538 548
l 538 542
l 539 542
l 539 540
l 539 544
l 539 541
l 539 543
l 540 541
l 540 544
l 541 544
l 542 543
l 542 544
l 542 584
l 543 584
l 543 3490
l 543 3491
l 543 548
l 543 1772
l 543 3489
l 543 545
l 545 551
l 545 546
l 545 548
l 545 550
l 545 547
l 545 3491
l 546 550
l 546 547
l 546 554
l 546 548
l 546 555
l 546 549
l 546 552
l 546 551
l 546 579
l 547 579
l 547 1773
l 547 555
l 547 548
l 547 580
l 547 578
l 547 554
l 548 1772
l 548 3490
l 548 3491
l 548 1773
l 548 3489
l 549 550
l 549 551
l 549 552
l 549 553
l 549 554
l 550 551
l 550 552
l 550 554
l 552 554
l 552 553
l 552 559
l 552 555
l 552 557
l 552 562
l 553 557
l 553 554
l 553 558
l 553 559
l 553 555
l 554 555
l 554 559
l 554 562
l 554 580
l 554 579
l 554 557
l 555 580
l 555 579
l 555 562
l 555 559
l 555 578
l 555 1773
l 555 561
l 555 581
l 556 577
l 556 560
l 556 576
l 556 557
l 556 561
l 556 558
l 556 559
l 556 575
l 557 559
l 557 558
l 557 562
l 557 560
l 557 561
l 558 559
l 558 560
l 558 562
l 559 562
l 559 561
l 559 560
l 559 580
l 559 575
l 559 579
l 560 561
l 560 576
l 560 562
l 560 575
l 560 580
l 560 577
l 560 581
l 561 562
l 561 575
l 561 580
l 561 581
l 561 576
l 561 579
l 562 580
l 562 575
l 562 581
l 562 579
l 563 565
l 563 564
l 563 566
l 563 567
l 563 568
l 563 569
l 564 567
l 564 568
l 564 569
l 564 565
l 564 566
l 565 566
l 565 567
l 565 568
l 565 577
l 565 576
l 565 569
l 566 568
l 566 567
l 566 569
l 566 577
l 566 576
l 567 569
l 567 568
l 567 576
l 567 577
l 567 575
l 568 569
l 568 576
l 568 577
l 569 575
l 569 576
l 569 570
l 569 581
l 570 1774
l 570 581
l 570 1771
l 570 1775
l 570 3493
l 570 575
l 570 578
l 571 572
l 571 1310
l 571 574
l 571 573
l 571 1309
l 571 703
l 571 3062
l 571 1321
l 571 1428
l 572 573
l 572 1332
l 572 1321
l 572 574
l 572 1309
l 572 1310
l 573 1332
l 573 574
l 573 3060
l 573 3069
l 573 3061
l 573 4061
l 574 3062
l 574 3061
l 574 3060
l 574 1310
l 574 3169
l 574 1332
l 574 1428
l 575 576
l 575 581
l 575 580
l 575 578
l 576 577
l 576 581
l 578 581
l 578 579
l 578 1773
l 578 1771
l 578 580
l 578 3493
l 579 1773
l 579 580
l 579 581
l 579 1771
l 580 581
l 580 1773
l 581 1771
l 581 1773
l 581 3493
l 582 3488
l 582 583
l 582 3487
l 582 3495
l 582 3492
l 582 584
l 583 584
l 583 3488
l 583 3489
l 583 3492
l 583 3490
l 584 3489
l 584 3490
l 584 3488
l 584 3491
l 584 1772
l 585 588
l 585 1299
l 585 1298
l 585 592
l 585 1536
l 585 1317
l 585 703
l 585 702
l 585 586
l 585 1308
l 586 587
l 586 1298
l 586 711
l 586 610
l 586 1319
l 586 588
l 586 609
l 586 822
l 586 1308
l 587 822
l 587 610
l 587 711
l 587 1319
l 587 609
l 587 1298
l 587 1238
l 587 1280
l 587 1308
l 588 1308
l 588 1298
l 588 703
l 588 1309
l 588 1299
l 588 1320
l 588 1317
l 589 1900
l 589 1809
l 589 1895
l 589 1300
l 589 591
l 589 1299
l 589 1896
l 589 700
l 589 702
l 589 1317
l 590 1292
l 590 1295
l 590 1291
l 590 1296
l 590 591
l 590 697
l 590 700
l 590 593
l 590 606
l 590 1809
l 591 1809
l 591 1900
l 591 1292
l 591 1295
l 591 1895
l 591 1291
l 591 1296
l 591 700
l 592 1536
l 592 1317
l 592 1299
l 592 1318
l 592 1298
l 592 1900
l 592 1894
l 593 1293
l 593 1296
l 593 1290
l 593 594
l 593 606
l 593 1294
l 593 1291
l 593 1295
l 593 605
l 593 1292
l 594 696
l 594 1293
l 594 1297
l 594 1294
l 594 1290
l 594 667
l 594 697
l 594 605
l 594 606
l 595 626
l 595 598
l 595 2859
l 595 2858
l 595 597
l 595 596
l 595 623
l 595 3484
l 595 2857
l 595 695
l 596 625
l 596 597
l 596 668
l 596 626
l 596 624
l 596 623
l 596 667
l 596 651
l 596 694
l 597 695
l 597 598
l 597 694
l 597 668
l 597 625
l 597 626
l 597 2856
l 597 931
l 598 2856
l 598 2857
l 598 2858
l 598 695
l 598 626
l 598 2859
l 598 2855
l 599 600
l 599 3041
l 599 670
l 599 602
l 599 3043
l 599 3042
l 599 601
l 599 671
l 599 943
l 599 3031
l 600 943
l 600 3043
l 600 944
l 600 601
l 600 3041
l 600 687
l 600 602
l 600 3034
l 600 1352
l 601 687
l 601 602
l 601 943
l 601 653
l 601 686
l 601 944
l 601 688
l 601 654
l 602 671
l 602 654
l 602 670
l 602 653
l 602 943
l 602 687
l 602 690
l 603 1294
l 603 1290
l 603 1297
l 603 1293
l 603 604
l 603 675
l 603 650
l 603 667
l 603 651
l 604 650
l 604 651
l 604 641
l 604 1297
l 604 1294
l 604 675
l 604 624
l 604 1402
l 604 1290
l 605 606
l 605 1290
l 605 1293
l 605 675
l 605 1291
l 605 1294
l 605 1296
l 605 1297
l 606 1291
l 606 1296
l 606 1292
l 606 1295
l 606 1293
l 606 1290
l 607 608
l 607 712
l 607 743
l 607 1238
l 607 784
l 607 821
l 607 609
l 607 820
l 607 783
l 607 819
l 608 743
l 608 712
l 608 819
l 608 821
l 608 1238
l 608 1811
l 608 783
l 608 820
l 608 744
l 609 1238
l 609 610
l 609 711
l 609 821
l 609 712
l 609 784
l 609 1319
l 610 711
l 610 1319
l 610 1238
l 610 822
l 610 1298
l 610 821
l 610 1241
l 611 614
l 611 2869
l 611 612
l 611 613
l 611 1198
l 611 2868
l 611 1196
l 611 1426
l 611 2870
l 611 1425
l 612 613
l 612 3040
l 612 2870
l 612 3044
l 612 2869
l 612 614
l 612 1425
l 612 3039
l 612 1422
l 613 1425
l 613 614
l 613 3044
l 613 1426
l 613 1422
l 613 3040
l 613 1421
l 613 669
l 614 1426
l 614 1425
l 614 1196
l 614 1191
l 614 1198
l 614 1421
l 614 1422
l 615 1758
l 615 618
l 615 1759
l 615 616
l 615 2884
l 615 1193
l 615 617
l 615 660
l 615 1484
l 615 3481
l 616 660
l 616 617
l 616 1758
l 616 691
l 616 1427
l 616 661
l 616 2846
l 616 659
l 616 2831
l 617 2831
l 617 2846
l 617 618
l 617 1484
l 617 2832
l 617 1427
l 617 660
l 617 1758
l 618 1484
l 618 3481
l 618 2884
l 618 1759
l 618 1487
l 618 1758
l 618 2831
l 619 647
l 619 620
l 619 942
l 619 622
l 619 648
l 619 646
l 619 2840
l 619 2848
l 619 941
l 619 621
l 620 2840
l 620 622
l 620 942
l 620 621
l 620 647
l 620 2848
l 620 2841
l 620 1488
l 620 648
l 621 622
l 621 2841
l 621 1270
l 621 1269
l 621 2840
l 621 648
l 621 2852
l 621 1491
l 622 648
l 622 1269
l 622 1271
l 622 647
l 622 643
l 622 1270
l 622 2841
l 623 652
l 623 626
l 623 649
l 623 3484
l 623 2861
l 623 625
l 623 642
l 623 624
l 624 651
l 624 625
l 624 650
l 624 641
l 624 667
l 624 1297
l 624 652
l 624 676
l 625 651
l 625 667
l 625 650
l 625 668
l 625 652
l 625 626
l 625 641
l 626 3484
l 626 2859
l 626 652
l 626 2861
l 627 630
l 627 789
l 627 1679
l 627 628
l 627 1717
l 627 629
l 627 1396
l 627 1676
l 627 790
l 627 1311
l 628 629
l 628 790
l 628 2820
l 628 2821
l 628 789
l 628 1406
l 628 1397
l 628 630
l 628 1312
l 629 1397
l 629 2821
l 629 630
l 629 1410
l 629 2820
l 629 1396
l 629 1398
l 629 790
l 630 1396
l 630 1676
l 630 1679
l 630 1397
l 630 1674
l 630 1399
l 630 789
l 631 632
l 631 1324
l 631 1325
l 631 678
l 631 633
l 631 634
l 631 656
l 631 2830
l 631 677
l 631 1489
l 632 678
l 632 847
l 632 656
l 632 633
l 632 1325
l 632 677
l 632 655
l 632 1324
l 632 2920
l 633 677
l 633 634
l 633 721
l 633 801
l 633 831
l 633 1324
l 633 678
l 633 1493
l 634 1493
l 634 1324
l 634 721
l 634 722
l 634 677
l 634 1489
l 634 801
l 635 1509
l 635 638
l 635 1343
l 635 1511
l 635 1510
l 635 636
l 635 3010
l 635 1344
l 635 1843
l 635 637
l 636 1861
l 636 637
l 636 1401
l 636 1509
l 636 1831
l 636 3011
l 636 1875
l 636 638
l 636 1343
l 637 3011
l 637 1861
l 637 638
l 637 1830
l 637 1831
l 637 3010
l 637 1862
l 637 1509
l 638 3010
l 638 1509
l 638 1843
l 638 1510
l 638 3009
l 638 1511
l 638 1865
l 639 704
l 639 642
l 639 705
l 639 2862
l 639 2863
l 639 649
l 639 673
l 639 640
l 639 2860
l 639 1200
l 640 676
l 640 674
l 640 641
l 640 642
l 640 649
l 640 704
l 640 1545
l 640 650
l 640 651
l 641 650
l 641 651
l 641 676
l 641 674
l 641 1402
l 641 642
l 641 649
l 642 649
l 642 652
l 642 704
l 642 676
l 642 674
l 642 2863
l 643 648
l 643 644
l 643 737
l 643 646
l 643 738
l 643 647
l 643 1271
l 643 645
l 643 2955
l 644 2955
l 644 738
l 644 2956
l 644 645
l 644 646
l 644 2954
l 644 739
l 644 737
l 644 742
l 645 2954
l 645 646
l 645 2955
l 645 1423
l 645 1424
l 645 742
l 645 1420
l 645 2953
l 646 647
l 646 1424
l 646 648
l 646 1757
l 646 2954
l 646 1423
l 647 648
l 647 1757
l 647 942
l 647 1424
l 648 1271
l 648 737
l 648 1269
l 649 652
l 649 676
l 649 2860
l 649 2863
l 650 651
l 650 676
l 650 1297
l 650 1402
l 651 676
l 651 1297
l 651 667
l 652 2861
l 652 2860
l 653 654
l 653 686
l 653 930
l 653 687
l 653 693
l 653 1203
l 653 662
l 653 2847
l 654 690
l 654 662
l 654 671
l 654 930
l 654 2847
l 654 661
l 654 926
l 655 939
l 655 656
l 655 940
l 655 657
l 655 2833
l 655 2925
l 655 1325
l 655 658
l 655 678
l 656 1325
l 656 939
l 656 2833
l 656 1486
l 656 657
l 656 940
l 656 678
l 657 658
l 657 2833
l 657 706
l 657 1482
l 657 1450
l 657 1485
l 657 939
l 657 664
l 657 1486
l 658 706
l 658 1450
l 658 2928
l 658 1482
l 658 664
l 658 2833
l 658 939
l 658 663
l 659 1427
l 659 662
l 659 660
l 659 661
l 659 929
l 659 2847
l 659 2846
l 659 930
l 659 691
l 660 1758
l 660 661
l 660 1427
l 660 691
l 660 662
l 660 2846
l 661 1427
l 661 691
l 661 690
l 661 662
l 661 689
l 661 2846
l 662 2847
l 662 929
l 662 1427
l 662 930
l 662 690
l 662 926
l 662 2846
l 663 679
l 663 664
l 663 1449
l 663 2927
l 663 1482
l 663 1483
l 663 665
l 663 706
l 663 2832
l 664 1482
l 664 679
l 664 1449
l 664 1483
l 664 2832
l 664 1485
l 664 706
l 665 666
l 665 1483
l 665 680
l 665 858
l 665 3477
l 665 3479
l 665 679
l 665 2832
l 665 1449
l 666 680
l 666 858
l 666 2922
l 666 3477
l 666 1483
l 666 1345
l 666 3152
l 666 3479
l 666 679
l 667 1297
l 667 668
l 667 1294
l 667 675
l 668 694
l 668 696
l 668 1297
l 668 1294
l 669 1422
l 669 3045
l 669 670
l 669 3044
l 669 672
l 669 3042
l 669 1425
l 669 671
l 669 1421
l 669 3035
l 670 3042
l 670 671
l 670 3045
l 670 3041
l 670 672
l 670 1422
l 670 3038
l 671 672
l 671 690
l 671 1421
l 671 1422
l 671 689
l 672 1421
l 672 1422
l 672 689
l 672 1425
l 672 690
l 672 1426
l 672 3044
l 673 1200
l 673 704
l 673 1347
l 673 1199
l 673 1763
l 673 705
l 673 1538
l 673 674
l 674 676
l 674 1545
l 674 1402
l 674 1546
l 674 1762
l 674 704
l 675 1405
l 675 1297
l 675 1294
l 675 1290
l 675 1293
l 675 1402
l 676 1545
l 676 1402
l 677 831
l 677 801
l 677 2916
l 677 678
l 677 832
l 677 847
l 678 847
l 678 2920
l 678 939
l 678 940
l 678 831
l 679 1449
l 679 2927
l 679 3157
l 679 1483
l 679 1482
l 679 706
l 680 858
l 680 2922
l 680 3152
l 680 1345
l 680 3477
l 680 919
l 680 1483
l 680 1449
l 681 1272
l 681 683
l 681 682
l 681 1763
l 681 717
l 681 1868
l 681 684
l 681 1870
l 681 1538
l 681 718
l 682 1763
l 682 1762
l 682 1868
l 682 1867
l 682 1200
l 682 1870
l 682 683
l 682 1545
l 682 1272
l 683 1538
l 683 684
l 683 1272
l 683 1763
l 683 1199
l 683 1286
l 683 717
l 683 1200
l 684 1273
l 684 1286
l 684 1272
l 684 1274
l 684 1538
l 684 1869
l 684 717
l 684 1537
l 685 688
l 685 692
l 685 1256
l 685 686
l 685 687
l 685 1255
l 685 1350
l 685 943
l 685 944
l 685 1257
l 686 687
l 686 693
l 686 692
l 686 688
l 686 943
l 686 930
l 686 1203
l 687 943
l 687 688
l 687 944
l 687 3043
l 687 1350
l 688 944
l 688 1350
l 688 943
l 688 1256
l 688 1352
l 688 3043
l 689 690
l 689 1192
l 689 1421
l 689 691
l 689 1426
l 689 1191
l 690 1427
l 690 1421
l 690 691
l 691 1193
l 691 1192
l 691 1758
l 691 1427
l 692 2872
l 692 1255
l 692 2871
l 692 1256
l 692 693
l 692 1349
l 692 1258
l 693 928
l 693 1203
l 693 1349
l 693 930
l 693 1201
l 693 1202
l 693 2872
l 694 931
l 694 699
l 694 695
l 694 696
l 694 932
l 694 2814
l 695 932
l 695 2856
l 695 931
l 695 2853
l 695 3067
l 696 699
l 696 698
l 696 697
l 696 1297
l 696 1294
l 697 698
l 697 701
l 697 1292
l 697 700
l 697 1291
l 698 2813
l 698 701
l 698 699
l 698 2873
l 698 3074
l 698 2814
l 698 3079
l 699 2814
l 699 931
l 699 2813
l 699 3075
l 699 3067
l 699 3074
l 700 1301
l 700 1300
l 700 701
l 700 1895
l 700 1292
l 700 1900
l 701 2873
l 701 1301
l 701 3068
l 701 3079
l 701 3063
l 701 2813
l 702 703
l 702 1300
l 702 1299
l 702 1310
l 702 1428
l 702 1309
l 702 1317
l 703 1309
l 703 1310
l 703 1299
l 703 1321
l 703 1300
l 703 1308
l 704 1200
l 704 705
l 704 1347
l 704 2862
l 705 1347
l 705 2862
l 705 2864
l 705 1418
l 705 2863
l 705 1199
l 705 1200
l 706 1450
l 706 2928
l 706 3158
l 706 1482
l 706 939
l 707 1813
l 707 710
l 707 709
l 707 2950
l 707 708
l 707 1814
l 707 1815
l 707 735
l 707 1816
l 707 1244
l 708 1244
l 708 709
l 708 1829
l 708 1826
l 708 1813
l 708 2949
l 708 1243
l 708 1245
l 708 1828
l 709 2950
l 709 2949
l 709 1829
l 709 2939
l 709 1813
l 709 710
l 709 1244
l 709 1826
l 710 2968
l 710 2950
l 710 735
l 710 2966
l 710 1814
l 710 1813
l 710 736
l 710 1815
l 711 1319
l 711 1298
l 711 1241
l 711 822
l 711 1238
l 712 784
l 712 1238
l 712 1240
l 712 821
l 712 743
l 712 783
l 713 1842
l 713 714
l 713 1881
l 713 1841
l 713 1869
l 713 2943
l 713 1848
l 713 2944
l 713 1849
l 713 1880
l 714 1880
l 714 1869
l 714 716
l 714 1841
l 714 1274
l 714 1881
l 714 756
l 714 1842
l 714 1273
l 715 2905
l 715 716
l 715 1838
l 715 1505
l 715 756
l 715 1880
l 715 755
l 715 757
l 715 2941
l 715 754
l 716 1841
l 716 1880
l 716 2941
l 716 1838
l 716 756
l 716 2943
l 716 2940
l 717 1272
l 717 718
l 717 2904
l 717 1881
l 717 1848
l 717 1849
l 717 1869
l 717 1847
l 718 2904
l 718 1847
l 718 1848
l 718 1849
l 718 1272
l 718 1881
l 718 1846
l 718 1860
l 718 720
l 719 2903
l 719 720
l 719 1878
l 719 1870
l 719 1879
l 719 1847
l 719 2904
l 719 1846
l 719 1433
l 720 1870
l 720 2903
l 720 1868
l 720 1878
l 720 2904
l 720 1847
l 720 1879
l 720 1433
l 721 801
l 721 722
l 721 800
l 721 803
l 721 832
l 721 1493
l 721 799
l 722 1492
l 722 800
l 722 1493
l 722 799
l 722 801
l 722 1490
l 722 803
l 723 894
l 723 724
l 723 796
l 723 726
l 723 2909
l 723 795
l 723 725
l 723 895
l 723 1254
l 723 762
l 724 2909
l 724 725
l 724 762
l 724 2907
l 724 726
l 724 765
l 724 1437
l 724 894
l 724 1254
l 725 726
l 725 765
l 725 1271
l 725 762
l 725 1269
l 725 737
l 725 2907
l 725 2909
l 726 795
l 726 1269
l 726 1270
l 726 1271
l 726 796
l 726 2842
l 726 765
l 727 1214
l 727 730
l 727 1754
l 727 729
l 727 2952
l 727 3483
l 727 728
l 727 1755
l 727 1217
l 727 3030
l 728 1215
l 728 729
l 728 2885
l 728 1214
l 728 897
l 728 2951
l 728 1754
l 728 3007
l 728 1216
l 729 2951
l 729 3007
l 729 1215
l 729 730
l 729 1214
l 729 897
l 729 2998
l 729 2999
l 730 2952
l 730 1214
l 730 2951
l 730 3030
l 730 3483
l 730 3008
l 730 3029
l 730 2998
l 731 734
l 731 2970
l 731 2887
l 731 736
l 731 735
l 731 2882
l 731 1814
l 731 733
l 731 2969
l 731 2886
l 732 733
l 732 896
l 732 2886
l 732 2969
l 732 2883
l 732 2970
l 732 897
l 732 2885
l 732 1216
l 732 1215
l 733 2886
l 733 2883
l 733 896
l 733 1821
l 733 2970
l 733 1216
l 733 1820
l 733 2882
l 734 2887
l 734 2882
l 734 1814
l 734 2970
l 734 735
l 734 1815
l 734 2888
l 734 736
l 734 1820
l 735 1814
l 735 736
l 735 2968
l 735 1815
l 735 2970
l 735 2887
l 736 2967
l 736 2968
l 736 2970
l 736 2936
l 736 1814
l 736 2969
l 737 1271
l 737 765
l 737 738
l 737 764
l 737 763
l 737 2956
l 738 764
l 738 2956
l 738 2957
l 738 2955
l 738 2958
l 738 763
l 738 765
l 739 760
l 739 759
l 739 742
l 739 740
l 739 2956
l 739 2955
l 739 758
l 739 761
l 739 2957
l 739 741
l 740 759
l 740 741
l 740 742
l 740 754
l 740 1288
l 740 758
l 740 755
l 740 760
l 740 2906
l 741 1288
l 741 742
l 741 1420
l 741 1284
l 741 754
l 741 1419
l 741 759
l 741 755
l 741 2954
l 742 2955
l 742 1420
l 742 2954
l 742 759
l 742 1288
l 742 2956
l 742 760
l 743 819
l 743 818
l 743 744
l 743 1811
l 743 821
l 743 820
l 743 1238
l 744 1811
l 744 745
l 744 1812
l 744 819
l 744 1810
l 744 783
l 744 805
l 744 2880
l 745 805
l 745 1810
l 745 819
l 745 804
l 745 1812
l 745 1811
l 745 818
l 745 2973
l 746 749
l 746 747
l 746 2974
l 746 1821
l 746 1303
l 746 748
l 746 1304
l 746 815
l 746 2876
l 746 2883
l 747 748
l 747 2974
l 747 1818
l 747 749
l 747 1821
l 747 1820
l 747 815
l 747 1817
l 747 2973
l 748 1820
l 748 1818
l 748 1821
l 748 749
l 748 1817
l 748 2974
l 748 2883
l 748 2973
l 749 1821
l 749 2974
l 749 2883
l 749 1303
l 749 1304
l 749 2876
l 749 1219
l 750 2932
l 750 751
l 750 753
l 750 1236
l 750 3027
l 750 2933
l 750 752
l 750 2998
l 750 1237
l 750 3008
l 751 752
l 751 2850
l 751 1237
l 751 753
l 751 1236
l 751 2851
l 751 3026
l 751 2932
l 751 3015
l 752 3015
l 752 753
l 752 3026
l 752 3506
l 752 3016
l 752 2850
l 752 3027
l 752 4240
l 753 3027
l 753 3016
l 753 3509
l 753 2932
l 753 3015
l 753 3008
l 753 3028
l 754 755
l 754 1288
l 754 2905
l 754 759
l 754 1284
l 754 758
l 754 2906
l 754 1504
l 755 2905
l 755 1288
l 755 1504
l 755 2906
l 755 759
l 755 758
l 755 1505
l 756 757
l 756 1880
l 756 1289
l 756 1285
l 756 1284
l 756 2905
l 756 1274
l 757 1289
l 757 1880
l 757 1285
l 757 1284
l 757 1287
l 757 1288
l 757 2905
l 758 2906
l 758 759
l 758 1504
l 758 760
l 758 761
l 758 2960
l 759 2906
l 759 760
l 759 761
l 760 761
l 760 2956
l 760 2957
l 760 2960
l 760 2958
l 760 2906
l 761 2960
l 761 2957
l 761 2958
l 761 2962
l 761 2959
l 761 2906
l 762 2907
l 762 765
l 762 763
l 762 2908
l 762 764
l 762 1437
l 762 1436
l 762 2909
l 763 2908
l 763 764
l 763 2958
l 763 2959
l 763 2957
l 763 1436
l 763 765
l 763 2961
l 764 2957
l 764 2958
l 764 2956
l 764 765
l 764 2959
l 764 2908
l 765 1271
l 765 2908
l 765 2907
l 766 769
l 766 3017
l 766 2839
l 766 767
l 766 3174
l 766 768
l 766 2827
l 766 4254
l 766 1212
l 766 3018
l 767 3018
l 767 768
l 767 3017
l 767 3026
l 767 2850
l 767 769
l 767 4257
l 767 3506
l 767 1213
l 768 1213
l 768 769
l 768 2850
l 768 2851
l 768 1212
l 768 3026
l 768 2844
l 768 3018
l 769 1212
l 769 2827
l 769 2839
l 769 1213
l 769 2828
l 769 1495
l 769 3017
l 770 771
l 770 1546
l 770 1403
l 770 1503
l 770 1866
l 770 773
l 770 1402
l 770 1283
l 770 1762
l 770 1867
l 771 1503
l 771 773
l 771 781
l 771 772
l 771 1403
l 771 778
l 771 1544
l 771 1283
l 771 1866
l 772 773
l 772 1544
l 772 1871
l 772 1404
l 772 1539
l 772 781
l 772 1403
l 772 1405
l 772 1508
l 773 1403
l 773 1404
l 773 1405
l 773 1871
l 773 1544
l 773 1539
l 773 781
l 774 1877
l 774 775
l 774 1902
l 774 777
l 774 1893
l 774 1879
l 774 2993
l 774 2992
l 774 776
l 774 1878
l 775 2993
l 775 1877
l 775 2992
l 775 777
l 775 776
l 775 1893
l 775 1902
l 775 1903
l 775 2997
l 776 777
l 776 2978
l 776 2994
l 776 1903
l 776 2975
l 776 2993
l 776 2977
l 776 1904
l 777 1903
l 777 2978
l 777 1904
l 777 1877
l 777 1902
l 777 2994
l 777 2975
l 778 1282
l 778 781
l 778 1503
l 778 779
l 778 788
l 778 1283
l 778 780
l 778 792
l 778 1544
l 779 792
l 779 780
l 779 1381
l 779 793
l 779 1282
l 779 1384
l 779 781
l 779 791
l 779 788
l 780 1412
l 780 781
l 780 1384
l 780 1544
l 780 1413
l 780 1381
l 780 792
l 780 1411
l 781 1544
l 781 1503
l 781 1412
l 781 1282
l 782 783
l 782 1850
l 782 1811
l 782 784
l 782 1822
l 782 2890
l 782 2889
l 783 1811
l 783 1850
l 783 2880
l 783 784
l 784 1240
l 784 1238
l 784 1239
l 784 821
l 784 1850
l 785 786
l 785 1283
l 785 1433
l 785 1867
l 785 1503
l 785 1868
l 785 1866
l 785 788
l 785 1434
l 785 787
l 786 1433
l 786 1434
l 786 1283
l 786 1902
l 786 1870
l 786 1868
l 786 787
l 786 1867
l 787 788
l 787 1432
l 787 1431
l 787 1282
l 787 1433
l 787 1414
l 787 1904
l 787 1434
l 788 1282
l 788 1432
l 788 1283
l 788 793
l 788 792
l 788 1414
l 789 1311
l 789 1717
l 789 790
l 789 1680
l 789 1679
l 789 1312
l 789 1315
l 790 1312
l 790 1406
l 790 2820
l 790 1407
l 790 1311
l 790 1316
l 791 794
l 791 1381
l 791 1386
l 791 792
l 791 1382
l 791 793
l 791 1415
l 791 1233
l 791 1384
l 792 793
l 792 1282
l 792 1414
l 792 1381
l 792 794
l 793 1414
l 793 794
l 793 1261
l 793 1282
l 793 1415
l 794 1415
l 794 1386
l 794 1233
l 794 1414
l 794 1381
l 794 1260
l 794 1234
l 795 2842
l 795 796
l 795 1270
l 795 2852
l 795 1269
l 795 2843
l 795 1268
l 796 895
l 796 2843
l 796 2845
l 796 2842
l 796 894
l 796 2826
l 797 802
l 797 891
l 797 798
l 797 800
l 797 799
l 797 888
l 797 803
l 797 2837
l 797 889
l 797 846
l 798 2837
l 798 799
l 798 1189
l 798 1190
l 798 891
l 798 800
l 798 2836
l 798 890
l 798 1267
l 799 800
l 799 1190
l 799 1492
l 799 803
l 799 1266
l 799 1189
l 800 803
l 800 802
l 800 801
l 800 1492
l 800 845
l 801 832
l 801 803
l 801 845
l 801 831
l 801 2917
l 802 846
l 802 888
l 802 803
l 802 887
l 802 845
l 802 891
l 802 2919
l 803 845
l 803 846
l 803 832
l 803 2918
l 804 1313
l 804 805
l 804 806
l 804 807
l 804 1314
l 804 818
l 804 825
l 804 2973
l 805 1313
l 805 818
l 805 1810
l 805 819
l 805 2973
l 805 806
l 805 1314
l 806 807
l 806 2973
l 806 1818
l 806 825
l 806 2974
l 806 815
l 806 1817
l 806 1313
l 807 825
l 807 814
l 807 815
l 807 1313
l 807 2973
l 807 826
l 807 2974
l 808 816
l 808 3087
l 808 811
l 808 809
l 808 817
l 808 1790
l 808 810
l 808 3086
l 808 1792
l 808 1795
l 809 817
l 809 810
l 809 823
l 809 938
l 809 824
l 809 811
l 809 816
l 809 1795
l 809 1797
l 810 811
l 810 824
l 810 1447
l 810 823
l 810 1455
l 810 1448
l 810 817
l 810 938
l 811 3086
l 811 1448
l 811 3085
l 811 3087
l 811 1447
l 811 816
l 811 824
l 812 813
l 812 1303
l 812 814
l 812 815
l 812 1221
l 812 827
l 812 1304
l 812 1302
l 812 1220
l 812 826
l 813 827
l 813 1220
l 813 814
l 813 826
l 813 1221
l 813 828
l 813 815
l 813 1303
l 814 815
l 814 826
l 814 825
l 814 2974
l 814 827
l 815 2974
l 815 826
l 815 1303
l 816 1792
l 816 1790
l 816 817
l 816 1795
l 816 1789
l 816 1791
l 816 3087
l 816 1794
l 817 1795
l 817 938
l 817 1797
l 817 1794
l 817 1792
l 817 823
l 817 1796
l 818 819
l 818 1314
l 818 1281
l 818 820
l 819 1314
l 819 820
l 819 1281
l 819 821
l 820 821
l 820 1281
l 820 1238
l 820 1280
l 820 822
l 821 1238
l 821 1281
l 821 822
l 822 1280
l 822 1308
l 822 1320
l 822 1238
l 823 938
l 823 824
l 823 867
l 823 868
l 823 933
l 823 1797
l 823 1798
l 824 1455
l 824 933
l 824 867
l 824 1447
l 824 3129
l 824 938
l 824 868
l 825 826
l 825 1313
l 826 827
l 827 828
l 827 1220
l 827 1221
l 828 1220
l 828 829
l 828 3471
l 828 830
l 828 1221
l 828 3013
l 829 3471
l 829 830
l 829 4316
l 829 3945
l 829 4703
l 829 1220
l 829 3013
l 829 4704
l 830 3945
l 830 4316
l 830 3165
l 830 3920
l 830 3471
l 830 3922
l 831 2916
l 831 1794
l 831 832
l 831 847
l 831 2917
l 831 2920
l 832 2917
l 832 845
l 832 2918
l 832 1791
l 832 2916
l 833 3088
l 833 836
l 833 834
l 833 3082
l 833 3083
l 833 835
l 833 3090
l 833 3097
l 833 1263
l 833 3084
l 834 854
l 834 835
l 834 1263
l 834 3082
l 834 1231
l 834 836
l 834 855
l 834 3088
l 834 3083
l 835 836
l 835 1231
l 835 839
l 835 871
l 835 838
l 835 854
l 835 3090
l 835 3088
l 836 3090
l 836 3088
l 836 838
l 836 839
l 836 885
l 836 3096
l 836 3083
l 837 886
l 837 840
l 837 1541
l 837 1540
l 837 3103
l 837 838
l 837 885
l 837 1477
l 837 872
l 837 883
l 838 839
l 838 885
l 838 3090
l 838 840
l 838 886
l 838 871
l 838 884
l 839 871
l 839 840
l 839 872
l 839 1231
l 839 885
l 839 1362
l 840 1540
l 840 872
l 840 1477
l 840 1541
l 840 1365
l 840 4324
l 840 4357
l 841 1248
l 841 842
l 841 844
l 841 3485
l 841 1247
l 841 843
l 841 3121
l 841 3159
l 841 3119
l 841 3100
l 842 3100
l 842 843
l 842 3159
l 842 844
l 842 3099
l 842 3485
l 842 3160
l 842 1786
l 842 3113
l 843 3113
l 843 3099
l 843 844
l 843 3122
l 843 3107
l 843 3100
l 843 3114
l 843 3098
l 844 3107
l 844 1247
l 844 3110
l 844 3113
l 844 1248
l 844 3108
l 844 3099
l 845 2918
l 845 846
l 845 2919
l 845 2917
l 845 1793
l 846 2919
l 846 887
l 846 2912
l 846 2918
l 846 888
l 846 3101
l 847 2920
l 847 1796
l 847 940
l 847 2925
l 847 939
l 847 2916
l 848 1230
l 848 849
l 848 873
l 848 851
l 848 1479
l 848 850
l 848 1229
l 848 874
l 848 1323
l 848 905
l 849 905
l 849 850
l 849 874
l 849 906
l 849 873
l 849 958
l 849 851
l 849 960
l 849 1230
l 850 906
l 850 851
l 850 903
l 850 904
l 850 945
l 850 905
l 850 974
l 850 972
l 851 1229
l 851 945
l 851 903
l 851 1230
l 851 1264
l 851 1322
l 851 906
l 852 855
l 852 902
l 852 903
l 852 853
l 852 963
l 852 904
l 852 854
l 852 945
l 852 971
l 852 1263
l 853 854
l 853 963
l 853 898
l 853 899
l 853 1231
l 853 902
l 853 855
l 853 1462
l 854 1231
l 854 855
l 854 898
l 854 1263
l 854 963
l 855 1263
l 855 945
l 855 903
l 855 1264
l 855 902
l 855 3082
l 856 857
l 856 919
l 856 2921
l 856 3151
l 856 1345
l 856 1346
l 856 2824
l 856 1803
l 856 920
l 856 858
l 857 2921
l 857 919
l 857 3151
l 857 1803
l 857 1345
l 857 1346
l 857 920
l 857 921
l 857 2824
l 858 2922
l 858 3152
l 858 1345
l 858 919
l 858 3477
l 858 1802
l 859 860
l 859 918
l 859 1337
l 859 2923
l 859 1338
l 859 1768
l 859 3153
l 859 1336
l 859 1806
l 859 2924
l 860 2923
l 860 3153
l 860 1337
l 860 1338
l 860 918
l 860 1768
l 860 1806
l 860 1336
l 860 1805
l 861 862
l 861 2924
l 861 3154
l 861 917
l 861 1805
l 861 918
l 861 1333
l 861 1206
l 861 1804
l 862 917
l 862 2924
l 862 3154
l 862 1333
l 862 918
l 862 1805
l 862 1204
l 862 2926
l 862 3156
l 863 1339
l 863 864
l 863 1498
l 863 866
l 863 865
l 863 3145
l 863 1163
l 863 1207
l 863 1162
l 863 1340
l 864 1805
l 864 1207
l 864 3154
l 864 1806
l 864 865
l 864 1498
l 864 2924
l 864 3153
l 865 1806
l 865 866
l 865 1808
l 865 3153
l 865 1807
l 865 3511
l 865 1340
l 865 1339
l 866 1340
l 866 3511
l 866 1339
l 866 1808
l 866 3146
l 866 3145
l 866 3144
l 866 1806
l 867 868
l 867 933
l 867 870
l 867 869
l 867 1798
l 867 1514
l 867 938
l 867 1799
l 868 1798
l 868 938
l 868 869
l 868 3155
l 868 1799
l 868 870
l 868 1797
l 868 933
l 869 870
l 869 1799
l 869 1514
l 869 3158
l 869 1800
l 869 1801
l 869 1512
l 869 1798
l 870 1514
l 870 1799
l 870 1800
l 870 1512
l 870 3134
l 870 1513
l 870 3158
l 871 901
l 871 872
l 871 1231
l 871 1362
l 871 1365
l 871 1477
l 872 1477
l 872 1365
l 872 1362
l 872 1540
l 872 4357
l 872 1364
l 872 4837
l 873 1479
l 873 874
l 873 876
l 873 1502
l 873 1230
l 873 875
l 873 1478
l 873 3480
l 874 958
l 874 875
l 874 876
l 874 905
l 874 907
l 874 961
l 874 1479
l 875 876
l 875 907
l 875 878
l 875 877
l 875 908
l 875 958
l 875 1502
l 875 946
l 876 1502
l 876 877
l 876 1501
l 876 878
l 876 3480
l 876 3135
l 876 1479
l 877 1501
l 877 878
l 877 1500
l 877 1160
l 877 1161
l 877 3135
l 877 1367
l 877 1502
l 878 908
l 878 1367
l 878 1500
l 878 907
l 878 1366
l 878 1501
l 878 1160
l 879 880
l 879 1452
l 879 3132
l 879 1209
l 879 1227
l 879 3150
l 879 1208
l 879 1210
l 879 4365
l 879 1167
l 880 1452
l 880 3132
l 880 1209
l 880 1227
l 880 1167
l 880 1210
l 880 1166
l 880 4365
l 880 3150
l 881 882
l 881 1453
l 881 3133
l 881 3143
l 881 3148
l 881 1208
l 881 1226
l 881 3145
l 881 3144
l 881 3149
l 882 1453
l 882 3133
l 882 3143
l 882 3148
l 882 1208
l 882 3145
l 882 1226
l 882 3144
l 882 3149
l 883 886
l 883 3141
l 883 3482
l 883 884
l 883 3103
l 883 3142
l 883 3140
l 883 885
l 883 3119
l 884 885
l 884 3140
l 884 3089
l 884 3105
l 884 886
l 884 3141
l 884 3090
l 884 3118
l 885 3090
l 885 886
l 885 3089
l 885 3140
l 886 3103
l 886 1541
l 886 3482
l 886 3141
l 887 2929
l 887 2912
l 887 888
l 887 2911
l 887 2919
l 887 889
l 887 2930
l 887 2913
l 888 889
l 888 891
l 888 2929
l 888 890
l 888 2931
l 888 2930
l 889 2931
l 889 890
l 889 2929
l 889 891
l 889 2930
l 889 3125
l 889 2915
l 890 891
l 890 3125
l 890 2834
l 890 2837
l 890 2931
l 890 1252
l 891 2837
l 891 2834
l 891 3125
l 891 2931
l 892 895
l 892 893
l 892 2851
l 892 2844
l 892 894
l 892 1213
l 892 2845
l 892 1237
l 893 894
l 893 1254
l 893 1237
l 893 895
l 893 1253
l 893 2851
l 893 2909
l 894 895
l 894 2909
l 894 1254
l 894 1253
l 895 2845
l 895 2844
l 895 2843
l 895 2909
l 896 897
l 896 2969
l 896 1215
l 896 2972
l 896 2885
l 896 2886
l 896 3007
l 897 3007
l 897 2972
l 897 1215
l 897 2971
l 897 2969
l 897 2885
l 898 1231
l 898 899
l 898 901
l 898 900
l 898 963
l 898 934
l 899 900
l 899 963
l 899 1460
l 899 1459
l 899 1462
l 899 935
l 899 968
l 899 902
l 900 935
l 900 1459
l 900 968
l 900 901
l 900 934
l 900 1460
l 900 4420
l 900 4423
l 901 1362
l 901 934
l 901 1363
l 901 1139
l 901 1364
l 901 4838
l 901 4627
l 902 971
l 902 963
l 902 904
l 902 1462
l 902 903
l 902 972
l 902 970
l 902 1463
l 903 904
l 903 945
l 903 906
l 903 972
l 903 971
l 904 972
l 904 906
l 904 971
l 904 974
l 904 973
l 904 970
l 905 960
l 905 906
l 905 958
l 905 974
l 905 961
l 905 959
l 905 975
l 906 974
l 906 972
l 906 960
l 906 975
l 906 973
l 907 946
l 907 908
l 907 958
l 907 961
l 907 947
l 907 949
l 908 947
l 908 1366
l 908 1367
l 908 946
l 908 1368
l 908 948
l 909 1225
l 909 4708
l 909 910
l 909 4395
l 909 4711
l 909 4709
l 909 4710
l 909 964
l 909 1228
l 909 1226
l 910 4395
l 910 4398
l 910 953
l 910 4451
l 910 4708
l 910 4709
l 910 965
l 910 911
l 910 4450
l 911 912
l 911 1143
l 911 1366
l 911 4395
l 911 953
l 911 1368
l 911 4398
l 911 1367
l 912 1275
l 912 1225
l 912 1367
l 912 1163
l 912 1226
l 912 1366
l 912 3145
l 913 1480
l 913 914
l 913 1161
l 913 1205
l 913 1206
l 913 1804
l 913 1803
l 913 1160
l 913 3156
l 913 1207
l 914 1480
l 914 1161
l 914 1205
l 914 1803
l 914 3135
l 914 1804
l 914 1206
l 914 1481
l 914 1160
l 915 916
l 915 1481
l 915 1451
l 915 1802
l 915 3135
l 915 3152
l 915 1803
l 915 3476
l 915 1205
l 915 1513
l 916 1451
l 916 1481
l 916 1802
l 916 3152
l 916 3135
l 916 2922
l 916 1803
l 916 1513
l 916 3151
l 917 1333
l 917 2924
l 917 1334
l 917 1204
l 917 3154
l 917 2926
l 917 921
l 917 3156
l 918 1336
l 918 1337
l 918 1768
l 918 2923
l 918 1335
l 918 2924
l 918 1338
l 919 1345
l 919 2921
l 919 3151
l 919 2824
l 919 3477
l 919 1346
l 920 921
l 920 1346
l 920 1204
l 920 2926
l 920 3156
l 920 2824
l 920 1334
l 920 1333
l 921 1204
l 921 2926
l 921 3156
l 921 1346
l 921 1804
l 921 1333
l 921 1334
l 922 923
l 922 927
l 922 1334
l 922 924
l 922 2824
l 922 1329
l 922 2849
l 922 925
l 922 1203
l 922 1346
l 923 1334
l 923 1333
l 923 2824
l 923 927
l 923 1346
l 923 1329
l 923 924
l 923 1328
l 924 2824
l 924 925
l 924 1346
l 924 1345
l 924 3477
l 924 926
l 924 3479
l 925 926
l 925 2824
l 925 3479
l 925 3477
l 925 927
l 925 3478
l 925 2847
l 925 1345
l 926 2847
l 926 2846
l 926 3478
l 926 927
l 926 1203
l 926 930
l 926 1427
l 927 1203
l 927 2849
l 927 1202
l 927 2847
l 928 1203
l 928 930
l 928 929
l 928 1201
l 928 1349
l 928 2847
l 928 1202
l 929 930
l 929 2847
l 929 1203
l 929 1427
l 930 2847
l 930 1203
l 931 3067
l 931 932
l 931 2814
l 931 3065
l 931 3496
l 931 3075
l 932 3065
l 932 2853
l 932 3067
l 932 2856
l 932 3066
l 932 3497
l 932 3496
l 933 3129
l 933 1455
l 933 1514
l 933 3134
l 934 4627
l 934 1139
l 934 4420
l 934 4624
l 934 1138
l 934 4987
l 934 1515
l 934 1516
l 934 1363
l 934 935
l 935 4423
l 935 4421
l 935 936
l 935 4422
l 935 4420
l 935 968
l 935 937
l 935 4626
l 936 4421
l 936 4422
l 936 937
l 936 4626
l 936 967
l 936 4836
l 936 1454
l 936 4927
l 936 4625
l 937 4626
l 937 4421
l 937 1140
l 937 4625
l 937 6549
l 937 1141
l 937 4707
l 937 6548
l 937 5005
l 938 1797
l 938 1798
l 938 1796
l 938 1795
l 938 3155
l 939 940
l 939 2925
l 939 1450
l 940 2925
l 940 3155
l 940 1450
l 940 2928
l 940 2920
l 941 1757
l 941 942
l 941 2884
l 941 1759
l 941 1424
l 941 3481
l 941 2848
l 941 1195
l 941 1194
l 942 2848
l 942 2884
l 942 3481
l 942 1757
l 942 2829
l 942 2840
l 943 944
l 943 3043
l 943 1352
l 943 1350
l 943 3041
l 944 1352
l 944 3043
l 944 1350
l 944 3034
l 944 1353
l 945 1264
l 945 1263
l 945 1229
l 946 949
l 946 947
l 946 961
l 946 962
l 946 948
l 946 958
l 946 3126
l 947 948
l 947 1368
l 947 1366
l 947 949
l 947 1369
l 947 1188
l 948 1188
l 948 1369
l 948 949
l 948 1368
l 948 3126
l 948 1185
l 948 1187
l 949 3126
l 949 962
l 949 978
l 949 1188
l 949 961
l 949 1464
l 950 4450
l 950 4436
l 950 965
l 950 951
l 950 4451
l 950 1457
l 950 953
l 950 4398
l 950 4437
l 950 4927
l 951 4436
l 951 4439
l 951 1456
l 951 954
l 951 952
l 951 4437
l 951 4438
l 951 4929
l 951 4930
l 952 4437
l 952 4438
l 952 953
l 952 957
l 952 4436
l 952 1142
l 952 4439
l 952 4398
l 952 954
l 953 4398
l 953 4437
l 953 4450
l 953 4395
l 953 1143
l 953 4436
l 953 4451
l 954 4439
l 954 4440
l 954 1519
l 954 957
l 954 955
l 954 4438
l 954 4930
l 954 4989
l 954 4441
l 955 4440
l 955 4443
l 955 1518
l 955 956
l 955 1029
l 955 4989
l 955 4441
l 955 4990
l 955 4442
l 956 4441
l 956 4442
l 956 1144
l 956 1028
l 956 957
l 956 4440
l 956 4443
l 956 1146
l 956 1029
l 957 4438
l 957 4441
l 957 1145
l 957 4439
l 957 4440
l 957 1144
l 958 961
l 958 960
l 958 962
l 958 959
l 959 977
l 959 960
l 959 962
l 959 975
l 959 981
l 959 961
l 959 978
l 959 974
l 959 976
l 959 980
l 960 961
l 960 974
l 960 975
l 960 962
l 960 977
l 960 981
l 961 962
l 961 978
l 961 977
l 962 978
l 962 977
l 962 3126
l 962 979
l 963 1462
l 963 1460
l 963 971
l 963 1463
l 963 1459
l 964 4709
l 964 4710
l 964 1228
l 964 6554
l 964 4451
l 964 965
l 964 4926
l 964 6557
l 964 1227
l 964 4971
l 965 4451
l 965 4709
l 965 4450
l 965 4710
l 965 1454
l 965 4836
l 965 4395
l 966 4455
l 966 4452
l 966 4929
l 966 969
l 966 1456
l 966 4930
l 966 993
l 966 967
l 966 1519
l 966 994
l 967 4455
l 967 4422
l 967 4927
l 967 968
l 967 1457
l 967 4929
l 967 4454
l 967 1454
l 968 1459
l 968 4455
l 968 4422
l 968 969
l 968 4454
l 968 4423
l 969 1458
l 969 994
l 969 4455
l 969 4452
l 969 993
l 969 1459
l 969 4454
l 970 985
l 970 1463
l 970 971
l 970 973
l 970 987
l 970 972
l 970 983
l 970 1462
l 970 986
l 970 988
l 971 972
l 971 1462
l 971 1463
l 971 973
l 971 985
l 971 987
l 972 973
l 972 974
l 972 975
l 972 983
l 972 985
l 973 983
l 973 975
l 973 985
l 973 974
l 973 981
l 973 984
l 973 982
l 974 975
l 974 981
l 974 983
l 975 981
l 975 983
l 975 977
l 975 982
l 975 980
l 976 1022
l 976 977
l 976 979
l 976 980
l 976 1023
l 976 978
l 976 1032
l 976 981
l 976 1168
l 976 1034
l 977 978
l 977 981
l 977 980
l 977 979
l 977 1022
l 977 1023
l 978 979
l 978 3126
l 978 1464
l 978 1032
l 979 1032
l 979 1464
l 979 3126
l 979 1022
l 979 1033
l 979 1031
l 979 1168
l 980 1023
l 980 981
l 980 982
l 980 1024
l 980 1022
l 980 983
l 980 1035
l 980 1034
l 981 983
l 981 982
l 981 1024
l 981 1023
l 982 1024
l 982 984
l 982 983
l 982 1025
l 982 985
l 982 1023
l 982 1169
l 982 1036
l 983 985
l 983 984
l 983 1025
l 983 986
l 984 986
l 984 1025
l 984 985
l 984 1169
l 984 1024
l 984 987
l 984 1171
l 984 989
l 985 987
l 985 986
l 985 1463
l 985 989
l 985 1169
l 986 989
l 986 1169
l 986 987
l 986 1171
l 986 1025
l 986 988
l 986 1170
l 986 990
l 987 988
l 987 1463
l 987 989
l 987 1461
l 987 990
l 987 991
l 988 991
l 988 989
l 988 1461
l 988 990
l 988 1463
l 988 1458
l 988 994
l 988 995
l 989 990
l 989 1171
l 989 1170
l 989 1169
l 989 991
l 989 995
l 989 1027
l 990 995
l 990 1170
l 990 991
l 990 1027
l 990 1171
l 990 994
l 990 992
l 991 994
l 991 1458
l 991 995
l 991 1461
l 991 993
l 992 995
l 992 1518
l 992 1026
l 992 4481
l 992 993
l 992 4989
l 992 4990
l 992 4478
l 992 1520
l 992 994
l 993 4452
l 993 4481
l 993 994
l 993 1519
l 993 4930
l 993 4989
l 993 1518
l 993 995
l 994 995
l 994 4452
l 994 1458
l 994 4481
l 995 1027
l 995 1026
l 995 1170
l 995 4481
l 996 999
l 996 1523
l 996 997
l 996 1062
l 996 1524
l 996 998
l 996 1522
l 996 1063
l 996 1000
l 996 1016
l 997 1522
l 997 998
l 997 1040
l 997 1523
l 997 1041
l 997 1521
l 997 999
l 997 4993
l 997 1001
l 998 1001
l 998 999
l 998 1041
l 998 1039
l 998 1000
l 998 1002
l 998 1040
l 998 1522
l 999 1000
l 999 1063
l 999 1001
l 999 1062
l 999 1003
l 999 1051
l 999 1523
l 1000 1003
l 1000 1001
l 1000 1002
l 1000 1051
l 1000 1063
l 1000 1006
l 1000 1007
l 1000 1050
l 1001 1002
l 1001 1039
l 1001 1037
l 1001 1003
l 1001 1007
l 1001 1041
l 1002 1007
l 1002 1003
l 1002 1037
l 1002 1038
l 1002 1006
l 1002 1039
l 1002 1004
l 1003 1006
l 1003 1007
l 1003 1050
l 1003 1051
l 1003 1004
l 1003 1005
l 1004 1007
l 1004 1008
l 1004 1005
l 1004 1006
l 1004 1036
l 1004 1035
l 1004 1038
l 1004 1009
l 1005 1006
l 1005 1009
l 1005 1070
l 1005 1008
l 1005 1052
l 1005 1050
l 1005 1007
l 1005 1054
l 1006 1007
l 1006 1050
l 1006 1052
l 1006 1051
l 1006 1070
l 1007 1038
l 1007 1036
l 1007 1037
l 1008 1009
l 1008 1035
l 1008 1010
l 1008 1034
l 1008 1036
l 1008 1011
l 1009 1054
l 1009 1011
l 1009 1070
l 1009 1010
l 1009 1052
l 1009 1053
l 1010 1011
l 1010 1034
l 1010 1012
l 1010 1168
l 1010 1013
l 1010 1035
l 1010 1054
l 1011 1053
l 1011 1013
l 1011 1054
l 1011 1012
l 1011 1055
l 1011 1070
l 1011 1168
l 1012 1013
l 1012 1168
l 1012 1046
l 1012 1031
l 1012 1045
l 1012 1034
l 1012 1053
l 1012 1055
l 1013 1045
l 1013 1055
l 1013 1046
l 1013 1053
l 1013 1056
l 1013 1168
l 1013 3475
l 1014 4500
l 1014 4529
l 1014 1015
l 1014 4528
l 1014 1147
l 1014 4503
l 1014 1017
l 1014 1042
l 1014 4634
l 1014 1149
l 1015 4503
l 1015 4528
l 1015 1522
l 1015 4992
l 1015 4993
l 1015 1043
l 1015 1016
l 1015 4500
l 1015 4529
l 1016 4502
l 1016 4503
l 1016 1523
l 1016 1017
l 1016 1060
l 1016 4993
l 1016 4501
l 1016 4994
l 1016 4500
l 1017 4500
l 1017 4501
l 1017 1149
l 1017 1059
l 1017 4503
l 1017 4502
l 1017 4635
l 1017 4634
l 1018 1019
l 1018 1172
l 1018 1147
l 1018 1021
l 1018 1020
l 1018 1148
l 1018 1149
l 1018 1173
l 1018 4633
l 1018 4634
l 1019 1149
l 1019 1370
l 1019 1020
l 1019 1049
l 1019 1150
l 1019 1147
l 1019 1021
l 1019 4634
l 1019 4635
l 1020 1049
l 1020 1021
l 1020 1044
l 1020 1048
l 1020 1370
l 1020 3473
l 1020 1047
l 1020 3474
l 1021 1173
l 1021 1047
l 1021 1044
l 1021 1172
l 1021 1030
l 1021 1049
l 1021 1048
l 1022 1168
l 1022 1023
l 1022 1034
l 1022 1032
l 1022 1031
l 1023 1034
l 1023 1024
l 1023 1035
l 1023 1168
l 1024 1025
l 1024 1035
l 1024 1036
l 1024 1034
l 1024 1038
l 1025 1169
l 1025 1036
l 1025 1038
l 1025 1035
l 1025 1037
l 1025 1171
l 1026 1027
l 1026 1520
l 1026 1040
l 1026 4990
l 1026 1521
l 1026 4991
l 1026 4478
l 1026 1041
l 1027 1170
l 1027 1041
l 1027 1040
l 1027 1039
l 1027 1171
l 1027 1520
l 1028 4442
l 1028 4514
l 1028 1029
l 1028 1042
l 1028 1146
l 1028 4443
l 1028 4515
l 1028 1148
l 1029 4443
l 1029 4515
l 1029 1520
l 1029 1043
l 1029 4990
l 1029 4991
l 1029 4442
l 1029 4514
l 1030 1047
l 1030 1033
l 1030 1031
l 1030 1173
l 1030 1046
l 1030 1174
l 1030 1032
l 1030 1044
l 1030 1045
l 1031 1046
l 1031 1032
l 1031 1168
l 1031 1033
l 1031 1047
l 1031 1045
l 1032 1033
l 1032 1168
l 1032 1464
l 1032 1046
l 1033 1464
l 1033 1174
l 1033 1187
l 1033 1173
l 1033 1047
l 1033 1046
l 1034 1035
l 1034 1168
l 1035 1036
l 1036 1038
l 1036 1169
l 1036 1037
l 1037 1039
l 1037 1038
l 1037 1171
l 1037 1169
l 1037 1170
l 1038 1169
l 1038 1171
l 1038 1039
l 1039 1041
l 1039 1170
l 1039 1171
l 1039 1040
l 1040 1041
l 1040 1521
l 1040 1522
l 1040 4992
l 1040 4991
l 1040 1520
l 1041 1170
l 1041 1521
l 1042 4514
l 1042 4529
l 1042 1043
l 1042 4515
l 1042 1148
l 1042 4528
l 1042 1147
l 1043 4515
l 1043 4528
l 1043 1521
l 1043 4991
l 1043 4992
l 1043 4529
l 1043 4514
l 1044 1048
l 1044 1047
l 1044 1045
l 1044 1056
l 1044 1049
l 1044 1046
l 1044 3474
l 1044 3475
l 1045 1056
l 1045 1046
l 1045 1055
l 1045 1047
l 1045 1048
l 1045 3475
l 1045 3474
l 1046 1047
l 1046 1168
l 1046 1056
l 1046 1055
l 1047 1173
l 1047 1048
l 1047 1056
l 1048 3474
l 1048 1056
l 1048 1049
l 1048 3475
l 1048 3473
l 1048 1179
l 1048 1055
l 1049 3473
l 1049 1370
l 1049 3474
l 1049 1371
l 1049 3475
l 1049 1179
l 1050 1052
l 1050 1051
l 1050 1065
l 1050 1066
l 1050 1063
l 1050 1070
l 1051 1063
l 1051 1066
l 1051 1064
l 1051 1052
l 1051 1062
l 1051 1065
l 1052 1070
l 1052 1067
l 1052 1065
l 1052 1069
l 1052 1066
l 1053 1054
l 1053 1071
l 1053 1055
l 1053 1068
l 1053 1070
l 1053 1074
l 1054 1070
l 1054 1068
l 1054 1069
l 1054 1071
l 1055 1056
l 1055 3475
l 1055 1074
l 1055 1071
l 1055 3474
l 1056 3475
l 1056 3474
l 1056 1074
l 1056 3473
l 1057 1525
l 1057 1058
l 1057 1060
l 1057 1079
l 1057 1524
l 1057 4543
l 1057 1080
l 1057 1061
l 1057 1059
l 1057 4544
l 1058 1151
l 1058 1080
l 1058 1059
l 1058 4545
l 1058 4546
l 1058 1150
l 1058 1060
l 1058 1525
l 1058 1079
l 1059 4501
l 1059 1060
l 1059 1150
l 1059 4545
l 1059 4502
l 1059 4544
l 1059 1149
l 1059 4635
l 1060 1524
l 1060 4502
l 1060 4544
l 1060 4501
l 1060 1523
l 1060 4545
l 1061 1525
l 1061 1064
l 1061 1062
l 1061 1082
l 1061 1063
l 1061 1527
l 1061 1524
l 1061 1066
l 1061 1081
l 1062 1063
l 1062 1524
l 1062 1525
l 1062 1523
l 1062 1064
l 1063 1064
l 1063 1524
l 1063 1066
l 1064 1066
l 1064 1081
l 1064 1082
l 1064 1525
l 1064 1065
l 1064 1183
l 1065 1066
l 1065 1067
l 1065 1181
l 1065 1183
l 1065 1180
l 1065 1069
l 1066 1183
l 1066 1081
l 1066 1067
l 1066 1181
l 1067 1069
l 1067 1180
l 1067 1070
l 1067 1181
l 1067 1085
l 1067 1068
l 1068 1069
l 1068 1086
l 1068 1071
l 1068 1085
l 1068 1070
l 1068 1073
l 1069 1070
l 1069 1085
l 1069 1180
l 1069 1086
l 1069 1181
l 1071 1073
l 1071 1074
l 1071 1086
l 1071 3475
l 1071 1072
l 1072 1176
l 1072 1074
l 1072 1099
l 1072 1073
l 1072 1179
l 1072 1103
l 1072 1102
l 1072 3475
l 1072 3474
l 1073 1102
l 1073 1086
l 1073 1074
l 1073 1083
l 1073 1099
l 1073 1176
l 1074 3475
l 1074 1179
l 1074 3474
l 1074 1176
l 1075 1373
l 1075 1078
l 1075 1104
l 1075 1076
l 1075 1077
l 1075 1374
l 1075 1372
l 1075 1100
l 1075 1155
l 1075 1471
l 1076 1077
l 1076 1374
l 1076 1120
l 1076 1117
l 1076 1373
l 1076 1376
l 1076 1078
l 1076 1158
l 1076 1119
l 1077 1119
l 1077 1078
l 1077 1117
l 1077 1118
l 1077 1374
l 1077 1120
l 1077 1471
l 1077 1116
l 1078 1471
l 1078 1100
l 1078 1104
l 1078 1119
l 1078 2730
l 1078 2747
l 1078 2732
l 1079 1527
l 1079 1080
l 1079 1526
l 1079 4566
l 1079 1525
l 1079 4565
l 1079 1154
l 1079 1528
l 1080 1153
l 1080 1154
l 1080 4565
l 1080 1151
l 1080 4546
l 1080 1152
l 1080 1527
l 1081 1082
l 1081 1183
l 1081 1091
l 1081 1182
l 1081 1094
l 1081 1527
l 1081 1181
l 1082 1527
l 1082 1094
l 1082 1528
l 1082 1091
l 1082 1525
l 1082 1183
l 1083 1084
l 1083 1086
l 1083 1102
l 1083 1098
l 1083 1097
l 1083 1085
l 1083 1101
l 1083 1469
l 1084 1469
l 1084 1085
l 1084 1097
l 1084 1086
l 1084 1470
l 1084 1180
l 1084 1098
l 1084 1184
l 1084 1181
l 1085 1180
l 1085 1086
l 1085 1469
l 1085 1181
l 1086 1102
l 1086 1180
l 1087 1090
l 1087 4641
l 1087 1155
l 1087 1088
l 1087 4573
l 1087 4642
l 1087 1107
l 1087 1108
l 1087 1089
l 1087 1531
l 1088 1089
l 1088 1156
l 1088 4642
l 1088 4576
l 1088 1154
l 1088 4639
l 1088 4638
l 1088 1090
l 1088 1526
l 1089 4576
l 1089 1529
l 1089 4575
l 1089 1526
l 1089 1090
l 1089 4639
l 1089 1531
l 1089 4573
l 1089 1528
l 1090 1531
l 1090 4573
l 1090 4641
l 1090 4574
l 1090 1108
l 1090 4576
l 1090 1530
l 1090 1112
l 1091 1094
l 1091 1182
l 1091 1092
l 1091 1465
l 1091 1093
l 1091 1183
l 1091 1528
l 1091 1184
l 1092 1093
l 1092 1465
l 1092 1109
l 1092 1094
l 1092 1467
l 1092 1529
l 1092 1112
l 1092 1182
l 1092 1468
l 1093 1529
l 1093 1094
l 1093 1112
l 1093 1109
l 1093 1528
l 1093 1531
l 1093 1465
l 1094 1528
l 1094 1527
l 1094 1526
l 1094 1529
l 1094 1182
l 1095 1096
l 1095 1471
l 1095 1098
l 1095 1116
l 1095 1101
l 1095 1115
l 1095 1097
l 1095 1119
l 1095 1474
l 1096 1474
l 1096 1097
l 1096 1115
l 1096 1098
l 1096 1475
l 1096 1470
l 1096 1116
l 1096 1466
l 1096 1471
l 1097 1470
l 1097 1098
l 1097 1474
l 1097 1469
l 1097 1468
l 1097 1101
l 1098 1101
l 1098 1102
l 1098 1471
l 1098 1470
l 1098 1100
l 1099 1103
l 1099 1100
l 1099 1102
l 1099 1176
l 1099 1101
l 1099 1104
l 1099 1178
l 1099 1179
l 1100 1104
l 1100 1101
l 1100 1471
l 1100 1103
l 1100 1102
l 1100 1372
l 1100 2719
l 1101 1102
l 1101 1471
l 1101 1104
l 1102 1103
l 1103 1176
l 1103 1178
l 1103 1104
l 1103 1372
l 1103 1177
l 1103 1179
l 1103 1152
l 1104 1372
l 1104 1373
l 1104 1178
l 1104 1156
l 1105 1532
l 1105 1106
l 1105 1126
l 1105 1533
l 1105 1123
l 1105 4644
l 1105 1108
l 1105 1157
l 1105 4594
l 1105 1107
l 1106 1157
l 1106 1532
l 1106 1124
l 1106 1123
l 1106 1107
l 1106 1376
l 1106 1158
l 1106 1533
l 1106 4644
l 1107 1108
l 1107 1158
l 1107 4643
l 1107 1530
l 1107 4641
l 1107 1155
l 1107 4593
l 1108 1530
l 1108 4593
l 1108 4643
l 1108 1111
l 1108 1532
l 1108 1531
l 1109 1112
l 1109 1467
l 1109 1110
l 1109 1531
l 1109 1472
l 1109 1111
l 1109 1465
l 1109 1466
l 1110 1111
l 1110 1472
l 1110 1127
l 1110 1530
l 1110 1112
l 1110 1473
l 1110 1132
l 1110 1467
l 1110 1126
l 1111 1530
l 1111 1112
l 1111 1126
l 1111 1531
l 1111 1127
l 1111 1472
l 1111 1532
l 1112 1531
l 1112 1529
l 1112 1530
l 1112 4574
l 1113 1114
l 1113 1118
l 1113 1136
l 1113 1116
l 1113 1135
l 1113 1133
l 1113 1119
l 1113 1137
l 1113 1117
l 1113 1115
l 1114 1135
l 1114 1129
l 1114 1133
l 1114 1115
l 1114 1134
l 1114 1136
l 1114 1116
l 1114 1475
l 1114 1118
l 1115 1475
l 1115 1116
l 1115 1473
l 1115 1135
l 1115 1474
l 1115 1119
l 1116 1119
l 1116 1471
l 1116 1475
l 1116 1118
l 1117 1120
l 1117 1118
l 1117 1122
l 1117 1137
l 1117 1376
l 1117 1121
l 1117 1119
l 1118 1137
l 1118 1119
l 1118 1136
l 1118 1120
l 1118 1122
l 1119 1471
l 1120 1376
l 1120 1121
l 1120 1122
l 1120 1375
l 1120 1157
l 1120 1374
l 1121 1375
l 1121 1122
l 1121 3322
l 1121 3192
l 1121 3321
l 1121 1159
l 1121 1137
l 1121 3193
l 1121 1376
l 1122 1137
l 1122 3192
l 1122 1375
l 1122 3190
l 1122 3322
l 1122 1136
l 1122 3321
l 1123 1533
l 1123 1124
l 1123 1125
l 1123 3176
l 1123 3198
l 1123 1159
l 1123 3180
l 1123 3175
l 1124 1159
l 1124 1533
l 1124 3175
l 1124 3176
l 1124 1157
l 1124 1375
l 1124 3198
l 1124 3193
l 1125 1533
l 1125 1128
l 1125 3180
l 1125 3179
l 1125 1131
l 1125 1126
l 1125 1532
l 1125 3198
l 1125 3181
l 1126 1532
l 1126 1127
l 1126 1132
l 1126 1128
l 1126 1530
l 1126 1533
l 1127 1132
l 1127 1532
l 1127 1128
l 1127 1129
l 1127 1131
l 1127 1472
l 1128 1131
l 1128 1533
l 1128 3179
l 1128 1130
l 1128 3181
l 1128 3180
l 1128 1132
l 1129 1135
l 1129 1132
l 1129 1130
l 1129 1473
l 1129 1131
l 1129 1134
l 1129 1472
l 1129 1475
l 1130 1134
l 1130 1131
l 1130 1133
l 1130 3182
l 1130 3185
l 1130 3181
l 1130 1135
l 1130 1132
l 1131 1134
l 1131 3181
l 1131 1132
l 1131 3182
l 1131 3179
l 1132 1135
l 1132 1472
l 1132 1473
l 1133 1134
l 1133 1136
l 1133 3187
l 1133 3185
l 1133 3188
l 1133 1135
l 1133 3182
l 1134 3185
l 1134 3182
l 1134 3187
l 1134 1135
l 1134 1136
l 1135 1475
l 1135 1473
l 1136 1137
l 1136 3188
l 1136 3187
l 1136 3190
l 1137 3190
l 1137 3188
l 1137 3192
l 1138 3173
l 1138 1515
l 1138 4987
l 1138 4624
l 1138 1139
l 1138 5006
l 1138 1535
l 1138 3127
l 1138 6549
l 1138 1516
l 1139 4987
l 1139 1515
l 1139 1516
l 1139 4624
l 1139 3173
l 1139 1363
l 1139 4627
l 1139 5006
l 1140 4625
l 1140 1141
l 1140 4707
l 1140 4626
l 1140 6549
l 1140 5005
l 1140 1223
l 1140 3127
l 1140 4830
l 1141 4707
l 1141 4830
l 1141 4705
l 1141 5005
l 1141 1354
l 1141 1223
l 1141 1355
l 1141 3128
l 1141 4625
l 1142 1143
l 1142 1145
l 1142 1369
l 1142 4437
l 1142 1185
l 1142 4438
l 1142 1368
l 1143 1368
l 1143 4398
l 1143 1369
l 1143 1366
l 1143 4437
l 1144 1145
l 1144 1146
l 1144 1186
l 1144 4441
l 1144 4442
l 1144 1175
l 1144 4631
l 1144 4630
l 1145 1185
l 1145 1186
l 1145 1369
l 1145 4441
l 1145 4438
l 1146 1175
l 1146 1148
l 1146 4442
l 1146 4514
l 1146 4632
l 1146 4630
l 1146 1172
l 1147 1149
l 1147 1148
l 1147 4634
l 1147 4529
l 1147 4500
l 1147 4633
l 1148 1172
l 1148 4514
l 1148 4633
l 1148 4529
l 1148 4632
l 1149 4634
l 1149 1150
l 1149 4500
l 1149 4635
l 1149 4501
l 1150 1370
l 1150 1151
l 1150 4635
l 1150 4501
l 1150 4636
l 1150 4545
l 1151 1153
l 1151 1371
l 1151 1370
l 1151 4636
l 1151 1177
l 1152 1154
l 1152 1178
l 1152 1153
l 1152 1156
l 1152 1177
l 1152 1372
l 1152 4638
l 1152 1526
l 1153 1177
l 1153 1371
l 1153 1154
l 1153 1178
l 1153 4637
l 1154 1526
l 1154 4639
l 1154 4638
l 1154 4565
l 1154 1156
l 1155 1373
l 1155 1156
l 1155 1158
l 1155 1372
l 1155 4641
l 1155 1374
l 1156 1372
l 1156 1178
l 1156 4642
l 1156 1373
l 1156 4638
l 1157 1376
l 1157 1159
l 1157 1158
l 1157 1374
l 1157 1375
l 1158 1374
l 1158 1373
l 1158 1376
l 1159 1375
l 1159 3175
l 1159 3193
l 1159 1376
l 1159 3321
l 1159 3176
l 1160 1161
l 1160 1207
l 1160 1500
l 1160 1206
l 1160 1804
l 1160 1277
l 1160 1517
l 1160 1276
l 1160 1162
l 1161 1480
l 1161 1206
l 1161 1205
l 1161 1804
l 1161 1207
l 1161 1276
l 1161 1517
l 1162 1498
l 1162 1277
l 1162 1517
l 1162 1163
l 1162 1276
l 1162 1207
l 1162 1339
l 1162 3143
l 1162 3145
l 1163 1498
l 1163 1339
l 1163 1275
l 1163 3143
l 1163 3145
l 1163 1277
l 1163 1517
l 1163 1207
l 1164 1211
l 1164 1165
l 1164 4650
l 1164 3136
l 1164 1499
l 1164 1224
l 1164 4653
l 1164 1476
l 1164 1166
l 1164 1279
l 1165 1211
l 1165 1224
l 1165 4650
l 1165 1279
l 1165 4653
l 1165 1278
l 1165 3136
l 1165 4761
l 1165 1499
l 1166 1167
l 1166 1499
l 1166 1210
l 1166 3136
l 1166 4651
l 1166 1211
l 1166 4652
l 1166 4650
l 1167 1210
l 1167 1499
l 1167 4651
l 1167 3136
l 1167 4652
l 1167 1452
l 1167 1211
l 1167 3132
l 1169 1171
l 1169 1170
l 1170 1171
l 1172 1175
l 1172 1173
l 1172 1174
l 1172 4632
l 1172 4633
l 1173 1174
l 1173 1175
l 1174 1187
l 1174 1175
l 1174 1186
l 1174 1464
l 1175 1186
l 1175 1187
l 1175 4632
l 1176 1179
l 1176 1177
l 1176 1178
l 1176 1371
l 1176 3474
l 1176 3473
l 1177 1178
l 1177 1371
l 1177 1179
l 1177 3473
l 1178 1372
l 1179 3474
l 1179 3473
l 1179 3475
l 1179 1371
l 1180 1181
l 1180 1469
l 1180 1184
l 1180 1183
l 1181 1183
l 1181 1184
l 1181 1469
l 1181 1182
l 1182 1184
l 1182 1183
l 1182 1465
l 1182 1468
l 1182 1469
l 1183 1184
l 1184 1469
l 1184 1468
l 1184 1470
l 1184 1465
l 1185 1369
l 1185 1186
l 1185 1188
l 1185 1187
l 1185 1368
l 1186 1187
l 1186 1188
l 1186 1464
l 1187 1464
l 1187 1188
l 1187 3126
l 1188 3126
l 1188 1464
l 1188 1369
l 1189 2836
l 1189 1190
l 1189 2825
l 1189 1267
l 1189 2837
l 1189 1497
l 1189 2835
l 1189 2834
l 1190 1267
l 1190 1266
l 1190 1492
l 1190 2825
l 1190 1265
l 1190 2837
l 1191 1196
l 1191 1192
l 1191 1426
l 1191 1193
l 1191 1198
l 1191 1421
l 1191 1194
l 1191 1425
l 1192 1421
l 1192 1426
l 1192 1193
l 1192 1196
l 1192 1425
l 1193 1194
l 1193 1758
l 1193 1759
l 1193 1195
l 1193 1196
l 1194 1195
l 1194 1759
l 1194 1197
l 1194 1196
l 1194 1758
l 1194 1198
l 1195 1197
l 1195 1764
l 1195 1196
l 1195 1198
l 1195 1759
l 1195 1757
l 1195 1424
l 1196 1198
l 1196 1426
l 1196 2868
l 1196 1197
l 1197 1764
l 1197 2866
l 1197 1198
l 1197 1424
l 1197 2868
l 1197 1423
l 1197 1757
l 1198 2868
l 1198 2869
l 1198 2865
l 1198 1764
l 1199 1538
l 1199 1347
l 1199 1348
l 1199 1537
l 1199 1200
l 1199 1763
l 1199 1286
l 1199 1418
l 1200 1763
l 1200 1538
l 1200 1545
l 1200 1762
l 1201 1349
l 1201 1202
l 1201 3080
l 1201 1330
l 1201 2872
l 1201 1203
l 1201 2849
l 1201 1331
l 1202 2849
l 1202 1349
l 1202 1203
l 1202 1329
l 1202 1331
l 1202 1330
l 1202 2872
l 1203 2847
l 1204 2926
l 1204 3156
l 1204 1804
l 1204 1346
l 1204 1333
l 1204 1206
l 1205 1803
l 1205 1480
l 1205 3151
l 1205 2921
l 1205 1804
l 1205 3156
l 1206 1804
l 1206 1207
l 1206 3156
l 1206 2926
l 1206 1805
l 1206 3154
l 1206 2924
l 1207 1277
l 1207 1498
l 1207 1517
l 1207 1276
l 1207 1805
l 1208 3150
l 1208 3149
l 1208 3148
l 1208 3133
l 1208 4694
l 1208 1453
l 1208 1226
l 1208 1209
l 1209 1452
l 1209 3150
l 1209 4694
l 1209 3132
l 1209 4365
l 1209 1227
l 1209 4368
l 1210 4651
l 1210 1499
l 1210 4652
l 1210 3136
l 1210 1452
l 1210 4368
l 1210 3132
l 1210 4365
l 1211 4650
l 1211 3136
l 1211 4653
l 1211 1499
l 1211 1224
l 1211 1476
l 1211 1279
l 1211 4652
l 1212 1495
l 1212 2828
l 1212 1213
l 1212 2844
l 1212 2827
l 1212 1494
l 1212 1496
l 1213 2844
l 1213 2851
l 1213 1495
l 1213 2850
l 1213 2845
l 1214 1754
l 1214 1217
l 1214 1218
l 1214 1755
l 1214 1756
l 1214 1215
l 1215 2885
l 1215 1216
l 1215 1219
l 1215 1754
l 1215 1217
l 1216 1219
l 1216 2885
l 1216 2876
l 1216 1304
l 1216 1821
l 1216 2883
l 1217 1218
l 1217 1754
l 1217 2877
l 1217 1305
l 1217 3472
l 1217 2878
l 1217 2885
l 1218 2877
l 1218 1305
l 1218 1754
l 1218 1302
l 1218 2876
l 1218 2878
l 1218 1304
l 1218 1219
l 1219 2876
l 1219 1304
l 1219 2885
l 1219 1821
l 1219 1303
l 1219 2883
l 1220 1221
l 1220 3471
l 1220 1302
l 1220 3013
l 1221 1302
l 1221 1305
l 1221 3013
l 1221 3471
l 1221 1307
l 1222 1355
l 1222 1354
l 1222 4830
l 1222 3128
l 1222 1278
l 1222 4705
l 1222 4761
l 1222 1279
l 1222 1223
l 1222 1224
l 1223 1534
l 1223 5005
l 1223 1354
l 1223 4707
l 1223 1355
l 1223 3171
l 1223 4830
l 1223 4705
l 1224 1279
l 1224 1278
l 1224 4761
l 1224 3128
l 1224 4653
l 1224 4650
l 1224 4706
l 1225 1226
l 1225 3133
l 1225 3150
l 1225 3149
l 1225 1227
l 1225 3148
l 1225 4711
l 1225 1453
l 1226 3133
l 1226 1453
l 1226 3148
l 1226 3149
l 1226 3150
l 1226 3144
l 1227 3132
l 1227 1228
l 1227 1452
l 1227 4926
l 1227 4368
l 1227 6554
l 1228 6554
l 1228 4710
l 1228 4926
l 1228 3132
l 1228 4709
l 1228 4368
l 1228 4971
l 1229 1322
l 1229 1230
l 1229 1264
l 1229 1323
l 1229 3130
l 1229 1455
l 1230 1323
l 1230 1479
l 1230 1478
l 1230 1322
l 1230 3129
l 1230 3134
l 1232 1387
l 1232 1235
l 1232 1669
l 1232 1672
l 1232 1233
l 1232 1234
l 1232 1385
l 1232 1388
l 1232 1670
l 1232 1386
l 1233 1386
l 1233 1234
l 1233 1387
l 1233 1415
l 1233 1382
l 1233 1389
l 1233 1235
l 1234 1389
l 1234 1415
l 1234 1235
l 1234 1386
l 1234 1260
l 1234 1390
l 1234 1388
l 1235 1388
l 1235 1670
l 1235 1669
l 1235 1387
l 1235 1389
l 1235 1719
l 1235 1391
l 1236 2933
l 1236 1237
l 1236 1835
l 1236 2932
l 1236 2934
l 1236 1253
l 1236 2999
l 1236 2998
l 1237 2851
l 1237 1253
l 1237 1254
l 1237 1835
l 1237 2850
l 1239 1240
l 1239 1863
l 1239 1241
l 1239 1242
l 1239 1823
l 1239 1822
l 1239 1319
l 1240 1822
l 1240 1850
l 1240 1319
l 1241 1319
l 1241 1242
l 1241 1298
l 1241 1536
l 1241 1317
l 1241 1864
l 1242 1864
l 1242 1319
l 1242 1863
l 1242 1318
l 1242 1317
l 1242 1536
l 1242 1894
l 1243 1826
l 1243 1246
l 1243 1834
l 1243 1827
l 1243 1244
l 1243 1245
l 1243 2891
l 1243 1887
l 1243 1886
l 1243 1828
l 1244 1245
l 1244 1826
l 1244 1816
l 1244 1813
l 1244 1246
l 1244 1829
l 1244 1827
l 1245 1246
l 1245 2890
l 1245 1816
l 1245 2889
l 1245 1825
l 1245 2891
l 1245 1826
l 1246 2891
l 1246 1825
l 1246 1834
l 1246 2890
l 1246 1824
l 1246 2892
l 1246 1887
l 1247 3110
l 1247 3118
l 1247 1248
l 1247 3117
l 1247 3107
l 1247 3119
l 1247 3109
l 1247 3140
l 1248 3119
l 1248 3121
l 1248 3118
l 1248 3120
l 1248 3485
l 1248 3141
l 1249 3021
l 1249 1252
l 1249 1250
l 1249 3019
l 1249 1251
l 1249 3020
l 1249 2838
l 1249 3024
l 1249 3125
l 1249 2834
l 1250 2838
l 1250 1251
l 1250 2827
l 1250 2828
l 1250 3021
l 1250 2839
l 1250 1252
l 1250 2835
l 1250 3025
l 1251 2835
l 1251 2828
l 1251 1252
l 1251 1494
l 1251 2827
l 1251 2838
l 1251 2834
l 1251 1497
l 1252 2834
l 1252 3125
l 1252 2835
l 1252 3019
l 1252 3021
l 1252 2836
l 1253 1254
l 1253 1835
l 1253 1438
l 1253 1437
l 1253 1836
l 1253 2909
l 1253 2934
l 1254 2909
l 1254 1437
l 1254 1438
l 1254 2907
l 1254 1835
l 1255 2871
l 1255 1256
l 1255 1258
l 1255 3064
l 1255 1257
l 1255 3077
l 1255 2872
l 1255 3507
l 1256 1257
l 1256 1350
l 1256 1258
l 1256 1351
l 1256 2871
l 1256 3064
l 1257 1258
l 1257 1351
l 1257 2855
l 1257 1350
l 1257 2854
l 1257 2857
l 1257 3064
l 1257 3076
l 1258 3064
l 1258 2854
l 1258 3076
l 1258 2871
l 1258 2855
l 1258 3507
l 1258 3499
l 1259 1260
l 1259 1905
l 1259 2900
l 1259 2901
l 1259 1262
l 1259 1261
l 1259 1415
l 1259 2899
l 1259 1390
l 1259 2979
l 1260 1415
l 1260 1261
l 1260 1389
l 1260 1414
l 1260 1390
l 1260 1262
l 1260 1905
l 1261 1262
l 1261 1414
l 1261 2902
l 1261 1432
l 1261 2901
l 1261 1431
l 1261 1415
l 1262 2902
l 1262 2901
l 1262 2976
l 1262 1431
l 1262 2977
l 1262 1414
l 1262 1432
l 1262 1904
l 1263 3082
l 1263 3081
l 1263 1264
l 1263 3083
l 1263 3084
l 1264 3130
l 1264 3081
l 1264 3131
l 1264 1322
l 1264 3082
l 1265 2852
l 1265 1266
l 1265 1268
l 1265 1491
l 1265 1267
l 1265 2841
l 1265 2842
l 1265 1490
l 1265 1270
l 1266 1492
l 1266 1267
l 1266 1490
l 1266 1491
l 1266 1268
l 1266 1493
l 1266 2852
l 1267 1268
l 1267 2825
l 1267 2826
l 1267 1492
l 1267 2836
l 1267 2852
l 1268 2842
l 1268 2826
l 1268 2825
l 1268 2852
l 1268 2843
l 1269 1271
l 1269 1270
l 1269 2852
l 1270 2852
l 1270 2841
l 1270 2842
l 1270 1271
l 1272 1881
l 1272 1273
l 1272 2904
l 1272 1869
l 1272 1848
l 1273 1274
l 1273 1869
l 1273 1286
l 1273 1285
l 1273 1881
l 1273 1289
l 1274 1869
l 1274 1881
l 1274 1285
l 1274 1286
l 1274 1880
l 1274 1289
l 1275 3145
l 1275 1339
l 1275 3143
l 1275 1340
l 1275 3144
l 1275 1498
l 1276 1517
l 1276 1277
l 1276 1498
l 1277 1517
l 1277 1498
l 1277 1339
l 1277 3143
l 1278 1279
l 1278 4761
l 1278 3128
l 1278 1355
l 1278 4705
l 1278 4830
l 1278 1354
l 1279 4761
l 1279 3128
l 1279 4705
l 1279 4653
l 1279 4706
l 1279 4830
l 1280 1281
l 1280 1320
l 1280 1308
l 1281 1314
l 1282 1283
l 1282 1503
l 1283 1503
l 1283 1866
l 1283 1867
l 1283 1868
l 1284 1288
l 1284 1419
l 1284 1289
l 1284 1287
l 1284 1285
l 1284 1420
l 1285 1289
l 1285 1287
l 1285 1286
l 1285 1537
l 1285 1880
l 1285 1869
l 1286 1537
l 1286 1538
l 1286 1287
l 1286 1869
l 1286 1289
l 1287 1760
l 1287 1289
l 1287 1419
l 1287 1537
l 1287 1761
l 1288 2905
l 1288 1419
l 1288 1289
l 1289 1880
l 1290 1293
l 1290 1294
l 1290 1297
l 1290 1296
l 1291 1292
l 1291 1295
l 1291 1296
l 1291 1293
l 1292 1295
l 1292 1296
l 1292 1809
l 1293 1294
l 1293 1297
l 1293 1296
l 1294 1297
l 1295 1296
l 1295 1809
l 1298 1536
l 1298 1319
l 1298 1317
l 1299 1317
l 1299 1536
l 1299 1318
l 1299 1300
l 1300 1895
l 1300 1428
l 1300 1301
l 1300 1900
l 1300 1310
l 1300 1896
l 1301 1428
l 1301 3068
l 1301 3063
l 1301 3062
l 1301 1310
l 1301 2873
l 1302 1305
l 1302 2877
l 1302 1307
l 1302 3013
l 1302 1304
l 1302 1303
l 1303 1304
l 1303 2876
l 1303 2974
l 1304 2876
l 1304 1305
l 1304 2877
l 1305 2877
l 1305 1306
l 1305 2876
l 1305 1307
l 1306 2879
l 1306 1307
l 1306 2878
l 1306 3013
l 1306 3472
l 1306 4785
l 1306 4784
l 1306 6337
l 1307 3013
l 1307 2879
l 1307 3471
l 1307 4704
l 1307 4784
l 1307 2878
l 1307 4703
l 1308 1320
l 1308 1309
l 1308 1321
l 1309 1321
l 1309 1320
l 1309 1310
l 1310 1428
l 1310 3062
l 1310 3063
l 1311 1315
l 1311 1680
l 1311 1312
l 1311 1717
l 1311 1681
l 1311 1316
l 1311 1377
l 1312 1316
l 1312 1407
l 1312 1315
l 1312 1406
l 1312 2822
l 1312 1380
l 1313 1314
l 1315 1377
l 1315 1316
l 1315 1681
l 1315 1680
l 1315 1683
l 1315 1378
l 1315 1380
l 1316 1380
l 1316 2822
l 1316 1407
l 1316 1377
l 1316 1379
l 1316 2823
l 1317 1536
l 1317 1318
l 1317 1894
l 1317 1900
l 1318 1894
l 1318 1536
l 1318 1873
l 1318 1895
l 1318 1900
l 1319 1536
l 1320 1321
l 1322 3130
l 1322 1323
l 1322 1455
l 1322 3129
l 1322 1447
l 1323 3129
l 1323 1478
l 1323 3134
l 1323 1455
l 1323 1479
l 1323 1514
l 1324 1489
l 1324 2830
l 1324 1325
l 1324 1493
l 1324 2829
l 1324 1488
l 1325 2830
l 1325 1486
l 1325 2833
l 1325 1487
l 1325 2829
l 1326 3512
l 1326 1327
l 1326 3510
l 1326 1331
l 1326 1328
l 1326 1329
l 1326 4806
l 1326 6310
l 1326 1335
l 1326 4807
l 1327 3510
l 1327 3505
l 1327 3512
l 1327 1335
l 1327 1768
l 1327 3502
l 1327 4807
l 1327 1328
l 1327 4806
l 1328 1335
l 1328 1329
l 1328 1336
l 1328 2849
l 1328 1334
l 1328 1333
l 1329 2849
l 1329 1335
l 1329 3512
l 1329 1334
l 1330 3080
l 1330 1331
l 1330 4689
l 1330 4825
l 1330 3078
l 1330 1349
l 1330 3512
l 1330 4688
l 1331 3512
l 1331 3080
l 1331 4688
l 1331 4689
l 1331 4825
l 1331 3078
l 1331 2849
l 1332 3069
l 1332 3058
l 1332 3060
l 1333 1334
l 1333 2924
l 1333 2926
l 1334 1346
l 1335 1336
l 1335 1768
l 1335 3510
l 1336 1768
l 1336 1337
l 1336 2923
l 1336 1338
l 1336 3510
l 1337 1338
l 1337 1768
l 1337 2923
l 1337 3153
l 1337 3502
l 1337 3505
l 1337 3501
l 1338 1768
l 1338 2923
l 1338 3501
l 1338 3502
l 1338 3153
l 1338 1769
l 1338 3505
l 1339 3145
l 1339 3143
l 1339 1340
l 1339 1498
l 1339 3144
l 1340 3144
l 1340 3145
l 1340 3146
l 1340 3511
l 1340 3147
l 1340 3143
l 1340 3148
l 1341 1344
l 1341 1430
l 1341 1417
l 1341 1342
l 1341 1511
l 1341 1343
l 1341 1409
l 1341 1416
l 1341 1429
l 1341 1509
l 1342 1343
l 1342 1409
l 1342 1400
l 1342 1401
l 1342 1344
l 1342 1509
l 1342 1430
l 1342 1408
l 1342 1861
l 1343 1509
l 1343 1344
l 1343 1401
l 1343 1861
l 1343 1511
l 1343 1400
l 1344 1511
l 1344 1416
l 1344 1510
l 1344 1509
l 1344 1417
l 1344 1872
l 1345 3477
l 1345 2824
l 1345 3479
l 1346 2824
l 1346 2926
l 1347 1418
l 1347 1348
l 1347 1538
l 1347 2864
l 1348 1537
l 1348 2867
l 1348 1760
l 1348 1418
l 1348 1538
l 1348 2865
l 1349 2872
l 1349 3080
l 1349 3078
l 1350 1351
l 1350 1352
l 1350 1353
l 1351 1353
l 1351 2857
l 1351 1352
l 1351 2855
l 1351 2858
l 1352 1353
l 1352 3034
l 1352 3043
l 1352 3033
l 1353 3033
l 1353 2858
l 1353 3034
l 1353 2857
l 1353 2859
l 1353 3043
l 1354 1355
l 1354 4830
l 1354 4705
l 1354 3128
l 1354 1534
l 1354 4707
l 1354 5005
l 1355 4830
l 1355 3128
l 1355 4705
l 1355 4761
l 1355 1534
l 1356 2991
l 1356 2986
l 1356 1357
l 1356 1359
l 1356 2987
l 1356 2984
l 1356 2990
l 1356 1358
l 1356 1439
l 1356 2988
l 1357 2995
l 1357 2984
l 1357 1358
l 1357 1359
l 1357 2980
l 1357 2986
l 1357 2991
l 1357 2996
l 1357 2982
l 1358 1359
l 1358 2996
l 1358 2995
l 1358 1889
l 1358 1890
l 1358 2994
l 1358 2997
l 1358 2993
l 1359 2990
l 1359 1890
l 1359 2989
l 1359 2991
l 1359 1889
l 1359 2986
l 1359 2995
l 1360 4835
l 1360 4949
l 1360 1361
l 1360 4836
l 1360 6557
l 1360 1454
l 1360 6548
l 1360 4706
l 1360 1476
l 1360 4971
l 1361 4949
l 1361 6557
l 1361 1476
l 1361 4706
l 1361 4653
l 1361 4971
l 1361 4650
l 1361 4835
l 1361 6548
l 1362 1364
l 1362 1365
l 1362 1363
l 1362 4838
l 1362 4837
l 1362 1516
l 1362 1477
l 1362 1515
l 1363 4838
l 1363 1516
l 1363 1364
l 1363 1515
l 1363 4987
l 1363 4627
l 1363 4837
l 1364 4838
l 1364 1365
l 1364 1516
l 1364 4837
l 1364 1515
l 1364 4987
l 1364 4627
l 1365 1477
l 1365 4837
l 1365 4838
l 1365 4357
l 1365 1516
l 1365 1540
l 1366 1367
l 1366 1368
l 1366 1500
l 1367 1500
l 1368 1369
l 1370 3473
l 1370 1371
l 1370 3474
l 1371 3473
l 1371 3474
l 1372 1373
l 1373 1374
l 1374 1376
l 1375 3321
l 1375 3193
l 1375 1376
l 1375 3322
l 1375 3175
l 1377 1378
l 1377 1683
l 1377 1380
l 1377 1681
l 1377 1392
l 1377 1711
l 1377 1379
l 1378 1392
l 1378 1711
l 1378 1379
l 1378 1683
l 1378 1710
l 1378 1393
l 1378 1395
l 1378 1380
l 1379 1395
l 1379 1380
l 1379 1543
l 1379 1542
l 1379 1394
l 1379 1392
l 1379 2823
l 1380 2822
l 1380 2823
l 1380 1543
l 1380 1395
l 1381 1384
l 1381 1382
l 1381 1383
l 1381 1386
l 1381 1413
l 1382 1386
l 1382 1383
l 1382 1385
l 1382 1738
l 1382 1384
l 1382 1387
l 1382 1398
l 1383 1398
l 1383 1384
l 1383 1738
l 1383 1399
l 1383 1413
l 1383 1385
l 1383 1386
l 1383 1397
l 1384 1413
l 1384 1398
l 1384 1412
l 1384 1410
l 1385 1387
l 1385 1738
l 1385 1673
l 1385 1386
l 1385 1735
l 1385 1672
l 1385 1399
l 1386 1387
l 1387 1672
l 1387 1673
l 1387 1738
l 1387 1669
l 1388 1391
l 1388 1719
l 1388 1389
l 1388 1670
l 1388 1720
l 1388 1393
l 1388 1390
l 1389 1390
l 1389 1415
l 1389 1391
l 1389 1394
l 1390 1394
l 1390 1391
l 1390 1905
l 1390 1395
l 1390 1393
l 1391 1393
l 1391 1720
l 1391 1719
l 1391 1715
l 1391 1392
l 1391 1394
l 1392 1393
l 1392 1710
l 1392 1395
l 1392 1715
l 1392 1711
l 1392 1394
l 1393 1715
l 1393 1720
l 1393 1394
l 1393 1710
l 1393 1395
l 1394 1395
l 1394 1905
l 1394 1542
l 1395 1542
l 1395 1543
l 1395 1905
l 1396 1399
l 1396 1674
l 1396 1397
l 1396 1676
l 1396 1398
l 1396 1675
l 1396 1738
l 1397 1398
l 1397 1410
l 1397 1413
l 1397 2821
l 1397 1399
l 1398 1413
l 1398 1399
l 1398 1410
l 1398 1738
l 1399 1738
l 1399 1675
l 1399 1674
l 1399 1735
l 1400 1401
l 1400 1408
l 1400 1445
l 1400 1861
l 1400 1409
l 1400 1506
l 1400 1444
l 1401 1861
l 1401 1444
l 1401 1445
l 1401 1509
l 1401 1875
l 1401 1408
l 1402 1546
l 1402 1403
l 1402 1545
l 1403 1405
l 1403 1546
l 1403 1404
l 1404 1871
l 1404 1405
l 1404 1539
l 1404 1844
l 1404 1845
l 1404 1544
l 1405 1871
l 1406 2820
l 1406 1409
l 1406 1407
l 1406 1430
l 1406 1408
l 1406 2821
l 1407 2822
l 1407 1408
l 1407 1409
l 1407 1506
l 1407 2820
l 1408 1506
l 1408 1409
l 1408 1445
l 1408 2822
l 1409 1430
l 1409 2820
l 1410 1413
l 1410 2821
l 1410 1411
l 1410 1412
l 1410 1429
l 1410 2820
l 1411 1412
l 1411 1429
l 1411 1508
l 1411 1417
l 1411 2821
l 1411 1544
l 1411 1413
l 1411 1539
l 1411 1416
l 1412 1544
l 1412 1413
l 1412 1508
l 1412 1429
l 1412 1539
l 1413 2821
l 1414 1432
l 1414 1415
l 1414 1431
l 1416 1872
l 1416 1417
l 1416 1508
l 1416 1845
l 1416 1539
l 1416 1511
l 1416 1510
l 1416 1429
l 1417 1429
l 1417 1508
l 1417 1872
l 1417 1430
l 1417 1539
l 1417 1511
l 1418 2865
l 1418 2864
l 1418 2867
l 1418 2869
l 1418 2868
l 1418 2862
l 1419 1420
l 1419 1761
l 1419 1760
l 1420 2954
l 1420 1761
l 1420 2953
l 1420 2955
l 1421 1426
l 1421 1425
l 1421 1422
l 1421 3044
l 1422 1425
l 1422 3044
l 1422 3045
l 1422 1426
l 1422 3040
l 1423 2953
l 1423 1424
l 1423 2954
l 1423 1764
l 1423 1757
l 1423 2866
l 1423 1761
l 1424 1757
l 1424 2953
l 1424 1764
l 1425 1426
l 1425 3044
l 1425 3040
l 1426 3044
l 1427 2846
l 1427 2847
l 1427 3478
l 1428 3062
l 1428 3063
l 1428 3068
l 1429 1430
l 1429 2821
l 1429 1508
l 1429 2820
l 1430 2820
l 1430 2821
l 1431 1904
l 1431 1432
l 1431 1903
l 1431 2977
l 1431 2902
l 1431 2978
l 1431 1434
l 1432 1904
l 1432 1434
l 1432 1903
l 1432 1433
l 1432 2902
l 1432 2977
l 1433 1434
l 1433 1902
l 1433 1877
l 1433 2903
l 1433 1870
l 1434 1902
l 1434 1877
l 1434 1903
l 1434 1904
l 1434 2903
l 1435 1837
l 1435 1436
l 1435 2963
l 1435 2961
l 1435 2908
l 1435 2937
l 1435 2964
l 1435 2959
l 1435 1437
l 1435 1438
l 1436 2908
l 1436 2961
l 1436 2959
l 1436 1837
l 1436 2963
l 1436 2907
l 1436 1437
l 1436 2958
l 1437 2907
l 1437 1438
l 1437 2909
l 1437 1836
l 1437 2908
l 1438 1836
l 1438 2907
l 1438 2938
l 1438 1837
l 1438 1835
l 1439 2988
l 1439 2991
l 1439 2987
l 1439 1440
l 1439 1442
l 1439 1441
l 1439 2986
l 1439 2990
l 1439 2985
l 1440 2990
l 1440 1883
l 1440 2991
l 1440 1441
l 1440 1884
l 1440 2987
l 1440 2989
l 1440 1851
l 1440 1442
l 1441 1884
l 1441 1442
l 1441 1876
l 1441 1443
l 1441 1851
l 1441 1883
l 1441 2991
l 1441 2988
l 1442 2896
l 1442 2988
l 1442 1446
l 1442 1443
l 1442 2987
l 1442 2991
l 1442 2985
l 1443 1876
l 1443 1446
l 1443 1875
l 1443 1444
l 1443 1832
l 1443 1884
l 1443 1831
l 1443 1445
l 1444 1875
l 1444 1445
l 1444 1831
l 1444 1446
l 1444 1861
l 1444 1876
l 1445 1506
l 1445 1446
l 1445 1507
l 1445 1875
l 1445 1861
l 1446 1507
l 1446 2896
l 1446 1876
l 1446 1506
l 1446 1875
l 1447 3130
l 1447 1448
l 1447 1455
l 1447 3131
l 1448 3131
l 1448 3085
l 1448 3095
l 1448 3086
l 1448 3130
l 1448 3137
l 1448 3081
l 1449 2927
l 1449 3157
l 1449 1483
l 1449 1801
l 1450 2928
l 1450 3158
l 1451 1802
l 1451 1481
l 1451 3152
l 1451 2922
l 1451 3135
l 1451 1803
l 1451 3151
l 1452 3132
l 1452 4365
l 1452 4368
l 1453 3133
l 1453 3148
l 1453 3143
l 1453 3145
l 1453 3144
l 1453 3149
l 1454 4836
l 1454 4927
l 1454 4835
l 1454 1457
l 1454 4949
l 1454 4451
l 1455 3129
l 1455 3130
l 1456 4929
l 1456 4930
l 1456 4439
l 1456 4436
l 1456 1457
l 1456 1519
l 1456 4452
l 1456 4455
l 1457 4927
l 1457 4929
l 1457 4450
l 1457 4836
l 1457 4436
l 1457 4455
l 1458 1461
l 1458 1459
l 1458 1460
l 1458 1463
l 1459 1460
l 1459 1461
l 1459 4455
l 1460 1462
l 1460 1461
l 1460 1463
l 1461 1463
l 1461 1462
l 1462 1463
l 1464 3126
l 1465 1468
l 1465 1467
l 1465 1466
l 1465 1470
l 1466 1467
l 1466 1474
l 1466 1468
l 1466 1473
l 1466 1472
l 1466 1475
l 1466 1470
l 1467 1472
l 1467 1473
l 1467 1468
l 1467 1474
l 1468 1470
l 1468 1469
l 1468 1474
l 1469 1470
l 1470 1474
l 1471 2732
l 1471 2737
l 1471 2747
l 1471 2730
l 1472 1473
l 1472 1475
l 1473 1475
l 1473 1474
l 1474 1475
l 1476 3136
l 1476 4650
l 1476 4653
l 1476 4971
l 1476 6557
l 1476 4706
l 1476 4652
l 1477 1540
l 1477 4357
l 1477 4837
l 1477 4324
l 1477 1541
l 1478 3134
l 1478 1479
l 1478 3476
l 1478 3480
l 1478 1514
l 1478 1513
l 1478 3129
l 1478 1502
l 1479 3480
l 1479 1502
l 1479 3134
l 1479 3476
l 1480 1803
l 1480 3135
l 1480 1804
l 1481 3135
l 1481 1802
l 1481 1803
l 1481 3152
l 1482 1485
l 1482 2832
l 1482 1483
l 1482 2833
l 1483 2832
l 1483 3479
l 1483 2831
l 1483 3478
l 1484 1485
l 1484 2831
l 1484 1486
l 1484 1487
l 1484 2833
l 1484 3481
l 1485 2833
l 1485 2831
l 1485 2832
l 1485 1486
l 1486 2833
l 1486 1487
l 1486 2830
l 1486 3481
l 1487 3481
l 1487 2830
l 1487 2829
l 1487 2833
l 1487 2848
l 1487 2884
l 1488 2840
l 1488 1489
l 1488 1491
l 1488 2829
l 1488 1490
l 1488 2848
l 1488 2841
l 1488 2830
l 1489 1493
l 1489 2830
l 1489 2829
l 1489 1490
l 1489 2840
l 1490 1493
l 1490 1491
l 1490 1492
l 1490 2841
l 1491 2841
l 1491 2840
l 1491 2852
l 1491 1493
l 1492 1493
l 1494 2828
l 1494 1497
l 1494 2835
l 1494 1495
l 1494 1496
l 1494 2836
l 1494 2825
l 1494 2826
l 1495 1496
l 1495 2844
l 1495 2845
l 1495 2828
l 1495 1497
l 1495 2826
l 1495 2843
l 1496 2826
l 1496 2845
l 1496 1497
l 1496 2843
l 1496 2825
l 1496 2844
l 1496 2828
l 1497 2825
l 1497 2836
l 1497 2826
l 1497 2835
l 1497 2828
l 1498 1517
l 1498 3143
l 1498 3145
l 1499 3136
l 1499 4651
l 1499 4652
l 1499 4650
l 1501 3135
l 1501 1803
l 1502 3480
l 1502 3135
l 1502 3476
l 1503 1866
l 1503 1546
l 1503 1867
l 1504 2906
l 1504 1505
l 1504 2905
l 1504 1840
l 1504 1839
l 1504 2962
l 1505 1838
l 1505 2942
l 1505 2905
l 1505 1840
l 1505 2906
l 1505 2939
l 1506 1507
l 1506 2822
l 1506 2823
l 1507 2896
l 1507 2897
l 1507 2823
l 1507 2822
l 1507 2988
l 1508 1539
l 1508 1544
l 1508 1871
l 1508 1872
l 1509 1511
l 1509 1861
l 1509 1510
l 1510 1511
l 1510 1843
l 1510 1872
l 1510 1845
l 1510 3009
l 1511 1843
l 1511 1872
l 1511 1845
l 1512 1800
l 1512 1513
l 1512 1801
l 1512 3476
l 1512 3157
l 1512 1514
l 1512 1802
l 1513 3476
l 1513 1800
l 1513 1801
l 1513 1514
l 1513 3480
l 1513 3157
l 1514 3134
l 1514 1800
l 1514 1799
l 1514 3129
l 1515 4987
l 1515 1516
l 1515 3173
l 1515 4624
l 1515 1535
l 1515 5006
l 1515 4838
l 1516 4987
l 1516 4838
l 1516 3173
l 1516 4624
l 1516 4627
l 1517 3143
l 1518 4989
l 1518 4990
l 1518 1520
l 1518 4440
l 1518 1519
l 1518 4443
l 1518 4481
l 1518 4478
l 1519 4930
l 1519 4989
l 1519 4439
l 1519 4440
l 1519 4481
l 1519 4452
l 1520 4990
l 1520 4991
l 1520 1521
l 1520 4443
l 1520 4515
l 1520 4478
l 1520 4512
l 1521 4991
l 1521 4992
l 1521 1522
l 1521 4528
l 1521 4515
l 1522 4993
l 1522 4992
l 1522 1523
l 1522 4503
l 1522 4528
l 1523 1524
l 1523 4502
l 1523 4993
l 1523 4503
l 1523 4994
l 1524 1525
l 1524 4502
l 1525 1527
l 1526 1528
l 1526 4639
l 1526 4997
l 1526 1527
l 1526 1529
l 1527 1528
l 1527 4566
l 1528 1529
l 1528 4997
l 1529 4575
l 1529 1531
l 1529 4576
l 1530 4593
l 1530 1531
l 1530 1532
l 1530 4592
l 1531 4574
l 1531 4573
l 1532 1533
l 1532 4594
l 1533 3198
l 1533 3180
l 1533 3176
l 1533 3179
l 1534 5005
l 1534 3171
l 1534 3127
l 1534 4707
l 1534 4830
l 1535 5006
l 1535 3127
l 1535 3173
l 1535 3171
l 1535 6549
l 1535 5005
l 1535 4987
l 1536 1894
l 1537 1760
l 1537 1538
l 1537 2867
l 1538 1763
l 1539 1871
l 1539 1872
l 1539 1544
l 1539 1845
l 1539 1844
l 1540 1541
l 1540 4324
l 1540 4357
l 1540 4323
l 1540 3103
l 1541 3103
l 1541 4323
l 1541 4324
l 1541 4370
l 1541 3482
l 1542 1905
l 1542 1543
l 1542 2899
l 1542 2898
l 1542 2900
l 1542 2823
l 1543 2823
l 1543 2898
l 1543 2899
l 1543 2897
l 1543 1905
l 1543 2900
l 1544 1871
l 1545 1762
l 1545 1546
l 1545 1763
l 1545 1866
l 1546 1866
l 1546 1762
l 1546 1867
l 1547 1550
l 1547 1551
l 1547 1548
l 1547 1570
l 1547 1549
l 1547 1599
l 1547 1552
l 1547 1571
l 1547 1693
l 1547 1603
l 1548 1549
l 1548 1552
l 1548 1949
l 1548 1742
l 1548 1551
l 1548 1694
l 1548 1558
l 1548 1592
l 1548 1550
l 1549 1592
l 1549 1742
l 1549 1550
l 1549 1593
l 1549 1949
l 1549 1552
l 1549 1603
l 1549 1591
l 1550 1603
l 1550 1571
l 1550 1592
l 1550 1570
l 1550 1551
l 1550 1602
l 1550 1600
l 1551 1693
l 1551 1552
l 1551 1599
l 1551 1692
l 1551 1558
l 1551 1570
l 1551 1579
l 1552 1558
l 1552 1694
l 1552 1949
l 1552 1693
l 1552 1557
l 1552 1559
l 1553 1556
l 1553 1727
l 1553 1595
l 1553 1554
l 1553 1730
l 1553 1555
l 1553 1596
l 1553 1728
l 1553 1582
l 1553 1561
l 1554 1555
l 1554 1728
l 1554 1954
l 1554 1589
l 1554 1727
l 1554 1751
l 1554 1556
l 1554 1588
l 1554 1584
l 1555 1588
l 1555 1589
l 1555 1556
l 1555 1587
l 1555 1582
l 1555 1954
l 1555 1559
l 1555 1728
l 1556 1582
l 1556 1596
l 1556 1595
l 1556 1588
l 1556 1581
l 1556 1579
l 1556 1727
l 1557 1560
l 1557 1694
l 1557 1952
l 1557 1558
l 1557 1947
l 1557 1559
l 1557 1953
l 1557 1949
l 1557 1587
l 1558 1559
l 1558 1693
l 1558 1694
l 1558 1560
l 1558 1579
l 1558 1588
l 1559 1588
l 1559 1560
l 1559 1579
l 1559 1582
l 1559 1587
l 1559 1693
l 1560 1587
l 1560 1953
l 1560 1952
l 1560 1588
l 1560 1958
l 1560 1694
l 1560 1589
l 1561 1564
l 1561 1727
l 1561 1584
l 1561 1562
l 1561 1563
l 1561 1728
l 1561 1585
l 1561 1722
l 1561 1730
l 1562 1563
l 1562 1730
l 1562 1610
l 1562 1613
l 1562 1727
l 1562 1564
l 1562 1723
l 1562 1729
l 1562 1595
l 1563 1723
l 1563 1564
l 1563 1613
l 1563 2874
l 1563 1722
l 1563 1610
l 1563 1606
l 1563 1730
l 1564 1722
l 1564 1585
l 1564 1584
l 1564 1723
l 1564 1690
l 1564 1689
l 1564 1727
l 1565 1745
l 1565 1568
l 1565 1567
l 1565 1566
l 1565 1917
l 1565 1609
l 1565 1666
l 1565 1647
l 1565 1724
l 1565 1744
l 1566 1648
l 1566 1647
l 1566 1666
l 1566 1567
l 1566 1745
l 1566 1665
l 1566 1646
l 1566 1649
l 1566 1726
l 1567 1647
l 1567 1726
l 1567 1568
l 1567 1724
l 1567 1648
l 1567 1685
l 1567 1745
l 1567 1646
l 1568 1724
l 1568 1725
l 1568 1609
l 1568 1608
l 1568 1917
l 1568 1726
l 1568 1745
l 1569 1572
l 1569 1598
l 1569 1570
l 1569 1578
l 1569 1571
l 1569 1915
l 1569 1599
l 1569 1577
l 1569 1743
l 1569 1914
l 1570 1599
l 1570 1571
l 1570 1598
l 1570 1572
l 1570 1692
l 1570 1602
l 1571 1602
l 1571 1572
l 1571 1603
l 1571 1599
l 1571 1914
l 1571 1601
l 1572 1914
l 1572 1577
l 1572 1578
l 1572 1602
l 1572 1598
l 1572 1913
l 1572 1915
l 1573 1743
l 1573 1576
l 1573 1580
l 1573 1574
l 1573 1692
l 1573 1575
l 1573 1581
l 1573 1916
l 1573 1598
l 1573 1597
l 1574 1575
l 1574 1916
l 1574 1696
l 1574 1744
l 1574 1743
l 1574 1615
l 1574 1576
l 1574 1917
l 1574 1915
l 1575 1917
l 1575 1744
l 1575 1745
l 1575 1576
l 1575 1696
l 1575 1597
l 1575 1609
l 1576 1597
l 1576 1581
l 1576 1917
l 1576 1580
l 1576 1596
l 1576 1594
l 1576 1609
l 1577 1578
l 1577 1913
l 1577 1618
l 1577 1753
l 1577 1914
l 1577 1915
l 1577 1616
l 1577 1702
l 1578 1915
l 1578 1618
l 1578 1616
l 1578 1598
l 1578 1913
l 1578 1916
l 1578 1753
l 1579 1582
l 1579 1693
l 1579 1580
l 1579 1588
l 1579 1581
l 1579 1692
l 1580 1581
l 1580 1692
l 1580 1693
l 1580 1582
l 1580 1743
l 1580 1599
l 1580 1596
l 1581 1596
l 1581 1582
l 1581 1597
l 1581 1595
l 1581 1692
l 1582 1588
l 1582 1596
l 1582 1693
l 1583 1586
l 1583 1751
l 1583 1974
l 1583 1584
l 1583 1965
l 1583 1585
l 1583 1691
l 1583 1975
l 1583 1728
l 1583 1954
l 1584 1585
l 1584 1728
l 1584 1751
l 1584 1586
l 1584 1690
l 1584 1727
l 1585 1690
l 1585 1586
l 1585 1722
l 1585 1691
l 1585 1688
l 1585 1728
l 1586 1691
l 1586 1975
l 1586 1974
l 1586 1690
l 1586 1977
l 1586 1751
l 1586 1979
l 1587 1589
l 1587 1958
l 1587 1588
l 1587 1953
l 1587 1956
l 1587 1954
l 1588 1589
l 1589 1954
l 1589 1956
l 1589 1958
l 1589 1955
l 1589 1751
l 1590 1593
l 1590 1981
l 1590 1967
l 1590 1969
l 1590 1591
l 1590 1592
l 1590 1742
l 1590 1966
l 1590 1977
l 1590 1687
l 1591 1592
l 1591 1687
l 1591 1600
l 1591 1981
l 1591 1603
l 1591 1593
l 1591 1686
l 1591 1688
l 1592 1593
l 1592 1603
l 1592 1742
l 1592 1687
l 1592 1600
l 1593 1742
l 1593 1966
l 1593 1967
l 1593 1949
l 1593 1972
l 1593 1981
l 1594 1597
l 1594 1729
l 1594 1595
l 1594 1608
l 1594 1609
l 1594 1596
l 1594 1917
l 1594 1730
l 1594 1611
l 1595 1596
l 1595 1730
l 1595 1729
l 1595 1597
l 1595 1727
l 1596 1597
l 1596 1730
l 1597 1917
l 1597 1609
l 1597 1729
l 1597 1608
l 1598 1743
l 1598 1599
l 1598 1915
l 1598 1916
l 1598 1692
l 1599 1692
l 1599 1743
l 1599 1693
l 1600 1686
l 1600 1603
l 1600 1601
l 1600 1687
l 1600 1602
l 1600 1605
l 1600 1689
l 1601 1605
l 1601 1602
l 1601 1731
l 1601 1686
l 1601 1914
l 1601 1603
l 1601 1604
l 1601 1606
l 1602 1603
l 1602 1914
l 1602 1731
l 1603 1686
l 1604 1607
l 1604 1731
l 1604 1625
l 1604 1605
l 1604 1606
l 1604 1912
l 1604 1626
l 1604 2874
l 1604 1914
l 1605 1606
l 1605 1686
l 1605 1689
l 1605 1731
l 1605 1607
l 1605 1723
l 1606 1723
l 1606 1689
l 1606 1607
l 1606 1722
l 1606 2874
l 1606 1686
l 1607 2874
l 1607 1626
l 1607 1625
l 1607 1723
l 1607 1918
l 1607 1613
l 1608 1609
l 1608 1611
l 1608 1725
l 1608 1729
l 1608 1917
l 1608 1630
l 1609 1917
l 1609 1745
l 1609 1725
l 1609 1729
l 1610 1613
l 1610 1729
l 1610 1611
l 1610 1612
l 1610 1730
l 1610 2874
l 1611 1612
l 1611 1725
l 1611 1630
l 1611 1729
l 1611 1613
l 1611 1918
l 1611 1629
l 1612 1918
l 1612 1630
l 1612 1613
l 1612 1629
l 1612 2874
l 1612 1725
l 1612 1626
l 1612 1729
l 1613 2874
l 1613 1918
l 1613 1723
l 1613 1729
l 1614 1655
l 1614 1617
l 1614 1615
l 1614 1695
l 1614 1652
l 1614 1616
l 1614 1656
l 1614 1696
l 1614 1654
l 1614 1653
l 1615 1616
l 1615 1696
l 1615 1695
l 1615 1916
l 1615 1617
l 1615 1915
l 1615 1655
l 1615 1618
l 1616 1618
l 1616 1617
l 1616 1915
l 1616 1619
l 1616 1916
l 1616 1753
l 1617 1656
l 1617 1619
l 1617 1655
l 1617 1618
l 1617 1667
l 1617 1657
l 1617 1654
l 1618 1753
l 1618 1619
l 1618 1915
l 1618 1739
l 1618 1702
l 1619 1667
l 1619 1739
l 1619 1656
l 1619 1753
l 1619 1621
l 1619 1741
l 1619 1657
l 1620 1621
l 1620 1714
l 1620 1623
l 1620 1741
l 1620 1622
l 1620 1740
l 1620 1667
l 1620 1699
l 1620 1739
l 1620 1701
l 1621 1739
l 1621 1622
l 1621 1667
l 1621 1741
l 1621 1701
l 1621 1623
l 1621 1714
l 1621 1740
l 1622 1623
l 1622 1701
l 1622 1911
l 1622 1910
l 1622 1697
l 1622 1699
l 1622 1739
l 1622 1714
l 1623 1699
l 1623 1697
l 1623 1910
l 1623 1714
l 1623 1911
l 1623 1698
l 1623 1701
l 1624 1644
l 1624 1627
l 1624 1703
l 1624 1625
l 1624 1700
l 1624 1626
l 1624 1658
l 1624 1661
l 1624 1645
l 1624 1912
l 1625 1626
l 1625 1912
l 1625 1703
l 1625 1731
l 1625 1627
l 1625 1918
l 1625 2874
l 1626 1918
l 1626 1627
l 1626 2874
l 1626 1629
l 1627 1629
l 1627 1644
l 1627 1645
l 1627 1918
l 1627 1737
l 1627 1628
l 1627 1658
l 1627 1630
l 1628 1663
l 1628 1645
l 1628 1631
l 1628 1733
l 1628 1629
l 1628 1630
l 1628 1737
l 1628 1901
l 1628 1662
l 1628 1732
l 1629 1630
l 1629 1645
l 1629 1918
l 1629 1631
l 1629 1733
l 1630 1631
l 1630 1725
l 1630 1918
l 1630 1724
l 1630 1663
l 1631 1662
l 1631 1663
l 1631 1725
l 1631 1724
l 1631 1733
l 1631 1734
l 1631 1726
l 1632 1668
l 1632 1635
l 1632 1633
l 1632 1672
l 1632 1634
l 1632 1669
l 1632 1746
l 1632 1671
l 1632 1673
l 1632 1670
l 1633 1746
l 1633 1734
l 1633 1634
l 1633 3014
l 1633 1668
l 1633 1732
l 1633 1635
l 1633 1747
l 1633 1671
l 1634 3014
l 1634 1635
l 1634 1684
l 1634 1685
l 1634 1734
l 1634 1736
l 1634 1726
l 1634 1746
l 1635 1736
l 1635 1684
l 1635 1673
l 1635 1672
l 1635 1668
l 1635 1685
l 1635 1735
l 1636 1646
l 1636 1639
l 1636 1637
l 1636 1684
l 1636 1649
l 1636 1736
l 1636 1638
l 1636 1648
l 1636 1685
l 1636 1647
l 1637 1649
l 1637 1638
l 1637 1749
l 1637 1752
l 1637 1639
l 1637 1646
l 1637 1677
l 1637 1648
l 1637 1665
l 1638 1639
l 1638 1677
l 1638 1674
l 1638 1749
l 1638 1675
l 1638 1676
l 1638 1649
l 1638 1752
l 1639 1736
l 1639 1675
l 1639 1735
l 1639 1684
l 1639 1674
l 1639 1646
l 1639 1649
l 1640 1641
l 1640 1708
l 1640 1643
l 1640 1642
l 1640 1709
l 1640 1654
l 1640 1680
l 1640 1657
l 1640 1717
l 1640 1681
l 1641 1654
l 1641 1709
l 1641 1642
l 1641 1657
l 1641 1655
l 1641 1653
l 1641 1708
l 1641 1656
l 1641 1643
l 1642 1657
l 1642 1643
l 1642 1740
l 1642 1741
l 1642 1654
l 1642 1656
l 1642 1682
l 1642 1667
l 1643 1682
l 1643 1740
l 1643 1681
l 1643 1657
l 1643 1741
l 1643 1683
l 1643 1712
l 1644 1658
l 1644 1661
l 1644 1700
l 1644 1737
l 1644 1645
l 1644 1659
l 1644 1660
l 1644 1901
l 1645 1737
l 1645 1733
l 1645 1901
l 1645 1658
l 1645 1659
l 1645 1663
l 1646 1647
l 1646 1648
l 1646 1649
l 1646 1685
l 1646 1684
l 1646 1726
l 1647 1648
l 1647 1685
l 1647 1726
l 1647 1649
l 1647 1684
l 1647 1666
l 1648 1649
l 1648 1665
l 1648 1666
l 1648 1752
l 1649 1752
l 1649 1665
l 1649 1749
l 1649 1666
l 1650 1651
l 1650 1750
l 1650 1653
l 1650 1752
l 1650 1652
l 1650 1749
l 1650 1709
l 1650 1665
l 1650 1664
l 1650 1695
l 1651 1664
l 1651 1665
l 1651 1652
l 1651 1752
l 1651 1695
l 1651 1653
l 1651 1666
l 1651 1750
l 1651 1749
l 1652 1653
l 1652 1695
l 1652 1655
l 1652 1654
l 1652 1664
l 1652 1709
l 1652 1750
l 1653 1709
l 1653 1654
l 1653 1655
l 1653 1750
l 1653 1695
l 1653 1708
l 1654 1655
l 1654 1657
l 1654 1656
l 1654 1709
l 1655 1656
l 1655 1657
l 1655 1695
l 1655 1709
l 1656 1657
l 1656 1667
l 1656 1741
l 1657 1741
l 1657 1667
l 1657 1740
l 1658 1659
l 1658 1737
l 1658 1661
l 1658 1660
l 1658 1901
l 1658 1704
l 1658 1700
l 1658 1707
l 1659 1704
l 1659 1737
l 1659 1901
l 1659 1660
l 1659 1707
l 1659 1661
l 1659 1748
l 1660 1661
l 1660 1707
l 1660 1910
l 1660 1697
l 1660 1911
l 1660 1704
l 1660 1700
l 1660 1706
l 1661 1911
l 1661 1700
l 1661 1910
l 1661 1707
l 1661 1697
l 1661 1701
l 1662 3014
l 1662 1663
l 1662 1724
l 1662 1734
l 1662 1726
l 1662 1732
l 1662 1725
l 1662 1685
l 1663 1733
l 1663 1734
l 1663 1732
l 1663 1901
l 1663 1748
l 1663 3014
l 1664 1666
l 1664 1744
l 1664 1695
l 1664 1665
l 1664 1696
l 1664 1745
l 1664 1752
l 1665 1752
l 1665 1666
l 1665 1749
l 1666 1745
l 1666 1744
l 1666 1752
l 1667 1741
l 1667 1739
l 1667 1740
l 1668 1671
l 1668 1746
l 1668 1669
l 1668 1670
l 1668 1747
l 1668 1672
l 1668 1718
l 1669 1670
l 1669 1672
l 1669 1671
l 1669 1719
l 1669 1673
l 1670 1719
l 1670 1671
l 1670 1718
l 1670 1672
l 1670 1720
l 1671 1718
l 1671 1747
l 1671 1746
l 1671 1705
l 1671 1719
l 1672 1673
l 1672 1735
l 1672 1736
l 1673 1735
l 1673 1736
l 1673 1675
l 1674 1676
l 1674 1675
l 1674 1677
l 1674 1679
l 1674 1735
l 1675 1735
l 1675 1736
l 1675 1738
l 1675 1676
l 1676 1679
l 1676 1677
l 1676 1678
l 1676 1717
l 1677 1749
l 1677 1678
l 1677 1750
l 1677 1752
l 1677 1679
l 1678 1750
l 1678 1708
l 1678 1679
l 1678 1709
l 1678 1749
l 1678 1717
l 1679 1717
l 1679 1708
l 1679 1680
l 1680 1717
l 1680 1681
l 1680 1708
l 1680 1683
l 1681 1683
l 1681 1682
l 1681 1711
l 1681 1717
l 1682 1712
l 1682 1740
l 1682 1714
l 1682 1683
l 1682 1741
l 1682 1711
l 1683 1711
l 1683 1712
l 1683 1710
l 1683 1713
l 1684 1685
l 1684 1736
l 1684 3014
l 1684 1726
l 1685 1726
l 1685 3014
l 1686 1689
l 1686 1687
l 1686 1688
l 1686 1722
l 1687 1688
l 1687 1981
l 1687 1977
l 1687 1689
l 1687 1690
l 1688 1690
l 1688 1977
l 1688 1689
l 1688 1691
l 1688 1722
l 1688 1981
l 1689 1722
l 1689 1690
l 1689 1723
l 1690 1691
l 1690 1722
l 1690 1977
l 1691 1977
l 1691 1979
l 1691 1975
l 1691 1981
l 1691 1978
l 1692 1693
l 1692 1743
l 1694 1949
l 1694 1947
l 1694 1948
l 1694 1952
l 1694 1742
l 1695 1696
l 1695 1744
l 1696 1744
l 1696 1916
l 1697 1910
l 1697 1698
l 1697 1707
l 1697 1699
l 1697 1911
l 1697 1706
l 1698 1716
l 1698 1699
l 1698 1706
l 1698 1707
l 1698 1713
l 1698 1721
l 1698 1910
l 1699 1713
l 1699 1714
l 1699 1712
l 1699 1716
l 1699 1910
l 1700 1911
l 1700 1703
l 1700 1701
l 1700 1910
l 1701 1911
l 1701 1739
l 1701 1910
l 1701 1702
l 1701 1703
l 1702 1753
l 1702 1703
l 1702 1739
l 1702 1913
l 1702 1912
l 1703 1912
l 1703 1911
l 1703 1913
l 1704 1705
l 1704 1748
l 1704 1707
l 1704 1901
l 1704 1706
l 1704 1737
l 1704 1747
l 1705 1706
l 1705 1747
l 1705 1718
l 1705 1748
l 1705 1721
l 1705 1707
l 1705 1901
l 1706 1707
l 1706 1721
l 1706 1716
l 1706 1718
l 1707 1910
l 1708 1709
l 1708 1750
l 1708 1717
l 1709 1750
l 1710 1711
l 1710 1715
l 1710 1713
l 1710 1716
l 1710 1712
l 1710 1720
l 1711 1712
l 1711 1713
l 1711 1715
l 1711 1716
l 1712 1714
l 1712 1713
l 1712 1740
l 1713 1716
l 1713 1714
l 1713 1715
l 1714 1740
l 1714 1741
l 1715 1720
l 1715 1716
l 1715 1721
l 1715 1719
l 1716 1721
l 1716 1720
l 1718 1721
l 1718 1719
l 1718 1747
l 1718 1720
l 1719 1720
l 1719 1721
l 1720 1721
l 1722 1723
l 1723 2874
l 1724 1726
l 1724 1725
l 1724 3014
l 1726 3014
l 1727 1728
l 1727 1730
l 1728 1751
l 1728 1954
l 1729 1730
l 1731 1914
l 1731 1912
l 1731 1913
l 1732 1748
l 1732 1734
l 1732 1733
l 1732 1746
l 1732 1747
l 1732 1901
l 1732 1737
l 1733 1901
l 1733 1748
l 1733 1737
l 1733 1734
l 1734 3014
l 1734 1746
l 1734 1748
l 1734 1747
l 1735 1736
l 1735 1738
l 1737 1901
l 1737 1748
l 1739 1753
l 1739 1741
l 1740 1741
l 1742 1949
l 1742 1972
l 1742 1966
l 1742 1948
l 1743 1916
l 1743 1915
l 1744 1745
l 1745 1917
l 1746 1747
l 1746 1748
l 1747 1748
l 1747 1901
l 1748 1901
l 1749 1752
l 1749 1750
l 1750 1752
l 1751 1954
l 1751 1965
l 1751 1955
l 1751 1974
l 1753 1913
l 1754 2877
l 1754 1756
l 1754 3472
l 1754 2885
l 1755 1756
l 1755 3483
l 1755 3472
l 1755 3030
l 1755 2878
l 1755 4215
l 1755 4698
l 1755 5223
l 1756 3472
l 1756 2878
l 1756 3483
l 1756 2879
l 1756 5223
l 1756 4698
l 1756 4702
l 1757 2884
l 1757 1759
l 1758 1759
l 1758 2884
l 1759 2884
l 1759 3481
l 1760 1761
l 1760 2867
l 1761 2953
l 1761 2867
l 1761 2866
l 1762 1867
l 1762 1866
l 1762 1763
l 1762 1868
l 1764 2866
l 1764 2868
l 1764 2953
l 1764 2867
l 1764 2865
l 1765 1766
l 1765 1767
l 1766 1777
l 1767 1776
l 1768 3505
l 1768 3502
l 1768 2923
l 1768 3510
l 1769 3501
l 1769 1770
l 1769 3504
l 1769 3502
l 1769 3508
l 1769 3505
l 1769 3161
l 1769 5235
l 1769 4814
l 1770 3504
l 1770 3501
l 1770 3508
l 1770 3502
l 1770 3161
l 1770 5235
l 1770 4814
l 1770 4813
l 1770 3505
l 1771 3493
l 1771 1775
l 1771 1774
l 1771 3494
l 1771 1773
l 1772 3490
l 1772 3491
l 1772 3489
l 1772 1773
l 1774 1775
l 1774 3494
l 1774 3493
l 1774 3495
l 1774 3492
l 1774 3487
l 1775 3494
l 1775 3493
l 1775 3492
l 1775 3495
l 1775 3487
l 1776 1779
l 1777 1778
l 1778 3491
l 1780 2930
l 1780 1783
l 1780 1781
l 1780 2915
l 1780 2931
l 1780 1782
l 1780 3123
l 1780 2914
l 1780 2929
l 1781 3123
l 1781 1782
l 1781 3098
l 1781 2930
l 1781 1786
l 1781 3124
l 1781 1783
l 1781 2911
l 1781 2929
l 1782 1783
l 1782 1785
l 1782 1786
l 1782 1784
l 1782 3022
l 1782 3098
l 1782 3123
l 1782 2930
l 1783 3022
l 1783 2914
l 1783 2915
l 1783 1785
l 1783 3023
l 1783 2930
l 1783 2931
l 1784 1785
l 1784 3160
l 1784 1786
l 1784 5249
l 1784 5247
l 1784 6523
l 1784 3100
l 1784 3022
l 1785 5247
l 1785 3022
l 1785 5246
l 1785 5249
l 1785 1786
l 1785 5248
l 1786 3100
l 1786 3098
l 1786 3160
l 1786 3099
l 1786 3124
l 1786 3123
l 1787 1788
l 1787 3112
l 1787 1790
l 1787 3091
l 1787 3102
l 1787 3087
l 1787 1789
l 1787 3111
l 1787 3101
l 1787 3114
l 1788 3101
l 1788 3102
l 1788 1789
l 1788 2913
l 1788 1793
l 1788 1790
l 1788 3112
l 1788 2919
l 1788 2918
l 1789 1793
l 1789 1790
l 1789 1792
l 1789 1791
l 1789 3101
l 1789 2918
l 1789 2917
l 1790 3087
l 1790 1792
l 1790 1793
l 1790 3091
l 1790 1791
l 1791 2917
l 1791 1792
l 1791 1793
l 1791 1794
l 1791 2916
l 1791 2918
l 1791 1795
l 1792 1795
l 1792 1794
l 1792 2917
l 1792 1793
l 1792 2916
l 1793 2918
l 1793 3101
l 1793 2917
l 1793 2919
l 1794 2916
l 1794 1795
l 1794 1796
l 1794 2917
l 1794 1797
l 1794 2920
l 1795 1797
l 1795 2916
l 1795 1796
l 1795 2920
l 1796 1797
l 1796 2920
l 1796 3155
l 1796 2916
l 1796 1798
l 1796 2925
l 1797 1798
l 1797 2920
l 1797 3155
l 1798 3155
l 1798 2925
l 1798 1799
l 1798 3158
l 1799 3158
l 1799 2928
l 1799 3155
l 1799 1801
l 1799 1800
l 1800 1801
l 1800 3157
l 1800 2927
l 1800 3476
l 1800 1802
l 1801 3157
l 1801 2927
l 1801 1802
l 1801 3152
l 1802 3152
l 1802 2922
l 1802 3151
l 1803 3151
l 1803 2921
l 1803 3135
l 1804 3156
l 1804 2926
l 1804 2924
l 1805 3154
l 1805 2924
l 1805 3153
l 1805 2923
l 1806 3153
l 1806 2923
l 1806 1807
l 1807 3161
l 1807 1808
l 1807 3508
l 1807 3504
l 1807 4351
l 1807 5268
l 1808 3511
l 1808 4351
l 1808 4350
l 1808 3161
l 1808 3146
l 1808 5268
l 1809 1900
l 1809 1895
l 1809 1896
l 1810 1812
l 1810 1819
l 1810 2973
l 1810 1817
l 1810 1818
l 1810 2881
l 1811 2880
l 1811 1812
l 1812 2880
l 1812 2881
l 1812 1819
l 1812 1817
l 1813 1816
l 1813 1815
l 1813 1814
l 1813 2888
l 1814 1815
l 1814 2888
l 1814 2887
l 1815 2888
l 1815 2881
l 1815 1816
l 1815 2887
l 1816 2889
l 1816 2888
l 1816 2890
l 1816 2880
l 1817 1818
l 1817 1819
l 1817 2973
l 1817 1820
l 1817 2882
l 1817 2974
l 1818 2973
l 1818 1820
l 1818 2974
l 1818 1819
l 1819 2881
l 1819 2882
l 1819 1820
l 1819 2973
l 1819 2887
l 1820 2882
l 1820 2883
l 1820 1821
l 1820 2887
l 1820 2886
l 1821 2883
l 1821 2886
l 1821 2974
l 1821 2876
l 1822 1850
l 1822 1823
l 1822 1825
l 1822 1824
l 1822 1882
l 1822 2890
l 1823 1882
l 1823 2893
l 1823 1824
l 1823 1850
l 1823 2894
l 1823 1863
l 1823 1825
l 1824 1825
l 1824 2893
l 1824 2892
l 1824 2891
l 1824 2895
l 1824 2890
l 1824 2894
l 1825 2890
l 1825 2891
l 1825 1850
l 1825 2893
l 1825 2892
l 1826 1829
l 1826 1828
l 1826 1827
l 1826 3006
l 1826 1834
l 1826 1886
l 1826 1891
l 1827 1886
l 1827 1828
l 1827 1834
l 1827 1891
l 1827 1887
l 1827 3005
l 1827 1892
l 1827 1885
l 1828 3005
l 1828 3006
l 1828 1891
l 1828 1829
l 1828 3000
l 1828 3004
l 1828 1886
l 1828 3001
l 1829 2949
l 1829 3006
l 1829 2940
l 1829 3005
l 1830 1831
l 1830 3012
l 1830 1832
l 1830 1875
l 1830 1833
l 1830 3011
l 1830 1876
l 1830 1882
l 1831 1875
l 1831 1832
l 1831 1876
l 1831 3012
l 1831 1861
l 1832 1876
l 1832 1833
l 1832 1884
l 1832 1851
l 1832 3012
l 1832 2894
l 1833 2894
l 1833 1851
l 1833 1854
l 1833 3012
l 1833 1876
l 1833 1884
l 1833 1882
l 1833 2893
l 1834 1887
l 1834 1886
l 1834 2891
l 1834 1885
l 1834 1888
l 1834 2892
l 1834 1891
l 1835 2934
l 1835 1836
l 1835 2933
l 1835 2971
l 1835 2938
l 1835 2999
l 1836 2938
l 1836 1837
l 1836 2934
l 1836 2935
l 1836 2937
l 1837 2937
l 1837 2963
l 1837 2964
l 1837 2938
l 1837 2961
l 1837 2935
l 1837 2936
l 1838 2941
l 1838 2939
l 1838 2942
l 1838 2905
l 1838 1841
l 1838 2940
l 1838 2949
l 1839 2962
l 1839 1840
l 1839 2906
l 1839 2965
l 1839 2960
l 1839 2964
l 1839 2963
l 1840 2942
l 1840 2966
l 1840 2965
l 1840 2906
l 1840 2962
l 1840 2950
l 1841 2943
l 1841 1842
l 1841 2941
l 1841 2940
l 1841 3000
l 1841 1880
l 1841 2944
l 1842 2944
l 1842 2943
l 1842 1848
l 1842 1849
l 1842 3000
l 1842 1881
l 1842 1860
l 1843 3009
l 1843 1845
l 1843 1844
l 1843 1872
l 1843 1874
l 1843 1899
l 1844 1845
l 1844 1899
l 1844 1872
l 1844 1871
l 1844 1898
l 1844 3009
l 1845 1872
l 1845 1871
l 1845 1899
l 1846 1847
l 1846 1859
l 1846 2904
l 1846 1860
l 1846 2945
l 1846 1849
l 1846 1879
l 1846 1878
l 1846 2946
l 1847 2904
l 1847 1849
l 1847 1860
l 1847 1859
l 1847 1848
l 1847 1878
l 1847 2945
l 1847 2903
l 1848 1849
l 1848 1881
l 1848 1860
l 1848 2904
l 1848 1869
l 1849 1860
l 1849 2904
l 1849 1881
l 1849 2944
l 1849 2945
l 1850 2890
l 1851 1884
l 1851 1854
l 1851 1852
l 1851 1883
l 1851 1853
l 1851 2894
l 1852 1883
l 1852 1853
l 1852 1854
l 1852 1855
l 1852 2989
l 1852 1884
l 1852 2895
l 1852 1858
l 1852 2990
l 1853 1888
l 1853 1855
l 1853 1858
l 1853 2895
l 1853 1854
l 1853 2989
l 1853 1883
l 1853 1885
l 1853 2892
l 1854 2895
l 1854 2894
l 1854 1883
l 1854 1884
l 1854 2893
l 1854 1888
l 1855 1858
l 1855 2989
l 1855 1856
l 1855 1890
l 1855 1883
l 1855 1857
l 1855 1888
l 1855 1885
l 1856 1857
l 1856 1890
l 1856 2947
l 1856 1858
l 1856 1889
l 1856 2989
l 1856 2948
l 1856 1885
l 1856 1892
l 1857 1892
l 1857 1885
l 1857 2948
l 1857 1858
l 1857 2947
l 1857 1886
l 1857 1891
l 1857 1889
l 1858 1885
l 1858 1888
l 1858 1892
l 1858 1887
l 1858 1890
l 1859 2946
l 1859 1879
l 1859 2945
l 1859 1893
l 1859 1878
l 1859 1860
l 1859 2904
l 1859 3002
l 1860 2945
l 1860 2944
l 1860 2904
l 1860 3001
l 1861 1875
l 1862 3011
l 1862 1863
l 1862 1864
l 1862 3012
l 1862 1865
l 1862 1882
l 1863 1882
l 1863 1864
l 1863 3012
l 1863 3011
l 1864 1865
l 1864 1894
l 1864 1873
l 1864 3010
l 1865 3010
l 1865 1873
l 1865 1874
l 1865 1894
l 1865 3011
l 1866 1867
l 1866 1868
l 1867 1868
l 1867 1870
l 1868 1870
l 1869 1881
l 1869 1880
l 1870 2903
l 1871 1872
l 1873 1894
l 1873 1874
l 1873 1896
l 1873 1895
l 1873 1897
l 1873 1900
l 1874 3009
l 1874 1897
l 1874 1894
l 1874 1896
l 1874 1898
l 1874 3010
l 1874 1895
l 1875 1876
l 1876 1884
l 1877 1902
l 1877 1903
l 1877 1879
l 1877 1878
l 1877 2903
l 1877 1893
l 1878 2903
l 1878 1879
l 1878 1893
l 1879 1893
l 1879 2903
l 1879 2946
l 1879 2992
l 1882 3012
l 1882 2894
l 1882 2893
l 1883 2989
l 1883 2990
l 1883 1884
l 1885 1886
l 1885 1892
l 1885 1888
l 1885 1887
l 1885 1891
l 1886 1891
l 1886 1892
l 1886 1887
l 1886 1888
l 1886 3004
l 1887 1888
l 1887 2892
l 1887 2891
l 1887 2895
l 1888 2892
l 1888 2895
l 1889 2947
l 1889 2997
l 1889 1890
l 1889 2996
l 1889 3003
l 1889 2993
l 1889 2992
l 1890 2989
l 1890 2947
l 1890 2990
l 1890 2996
l 1891 3004
l 1891 1892
l 1891 3005
l 1891 2948
l 1891 3001
l 1892 2948
l 1892 3004
l 1892 2947
l 1892 3002
l 1893 2992
l 1893 2946
l 1893 2903
l 1893 3003
l 1894 1895
l 1894 1896
l 1895 1896
l 1895 1900
l 1895 1897
l 1896 1897
l 1896 1900
l 1896 1898
l 1897 1898
l 1897 1900
l 1897 1899
l 1898 1899
l 1898 3009
l 1899 3009
l 1902 1903
l 1902 1904
l 1902 2903
l 1903 1904
l 1903 2978
l 1903 2977
l 1903 2975
l 1904 2978
l 1904 2977
l 1904 2975
l 1904 2902
l 1905 2900
l 1905 2899
l 1905 2901
l 1906 3070
l 1906 3048
l 1906 3500
l 1906 5368
l 1906 1907
l 1906 6495
l 1906 3071
l 1907 3071
l 1907 5367
l 1907 3070
l 1907 3052
l 1907 5368
l 1908 3072
l 1908 5370
l 1908 1909
l 1908 3055
l 1908 3073
l 1908 3930
l 1909 3073
l 1909 5369
l 1909 3072
l 1909 3056
l 1909 3938
l 1910 1911
l 1912 1913
l 1912 1914
l 1913 1914
l 1915 1916
l 1918 2874
l 1919 2875
l 1919 1922
l 1919 1948
l 1919 1920
l 1919 1947
l 1919 1951
l 1919 1921
l 1919 1961
l 1919 1924
l 1919 1972
l 1920 1924
l 1920 1921
l 1920 1923
l 1920 1926
l 1920 1971
l 1920 2875
l 1920 1925
l 1920 1962
l 1920 5384
l 1921 1962
l 1921 1971
l 1921 1970
l 1921 1922
l 1921 1924
l 1921 1963
l 1921 1923
l 1921 1961
l 1922 1961
l 1922 1972
l 1922 1962
l 1922 1948
l 1922 1964
l 1922 2875
l 1922 1966
l 1923 1925
l 1923 1971
l 1923 5692
l 1923 5697
l 1923 2231
l 1923 2236
l 1923 5690
l 1923 1927
l 1923 2113
l 1923 5696
l 1924 1926
l 1924 1925
l 1924 2875
l 1924 1929
l 1924 1927
l 1924 5384
l 1924 1951
l 1925 1927
l 1925 5692
l 1925 5690
l 1925 2113
l 1925 5574
l 1925 1928
l 1925 2231
l 1925 2110
l 1926 1929
l 1926 1927
l 1926 1951
l 1926 1930
l 1926 1928
l 1926 1950
l 1926 2875
l 1927 1928
l 1927 2110
l 1927 5692
l 1927 5574
l 1927 2113
l 1927 2111
l 1927 5690
l 1927 1931
l 1928 1931
l 1928 2111
l 1928 2110
l 1928 1929
l 1928 1930
l 1928 2103
l 1928 2243
l 1929 1930
l 1929 1950
l 1929 1957
l 1929 1935
l 1929 1951
l 1929 1931
l 1930 1935
l 1930 1931
l 1930 1957
l 1930 1932
l 1930 1934
l 1930 1950
l 1930 2243
l 1931 2243
l 1931 2103
l 1931 2111
l 1931 1935
l 1931 2104
l 1931 2244
l 1931 2110
l 1932 1957
l 1932 1933
l 1932 1935
l 1932 1956
l 1932 1955
l 1932 1950
l 1932 1959
l 1932 1958
l 1932 1934
l 1933 1959
l 1933 1934
l 1933 1955
l 1933 1935
l 1933 1965
l 1933 1973
l 1933 1957
l 1933 1956
l 1933 1960
l 1934 1935
l 1934 1960
l 1934 2243
l 1934 2244
l 1934 1959
l 1934 1937
l 1934 2287
l 1935 2243
l 1935 1960
l 1935 2244
l 1936 2287
l 1936 1939
l 1936 2106
l 1936 2149
l 1936 2244
l 1936 2105
l 1936 1938
l 1936 2148
l 1936 1937
l 1936 1980
l 1937 1960
l 1937 1938
l 1937 2287
l 1937 1976
l 1937 1973
l 1937 1942
l 1937 2244
l 1937 1939
l 1938 1942
l 1938 1939
l 1938 1943
l 1938 1976
l 1938 1960
l 1938 2287
l 1938 1941
l 1938 1940
l 1939 1980
l 1939 2149
l 1939 2148
l 1939 2106
l 1939 2287
l 1939 1942
l 1939 2109
l 1939 2090
l 1940 1968
l 1940 1943
l 1940 1942
l 1940 1969
l 1940 1941
l 1940 1978
l 1940 1964
l 1940 1976
l 1940 1967
l 1941 1945
l 1941 1942
l 1941 1980
l 1941 1944
l 1941 1968
l 1941 1963
l 1941 1946
l 1942 1980
l 1942 1943
l 1942 1945
l 1942 1968
l 1943 1976
l 1943 1978
l 1943 1979
l 1943 1973
l 1943 1968
l 1943 1975
l 1944 1946
l 1944 1980
l 1944 2107
l 1944 2109
l 1944 1945
l 1944 2207
l 1944 2148
l 1944 2245
l 1945 1963
l 1945 1946
l 1945 1964
l 1945 1968
l 1945 1962
l 1945 1980
l 1945 2245
l 1946 2245
l 1946 2207
l 1946 2107
l 1946 1963
l 1946 2209
l 1946 1980
l 1946 1970
l 1946 2109
l 1947 1948
l 1947 1952
l 1947 2875
l 1947 1953
l 1947 1972
l 1947 1951
l 1947 1949
l 1948 1972
l 1948 1949
l 1948 1966
l 1948 1952
l 1948 2875
l 1949 1972
l 1950 1957
l 1950 1951
l 1950 1953
l 1950 1958
l 1950 2875
l 1950 1952
l 1951 2875
l 1951 1952
l 1951 1957
l 1951 1953
l 1952 1953
l 1952 2875
l 1952 1958
l 1953 1958
l 1953 1956
l 1953 1957
l 1954 1955
l 1954 1956
l 1954 1965
l 1955 1965
l 1955 1956
l 1955 1974
l 1955 1958
l 1955 1959
l 1956 1958
l 1956 1957
l 1956 1965
l 1957 1958
l 1959 1973
l 1959 1965
l 1959 1960
l 1959 1974
l 1959 1976
l 1960 2244
l 1960 2287
l 1960 1973
l 1960 2243
l 1961 1964
l 1961 1966
l 1961 1962
l 1961 1963
l 1961 1972
l 1961 1968
l 1961 1967
l 1962 1963
l 1962 1970
l 1962 2245
l 1962 1971
l 1963 2245
l 1963 1964
l 1963 1970
l 1964 1968
l 1964 1967
l 1964 1966
l 1965 1974
l 1965 1975
l 1965 1973
l 1966 1972
l 1966 1967
l 1966 1969
l 1967 1969
l 1967 1968
l 1967 1972
l 1967 1978
l 1968 1969
l 1969 1978
l 1969 1981
l 1969 1979
l 1970 2245
l 1970 1971
l 1970 2209
l 1970 2242
l 1970 2207
l 1970 2236
l 1971 2236
l 1971 2242
l 1971 5697
l 1971 2231
l 1971 2245
l 1973 1976
l 1973 1974
l 1973 1975
l 1974 1975
l 1974 1979
l 1974 1976
l 1975 1979
l 1975 1976
l 1975 1978
l 1976 1979
l 1977 1981
l 1977 1979
l 1977 1978
l 1978 1979
l 1978 1981
l 1980 2148
l 1980 2109
l 1980 2149
l 1980 2107
l 1980 2060
l 1982 2076
l 1982 2042
l 1982 2007
l 1982 1985
l 1982 1983
l 1982 2050
l 1982 1984
l 1982 5462
l 1982 2006
l 1982 5504
l 1983 5512
l 1983 2043
l 1983 1990
l 1983 2042
l 1983 5504
l 1983 1984
l 1983 5511
l 1983 1991
l 1983 5537
l 1984 5504
l 1984 1991
l 1984 5503
l 1984 5446
l 1984 5443
l 1984 5537
l 1984 1985
l 1984 2096
l 1984 2237
l 1985 2008
l 1985 2007
l 1985 2095
l 1985 5457
l 1985 2096
l 1985 2076
l 1985 2006
l 1985 5504
l 1986 5452
l 1986 5445
l 1986 5698
l 1986 1989
l 1986 2097
l 1986 1987
l 1986 2096
l 1986 5728
l 1986 5558
l 1986 5578
l 1987 5445
l 1987 2114
l 1987 5558
l 1987 1988
l 1987 2237
l 1987 5444
l 1987 5452
l 1987 2249
l 1987 5698
l 1987 5446
l 1988 5558
l 1988 5556
l 1988 2025
l 1988 2249
l 1988 5444
l 1988 5445
l 1988 2253
l 1988 1989
l 1988 2114
l 1989 2022
l 1989 2023
l 1989 5558
l 1989 5447
l 1989 5556
l 1989 5450
l 1989 2025
l 1989 5698
l 1990 5512
l 1990 5509
l 1990 5511
l 1990 1992
l 1990 2043
l 1990 1993
l 1990 5730
l 1990 1991
l 1990 2268
l 1991 5504
l 1991 2268
l 1991 5537
l 1991 5443
l 1991 5511
l 1991 2237
l 1991 2115
l 1992 5509
l 1992 5510
l 1992 5511
l 1992 2011
l 1992 5598
l 1992 2012
l 1992 2010
l 1992 1993
l 1992 5611
l 1993 5509
l 1993 5730
l 1993 5599
l 1993 2046
l 1993 5598
l 1993 2118
l 1993 1994
l 1993 2043
l 1994 5598
l 1994 5514
l 1994 2118
l 1994 1995
l 1994 5599
l 1994 5600
l 1994 5509
l 1994 2012
l 1995 2118
l 1995 2120
l 1995 5600
l 1995 2119
l 1995 1996
l 1995 5737
l 1995 5599
l 1995 5514
l 1995 2261
l 1996 5636
l 1996 2261
l 1996 5637
l 1996 2135
l 1996 2120
l 1996 1997
l 1996 5614
l 1996 5635
l 1996 5752
l 1997 2226
l 1997 2012
l 1997 2013
l 1997 5635
l 1997 5463
l 1997 5611
l 1997 5514
l 1998 5465
l 1998 2001
l 1998 5460
l 1998 2151
l 1998 5464
l 1998 1999
l 1998 2213
l 1998 5466
l 1998 5463
l 1998 2000
l 1999 5464
l 1999 2135
l 1999 2000
l 1999 5463
l 1999 5637
l 1999 2215
l 1999 2134
l 1999 2151
l 1999 2136
l 2000 2005
l 2000 2215
l 2000 2001
l 2000 5464
l 2000 5461
l 2000 2199
l 2000 2004
l 2000 2134
l 2001 2004
l 2001 5460
l 2001 2214
l 2001 2005
l 2001 2213
l 2001 5465
l 2001 5461
l 2001 2003
l 2002 2176
l 2002 2005
l 2002 2174
l 2002 2003
l 2002 2004
l 2002 2175
l 2002 2172
l 2002 2062
l 2003 2004
l 2003 2172
l 2003 2171
l 2003 2200
l 2003 2176
l 2003 2173
l 2003 2177
l 2003 2214
l 2004 2200
l 2004 2214
l 2004 2005
l 2004 5460
l 2004 2171
l 2004 2172
l 2005 2174
l 2005 2199
l 2005 5461
l 2005 2215
l 2005 2294
l 2006 2077
l 2006 5612
l 2006 2007
l 2006 5597
l 2006 2152
l 2006 2051
l 2006 2008
l 2006 2009
l 2006 2150
l 2006 2076
l 2007 2076
l 2007 5612
l 2007 2008
l 2007 2077
l 2007 5597
l 2007 2051
l 2007 2050
l 2008 2009
l 2008 5612
l 2008 5457
l 2008 2286
l 2008 5686
l 2008 2077
l 2008 2265
l 2009 2286
l 2009 5612
l 2009 2238
l 2009 2077
l 2009 2152
l 2009 5686
l 2009 5457
l 2009 2092
l 2010 2011
l 2010 2086
l 2010 5611
l 2010 2289
l 2010 2012
l 2010 5510
l 2010 5513
l 2010 2267
l 2010 5598
l 2011 2267
l 2011 2086
l 2011 5510
l 2011 2012
l 2011 2268
l 2011 5611
l 2011 2700
l 2011 5598
l 2012 5611
l 2012 5510
l 2012 2013
l 2012 5598
l 2012 5513
l 2012 5514
l 2012 5509
l 2013 5611
l 2013 2087
l 2013 5510
l 2013 5538
l 2013 5613
l 2013 5513
l 2013 5467
l 2013 2086
l 2014 2015
l 2014 2122
l 2014 2256
l 2014 2017
l 2014 2094
l 2014 2255
l 2014 2027
l 2014 2016
l 2014 2091
l 2014 2121
l 2015 2094
l 2015 2093
l 2015 2016
l 2015 2255
l 2015 2256
l 2015 2017
l 2015 2091
l 2015 2122
l 2015 2098
l 2016 2098
l 2016 2017
l 2016 2100
l 2016 2094
l 2016 2101
l 2016 2099
l 2016 2093
l 2016 2104
l 2017 2101
l 2017 2026
l 2017 2100
l 2017 2102
l 2017 2027
l 2017 2094
l 2017 2105
l 2018 5531
l 2018 2021
l 2018 2022
l 2018 5693
l 2018 5689
l 2018 5532
l 2018 2019
l 2018 5485
l 2018 2266
l 2018 2024
l 2019 5533
l 2019 2020
l 2019 2024
l 2019 5688
l 2019 5531
l 2019 5689
l 2019 2073
l 2019 5534
l 2019 2072
l 2020 5533
l 2020 5688
l 2020 5534
l 2020 2112
l 2020 2110
l 2020 5691
l 2020 5689
l 2020 2074
l 2020 2111
l 2021 5689
l 2021 2112
l 2021 5531
l 2021 2098
l 2021 2099
l 2021 5693
l 2021 5533
l 2022 5531
l 2022 5532
l 2022 5485
l 2022 2097
l 2022 2024
l 2022 5693
l 2022 5486
l 2022 2023
l 2023 2024
l 2023 2071
l 2023 2025
l 2023 5556
l 2023 5557
l 2023 5727
l 2023 2070
l 2024 2072
l 2024 5531
l 2024 5533
l 2024 2071
l 2024 5484
l 2024 5689
l 2025 5556
l 2025 5727
l 2025 2253
l 2025 2070
l 2025 5444
l 2025 5469
l 2025 2249
l 2025 5558
l 2026 2102
l 2026 2027
l 2026 2089
l 2026 2090
l 2026 2101
l 2026 2088
l 2026 2106
l 2026 2149
l 2027 2121
l 2027 2088
l 2027 2089
l 2027 2285
l 2027 2122
l 2027 2102
l 2027 2090
l 2028 2147
l 2028 2029
l 2028 2031
l 2028 2030
l 2028 2146
l 2028 2234
l 2028 5950
l 2028 2246
l 2028 5949
l 2028 2041
l 2029 2146
l 2029 2030
l 2029 5947
l 2029 2188
l 2029 5948
l 2029 2147
l 2029 2182
l 2029 5950
l 2029 2187
l 2030 5949
l 2030 5950
l 2030 5948
l 2030 2031
l 2030 5947
l 2030 2159
l 2030 2187
l 2030 5967
l 2031 5950
l 2031 5965
l 2031 5976
l 2031 5949
l 2031 2281
l 2031 2159
l 2031 2233
l 2031 2234
l 2032 2033
l 2032 2036
l 2032 2034
l 2032 2035
l 2032 2088
l 2032 2089
l 2032 2285
l 2032 2060
l 2032 2061
l 2032 2037
l 2033 2060
l 2033 2089
l 2033 2034
l 2033 2061
l 2033 2088
l 2033 2090
l 2033 2035
l 2033 2148
l 2033 2036
l 2034 2061
l 2034 2035
l 2034 2067
l 2034 2108
l 2034 2060
l 2034 2066
l 2034 2036
l 2034 2109
l 2035 2037
l 2035 2067
l 2035 2066
l 2035 2036
l 2035 2061
l 2035 2108
l 2035 2196
l 2036 2257
l 2036 2285
l 2036 2037
l 2036 2088
l 2036 2258
l 2036 2193
l 2037 2196
l 2037 2066
l 2037 2193
l 2037 2257
l 2037 2173
l 2037 2067
l 2038 6092
l 2038 6089
l 2038 6100
l 2038 6101
l 2038 6091
l 2038 2041
l 2038 2068
l 2038 2039
l 2038 6099
l 2038 6143
l 2039 6048
l 2039 6092
l 2039 6061
l 2039 2040
l 2039 2069
l 2039 6089
l 2039 6047
l 2039 6091
l 2039 2124
l 2040 6061
l 2040 2146
l 2040 2041
l 2040 6089
l 2040 6043
l 2040 6048
l 2040 2127
l 2040 2147
l 2040 6087
l 2041 6089
l 2041 2147
l 2041 6087
l 2041 6101
l 2041 6143
l 2041 6092
l 2041 2146
l 2042 2076
l 2042 2043
l 2042 2047
l 2042 2050
l 2042 2049
l 2042 5512
l 2042 5462
l 2042 5604
l 2043 5512
l 2043 5730
l 2043 5604
l 2043 2046
l 2043 2047
l 2043 5509
l 2044 2123
l 2044 2045
l 2044 2161
l 2044 5517
l 2044 5518
l 2044 2131
l 2044 5709
l 2044 5519
l 2044 5733
l 2044 5708
l 2045 5517
l 2045 5520
l 2045 2119
l 2045 2164
l 2045 2118
l 2045 2161
l 2045 2046
l 2045 5599
l 2045 5519
l 2046 5730
l 2046 5599
l 2046 5733
l 2046 2118
l 2046 5517
l 2046 2047
l 2047 2075
l 2047 2140
l 2047 5733
l 2047 2141
l 2047 5604
l 2047 5730
l 2047 2049
l 2048 2137
l 2048 5595
l 2048 2049
l 2048 2050
l 2048 2269
l 2048 5462
l 2048 2139
l 2048 2051
l 2048 5596
l 2048 5676
l 2049 5595
l 2049 5676
l 2049 2269
l 2049 2141
l 2049 2050
l 2049 2075
l 2049 5732
l 2050 5462
l 2050 2076
l 2050 2051
l 2050 5597
l 2050 2137
l 2051 5597
l 2051 2150
l 2051 5462
l 2051 2137
l 2051 2076
l 2051 2077
l 2052 2150
l 2052 2053
l 2052 2779
l 2052 5597
l 2052 2055
l 2052 2152
l 2052 2054
l 2052 2181
l 2052 2077
l 2053 2776
l 2053 2779
l 2053 2054
l 2053 2079
l 2053 2777
l 2053 2181
l 2053 2150
l 2053 2055
l 2053 2774
l 2054 2055
l 2054 2777
l 2054 2276
l 2054 2776
l 2054 2778
l 2054 2137
l 2054 2773
l 2054 2138
l 2055 2137
l 2055 2138
l 2055 2150
l 2055 2276
l 2055 5596
l 2055 2139
l 2056 2057
l 2056 2272
l 2056 2058
l 2056 5732
l 2056 2139
l 2056 2059
l 2056 2269
l 2056 5862
l 2056 2133
l 2056 5641
l 2057 2132
l 2057 2133
l 2057 2058
l 2057 2138
l 2057 2139
l 2057 2192
l 2057 2059
l 2057 2272
l 2057 2189
l 2058 2059
l 2058 2491
l 2058 2247
l 2058 2133
l 2058 2490
l 2058 2248
l 2058 2492
l 2058 5862
l 2059 2248
l 2059 5862
l 2059 2247
l 2059 2290
l 2059 2491
l 2059 2373
l 2059 2492
l 2059 2272
l 2060 2148
l 2060 2090
l 2060 2089
l 2060 2061
l 2060 2109
l 2060 2149
l 2060 2088
l 2061 2109
l 2061 2108
l 2061 2107
l 2061 2148
l 2061 2067
l 2062 2176
l 2062 2063
l 2062 2065
l 2062 2177
l 2062 2172
l 2062 2064
l 2062 2145
l 2062 2175
l 2062 2194
l 2062 2082
l 2063 2194
l 2063 2064
l 2063 2175
l 2063 2176
l 2063 2291
l 2063 2195
l 2063 2065
l 2063 2629
l 2063 2083
l 2064 2083
l 2064 2195
l 2064 2065
l 2064 2279
l 2064 2194
l 2064 2082
l 2064 2084
l 2064 2698
l 2065 2082
l 2065 2145
l 2065 2083
l 2065 2085
l 2065 2177
l 2065 2144
l 2065 2775
l 2066 2067
l 2066 2196
l 2066 2197
l 2066 2204
l 2066 2198
l 2066 2108
l 2066 2208
l 2067 2108
l 2067 2204
l 2067 2208
l 2067 2197
l 2067 2196
l 2068 6099
l 2068 6100
l 2068 6092
l 2068 2221
l 2068 6091
l 2068 2069
l 2068 2284
l 2068 6101
l 2068 2206
l 2069 2206
l 2069 6091
l 2069 6092
l 2069 6048
l 2069 2205
l 2069 6047
l 2069 2221
l 2070 5727
l 2070 5555
l 2070 5469
l 2070 5468
l 2070 5747
l 2070 2232
l 2070 5552
l 2070 2252
l 2070 2288
l 2071 2072
l 2071 2227
l 2071 2232
l 2071 5727
l 2071 5555
l 2071 2228
l 2072 2073
l 2072 2228
l 2072 2230
l 2072 5688
l 2072 2074
l 2072 2227
l 2072 5647
l 2073 2074
l 2073 5688
l 2073 5691
l 2073 2230
l 2073 5647
l 2073 2228
l 2073 2229
l 2074 5691
l 2074 5688
l 2074 2113
l 2074 5690
l 2074 2229
l 2074 5644
l 2074 2230
l 2074 5534
l 2075 2140
l 2075 2141
l 2075 2142
l 2075 2143
l 2075 2123
l 2075 5731
l 2075 5660
l 2075 5732
l 2076 5462
l 2076 5597
l 2077 2152
l 2077 5612
l 2077 5597
l 2077 2150
l 2077 2286
l 2078 2775
l 2078 2079
l 2078 2081
l 2078 2774
l 2078 2080
l 2078 2085
l 2078 2776
l 2078 2144
l 2078 2779
l 2078 2082
l 2079 2779
l 2079 2080
l 2079 2776
l 2079 2181
l 2079 2774
l 2079 2775
l 2079 2081
l 2079 2085
l 2080 2240
l 2080 2239
l 2080 2081
l 2080 2181
l 2080 2779
l 2080 2238
l 2080 2241
l 2080 2775
l 2081 2241
l 2081 2775
l 2081 2144
l 2081 2240
l 2081 2258
l 2081 2085
l 2081 2121
l 2082 2085
l 2082 2775
l 2082 2083
l 2082 2144
l 2082 2774
l 2082 2084
l 2082 2145
l 2083 2084
l 2083 2279
l 2083 2771
l 2083 2085
l 2083 2195
l 2083 2773
l 2083 2596
l 2083 2698
l 2084 2773
l 2084 2771
l 2084 2279
l 2084 2085
l 2084 2774
l 2084 2772
l 2084 2777
l 2084 2596
l 2084 2599
l 2085 2774
l 2085 2775
l 2085 2773
l 2085 2776
l 2085 2144
l 2086 2289
l 2086 5611
l 2086 5513
l 2086 5613
l 2086 5510
l 2086 5538
l 2087 5538
l 2087 5613
l 2087 5467
l 2087 2288
l 2087 5611
l 2087 5510
l 2087 5468
l 2087 5747
l 2087 5642
l 2088 2089
l 2088 2285
l 2088 2090
l 2088 2121
l 2089 2090
l 2089 2102
l 2089 2149
l 2089 2148
l 2090 2149
l 2090 2102
l 2090 2148
l 2090 2106
l 2091 2255
l 2091 2092
l 2091 2256
l 2091 5686
l 2091 2238
l 2091 2265
l 2091 2239
l 2091 2286
l 2091 2094
l 2092 5686
l 2092 2255
l 2092 2265
l 2092 5687
l 2092 2238
l 2092 2286
l 2092 2256
l 2092 2239
l 2093 2094
l 2093 2266
l 2093 5693
l 2093 5687
l 2093 2098
l 2093 5548
l 2093 5749
l 2094 2098
l 2094 5687
l 2094 2266
l 2094 2255
l 2094 5693
l 2095 5472
l 2095 5473
l 2095 2265
l 2095 2096
l 2095 5548
l 2095 5453
l 2095 5686
l 2095 2097
l 2095 5457
l 2096 5446
l 2096 5451
l 2096 5452
l 2096 2237
l 2096 5445
l 2096 5453
l 2096 5503
l 2096 5443
l 2097 5548
l 2097 2266
l 2097 5749
l 2097 5693
l 2097 5532
l 2097 5472
l 2097 5715
l 2098 2099
l 2098 2100
l 2098 5693
l 2098 2112
l 2098 5689
l 2099 2100
l 2099 2103
l 2099 2112
l 2099 2104
l 2099 2111
l 2099 5689
l 2099 2101
l 2100 2104
l 2100 2101
l 2100 2105
l 2100 2103
l 2100 2102
l 2101 2105
l 2101 2102
l 2101 2106
l 2101 2104
l 2102 2106
l 2102 2149
l 2102 2105
l 2103 2111
l 2103 2104
l 2103 2112
l 2103 2243
l 2103 2110
l 2104 2105
l 2104 2243
l 2104 2244
l 2104 2111
l 2105 2106
l 2105 2244
l 2105 2287
l 2105 2149
l 2106 2149
l 2106 2287
l 2106 2148
l 2107 2108
l 2107 2109
l 2107 2207
l 2107 2208
l 2107 2148
l 2108 2208
l 2108 2207
l 2108 2109
l 2108 2204
l 2109 2148
l 2109 2149
l 2110 2111
l 2110 5691
l 2110 2113
l 2110 5534
l 2110 5690
l 2110 5535
l 2110 5688
l 2110 2112
l 2111 2112
l 2111 5688
l 2111 5533
l 2111 5691
l 2112 5689
l 2112 5688
l 2112 5533
l 2112 5531
l 2113 5690
l 2113 5691
l 2113 2231
l 2113 5696
l 2113 5535
l 2113 2229
l 2113 5692
l 2113 5644
l 2114 2249
l 2114 2115
l 2114 2117
l 2114 2250
l 2114 2237
l 2114 2116
l 2114 5445
l 2114 5444
l 2115 2116
l 2115 2237
l 2115 2268
l 2115 2117
l 2115 5443
l 2115 2267
l 2115 5446
l 2115 5504
l 2116 2117
l 2116 2267
l 2116 2268
l 2116 2702
l 2116 2701
l 2116 2250
l 2116 2703
l 2116 2254
l 2117 2250
l 2117 2254
l 2117 2703
l 2117 2249
l 2117 2702
l 2117 2704
l 2117 2267
l 2118 5599
l 2118 5600
l 2118 2119
l 2118 5520
l 2118 5517
l 2119 5520
l 2119 2165
l 2119 5594
l 2119 2120
l 2119 5600
l 2119 2164
l 2119 5517
l 2120 2259
l 2120 2261
l 2120 2165
l 2120 5615
l 2120 5614
l 2120 5594
l 2120 2260
l 2120 5616
l 2121 2241
l 2121 2285
l 2121 2122
l 2121 2258
l 2121 2240
l 2122 2256
l 2122 2240
l 2122 2255
l 2122 2241
l 2122 2239
l 2123 2143
l 2123 5708
l 2123 5739
l 2123 5709
l 2123 2131
l 2123 5756
l 2123 5518
l 2123 5738
l 2123 2161
l 2124 6049
l 2124 6048
l 2124 6062
l 2124 2127
l 2124 2205
l 2124 6050
l 2124 6061
l 2124 6047
l 2124 6054
l 2125 6054
l 2125 2126
l 2125 2262
l 2125 6055
l 2125 5616
l 2125 5957
l 2125 6053
l 2125 5617
l 2125 6076
l 2125 6056
l 2126 5652
l 2126 5616
l 2126 2166
l 2126 5973
l 2126 5957
l 2126 5651
l 2126 6055
l 2126 6071
l 2126 6042
l 2127 6062
l 2127 2182
l 2127 6049
l 2127 6061
l 2127 6046
l 2127 6076
l 2127 2146
l 2127 6043
l 2128 5756
l 2128 5943
l 2128 5739
l 2128 5944
l 2128 5709
l 2128 2131
l 2128 5755
l 2128 2264
l 2128 5708
l 2128 2223
l 2129 5943
l 2129 2130
l 2129 5944
l 2129 5953
l 2129 2168
l 2129 5972
l 2129 2263
l 2129 2382
l 2129 5961
l 2130 5953
l 2130 5951
l 2130 2162
l 2130 5943
l 2130 2131
l 2130 5709
l 2130 5952
l 2130 5756
l 2131 5709
l 2131 5708
l 2131 5756
l 2131 2161
l 2131 5519
l 2131 5953
l 2131 5518
l 2132 2189
l 2132 2133
l 2132 2192
l 2132 2276
l 2132 2138
l 2132 2190
l 2132 2191
l 2132 2778
l 2133 2192
l 2133 2490
l 2133 2581
l 2133 2191
l 2133 2189
l 2133 2155
l 2133 2512
l 2134 5753
l 2134 2179
l 2134 2136
l 2134 2180
l 2134 2215
l 2134 5637
l 2134 2271
l 2134 5754
l 2134 5660
l 2134 2178
l 2135 5463
l 2135 5637
l 2135 2136
l 2135 5635
l 2135 5636
l 2135 2151
l 2135 5464
l 2135 2261
l 2136 5637
l 2136 5753
l 2136 2275
l 2136 5614
l 2136 2261
l 2136 5636
l 2136 2260
l 2136 5754
l 2137 2139
l 2137 5596
l 2137 2138
l 2137 2150
l 2137 5597
l 2137 5462
l 2137 5595
l 2138 2139
l 2138 2276
l 2138 2269
l 2139 2269
l 2139 5595
l 2139 2276
l 2140 2142
l 2140 2141
l 2140 2143
l 2140 5731
l 2140 5732
l 2140 5739
l 2140 2272
l 2141 5732
l 2141 2269
l 2141 2272
l 2141 2142
l 2141 5676
l 2141 5641
l 2141 5595
l 2142 5731
l 2142 2143
l 2142 5732
l 2142 2223
l 2142 5739
l 2142 2272
l 2142 2290
l 2143 5739
l 2143 2223
l 2143 5756
l 2143 5708
l 2143 5731
l 2143 5738
l 2143 5709
l 2144 2775
l 2144 2258
l 2144 2145
l 2144 2241
l 2144 2257
l 2145 2177
l 2145 2257
l 2145 2193
l 2145 2258
l 2145 2775
l 2145 2172
l 2146 2147
l 2146 2182
l 2146 5947
l 2146 6061
l 2146 2188
l 2147 2246
l 2147 6089
l 2147 6087
l 2147 2234
l 2148 2149
l 2150 5597
l 2150 2152
l 2150 5462
l 2151 5463
l 2151 5466
l 2151 5465
l 2151 5464
l 2151 5635
l 2151 2222
l 2151 5634
l 2152 2181
l 2152 2286
l 2152 5612
l 2152 2238
l 2152 5597
l 2153 2154
l 2153 2156
l 2153 2291
l 2153 2294
l 2153 2155
l 2153 2175
l 2153 2593
l 2153 2594
l 2153 2174
l 2153 2293
l 2154 2155
l 2154 2293
l 2154 2495
l 2154 2294
l 2154 2494
l 2154 2156
l 2154 2594
l 2154 2191
l 2154 2593
l 2155 2191
l 2155 2594
l 2155 2156
l 2155 2192
l 2155 2494
l 2155 2512
l 2155 2190
l 2155 2610
l 2156 2594
l 2156 2291
l 2156 2593
l 2156 2190
l 2156 2610
l 2156 2191
l 2156 2189
l 2156 2192
l 2157 5962
l 2157 5955
l 2157 2160
l 2157 5954
l 2157 2167
l 2157 5967
l 2157 2158
l 2157 5940
l 2157 2159
l 2157 5961
l 2158 5967
l 2158 5962
l 2158 5964
l 2158 5968
l 2158 2159
l 2158 2220
l 2158 2218
l 2158 2281
l 2158 5950
l 2159 5950
l 2159 5967
l 2159 5949
l 2159 2281
l 2159 5964
l 2159 5965
l 2159 5933
l 2160 5959
l 2160 2187
l 2160 5948
l 2160 5947
l 2160 5954
l 2160 5960
l 2160 5933
l 2160 5949
l 2161 5519
l 2161 5709
l 2161 2164
l 2161 5518
l 2161 5708
l 2161 2162
l 2162 5951
l 2162 5952
l 2162 2163
l 2162 5519
l 2162 5953
l 2162 6042
l 2162 5709
l 2163 5952
l 2163 6042
l 2163 5593
l 2163 2166
l 2163 5651
l 2163 5951
l 2163 5973
l 2163 2164
l 2163 5519
l 2164 5593
l 2164 5520
l 2164 5519
l 2164 2165
l 2164 5594
l 2164 5517
l 2165 5593
l 2165 5594
l 2165 5651
l 2165 2259
l 2165 5520
l 2165 2166
l 2165 5616
l 2166 5651
l 2166 6042
l 2166 5652
l 2166 5973
l 2166 5593
l 2166 5616
l 2166 5952
l 2166 5957
l 2167 5955
l 2167 5962
l 2167 2170
l 2167 2220
l 2167 5954
l 2167 2371
l 2167 5967
l 2167 5961
l 2168 5972
l 2168 5961
l 2168 5956
l 2168 2169
l 2168 5955
l 2168 2370
l 2168 2263
l 2168 2382
l 2168 5944
l 2169 5956
l 2169 2262
l 2169 5972
l 2169 2180
l 2169 2369
l 2169 5955
l 2169 2263
l 2169 5957
l 2169 2275
l 2170 2205
l 2170 2206
l 2170 5955
l 2170 2220
l 2170 5954
l 2170 5962
l 2171 2200
l 2171 2173
l 2171 2198
l 2171 2201
l 2171 2172
l 2171 2196
l 2171 2214
l 2171 2193
l 2171 2212
l 2172 2177
l 2172 2176
l 2172 2173
l 2172 2193
l 2173 2193
l 2173 2196
l 2173 2198
l 2173 2177
l 2173 2200
l 2173 2257
l 2174 2294
l 2174 2175
l 2174 2199
l 2174 2293
l 2174 2278
l 2174 2291
l 2175 2291
l 2175 2194
l 2175 2176
l 2175 2593
l 2175 2294
l 2176 2177
l 2176 2194
l 2177 2193
l 2177 2257
l 2178 2264
l 2178 5755
l 2178 2263
l 2178 2179
l 2178 5944
l 2178 2180
l 2178 5972
l 2178 5754
l 2178 5738
l 2178 2370
l 2179 2180
l 2179 2271
l 2179 5754
l 2179 2369
l 2179 2263
l 2179 2264
l 2179 5755
l 2179 2370
l 2180 5754
l 2180 5972
l 2180 2263
l 2180 2275
l 2180 5753
l 2180 5755
l 2180 5617
l 2181 2779
l 2181 2238
l 2181 2239
l 2181 2286
l 2182 2188
l 2182 5947
l 2182 5973
l 2182 5948
l 2182 2187
l 2182 6062
l 2183 5645
l 2183 5646
l 2183 2235
l 2183 2184
l 2183 2230
l 2183 2186
l 2183 5644
l 2183 2229
l 2183 5647
l 2183 5741
l 2184 5646
l 2184 5672
l 2184 5673
l 2184 5663
l 2184 2228
l 2184 5645
l 2184 2185
l 2184 5662
l 2184 2230
l 2185 2186
l 2185 2212
l 2185 2202
l 2185 2211
l 2185 5646
l 2185 5672
l 2185 5673
l 2185 2201
l 2186 2280
l 2186 2203
l 2186 2202
l 2186 2235
l 2186 5646
l 2186 5645
l 2186 2210
l 2187 5948
l 2187 5959
l 2187 5947
l 2187 2188
l 2187 5954
l 2187 5949
l 2187 5950
l 2188 5948
l 2188 5947
l 2188 5959
l 2188 5973
l 2188 6042
l 2189 2190
l 2189 2192
l 2189 2609
l 2189 2191
l 2189 2778
l 2189 2610
l 2189 2608
l 2189 2276
l 2190 2610
l 2190 2608
l 2190 2191
l 2190 2609
l 2190 2192
l 2190 2594
l 2190 2607
l 2191 2192
l 2191 2610
l 2191 2512
l 2191 2594
l 2191 2581
l 2192 2581
l 2192 2512
l 2192 2610
l 2192 2490
l 2193 2257
l 2193 2196
l 2193 2198
l 2194 2629
l 2194 2291
l 2194 2195
l 2194 2613
l 2194 2593
l 2194 2698
l 2194 2279
l 2195 2698
l 2195 2279
l 2195 2596
l 2195 2613
l 2195 2612
l 2195 2771
l 2195 2599
l 2196 2198
l 2196 2197
l 2196 2201
l 2197 2204
l 2197 2202
l 2197 2198
l 2197 2203
l 2197 2201
l 2197 2208
l 2197 2210
l 2198 2201
l 2198 2202
l 2198 2212
l 2198 2200
l 2198 2204
l 2199 2278
l 2199 2215
l 2199 2294
l 2199 2270
l 2199 2292
l 2199 2293
l 2199 2277
l 2199 2271
l 2200 2214
l 2200 2201
l 2200 2212
l 2200 2213
l 2201 2212
l 2201 2202
l 2201 2214
l 2201 2211
l 2202 2203
l 2202 2204
l 2202 2212
l 2202 2210
l 2202 2280
l 2203 2210
l 2203 2204
l 2203 2280
l 2203 2208
l 2204 2208
l 2204 2210
l 2205 6049
l 2205 6048
l 2205 6047
l 2205 6050
l 2205 2206
l 2205 6061
l 2206 2220
l 2206 2221
l 2206 2219
l 2207 2209
l 2207 2208
l 2207 2245
l 2207 2210
l 2208 2210
l 2208 2209
l 2209 2242
l 2209 2210
l 2209 2245
l 2209 2280
l 2210 2280
l 2210 2242
l 2211 5672
l 2211 2212
l 2211 5674
l 2211 5673
l 2211 5662
l 2211 5661
l 2211 2213
l 2211 2224
l 2211 2214
l 2212 2214
l 2212 5672
l 2212 5673
l 2212 5674
l 2213 5674
l 2213 2214
l 2213 5661
l 2213 5465
l 2213 2222
l 2213 5460
l 2213 5675
l 2214 5674
l 2214 5675
l 2215 2271
l 2215 2270
l 2215 2278
l 2215 5660
l 2216 2283
l 2216 2217
l 2216 2301
l 2216 2302
l 2216 2297
l 2216 2219
l 2216 2284
l 2216 2303
l 2216 2221
l 2216 2282
l 2217 2282
l 2217 2303
l 2217 2302
l 2217 5963
l 2217 2301
l 2217 2218
l 2217 2283
l 2217 2219
l 2217 5966
l 2218 5964
l 2218 2219
l 2218 2281
l 2218 5968
l 2218 2220
l 2218 2282
l 2218 5965
l 2218 5967
l 2219 2221
l 2219 2220
l 2219 2283
l 2219 5964
l 2219 5968
l 2220 5962
l 2220 5967
l 2220 2221
l 2220 5968
l 2221 2283
l 2221 2284
l 2221 6099
l 2221 6100
l 2222 5661
l 2222 5465
l 2222 5466
l 2222 5674
l 2222 5632
l 2222 2226
l 2222 5460
l 2223 5739
l 2223 5731
l 2223 2264
l 2223 5756
l 2223 5846
l 2223 5755
l 2223 5847
l 2224 5672
l 2224 5662
l 2224 5661
l 2224 5674
l 2224 5673
l 2224 2227
l 2224 5632
l 2224 5658
l 2225 2226
l 2225 2232
l 2225 5538
l 2225 5747
l 2225 5613
l 2225 5468
l 2225 5467
l 2226 5466
l 2226 5634
l 2226 5611
l 2226 5538
l 2227 2228
l 2227 2232
l 2227 5672
l 2227 5673
l 2228 2230
l 2228 5647
l 2228 5646
l 2228 2229
l 2228 5644
l 2229 5644
l 2229 2230
l 2229 5696
l 2229 2231
l 2229 2235
l 2229 5647
l 2229 5645
l 2229 5691
l 2230 5644
l 2230 5647
l 2230 5645
l 2230 2235
l 2230 5646
l 2231 5696
l 2231 5690
l 2231 2236
l 2231 5644
l 2231 5697
l 2231 5692
l 2231 2235
l 2231 5691
l 2232 5468
l 2232 5747
l 2232 5700
l 2232 2288
l 2232 5469
l 2232 5538
l 2232 5555
l 2233 2343
l 2233 2234
l 2233 5965
l 2233 2282
l 2233 2342
l 2233 5976
l 2233 2281
l 2233 5977
l 2233 5966
l 2234 2246
l 2234 2342
l 2234 2300
l 2234 2273
l 2234 2343
l 2234 5965
l 2235 5645
l 2235 5644
l 2235 5741
l 2235 2236
l 2235 5696
l 2235 2280
l 2236 5696
l 2236 2242
l 2236 5741
l 2236 2280
l 2236 5697
l 2236 5644
l 2237 5446
l 2237 5443
l 2237 5445
l 2237 5504
l 2238 2286
l 2238 2239
l 2238 2255
l 2238 5686
l 2239 2240
l 2239 2286
l 2239 2256
l 2239 2255
l 2240 2256
l 2240 2241
l 2240 2255
l 2241 2258
l 2241 2285
l 2241 2775
l 2242 2280
l 2242 2245
l 2243 2244
l 2243 2287
l 2244 2287
l 2246 2273
l 2246 2300
l 2246 2342
l 2246 2299
l 2246 6132
l 2246 6131
l 2247 2248
l 2247 2295
l 2247 2492
l 2247 2277
l 2247 2491
l 2247 2482
l 2247 2292
l 2247 2278
l 2248 2492
l 2248 2295
l 2248 2277
l 2248 2491
l 2248 2482
l 2248 2373
l 2248 2372
l 2249 2253
l 2249 2250
l 2249 5556
l 2249 5444
l 2249 2254
l 2249 5558
l 2250 2254
l 2250 2253
l 2250 2704
l 2250 2251
l 2250 2703
l 2251 2254
l 2251 2289
l 2251 2252
l 2251 2708
l 2251 2705
l 2251 2707
l 2251 2253
l 2252 2253
l 2252 2288
l 2252 5469
l 2252 5468
l 2252 5747
l 2252 5700
l 2252 5727
l 2252 2254
l 2253 5556
l 2253 2254
l 2253 5727
l 2253 5444
l 2253 5469
l 2254 2705
l 2254 2704
l 2255 2256
l 2255 5686
l 2257 2258
l 2257 2285
l 2258 2285
l 2258 2775
l 2259 5616
l 2259 5615
l 2259 2260
l 2259 5652
l 2259 5651
l 2259 5614
l 2259 5653
l 2259 5617
l 2260 5614
l 2260 5617
l 2260 5615
l 2260 5616
l 2260 2261
l 2260 2275
l 2260 6055
l 2260 6056
l 2260 5752
l 2261 5614
l 2261 5636
l 2261 5752
l 2261 5615
l 2261 5617
l 2262 5956
l 2262 5617
l 2262 6053
l 2262 2275
l 2262 5957
l 2262 6054
l 2262 5616
l 2263 5972
l 2263 5944
l 2263 2264
l 2263 5755
l 2263 2382
l 2263 5754
l 2263 5756
l 2263 2370
l 2264 5944
l 2264 5755
l 2264 5756
l 2264 2382
l 2264 5739
l 2264 2381
l 2265 5686
l 2265 5472
l 2265 5687
l 2265 5548
l 2265 5457
l 2266 5693
l 2266 5687
l 2266 5548
l 2266 5749
l 2266 5532
l 2267 2268
l 2267 2701
l 2267 2706
l 2268 5537
l 2268 5511
l 2268 5504
l 2269 5595
l 2269 5732
l 2269 2272
l 2269 5676
l 2269 5641
l 2270 2277
l 2270 2271
l 2270 2292
l 2270 2278
l 2270 2295
l 2270 2385
l 2270 2481
l 2270 2401
l 2271 2401
l 2271 2369
l 2271 2277
l 2271 2385
l 2272 5732
l 2272 2290
l 2272 5641
l 2272 5862
l 2272 5731
l 2273 6132
l 2273 6131
l 2273 2274
l 2273 6101
l 2273 6129
l 2273 6143
l 2273 2300
l 2273 2299
l 2273 6122
l 2274 6132
l 2274 6122
l 2274 6100
l 2274 6111
l 2274 6126
l 2274 6131
l 2274 6101
l 2274 6129
l 2274 2284
l 2275 5617
l 2275 5614
l 2275 5754
l 2275 5753
l 2275 5956
l 2276 2778
l 2276 2777
l 2276 2609
l 2277 2295
l 2277 2292
l 2277 2278
l 2277 2482
l 2277 2481
l 2277 2492
l 2277 2384
l 2278 2292
l 2278 2295
l 2278 2293
l 2278 2294
l 2278 2481
l 2279 2596
l 2279 2771
l 2279 2698
l 2279 2599
l 2279 2772
l 2279 2612
l 2280 5645
l 2280 5741
l 2281 5964
l 2281 5965
l 2281 5976
l 2281 5950
l 2281 5967
l 2282 5966
l 2282 5963
l 2282 2303
l 2282 2343
l 2282 5977
l 2282 5965
l 2283 2284
l 2283 2297
l 2283 2296
l 2283 2301
l 2283 6108
l 2283 6111
l 2284 6111
l 2284 6122
l 2284 6112
l 2284 6108
l 2284 6123
l 2284 6099
l 2284 6109
l 2284 6100
l 2286 5612
l 2286 5686
l 2288 5747
l 2288 5613
l 2288 5468
l 2288 5538
l 2288 5700
l 2288 5467
l 2288 5469
l 2288 5642
l 2289 5613
l 2289 5513
l 2289 5642
l 2289 5611
l 2289 2707
l 2290 5862
l 2290 5846
l 2290 5731
l 2290 5732
l 2290 2380
l 2291 2593
l 2291 2629
l 2291 2594
l 2291 2610
l 2292 2295
l 2292 2481
l 2292 2293
l 2292 2511
l 2292 2482
l 2293 2294
l 2293 2511
l 2293 2495
l 2293 2295
l 2293 2481
l 2294 2511
l 2294 2295
l 2295 2482
l 2295 2481
l 2295 2492
l 2295 2491
l 2296 6108
l 2296 6110
l 2296 6107
l 2296 6109
l 2296 6123
l 2296 6124
l 2296 2297
l 2296 6119
l 2296 2298
l 2296 6112
l 2297 2301
l 2297 2305
l 2297 2318
l 2297 6107
l 2297 6110
l 2297 2304
l 2297 6108
l 2298 6123
l 2298 6126
l 2298 6127
l 2298 6108
l 2298 6130
l 2298 6124
l 2298 6109
l 2298 6107
l 2298 6129
l 2298 2299
l 2299 6126
l 2299 6129
l 2299 2300
l 2299 6130
l 2299 2332
l 2299 6123
l 2299 6127
l 2299 2323
l 2300 2342
l 2300 2332
l 2300 2333
l 2300 6126
l 2300 6129
l 2300 2323
l 2301 2302
l 2301 2304
l 2301 2347
l 2301 2305
l 2301 2346
l 2302 2347
l 2302 2346
l 2302 2303
l 2302 2304
l 2302 2344
l 2302 2305
l 2303 2346
l 2303 2343
l 2303 5966
l 2303 2344
l 2303 5963
l 2303 5986
l 2303 5985
l 2304 2347
l 2304 2305
l 2304 2338
l 2304 2348
l 2304 2336
l 2304 2317
l 2304 2316
l 2305 2317
l 2305 2318
l 2305 2313
l 2305 2336
l 2305 2316
l 2305 2338
l 2305 6120
l 2306 2307
l 2306 2324
l 2306 2308
l 2306 2310
l 2306 2325
l 2306 2309
l 2306 6125
l 2306 2311
l 2306 6135
l 2306 2313
l 2307 2308
l 2307 2312
l 2307 2311
l 2307 2310
l 2307 2313
l 2307 2325
l 2307 2324
l 2307 2314
l 2307 2309
l 2308 2313
l 2308 2309
l 2308 6125
l 2308 6120
l 2308 6135
l 2308 6134
l 2308 2318
l 2308 2312
l 2309 6125
l 2309 6128
l 2309 6135
l 2309 6120
l 2309 6156
l 2309 6133
l 2309 6124
l 2309 6134
l 2309 6127
l 2310 2325
l 2310 2311
l 2310 2319
l 2310 2326
l 2310 2322
l 2310 2328
l 2310 2329
l 2310 2324
l 2311 2322
l 2311 2319
l 2311 2314
l 2311 2312
l 2311 2326
l 2311 2325
l 2311 2321
l 2312 2316
l 2312 2313
l 2312 2317
l 2312 2314
l 2312 2315
l 2312 2336
l 2313 2317
l 2313 2318
l 2313 6120
l 2313 6119
l 2313 6125
l 2314 2315
l 2314 2321
l 2314 2322
l 2314 2340
l 2314 2316
l 2314 2320
l 2314 2319
l 2314 2337
l 2315 2337
l 2315 2340
l 2315 2341
l 2315 2316
l 2315 2339
l 2315 2321
l 2315 2354
l 2315 2336
l 2315 2320
l 2316 2336
l 2316 2317
l 2316 2338
l 2316 2337
l 2316 2339
l 2317 2336
l 2317 2318
l 2317 2338
l 2317 6120
l 2318 6120
l 2318 6119
l 2318 6107
l 2318 6110
l 2318 6125
l 2318 6124
l 2318 6136
l 2319 2322
l 2319 2326
l 2319 2320
l 2319 2335
l 2319 2321
l 2319 2329
l 2319 2325
l 2320 2335
l 2320 2321
l 2320 2340
l 2320 2341
l 2320 2322
l 2320 2354
l 2320 2355
l 2320 2326
l 2321 2340
l 2321 2322
l 2321 2341
l 2321 2335
l 2321 2354
l 2322 2326
l 2322 2335
l 2322 2340
l 2323 6127
l 2323 6133
l 2323 6130
l 2323 2332
l 2323 6128
l 2323 6124
l 2323 6158
l 2323 6125
l 2324 2327
l 2324 2325
l 2324 2328
l 2324 2330
l 2324 6128
l 2325 2328
l 2325 2326
l 2325 2329
l 2325 2331
l 2325 2334
l 2326 2329
l 2326 2334
l 2326 2335
l 2326 2355
l 2326 2328
l 2327 2330
l 2327 2328
l 2327 2331
l 2327 2332
l 2327 2345
l 2328 2331
l 2328 2329
l 2328 2334
l 2328 2330
l 2328 2352
l 2329 2334
l 2329 2331
l 2329 2356
l 2329 2355
l 2329 2352
l 2329 2335
l 2330 2345
l 2330 2331
l 2330 2352
l 2330 2333
l 2330 2334
l 2330 2344
l 2331 2334
l 2331 2352
l 2331 2356
l 2331 2355
l 2331 2345
l 2332 2333
l 2332 6127
l 2332 2342
l 2332 6130
l 2332 6133
l 2332 6124
l 2333 2344
l 2333 2342
l 2333 2343
l 2333 2346
l 2334 2356
l 2334 2352
l 2334 2355
l 2334 2357
l 2334 2351
l 2334 2335
l 2335 2355
l 2335 2354
l 2335 2353
l 2335 2341
l 2335 2356
l 2336 2338
l 2336 2337
l 2336 2348
l 2336 2339
l 2337 2339
l 2337 2341
l 2337 2354
l 2337 2340
l 2337 2350
l 2337 2353
l 2337 2338
l 2338 2348
l 2338 2339
l 2338 2350
l 2338 2349
l 2338 2351
l 2339 2350
l 2339 2354
l 2339 2353
l 2339 2341
l 2339 2357
l 2339 2351
l 2340 2341
l 2340 2354
l 2341 2354
l 2341 2353
l 2341 2355
l 2342 2343
l 2342 2344
l 2343 2344
l 2343 5966
l 2343 5977
l 2343 2346
l 2344 2346
l 2344 2345
l 2344 5966
l 2345 2349
l 2345 2352
l 2345 2351
l 2345 2346
l 2345 2348
l 2346 2347
l 2346 2349
l 2346 5986
l 2346 5985
l 2347 2348
l 2347 2349
l 2348 2349
l 2348 2350
l 2348 2351
l 2348 2357
l 2348 2352
l 2349 2351
l 2349 2352
l 2349 2350
l 2349 2357
l 2350 2351
l 2350 2353
l 2350 2357
l 2350 2354
l 2350 2356
l 2350 2355
l 2351 2357
l 2351 2352
l 2351 2356
l 2351 2353
l 2351 2355
l 2352 2356
l 2352 2357
l 2352 2355
l 2352 2353
l 2353 2357
l 2353 2354
l 2353 2355
l 2353 2356
l 2354 2357
l 2354 2355
l 2355 2356
l 2355 2357
l 2356 2357
l 2358 2375
l 2358 2361
l 2358 5979
l 2358 2359
l 2358 2365
l 2358 2360
l 2358 2374
l 2358 5974
l 2358 5978
l 2358 2404
l 2359 2374
l 2359 2360
l 2359 5939
l 2359 5935
l 2359 2375
l 2359 2389
l 2359 2364
l 2359 2387
l 2359 2388
l 2360 2378
l 2360 2361
l 2360 2374
l 2360 2388
l 2360 2379
l 2360 2377
l 2360 5935
l 2360 2404
l 2361 2404
l 2361 2378
l 2361 2375
l 2361 2394
l 2361 5979
l 2361 2399
l 2361 2398
l 2362 2365
l 2362 2366
l 2362 2363
l 2362 2364
l 2362 2367
l 2362 2403
l 2362 2375
l 2362 2407
l 2362 2374
l 2362 2402
l 2363 2364
l 2363 2367
l 2363 2368
l 2363 2366
l 2363 2365
l 2363 2371
l 2363 2374
l 2363 2390
l 2363 2375
l 2364 2374
l 2364 2365
l 2364 2371
l 2364 2375
l 2364 5968
l 2364 5939
l 2364 2387
l 2365 2375
l 2365 2374
l 2365 5978
l 2365 2402
l 2365 5968
l 2366 2397
l 2366 2367
l 2366 2391
l 2366 2407
l 2366 2403
l 2366 2395
l 2366 2406
l 2367 2391
l 2367 2390
l 2367 2386
l 2367 2368
l 2367 2397
l 2367 2396
l 2368 2371
l 2368 2390
l 2368 2387
l 2368 5940
l 2368 2374
l 2368 2386
l 2369 2370
l 2369 2401
l 2369 5972
l 2369 2382
l 2370 2382
l 2370 5972
l 2370 5944
l 2370 5961
l 2370 2381
l 2371 2387
l 2371 5940
l 2371 5961
l 2371 2389
l 2371 2374
l 2371 5962
l 2372 2373
l 2372 2492
l 2372 2384
l 2372 2482
l 2372 2497
l 2372 2483
l 2372 2491
l 2372 2499
l 2373 2380
l 2373 2492
l 2373 5846
l 2373 2491
l 2373 2482
l 2373 2384
l 2374 5939
l 2374 2375
l 2374 5968
l 2374 2387
l 2374 5940
l 2375 5979
l 2375 5978
l 2375 5939
l 2376 2379
l 2376 2383
l 2376 2484
l 2376 2476
l 2376 2377
l 2376 2378
l 2376 2497
l 2376 2485
l 2376 2483
l 2376 2477
l 2377 2396
l 2377 2378
l 2377 2394
l 2377 2404
l 2377 2485
l 2377 2477
l 2377 2395
l 2377 2383
l 2378 2404
l 2378 2396
l 2378 2379
l 2378 2394
l 2378 2485
l 2379 2388
l 2379 2383
l 2379 2484
l 2379 2389
l 2379 2497
l 2379 2476
l 2380 5846
l 2380 2381
l 2380 2382
l 2380 5847
l 2380 5862
l 2381 2382
l 2381 5847
l 2381 5944
l 2381 5846
l 2381 5941
l 2381 5943
l 2382 5944
l 2382 5941
l 2382 5972
l 2382 5943
l 2382 5961
l 2383 2476
l 2383 2386
l 2383 2475
l 2383 2396
l 2383 2484
l 2383 2477
l 2383 2483
l 2383 2391
l 2384 2482
l 2384 2385
l 2384 2483
l 2384 2480
l 2384 2481
l 2384 2492
l 2384 2497
l 2385 2401
l 2385 2481
l 2385 2482
l 2385 2480
l 2385 2483
l 2386 2390
l 2386 2391
l 2386 2396
l 2386 2476
l 2386 2475
l 2386 2483
l 2387 5940
l 2387 2389
l 2387 5938
l 2387 5961
l 2387 5939
l 2387 5941
l 2387 2388
l 2387 5962
l 2388 2389
l 2388 5938
l 2388 5845
l 2388 5940
l 2389 5938
l 2389 5940
l 2389 5941
l 2389 5937
l 2389 5935
l 2389 5939
l 2390 2391
l 2390 2401
l 2391 2396
l 2391 2397
l 2391 2395
l 2392 2393
l 2392 2406
l 2392 2413
l 2392 2409
l 2392 2405
l 2392 2414
l 2392 2395
l 2392 2415
l 2392 2394
l 2392 2398
l 2393 2405
l 2393 2414
l 2393 2415
l 2393 2413
l 2393 2398
l 2393 2406
l 2393 2394
l 2393 2455
l 2393 2544
l 2394 2404
l 2394 2395
l 2394 2513
l 2394 2396
l 2394 2510
l 2394 2397
l 2395 2397
l 2395 2396
l 2395 2404
l 2395 2406
l 2395 2513
l 2396 2397
l 2396 2477
l 2396 2474
l 2397 2406
l 2397 2407
l 2398 2405
l 2398 2399
l 2398 2455
l 2398 2454
l 2398 2415
l 2398 2400
l 2398 2412
l 2398 2456
l 2399 2400
l 2399 2454
l 2399 2412
l 2399 5981
l 2399 2402
l 2399 6004
l 2399 2455
l 2399 5980
l 2399 2411
l 2400 2402
l 2400 2412
l 2400 5980
l 2400 5981
l 2400 2411
l 2400 2454
l 2400 6004
l 2400 5989
l 2402 2403
l 2402 2411
l 2402 2412
l 2402 5980
l 2402 2410
l 2402 2407
l 2403 2407
l 2403 2410
l 2403 2411
l 2403 2408
l 2403 2406
l 2404 2405
l 2405 2415
l 2405 2455
l 2405 2414
l 2405 2413
l 2406 2407
l 2406 2409
l 2406 2408
l 2406 2413
l 2407 2408
l 2407 2410
l 2407 2409
l 2408 2409
l 2408 2410
l 2408 2432
l 2408 2413
l 2408 2411
l 2408 2423
l 2408 2417
l 2409 2413
l 2409 2414
l 2409 2432
l 2409 2417
l 2409 2416
l 2409 2459
l 2410 2411
l 2410 2433
l 2410 2423
l 2410 2412
l 2410 2432
l 2410 2442
l 2411 2412
l 2411 2433
l 2411 2442
l 2411 2454
l 2411 2443
l 2412 2454
l 2412 2442
l 2412 2443
l 2412 2433
l 2412 5989
l 2412 6001
l 2413 2414
l 2413 2416
l 2413 2459
l 2413 2415
l 2413 2417
l 2413 2458
l 2414 2415
l 2414 2458
l 2414 2459
l 2414 2416
l 2414 2455
l 2415 2455
l 2415 2458
l 2415 2456
l 2415 2459
l 2415 2454
l 2416 2459
l 2416 2417
l 2416 2429
l 2416 2460
l 2416 2450
l 2416 2448
l 2416 2458
l 2416 2461
l 2417 2429
l 2417 2425
l 2417 2432
l 2417 2448
l 2417 2428
l 2417 2459
l 2417 2450
l 2418 2435
l 2418 2419
l 2418 2430
l 2418 2420
l 2418 2438
l 2418 2431
l 2418 2436
l 2418 2421
l 2418 2439
l 2418 2424
l 2419 2431
l 2419 2426
l 2419 2430
l 2419 2424
l 2419 2420
l 2419 2435
l 2419 2436
l 2419 2421
l 2419 2427
l 2420 2421
l 2420 2424
l 2420 2422
l 2420 2425
l 2420 2434
l 2420 2428
l 2420 2435
l 2420 2429
l 2421 2434
l 2421 2422
l 2421 2423
l 2421 2435
l 2421 2424
l 2421 2425
l 2421 2437
l 2422 2425
l 2422 2423
l 2422 2432
l 2422 2424
l 2422 2429
l 2422 2434
l 2422 2428
l 2423 2433
l 2423 2432
l 2423 2425
l 2423 2434
l 2423 2429
l 2423 2442
l 2424 2428
l 2424 2426
l 2424 2425
l 2424 2429
l 2424 2448
l 2424 2427
l 2425 2429
l 2425 2432
l 2425 2428
l 2425 2448
l 2426 2427
l 2426 2431
l 2426 2447
l 2426 2452
l 2426 2449
l 2426 2430
l 2426 2428
l 2426 2453
l 2427 2449
l 2427 2452
l 2427 2451
l 2427 2453
l 2427 2466
l 2427 2428
l 2427 2462
l 2427 2447
l 2427 2448
l 2428 2448
l 2428 2429
l 2428 2450
l 2428 2449
l 2429 2448
l 2429 2432
l 2429 2450
l 2430 2431
l 2430 2436
l 2430 2446
l 2430 2445
l 2430 2439
l 2430 2447
l 2430 2467
l 2430 2435
l 2431 2447
l 2431 2446
l 2431 2436
l 2431 2445
l 2431 2452
l 2432 2433
l 2433 2442
l 2433 2434
l 2433 2443
l 2433 2437
l 2434 2437
l 2434 2435
l 2434 2438
l 2434 2440
l 2435 2438
l 2435 2436
l 2435 2439
l 2435 2441
l 2435 2444
l 2436 2439
l 2436 2467
l 2436 2445
l 2436 2444
l 2436 2468
l 2436 2438
l 2437 2440
l 2437 2438
l 2437 2442
l 2437 2441
l 2437 2457
l 2437 2443
l 2438 2441
l 2438 2439
l 2438 2444
l 2438 2464
l 2438 2468
l 2439 2444
l 2439 2467
l 2439 2468
l 2439 2441
l 2439 2445
l 2439 2469
l 2440 2457
l 2440 2441
l 2440 2443
l 2440 2464
l 2440 2456
l 2440 2461
l 2440 2442
l 2441 2444
l 2441 2464
l 2441 2468
l 2441 2469
l 2441 2463
l 2442 2443
l 2442 2454
l 2442 2456
l 2442 5998
l 2443 2456
l 2443 2454
l 2443 2455
l 2443 5997
l 2443 5998
l 2444 2468
l 2444 2467
l 2444 2464
l 2444 2469
l 2444 2465
l 2445 2467
l 2445 2446
l 2445 2466
l 2445 2453
l 2445 2465
l 2445 2452
l 2445 2468
l 2446 2447
l 2446 2453
l 2446 2452
l 2446 2466
l 2446 2467
l 2447 2452
l 2447 2453
l 2447 2466
l 2448 2450
l 2448 2460
l 2448 2449
l 2448 2451
l 2448 2462
l 2449 2451
l 2449 2462
l 2449 2466
l 2449 2453
l 2449 2465
l 2449 2452
l 2449 2469
l 2450 2460
l 2450 2462
l 2450 2451
l 2450 2461
l 2450 2463
l 2451 2462
l 2451 2465
l 2451 2466
l 2451 2469
l 2451 2463
l 2451 2453
l 2451 2452
l 2452 2453
l 2452 2466
l 2452 2465
l 2453 2466
l 2453 2465
l 2453 2467
l 2454 2455
l 2454 2456
l 2454 5996
l 2455 2456
l 2455 2458
l 2456 2458
l 2456 2457
l 2456 2459
l 2457 2461
l 2457 2464
l 2457 2460
l 2457 2463
l 2457 2458
l 2457 2459
l 2458 2459
l 2458 2461
l 2459 2461
l 2459 2460
l 2460 2461
l 2460 2463
l 2460 2462
l 2460 2464
l 2461 2463
l 2461 2464
l 2461 2462
l 2462 2463
l 2462 2469
l 2462 2465
l 2462 2466
l 2462 2468
l 2462 2464
l 2463 2469
l 2463 2464
l 2463 2468
l 2463 2465
l 2464 2468
l 2464 2469
l 2464 2465
l 2465 2469
l 2465 2466
l 2465 2467
l 2465 2468
l 2466 2467
l 2466 2469
l 2467 2468
l 2467 2469
l 2468 2469
l 2470 2485
l 2470 2473
l 2470 2471
l 2470 2484
l 2470 2477
l 2470 2472
l 2470 2509
l 2470 2515
l 2470 2510
l 2470 2476
l 2471 2484
l 2471 2472
l 2471 2499
l 2471 2497
l 2471 2485
l 2471 2473
l 2471 2476
l 2471 2488
l 2471 2498
l 2472 2488
l 2472 2473
l 2472 2498
l 2472 2499
l 2472 2487
l 2472 2515
l 2472 2489
l 2472 2484
l 2473 2515
l 2473 2488
l 2473 2504
l 2473 2485
l 2473 2508
l 2473 2487
l 2473 2509
l 2474 2477
l 2474 2478
l 2474 2475
l 2474 2476
l 2474 2485
l 2474 2479
l 2474 2484
l 2474 2507
l 2474 2514
l 2475 2476
l 2475 2479
l 2475 2480
l 2475 2483
l 2475 2484
l 2475 2477
l 2475 2478
l 2475 2500
l 2476 2484
l 2476 2477
l 2476 2483
l 2476 2485
l 2476 2497
l 2477 2485
l 2477 2484
l 2477 2478
l 2478 2507
l 2478 2479
l 2478 2501
l 2478 2518
l 2478 2485
l 2478 2505
l 2479 2501
l 2479 2500
l 2479 2480
l 2479 2507
l 2479 2496
l 2479 2483
l 2480 2483
l 2480 2500
l 2480 2497
l 2480 2481
l 2480 2482
l 2480 2484
l 2481 2482
l 2481 2511
l 2481 2492
l 2481 2500
l 2482 2492
l 2482 2491
l 2483 2497
l 2483 2484
l 2483 2499
l 2484 2485
l 2484 2497
l 2484 2499
l 2485 2510
l 2486 2489
l 2486 2493
l 2486 2487
l 2486 2488
l 2486 2498
l 2486 2506
l 2486 2496
l 2486 2512
l 2486 2494
l 2487 2488
l 2487 2506
l 2487 2504
l 2487 2515
l 2487 2493
l 2487 2505
l 2487 2489
l 2488 2515
l 2488 2489
l 2488 2506
l 2488 2504
l 2488 2498
l 2489 2498
l 2489 2493
l 2489 2499
l 2489 2506
l 2489 2581
l 2489 2512
l 2490 2581
l 2490 2491
l 2490 2512
l 2490 2492
l 2490 2494
l 2491 2492
l 2491 2581
l 2493 2496
l 2493 2506
l 2493 2501
l 2493 2498
l 2493 2494
l 2493 2500
l 2494 2512
l 2494 2495
l 2494 2581
l 2494 2595
l 2494 2615
l 2494 2588
l 2495 2511
l 2495 2496
l 2495 2512
l 2495 2581
l 2496 2500
l 2496 2501
l 2496 2506
l 2496 2511
l 2497 2499
l 2497 2498
l 2498 2499
l 2500 2501
l 2500 2511
l 2501 2506
l 2501 2507
l 2501 2505
l 2502 2503
l 2502 2517
l 2502 2524
l 2502 2525
l 2502 2516
l 2502 2520
l 2502 2526
l 2502 2518
l 2502 2505
l 2502 2508
l 2503 2516
l 2503 2526
l 2503 2525
l 2503 2524
l 2503 2508
l 2503 2517
l 2503 2566
l 2503 2569
l 2503 2504
l 2504 2515
l 2504 2505
l 2504 2506
l 2504 2507
l 2504 2516
l 2505 2507
l 2505 2506
l 2505 2515
l 2506 2507
l 2506 2515
l 2507 2517
l 2507 2518
l 2508 2509
l 2508 2516
l 2508 2566
l 2508 2565
l 2508 2526
l 2508 2510
l 2508 2567
l 2508 2523
l 2509 2510
l 2509 2565
l 2509 2566
l 2509 2513
l 2509 2523
l 2509 2516
l 2509 2522
l 2510 2513
l 2510 2523
l 2510 2514
l 2510 2565
l 2510 2522
l 2510 2566
l 2512 2581
l 2512 2615
l 2512 2595
l 2512 2600
l 2513 2514
l 2513 2522
l 2513 2523
l 2513 2518
l 2513 2521
l 2513 2565
l 2514 2518
l 2514 2521
l 2514 2522
l 2514 2519
l 2514 2517
l 2514 2523
l 2515 2516
l 2516 2526
l 2516 2566
l 2516 2525
l 2516 2565
l 2517 2518
l 2517 2520
l 2517 2519
l 2517 2524
l 2517 2525
l 2518 2519
l 2518 2520
l 2518 2521
l 2518 2522
l 2519 2521
l 2519 2520
l 2519 2543
l 2519 2522
l 2519 2528
l 2519 2534
l 2519 2524
l 2520 2524
l 2520 2528
l 2520 2527
l 2520 2543
l 2520 2525
l 2520 2570
l 2521 2522
l 2521 2544
l 2521 2534
l 2521 2523
l 2521 2543
l 2521 2553
l 2522 2523
l 2522 2544
l 2522 2553
l 2522 2565
l 2522 2554
l 2523 2565
l 2523 2553
l 2523 2554
l 2523 2544
l 2523 2566
l 2524 2525
l 2524 2527
l 2524 2570
l 2524 2528
l 2524 2526
l 2524 2569
l 2525 2526
l 2525 2570
l 2525 2569
l 2525 2527
l 2525 2567
l 2525 2566
l 2526 2569
l 2526 2566
l 2526 2567
l 2526 2570
l 2526 2565
l 2527 2570
l 2527 2528
l 2527 2561
l 2527 2571
l 2527 2559
l 2527 2540
l 2527 2569
l 2528 2540
l 2528 2543
l 2528 2536
l 2528 2559
l 2528 2539
l 2528 2561
l 2528 2570
l 2529 2530
l 2529 2546
l 2529 2541
l 2529 2547
l 2529 2542
l 2529 2531
l 2529 2532
l 2529 2549
l 2529 2550
l 2529 2537
l 2530 2542
l 2530 2537
l 2530 2541
l 2530 2531
l 2530 2546
l 2530 2547
l 2530 2532
l 2530 2535
l 2530 2558
l 2531 2532
l 2531 2533
l 2531 2535
l 2531 2545
l 2531 2536
l 2531 2546
l 2531 2537
l 2531 2534
l 2532 2545
l 2532 2533
l 2532 2546
l 2532 2548
l 2532 2535
l 2532 2534
l 2532 2549
l 2533 2536
l 2533 2534
l 2533 2535
l 2533 2543
l 2533 2545
l 2533 2540
l 2533 2544
l 2533 2539
l 2534 2544
l 2534 2543
l 2534 2536
l 2534 2545
l 2534 2553
l 2534 2540
l 2535 2539
l 2535 2536
l 2535 2537
l 2535 2540
l 2535 2538
l 2535 2559
l 2536 2540
l 2536 2543
l 2536 2539
l 2536 2559
l 2537 2538
l 2537 2558
l 2537 2542
l 2537 2563
l 2537 2564
l 2537 2557
l 2537 2541
l 2538 2560
l 2538 2563
l 2538 2564
l 2538 2562
l 2538 2577
l 2538 2539
l 2538 2559
l 2538 2558
l 2539 2559
l 2539 2540
l 2539 2561
l 2539 2560
l 2539 2562
l 2540 2559
l 2540 2543
l 2540 2561
l 2541 2542
l 2541 2547
l 2541 2557
l 2541 2556
l 2541 2558
l 2541 2550
l 2541 2546
l 2542 2558
l 2542 2557
l 2542 2547
l 2542 2556
l 2542 2563
l 2542 2546
l 2543 2544
l 2544 2553
l 2544 2545
l 2544 2548
l 2544 2554
l 2545 2548
l 2545 2546
l 2545 2549
l 2545 2551
l 2546 2549
l 2546 2550
l 2546 2547
l 2546 2555
l 2546 2552
l 2547 2550
l 2547 2556
l 2547 2578
l 2547 2555
l 2547 2549
l 2548 2551
l 2548 2549
l 2548 2552
l 2548 2553
l 2548 2568
l 2549 2552
l 2549 2555
l 2549 2550
l 2549 2579
l 2549 2575
l 2550 2555
l 2550 2578
l 2550 2579
l 2550 2552
l 2550 2556
l 2551 2568
l 2551 2552
l 2551 2553
l 2551 2575
l 2551 2554
l 2551 2572
l 2551 2567
l 2552 2555
l 2552 2575
l 2552 2579
l 2552 2578
l 2552 2580
l 2553 2554
l 2553 2565
l 2553 2567
l 2554 2567
l 2554 2565
l 2554 2566
l 2554 2568
l 2554 2569
l 2555 2579
l 2555 2578
l 2555 2575
l 2555 2580
l 2555 2576
l 2556 2578
l 2556 2557
l 2556 2577
l 2556 2564
l 2556 2576
l 2556 2563
l 2556 2558
l 2557 2558
l 2557 2563
l 2557 2564
l 2557 2577
l 2557 2578
l 2558 2563
l 2558 2564
l 2558 2577
l 2559 2561
l 2559 2560
l 2559 2562
l 2559 2571
l 2559 2573
l 2560 2562
l 2560 2577
l 2560 2564
l 2560 2573
l 2560 2563
l 2560 2576
l 2561 2571
l 2561 2562
l 2561 2573
l 2561 2572
l 2562 2573
l 2562 2576
l 2562 2577
l 2562 2580
l 2562 2574
l 2562 2564
l 2563 2564
l 2563 2577
l 2564 2577
l 2564 2576
l 2565 2566
l 2565 2567
l 2566 2567
l 2566 2569
l 2567 2569
l 2567 2568
l 2567 2570
l 2568 2572
l 2568 2575
l 2568 2574
l 2568 2571
l 2568 2569
l 2569 2570
l 2569 2572
l 2570 2571
l 2570 2572
l 2571 2572
l 2571 2573
l 2571 2574
l 2572 2574
l 2572 2575
l 2572 2573
l 2573 2574
l 2573 2580
l 2573 2576
l 2573 2577
l 2573 2579
l 2573 2575
l 2574 2580
l 2574 2575
l 2574 2579
l 2574 2576
l 2574 2578
l 2575 2579
l 2575 2580
l 2575 2578
l 2576 2580
l 2576 2577
l 2576 2578
l 2576 2579
l 2577 2578
l 2577 2580
l 2578 2579
l 2578 2580
l 2579 2580
l 2582 2601
l 2582 2585
l 2582 2583
l 2582 2584
l 2582 2600
l 2582 2627
l 2582 2626
l 2582 2589
l 2582 2632
l 2582 2628
l 2583 2584
l 2583 2600
l 2583 2617
l 2583 2585
l 2583 2601
l 2583 2615
l 2583 2616
l 2583 2604
l 2583 2588
l 2584 2604
l 2584 2585
l 2584 2616
l 2584 2632
l 2584 2617
l 2584 2605
l 2584 2603
l 2584 2600
l 2585 2632
l 2585 2604
l 2585 2626
l 2585 2601
l 2585 2622
l 2585 2633
l 2585 2627
l 2586 2589
l 2586 2590
l 2586 2587
l 2586 2588
l 2586 2631
l 2586 2601
l 2586 2591
l 2586 2635
l 2586 2630
l 2586 2600
l 2587 2588
l 2587 2591
l 2587 2592
l 2587 2590
l 2587 2589
l 2587 2595
l 2587 2600
l 2587 2618
l 2587 2601
l 2588 2600
l 2588 2589
l 2588 2595
l 2588 2601
l 2588 2615
l 2588 2592
l 2588 2591
l 2589 2601
l 2589 2600
l 2589 2630
l 2589 2631
l 2589 2628
l 2589 2590
l 2590 2625
l 2590 2591
l 2590 2635
l 2590 2619
l 2590 2634
l 2590 2631
l 2590 2623
l 2591 2619
l 2591 2618
l 2591 2625
l 2591 2592
l 2591 2614
l 2591 2624
l 2592 2595
l 2592 2618
l 2592 2615
l 2592 2594
l 2592 2600
l 2592 2593
l 2592 2614
l 2593 2594
l 2593 2629
l 2593 2610
l 2593 2595
l 2594 2610
l 2594 2608
l 2594 2595
l 2594 2615
l 2595 2615
l 2595 2600
l 2595 2617
l 2595 2618
l 2596 2698
l 2596 2599
l 2596 2771
l 2596 2597
l 2596 2612
l 2596 2598
l 2596 2606
l 2596 2613
l 2597 2612
l 2597 2598
l 2597 2698
l 2597 2599
l 2597 2607
l 2597 2613
l 2597 2602
l 2597 2606
l 2597 2611
l 2598 2607
l 2598 2599
l 2598 2606
l 2598 2612
l 2598 2608
l 2598 2605
l 2598 2609
l 2598 2602
l 2599 2606
l 2599 2771
l 2599 2772
l 2599 2698
l 2599 2607
l 2599 2612
l 2600 2601
l 2600 2615
l 2600 2617
l 2601 2628
l 2601 2627
l 2601 2630
l 2602 2605
l 2602 2611
l 2602 2603
l 2602 2604
l 2602 2624
l 2602 2616
l 2602 2614
l 2603 2604
l 2603 2624
l 2603 2622
l 2603 2632
l 2603 2623
l 2603 2605
l 2603 2611
l 2603 2619
l 2604 2632
l 2604 2605
l 2604 2616
l 2604 2622
l 2604 2624
l 2605 2616
l 2605 2617
l 2605 2611
l 2605 2607
l 2605 2624
l 2606 2609
l 2606 2772
l 2606 2607
l 2606 2778
l 2606 2608
l 2606 2771
l 2607 2608
l 2607 2609
l 2607 2610
l 2607 2616
l 2608 2610
l 2608 2609
l 2608 2617
l 2608 2616
l 2609 2778
l 2609 2610
l 2609 2772
l 2610 2615
l 2610 2617
l 2611 2614
l 2611 2624
l 2611 2619
l 2611 2612
l 2611 2618
l 2612 2613
l 2612 2698
l 2613 2698
l 2613 2629
l 2613 2614
l 2614 2618
l 2614 2619
l 2614 2624
l 2615 2617
l 2615 2616
l 2616 2617
l 2618 2619
l 2618 2629
l 2619 2624
l 2619 2625
l 2619 2623
l 2619 2622
l 2620 2621
l 2620 2634
l 2620 2641
l 2620 2642
l 2620 2633
l 2620 2623
l 2620 2637
l 2620 2622
l 2620 2643
l 2620 2625
l 2621 2633
l 2621 2642
l 2621 2643
l 2621 2641
l 2621 2622
l 2621 2634
l 2621 2626
l 2621 2623
l 2621 2632
l 2622 2632
l 2622 2623
l 2622 2624
l 2622 2633
l 2622 2625
l 2623 2625
l 2623 2624
l 2623 2632
l 2623 2634
l 2624 2625
l 2624 2632
l 2625 2634
l 2625 2635
l 2626 2627
l 2626 2633
l 2626 2683
l 2626 2643
l 2626 2682
l 2626 2628
l 2626 2632
l 2627 2628
l 2627 2682
l 2627 2683
l 2627 2640
l 2627 2630
l 2627 2671
l 2627 2633
l 2628 2630
l 2628 2640
l 2628 2682
l 2628 2639
l 2628 2631
l 2628 2683
l 2630 2631
l 2630 2639
l 2630 2640
l 2630 2638
l 2630 2682
l 2630 2635
l 2631 2635
l 2631 2638
l 2631 2639
l 2631 2636
l 2631 2640
l 2632 2633
l 2633 2643
l 2633 2683
l 2633 2642
l 2634 2635
l 2634 2637
l 2634 2641
l 2634 2636
l 2634 2642
l 2635 2636
l 2635 2637
l 2635 2638
l 2636 2660
l 2636 2638
l 2636 2637
l 2636 2645
l 2636 2653
l 2636 2651
l 2636 2639
l 2637 2641
l 2637 2645
l 2637 2644
l 2637 2642
l 2637 2660
l 2637 2687
l 2638 2639
l 2638 2651
l 2638 2661
l 2638 2660
l 2638 2640
l 2638 2670
l 2638 2650
l 2639 2640
l 2639 2661
l 2639 2670
l 2639 2651
l 2639 2671
l 2639 2682
l 2640 2682
l 2640 2671
l 2640 2670
l 2640 2661
l 2640 2683
l 2641 2642
l 2641 2687
l 2641 2644
l 2641 2643
l 2641 2686
l 2641 2645
l 2642 2643
l 2642 2687
l 2642 2686
l 2642 2644
l 2642 2683
l 2643 2686
l 2643 2683
l 2643 2684
l 2643 2687
l 2643 2682
l 2644 2687
l 2644 2645
l 2644 2678
l 2644 2688
l 2644 2686
l 2644 2676
l 2644 2657
l 2645 2657
l 2645 2660
l 2645 2676
l 2645 2653
l 2645 2656
l 2645 2678
l 2645 2688
l 2645 2687
l 2646 2647
l 2646 2663
l 2646 2659
l 2646 2648
l 2646 2658
l 2646 2649
l 2646 2666
l 2646 2664
l 2646 2662
l 2646 2654
l 2647 2659
l 2647 2648
l 2647 2654
l 2647 2658
l 2647 2663
l 2647 2649
l 2647 2652
l 2647 2675
l 2647 2664
l 2648 2649
l 2648 2650
l 2648 2652
l 2648 2662
l 2648 2654
l 2648 2651
l 2648 2663
l 2648 2653
l 2649 2662
l 2649 2650
l 2649 2665
l 2649 2651
l 2649 2663
l 2649 2652
l 2649 2661
l 2650 2651
l 2650 2653
l 2650 2652
l 2650 2660
l 2650 2662
l 2650 2661
l 2650 2657
l 2651 2661
l 2651 2653
l 2651 2660
l 2651 2662
l 2651 2670
l 2652 2653
l 2652 2654
l 2652 2656
l 2652 2657
l 2652 2655
l 2652 2660
l 2653 2660
l 2653 2657
l 2653 2656
l 2653 2676
l 2654 2675
l 2654 2659
l 2654 2655
l 2654 2680
l 2654 2674
l 2654 2658
l 2655 2677
l 2655 2680
l 2655 2681
l 2655 2656
l 2655 2679
l 2655 2694
l 2655 2676
l 2655 2675
l 2656 2676
l 2656 2657
l 2656 2677
l 2656 2678
l 2656 2679
l 2657 2676
l 2657 2660
l 2657 2678
l 2658 2659
l 2658 2664
l 2658 2674
l 2658 2663
l 2658 2675
l 2658 2673
l 2658 2667
l 2658 2695
l 2659 2675
l 2659 2674
l 2659 2664
l 2659 2663
l 2659 2673
l 2661 2670
l 2661 2662
l 2661 2665
l 2661 2671
l 2662 2665
l 2662 2666
l 2662 2663
l 2662 2668
l 2663 2666
l 2663 2664
l 2663 2667
l 2663 2672
l 2663 2669
l 2664 2667
l 2664 2673
l 2664 2695
l 2664 2674
l 2664 2672
l 2664 2666
l 2665 2668
l 2665 2669
l 2665 2666
l 2665 2670
l 2665 2685
l 2666 2669
l 2666 2672
l 2666 2667
l 2666 2696
l 2666 2692
l 2667 2672
l 2667 2695
l 2667 2696
l 2667 2673
l 2667 2669
l 2667 2697
l 2668 2685
l 2668 2670
l 2668 2669
l 2668 2671
l 2668 2692
l 2668 2689
l 2669 2692
l 2669 2672
l 2669 2696
l 2669 2697
l 2669 2691
l 2670 2671
l 2670 2682
l 2670 2684
l 2671 2682
l 2671 2684
l 2671 2683
l 2671 2685
l 2671 2686
l 2672 2696
l 2672 2695
l 2672 2697
l 2672 2692
l 2672 2693
l 2673 2695
l 2673 2674
l 2673 2694
l 2673 2693
l 2673 2681
l 2673 2696
l 2673 2675
l 2674 2675
l 2674 2681
l 2674 2680
l 2674 2694
l 2674 2695
l 2675 2680
l 2675 2681
l 2676 2678
l 2676 2677
l 2676 2679
l 2676 2688
l 2676 2690
l 2677 2679
l 2677 2681
l 2677 2680
l 2677 2694
l 2677 2690
l 2677 2693
l 2677 2678
l 2678 2688
l 2678 2690
l 2678 2679
l 2678 2689
l 2679 2690
l 2679 2694
l 2679 2693
l 2679 2681
l 2679 2697
l 2679 2691
l 2680 2681
l 2680 2694
l 2680 2693
l 2681 2694
l 2681 2693
l 2681 2695
l 2682 2683
l 2682 2684
l 2683 2684
l 2683 2686
l 2684 2686
l 2684 2685
l 2684 2689
l 2684 2687
l 2685 2689
l 2685 2692
l 2685 2686
l 2685 2691
l 2685 2688
l 2686 2687
l 2686 2689
l 2686 2688
l 2687 2688
l 2687 2689
l 2688 2689
l 2688 2690
l 2688 2691
l 2689 2691
l 2689 2692
l 2689 2690
l 2690 2691
l 2690 2697
l 2690 2693
l 2690 2694
l 2690 2696
l 2690 2692
l 2691 2692
l 2691 2697
l 2691 2696
l 2691 2693
l 2692 2696
l 2692 2697
l 2692 2693
l 2693 2697
l 2693 2694
l 2693 2695
l 2693 2696
l 2694 2695
l 2694 2697
l 2695 2696
l 2695 2697
l 2696 2697
l 2698 2771
l 2699 2700
l 2699 2707
l 2699 2706
l 2699 2714
l 2699 2715
l 2699 2708
l 2699 2710
l 2699 2716
l 2700 2706
l 2700 2707
l 2700 2715
l 2700 2716
l 2700 2714
l 2700 2701
l 2700 5514
l 2701 2706
l 2701 2702
l 2701 2756
l 2701 2716
l 2701 2755
l 2701 2703
l 2701 2757
l 2702 2703
l 2702 2755
l 2702 2756
l 2702 2713
l 2702 2704
l 2702 2705
l 2702 2706
l 2703 2704
l 2703 2713
l 2703 2755
l 2703 2705
l 2703 2712
l 2704 2705
l 2704 2713
l 2704 2712
l 2704 2708
l 2704 2755
l 2704 2711
l 2705 2708
l 2705 2711
l 2705 2712
l 2705 2713
l 2705 2707
l 2705 2709
l 2706 2716
l 2706 2715
l 2706 2756
l 2706 2707
l 2707 2708
l 2707 2710
l 2707 2714
l 2707 2715
l 2707 2709
l 2708 2709
l 2708 2711
l 2708 2710
l 2709 2710
l 2709 2711
l 2709 2733
l 2709 2714
l 2709 2712
l 2709 2724
l 2709 2715
l 2710 2714
l 2710 2715
l 2710 2717
l 2710 2760
l 2710 2716
l 2711 2712
l 2711 2734
l 2711 2713
l 2711 2743
l 2711 2724
l 2711 2744
l 2712 2713
l 2712 2743
l 2712 2734
l 2712 2755
l 2712 2744
l 2713 2755
l 2713 2743
l 2713 2744
l 2713 2756
l 2713 2734
l 2714 2715
l 2714 2760
l 2714 2717
l 2714 2716
l 2714 2759
l 2715 2716
l 2715 2759
l 2715 2760
l 2715 2717
l 2715 2756
l 2716 2756
l 2716 2759
l 2716 2757
l 2716 2760
l 2717 2760
l 2717 2718
l 2717 2761
l 2717 2751
l 2717 2762
l 2717 2759
l 2717 2728
l 2718 2728
l 2718 2751
l 2718 2733
l 2718 2748
l 2718 2726
l 2718 2727
l 2718 2761
l 2718 2725
l 2718 2760
l 2719 2736
l 2719 2720
l 2719 2722
l 2719 2721
l 2719 2732
l 2719 2737
l 2719 2739
l 2719 2730
l 2719 2740
l 2719 2735
l 2720 2730
l 2720 2721
l 2720 2732
l 2720 2729
l 2720 2725
l 2720 2737
l 2720 2736
l 2720 2731
l 2720 2722
l 2721 2723
l 2721 2722
l 2721 2725
l 2721 2726
l 2721 2724
l 2721 2736
l 2721 2735
l 2721 2729
l 2722 2735
l 2722 2723
l 2722 2736
l 2722 2724
l 2722 2739
l 2722 2738
l 2722 2726
l 2723 2726
l 2723 2724
l 2723 2733
l 2723 2725
l 2723 2735
l 2723 2728
l 2724 2734
l 2724 2733
l 2724 2735
l 2724 2726
l 2724 2738
l 2724 2741
l 2724 2725
l 2725 2726
l 2725 2729
l 2725 2728
l 2725 2727
l 2725 2749
l 2725 2733
l 2725 2731
l 2726 2728
l 2726 2733
l 2726 2727
l 2726 2729
l 2726 2748
l 2727 2748
l 2727 2728
l 2727 2749
l 2727 2750
l 2727 2729
l 2727 2752
l 2727 2751
l 2727 2753
l 2728 2748
l 2728 2733
l 2728 2751
l 2728 2749
l 2728 2729
l 2728 2750
l 2729 2731
l 2729 2749
l 2729 2730
l 2729 2753
l 2729 2747
l 2729 2754
l 2729 2732
l 2730 2732
l 2730 2731
l 2730 2747
l 2730 2737
l 2730 2746
l 2730 2740
l 2731 2747
l 2731 2753
l 2731 2754
l 2731 2749
l 2731 2746
l 2731 2732
l 2731 2767
l 2732 2737
l 2732 2747
l 2732 2740
l 2732 2746
l 2732 2736
l 2732 2768
l 2734 2743
l 2734 2735
l 2734 2738
l 2734 2744
l 2734 2741
l 2735 2738
l 2735 2736
l 2735 2739
l 2735 2741
l 2736 2739
l 2736 2737
l 2736 2740
l 2736 2742
l 2736 2745
l 2737 2740
l 2737 2745
l 2737 2768
l 2737 2746
l 2737 2739
l 2738 2741
l 2738 2739
l 2738 2742
l 2738 2743
l 2738 2758
l 2739 2742
l 2739 2740
l 2739 2745
l 2739 2765
l 2740 2745
l 2740 2768
l 2740 2769
l 2740 2742
l 2740 2746
l 2741 2758
l 2741 2742
l 2741 2765
l 2741 2744
l 2741 2743
l 2742 2745
l 2742 2765
l 2742 2769
l 2742 2768
l 2743 2744
l 2743 2755
l 2743 2757
l 2744 2757
l 2744 2755
l 2744 2756
l 2744 2758
l 2745 2769
l 2745 2768
l 2745 2765
l 2745 2770
l 2745 2746
l 2745 2766
l 2746 2768
l 2746 2747
l 2746 2767
l 2746 2766
l 2746 2754
l 2746 2769
l 2747 2754
l 2747 2753
l 2747 2767
l 2747 2768
l 2748 2751
l 2748 2750
l 2748 2752
l 2748 2749
l 2748 2763
l 2748 2761
l 2749 2750
l 2749 2753
l 2749 2754
l 2749 2752
l 2749 2767
l 2750 2752
l 2750 2754
l 2750 2767
l 2750 2753
l 2750 2763
l 2750 2766
l 2750 2751
l 2751 2761
l 2751 2763
l 2751 2752
l 2751 2764
l 2752 2763
l 2752 2767
l 2752 2766
l 2752 2770
l 2752 2754
l 2753 2754
l 2753 2767
l 2754 2767
l 2754 2766
l 2755 2756
l 2755 2757
l 2756 2757
l 2756 2759
l 2757 2759
l 2757 2758
l 2757 2760
l 2758 2762
l 2758 2765
l 2758 2759
l 2758 2764
l 2758 2761
l 2759 2760
l 2759 2762
l 2759 2761
l 2760 2762
l 2760 2761
l 2761 2762
l 2761 2763
l 2761 2764
l 2762 2764
l 2762 2765
l 2762 2763
l 2762 2770
l 2763 2764
l 2763 2770
l 2763 2766
l 2763 2767
l 2763 2769
l 2764 2770
l 2764 2765
l 2764 2769
l 2764 2766
l 2764 2768
l 2765 2769
l 2765 2770
l 2765 2768
l 2765 2766
l 2766 2770
l 2766 2767
l 2766 2768
l 2766 2769
l 2767 2770
l 2767 2768
l 2768 2769
l 2768 2770
l 2769 2770
l 2771 2772
l 2771 2773
l 2772 2778
l 2772 2773
l 2772 2777
l 2773 2777
l 2773 2774
l 2773 2776
l 2774 2776
l 2774 2775
l 2774 2777
l 2775 2776
l 2776 2779
l 2776 2777
l 2777 2778
l 2780 2808
l 2780 2781
l 2780 2815
l 2780 2800
l 2780 2787
l 2780 2803
l 2780 2806
l 2781 2815
l 2781 2795
l 2781 2818
l 2781 2808
l 2781 2806
l 2782 2817
l 2782 2816
l 2782 2798
l 2782 2818
l 2782 2819
l 2782 2783
l 2782 2806
l 2782 2812
l 2783 2806
l 2783 2817
l 2783 2784
l 2783 2815
l 2783 2800
l 2783 2818
l 2784 2800
l 2784 2785
l 2784 2806
l 2784 2801
l 2784 2808
l 2784 2815
l 2785 2801
l 2785 2796
l 2785 2800
l 2785 2807
l 2785 2803
l 2785 2808
l 2786 2802
l 2786 2810
l 2786 2799
l 2786 2807
l 2786 2804
l 2786 2787
l 2786 2803
l 2787 2803
l 2787 2802
l 2787 2801
l 2787 2808
l 2788 2790
l 2788 2789
l 2788 2792
l 2788 2809
l 2789 2809
l 2789 2792
l 2789 2790
l 2789 2805
l 2789 2799
l 2790 2792
l 2790 2809
l 2790 2805
l 2791 2804
l 2791 2805
l 2791 2792
l 2791 2809
l 2791 2810
l 2791 2796
l 2791 2807
l 2792 2805
l 2792 2809
l 2793 2819
l 2793 2794
l 2793 2811
l 2793 2795
l 2793 2812
l 2793 2797
l 2793 2816
l 2793 2818
l 2794 2797
l 2794 2812
l 2794 2811
l 2794 2819
l 2794 2798
l 2794 2816
l 2795 2818
l 2795 2819
l 2795 2815
l 2795 2817
l 2795 2816
l 2796 2807
l 2796 2804
l 2796 2801
l 2796 2802
l 2796 2810
l 2797 2812
l 2797 2811
l 2797 2798
l 2797 2816
l 2797 2819
l 2798 2816
l 2798 2812
l 2798 2819
l 2798 2811
l 2798 2817
l 2799 2810
l 2799 2809
l 2799 2805
l 2799 2804
l 2800 2808
l 2800 2806
l 2800 2801
l 2800 2815
l 2800 2803
l 2801 2803
l 2801 2807
l 2801 2808
l 2801 2802
l 2802 2807
l 2802 2810
l 2802 2804
l 2802 2803
l 2803 2808
l 2803 2807
l 2804 2810
l 2804 2805
l 2804 2807
l 2804 2809
l 2805 2809
l 2805 2810
l 2806 2815
l 2806 2817
l 2806 2818
l 2806 2808
l 2807 2810
l 2808 2815
l 2809 2810
l 2811 2812
l 2811 2819
l 2811 2816
l 2811 2818
l 2812 2816
l 2812 2819
l 2812 2817
l 2813 3074
l 2813 2873
l 2813 2814
l 2813 3079
l 2813 6274
l 2813 3075
l 2814 3075
l 2814 3067
l 2814 3074
l 2814 3496
l 2814 6275
l 2815 2818
l 2815 2817
l 2816 2819
l 2816 2817
l 2816 2818
l 2817 2818
l 2817 2819
l 2818 2819
l 2820 2821
l 2822 2823
l 2823 2897
l 2823 2898
l 2823 2896
l 2825 2826
l 2825 2836
l 2825 2835
l 2826 2843
l 2826 2842
l 2826 2845
l 2827 2828
l 2827 2839
l 2827 2838
l 2827 3174
l 2828 2835
l 2828 2839
l 2829 2848
l 2829 2830
l 2829 3481
l 2829 2840
l 2830 2848
l 2830 2833
l 2831 2832
l 2831 2846
l 2831 3478
l 2832 3478
l 2832 3479
l 2834 2837
l 2834 3125
l 2834 2835
l 2834 2836
l 2835 2836
l 2835 2837
l 2836 2837
l 2837 3125
l 2838 3025
l 2838 3021
l 2838 2839
l 2838 3024
l 2838 6300
l 2838 3174
l 2839 3174
l 2839 3025
l 2839 6299
l 2839 3017
l 2840 2841
l 2840 2848
l 2841 2852
l 2842 2843
l 2842 2852
l 2843 2845
l 2843 2844
l 2844 2845
l 2844 2851
l 2846 3478
l 2846 3479
l 2846 2847
l 2848 3481
l 2848 2884
l 2849 3512
l 2850 3026
l 2850 2851
l 2850 3506
l 2851 3026
l 2853 3066
l 2853 2856
l 2853 2854
l 2853 3065
l 2853 2855
l 2853 3498
l 2853 3076
l 2853 3497
l 2854 3076
l 2854 2855
l 2854 3066
l 2854 3064
l 2854 3499
l 2854 3498
l 2854 2856
l 2855 2857
l 2855 2856
l 2855 3066
l 2855 3076
l 2856 2857
l 2856 2858
l 2856 3065
l 2857 2858
l 2857 2859
l 2857 3033
l 2858 2859
l 2858 3033
l 2858 3484
l 2858 3032
l 2859 3484
l 2859 3033
l 2859 3032
l 2859 2861
l 2859 3037
l 2860 2863
l 2860 2861
l 2860 3036
l 2860 2862
l 2860 3039
l 2860 3484
l 2860 3037
l 2861 3484
l 2861 3037
l 2861 3036
l 2861 2863
l 2861 3032
l 2862 2863
l 2862 2864
l 2862 2870
l 2862 3039
l 2862 3036
l 2863 3039
l 2863 3036
l 2863 2870
l 2864 2869
l 2864 2870
l 2864 2865
l 2864 3039
l 2864 2868
l 2865 2868
l 2865 2869
l 2865 2867
l 2865 2866
l 2866 2867
l 2866 2953
l 2866 2868
l 2867 2953
l 2868 2869
l 2869 2870
l 2869 3039
l 2870 3039
l 2870 3040
l 2870 3036
l 2871 3064
l 2871 3077
l 2871 3507
l 2871 2872
l 2871 3078
l 2871 6333
l 2872 3078
l 2872 3077
l 2872 3080
l 2873 3079
l 2873 3068
l 2873 3172
l 2873 6334
l 2873 3074
l 2873 3063
l 2876 2885
l 2876 2877
l 2877 2879
l 2878 2879
l 2878 3472
l 2878 6337
l 2878 4701
l 2879 3472
l 2879 6337
l 2879 4785
l 2879 3013
l 2880 2889
l 2880 2881
l 2880 2888
l 2881 2888
l 2881 2882
l 2881 2887
l 2882 2887
l 2882 2883
l 2882 2886
l 2883 2886
l 2884 3481
l 2886 2887
l 2887 2888
l 2888 2889
l 2889 2890
l 2890 2891
l 2891 2892
l 2891 2895
l 2891 2893
l 2892 2895
l 2892 2893
l 2893 2894
l 2893 2895
l 2894 2895
l 2894 3012
l 2896 2988
l 2896 2897
l 2896 2985
l 2896 2987
l 2896 2986
l 2897 2898
l 2897 2985
l 2897 2983
l 2897 2988
l 2897 2899
l 2897 2987
l 2898 2899
l 2898 2983
l 2898 2985
l 2898 2981
l 2898 2900
l 2899 2900
l 2899 2981
l 2899 2983
l 2899 2979
l 2899 2901
l 2900 2901
l 2900 2979
l 2900 2981
l 2900 2976
l 2900 2983
l 2901 2976
l 2901 2979
l 2901 2902
l 2901 2977
l 2901 2981
l 2901 2982
l 2901 2975
l 2902 2977
l 2902 2976
l 2902 2975
l 2902 2978
l 2902 2979
l 2902 2982
l 2905 2906
l 2906 2962
l 2906 2960
l 2907 2909
l 2907 2908
l 2908 2959
l 2908 2961
l 2908 2958
l 2908 2963
l 2910 3124
l 2910 2913
l 2910 3115
l 2910 2911
l 2910 2912
l 2910 3122
l 2910 3102
l 2910 3123
l 2910 3098
l 2910 3101
l 2911 2912
l 2911 3123
l 2911 2929
l 2911 3124
l 2911 2913
l 2911 2930
l 2911 2919
l 2912 2919
l 2912 2913
l 2912 3101
l 2912 2929
l 2912 3123
l 2912 3102
l 2913 3102
l 2913 3101
l 2913 3115
l 2913 2919
l 2913 3124
l 2914 3023
l 2914 2915
l 2914 3020
l 2914 3022
l 2914 3019
l 2914 3503
l 2914 2931
l 2914 6374
l 2915 2931
l 2915 3019
l 2915 3125
l 2915 2930
l 2915 3020
l 2916 2917
l 2916 2920
l 2917 2918
l 2918 2919
l 2918 3101
l 2919 3101
l 2920 2925
l 2920 3155
l 2921 3151
l 2922 3152
l 2923 3153
l 2924 3154
l 2925 3155
l 2925 2928
l 2925 3158
l 2926 3156
l 2927 3157
l 2928 3158
l 2929 2930
l 2929 3123
l 2929 2931
l 2930 3123
l 2930 2931
l 2931 3125
l 2931 3019
l 2932 2998
l 2932 3027
l 2932 2933
l 2932 3008
l 2932 2951
l 2932 2999
l 2932 2952
l 2933 2999
l 2933 2934
l 2933 2998
l 2933 3007
l 2933 2951
l 2933 2971
l 2934 2971
l 2934 2999
l 2934 2938
l 2934 3007
l 2934 2972
l 2935 2938
l 2935 2967
l 2935 2972
l 2935 2937
l 2935 2969
l 2935 2936
l 2935 2971
l 2935 2970
l 2936 2937
l 2936 2968
l 2936 2965
l 2936 2967
l 2936 2964
l 2936 2966
l 2936 2963
l 2937 2964
l 2937 2963
l 2937 2967
l 2937 2938
l 2937 2965
l 2937 2961
l 2938 2971
l 2938 2972
l 2939 2949
l 2939 2941
l 2939 2942
l 2939 2950
l 2939 2940
l 2940 2941
l 2940 3006
l 2940 2943
l 2940 2949
l 2940 3000
l 2941 2949
l 2941 2943
l 2941 3006
l 2941 2942
l 2942 2966
l 2942 2950
l 2942 2949
l 2943 3000
l 2943 2944
l 2943 3006
l 2944 3001
l 2944 3000
l 2944 2945
l 2944 3005
l 2945 3002
l 2945 3001
l 2945 2946
l 2946 3003
l 2946 2992
l 2946 3002
l 2946 2997
l 2947 2948
l 2947 3003
l 2947 2997
l 2947 3002
l 2947 2992
l 2948 3004
l 2948 3003
l 2948 3002
l 2949 3006
l 2949 2950
l 2950 2966
l 2950 2968
l 2951 2998
l 2951 2952
l 2951 2999
l 2951 3007
l 2951 3008
l 2952 3008
l 2952 3029
l 2952 2998
l 2952 3030
l 2952 3028
l 2952 3027
l 2953 2954
l 2954 2955
l 2955 2956
l 2956 2957
l 2956 2958
l 2957 2958
l 2957 2959
l 2957 2960
l 2958 2959
l 2958 2960
l 2958 2961
l 2959 2961
l 2959 2960
l 2959 2963
l 2960 2962
l 2960 2961
l 2961 2963
l 2961 2962
l 2961 2964
l 2962 2963
l 2962 2964
l 2963 2964
l 2964 2965
l 2965 2966
l 2965 2968
l 2966 2968
l 2967 2969
l 2967 2970
l 2967 2972
l 2967 2968
l 2969 2970
l 2969 2972
l 2971 2972
l 2971 3007
l 2971 2999
l 2972 3007
l 2975 2978
l 2975 2977
l 2975 2982
l 2975 2976
l 2975 2994
l 2976 2979
l 2976 2977
l 2976 2982
l 2976 2978
l 2976 2980
l 2976 2994
l 2977 2978
l 2977 2982
l 2978 2994
l 2978 2982
l 2979 2981
l 2979 2982
l 2979 2980
l 2979 2984
l 2980 2982
l 2980 2984
l 2980 2995
l 2980 2981
l 2980 2994
l 2980 2983
l 2980 2986
l 2981 2983
l 2981 2984
l 2981 2982
l 2981 2985
l 2982 2994
l 2982 2995
l 2983 2985
l 2983 2984
l 2983 2986
l 2983 2987
l 2983 2988
l 2984 2986
l 2984 2987
l 2984 2985
l 2984 2995
l 2984 2991
l 2985 2988
l 2985 2986
l 2985 2987
l 2985 2991
l 2986 2987
l 2986 2991
l 2986 2988
l 2987 2991
l 2987 2988
l 2987 2990
l 2988 2991
l 2989 2990
l 2990 2991
l 2992 2997
l 2992 3003
l 2992 2993
l 2993 2996
l 2993 2997
l 2993 2994
l 2994 2995
l 2994 2996
l 2995 2996
l 2996 2997
l 2997 3003
l 2998 3008
l 2998 2999
l 2998 3027
l 2998 3007
l 2999 3007
l 3000 3005
l 3000 3006
l 3000 3001
l 3000 3004
l 3001 3005
l 3001 3004
l 3001 3002
l 3002 3004
l 3002 3003
l 3004 3005
l 3005 3006
l 3008 3027
l 3008 3028
l 3008 3029
l 3008 3509
l 3008 3030
l 3009 3010
l 3010 3011
l 3011 3012
l 3013 3471
l 3013 4703
l 3013 4704
l 3013 4784
l 3015 4240
l 3015 3016
l 3015 3506
l 3015 4239
l 3015 6476
l 3015 3026
l 3015 3509
l 3015 4241
l 3016 3509
l 3016 4239
l 3016 3027
l 3016 6477
l 3016 4240
l 3016 3028
l 3016 6467
l 3017 4254
l 3017 3174
l 3017 3018
l 3017 6299
l 3017 4257
l 3017 4255
l 3018 4257
l 3018 3506
l 3018 3026
l 3018 4254
l 3018 6476
l 3018 4256
l 3019 3020
l 3019 3125
l 3019 3021
l 3019 3503
l 3020 3503
l 3020 3021
l 3020 3023
l 3020 3024
l 3020 6474
l 3020 3125
l 3021 3024
l 3021 3503
l 3021 3025
l 3021 6473
l 3022 5246
l 3022 3023
l 3022 6374
l 3022 5247
l 3023 6374
l 3023 3503
l 3023 6474
l 3023 5246
l 3023 6373
l 3024 6473
l 3024 3025
l 3024 3503
l 3024 6300
l 3024 6474
l 3024 4732
l 3025 6300
l 3025 3174
l 3025 6473
l 3025 6299
l 3025 4735
l 3026 3506
l 3026 6476
l 3026 4257
l 3027 3509
l 3027 3028
l 3027 3029
l 3028 3029
l 3028 3509
l 3028 6467
l 3028 3030
l 3028 6477
l 3028 6411
l 3029 3030
l 3029 6411
l 3029 3483
l 3029 6467
l 3029 3509
l 3029 4216
l 3030 3483
l 3030 4216
l 3030 6411
l 3030 4215
l 3031 3041
l 3031 3038
l 3031 3034
l 3031 3032
l 3031 3033
l 3031 3042
l 3031 3043
l 3031 3037
l 3031 3035
l 3032 3037
l 3032 3033
l 3032 3038
l 3032 3484
l 3032 3034
l 3032 3036
l 3032 3035
l 3033 3034
l 3033 3484
l 3033 3037
l 3033 3043
l 3034 3043
l 3034 3041
l 3034 3038
l 3035 3045
l 3035 3038
l 3035 3040
l 3035 3036
l 3035 3037
l 3035 3044
l 3035 3042
l 3035 3039
l 3036 3039
l 3036 3037
l 3036 3040
l 3036 3038
l 3037 3038
l 3037 3484
l 3037 3039
l 3038 3042
l 3038 3045
l 3038 3041
l 3038 3040
l 3039 3040
l 3040 3044
l 3040 3045
l 3041 3043
l 3041 3042
l 3041 3045
l 3042 3045
l 3042 3044
l 3044 3045
l 3046 3163
l 3046 3059
l 3046 3047
l 3046 3050
l 3046 6493
l 3047 3162
l 3047 6494
l 3047 3163
l 3047 3053
l 3047 3911
l 3048 3500
l 3048 3049
l 3048 6495
l 3048 3070
l 3048 3167
l 3048 6496
l 3049 3167
l 3049 6496
l 3049 3057
l 3049 3500
l 3049 3937
l 3050 3059
l 3050 3051
l 3050 3840
l 3050 3951
l 3050 3841
l 3050 3058
l 3050 3943
l 3051 3058
l 3051 3059
l 3051 3840
l 3051 3943
l 3051 3841
l 3051 3951
l 3052 3912
l 3052 3071
l 3052 5367
l 3052 3575
l 3052 3793
l 3052 3070
l 3053 3911
l 3053 3574
l 3053 3162
l 3053 3912
l 3053 6494
l 3054 3929
l 3054 3823
l 3054 3952
l 3054 3168
l 3054 3055
l 3054 3930
l 3055 3930
l 3055 3923
l 3055 5370
l 3055 3929
l 3055 3072
l 3056 3938
l 3056 3073
l 3056 3807
l 3056 3057
l 3056 3937
l 3056 5369
l 3057 3937
l 3057 3167
l 3057 3806
l 3057 3938
l 3057 6496
l 3058 3069
l 3058 3943
l 3058 4808
l 3058 3840
l 3059 3951
l 3059 3841
l 3059 3840
l 3059 3163
l 3059 6493
l 3060 3061
l 3060 4061
l 3060 3069
l 3060 4060
l 3060 4808
l 3060 3169
l 3061 3169
l 3061 4060
l 3061 3062
l 3061 6498
l 3061 4061
l 3061 3069
l 3061 3170
l 3062 3063
l 3062 3169
l 3062 3170
l 3063 3170
l 3063 3068
l 3063 3169
l 3063 3172
l 3064 3507
l 3064 3076
l 3064 3499
l 3064 3077
l 3064 6499
l 3065 3497
l 3065 3066
l 3065 3067
l 3065 3496
l 3065 3498
l 3065 6501
l 3066 3498
l 3066 3076
l 3066 3497
l 3066 3499
l 3066 6500
l 3067 3496
l 3067 3075
l 3067 3497
l 3067 6502
l 3068 3172
l 3068 3170
l 3068 3079
l 3068 3169
l 3069 4808
l 3069 4061
l 3069 3943
l 3070 5368
l 3070 3500
l 3070 6495
l 3070 3071
l 3070 3794
l 3071 5367
l 3071 5368
l 3071 3793
l 3071 3794
l 3072 5370
l 3072 3916
l 3072 5369
l 3072 3073
l 3072 3930
l 3073 5369
l 3073 3915
l 3073 3938
l 3073 5370
l 3074 6274
l 3074 3079
l 3074 3075
l 3074 6275
l 3074 6334
l 3074 4186
l 3075 6275
l 3075 3496
l 3075 6502
l 3075 6274
l 3075 4185
l 3076 3499
l 3076 3507
l 3076 3498
l 3076 6504
l 3077 6333
l 3077 3507
l 3077 6499
l 3077 3078
l 3077 6332
l 3077 4738
l 3078 6332
l 3078 3080
l 3078 6333
l 3078 4825
l 3079 6334
l 3079 3172
l 3079 6503
l 3079 6274
l 3079 3170
l 3080 4825
l 3080 4689
l 3080 6332
l 3081 3131
l 3081 3084
l 3081 3082
l 3081 3095
l 3081 3083
l 3081 3093
l 3081 3130
l 3081 3094
l 3082 3083
l 3082 3084
l 3082 3088
l 3082 3093
l 3082 3097
l 3082 3095
l 3083 3097
l 3083 3084
l 3083 3093
l 3083 3088
l 3083 3096
l 3083 3094
l 3083 3104
l 3084 3093
l 3084 3095
l 3084 3094
l 3084 3097
l 3084 3131
l 3084 3104
l 3084 3088
l 3085 3095
l 3085 3137
l 3085 3086
l 3085 3094
l 3085 3131
l 3085 3092
l 3085 3093
l 3086 3092
l 3086 3087
l 3086 3137
l 3086 3091
l 3086 3095
l 3086 3116
l 3087 3091
l 3087 3092
l 3087 3111
l 3088 3096
l 3088 3097
l 3088 3090
l 3088 3093
l 3088 3089
l 3089 3105
l 3089 3096
l 3089 3090
l 3089 3106
l 3089 3140
l 3089 3097
l 3089 3104
l 3090 3096
l 3090 3097
l 3091 3111
l 3091 3092
l 3091 3112
l 3091 3116
l 3091 3108
l 3091 3137
l 3092 3116
l 3092 3137
l 3092 3111
l 3092 3138
l 3092 3109
l 3092 3094
l 3093 3097
l 3093 3094
l 3093 3104
l 3093 3095
l 3093 3096
l 3093 3137
l 3094 3104
l 3094 3095
l 3094 3137
l 3094 3097
l 3094 3138
l 3094 3096
l 3095 3131
l 3095 3137
l 3095 3097
l 3096 3097
l 3096 3106
l 3096 3104
l 3096 3105
l 3097 3104
l 3097 3106
l 3097 3138
l 3098 3124
l 3098 3099
l 3098 3123
l 3098 3100
l 3098 3122
l 3099 3122
l 3099 3100
l 3099 3124
l 3099 3113
l 3099 3115
l 3100 3160
l 3100 3159
l 3100 3122
l 3101 3102
l 3102 3115
l 3102 3112
l 3102 3114
l 3102 3122
l 3103 3482
l 3103 4370
l 3103 4323
l 3103 4369
l 3103 3142
l 3104 3106
l 3104 3138
l 3104 3137
l 3104 3139
l 3105 3117
l 3105 3106
l 3105 3140
l 3105 3139
l 3105 3118
l 3106 3139
l 3106 3138
l 3106 3117
l 3107 3108
l 3107 3110
l 3107 3113
l 3107 3109
l 3107 3114
l 3107 3111
l 3107 3122
l 3108 3111
l 3108 3109
l 3108 3114
l 3108 3116
l 3108 3113
l 3108 3112
l 3108 3110
l 3109 3110
l 3109 3116
l 3109 3139
l 3109 3111
l 3109 3117
l 3109 3138
l 3110 3117
l 3110 3139
l 3110 3118
l 3110 3116
l 3110 3113
l 3111 3116
l 3111 3112
l 3111 3114
l 3112 3114
l 3112 3115
l 3112 3113
l 3113 3114
l 3113 3122
l 3113 3115
l 3113 3124
l 3114 3115
l 3114 3122
l 3115 3122
l 3115 3124
l 3116 3138
l 3116 3139
l 3116 3137
l 3117 3139
l 3117 3118
l 3117 3140
l 3117 3138
l 3118 3140
l 3118 3119
l 3118 3141
l 3119 3141
l 3119 3120
l 3119 3142
l 3119 3140
l 3119 3121
l 3119 3482
l 3120 3142
l 3120 3121
l 3120 6542
l 3120 3141
l 3120 6562
l 3120 3482
l 3120 4730
l 3121 3485
l 3121 4730
l 3121 6542
l 3121 4327
l 3121 3142
l 3121 3159
l 3122 3124
l 3123 3124
l 3127 5006
l 3127 3171
l 3127 6549
l 3127 5005
l 3127 3173
l 3127 4707
l 3128 4705
l 3128 4761
l 3128 4830
l 3128 4706
l 3129 3134
l 3130 3131
l 3132 4365
l 3132 4368
l 3133 3148
l 3133 3143
l 3133 3144
l 3133 3149
l 3133 3145
l 3134 3476
l 3135 3151
l 3136 4650
l 3136 4652
l 3136 4971
l 3136 4653
l 3137 3138
l 3138 3139
l 3140 3141
l 3141 3142
l 3141 3482
l 3142 3482
l 3142 6562
l 3142 4369
l 3142 6542
l 3143 3145
l 3143 3144
l 3143 3148
l 3144 3148
l 3144 3145
l 3144 3147
l 3144 3146
l 3144 3149
l 3145 3148
l 3146 3511
l 3146 3147
l 3146 4816
l 3146 6565
l 3146 4350
l 3146 3148
l 3147 3149
l 3147 6565
l 3147 3148
l 3147 6566
l 3147 4816
l 3147 3511
l 3148 3149
l 3149 6566
l 3149 3150
l 3149 6565
l 3149 4694
l 3150 4694
l 3150 6566
l 3155 3158
l 3159 3485
l 3159 3160
l 3159 4330
l 3159 6523
l 3159 4327
l 3160 6523
l 3160 5249
l 3160 4330
l 3160 3485
l 3161 3508
l 3161 3504
l 3161 3501
l 3161 3502
l 3161 4814
l 3161 4813
l 3162 6494
l 3162 3163
l 3162 3911
l 3162 3616
l 3162 6493
l 3163 6493
l 3163 6494
l 3163 3951
l 3163 3795
l 3164 3771
l 3164 3772
l 3164 3761
l 3165 3920
l 3165 3919
l 3165 3945
l 3165 3770
l 3165 3769
l 3166 3748
l 3166 3851
l 3166 3849
l 3167 6496
l 3167 3937
l 3167 3589
l 3167 3500
l 3167 6495
l 3168 3952
l 3168 3824
l 3168 3929
l 3168 3934
l 3168 3821
l 3169 3170
l 3169 6498
l 3169 4060
l 3169 6497
l 3169 4061
l 3170 6497
l 3170 3172
l 3170 6498
l 3170 6503
l 3170 4060
l 3171 5005
l 3171 5006
l 3171 6549
l 3171 4707
l 3171 3173
l 3172 6503
l 3172 6497
l 3172 6334
l 3172 6498
l 3173 5006
l 3173 4987
l 3173 4624
l 3173 6549
l 3174 6299
l 3174 4254
l 3174 6300
l 3174 6288
l 3175 3176
l 3175 3193
l 3175 3178
l 3175 3177
l 3175 3198
l 3175 3197
l 3175 3321
l 3175 3194
l 3176 3198
l 3176 3180
l 3176 3197
l 3176 3177
l 3176 3196
l 3176 3193
l 3177 3197
l 3177 3178
l 3177 3196
l 3177 3211
l 3177 3199
l 3177 3202
l 3177 3198
l 3177 3194
l 3178 3194
l 3178 3200
l 3178 3199
l 3178 3193
l 3178 3197
l 3178 3320
l 3178 3211
l 3178 3321
l 3179 3180
l 3179 3181
l 3179 3198
l 3179 3195
l 3179 3184
l 3179 3182
l 3179 3196
l 3180 3198
l 3180 3196
l 3180 3195
l 3180 3181
l 3180 3197
l 3181 3182
l 3181 3185
l 3181 3184
l 3181 3183
l 3181 3195
l 3182 3185
l 3182 3187
l 3182 3183
l 3182 3207
l 3182 3184
l 3183 3207
l 3183 3184
l 3183 3186
l 3183 3195
l 3183 3203
l 3183 3206
l 3183 3185
l 3183 3204
l 3184 3195
l 3184 3196
l 3184 3207
l 3184 3204
l 3184 3203
l 3184 3201
l 3185 3187
l 3185 3207
l 3185 3186
l 3185 3188
l 3186 3207
l 3186 3189
l 3186 3205
l 3186 3187
l 3186 3206
l 3186 3208
l 3186 3188
l 3187 3188
l 3187 3207
l 3187 3189
l 3187 3190
l 3188 3190
l 3188 3189
l 3188 3191
l 3188 3192
l 3189 3191
l 3189 3208
l 3189 3190
l 3189 3207
l 3189 3205
l 3189 3209
l 3189 3324
l 3190 3192
l 3190 3191
l 3190 3322
l 3190 3324
l 3191 3324
l 3191 3209
l 3191 3192
l 3191 3323
l 3191 3208
l 3191 3327
l 3191 3322
l 3192 3322
l 3192 3324
l 3192 3321
l 3192 3323
l 3192 3320
l 3193 3321
l 3193 3194
l 3193 3322
l 3193 3320
l 3194 3320
l 3194 3210
l 3194 3323
l 3194 3321
l 3194 3200
l 3194 3325
l 3194 3322
l 3195 3196
l 3195 3197
l 3195 3201
l 3195 3204
l 3195 3198
l 3195 3202
l 3196 3197
l 3196 3202
l 3196 3198
l 3196 3201
l 3196 3211
l 3197 3202
l 3197 3211
l 3197 3198
l 3197 3199
l 3199 3211
l 3199 3200
l 3199 3434
l 3199 3435
l 3199 3202
l 3199 3437
l 3199 3433
l 3200 3210
l 3200 3433
l 3200 3434
l 3200 3211
l 3200 3435
l 3200 3333
l 3201 3204
l 3201 3202
l 3201 3436
l 3201 3332
l 3201 3203
l 3201 3211
l 3201 3437
l 3201 3331
l 3202 3211
l 3202 3437
l 3202 3436
l 3202 3435
l 3202 3204
l 3203 3204
l 3203 3206
l 3203 3331
l 3203 3330
l 3203 3332
l 3203 3205
l 3203 3207
l 3204 3332
l 3204 3331
l 3204 3206
l 3204 3436
l 3205 3206
l 3205 3208
l 3205 3329
l 3205 3328
l 3205 3330
l 3205 3207
l 3206 3330
l 3206 3329
l 3206 3207
l 3206 3331
l 3206 3208
l 3208 3328
l 3208 3209
l 3208 3329
l 3208 3470
l 3209 3327
l 3209 3470
l 3209 3324
l 3209 3336
l 3209 3326
l 3209 3328
l 3209 3323
l 3210 3325
l 3210 3333
l 3210 3433
l 3210 3320
l 3210 3326
l 3210 3334
l 3210 3323
l 3211 3435
l 3211 3437
l 3211 3434
l 3212 3307
l 3212 3213
l 3212 3306
l 3212 3215
l 3212 3214
l 3212 3267
l 3212 3259
l 3212 3265
l 3212 3247
l 3212 3263
l 3213 3214
l 3213 3259
l 3213 3215
l 3213 3258
l 3213 3307
l 3213 3267
l 3213 3247
l 3213 3306
l 3213 3265
l 3214 3247
l 3214 3215
l 3214 3258
l 3214 3259
l 3214 3306
l 3214 3307
l 3214 3260
l 3214 3246
l 3215 3247
l 3215 3306
l 3215 3307
l 3215 3260
l 3215 3255
l 3215 3258
l 3215 3263
l 3216 3296
l 3216 3253
l 3216 3217
l 3216 3219
l 3216 3294
l 3216 3243
l 3216 3218
l 3216 3241
l 3216 3235
l 3216 3220
l 3217 3218
l 3217 3235
l 3217 3234
l 3217 3296
l 3217 3219
l 3217 3253
l 3217 3243
l 3217 3294
l 3217 3249
l 3218 3234
l 3218 3219
l 3218 3235
l 3218 3294
l 3218 3296
l 3218 3236
l 3218 3239
l 3218 3253
l 3219 3294
l 3219 3296
l 3219 3236
l 3219 3239
l 3219 3234
l 3219 3241
l 3219 3235
l 3220 3221
l 3220 3303
l 3220 3223
l 3220 3300
l 3220 3222
l 3220 3253
l 3220 3249
l 3220 3252
l 3220 3243
l 3220 3246
l 3221 3222
l 3221 3252
l 3221 3223
l 3221 3303
l 3221 3255
l 3221 3300
l 3221 3253
l 3221 3243
l 3221 3249
l 3222 3223
l 3222 3255
l 3222 3247
l 3222 3300
l 3222 3252
l 3222 3260
l 3222 3303
l 3223 3300
l 3223 3247
l 3223 3303
l 3223 3246
l 3223 3255
l 3224 3268
l 3224 3318
l 3224 3225
l 3224 3227
l 3224 3286
l 3224 3226
l 3224 3315
l 3224 3269
l 3224 3271
l 3224 3285
l 3225 3226
l 3225 3268
l 3225 3289
l 3225 3278
l 3225 3286
l 3225 3227
l 3225 3318
l 3225 3315
l 3225 3291
l 3226 3227
l 3226 3291
l 3226 3315
l 3226 3318
l 3226 3289
l 3226 3268
l 3226 3286
l 3226 3282
l 3227 3315
l 3227 3318
l 3227 3268
l 3227 3285
l 3227 3286
l 3227 3282
l 3227 3281
l 3228 3229
l 3228 3313
l 3228 3231
l 3228 3230
l 3228 3274
l 3228 3266
l 3228 3310
l 3228 3267
l 3228 3265
l 3228 3277
l 3229 3230
l 3229 3277
l 3229 3231
l 3229 3264
l 3229 3274
l 3229 3313
l 3229 3279
l 3229 3266
l 3229 3265
l 3230 3231
l 3230 3279
l 3230 3277
l 3230 3313
l 3230 3310
l 3230 3271
l 3230 3274
l 3230 3266
l 3231 3310
l 3231 3313
l 3231 3279
l 3231 3271
l 3231 3270
l 3231 3266
l 3231 3277
l 3232 3248
l 3232 3242
l 3232 3299
l 3232 3292
l 3232 3235
l 3232 3250
l 3232 3233
l 3232 3243
l 3232 3234
l 3232 3240
l 3233 3237
l 3233 3293
l 3233 3234
l 3233 3236
l 3233 3238
l 3233 3239
l 3233 3292
l 3233 3235
l 3233 3295
l 3234 3236
l 3234 3235
l 3234 3294
l 3234 3239
l 3234 3296
l 3235 3243
l 3235 3248
l 3235 3249
l 3235 3253
l 3235 3296
l 3236 3239
l 3236 3294
l 3236 3237
l 3236 3296
l 3236 3238
l 3236 3241
l 3237 3238
l 3237 3295
l 3237 3239
l 3237 3293
l 3237 3298
l 3237 3240
l 3238 3240
l 3238 3239
l 3238 3298
l 3238 3295
l 3238 3297
l 3238 3299
l 3238 3241
l 3239 3294
l 3239 3241
l 3239 3296
l 3239 3240
l 3239 3250
l 3240 3299
l 3240 3250
l 3240 3242
l 3240 3251
l 3240 3297
l 3240 3241
l 3240 3248
l 3241 3250
l 3241 3296
l 3241 3253
l 3241 3294
l 3241 3242
l 3241 3243
l 3241 3251
l 3241 3252
l 3242 3250
l 3242 3299
l 3242 3251
l 3242 3248
l 3242 3243
l 3242 3254
l 3242 3252
l 3243 3253
l 3243 3249
l 3243 3252
l 3243 3250
l 3243 3303
l 3243 3248
l 3244 3261
l 3244 3258
l 3244 3257
l 3244 3260
l 3244 3245
l 3244 3254
l 3244 3302
l 3244 3263
l 3244 3262
l 3245 3257
l 3245 3248
l 3245 3258
l 3245 3246
l 3245 3261
l 3245 3302
l 3245 3260
l 3245 3254
l 3246 3300
l 3246 3249
l 3246 3247
l 3246 3303
l 3246 3258
l 3246 3255
l 3247 3306
l 3247 3258
l 3247 3255
l 3247 3260
l 3248 3250
l 3248 3249
l 3248 3299
l 3248 3253
l 3249 3303
l 3249 3253
l 3249 3300
l 3249 3252
l 3250 3251
l 3250 3299
l 3250 3253
l 3250 3252
l 3251 3254
l 3251 3299
l 3251 3252
l 3251 3261
l 3251 3260
l 3252 3253
l 3252 3255
l 3252 3260
l 3253 3303
l 3253 3296
l 3254 3261
l 3254 3260
l 3254 3302
l 3254 3262
l 3254 3263
l 3254 3255
l 3255 3260
l 3255 3306
l 3255 3263
l 3256 3266
l 3256 3273
l 3256 3274
l 3256 3257
l 3256 3275
l 3256 3313
l 3256 3259
l 3256 3309
l 3256 3272
l 3256 3310
l 3257 3302
l 3257 3261
l 3257 3258
l 3257 3304
l 3257 3259
l 3257 3262
l 3258 3259
l 3258 3260
l 3258 3306
l 3258 3263
l 3259 3267
l 3259 3307
l 3259 3265
l 3260 3263
l 3260 3306
l 3260 3261
l 3261 3302
l 3261 3262
l 3261 3263
l 3262 3302
l 3262 3264
l 3262 3263
l 3262 3265
l 3262 3301
l 3262 3274
l 3263 3306
l 3263 3307
l 3263 3265
l 3264 3277
l 3264 3274
l 3264 3266
l 3264 3275
l 3264 3265
l 3264 3276
l 3265 3267
l 3265 3307
l 3265 3306
l 3266 3274
l 3266 3273
l 3266 3313
l 3266 3275
l 3266 3310
l 3266 3309
l 3266 3270
l 3267 3307
l 3267 3313
l 3267 3274
l 3268 3286
l 3268 3318
l 3268 3269
l 3268 3289
l 3268 3285
l 3268 3315
l 3269 3286
l 3269 3272
l 3269 3318
l 3269 3285
l 3269 3287
l 3269 3270
l 3269 3312
l 3270 3273
l 3270 3310
l 3270 3271
l 3270 3313
l 3270 3272
l 3270 3275
l 3270 3309
l 3270 3274
l 3271 3279
l 3271 3278
l 3271 3310
l 3271 3313
l 3272 3309
l 3272 3275
l 3272 3273
l 3272 3305
l 3272 3274
l 3272 3276
l 3273 3313
l 3273 3310
l 3273 3274
l 3273 3275
l 3273 3309
l 3274 3313
l 3274 3275
l 3274 3277
l 3274 3310
l 3275 3309
l 3275 3276
l 3275 3277
l 3276 3277
l 3276 3308
l 3276 3278
l 3276 3279
l 3276 3309
l 3277 3279
l 3278 3289
l 3278 3286
l 3278 3279
l 3278 3308
l 3279 3310
l 3280 3283
l 3280 3284
l 3280 3281
l 3280 3319
l 3280 3282
l 3280 3314
l 3280 3312
l 3280 3290
l 3280 3285
l 3280 3287
l 3281 3285
l 3281 3315
l 3281 3282
l 3281 3284
l 3281 3318
l 3281 3312
l 3281 3287
l 3281 3286
l 3282 3315
l 3282 3291
l 3282 3285
l 3282 3312
l 3282 3318
l 3282 3287
l 3282 3283
l 3283 3290
l 3283 3319
l 3283 3291
l 3283 3284
l 3283 3312
l 3283 3288
l 3283 3316
l 3284 3314
l 3284 3285
l 3284 3312
l 3284 3287
l 3284 3315
l 3284 3286
l 3284 3318
l 3285 3318
l 3285 3315
l 3285 3287
l 3285 3286
l 3285 3312
l 3286 3287
l 3286 3312
l 3286 3318
l 3286 3289
l 3286 3315
l 3287 3312
l 3287 3318
l 3287 3315
l 3287 3289
l 3287 3288
l 3288 3311
l 3288 3289
l 3288 3291
l 3288 3290
l 3288 3312
l 3289 3291
l 3289 3312
l 3290 3311
l 3290 3291
l 3290 3312
l 3290 3316
l 3291 3315
l 3291 3312
l 3292 3299
l 3292 3293
l 3292 3304
l 3292 3297
l 3292 3338
l 3293 3295
l 3293 3337
l 3293 3338
l 3293 3298
l 3293 3299
l 3294 3296
l 3295 3298
l 3295 3351
l 3295 3337
l 3295 3353
l 3295 3297
l 3297 3299
l 3297 3298
l 3297 3301
l 3297 3302
l 3298 3353
l 3298 3351
l 3298 3355
l 3298 3299
l 3300 3303
l 3301 3302
l 3301 3304
l 3301 3308
l 3302 3304
l 3304 3305
l 3305 3309
l 3305 3308
l 3306 3307
l 3308 3309
l 3310 3313
l 3311 3312
l 3311 3316
l 3312 3315
l 3312 3318
l 3312 3314
l 3315 3318
l 3316 3317
l 3316 3363
l 3316 3319
l 3316 3358
l 3317 3319
l 3317 3347
l 3317 3349
l 3317 3358
l 3317 3363
l 3319 3347
l 3319 3345
l 3320 3323
l 3320 3324
l 3320 3325
l 3320 3321
l 3320 3322
l 3320 3326
l 3321 3322
l 3321 3323
l 3321 3324
l 3322 3323
l 3322 3324
l 3323 3324
l 3323 3326
l 3323 3325
l 3323 3327
l 3324 3327
l 3324 3326
l 3325 3326
l 3325 3334
l 3325 3333
l 3325 3327
l 3325 3335
l 3326 3327
l 3326 3335
l 3326 3334
l 3326 3336
l 3327 3336
l 3327 3335
l 3327 3470
l 3327 3334
l 3328 3329
l 3328 3381
l 3328 3380
l 3328 3470
l 3328 3382
l 3328 3330
l 3329 3330
l 3329 3382
l 3329 3381
l 3329 3392
l 3329 3331
l 3330 3331
l 3330 3392
l 3330 3382
l 3330 3391
l 3330 3332
l 3331 3332
l 3331 3391
l 3331 3392
l 3331 3436
l 3331 3393
l 3331 3382
l 3332 3436
l 3332 3393
l 3332 3391
l 3332 3394
l 3332 3392
l 3333 3433
l 3333 3419
l 3333 3334
l 3333 3418
l 3333 3335
l 3333 3434
l 3334 3335
l 3334 3402
l 3334 3419
l 3334 3336
l 3334 3401
l 3335 3336
l 3335 3401
l 3335 3400
l 3335 3402
l 3335 3470
l 3336 3400
l 3336 3470
l 3336 3401
l 3336 3371
l 3337 3351
l 3337 3338
l 3337 3340
l 3337 3339
l 3337 3353
l 3337 3352
l 3338 3341
l 3338 3339
l 3338 3342
l 3338 3340
l 3338 3351
l 3339 3340
l 3339 3342
l 3339 3365
l 3339 3341
l 3339 3366
l 3339 3352
l 3339 3398
l 3339 3351
l 3340 3352
l 3340 3351
l 3340 3398
l 3340 3365
l 3340 3354
l 3340 3353
l 3340 3399
l 3341 3343
l 3341 3342
l 3341 3359
l 3341 3344
l 3342 3344
l 3342 3366
l 3342 3343
l 3342 3365
l 3342 3367
l 3342 3346
l 3343 3345
l 3343 3344
l 3344 3346
l 3344 3367
l 3344 3345
l 3344 3366
l 3344 3368
l 3344 3360
l 3344 3361
l 3345 3347
l 3345 3346
l 3346 3348
l 3346 3347
l 3346 3368
l 3346 3367
l 3346 3349
l 3346 3350
l 3346 3362
l 3347 3349
l 3347 3348
l 3347 3358
l 3347 3363
l 3348 3350
l 3348 3349
l 3348 3357
l 3348 3369
l 3348 3364
l 3348 3368
l 3348 3358
l 3348 3370
l 3349 3358
l 3349 3350
l 3349 3357
l 3349 3363
l 3349 3364
l 3350 3357
l 3350 3364
l 3350 3370
l 3350 3420
l 3350 3369
l 3350 3358
l 3350 3441
l 3351 3353
l 3351 3352
l 3351 3354
l 3351 3355
l 3352 3354
l 3352 3399
l 3352 3353
l 3352 3398
l 3352 3356
l 3352 3407
l 3353 3355
l 3353 3354
l 3353 3356
l 3354 3356
l 3354 3407
l 3354 3355
l 3354 3399
l 3354 3438
l 3354 3398
l 3355 3359
l 3355 3356
l 3356 3360
l 3356 3359
l 3356 3438
l 3356 3407
l 3356 3399
l 3356 3439
l 3357 3364
l 3357 3358
l 3357 3420
l 3357 3441
l 3357 3362
l 3357 3363
l 3357 3370
l 3358 3363
l 3358 3364
l 3359 3361
l 3359 3360
l 3359 3362
l 3360 3362
l 3360 3361
l 3360 3439
l 3360 3438
l 3360 3364
l 3360 3363
l 3361 3363
l 3361 3362
l 3362 3364
l 3362 3363
l 3362 3440
l 3362 3439
l 3363 3364
l 3364 3440
l 3364 3441
l 3364 3420
l 3365 3398
l 3365 3366
l 3365 3402
l 3365 3401
l 3365 3399
l 3365 3403
l 3365 3367
l 3366 3367
l 3366 3401
l 3366 3400
l 3366 3402
l 3366 3398
l 3366 3368
l 3367 3368
l 3367 3400
l 3367 3401
l 3367 3369
l 3367 3371
l 3368 3369
l 3368 3371
l 3368 3400
l 3368 3370
l 3368 3372
l 3369 3370
l 3369 3420
l 3369 3372
l 3369 3441
l 3369 3373
l 3369 3371
l 3370 3420
l 3370 3441
l 3370 3373
l 3370 3421
l 3370 3372
l 3370 3442
l 3371 3372
l 3371 3470
l 3371 3400
l 3371 3380
l 3371 3373
l 3371 3375
l 3372 3373
l 3372 3421
l 3372 3375
l 3372 3380
l 3372 3442
l 3372 3374
l 3372 3443
l 3373 3421
l 3373 3442
l 3373 3374
l 3373 3422
l 3373 3375
l 3373 3420
l 3373 3446
l 3373 3443
l 3374 3422
l 3374 3375
l 3374 3446
l 3374 3378
l 3374 3423
l 3374 3377
l 3374 3421
l 3374 3447
l 3375 3380
l 3375 3422
l 3375 3377
l 3375 3381
l 3375 3378
l 3375 3446
l 3375 3421
l 3376 3385
l 3376 3379
l 3376 3377
l 3376 3382
l 3376 3386
l 3376 3392
l 3376 3378
l 3376 3424
l 3376 3384
l 3376 3425
l 3377 3378
l 3377 3381
l 3377 3382
l 3377 3423
l 3377 3379
l 3377 3453
l 3377 3424
l 3378 3423
l 3378 3379
l 3378 3453
l 3378 3424
l 3378 3422
l 3378 3454
l 3379 3424
l 3379 3386
l 3379 3425
l 3379 3385
l 3379 3423
l 3379 3454
l 3379 3458
l 3380 3381
l 3380 3470
l 3381 3382
l 3381 3392
l 3382 3392
l 3382 3391
l 3382 3385
l 3383 3426
l 3383 3386
l 3383 3384
l 3383 3387
l 3383 3425
l 3383 3385
l 3383 3427
l 3383 3460
l 3383 3388
l 3383 3458
l 3384 3385
l 3384 3388
l 3384 3386
l 3384 3391
l 3384 3393
l 3384 3387
l 3384 3392
l 3384 3426
l 3385 3386
l 3385 3392
l 3385 3391
l 3385 3425
l 3385 3424
l 3386 3425
l 3386 3426
l 3386 3424
l 3386 3458
l 3386 3460
l 3387 3427
l 3387 3388
l 3387 3426
l 3387 6810
l 3387 3390
l 3387 3459
l 3387 6831
l 3387 3389
l 3387 3428
l 3388 3393
l 3388 3389
l 3388 6810
l 3388 6811
l 3388 6812
l 3388 3394
l 3388 3427
l 3389 6806
l 3389 3390
l 3389 6805
l 3389 6811
l 3389 6810
l 3389 3395
l 3389 3394
l 3389 3428
l 3390 6805
l 3390 3428
l 3390 6809
l 3390 3461
l 3390 3427
l 3390 6806
l 3390 3459
l 3390 3397
l 3391 3392
l 3391 3393
l 3391 3394
l 3392 3393
l 3393 3394
l 3393 3436
l 3394 3396
l 3394 3436
l 3394 6819
l 3394 6818
l 3394 6806
l 3394 3437
l 3394 6811
l 3395 6806
l 3395 3397
l 3395 6803
l 3395 3415
l 3395 6804
l 3395 3396
l 3395 3414
l 3395 6805
l 3396 3417
l 3396 6819
l 3396 3437
l 3396 3435
l 3396 3415
l 3396 6806
l 3396 3436
l 3396 3416
l 3397 6804
l 3397 3429
l 3397 6808
l 3397 3414
l 3397 6803
l 3397 3462
l 3397 3430
l 3397 6805
l 3397 3428
l 3398 3399
l 3398 3407
l 3398 3403
l 3398 3404
l 3398 3402
l 3399 3407
l 3399 3404
l 3399 3438
l 3399 3403
l 3399 3408
l 3400 3401
l 3400 3470
l 3400 3402
l 3401 3402
l 3401 3403
l 3402 3403
l 3402 3419
l 3403 3404
l 3403 3405
l 3403 3408
l 3403 3406
l 3403 3419
l 3403 6737
l 3403 3407
l 3404 3408
l 3404 3445
l 3404 3406
l 3404 6737
l 3404 3405
l 3404 6751
l 3404 3409
l 3404 3407
l 3405 3406
l 3405 3419
l 3405 3410
l 3405 3409
l 3405 6738
l 3405 3411
l 3405 3418
l 3405 6752
l 3406 3409
l 3406 6752
l 3406 3411
l 3406 6738
l 3406 3449
l 3406 6751
l 3406 3410
l 3406 3431
l 3407 3438
l 3407 3408
l 3407 3439
l 3407 3445
l 3408 3445
l 3408 3409
l 3408 6751
l 3408 3438
l 3408 3449
l 3408 3444
l 3409 3449
l 3409 6752
l 3409 3431
l 3409 3411
l 3409 6751
l 3409 3445
l 3409 3448
l 3410 3411
l 3410 3412
l 3410 6798
l 3410 3418
l 3410 3413
l 3410 3431
l 3410 6738
l 3410 6765
l 3411 3431
l 3411 6798
l 3411 3413
l 3411 6752
l 3411 6799
l 3411 3412
l 3411 3450
l 3411 3432
l 3412 3413
l 3412 3415
l 3412 6798
l 3412 3416
l 3412 6803
l 3412 3414
l 3412 6799
l 3412 3432
l 3413 6799
l 3413 3432
l 3413 6798
l 3413 3414
l 3413 3431
l 3413 3430
l 3413 3415
l 3413 3457
l 3414 6804
l 3414 3430
l 3414 6803
l 3414 3415
l 3414 3432
l 3414 3429
l 3414 3463
l 3414 6799
l 3415 6803
l 3415 3417
l 3415 6804
l 3415 3416
l 3415 3430
l 3416 3417
l 3416 3418
l 3416 3434
l 3416 3433
l 3416 3435
l 3416 6802
l 3417 3435
l 3417 3434
l 3417 3437
l 3417 6803
l 3417 6802
l 3418 3433
l 3418 3419
l 3418 3434
l 3419 3433
l 3420 3441
l 3420 3421
l 3420 3442
l 3420 3440
l 3421 3442
l 3421 3443
l 3421 3422
l 3421 3446
l 3421 3441
l 3422 3446
l 3422 3447
l 3422 3423
l 3422 3453
l 3422 3442
l 3423 3453
l 3423 3424
l 3423 3454
l 3423 3452
l 3423 3446
l 3424 3454
l 3424 3425
l 3424 3458
l 3424 3466
l 3424 3453
l 3424 3460
l 3424 3455
l 3425 3458
l 3425 3426
l 3425 3460
l 3425 3454
l 3425 3467
l 3425 3466
l 3426 3460
l 3426 3427
l 3426 3459
l 3426 3458
l 3426 3469
l 3426 3467
l 3427 3459
l 3427 3469
l 3427 3460
l 3427 3428
l 3427 3461
l 3427 3468
l 3427 3467
l 3428 3461
l 3428 3468
l 3428 3459
l 3428 3469
l 3428 6805
l 3428 6809
l 3428 3462
l 3428 3429
l 3429 3462
l 3429 6804
l 3429 6808
l 3429 3463
l 3429 3430
l 3429 3461
l 3429 3464
l 3429 3468
l 3430 3463
l 3430 3457
l 3430 3432
l 3430 6804
l 3430 3462
l 3430 6807
l 3430 3465
l 3431 3450
l 3431 3432
l 3431 6752
l 3431 6799
l 3431 3449
l 3431 3457
l 3431 6798
l 3432 3457
l 3432 6799
l 3432 6807
l 3432 3450
l 3432 3463
l 3432 3456
l 3433 3434
l 3433 3435
l 3434 3435
l 3434 3437
l 3435 3437
l 3435 3436
l 3436 3437
l 3436 6734
l 3437 6734
l 3438 3439
l 3438 3445
l 3438 3440
l 3439 3440
l 3439 3444
l 3439 3445
l 3439 3441
l 3439 3443
l 3440 3441
l 3440 3443
l 3440 3444
l 3440 3442
l 3441 3442
l 3441 3443
l 3442 3443
l 3442 3446
l 3442 3447
l 3442 3444
l 3443 3444
l 3443 3447
l 3443 3448
l 3443 3446
l 3444 3445
l 3444 3448
l 3444 3449
l 3444 3447
l 3445 3449
l 3445 6751
l 3445 3448
l 3446 3447
l 3446 3453
l 3446 3452
l 3446 3448
l 3447 3448
l 3447 3452
l 3447 3451
l 3447 3453
l 3447 3449
l 3448 3449
l 3448 3451
l 3448 3450
l 3448 3452
l 3449 3450
l 3449 6752
l 3450 3451
l 3450 3457
l 3450 6799
l 3450 3456
l 3451 3452
l 3451 3456
l 3451 3457
l 3451 3455
l 3451 3463
l 3451 3465
l 3452 3453
l 3452 3455
l 3452 3456
l 3452 3454
l 3452 3466
l 3453 3454
l 3453 3455
l 3454 3458
l 3454 3455
l 3454 3466
l 3454 3467
l 3454 3460
l 3455 3466
l 3455 3456
l 3455 3465
l 3455 3458
l 3455 3467
l 3455 3464
l 3455 3469
l 3456 3465
l 3456 3457
l 3456 3463
l 3456 3466
l 3456 3464
l 3456 3462
l 3457 3463
l 3457 3465
l 3457 6799
l 3458 3460
l 3458 3466
l 3458 3467
l 3458 3469
l 3458 3459
l 3459 3469
l 3459 3468
l 3459 3460
l 3459 3461
l 3459 3467
l 3459 3464
l 3459 3466
l 3460 3467
l 3460 3469
l 3460 3466
l 3460 3468
l 3460 3464
l 3461 3468
l 3461 3469
l 3461 3464
l 3461 3462
l 3461 3467
l 3462 3464
l 3462 3468
l 3462 3465
l 3462 3463
l 3462 3469
l 3462 3467
l 3463 3465
l 3463 3464
l 3463 3468
l 3464 3468
l 3464 3465
l 3464 3469
l 3464 3467
l 3464 3466
l 3465 3466
l 3465 3468
l 3465 3467
l 3465 3469
l 3466 3467
l 3466 3469
l 3466 3468
l 3467 3469
l 3467 3468
l 3468 3469
l 3471 4703
l 3471 4316
l 3471 4704
l 3472 4702
l 3472 5223
l 3472 4701
l 3473 3474
l 3473 3475
l 3474 3475
l 3476 3480
l 3477 3479
l 3477 3478
l 3478 3479
l 3482 4369
l 3482 4370
l 3482 6562
l 3483 4216
l 3483 4215
l 3485 4327
l 3485 4730
l 3485 4330
l 3486 3487
l 3486 3495
l 3486 3494
l 3487 3495
l 3487 3494
l 3487 3488
l 3487 3492
l 3488 3492
l 3488 3495
l 3488 3494
l 3488 3489
l 3489 3490
l 3489 3492
l 3490 3491
l 3492 3494
l 3492 3495
l 3493 3494
l 3494 3495
l 3496 6502
l 3496 3497
l 3496 6501
l 3496 6275
l 3497 6501
l 3497 3498
l 3497 6500
l 3497 6502
l 3497 4418
l 3498 6500
l 3498 3499
l 3498 6504
l 3498 6501
l 3499 6504
l 3499 3507
l 3499 6499
l 3499 6500
l 3499 6317
l 3500 6495
l 3500 6496
l 3500 5368
l 3500 3588
l 3501 3504
l 3501 3502
l 3501 3508
l 3501 3505
l 3501 5235
l 3501 4814
l 3502 3505
l 3502 3504
l 3502 3508
l 3502 5235
l 3502 3510
l 3503 6474
l 3503 6473
l 3503 6374
l 3504 3508
l 3504 5235
l 3504 4814
l 3504 4813
l 3504 3505
l 3505 3510
l 3505 5235
l 3506 6476
l 3506 4240
l 3506 4257
l 3506 6312
l 3507 6499
l 3507 6333
l 3507 6504
l 3507 4739
l 3508 5235
l 3508 4814
l 3508 4813
l 3509 6477
l 3509 6467
l 3509 4239
l 3509 6411
l 3510 5235
l 3511 4350
l 3511 4816
l 3511 4351
l 3512 4688
l 3512 6310
l 3512 4806
l 3513 3514
l 3513 3647
l 3513 3515
l 3513 3516
l 3513 3646
l 3513 3645
l 3513 3517
l 3513 3520
l 3513 3746
l 3513 3648
l 3514 3519
l 3514 3515
l 3514 3520
l 3514 3648
l 3514 3646
l 3514 3649
l 3514 3701
l 3514 3706
l 3514 3516
l 3515 3517
l 3515 3701
l 3515 3520
l 3515 3516
l 3515 3704
l 3515 3702
l 3515 3617
l 3515 3703
l 3516 3518
l 3516 3746
l 3516 3517
l 3516 3647
l 3516 3617
l 3516 3618
l 3516 3747
l 3516 3701
l 3517 3617
l 3517 3704
l 3517 3701
l 3517 3518
l 3517 3622
l 3517 3621
l 3517 3618
l 3517 3856
l 3518 3618
l 3518 3617
l 3518 3747
l 3518 3635
l 3518 3621
l 3518 3843
l 3518 3746
l 3518 3636
l 3519 3520
l 3519 3705
l 3519 3706
l 3519 3649
l 3519 3648
l 3519 3702
l 3519 3773
l 3519 3670
l 3520 3702
l 3520 3701
l 3520 3706
l 3520 3703
l 3520 3759
l 3520 3863
l 3520 3704
l 3521 3774
l 3521 3522
l 3521 3624
l 3521 3777
l 3521 3524
l 3521 3523
l 3521 3623
l 3521 3776
l 3521 3864
l 3521 3625
l 3522 3624
l 3522 3623
l 3522 3759
l 3522 3523
l 3522 3670
l 3522 3777
l 3522 3625
l 3522 3863
l 3522 3626
l 3523 3670
l 3523 3669
l 3523 3524
l 3523 3668
l 3523 3759
l 3523 3624
l 3523 3623
l 3523 3774
l 3524 3778
l 3524 3774
l 3524 3758
l 3524 3669
l 3524 3777
l 3524 3624
l 3524 3779
l 3525 3778
l 3525 3528
l 3525 3526
l 3525 3775
l 3525 3527
l 3525 3774
l 3525 3779
l 3525 3749
l 3525 3757
l 3526 3779
l 3526 3527
l 3526 3667
l 3526 3650
l 3526 3778
l 3526 3528
l 3526 3780
l 3526 3758
l 3526 3653
l 3527 3650
l 3527 3652
l 3527 3528
l 3527 3651
l 3527 3757
l 3527 3653
l 3527 3562
l 3527 3667
l 3528 3757
l 3528 3652
l 3528 3749
l 3528 3775
l 3528 3750
l 3528 3756
l 3528 3562
l 3529 3530
l 3529 3540
l 3529 3539
l 3529 3537
l 3529 3532
l 3529 3531
l 3529 3545
l 3529 3548
l 3529 3740
l 3529 3538
l 3530 3845
l 3530 3740
l 3530 3531
l 3530 3540
l 3530 3848
l 3530 3861
l 3530 3539
l 3530 3532
l 3530 3846
l 3531 3532
l 3531 3848
l 3531 3751
l 3531 3752
l 3531 3845
l 3531 3556
l 3531 3847
l 3531 3540
l 3532 3538
l 3532 3556
l 3532 3537
l 3532 3751
l 3532 3555
l 3532 3545
l 3532 3539
l 3533 3549
l 3533 3536
l 3533 3534
l 3533 3540
l 3533 3740
l 3533 3539
l 3533 3535
l 3533 3550
l 3533 3858
l 3533 3544
l 3534 3550
l 3534 3535
l 3534 3839
l 3534 3549
l 3534 3910
l 3534 3536
l 3534 3551
l 3534 3543
l 3535 3854
l 3535 3910
l 3535 3536
l 3535 3858
l 3535 3839
l 3535 3855
l 3535 3853
l 3535 3859
l 3536 3858
l 3536 3740
l 3536 3861
l 3536 3854
l 3536 3859
l 3536 3540
l 3536 3860
l 3537 3545
l 3537 3548
l 3537 3539
l 3537 3557
l 3537 3546
l 3537 3538
l 3537 3547
l 3537 3540
l 3538 3555
l 3538 3790
l 3538 3608
l 3538 3557
l 3538 3545
l 3538 3556
l 3538 3546
l 3539 3548
l 3539 3540
l 3539 3545
l 3539 3549
l 3539 3544
l 3539 3547
l 3539 3546
l 3540 3740
l 3540 3549
l 3540 3548
l 3540 3861
l 3541 3829
l 3541 3547
l 3541 3799
l 3541 3828
l 3541 3542
l 3541 3544
l 3541 3832
l 3541 3838
l 3541 3802
l 3541 3800
l 3542 3832
l 3542 3838
l 3542 3837
l 3542 3830
l 3542 3829
l 3542 3802
l 3542 3799
l 3542 3543
l 3542 3925
l 3543 3550
l 3543 3544
l 3543 3552
l 3543 3832
l 3543 3838
l 3543 3829
l 3543 3837
l 3543 3830
l 3544 3548
l 3544 3549
l 3544 3547
l 3544 3829
l 3544 3799
l 3544 3828
l 3545 3548
l 3545 3547
l 3545 3546
l 3545 3557
l 3545 3825
l 3545 3828
l 3545 3800
l 3545 3836
l 3546 3825
l 3546 3547
l 3546 3557
l 3546 3828
l 3546 3800
l 3546 3836
l 3546 3827
l 3546 3826
l 3546 3835
l 3547 3828
l 3547 3800
l 3547 3825
l 3547 3548
l 3547 3829
l 3547 3836
l 3547 3799
l 3548 3549
l 3548 3828
l 3548 3800
l 3549 3550
l 3550 3551
l 3550 3839
l 3550 3552
l 3551 3839
l 3551 3552
l 3552 3831
l 3552 3830
l 3552 3837
l 3552 3832
l 3553 3554
l 3553 3756
l 3553 3750
l 3553 3556
l 3553 3610
l 3553 3555
l 3553 3596
l 3553 3751
l 3553 3597
l 3553 3757
l 3554 3596
l 3554 3610
l 3554 3597
l 3554 3555
l 3554 3595
l 3554 3598
l 3554 3556
l 3554 3608
l 3554 3609
l 3555 3608
l 3555 3556
l 3555 3596
l 3555 3594
l 3555 3595
l 3555 3790
l 3556 3751
l 3556 3608
l 3556 3596
l 3556 3750
l 3557 3789
l 3557 3825
l 3557 3790
l 3557 3826
l 3557 3788
l 3557 3827
l 3558 3577
l 3558 3561
l 3558 3926
l 3558 3593
l 3558 3559
l 3558 3576
l 3558 3578
l 3558 3594
l 3558 3560
l 3558 3950
l 3559 3560
l 3559 3926
l 3559 3804
l 3559 3805
l 3559 3914
l 3559 3561
l 3559 3788
l 3559 3807
l 3559 3590
l 3560 3788
l 3560 3914
l 3560 3804
l 3560 3913
l 3560 3561
l 3560 3926
l 3560 3789
l 3560 3915
l 3561 3790
l 3561 3594
l 3561 3577
l 3561 3593
l 3561 3788
l 3561 3608
l 3561 3926
l 3562 3565
l 3562 3563
l 3562 3756
l 3562 3564
l 3562 3652
l 3562 3757
l 3562 3610
l 3562 3611
l 3562 3609
l 3562 3566
l 3563 3567
l 3563 3564
l 3563 3566
l 3563 3651
l 3563 3565
l 3563 3652
l 3563 3654
l 3563 3571
l 3563 3611
l 3564 3566
l 3564 3565
l 3564 3611
l 3564 3612
l 3564 3609
l 3564 3570
l 3564 3601
l 3564 3610
l 3565 3609
l 3565 3610
l 3565 3611
l 3565 3756
l 3565 3597
l 3565 3600
l 3565 3601
l 3565 3612
l 3566 3570
l 3566 3612
l 3566 3611
l 3566 3567
l 3566 3614
l 3566 3571
l 3566 3609
l 3567 3571
l 3567 3654
l 3567 3570
l 3567 3656
l 3567 3651
l 3567 3568
l 3568 3571
l 3568 3615
l 3568 3569
l 3568 3570
l 3568 3796
l 3568 3655
l 3568 3573
l 3568 3614
l 3569 3570
l 3569 3573
l 3569 3614
l 3569 3613
l 3569 3615
l 3569 3612
l 3569 3572
l 3569 3605
l 3570 3614
l 3570 3612
l 3570 3571
l 3570 3611
l 3570 3613
l 3571 3656
l 3571 3655
l 3571 3654
l 3572 3575
l 3572 3792
l 3572 3613
l 3572 3606
l 3572 3793
l 3572 3573
l 3572 3912
l 3572 3574
l 3572 3607
l 3572 3605
l 3573 3574
l 3573 3613
l 3573 3615
l 3573 3616
l 3573 3614
l 3573 3575
l 3573 3911
l 3574 3911
l 3574 3575
l 3574 3616
l 3574 3912
l 3574 6494
l 3574 3613
l 3575 3912
l 3575 3793
l 3575 3792
l 3575 5367
l 3575 3606
l 3575 3791
l 3576 3587
l 3576 3577
l 3576 3579
l 3576 3578
l 3576 3586
l 3576 3950
l 3576 3949
l 3576 3604
l 3576 3593
l 3576 3803
l 3577 3578
l 3577 3593
l 3577 3587
l 3577 3950
l 3577 3926
l 3577 3579
l 3577 3949
l 3578 3579
l 3578 3593
l 3578 3803
l 3578 3584
l 3578 3592
l 3578 3586
l 3578 3587
l 3578 3581
l 3578 3842
l 3579 3586
l 3579 3803
l 3579 3584
l 3579 3587
l 3579 3585
l 3579 3842
l 3579 3581
l 3579 3603
l 3580 3842
l 3580 3585
l 3580 3581
l 3580 3584
l 3580 3599
l 3580 3583
l 3580 3582
l 3580 3803
l 3580 3603
l 3580 3592
l 3581 3842
l 3581 3585
l 3581 3584
l 3581 3582
l 3581 3803
l 3581 3583
l 3581 3592
l 3581 3599
l 3581 3586
l 3582 3583
l 3582 3592
l 3582 3598
l 3582 3842
l 3582 3595
l 3582 3585
l 3582 3803
l 3582 3584
l 3583 3599
l 3583 3600
l 3583 3842
l 3583 3598
l 3583 3585
l 3583 3584
l 3583 3601
l 3584 3842
l 3584 3585
l 3584 3803
l 3584 3586
l 3584 3592
l 3584 3599
l 3584 3603
l 3585 3842
l 3585 3599
l 3585 3586
l 3585 3803
l 3585 3603
l 3586 3603
l 3586 3803
l 3586 3842
l 3586 3604
l 3587 3604
l 3587 3607
l 3587 3803
l 3587 3603
l 3588 6495
l 3588 3591
l 3588 3589
l 3588 6496
l 3588 5368
l 3588 3794
l 3588 3590
l 3588 3806
l 3589 6496
l 3589 3590
l 3589 3806
l 3589 3805
l 3589 3937
l 3589 6495
l 3589 3591
l 3590 3950
l 3590 3591
l 3590 3805
l 3590 3926
l 3590 3806
l 3590 6496
l 3590 3949
l 3590 3937
l 3591 3791
l 3591 3949
l 3591 3950
l 3591 3794
l 3591 3926
l 3591 6495
l 3591 5368
l 3592 3803
l 3592 3595
l 3592 3842
l 3592 3593
l 3593 3594
l 3593 3803
l 3593 3595
l 3594 3608
l 3594 3595
l 3594 3803
l 3594 3596
l 3595 3598
l 3595 3596
l 3595 3803
l 3596 3597
l 3596 3598
l 3596 3608
l 3597 3598
l 3597 3609
l 3597 3600
l 3597 3610
l 3597 3601
l 3598 3600
l 3598 3599
l 3599 3842
l 3599 3603
l 3599 3601
l 3599 3602
l 3600 3601
l 3600 3609
l 3600 3842
l 3601 3602
l 3601 3609
l 3601 3611
l 3602 3603
l 3602 3605
l 3602 3612
l 3602 3842
l 3603 3842
l 3603 3604
l 3603 3605
l 3604 3605
l 3604 3606
l 3604 3607
l 3605 3606
l 3605 3614
l 3605 3613
l 3606 3607
l 3606 3792
l 3606 3613
l 3606 3949
l 3606 3791
l 3607 3949
l 3607 3791
l 3607 3792
l 3607 3950
l 3608 3790
l 3609 3611
l 3609 3610
l 3610 3756
l 3610 3611
l 3611 3612
l 3612 3614
l 3613 3614
l 3613 3792
l 3615 3616
l 3615 3796
l 3615 3795
l 3615 6494
l 3616 6494
l 3616 3795
l 3616 6493
l 3616 3911
l 3617 3621
l 3617 3622
l 3617 3620
l 3617 3704
l 3617 3619
l 3617 3618
l 3617 6242
l 3617 6241
l 3617 3635
l 3618 3635
l 3618 3636
l 3618 3621
l 3618 6247
l 3618 3843
l 3618 3638
l 3618 3620
l 3618 3637
l 3619 6241
l 3619 3622
l 3619 6256
l 3619 6276
l 3619 3857
l 3619 6279
l 3619 6242
l 3619 3620
l 3619 3621
l 3619 6278
l 3620 6242
l 3620 3621
l 3620 6269
l 3620 6241
l 3620 6247
l 3620 6276
l 3620 3636
l 3620 6263
l 3620 6262
l 3621 6242
l 3621 3622
l 3621 6241
l 3621 6269
l 3621 6247
l 3621 3635
l 3621 3636
l 3622 3857
l 3622 6241
l 3622 6256
l 3622 3856
l 3622 3704
l 3622 6279
l 3622 6276
l 3622 6255
l 3623 3625
l 3623 3624
l 3623 3863
l 3623 3626
l 3623 3759
l 3623 3864
l 3623 3947
l 3623 3755
l 3623 3753
l 3624 3777
l 3624 3625
l 3624 3864
l 3624 3626
l 3624 3630
l 3624 3776
l 3624 3863
l 3625 3626
l 3625 3864
l 3625 3947
l 3625 3946
l 3625 3753
l 3625 3863
l 3625 3755
l 3625 3630
l 3626 3947
l 3626 3753
l 3626 3755
l 3626 3863
l 3626 3946
l 3626 6254
l 3626 6259
l 3626 3754
l 3627 3630
l 3627 3632
l 3627 3628
l 3627 3629
l 3627 3862
l 3627 3631
l 3627 6244
l 3627 3864
l 3627 6243
l 3627 3946
l 3628 6243
l 3628 6244
l 3628 3629
l 3628 3631
l 3628 6267
l 3628 6246
l 3628 6278
l 3628 6262
l 3628 6258
l 3628 6276
l 3629 6244
l 3629 6258
l 3629 3946
l 3629 6277
l 3629 6278
l 3629 6259
l 3629 6273
l 3629 6280
l 3629 6243
l 3630 3864
l 3630 3946
l 3630 3947
l 3630 6258
l 3630 6259
l 3630 6244
l 3631 6246
l 3631 3634
l 3631 6243
l 3631 6262
l 3631 6245
l 3631 6267
l 3631 3633
l 3631 3632
l 3631 6261
l 3632 3633
l 3632 3847
l 3632 3862
l 3632 3634
l 3632 6246
l 3632 6243
l 3633 3634
l 3633 3931
l 3633 3846
l 3633 3847
l 3633 3932
l 3633 6245
l 3633 6246
l 3633 6257
l 3634 6245
l 3634 3932
l 3634 6246
l 3634 6261
l 3634 6257
l 3634 3931
l 3634 6268
l 3634 6262
l 3635 3636
l 3635 6247
l 3635 6248
l 3635 3637
l 3635 3638
l 3635 6263
l 3635 6242
l 3636 6247
l 3636 6263
l 3636 6248
l 3636 6264
l 3636 6242
l 3636 3637
l 3636 6261
l 3636 6269
l 3637 6248
l 3637 3638
l 3637 6264
l 3637 6260
l 3637 6270
l 3637 3948
l 3637 6266
l 3637 6268
l 3638 6248
l 3638 3843
l 3638 3948
l 3638 6260
l 3638 3917
l 3638 6270
l 3638 6264
l 3639 6250
l 3639 3643
l 3639 3642
l 3639 6251
l 3639 3640
l 3639 6249
l 3639 3644
l 3639 6252
l 3639 3743
l 3639 3641
l 3640 3644
l 3640 3641
l 3640 3642
l 3640 6250
l 3640 3643
l 3640 6251
l 3640 3852
l 3640 3853
l 3640 6249
l 3641 3642
l 3641 3917
l 3641 3850
l 3641 6250
l 3641 6249
l 3641 3948
l 3641 3643
l 3641 6251
l 3642 6250
l 3642 6249
l 3642 6251
l 3642 3643
l 3642 3948
l 3642 6271
l 3642 6252
l 3643 6251
l 3643 6250
l 3643 3644
l 3643 3743
l 3643 6252
l 3643 3742
l 3643 6249
l 3644 6251
l 3644 6250
l 3644 3742
l 3644 3743
l 3644 6252
l 3644 3853
l 3645 3771
l 3645 3646
l 3645 3647
l 3645 3678
l 3645 3761
l 3645 3677
l 3645 3772
l 3645 3648
l 3646 3648
l 3646 3677
l 3646 3678
l 3646 3674
l 3646 3647
l 3647 3772
l 3647 3746
l 3647 3771
l 3647 3745
l 3648 3649
l 3648 3674
l 3648 3673
l 3648 3677
l 3648 3705
l 3649 3673
l 3649 3773
l 3649 3705
l 3649 3707
l 3649 3674
l 3649 3706
l 3650 3653
l 3650 3651
l 3650 3667
l 3650 3654
l 3650 3652
l 3650 3657
l 3650 3659
l 3651 3652
l 3651 3654
l 3651 3653
l 3651 3656
l 3651 3757
l 3652 3757
l 3652 3756
l 3653 3659
l 3653 3654
l 3653 3657
l 3653 3667
l 3653 3656
l 3653 3658
l 3654 3656
l 3654 3659
l 3654 3655
l 3655 3656
l 3655 3796
l 3655 3817
l 3655 3818
l 3655 3808
l 3656 3659
l 3656 3808
l 3657 3658
l 3657 3667
l 3657 3781
l 3657 3660
l 3657 3659
l 3657 3780
l 3657 3662
l 3658 3662
l 3658 3660
l 3658 3659
l 3658 3781
l 3658 3667
l 3658 3661
l 3658 3688
l 3659 3808
l 3659 3809
l 3659 3662
l 3660 3781
l 3660 3661
l 3660 3870
l 3660 3887
l 3660 3869
l 3660 3685
l 3660 3906
l 3660 3867
l 3661 3685
l 3661 3869
l 3661 3870
l 3661 3686
l 3661 3781
l 3661 3887
l 3661 3888
l 3661 3867
l 3661 3868
l 3662 3688
l 3662 3687
l 3662 3686
l 3662 3811
l 3662 3664
l 3663 3666
l 3663 3809
l 3663 3935
l 3663 3798
l 3663 3818
l 3663 3665
l 3663 3808
l 3663 3664
l 3663 3728
l 3663 3817
l 3664 3665
l 3664 3688
l 3664 3811
l 3664 3810
l 3664 3809
l 3664 3936
l 3664 3666
l 3664 3944
l 3664 3808
l 3665 3936
l 3665 4763
l 3665 3810
l 3665 3666
l 3665 3944
l 3665 3935
l 3665 3809
l 3665 4762
l 3666 3935
l 3666 3728
l 3666 3798
l 3666 4800
l 3666 3809
l 3666 3729
l 3666 3818
l 3666 3936
l 3667 3780
l 3667 3779
l 3667 3781
l 3668 3670
l 3668 3669
l 3668 3705
l 3668 3882
l 3668 3773
l 3668 3706
l 3668 3759
l 3668 3895
l 3669 3895
l 3669 3758
l 3669 3882
l 3669 3670
l 3669 3778
l 3670 3706
l 3670 3759
l 3670 3705
l 3670 3702
l 3670 3863
l 3671 3672
l 3671 3674
l 3671 3676
l 3671 3680
l 3671 3679
l 3671 3673
l 3671 3677
l 3671 3683
l 3671 3708
l 3671 3710
l 3672 3708
l 3672 3673
l 3672 3679
l 3672 3710
l 3672 3707
l 3672 3674
l 3672 3680
l 3672 3880
l 3672 3881
l 3673 3707
l 3673 3674
l 3673 3708
l 3673 3773
l 3673 3883
l 3674 3677
l 3674 3676
l 3674 3707
l 3675 3676
l 3675 3760
l 3675 3678
l 3675 3690
l 3675 3677
l 3675 3683
l 3675 3762
l 3675 3761
l 3676 3677
l 3676 3683
l 3676 3680
l 3676 3678
l 3676 3690
l 3676 3760
l 3677 3678
l 3678 3761
l 3678 3760
l 3678 3771
l 3679 3710
l 3679 3682
l 3679 3709
l 3679 3680
l 3679 3708
l 3679 3881
l 3679 3681
l 3679 5241
l 3680 3683
l 3680 3681
l 3680 3682
l 3680 3684
l 3680 3710
l 3680 3709
l 3681 3682
l 3681 3782
l 3681 3783
l 3681 3684
l 3681 3786
l 3681 3709
l 3681 3785
l 3681 3683
l 3682 3709
l 3682 3783
l 3682 3786
l 3682 3710
l 3682 5241
l 3682 5234
l 3682 3693
l 3683 3690
l 3683 3684
l 3683 3689
l 3684 3689
l 3684 3785
l 3684 3782
l 3684 3784
l 3684 3690
l 3684 3783
l 3685 3869
l 3685 3713
l 3685 3888
l 3685 3870
l 3685 3716
l 3685 3686
l 3685 3868
l 3685 3867
l 3686 3716
l 3686 3687
l 3686 3812
l 3686 3715
l 3686 3736
l 3687 3811
l 3687 3812
l 3687 3719
l 3687 3688
l 3687 3810
l 3687 3722
l 3687 3716
l 3688 3811
l 3688 3809
l 3688 3808
l 3688 3810
l 3689 3763
l 3689 3784
l 3689 3690
l 3689 3785
l 3689 3787
l 3689 3762
l 3689 3782
l 3690 3762
l 3690 3763
l 3690 3760
l 3691 3692
l 3691 3694
l 3691 3890
l 3691 3695
l 3691 3693
l 3691 3889
l 3691 3891
l 3691 3711
l 3691 3696
l 3691 3712
l 3692 3711
l 3692 3712
l 3692 3891
l 3692 3693
l 3692 3892
l 3692 3890
l 3692 5233
l 3692 5232
l 3692 5234
l 3693 3786
l 3693 3783
l 3693 3712
l 3693 5234
l 3693 3694
l 3693 3711
l 3693 3709
l 3693 5232
l 3694 3782
l 3694 3696
l 3694 3783
l 3694 3695
l 3694 3785
l 3694 3786
l 3694 3712
l 3695 3767
l 3695 3696
l 3695 3889
l 3695 3893
l 3695 3764
l 3695 3890
l 3695 3894
l 3696 3764
l 3696 3785
l 3696 3782
l 3696 3767
l 3696 3784
l 3696 3765
l 3697 3733
l 3697 3698
l 3697 3897
l 3697 3899
l 3697 3700
l 3697 3699
l 3697 3734
l 3697 3714
l 3697 3739
l 3697 3900
l 3698 3768
l 3698 3898
l 3698 3897
l 3698 3739
l 3698 3699
l 3698 3903
l 3698 3733
l 3698 3700
l 3698 3918
l 3699 3739
l 3699 3700
l 3699 3738
l 3699 3717
l 3699 3918
l 3699 3714
l 3699 3816
l 3699 3718
l 3700 3714
l 3700 3717
l 3700 3733
l 3700 3718
l 3700 3739
l 3700 3738
l 3700 3715
l 3701 3704
l 3701 3703
l 3701 3702
l 3701 3856
l 3701 3755
l 3701 3863
l 3702 3703
l 3702 3863
l 3702 3759
l 3702 3706
l 3702 3755
l 3702 3704
l 3703 3755
l 3703 3856
l 3703 3863
l 3703 3704
l 3703 3754
l 3703 3753
l 3703 6255
l 3704 3856
l 3704 3857
l 3704 3754
l 3704 6256
l 3704 6255
l 3705 3706
l 3705 3773
l 3705 3759
l 3706 3759
l 3706 3863
l 3707 3708
l 3707 3773
l 3707 3883
l 3707 3880
l 3707 3882
l 3707 3881
l 3707 3710
l 3708 3710
l 3708 3880
l 3708 3881
l 3708 3883
l 3708 5241
l 3708 3879
l 3709 5241
l 3709 3786
l 3709 3710
l 3709 5234
l 3709 3881
l 3709 3783
l 3709 3873
l 3709 3874
l 3710 3881
l 3710 5241
l 3710 3880
l 3710 3873
l 3710 3878
l 3711 5233
l 3711 3712
l 3711 5232
l 3711 3892
l 3711 5242
l 3711 3975
l 3711 3891
l 3711 3971
l 3711 4013
l 3712 5234
l 3712 5232
l 3712 3874
l 3712 3786
l 3712 5233
l 3712 3971
l 3712 3969
l 3713 3888
l 3713 3714
l 3713 3865
l 3713 3869
l 3713 3868
l 3713 3734
l 3713 3716
l 3713 4015
l 3713 3715
l 3714 3733
l 3714 3715
l 3714 3718
l 3714 3734
l 3714 3865
l 3714 3888
l 3715 3718
l 3715 3716
l 3715 3736
l 3715 3737
l 3715 3717
l 3715 3812
l 3716 3812
l 3716 3736
l 3716 3718
l 3717 3738
l 3717 3718
l 3717 3816
l 3717 3813
l 3717 3814
l 3717 3737
l 3717 3815
l 3718 3738
l 3718 3737
l 3718 3813
l 3718 3736
l 3719 3722
l 3719 3720
l 3719 3812
l 3719 3811
l 3719 3721
l 3719 3810
l 3719 3731
l 3719 3736
l 3719 3732
l 3720 3721
l 3720 3724
l 3720 3736
l 3720 3812
l 3720 3723
l 3720 3722
l 3720 3737
l 3720 3732
l 3720 3725
l 3721 3732
l 3721 3723
l 3721 3722
l 3721 3724
l 3721 3731
l 3721 3735
l 3721 4793
l 3721 4794
l 3722 3731
l 3722 3810
l 3722 3811
l 3722 4794
l 3722 3732
l 3722 3944
l 3722 4306
l 3723 3735
l 3723 3726
l 3723 3724
l 3723 3732
l 3723 3725
l 3723 3921
l 3723 4313
l 3723 3770
l 3724 3725
l 3724 3737
l 3724 3736
l 3724 3726
l 3724 3813
l 3724 3769
l 3724 3735
l 3725 3769
l 3725 3726
l 3725 3770
l 3725 3919
l 3725 3813
l 3725 3737
l 3725 3814
l 3725 3920
l 3726 3770
l 3726 3921
l 3726 3735
l 3726 3922
l 3726 3769
l 3726 3920
l 3726 4314
l 3727 3797
l 3727 3730
l 3727 3943
l 3727 3840
l 3727 3819
l 3727 3841
l 3727 3728
l 3727 3729
l 3727 3951
l 3727 4808
l 3728 3798
l 3728 3729
l 3728 3797
l 3728 3818
l 3728 3819
l 3728 3730
l 3728 4801
l 3728 3817
l 3729 4801
l 3729 3730
l 3729 3798
l 3729 3797
l 3729 3935
l 3729 4062
l 3729 4789
l 3730 4062
l 3730 3943
l 3730 4808
l 3730 3797
l 3730 3840
l 3730 3841
l 3730 4801
l 3731 4794
l 3731 4306
l 3731 3732
l 3731 3944
l 3731 3810
l 3731 4793
l 3731 4762
l 3731 4307
l 3732 4793
l 3732 3735
l 3732 4292
l 3732 4794
l 3732 4313
l 3732 4306
l 3733 3734
l 3733 3899
l 3733 3900
l 3733 3866
l 3733 3865
l 3733 3897
l 3733 5243
l 3734 3866
l 3734 3865
l 3734 3900
l 3734 3983
l 3734 4007
l 3734 4008
l 3734 3981
l 3734 5243
l 3734 3899
l 3735 4313
l 3735 3921
l 3735 4793
l 3735 4293
l 3735 4314
l 3735 4292
l 3736 3737
l 3736 3812
l 3736 3813
l 3737 3813
l 3737 3814
l 3737 3812
l 3738 3816
l 3738 3739
l 3738 3814
l 3738 3815
l 3738 3813
l 3739 3918
l 3739 3816
l 3739 3768
l 3740 3861
l 3740 3845
l 3740 3858
l 3740 3860
l 3741 3744
l 3741 3742
l 3741 6253
l 3741 3932
l 3741 3931
l 3741 3743
l 3741 3860
l 3741 6252
l 3741 6257
l 3741 6266
l 3742 3743
l 3742 6251
l 3742 6252
l 3742 6250
l 3742 3744
l 3742 3859
l 3742 6253
l 3743 6252
l 3743 6251
l 3743 6265
l 3743 6250
l 3743 6249
l 3743 6271
l 3743 3744
l 3743 6253
l 3744 6253
l 3744 6266
l 3744 6265
l 3744 6252
l 3744 3932
l 3744 6257
l 3744 6271
l 3744 6270
l 3745 3746
l 3745 3747
l 3745 3748
l 3745 3772
l 3745 3843
l 3745 3849
l 3746 3747
l 3746 3772
l 3746 3843
l 3746 3748
l 3747 3843
l 3747 3748
l 3747 3849
l 3748 3849
l 3748 3851
l 3748 3843
l 3748 3850
l 3748 3917
l 3749 3750
l 3749 3775
l 3749 3752
l 3749 3844
l 3749 3751
l 3749 3776
l 3749 3862
l 3749 3757
l 3750 3751
l 3750 3757
l 3750 3756
l 3750 3752
l 3751 3752
l 3751 3848
l 3752 3848
l 3752 3862
l 3752 3844
l 3752 3847
l 3752 3845
l 3753 3947
l 3753 3755
l 3753 6254
l 3753 6259
l 3753 3754
l 3753 6272
l 3753 6273
l 3753 6255
l 3753 3946
l 3754 6255
l 3754 6254
l 3754 6272
l 3754 6273
l 3754 6280
l 3754 6259
l 3754 3856
l 3754 3857
l 3754 6277
l 3755 3947
l 3755 6254
l 3755 3856
l 3755 6255
l 3755 6272
l 3755 6259
l 3756 3757
l 3758 3779
l 3758 3909
l 3758 3778
l 3758 3895
l 3758 3780
l 3758 3896
l 3759 3863
l 3760 3761
l 3760 3762
l 3761 3771
l 3762 3763
l 3763 3787
l 3763 3784
l 3764 3765
l 3764 3767
l 3764 3784
l 3764 3766
l 3764 3785
l 3764 3787
l 3764 3893
l 3765 3766
l 3765 3787
l 3765 3784
l 3765 3767
l 3766 3767
l 3766 3894
l 3766 3893
l 3767 3893
l 3767 3894
l 3767 3889
l 3768 3903
l 3768 3898
l 3768 3918
l 3768 3901
l 3768 3902
l 3769 3919
l 3769 3770
l 3769 3920
l 3769 3814
l 3769 3813
l 3770 3920
l 3770 3922
l 3770 3921
l 3770 3945
l 3770 3919
l 3771 3772
l 3773 3882
l 3773 3883
l 3774 3775
l 3774 3777
l 3774 3776
l 3774 3778
l 3775 3776
l 3775 3777
l 3775 3844
l 3775 3778
l 3776 3777
l 3776 3844
l 3776 3864
l 3776 3862
l 3777 3864
l 3778 3779
l 3779 3780
l 3779 3909
l 3779 3895
l 3780 3886
l 3780 3781
l 3780 3909
l 3780 3908
l 3780 3887
l 3780 3907
l 3780 3906
l 3781 3887
l 3781 3886
l 3781 3870
l 3781 3906
l 3782 3785
l 3782 3783
l 3782 3786
l 3783 3786
l 3783 5234
l 3783 5241
l 3784 3785
l 3784 3787
l 3786 5234
l 3786 5241
l 3786 3874
l 3786 5232
l 3786 3873
l 3788 3789
l 3788 3913
l 3788 3924
l 3788 3826
l 3788 3914
l 3788 3928
l 3788 3827
l 3789 3826
l 3789 3924
l 3789 3827
l 3789 3928
l 3789 3825
l 3789 3913
l 3789 3927
l 3789 3835
l 3789 3836
l 3791 3794
l 3791 3949
l 3791 3792
l 3791 3793
l 3791 3950
l 3791 5368
l 3791 5367
l 3792 3793
l 3792 3949
l 3792 3794
l 3792 5367
l 3793 5367
l 3793 3794
l 3793 3912
l 3793 5368
l 3794 5368
l 3794 5367
l 3794 6495
l 3795 6493
l 3795 3796
l 3795 3820
l 3795 3951
l 3795 3841
l 3795 3819
l 3796 3820
l 3796 3817
l 3796 3819
l 3796 6493
l 3796 3818
l 3797 3819
l 3797 3841
l 3797 3820
l 3797 3840
l 3797 3951
l 3797 3798
l 3797 3943
l 3798 3818
l 3798 3817
l 3798 3819
l 3798 3820
l 3799 3829
l 3799 3802
l 3799 3838
l 3799 3801
l 3799 3828
l 3799 3832
l 3799 3800
l 3799 3836
l 3799 3925
l 3799 3835
l 3800 3836
l 3800 3825
l 3800 3828
l 3800 3835
l 3800 3801
l 3800 3827
l 3800 3829
l 3800 3802
l 3801 3835
l 3801 3802
l 3801 3836
l 3801 3834
l 3801 3833
l 3801 3827
l 3801 3828
l 3801 3838
l 3802 3838
l 3802 3925
l 3802 3829
l 3802 3833
l 3802 3832
l 3802 3837
l 3802 3834
l 3803 3842
l 3804 3914
l 3804 3807
l 3804 3805
l 3804 3915
l 3804 3806
l 3804 3938
l 3804 5369
l 3804 3926
l 3805 3806
l 3805 3926
l 3805 3807
l 3805 3937
l 3805 3938
l 3805 6496
l 3806 3937
l 3806 3807
l 3806 3938
l 3806 6496
l 3807 3938
l 3807 3915
l 3807 5369
l 3807 3937
l 3807 3914
l 3808 3809
l 3808 3817
l 3808 3818
l 3809 3818
l 3809 3817
l 3809 3935
l 3810 3944
l 3810 3811
l 3810 4762
l 3810 3936
l 3810 4794
l 3811 3944
l 3811 3812
l 3813 3814
l 3813 3815
l 3813 3919
l 3814 3815
l 3814 3919
l 3815 3919
l 3815 3816
l 3816 3918
l 3817 3818
l 3817 3820
l 3817 3819
l 3818 3819
l 3818 3820
l 3819 3820
l 3819 3841
l 3819 3951
l 3819 3840
l 3820 3951
l 3820 3841
l 3820 3840
l 3821 3824
l 3821 3822
l 3821 3933
l 3821 3833
l 3821 3823
l 3821 3925
l 3821 3952
l 3821 3834
l 3821 3837
l 3822 3834
l 3822 3927
l 3822 3928
l 3822 3833
l 3822 3823
l 3822 3824
l 3822 3925
l 3822 3929
l 3822 3924
l 3823 3929
l 3823 3824
l 3823 3923
l 3823 3928
l 3823 3952
l 3823 3930
l 3824 3952
l 3824 3933
l 3824 3929
l 3824 3934
l 3825 3836
l 3825 3828
l 3825 3827
l 3825 3835
l 3825 3826
l 3826 3827
l 3826 3927
l 3826 3835
l 3826 3928
l 3826 3836
l 3826 3834
l 3826 3924
l 3827 3835
l 3827 3836
l 3827 3927
l 3827 3834
l 3827 3928
l 3827 3828
l 3828 3836
l 3828 3829
l 3828 3835
l 3829 3838
l 3829 3832
l 3829 3836
l 3830 3837
l 3830 3933
l 3830 3832
l 3830 3925
l 3830 3934
l 3830 3838
l 3830 3831
l 3830 3833
l 3831 3934
l 3831 3933
l 3831 3837
l 3831 3832
l 3831 3925
l 3832 3838
l 3832 3837
l 3832 3925
l 3832 3833
l 3832 3933
l 3833 3925
l 3833 3834
l 3833 3837
l 3833 3838
l 3833 3927
l 3833 3933
l 3834 3927
l 3834 3835
l 3834 3928
l 3834 3836
l 3835 3836
l 3835 3927
l 3837 3925
l 3837 3838
l 3837 3933
l 3838 3925
l 3839 3910
l 3840 3841
l 3840 3943
l 3840 3951
l 3841 3951
l 3841 3943
l 3843 3849
l 3843 3917
l 3843 6248
l 3843 3948
l 3843 6260
l 3844 3862
l 3844 3847
l 3844 3848
l 3845 3846
l 3845 3861
l 3845 3847
l 3845 3848
l 3845 3860
l 3845 3931
l 3846 3931
l 3846 3847
l 3846 3860
l 3846 3861
l 3846 3932
l 3847 3848
l 3847 3862
l 3847 3931
l 3848 3862
l 3849 3917
l 3849 3850
l 3849 3851
l 3849 3948
l 3849 6260
l 3850 3852
l 3850 3851
l 3850 3917
l 3850 6250
l 3851 3855
l 3851 3852
l 3852 3853
l 3852 3855
l 3852 3854
l 3853 3854
l 3853 3859
l 3853 6251
l 3853 3858
l 3854 3858
l 3854 3859
l 3854 3855
l 3854 3910
l 3855 3910
l 3856 3857
l 3856 6255
l 3856 6254
l 3856 6272
l 3856 6256
l 3856 6280
l 3856 6273
l 3857 6256
l 3857 6255
l 3857 6279
l 3857 6280
l 3857 6241
l 3857 6272
l 3858 3859
l 3858 3860
l 3858 3861
l 3859 3860
l 3859 6251
l 3860 3861
l 3860 3931
l 3860 3932
l 3861 3931
l 3863 3947
l 3864 3946
l 3864 3947
l 3864 6259
l 3865 4007
l 3865 4015
l 3865 3888
l 3865 4010
l 3865 3866
l 3865 3868
l 3865 3983
l 3865 4012
l 3866 4008
l 3866 4007
l 3866 5243
l 3866 3983
l 3866 3981
l 3866 4030
l 3866 4016
l 3866 4031
l 3866 4026
l 3867 3868
l 3867 3906
l 3867 3905
l 3867 4011
l 3867 3870
l 3867 3887
l 3867 3869
l 3867 3907
l 3867 4012
l 3867 3904
l 3868 4015
l 3868 3906
l 3868 3888
l 3868 4011
l 3868 3905
l 3868 4012
l 3868 3869
l 3868 3870
l 3868 3904
l 3869 3870
l 3869 3888
l 3869 3906
l 3869 3887
l 3869 4011
l 3869 3905
l 3870 3887
l 3870 3906
l 3870 3888
l 3870 4011
l 3870 3905
l 3870 3907
l 3871 3987
l 3871 3872
l 3871 3969
l 3871 3874
l 3871 3986
l 3871 3967
l 3871 3971
l 3871 4065
l 3871 4053
l 3871 5232
l 3872 3965
l 3872 3967
l 3872 4053
l 3872 5244
l 3872 3988
l 3872 3873
l 3872 3966
l 3872 3987
l 3872 4065
l 3873 3967
l 3873 5244
l 3873 3874
l 3873 3875
l 3873 3965
l 3873 3966
l 3873 3878
l 3873 3969
l 3874 5232
l 3874 3969
l 3874 3987
l 3874 3967
l 3874 5234
l 3874 3971
l 3874 3986
l 3875 3966
l 3875 5244
l 3875 3876
l 3875 3878
l 3875 3965
l 3875 3963
l 3875 3958
l 3875 3877
l 3875 3967
l 3875 3964
l 3876 3965
l 3876 3966
l 3876 3877
l 3876 4051
l 3876 3958
l 3876 5244
l 3876 4052
l 3876 3963
l 3876 4055
l 3877 3958
l 3877 3957
l 3877 3961
l 3877 3959
l 3877 4052
l 3877 3966
l 3877 4051
l 3877 3963
l 3878 5244
l 3878 3966
l 3878 3965
l 3878 3963
l 3878 3958
l 3878 3879
l 3879 3961
l 3879 3958
l 3879 3884
l 3879 3957
l 3879 3966
l 3879 3963
l 3880 3881
l 3880 3883
l 3880 3884
l 3881 5241
l 3881 5244
l 3881 3966
l 3881 3967
l 3882 3883
l 3882 3885
l 3882 3895
l 3882 3884
l 3883 3884
l 3883 3885
l 3883 3961
l 3884 3961
l 3884 3940
l 3884 3885
l 3884 3957
l 3884 3962
l 3884 3958
l 3884 3939
l 3885 3940
l 3885 3939
l 3885 3896
l 3885 3895
l 3885 3961
l 3885 3941
l 3885 4006
l 3885 3942
l 3886 3907
l 3886 3887
l 3886 3906
l 3886 3908
l 3886 3973
l 3886 3904
l 3886 3905
l 3886 4011
l 3887 3906
l 3887 3907
l 3887 3905
l 3887 4011
l 3887 3904
l 3888 4015
l 3888 4012
l 3888 4011
l 3888 3906
l 3889 3893
l 3889 3890
l 3889 3898
l 3889 3901
l 3889 3897
l 3889 3894
l 3889 3891
l 3890 3891
l 3890 3897
l 3890 3898
l 3890 3899
l 3890 3892
l 3891 3892
l 3891 3899
l 3891 3897
l 3891 3900
l 3891 5242
l 3891 5233
l 3891 5243
l 3892 5242
l 3892 5233
l 3892 3900
l 3892 5243
l 3892 3977
l 3892 4014
l 3892 3975
l 3892 3899
l 3893 3894
l 3893 3901
l 3893 3902
l 3893 3898
l 3894 3902
l 3894 3901
l 3894 3898
l 3895 3896
l 3895 3909
l 3895 3939
l 3895 3908
l 3895 4006
l 3896 4006
l 3896 3939
l 3896 3908
l 3896 3909
l 3896 3973
l 3896 3942
l 3896 3995
l 3896 3940
l 3897 3899
l 3897 3898
l 3897 3900
l 3898 3901
l 3898 3902
l 3898 3899
l 3899 3900
l 3899 5243
l 3899 5242
l 3900 5243
l 3900 5242
l 3900 3979
l 3900 4016
l 3900 3981
l 3900 4008
l 3901 3902
l 3901 3903
l 3902 3903
l 3903 3918
l 3904 4023
l 3904 3907
l 3904 3905
l 3904 4020
l 3904 3974
l 3904 3973
l 3904 4011
l 3904 3906
l 3904 4022
l 3905 4011
l 3905 3906
l 3905 3907
l 3905 4023
l 3905 4012
l 3905 4022
l 3906 4011
l 3906 3907
l 3906 4012
l 3906 4023
l 3907 3973
l 3907 4011
l 3907 4023
l 3907 3974
l 3908 3973
l 3908 4006
l 3908 3909
l 3908 3974
l 3908 3995
l 3908 3939
l 3909 4006
l 3909 3973
l 3911 3912
l 3911 6494
l 3912 5367
l 3913 3924
l 3913 3916
l 3913 3914
l 3913 3923
l 3913 5370
l 3913 3928
l 3913 3930
l 3913 3915
l 3914 3915
l 3914 3916
l 3914 5369
l 3914 5370
l 3915 5369
l 3915 3916
l 3915 5370
l 3915 3938
l 3916 5370
l 3916 3923
l 3916 5369
l 3916 3930
l 3917 3948
l 3917 6260
l 3917 6249
l 3917 6271
l 3919 3920
l 3920 3945
l 3920 3922
l 3921 4314
l 3921 3922
l 3921 4313
l 3921 4315
l 3921 4302
l 3921 4293
l 3922 4315
l 3922 3945
l 3922 4314
l 3922 4316
l 3922 4303
l 3922 4302
l 3923 3930
l 3923 3929
l 3923 3924
l 3923 5370
l 3923 3928
l 3924 3928
l 3924 3927
l 3924 3930
l 3925 3933
l 3926 3950
l 3926 3949
l 3927 3928
l 3929 3952
l 3929 3930
l 3930 5370
l 3931 3932
l 3931 6257
l 3931 6253
l 3931 6245
l 3932 6257
l 3932 6253
l 3932 6268
l 3932 6245
l 3932 6266
l 3932 6261
l 3933 3934
l 3933 3952
l 3934 3952
l 3935 4800
l 3935 4788
l 3935 4801
l 3935 3936
l 3935 4763
l 3936 4763
l 3936 4310
l 3936 3944
l 3936 4762
l 3936 4800
l 3937 3938
l 3937 6496
l 3938 5369
l 3939 3942
l 3939 3940
l 3939 3941
l 3939 4006
l 3939 3993
l 3939 4070
l 3939 3995
l 3939 6882
l 3940 3941
l 3940 3962
l 3940 3961
l 3940 6881
l 3940 3957
l 3940 6882
l 3940 3960
l 3941 6882
l 3941 4070
l 3941 6881
l 3941 6883
l 3941 3942
l 3941 3962
l 3941 6890
l 3941 3955
l 3941 3993
l 3942 3993
l 3942 4070
l 3942 3999
l 3942 3995
l 3942 3994
l 3942 3997
l 3942 4071
l 3942 4006
l 3943 4808
l 3943 3951
l 3944 4762
l 3944 4309
l 3944 4794
l 3944 4763
l 3944 4308
l 3945 4316
l 3945 4315
l 3945 4703
l 3946 3947
l 3946 6259
l 3946 6258
l 3946 6273
l 3946 6254
l 3946 6272
l 3946 6277
l 3946 6280
l 3947 6259
l 3947 6254
l 3947 6273
l 3947 6272
l 3947 6258
l 3948 6260
l 3948 6271
l 3948 6249
l 3948 6270
l 3948 6265
l 3948 6250
l 3948 6252
l 3949 3950
l 3951 6493
l 3953 4056
l 3953 3954
l 3953 5240
l 3953 4057
l 3953 4058
l 3953 4055
l 3953 3956
l 3953 4054
l 3953 4052
l 3953 5239
l 3954 6889
l 3954 5240
l 3954 4058
l 3954 5239
l 3954 3955
l 3954 6890
l 3954 6888
l 3954 4057
l 3954 3956
l 3955 6890
l 3955 6881
l 3955 3956
l 3955 6882
l 3955 4058
l 3955 4057
l 3955 6889
l 3955 4067
l 3955 4056
l 3956 4052
l 3956 4056
l 3956 3960
l 3956 6881
l 3956 4057
l 3956 4055
l 3956 4058
l 3957 3962
l 3957 3961
l 3957 3960
l 3957 3958
l 3957 3959
l 3957 4052
l 3957 6881
l 3958 3959
l 3958 3963
l 3958 3964
l 3958 3966
l 3958 4051
l 3958 4052
l 3959 3964
l 3959 4052
l 3959 3960
l 3959 4051
l 3959 4055
l 3959 3963
l 3959 4056
l 3960 4052
l 3960 3962
l 3960 6881
l 3960 4056
l 3960 4051
l 3960 4055
l 3961 3962
l 3961 4052
l 3962 6881
l 3962 4052
l 3962 6882
l 3963 3964
l 3963 3966
l 3963 3968
l 3963 3988
l 3963 4051
l 3963 3965
l 3964 4051
l 3964 3966
l 3964 3988
l 3964 4053
l 3964 4055
l 3964 4052
l 3965 5244
l 3965 3966
l 3965 4051
l 3965 3967
l 3965 4053
l 3965 4055
l 3965 3988
l 3966 5244
l 3966 3967
l 3966 4051
l 3966 3988
l 3967 3988
l 3967 3968
l 3967 5244
l 3967 4053
l 3968 3988
l 3968 3970
l 3968 4053
l 3968 3986
l 3968 4065
l 3969 3986
l 3969 3970
l 3969 3971
l 3969 3985
l 3969 3972
l 3969 3988
l 3970 3986
l 3970 3972
l 3970 3988
l 3970 4065
l 3970 3985
l 3970 4046
l 3970 4053
l 3971 3985
l 3971 3972
l 3971 3975
l 3971 3986
l 3971 4044
l 3971 3987
l 3971 4046
l 3971 5232
l 3972 3985
l 3972 3976
l 3972 4046
l 3972 3986
l 3972 4044
l 3972 4065
l 3972 4045
l 3973 3974
l 3973 4006
l 3973 3995
l 3973 4020
l 3973 3996
l 3973 4023
l 3973 4001
l 3974 3996
l 3974 4020
l 3974 4001
l 3974 3998
l 3974 3995
l 3974 4003
l 3974 4000
l 3974 4002
l 3975 4044
l 3975 3976
l 3975 3985
l 3975 3977
l 3975 4045
l 3975 4041
l 3975 4046
l 3975 4013
l 3976 4044
l 3976 3985
l 3976 4045
l 3976 3978
l 3976 4046
l 3976 4041
l 3976 3977
l 3977 4041
l 3977 3978
l 3977 4014
l 3977 4044
l 3977 3979
l 3977 4040
l 3977 4039
l 3977 3980
l 3977 4045
l 3978 4041
l 3978 4040
l 3978 4044
l 3978 3980
l 3978 4045
l 3978 4039
l 3978 4042
l 3979 3980
l 3979 4039
l 3979 3981
l 3979 3982
l 3979 4016
l 3979 4019
l 3979 4038
l 3979 4041
l 3980 4039
l 3980 4038
l 3980 4019
l 3980 3982
l 3980 4041
l 3980 4040
l 3980 4037
l 3981 3982
l 3981 4019
l 3981 4017
l 3981 4037
l 3981 3984
l 3981 4008
l 3981 4039
l 3981 4025
l 3982 4019
l 3982 4037
l 3982 4017
l 3982 4039
l 3982 3984
l 3982 4038
l 3982 4033
l 3983 3984
l 3983 4009
l 3983 4017
l 3983 4018
l 3983 4010
l 3983 4007
l 3983 4024
l 3983 4025
l 3983 4021
l 3984 4017
l 3984 4018
l 3984 4009
l 3984 4025
l 3984 4019
l 3984 4024
l 3984 4037
l 3985 4046
l 3985 4044
l 3985 3986
l 3985 4065
l 3985 4045
l 3985 4048
l 3986 4065
l 3986 3988
l 3986 4046
l 3986 4053
l 3987 4013
l 3987 5232
l 3987 4065
l 3987 4046
l 3988 4053
l 3988 4065
l 3988 4051
l 3989 3992
l 3989 3990
l 3989 5238
l 3989 5237
l 3989 5236
l 3989 3991
l 3989 6888
l 3989 4066
l 3989 4035
l 3989 4034
l 3990 5237
l 3990 3992
l 3990 6886
l 3990 6885
l 3990 4034
l 3990 3991
l 3990 5238
l 3990 6884
l 3990 4072
l 3991 6887
l 3991 5238
l 3991 3992
l 3991 6884
l 3991 4066
l 3991 4069
l 3991 6888
l 3991 4035
l 3991 6885
l 3992 6888
l 3992 5236
l 3992 5238
l 3992 4066
l 3992 6887
l 3992 5239
l 3992 6889
l 3993 4070
l 3993 3999
l 3993 3994
l 3993 3997
l 3993 4071
l 3993 3995
l 3993 6883
l 3993 6884
l 3994 3997
l 3994 3995
l 3994 3998
l 3994 3996
l 3994 4003
l 3994 4000
l 3994 4002
l 3994 3999
l 3994 4001
l 3995 3996
l 3995 3997
l 3995 3998
l 3995 4006
l 3995 4003
l 3995 4001
l 3996 3998
l 3996 4001
l 3996 4003
l 3996 4000
l 3996 4002
l 3996 3997
l 3996 4020
l 3996 4004
l 3997 3998
l 3997 4003
l 3997 4004
l 3997 4002
l 3997 3999
l 3997 4000
l 3997 4032
l 3997 4005
l 3998 4003
l 3998 4002
l 3998 4000
l 3998 4001
l 3998 4004
l 3998 4032
l 3998 4028
l 3999 4005
l 3999 4004
l 3999 4071
l 3999 4070
l 3999 4003
l 4000 4002
l 4000 4003
l 4000 4028
l 4000 4001
l 4000 4032
l 4000 4029
l 4000 4004
l 4001 4002
l 4001 4020
l 4001 4029
l 4001 4003
l 4001 4028
l 4001 4032
l 4002 4003
l 4002 4032
l 4002 4028
l 4002 4004
l 4002 4029
l 4003 4004
l 4003 4032
l 4003 4028
l 4004 4032
l 4004 4005
l 4004 4028
l 4005 4030
l 4005 4072
l 4005 4032
l 4005 4071
l 4005 4026
l 4007 4026
l 4007 4028
l 4007 4029
l 4007 4032
l 4007 4030
l 4007 4024
l 4007 4015
l 4007 4021
l 4007 4018
l 4008 4031
l 4008 4027
l 4008 4030
l 4008 4026
l 4008 6886
l 4008 4016
l 4008 4025
l 4008 4033
l 4008 4034
l 4008 5237
l 4009 4018
l 4009 4022
l 4009 4010
l 4009 4021
l 4009 4024
l 4009 4017
l 4009 4029
l 4009 4025
l 4010 4022
l 4010 4012
l 4010 4021
l 4010 4018
l 4010 4015
l 4010 4023
l 4010 4011
l 4011 4012
l 4011 4023
l 4011 4022
l 4011 4015
l 4012 4022
l 4012 4023
l 4012 4015
l 4013 4014
l 4013 5233
l 4013 5242
l 4013 5236
l 4013 4044
l 4013 4046
l 4014 5242
l 4014 4016
l 4014 4041
l 4014 5237
l 4014 5236
l 4014 5238
l 4015 4023
l 4015 4020
l 4015 4022
l 4015 4021
l 4016 5237
l 4016 4034
l 4016 5243
l 4016 6886
l 4016 4031
l 4017 4025
l 4017 4018
l 4017 4019
l 4017 4037
l 4017 4024
l 4017 4027
l 4017 4033
l 4018 4024
l 4018 4021
l 4018 4025
l 4018 4029
l 4018 4026
l 4018 4028
l 4019 4037
l 4019 4033
l 4019 4038
l 4019 4039
l 4019 4025
l 4019 4036
l 4020 4021
l 4020 4029
l 4020 4023
l 4020 4028
l 4021 4029
l 4021 4022
l 4021 4024
l 4021 4028
l 4021 4023
l 4022 4023
l 4022 4029
l 4024 4026
l 4024 4029
l 4024 4025
l 4024 4028
l 4024 4027
l 4024 4030
l 4025 4027
l 4025 4033
l 4025 4037
l 4025 4026
l 4025 4031
l 4026 4030
l 4026 4028
l 4026 4032
l 4026 4027
l 4026 4029
l 4026 4031
l 4027 4031
l 4027 4033
l 4027 4034
l 4027 6886
l 4027 4030
l 4027 6885
l 4028 4032
l 4028 4029
l 4028 4030
l 4029 4032
l 4030 4032
l 4030 4031
l 4030 4072
l 4031 6886
l 4031 4072
l 4031 5237
l 4031 4034
l 4031 6885
l 4031 4033
l 4033 4037
l 4033 4034
l 4033 4036
l 4033 4038
l 4033 4035
l 4033 6885
l 4034 5237
l 4034 6886
l 4034 6885
l 4034 4035
l 4034 5238
l 4034 4036
l 4035 5238
l 4035 4069
l 4035 4036
l 4035 4043
l 4035 4066
l 4035 4068
l 4035 4042
l 4036 4038
l 4036 4042
l 4036 4037
l 4036 4043
l 4036 5238
l 4036 4069
l 4036 4040
l 4037 4038
l 4037 4039
l 4038 4039
l 4038 4040
l 4038 4042
l 4038 4043
l 4039 4040
l 4039 4041
l 4039 4042
l 4040 4042
l 4040 4041
l 4040 4047
l 4040 4045
l 4040 4043
l 4040 4049
l 4041 4045
l 4041 4044
l 4041 4042
l 4041 4047
l 4042 4043
l 4042 4049
l 4042 4047
l 4042 4068
l 4042 4069
l 4042 4045
l 4043 4068
l 4043 4049
l 4043 4069
l 4043 4066
l 4043 4050
l 4043 4047
l 4043 4067
l 4043 5238
l 4044 4045
l 4044 4046
l 4044 4047
l 4044 4048
l 4045 4047
l 4045 4046
l 4045 4048
l 4045 4049
l 4046 4048
l 4046 4065
l 4046 4063
l 4046 4047
l 4046 4050
l 4047 4049
l 4047 4048
l 4047 4050
l 4047 4068
l 4047 4063
l 4048 4050
l 4048 4063
l 4048 4049
l 4048 4065
l 4048 4064
l 4048 4054
l 4048 4068
l 4049 4050
l 4049 4068
l 4049 4069
l 4049 4067
l 4049 4064
l 4049 4066
l 4050 4064
l 4050 4068
l 4050 4067
l 4050 4063
l 4050 4069
l 4050 4066
l 4051 4055
l 4051 4052
l 4051 4056
l 4051 4054
l 4051 4053
l 4051 4057
l 4052 4056
l 4052 4055
l 4052 4057
l 4052 4054
l 4053 4054
l 4053 4065
l 4053 4055
l 4053 4063
l 4054 4055
l 4054 4057
l 4054 4063
l 4054 4056
l 4054 4064
l 4054 4058
l 4055 4056
l 4055 4057
l 4055 4063
l 4056 4057
l 4056 4058
l 4057 4064
l 4057 4058
l 4057 4067
l 4058 4067
l 4058 5240
l 4058 6889
l 4058 5239
l 4058 4064
l 4058 5236
l 4059 4790
l 4059 4062
l 4059 4060
l 4059 4061
l 4059 4789
l 4059 6498
l 4059 4801
l 4059 4901
l 4059 4191
l 4060 6498
l 4060 4061
l 4060 4790
l 4060 4062
l 4060 6497
l 4060 4808
l 4061 4808
l 4061 4062
l 4062 4808
l 4062 4801
l 4062 4789
l 4063 4064
l 4063 4065
l 4064 4067
l 4064 4068
l 4064 4066
l 4066 4069
l 4066 4068
l 4066 4067
l 4066 5238
l 4066 5236
l 4066 6888
l 4067 4068
l 4067 4069
l 4067 5236
l 4067 6889
l 4068 4069
l 4068 5238
l 4069 5238
l 4069 6887
l 4070 6883
l 4070 4071
l 4070 6882
l 4070 6884
l 4070 6887
l 4070 6890
l 4071 6884
l 4071 6883
l 4071 4072
l 4071 6885
l 4071 6887
l 4072 6885
l 4072 6886
l 4072 6884
l 4072 5237
l 4073 4074
l 4073 4781
l 4073 4797
l 4073 4788
l 4073 5007
l 4073 4078
l 4073 4780
l 4073 4799
l 4073 4190
l 4073 4076
l 4074 4788
l 4074 4781
l 4074 4800
l 4074 4797
l 4074 4191
l 4074 4310
l 4074 5007
l 4074 4780
l 4074 4075
l 4075 4076
l 4075 4310
l 4075 4780
l 4075 4763
l 4075 4200
l 4075 4096
l 4075 4308
l 4075 4309
l 4075 4798
l 4076 4780
l 4076 4200
l 4076 4310
l 4076 4096
l 4076 4798
l 4076 4097
l 4076 5007
l 4076 4078
l 4077 5361
l 4077 5357
l 4077 5270
l 4077 4079
l 4077 5356
l 4077 4782
l 4077 4781
l 4077 4799
l 4077 4189
l 4077 4797
l 4078 5007
l 4078 4797
l 4078 4780
l 4078 4781
l 4078 4799
l 4078 4724
l 4078 4798
l 4079 5270
l 4079 5361
l 4079 4774
l 4079 4779
l 4079 4080
l 4079 4775
l 4079 5357
l 4079 5356
l 4079 4778
l 4080 4774
l 4080 4775
l 4080 4779
l 4080 4778
l 4080 4092
l 4080 4081
l 4080 4187
l 4080 4189
l 4080 5270
l 4081 4092
l 4081 4778
l 4081 4093
l 4081 4775
l 4081 4773
l 4081 4082
l 4081 4772
l 4081 4779
l 4081 4774
l 4082 4184
l 4082 4093
l 4082 4155
l 4082 4773
l 4082 4777
l 4082 4092
l 4082 4187
l 4082 4772
l 4082 4776
l 4083 4112
l 4083 4084
l 4083 6319
l 4083 4085
l 4083 4086
l 4083 6320
l 4083 6318
l 4083 4111
l 4083 6315
l 4083 4113
l 4084 6315
l 4084 6318
l 4084 4085
l 4084 4183
l 4084 6319
l 4084 6316
l 4084 4112
l 4084 4086
l 4084 6314
l 4085 4086
l 4085 4183
l 4085 4182
l 4085 4156
l 4085 4113
l 4085 6315
l 4085 4112
l 4085 4418
l 4086 4113
l 4086 4156
l 4086 4112
l 4086 4114
l 4086 4155
l 4086 4183
l 4086 4182
l 4087 4090
l 4087 4160
l 4087 6489
l 4087 4088
l 4087 6488
l 4087 4089
l 4087 6490
l 4087 4430
l 4087 4159
l 4087 4157
l 4088 4159
l 4088 4089
l 4088 4141
l 4088 4160
l 4088 4142
l 4088 4090
l 4088 4158
l 4088 4179
l 4088 4430
l 4089 4175
l 4089 4090
l 4089 4430
l 4089 4142
l 4089 4176
l 4089 4429
l 4089 6490
l 4089 4141
l 4090 4430
l 4090 6490
l 4090 4429
l 4090 4175
l 4090 6489
l 4090 6479
l 4090 4174
l 4091 4776
l 4091 4772
l 4091 4773
l 4091 4777
l 4091 4094
l 4091 4163
l 4091 4140
l 4091 4139
l 4091 4155
l 4091 4093
l 4092 4775
l 4092 4778
l 4092 4093
l 4092 4774
l 4092 4779
l 4092 4773
l 4092 4772
l 4093 4773
l 4093 4778
l 4093 4772
l 4093 4775
l 4093 4776
l 4093 4163
l 4093 4777
l 4094 4140
l 4094 4139
l 4094 4129
l 4094 4776
l 4094 4114
l 4094 4777
l 4094 4163
l 4094 4875
l 4094 4162
l 4095 4098
l 4095 4199
l 4095 4231
l 4095 4271
l 4095 4721
l 4095 4097
l 4095 4307
l 4095 5273
l 4095 4272
l 4095 4308
l 4096 4097
l 4096 4200
l 4096 4721
l 4096 4308
l 4096 4798
l 4096 4780
l 4096 4309
l 4096 4199
l 4097 4721
l 4097 4308
l 4097 4200
l 4097 4309
l 4097 4199
l 4097 4798
l 4097 4271
l 4098 4231
l 4098 4307
l 4098 4199
l 4098 5273
l 4098 4233
l 4098 4721
l 4098 4306
l 4098 4272
l 4099 4100
l 4099 4102
l 4099 6330
l 4099 4101
l 4099 4683
l 4099 6329
l 4099 4899
l 4099 4898
l 4099 4682
l 4099 6331
l 4100 4898
l 4100 4101
l 4100 4899
l 4100 4682
l 4100 4894
l 4100 4683
l 4100 4677
l 4100 4102
l 4100 4895
l 4101 4899
l 4101 6491
l 4101 4102
l 4101 4895
l 4101 4898
l 4101 6486
l 4101 4894
l 4101 4157
l 4102 6486
l 4102 6331
l 4102 6330
l 4102 6491
l 4102 4899
l 4102 6487
l 4102 4895
l 4103 4104
l 4103 5225
l 4103 5226
l 4103 4106
l 4103 4105
l 4103 6343
l 4103 4679
l 4103 4956
l 4103 4178
l 4103 4150
l 4104 4956
l 4104 4105
l 4104 6879
l 4104 4959
l 4104 6343
l 4104 6293
l 4104 4957
l 4104 4106
l 4104 5225
l 4105 6293
l 4105 4106
l 4105 6292
l 4105 6307
l 4105 4150
l 4105 6876
l 4105 4956
l 4105 4178
l 4106 4150
l 4106 5225
l 4106 4178
l 4106 4900
l 4106 4149
l 4106 6307
l 4106 6293
l 4106 4147
l 4107 4110
l 4107 4135
l 4107 4428
l 4107 4108
l 4107 4136
l 4107 6301
l 4107 6309
l 4107 4427
l 4107 4132
l 4107 4109
l 4108 4136
l 4108 4109
l 4108 4752
l 4108 4110
l 4108 4754
l 4108 4135
l 4108 4753
l 4108 6302
l 4108 6301
l 4109 6302
l 4109 4753
l 4109 4752
l 4109 4110
l 4109 6301
l 4109 4136
l 4109 4961
l 4109 6313
l 4110 6301
l 4110 4428
l 4110 6309
l 4110 4135
l 4110 4960
l 4110 4136
l 4110 6302
l 4111 4138
l 4111 4112
l 4111 4137
l 4111 6880
l 4111 6322
l 4111 4113
l 4111 4114
l 4111 6320
l 4111 4128
l 4112 6320
l 4112 6880
l 4112 4113
l 4112 4138
l 4112 6319
l 4113 4114
l 4113 4139
l 4113 4875
l 4113 4155
l 4113 4140
l 4113 4156
l 4114 4139
l 4114 4140
l 4114 4129
l 4114 4875
l 4114 4162
l 4114 4777
l 4114 4138
l 4115 4116
l 4115 4277
l 4115 5146
l 4115 4118
l 4115 5186
l 4115 4117
l 4115 5145
l 4115 4278
l 4115 4869
l 4115 4791
l 4116 4869
l 4116 5145
l 4116 4117
l 4116 5146
l 4116 4872
l 4116 5144
l 4116 4118
l 4116 4870
l 4116 4277
l 4117 4872
l 4117 4118
l 4117 6281
l 4117 4883
l 4117 6282
l 4117 4869
l 4117 4871
l 4117 4278
l 4118 4278
l 4118 6282
l 4118 6281
l 4118 4277
l 4118 4879
l 4118 4872
l 4118 4792
l 4119 4805
l 4119 4122
l 4119 4804
l 4119 4146
l 4119 4120
l 4119 4121
l 4119 4166
l 4119 4963
l 4119 6290
l 4119 4143
l 4120 4964
l 4120 4121
l 4120 4210
l 4120 4209
l 4120 4805
l 4120 4962
l 4120 4165
l 4120 4963
l 4120 4122
l 4121 4165
l 4121 4209
l 4121 4122
l 4121 4289
l 4121 4166
l 4121 4318
l 4121 4805
l 4121 4964
l 4122 4166
l 4122 4146
l 4122 4143
l 4122 4165
l 4122 4333
l 4122 4425
l 4122 4805
l 4122 4804
l 4123 4981
l 4123 4124
l 4123 4983
l 4123 5306
l 4123 4819
l 4123 4126
l 4123 5322
l 4123 6469
l 4123 4982
l 4123 6468
l 4124 6469
l 4124 6468
l 4124 5306
l 4124 4981
l 4124 4126
l 4124 4125
l 4124 5324
l 4124 5334
l 4125 4126
l 4125 6470
l 4125 5294
l 4125 5322
l 4125 6469
l 4125 5291
l 4125 5323
l 4125 5336
l 4125 5324
l 4126 5322
l 4126 5294
l 4126 5336
l 4126 4873
l 4126 6470
l 4126 4981
l 4126 6469
l 4127 4192
l 4127 4128
l 4127 4193
l 4127 6324
l 4127 4137
l 4127 4161
l 4127 6323
l 4127 4130
l 4127 4686
l 4127 6321
l 4128 4137
l 4128 4130
l 4128 4138
l 4128 4192
l 4128 4164
l 4128 4162
l 4128 5014
l 4128 6324
l 4128 6321
l 4129 4140
l 4129 4139
l 4129 4162
l 4129 4164
l 4129 4130
l 4129 5014
l 4129 4875
l 4129 4137
l 4130 4162
l 4130 4164
l 4130 5014
l 4130 4137
l 4130 4192
l 4130 4140
l 4130 4139
l 4131 4226
l 4131 4136
l 4131 4134
l 4131 4132
l 4131 4135
l 4131 4225
l 4131 4754
l 4131 4133
l 4131 6414
l 4132 4135
l 4132 4133
l 4132 4896
l 4132 4134
l 4132 5224
l 4132 4897
l 4132 4136
l 4132 6413
l 4133 6413
l 4133 4134
l 4133 4897
l 4133 6414
l 4133 4896
l 4133 6412
l 4133 4228
l 4133 4892
l 4134 6414
l 4134 4225
l 4134 6415
l 4134 6413
l 4134 4226
l 4134 4228
l 4134 6416
l 4135 4136
l 4135 5224
l 4135 4428
l 4135 4427
l 4135 4896
l 4136 4754
l 4136 4226
l 4136 4752
l 4137 4138
l 4137 4162
l 4137 4164
l 4137 5014
l 4137 6321
l 4137 4192
l 4138 6322
l 4138 6321
l 4138 6880
l 4139 4140
l 4139 4875
l 4139 4162
l 4139 4164
l 4140 4162
l 4140 4875
l 4140 4164
l 4140 4777
l 4141 4179
l 4141 4148
l 4141 4142
l 4141 4159
l 4141 4415
l 4141 6308
l 4141 4158
l 4141 4149
l 4142 4415
l 4142 4176
l 4142 4175
l 4142 4181
l 4142 4687
l 4142 4148
l 4142 4430
l 4143 4425
l 4143 4146
l 4143 4426
l 4143 4145
l 4143 4144
l 4143 4804
l 4143 4166
l 4143 4194
l 4143 6294
l 4144 4194
l 4144 4145
l 4144 4922
l 4144 6294
l 4144 4425
l 4144 4151
l 4144 4154
l 4144 4167
l 4144 6386
l 4145 6294
l 4145 4194
l 4145 4958
l 4145 4146
l 4145 4955
l 4145 4154
l 4145 4425
l 4145 4959
l 4146 4804
l 4146 6294
l 4146 4425
l 4146 6290
l 4146 4958
l 4147 4900
l 4147 4148
l 4147 4149
l 4147 4150
l 4147 4416
l 4147 6308
l 4147 6307
l 4147 4179
l 4147 4415
l 4148 4149
l 4148 4416
l 4148 4900
l 4148 6308
l 4148 4179
l 4148 4415
l 4148 4413
l 4148 4150
l 4149 4150
l 4149 4178
l 4149 4900
l 4149 4177
l 4149 4179
l 4149 6307
l 4149 4680
l 4150 4178
l 4150 5225
l 4150 4900
l 4150 4679
l 4151 4167
l 4151 4154
l 4151 4923
l 4151 4955
l 4151 6387
l 4151 4153
l 4151 4194
l 4151 4152
l 4151 4954
l 4152 4168
l 4152 4153
l 4152 4343
l 4152 6380
l 4152 4954
l 4152 4822
l 4152 6567
l 4152 4407
l 4152 6292
l 4153 4954
l 4153 4168
l 4153 6292
l 4153 4343
l 4153 6875
l 4153 4154
l 4153 4822
l 4153 6380
l 4154 4955
l 4154 4959
l 4154 4167
l 4154 4954
l 4154 4923
l 4154 6292
l 4155 4777
l 4155 4156
l 4155 4163
l 4155 4776
l 4155 4876
l 4155 4772
l 4155 4773
l 4156 4182
l 4156 4184
l 4156 4777
l 4156 4876
l 4156 4163
l 4157 4895
l 4157 4160
l 4157 6492
l 4157 6491
l 4157 4158
l 4157 4159
l 4157 4899
l 4157 6488
l 4157 4894
l 4158 4894
l 4158 4159
l 4158 4895
l 4158 4177
l 4158 4179
l 4158 4899
l 4158 4898
l 4158 4160
l 4158 4680
l 4159 4160
l 4159 4179
l 4159 4894
l 4159 4895
l 4159 4177
l 4160 6488
l 4160 6492
l 4160 6489
l 4160 4895
l 4160 6491
l 4161 4686
l 4161 4192
l 4161 5229
l 4161 4823
l 4161 4685
l 4161 4171
l 4161 4193
l 4161 5009
l 4162 4164
l 4162 5014
l 4162 5230
l 4163 4777
l 4163 4776
l 4163 4876
l 4163 4772
l 4163 4773
l 4163 4875
l 4164 5014
l 4164 5230
l 4164 4192
l 4165 4318
l 4165 4289
l 4165 4166
l 4165 4317
l 4165 4333
l 4165 6376
l 4165 4209
l 4166 4333
l 4166 4425
l 4166 6379
l 4166 4318
l 4166 4426
l 4167 4923
l 4167 6387
l 4167 6574
l 4167 4194
l 4167 4922
l 4167 4168
l 4168 4343
l 4168 6380
l 4168 6567
l 4168 4954
l 4168 4342
l 4168 4344
l 4168 4407
l 4169 4757
l 4169 4172
l 4169 5229
l 4169 4205
l 4169 4171
l 4169 5331
l 4169 4208
l 4169 5329
l 4169 4686
l 4169 4206
l 4170 5009
l 4170 4171
l 4170 4756
l 4170 4768
l 4170 4755
l 4170 4757
l 4170 5330
l 4170 4685
l 4170 4205
l 4170 5008
l 4171 5009
l 4171 4757
l 4171 4685
l 4171 4686
l 4171 5229
l 4171 4205
l 4171 4823
l 4172 5229
l 4172 5230
l 4172 5329
l 4172 5327
l 4172 5331
l 4172 4757
l 4172 5014
l 4172 4686
l 4173 4174
l 4173 4180
l 4173 4741
l 4173 4176
l 4173 4826
l 4173 4175
l 4173 4738
l 4173 4429
l 4173 4430
l 4173 4740
l 4174 4429
l 4174 4826
l 4174 4175
l 4174 4430
l 4174 4829
l 4174 4741
l 4174 4176
l 4174 6490
l 4175 4430
l 4175 4176
l 4175 4429
l 4175 6490
l 4175 4826
l 4176 4181
l 4176 4430
l 4176 4180
l 4176 4429
l 4177 4680
l 4177 4179
l 4177 4894
l 4177 4178
l 4177 4898
l 4177 4677
l 4178 4679
l 4178 5225
l 4178 4680
l 4178 4677
l 4179 4894
l 4179 4680
l 4179 4900
l 4180 6332
l 4180 4738
l 4180 6333
l 4180 4741
l 4180 4181
l 4180 4825
l 4181 4414
l 4181 4825
l 4181 4687
l 4181 4688
l 4181 4689
l 4181 4415
l 4181 6332
l 4182 4417
l 4182 4183
l 4182 4185
l 4182 4184
l 4182 4418
l 4182 6502
l 4183 4418
l 4183 6315
l 4183 4417
l 4183 6314
l 4183 6501
l 4184 4185
l 4184 4186
l 4184 4187
l 4184 4417
l 4185 6275
l 4185 4417
l 4185 4186
l 4185 6274
l 4185 6502
l 4186 6274
l 4186 4187
l 4186 4188
l 4186 6334
l 4186 6275
l 4187 4188
l 4187 4774
l 4187 4189
l 4187 4775
l 4188 6334
l 4188 4783
l 4188 4189
l 4188 6503
l 4188 4901
l 4188 6274
l 4188 6497
l 4189 4782
l 4189 4783
l 4189 5357
l 4189 4774
l 4189 5356
l 4189 5361
l 4190 4191
l 4190 4782
l 4190 4789
l 4190 4781
l 4190 4790
l 4190 4901
l 4190 5357
l 4191 4789
l 4191 4790
l 4191 4801
l 4191 4788
l 4191 4782
l 4191 4901
l 4192 4686
l 4192 5229
l 4192 4193
l 4192 4823
l 4193 4823
l 4193 6323
l 4193 6325
l 4193 4891
l 4193 6324
l 4193 4685
l 4193 4686
l 4194 4922
l 4194 6386
l 4194 4425
l 4194 4426
l 4194 4923
l 4195 5274
l 4195 4196
l 4195 5277
l 4195 4197
l 4195 4198
l 4195 6409
l 4195 4223
l 4195 5275
l 4195 5276
l 4195 4729
l 4196 6426
l 4196 6409
l 4196 6425
l 4196 4223
l 4196 5274
l 4196 5277
l 4196 4197
l 4196 4224
l 4196 6424
l 4197 4198
l 4197 6409
l 4197 6408
l 4197 5288
l 4197 6398
l 4197 4729
l 4197 5287
l 4197 5274
l 4198 4729
l 4198 5288
l 4198 5287
l 4198 5274
l 4198 6408
l 4198 4726
l 4198 6409
l 4198 4728
l 4199 4271
l 4199 4721
l 4199 4725
l 4199 4231
l 4199 4272
l 4199 4270
l 4200 4798
l 4200 4780
l 4200 4721
l 4200 4724
l 4200 4308
l 4200 4310
l 4201 5303
l 4201 4204
l 4201 5342
l 4201 5309
l 4201 5330
l 4201 6402
l 4201 5302
l 4201 6403
l 4201 5341
l 4201 5308
l 4202 5302
l 4202 4203
l 4202 5341
l 4202 6400
l 4202 4204
l 4202 5299
l 4202 4244
l 4202 6402
l 4202 6401
l 4202 6364
l 4203 6364
l 4203 5299
l 4203 4976
l 4203 4244
l 4203 4245
l 4203 5341
l 4203 6400
l 4203 5302
l 4203 4243
l 4204 5341
l 4204 5302
l 4204 5303
l 4204 4244
l 4204 5330
l 4204 4755
l 4204 5342
l 4204 6402
l 4205 4757
l 4205 4208
l 4205 6363
l 4205 5342
l 4205 5309
l 4205 5310
l 4205 5308
l 4206 5331
l 4206 4207
l 4206 5329
l 4206 6362
l 4206 6363
l 4206 5339
l 4206 4208
l 4206 5310
l 4206 4906
l 4207 6362
l 4207 5339
l 4207 5331
l 4207 5338
l 4207 6363
l 4207 5310
l 4207 5307
l 4207 4906
l 4207 4905
l 4208 6363
l 4208 5310
l 4208 4757
l 4208 5309
l 4208 5307
l 4208 5308
l 4208 5342
l 4209 4289
l 4209 4210
l 4209 4286
l 4209 4291
l 4209 4317
l 4209 4287
l 4209 4964
l 4210 4965
l 4210 4287
l 4210 4286
l 4210 4964
l 4210 4675
l 4210 4962
l 4210 4751
l 4211 4212
l 4211 4380
l 4211 4283
l 4211 4214
l 4211 4284
l 4211 6368
l 4211 4213
l 4211 4379
l 4211 4752
l 4211 4753
l 4212 4752
l 4212 4284
l 4212 4213
l 4212 4753
l 4212 4754
l 4212 4214
l 4212 4283
l 4212 6313
l 4213 4754
l 4213 4214
l 4213 4251
l 4213 4752
l 4213 4226
l 4213 4250
l 4213 6368
l 4214 6368
l 4214 4250
l 4214 4251
l 4214 6367
l 4214 4754
l 4214 4380
l 4214 4737
l 4215 4698
l 4215 4216
l 4215 5223
l 4215 4217
l 4215 6411
l 4215 4218
l 4215 6410
l 4215 4702
l 4216 6411
l 4216 4698
l 4216 6410
l 4216 4217
l 4216 6467
l 4217 4218
l 4217 6410
l 4217 6466
l 4217 4697
l 4217 4698
l 4217 4382
l 4217 6457
l 4217 6458
l 4218 4697
l 4218 6344
l 4218 4382
l 4218 4698
l 4218 6466
l 4218 5223
l 4218 4383
l 4218 6410
l 4219 4220
l 4219 6429
l 4219 6346
l 4219 4223
l 4219 4224
l 4219 5277
l 4219 4221
l 4219 6428
l 4219 6341
l 4219 6345
l 4220 6346
l 4220 6341
l 4220 6429
l 4220 5277
l 4220 4223
l 4220 5276
l 4220 6345
l 4220 6347
l 4220 4221
l 4221 6345
l 4221 4222
l 4221 6342
l 4221 4383
l 4221 5281
l 4221 6429
l 4221 4699
l 4221 6341
l 4222 4383
l 4222 6345
l 4222 6342
l 4222 6428
l 4222 6429
l 4222 6344
l 4222 4382
l 4222 4699
l 4222 4697
l 4223 5277
l 4223 4224
l 4223 6426
l 4223 5276
l 4223 6429
l 4223 5274
l 4224 6427
l 4224 6426
l 4224 6429
l 4224 6397
l 4224 5277
l 4224 6428
l 4225 4252
l 4225 6415
l 4225 4226
l 4225 6416
l 4225 6414
l 4225 4251
l 4225 4253
l 4225 6417
l 4226 4251
l 4226 4754
l 4226 4252
l 4226 4250
l 4226 6415
l 4227 4248
l 4227 4228
l 4227 4249
l 4227 4230
l 4227 6415
l 4227 6414
l 4227 4247
l 4227 4246
l 4227 6416
l 4227 4229
l 4228 4230
l 4228 4229
l 4228 6414
l 4228 4892
l 4228 6413
l 4228 4249
l 4228 4248
l 4228 4771
l 4228 6415
l 4229 4771
l 4229 4230
l 4229 4892
l 4229 4242
l 4229 4766
l 4229 4893
l 4229 4249
l 4229 4245
l 4230 4249
l 4230 4242
l 4230 4771
l 4230 4246
l 4230 4245
l 4230 4248
l 4230 4892
l 4231 4307
l 4231 4306
l 4231 4233
l 4231 5273
l 4231 4232
l 4231 4794
l 4231 4721
l 4232 4233
l 4232 4295
l 4232 5271
l 4232 4292
l 4232 4307
l 4232 5272
l 4232 5273
l 4232 6432
l 4232 4306
l 4233 5273
l 4233 5272
l 4233 5271
l 4233 4295
l 4233 4307
l 4233 4272
l 4234 4235
l 4234 6433
l 4234 4237
l 4234 5281
l 4234 4787
l 4234 4301
l 4234 4236
l 4234 4786
l 4234 6338
l 4234 6342
l 4235 5281
l 4235 4237
l 4235 6433
l 4235 4236
l 4235 6338
l 4235 4786
l 4235 4787
l 4235 6342
l 4235 4301
l 4236 4237
l 4236 5279
l 4236 5282
l 4236 5281
l 4236 6433
l 4236 5278
l 4236 6342
l 4236 6432
l 4237 6433
l 4237 5279
l 4237 5281
l 4237 4301
l 4237 5282
l 4237 4294
l 4237 6432
l 4238 6391
l 4238 4239
l 4238 4719
l 4238 4241
l 4238 6477
l 4238 6392
l 4238 4240
l 4238 4720
l 4238 6457
l 4238 6467
l 4239 6477
l 4239 4240
l 4239 6391
l 4239 4241
l 4239 6467
l 4240 4241
l 4240 6476
l 4240 6312
l 4240 6477
l 4241 4720
l 4241 6312
l 4241 6311
l 4241 6476
l 4241 4719
l 4241 6391
l 4242 4771
l 4242 4245
l 4242 6364
l 4242 4766
l 4242 4249
l 4242 4246
l 4242 4243
l 4243 4244
l 4243 4770
l 4243 5341
l 4243 4766
l 4243 4769
l 4243 4767
l 4243 4771
l 4243 6364
l 4244 5341
l 4244 4770
l 4244 4769
l 4244 4766
l 4244 4767
l 4244 6364
l 4245 6364
l 4245 4771
l 4245 4977
l 4245 6365
l 4245 4249
l 4245 4246
l 4245 4976
l 4246 4249
l 4246 6365
l 4246 4247
l 4246 4248
l 4246 4977
l 4246 6418
l 4246 6420
l 4247 6418
l 4247 4248
l 4247 6417
l 4247 6419
l 4247 4249
l 4247 6420
l 4247 6416
l 4247 6365
l 4248 4249
l 4248 6416
l 4248 6418
l 4248 6415
l 4248 6417
l 4249 6365
l 4250 6367
l 4250 4251
l 4250 4253
l 4250 4252
l 4250 6366
l 4250 4910
l 4250 6368
l 4251 4252
l 4251 4253
l 4251 4754
l 4251 6367
l 4252 4253
l 4252 6416
l 4252 6417
l 4252 6415
l 4252 6366
l 4252 6419
l 4253 6366
l 4253 6417
l 4253 6416
l 4253 6419
l 4253 4911
l 4253 6367
l 4254 4255
l 4254 6299
l 4254 4257
l 4254 6288
l 4254 4256
l 4254 4695
l 4255 4695
l 4255 6288
l 4255 4256
l 4255 6299
l 4255 4257
l 4255 6289
l 4255 4696
l 4255 4969
l 4256 4257
l 4256 4696
l 4256 6312
l 4256 6476
l 4256 4695
l 4256 6311
l 4256 6306
l 4257 6476
l 4257 6312
l 4257 4696
l 4258 4261
l 4258 4878
l 4258 5015
l 4258 4975
l 4258 5328
l 4258 4259
l 4258 4875
l 4258 4764
l 4258 4260
l 4258 4267
l 4259 4260
l 4259 4878
l 4259 4261
l 4259 4877
l 4259 4876
l 4259 5332
l 4259 5013
l 4259 4267
l 4259 5010
l 4260 5013
l 4260 5332
l 4260 4261
l 4260 4877
l 4260 5010
l 4260 4267
l 4260 4878
l 4260 4980
l 4261 4975
l 4261 4267
l 4261 4878
l 4261 4266
l 4261 5013
l 4261 5328
l 4261 4764
l 4262 5340
l 4262 4265
l 4262 5363
l 4262 4263
l 4262 5365
l 4262 5354
l 4262 6452
l 4262 5338
l 4262 6451
l 4262 4264
l 4263 5365
l 4263 4264
l 4263 6435
l 4263 5364
l 4263 4265
l 4263 5340
l 4263 6436
l 4263 6434
l 4263 6453
l 4264 6453
l 4264 6435
l 4264 5365
l 4264 6434
l 4264 4265
l 4264 6452
l 4264 6436
l 4264 5364
l 4265 6452
l 4265 5340
l 4265 6451
l 4265 5363
l 4265 5365
l 4265 5354
l 4265 6455
l 4266 4765
l 4266 4267
l 4266 4975
l 4266 4269
l 4266 4274
l 4266 4764
l 4266 4268
l 4266 4282
l 4267 5013
l 4267 4268
l 4267 4975
l 4267 4885
l 4267 4269
l 4267 4765
l 4268 4269
l 4268 4885
l 4268 4855
l 4268 5013
l 4268 4854
l 4268 4884
l 4268 4282
l 4268 4765
l 4269 4282
l 4269 4854
l 4269 4765
l 4269 4281
l 4269 4279
l 4269 4855
l 4269 4274
l 4270 4272
l 4270 5311
l 4270 5273
l 4270 5283
l 4270 4271
l 4270 6349
l 4270 6348
l 4270 6340
l 4271 4725
l 4271 4722
l 4271 4721
l 4271 5311
l 4272 5273
l 4272 6340
l 4272 5311
l 4272 5272
l 4273 4276
l 4273 4764
l 4273 4906
l 4273 5327
l 4273 5329
l 4273 4274
l 4273 4275
l 4273 5328
l 4273 4975
l 4273 5331
l 4274 4275
l 4274 4765
l 4274 4907
l 4274 4764
l 4274 4281
l 4274 4276
l 4274 4282
l 4274 4888
l 4275 4907
l 4275 4765
l 4275 4904
l 4275 4276
l 4275 4906
l 4275 4888
l 4275 4764
l 4275 4281
l 4276 4906
l 4276 4905
l 4276 4764
l 4276 5329
l 4276 5331
l 4276 5327
l 4276 5363
l 4277 4791
l 4277 4278
l 4277 5186
l 4277 5149
l 4277 4792
l 4277 5146
l 4277 4796
l 4278 4792
l 4278 4879
l 4278 6282
l 4278 4882
l 4278 4791
l 4278 4795
l 4279 4280
l 4279 4854
l 4279 4282
l 4279 4860
l 4279 4281
l 4279 4887
l 4279 4857
l 4279 4718
l 4279 4888
l 4280 4887
l 4280 4281
l 4280 4860
l 4280 4888
l 4280 4718
l 4280 4282
l 4280 4854
l 4280 4745
l 4280 4717
l 4281 4282
l 4281 4888
l 4281 4765
l 4281 4744
l 4281 4887
l 4282 4765
l 4282 4888
l 4282 4854
l 4283 4379
l 4283 4284
l 4283 6304
l 4283 6303
l 4283 4380
l 4283 6305
l 4283 4378
l 4283 4753
l 4284 4753
l 4284 6303
l 4284 6313
l 4284 4752
l 4284 6304
l 4284 4749
l 4284 4748
l 4285 4290
l 4285 4376
l 4285 4286
l 4285 4288
l 4285 4287
l 4285 4373
l 4285 4291
l 4285 6296
l 4285 4375
l 4285 4377
l 4286 4291
l 4286 4287
l 4286 4290
l 4286 4289
l 4286 4288
l 4286 4965
l 4286 4332
l 4287 4675
l 4287 4288
l 4287 4965
l 4287 4676
l 4287 4751
l 4287 4750
l 4288 6296
l 4288 4676
l 4288 4675
l 4288 4376
l 4288 6297
l 4288 4377
l 4288 6295
l 4289 4317
l 4289 4291
l 4289 4332
l 4289 4318
l 4289 6375
l 4290 4373
l 4290 4291
l 4290 4331
l 4290 4374
l 4290 4332
l 4290 4376
l 4290 4375
l 4290 6377
l 4291 4332
l 4291 4331
l 4291 4317
l 4291 6378
l 4292 4793
l 4292 4295
l 4292 4294
l 4292 4293
l 4292 4306
l 4292 4313
l 4292 4794
l 4292 6432
l 4293 4313
l 4293 4294
l 4293 4301
l 4293 4302
l 4293 4793
l 4293 4314
l 4293 6432
l 4293 6433
l 4294 6432
l 4294 5279
l 4294 4313
l 4294 6433
l 4294 4295
l 4294 4301
l 4294 5278
l 4295 4793
l 4295 6432
l 4295 5271
l 4295 4306
l 4295 4307
l 4296 4305
l 4296 4297
l 4296 4299
l 4296 6511
l 4296 4304
l 4296 4298
l 4296 5251
l 4296 6509
l 4296 5256
l 4296 5257
l 4297 4920
l 4297 6509
l 4297 4298
l 4297 4299
l 4297 6511
l 4297 4921
l 4297 6510
l 4297 4305
l 4297 4311
l 4298 4299
l 4298 4311
l 4298 4921
l 4298 4312
l 4298 4928
l 4298 4920
l 4298 4424
l 4298 4304
l 4299 4304
l 4299 4312
l 4299 4424
l 4299 4311
l 4299 4305
l 4299 5257
l 4299 5259
l 4300 4303
l 4300 4787
l 4300 4302
l 4300 4315
l 4300 4786
l 4300 4301
l 4300 4704
l 4300 4784
l 4300 4314
l 4300 4703
l 4301 6433
l 4301 4302
l 4301 4314
l 4301 4787
l 4302 4314
l 4302 4303
l 4302 4313
l 4302 6433
l 4302 4315
l 4302 4787
l 4303 4315
l 4303 4314
l 4303 4703
l 4303 4316
l 4303 4704
l 4303 4787
l 4304 5257
l 4304 4424
l 4304 5259
l 4304 4305
l 4304 5258
l 4304 4312
l 4304 5256
l 4304 5260
l 4305 5256
l 4305 5251
l 4305 5257
l 4305 5252
l 4305 5254
l 4305 5258
l 4305 6511
l 4306 4794
l 4306 4307
l 4306 4309
l 4306 4762
l 4306 4793
l 4307 4794
l 4307 4309
l 4308 4309
l 4308 4721
l 4308 4762
l 4308 4310
l 4309 4762
l 4309 4721
l 4309 4310
l 4309 4763
l 4309 4794
l 4310 4763
l 4310 4780
l 4310 4788
l 4310 4800
l 4310 4762
l 4311 4312
l 4311 4928
l 4311 4419
l 4311 4353
l 4311 6550
l 4311 4424
l 4311 4921
l 4311 4356
l 4312 4424
l 4312 4353
l 4312 4356
l 4312 4419
l 4312 5259
l 4312 5261
l 4313 4314
l 4313 4793
l 4314 4315
l 4315 4316
l 4315 4703
l 4316 4703
l 4316 4704
l 4317 6375
l 4317 4332
l 4317 4318
l 4317 6378
l 4317 6376
l 4317 5254
l 4318 6376
l 4318 4333
l 4318 6375
l 4318 6379
l 4318 5258
l 4319 6512
l 4319 4322
l 4319 4320
l 4319 6506
l 4319 6508
l 4319 4321
l 4319 6513
l 4319 6521
l 4319 6520
l 4319 6507
l 4320 6513
l 4320 4321
l 4320 4326
l 4320 6512
l 4320 4325
l 4320 4322
l 4320 4371
l 4320 6520
l 4320 6514
l 4321 4714
l 4321 4322
l 4321 4325
l 4321 4358
l 4321 4326
l 4321 4340
l 4321 6513
l 4321 6512
l 4322 4340
l 4322 4747
l 4322 6506
l 4322 4714
l 4322 4339
l 4322 6508
l 4322 6512
l 4323 4324
l 4323 4370
l 4323 4371
l 4323 4326
l 4323 4357
l 4323 4369
l 4324 4357
l 4324 4325
l 4324 4326
l 4325 4326
l 4325 4358
l 4325 4357
l 4325 4371
l 4325 4714
l 4325 6513
l 4326 4371
l 4326 6513
l 4326 4370
l 4326 4372
l 4326 6514
l 4327 4730
l 4327 4330
l 4327 4328
l 4327 4731
l 4327 4329
l 4327 6542
l 4327 6523
l 4328 4731
l 4328 6530
l 4328 4329
l 4328 6531
l 4328 6536
l 4328 4330
l 4328 4730
l 4328 6533
l 4328 6540
l 4329 6536
l 4329 6524
l 4329 4330
l 4329 6530
l 4329 6543
l 4329 6523
l 4329 6537
l 4329 6522
l 4330 6523
l 4330 6524
l 4330 5249
l 4330 4730
l 4331 6377
l 4331 4374
l 4331 4332
l 4331 6371
l 4331 6378
l 4331 4373
l 4331 6390
l 4332 6378
l 4332 6377
l 4332 6375
l 4332 5255
l 4333 6379
l 4333 4426
l 4333 6384
l 4333 5260
l 4333 4425
l 4333 6376
l 4334 4712
l 4334 4337
l 4334 4360
l 4334 4335
l 4334 4950
l 4334 4336
l 4334 4713
l 4334 4359
l 4334 4803
l 4334 4392
l 4335 4336
l 4335 4713
l 4335 4431
l 4335 4712
l 4335 4390
l 4335 4337
l 4335 4746
l 4335 4802
l 4335 4391
l 4336 4391
l 4336 4337
l 4336 4390
l 4336 4389
l 4336 4431
l 4336 4392
l 4336 4713
l 4336 4460
l 4337 4392
l 4337 4359
l 4337 4391
l 4337 4360
l 4337 4444
l 4337 4712
l 4337 4448
l 4338 4339
l 4338 4388
l 4338 4390
l 4338 4341
l 4338 4449
l 4338 4389
l 4338 4340
l 4338 4431
l 4338 4459
l 4338 4747
l 4339 4747
l 4339 4340
l 4339 4431
l 4339 4390
l 4339 4341
l 4339 4746
l 4339 6506
l 4339 4388
l 4340 4341
l 4340 4714
l 4340 4384
l 4340 4747
l 4340 4449
l 4341 4449
l 4341 4384
l 4341 4387
l 4341 4388
l 4341 4714
l 4341 4936
l 4342 4344
l 4342 4407
l 4342 6381
l 4342 4822
l 4342 6568
l 4342 6875
l 4342 5267
l 4342 4405
l 4342 4406
l 4342 4690
l 4343 6380
l 4343 6567
l 4343 5264
l 4343 4344
l 4343 4923
l 4344 6381
l 4344 4407
l 4344 6568
l 4344 4822
l 4344 5267
l 4344 4405
l 4344 4690
l 4344 6380
l 4345 4348
l 4345 4403
l 4345 6383
l 4345 4814
l 4345 4813
l 4345 6570
l 4345 4810
l 4345 5235
l 4345 5268
l 4345 6569
l 4346 4347
l 4346 4404
l 4346 6382
l 4346 4809
l 4346 6569
l 4346 4403
l 4346 4405
l 4346 4812
l 4346 4406
l 4346 4690
l 4347 6382
l 4347 4404
l 4347 6569
l 4347 5269
l 4347 4809
l 4347 5266
l 4347 6572
l 4347 4693
l 4347 4403
l 4348 6383
l 4348 6570
l 4348 4403
l 4348 4814
l 4348 4813
l 4348 5268
l 4348 4810
l 4348 5235
l 4348 5269
l 4349 4815
l 4349 4352
l 4349 4970
l 4349 4350
l 4349 6564
l 4349 4351
l 4349 4692
l 4349 4816
l 4349 6563
l 4349 5268
l 4350 4816
l 4350 4351
l 4350 4815
l 4350 6564
l 4350 6565
l 4350 5268
l 4351 5268
l 4351 6570
l 4351 4352
l 4351 4816
l 4351 4815
l 4352 5269
l 4352 4692
l 4352 6569
l 4352 5268
l 4352 6570
l 4352 6383
l 4352 4693
l 4353 4356
l 4353 4419
l 4353 5261
l 4353 4355
l 4353 4354
l 4353 5262
l 4353 4985
l 4353 6550
l 4354 4355
l 4354 4985
l 4354 5262
l 4354 5263
l 4354 5265
l 4354 6555
l 4354 4984
l 4354 4419
l 4354 6573
l 4355 5262
l 4355 4985
l 4355 6573
l 4355 4356
l 4355 5265
l 4355 5263
l 4355 6574
l 4355 4984
l 4356 5261
l 4356 5262
l 4356 6571
l 4356 4424
l 4356 4419
l 4356 6573
l 4357 4837
l 4357 4358
l 4358 4385
l 4358 4837
l 4358 4714
l 4358 4384
l 4359 4360
l 4359 4444
l 4359 4361
l 4359 4392
l 4359 4364
l 4359 4393
l 4359 4950
l 4359 4447
l 4360 4950
l 4360 4364
l 4360 4974
l 4360 4712
l 4360 4951
l 4360 4361
l 4360 6878
l 4361 4393
l 4361 4364
l 4361 4362
l 4361 4363
l 4361 4444
l 4361 4394
l 4361 4974
l 4361 4432
l 4362 4363
l 4362 4394
l 4362 4840
l 4362 4972
l 4362 4393
l 4362 4839
l 4362 4364
l 4362 4973
l 4362 4646
l 4363 4973
l 4363 4972
l 4363 4646
l 4363 4364
l 4363 6556
l 4363 4649
l 4363 4840
l 4363 4974
l 4364 4974
l 4364 4973
l 4364 6878
l 4364 4950
l 4364 6556
l 4365 4368
l 4365 4926
l 4365 4651
l 4365 6554
l 4366 4367
l 4366 4925
l 4366 6563
l 4366 6566
l 4366 4694
l 4366 6564
l 4366 6553
l 4366 6565
l 4366 4970
l 4367 4925
l 4367 6553
l 4367 6563
l 4367 4694
l 4367 6566
l 4367 6564
l 4367 4970
l 4367 4711
l 4367 6565
l 4368 4926
l 4368 6554
l 4368 4651
l 4368 4652
l 4369 4370
l 4369 6562
l 4369 4372
l 4369 6561
l 4369 4371
l 4369 6542
l 4370 4371
l 4370 4372
l 4370 6562
l 4371 4372
l 4371 6513
l 4371 6514
l 4371 6561
l 4372 6561
l 4372 6514
l 4372 6529
l 4372 6562
l 4372 6513
l 4372 6540
l 4373 4375
l 4373 4374
l 4373 4376
l 4373 6390
l 4373 4377
l 4373 6388
l 4374 6390
l 4374 6371
l 4374 6377
l 4374 6372
l 4374 4375
l 4374 6389
l 4375 6388
l 4375 4377
l 4375 6390
l 4375 4376
l 4375 6389
l 4375 6546
l 4375 6373
l 4376 4377
l 4376 6296
l 4376 6295
l 4376 6546
l 4376 6388
l 4377 6546
l 4377 6295
l 4377 6296
l 4377 6388
l 4377 4733
l 4377 6475
l 4378 4379
l 4378 6311
l 4378 6306
l 4378 4381
l 4378 6305
l 4378 4696
l 4378 4380
l 4378 4720
l 4378 6312
l 4379 6305
l 4379 4380
l 4379 6304
l 4379 6306
l 4379 4381
l 4379 6311
l 4380 4381
l 4380 6368
l 4380 4737
l 4381 4720
l 4381 4737
l 4381 4736
l 4381 6311
l 4381 6368
l 4382 4383
l 4382 6466
l 4382 6430
l 4382 4697
l 4382 6428
l 4382 6431
l 4382 6344
l 4383 6428
l 4383 4697
l 4383 6430
l 4383 6344
l 4383 6345
l 4383 6429
l 4384 4714
l 4384 4387
l 4384 4386
l 4384 4385
l 4384 4449
l 4385 4420
l 4385 4627
l 4385 4837
l 4385 4838
l 4385 4386
l 4385 4714
l 4386 4423
l 4386 4387
l 4386 4934
l 4386 4454
l 4386 4420
l 4386 4933
l 4386 4422
l 4387 4449
l 4387 4933
l 4387 4934
l 4387 4936
l 4387 4423
l 4387 4714
l 4387 4454
l 4388 4459
l 4388 4449
l 4388 4389
l 4388 4936
l 4388 4390
l 4388 4458
l 4388 4456
l 4388 4935
l 4389 4458
l 4389 4390
l 4389 4391
l 4389 4459
l 4389 4460
l 4389 4456
l 4389 4457
l 4390 4431
l 4390 4391
l 4390 4458
l 4390 4459
l 4391 4460
l 4391 4458
l 4391 4392
l 4391 4448
l 4391 4457
l 4391 4461
l 4392 4448
l 4392 4444
l 4392 4460
l 4392 4447
l 4392 4445
l 4392 4461
l 4393 4432
l 4393 4394
l 4393 4444
l 4393 4447
l 4393 4435
l 4393 4433
l 4394 4435
l 4394 4839
l 4394 4840
l 4394 4432
l 4394 4841
l 4394 4434
l 4395 4708
l 4395 4398
l 4395 4711
l 4395 4709
l 4395 4396
l 4395 4451
l 4396 4758
l 4396 4397
l 4396 4708
l 4396 4840
l 4396 4647
l 4396 4711
l 4396 4398
l 4396 4839
l 4396 4972
l 4397 4629
l 4397 4398
l 4397 4839
l 4397 4437
l 4397 4758
l 4397 4840
l 4397 4841
l 4398 4437
l 4398 4450
l 4398 4451
l 4399 4402
l 4399 4953
l 4399 4649
l 4399 4691
l 4399 4693
l 4399 5266
l 4399 4759
l 4399 6572
l 4399 5267
l 4399 4692
l 4400 4401
l 4400 4924
l 4400 4952
l 4400 5264
l 4400 6567
l 4400 5267
l 4400 6874
l 4400 4986
l 4400 6556
l 4400 6568
l 4401 4952
l 4401 4924
l 4401 5264
l 4401 6556
l 4401 5267
l 4401 6568
l 4401 6567
l 4401 4691
l 4401 6874
l 4402 4953
l 4402 4691
l 4402 4649
l 4402 5267
l 4402 4693
l 4402 5266
l 4402 4759
l 4402 6572
l 4402 4952
l 4403 4810
l 4403 6383
l 4403 4813
l 4403 4814
l 4403 5235
l 4403 4809
l 4403 6570
l 4403 4404
l 4404 4809
l 4404 6382
l 4404 4812
l 4404 6569
l 4404 4406
l 4404 4405
l 4404 4411
l 4405 4406
l 4405 4690
l 4405 6385
l 4405 4821
l 4405 6572
l 4405 6285
l 4405 5266
l 4406 4821
l 4406 4690
l 4406 6385
l 4406 6285
l 4406 6572
l 4406 4410
l 4407 4822
l 4407 6381
l 4407 6875
l 4407 6568
l 4407 6877
l 4407 4821
l 4408 4411
l 4408 4412
l 4408 4812
l 4408 4809
l 4408 4806
l 4408 4409
l 4408 4687
l 4408 4807
l 4408 4410
l 4408 6310
l 4409 4410
l 4409 4413
l 4409 6285
l 4409 4821
l 4409 6308
l 4409 6876
l 4409 4412
l 4409 6877
l 4409 4411
l 4410 6285
l 4410 4821
l 4410 4413
l 4410 4411
l 4410 4812
l 4410 6875
l 4410 6877
l 4411 4812
l 4411 4809
l 4411 4412
l 4411 4811
l 4411 4807
l 4411 6285
l 4412 4687
l 4412 6310
l 4412 4413
l 4412 6308
l 4412 4806
l 4412 4812
l 4412 4415
l 4413 6308
l 4413 6307
l 4413 4900
l 4413 6876
l 4413 4416
l 4414 4687
l 4414 4689
l 4414 4415
l 4414 4416
l 4414 4688
l 4414 4825
l 4414 6308
l 4414 6310
l 4415 4416
l 4415 6308
l 4415 4687
l 4416 6308
l 4416 4687
l 4416 4900
l 4417 6502
l 4417 4418
l 4417 6275
l 4417 6501
l 4418 6501
l 4418 6314
l 4418 6502
l 4418 6315
l 4418 6500
l 4419 6550
l 4419 4985
l 4419 4928
l 4419 6555
l 4420 4627
l 4420 4624
l 4420 4423
l 4420 4421
l 4420 4987
l 4421 4626
l 4421 4422
l 4421 4625
l 4421 6549
l 4422 4423
l 4422 4455
l 4422 4927
l 4423 4454
l 4423 4455
l 4424 5259
l 4424 5261
l 4424 5260
l 4424 5257
l 4424 6571
l 4425 4426
l 4425 6384
l 4425 4922
l 4426 6384
l 4426 4922
l 4426 6571
l 4426 6386
l 4426 6379
l 4427 5224
l 4427 4428
l 4427 6343
l 4427 5226
l 4427 6879
l 4427 4896
l 4427 4678
l 4427 4681
l 4428 6309
l 4428 6343
l 4428 6879
l 4428 6291
l 4428 5224
l 4428 6301
l 4429 4430
l 4429 4829
l 4429 6490
l 4429 4826
l 4429 6479
l 4429 6489
l 4429 4828
l 4430 6490
l 4430 4829
l 4430 6489
l 4431 4746
l 4431 4747
l 4431 4713
l 4431 6505
l 4432 4433
l 4432 4435
l 4432 4447
l 4432 4446
l 4432 4434
l 4432 4444
l 4432 6547
l 4433 6547
l 4433 4434
l 4433 4446
l 4433 4464
l 4433 4435
l 4433 4672
l 4433 4447
l 4433 4937
l 4434 4435
l 4434 4672
l 4434 4842
l 4434 6547
l 4434 4841
l 4434 4671
l 4434 4673
l 4435 4841
l 4435 4842
l 4435 4839
l 4435 4672
l 4436 4450
l 4436 4439
l 4436 4929
l 4436 4437
l 4437 4438
l 4437 4629
l 4437 4450
l 4438 4441
l 4438 4439
l 4438 4628
l 4438 4440
l 4439 4930
l 4439 4440
l 4440 4989
l 4440 4443
l 4440 4441
l 4441 4442
l 4441 4631
l 4441 4443
l 4442 4514
l 4442 4443
l 4442 4630
l 4443 4990
l 4443 4515
l 4444 4447
l 4444 4448
l 4444 4446
l 4444 4445
l 4445 4448
l 4445 4465
l 4445 4461
l 4445 4467
l 4445 4446
l 4445 4447
l 4445 4464
l 4445 4460
l 4445 4466
l 4445 4462
l 4446 4447
l 4446 4464
l 4446 4465
l 4446 6547
l 4446 4448
l 4446 4463
l 4447 4448
l 4447 4464
l 4447 4465
l 4448 4460
l 4448 4461
l 4448 4465
l 4448 4467
l 4449 4936
l 4449 4933
l 4449 4459
l 4449 4935
l 4450 4451
l 4450 4927
l 4450 4709
l 4451 4709
l 4451 4710
l 4451 6554
l 4452 4453
l 4452 4930
l 4452 4481
l 4452 4455
l 4453 4931
l 4453 4480
l 4453 4454
l 4453 4481
l 4453 4475
l 4453 4934
l 4453 4455
l 4454 4934
l 4454 4455
l 4455 4929
l 4456 4471
l 4456 4935
l 4456 4459
l 4456 4457
l 4456 4472
l 4456 4458
l 4456 4936
l 4456 4468
l 4456 4473
l 4456 4474
l 4457 4468
l 4457 4458
l 4457 4461
l 4457 4471
l 4457 4460
l 4457 4459
l 4457 4467
l 4457 4470
l 4457 4469
l 4458 4459
l 4458 4460
l 4458 4461
l 4458 4471
l 4458 4468
l 4459 4936
l 4459 4935
l 4459 4471
l 4459 4472
l 4460 4461
l 4460 4468
l 4460 4467
l 4461 4467
l 4461 4468
l 4461 4465
l 4461 4469
l 4461 4466
l 4462 4509
l 4462 4465
l 4462 4466
l 4462 4463
l 4462 4508
l 4462 4464
l 4462 4518
l 4462 4467
l 4462 4520
l 4462 4654
l 4463 4518
l 4463 4464
l 4463 4937
l 4463 4509
l 4463 6547
l 4463 4517
l 4463 4465
l 4463 4654
l 4463 4519
l 4464 6547
l 4464 4465
l 4464 4937
l 4464 4518
l 4465 4467
l 4465 4466
l 4465 4509
l 4465 4508
l 4466 4508
l 4466 4467
l 4466 4469
l 4466 4511
l 4466 4509
l 4466 4468
l 4466 4521
l 4466 4520
l 4467 4468
l 4467 4469
l 4467 4511
l 4467 4508
l 4468 4469
l 4468 4471
l 4468 4470
l 4468 4510
l 4468 4511
l 4469 4511
l 4469 4470
l 4469 4510
l 4469 4471
l 4469 4508
l 4469 4522
l 4469 4655
l 4470 4473
l 4470 4510
l 4470 4471
l 4470 4655
l 4470 4472
l 4470 4511
l 4470 4656
l 4470 4477
l 4471 4472
l 4471 4473
l 4471 4935
l 4471 4477
l 4471 4655
l 4472 4474
l 4472 4473
l 4472 4935
l 4472 4477
l 4472 4932
l 4472 4476
l 4472 4475
l 4473 4477
l 4473 4655
l 4473 4656
l 4473 4510
l 4473 4474
l 4473 4476
l 4473 4657
l 4474 4475
l 4474 4477
l 4474 4932
l 4474 4476
l 4474 4935
l 4474 4931
l 4474 4480
l 4475 4480
l 4475 4476
l 4475 4931
l 4475 4932
l 4475 4479
l 4475 4477
l 4475 4481
l 4476 4477
l 4476 4479
l 4476 4657
l 4476 4513
l 4476 4656
l 4476 4480
l 4476 4478
l 4477 4656
l 4477 4657
l 4477 4655
l 4477 4479
l 4478 4479
l 4478 4990
l 4478 4512
l 4478 4481
l 4478 4991
l 4478 4513
l 4479 4513
l 4479 4480
l 4479 4512
l 4479 4657
l 4479 4481
l 4479 4990
l 4480 4481
l 4480 4931
l 4481 4989
l 4481 4990
l 4482 4994
l 4482 4483
l 4482 4485
l 4482 4550
l 4482 4995
l 4482 4484
l 4482 4549
l 4482 4993
l 4482 4502
l 4482 4486
l 4483 4486
l 4483 4549
l 4483 4484
l 4483 4489
l 4483 4550
l 4483 4536
l 4483 4485
l 4483 4487
l 4483 4994
l 4484 4489
l 4484 4485
l 4484 4526
l 4484 4525
l 4484 4486
l 4484 4527
l 4484 4488
l 4484 4993
l 4485 4993
l 4485 4527
l 4485 4994
l 4485 4526
l 4485 4992
l 4485 4489
l 4486 4487
l 4486 4489
l 4486 4536
l 4486 4488
l 4486 4549
l 4486 4537
l 4486 4492
l 4486 4491
l 4487 4492
l 4487 4488
l 4487 4537
l 4487 4491
l 4487 4536
l 4487 4489
l 4487 4538
l 4487 4490
l 4488 4489
l 4488 4491
l 4488 4524
l 4488 4523
l 4488 4525
l 4488 4492
l 4488 4490
l 4489 4525
l 4489 4524
l 4489 4526
l 4489 4491
l 4490 4491
l 4490 4493
l 4490 4522
l 4490 4495
l 4490 4492
l 4490 4521
l 4490 4523
l 4490 4494
l 4491 4492
l 4491 4523
l 4491 4522
l 4491 4524
l 4491 4493
l 4492 4493
l 4492 4538
l 4492 4537
l 4492 4555
l 4492 4536
l 4493 4555
l 4493 4494
l 4493 4538
l 4493 4495
l 4493 4539
l 4493 4537
l 4494 4495
l 4494 4539
l 4494 4496
l 4494 4497
l 4494 4555
l 4494 4540
l 4494 4520
l 4495 4521
l 4495 4497
l 4495 4520
l 4495 4496
l 4495 4522
l 4495 4555
l 4496 4497
l 4496 4540
l 4496 4499
l 4496 4539
l 4496 4498
l 4496 4541
l 4496 4520
l 4496 4555
l 4497 4520
l 4497 4498
l 4497 4654
l 4497 4499
l 4497 4521
l 4497 4539
l 4497 4540
l 4498 4499
l 4498 4654
l 4498 4532
l 4498 4519
l 4498 4533
l 4498 4520
l 4498 4541
l 4498 4509
l 4499 4541
l 4499 4533
l 4499 4540
l 4499 4532
l 4499 4542
l 4499 4654
l 4499 6873
l 4500 4503
l 4500 4501
l 4500 4529
l 4500 4634
l 4501 4502
l 4501 4635
l 4501 4545
l 4501 4544
l 4502 4994
l 4502 4503
l 4502 4544
l 4502 4993
l 4503 4993
l 4503 4528
l 4504 4507
l 4504 4658
l 4504 4634
l 4504 4505
l 4504 4506
l 4504 4633
l 4504 4635
l 4504 4661
l 4505 4506
l 4505 4661
l 4505 4531
l 4505 4530
l 4505 4658
l 4505 4507
l 4505 4516
l 4505 4535
l 4505 4660
l 4506 4535
l 4506 4530
l 4506 4507
l 4506 4534
l 4506 4843
l 4506 4531
l 4506 6872
l 4506 6871
l 4507 4843
l 4507 4635
l 4507 4535
l 4507 4636
l 4507 4634
l 4507 6872
l 4508 4520
l 4508 4511
l 4508 4521
l 4508 4509
l 4508 4654
l 4509 4654
l 4509 4518
l 4509 4520
l 4509 4519
l 4510 4655
l 4510 4522
l 4510 4511
l 4510 4523
l 4510 4521
l 4510 4524
l 4510 4656
l 4511 4521
l 4511 4522
l 4511 4520
l 4511 4523
l 4512 4513
l 4512 4991
l 4512 4527
l 4512 4992
l 4512 4526
l 4512 4990
l 4513 4657
l 4513 4526
l 4513 4527
l 4513 4525
l 4513 4656
l 4513 4991
l 4514 4529
l 4514 4515
l 4514 4632
l 4515 4991
l 4515 4528
l 4516 4531
l 4516 4517
l 4516 4661
l 4516 4519
l 4516 4532
l 4516 4660
l 4516 4518
l 4516 4530
l 4516 4533
l 4517 4937
l 4517 4518
l 4517 4660
l 4517 4519
l 4517 4673
l 4517 4661
l 4517 4531
l 4517 4532
l 4518 4519
l 4518 4654
l 4518 4937
l 4518 4532
l 4519 4532
l 4519 4654
l 4519 4531
l 4519 4533
l 4520 4521
l 4520 4654
l 4521 4522
l 4522 4523
l 4522 4655
l 4522 4524
l 4523 4524
l 4523 4655
l 4523 4656
l 4523 4525
l 4524 4525
l 4524 4656
l 4524 4655
l 4524 4657
l 4524 4526
l 4525 4526
l 4525 4657
l 4525 4656
l 4525 4527
l 4526 4527
l 4526 4657
l 4526 4992
l 4527 4992
l 4527 4993
l 4527 4991
l 4528 4992
l 4528 4529
l 4529 4633
l 4530 4534
l 4530 4531
l 4530 4533
l 4530 4542
l 4530 4535
l 4530 4532
l 4530 6871
l 4530 6873
l 4531 4532
l 4531 4533
l 4531 4661
l 4531 4534
l 4532 4533
l 4532 4654
l 4532 4542
l 4533 4542
l 4533 4541
l 4533 4534
l 4533 6873
l 4534 6871
l 4534 4542
l 4534 4535
l 4534 6873
l 4534 6872
l 4534 4665
l 4534 4843
l 4535 6872
l 4535 4843
l 4535 6871
l 4535 4844
l 4535 6873
l 4535 4665
l 4536 4537
l 4536 4549
l 4536 4551
l 4536 4548
l 4536 4538
l 4536 4552
l 4536 4550
l 4537 4538
l 4537 4552
l 4537 4551
l 4537 4553
l 4537 4549
l 4537 4555
l 4538 4555
l 4538 4553
l 4538 4552
l 4538 4556
l 4538 4551
l 4539 4555
l 4539 4554
l 4539 4540
l 4539 4556
l 4539 4557
l 4540 4557
l 4540 4541
l 4540 4554
l 4540 4559
l 4540 4555
l 4541 4542
l 4541 6873
l 4541 4559
l 4541 4557
l 4541 6871
l 4542 6873
l 4542 6871
l 4542 4559
l 4542 6872
l 4542 4665
l 4543 4996
l 4543 4546
l 4543 4544
l 4543 4566
l 4543 4995
l 4543 4545
l 4543 4565
l 4543 4547
l 4543 4999
l 4544 4995
l 4544 4545
l 4544 4994
l 4544 4996
l 4544 4550
l 4545 4636
l 4545 4546
l 4545 4635
l 4546 4637
l 4546 4565
l 4546 4636
l 4546 4566
l 4546 4996
l 4547 4996
l 4547 4548
l 4547 4550
l 4547 4567
l 4547 4549
l 4547 4995
l 4547 4999
l 4547 4568
l 4547 4551
l 4548 4551
l 4548 4549
l 4548 4568
l 4548 4550
l 4548 4567
l 4548 4670
l 4548 4552
l 4548 4996
l 4549 4550
l 4549 4551
l 4549 4995
l 4550 4995
l 4550 4996
l 4550 4994
l 4551 4552
l 4551 4670
l 4551 4568
l 4551 4666
l 4551 4553
l 4552 4553
l 4552 4666
l 4552 4670
l 4552 4667
l 4552 4556
l 4553 4556
l 4553 4667
l 4553 4555
l 4553 4666
l 4553 4571
l 4553 4670
l 4554 4556
l 4554 4570
l 4554 4557
l 4554 4571
l 4554 4555
l 4554 4560
l 4555 4556
l 4556 4571
l 4556 4667
l 4556 4570
l 4556 4666
l 4557 4560
l 4557 4559
l 4557 4570
l 4557 4558
l 4557 6873
l 4558 4559
l 4558 4585
l 4558 4662
l 4558 4560
l 4558 4665
l 4558 4589
l 4558 4586
l 4558 6873
l 4558 6871
l 4559 6873
l 4559 4665
l 4559 6871
l 4559 4560
l 4559 4662
l 4560 4586
l 4560 4570
l 4560 4569
l 4560 4585
l 4561 4846
l 4561 4562
l 4561 4590
l 4561 4564
l 4561 4563
l 4561 4847
l 4561 4845
l 4561 4588
l 4561 4641
l 4561 4944
l 4562 4944
l 4562 4588
l 4562 4563
l 4562 4590
l 4562 4604
l 4562 4564
l 4562 4587
l 4562 4846
l 4562 4581
l 4563 4564
l 4563 4604
l 4563 4603
l 4563 4605
l 4563 4847
l 4563 4608
l 4563 4944
l 4563 4600
l 4564 4847
l 4564 4608
l 4564 4603
l 4564 4846
l 4564 4848
l 4564 4643
l 4564 4604
l 4565 4566
l 4565 4640
l 4565 4639
l 4565 4637
l 4565 4638
l 4566 4999
l 4566 4997
l 4566 4996
l 4566 4639
l 4566 4998
l 4566 4567
l 4567 4999
l 4567 4568
l 4567 4578
l 4567 4577
l 4567 4998
l 4567 4996
l 4567 4670
l 4568 4670
l 4568 4577
l 4568 4668
l 4568 4578
l 4568 4999
l 4568 4666
l 4569 4572
l 4569 4570
l 4569 4582
l 4569 4586
l 4569 4583
l 4569 4571
l 4569 4587
l 4569 4943
l 4569 4942
l 4570 4571
l 4570 4572
l 4570 4586
l 4570 4667
l 4571 4667
l 4571 4572
l 4571 4943
l 4571 4666
l 4572 4943
l 4572 4583
l 4572 4942
l 4572 4667
l 4572 4582
l 4572 4669
l 4572 4666
l 4573 4574
l 4573 4641
l 4573 4576
l 4573 4593
l 4573 5001
l 4573 4592
l 4574 5001
l 4574 4575
l 4574 4592
l 4574 4596
l 4574 5002
l 4574 4576
l 4574 5000
l 4575 5000
l 4575 4576
l 4575 4997
l 4575 4998
l 4575 5001
l 4575 4579
l 4576 4642
l 4576 4639
l 4576 4997
l 4577 4578
l 4577 4668
l 4577 4580
l 4577 4938
l 4577 4579
l 4577 4670
l 4577 4998
l 4577 4669
l 4578 4998
l 4578 4579
l 4578 4999
l 4578 4580
l 4578 5000
l 4578 4997
l 4578 4668
l 4579 5000
l 4579 4580
l 4579 4596
l 4579 4998
l 4579 4595
l 4579 5001
l 4579 4938
l 4580 4938
l 4580 4595
l 4580 5000
l 4580 4596
l 4580 4941
l 4580 4668
l 4580 4940
l 4581 4584
l 4581 4944
l 4581 4582
l 4581 4600
l 4581 4587
l 4581 4601
l 4581 4583
l 4581 4604
l 4581 4947
l 4582 4583
l 4582 4587
l 4582 4584
l 4582 4586
l 4582 4944
l 4582 4942
l 4582 4947
l 4583 4942
l 4583 4584
l 4583 4947
l 4583 4943
l 4583 4940
l 4583 4587
l 4584 4947
l 4584 4601
l 4584 4948
l 4584 4942
l 4584 4939
l 4584 4600
l 4584 4944
l 4585 4589
l 4585 4588
l 4585 4586
l 4585 4662
l 4585 4587
l 4585 4590
l 4585 4663
l 4586 4587
l 4586 4588
l 4587 4588
l 4587 4944
l 4587 4590
l 4588 4590
l 4588 4944
l 4588 4589
l 4588 4845
l 4589 4662
l 4589 4663
l 4589 4590
l 4589 4845
l 4589 4664
l 4589 4665
l 4589 4638
l 4590 4845
l 4590 4846
l 4590 4663
l 4590 4642
l 4590 4662
l 4591 5003
l 4591 4594
l 4591 4614
l 4591 4610
l 4591 5004
l 4591 4592
l 4591 4644
l 4591 4593
l 4591 5002
l 4591 4609
l 4592 5002
l 4592 4593
l 4592 4597
l 4592 5003
l 4592 5001
l 4593 4643
l 4593 5002
l 4593 4594
l 4593 4641
l 4594 4644
l 4594 5003
l 4594 4609
l 4594 4610
l 4594 4848
l 4594 4643
l 4595 4596
l 4595 4941
l 4595 4598
l 4595 5001
l 4595 4945
l 4595 4597
l 4595 4938
l 4595 4939
l 4596 5001
l 4596 4597
l 4596 5000
l 4596 4598
l 4596 5002
l 4596 4941
l 4597 5002
l 4597 4598
l 4597 4614
l 4597 4945
l 4597 5001
l 4597 4613
l 4597 5003
l 4598 4945
l 4598 5002
l 4598 4613
l 4598 4946
l 4598 4616
l 4598 4941
l 4598 4614
l 4599 4602
l 4599 4605
l 4599 4622
l 4599 4620
l 4599 4600
l 4599 4619
l 4599 4604
l 4599 4623
l 4599 4603
l 4599 4601
l 4600 4601
l 4600 4604
l 4600 4602
l 4600 4948
l 4600 4944
l 4600 4605
l 4601 4948
l 4601 4602
l 4601 4946
l 4601 4620
l 4601 4947
l 4601 4604
l 4602 4620
l 4602 4615
l 4602 4619
l 4602 4621
l 4602 4622
l 4602 4605
l 4602 4948
l 4603 4608
l 4603 4605
l 4603 4606
l 4603 4848
l 4603 4623
l 4603 4607
l 4603 4604
l 4604 4944
l 4604 4605
l 4605 4623
l 4605 4622
l 4605 4608
l 4605 4606
l 4606 4607
l 4606 4623
l 4606 6592
l 4606 4849
l 4606 6590
l 4606 6722
l 4606 4608
l 4606 4622
l 4606 6720
l 4607 4849
l 4607 6722
l 4607 6720
l 4607 6592
l 4607 4645
l 4607 4608
l 4607 6593
l 4607 4623
l 4607 4848
l 4608 4848
l 4608 4849
l 4608 4644
l 4608 4847
l 4609 4610
l 4609 4645
l 4609 5004
l 4609 6575
l 4609 6578
l 4609 4849
l 4609 4644
l 4609 6597
l 4609 4611
l 4610 5004
l 4610 4611
l 4610 6578
l 4610 6597
l 4610 4645
l 4610 6580
l 4610 6575
l 4611 5004
l 4611 4612
l 4611 6580
l 4611 4617
l 4611 6579
l 4611 6597
l 4611 4614
l 4611 5003
l 4612 4617
l 4612 5004
l 4612 6579
l 4612 4618
l 4612 6581
l 4612 4613
l 4612 4614
l 4612 6580
l 4613 4614
l 4613 4616
l 4613 5003
l 4613 4615
l 4613 4617
l 4613 4945
l 4614 5003
l 4614 4616
l 4614 5002
l 4614 5004
l 4615 4620
l 4615 4616
l 4615 4618
l 4615 4617
l 4615 4946
l 4615 4621
l 4615 4945
l 4615 4948
l 4616 4620
l 4616 4617
l 4616 4945
l 4616 4618
l 4616 4946
l 4617 4618
l 4617 4621
l 4617 6581
l 4617 6584
l 4617 6579
l 4618 4621
l 4618 4619
l 4618 6584
l 4618 6581
l 4618 6585
l 4618 4620
l 4619 4621
l 4619 4622
l 4619 6589
l 4619 6585
l 4619 6588
l 4619 4620
l 4619 4623
l 4620 4621
l 4620 4948
l 4620 4946
l 4621 6585
l 4621 6584
l 4621 4622
l 4621 6589
l 4622 4623
l 4622 6588
l 4622 6589
l 4622 6590
l 4623 6590
l 4623 6588
l 4623 6592
l 4624 4987
l 4624 4627
l 4624 5006
l 4624 6549
l 4625 6548
l 4625 4626
l 4625 4707
l 4625 4705
l 4625 4830
l 4625 5005
l 4626 6549
l 4626 4707
l 4626 6548
l 4626 5005
l 4627 4987
l 4627 4838
l 4628 4631
l 4628 4629
l 4628 4842
l 4628 4841
l 4628 4671
l 4629 4841
l 4629 4839
l 4629 4842
l 4630 4632
l 4630 4631
l 4630 4674
l 4630 4659
l 4631 4671
l 4631 4674
l 4631 4842
l 4632 4633
l 4632 4659
l 4632 4658
l 4633 4634
l 4633 4658
l 4634 4635
l 4635 4636
l 4635 4843
l 4636 4843
l 4636 4637
l 4637 4640
l 4637 4844
l 4637 4843
l 4637 4664
l 4638 4663
l 4638 4639
l 4638 4640
l 4638 4642
l 4638 4664
l 4638 4845
l 4639 4997
l 4639 4642
l 4640 4664
l 4640 4844
l 4640 4663
l 4641 4846
l 4641 4642
l 4641 4643
l 4641 4845
l 4642 4845
l 4642 4663
l 4643 4847
l 4643 4644
l 4643 4846
l 4644 4848
l 4644 4645
l 4644 4847
l 4645 4849
l 4645 6593
l 4645 6575
l 4645 4848
l 4645 6720
l 4645 6578
l 4646 4649
l 4646 4972
l 4646 4648
l 4646 4953
l 4646 4988
l 4646 4692
l 4646 4759
l 4646 4647
l 4646 4693
l 4647 4648
l 4647 4758
l 4647 4988
l 4647 4970
l 4647 4815
l 4647 6553
l 4647 4760
l 4647 4925
l 4647 4759
l 4648 4988
l 4648 4970
l 4648 4760
l 4648 4759
l 4648 4692
l 4648 4815
l 4648 6563
l 4648 6564
l 4649 4953
l 4649 4693
l 4649 5266
l 4649 4759
l 4649 4692
l 4649 4988
l 4649 4691
l 4650 4653
l 4650 4706
l 4651 4652
l 4651 4971
l 4652 4971
l 4652 6557
l 4653 4706
l 4653 4761
l 4655 4656
l 4655 4657
l 4656 4657
l 4658 4659
l 4658 4661
l 4658 4660
l 4659 4674
l 4659 4660
l 4659 4661
l 4659 4673
l 4660 4661
l 4660 4673
l 4660 4674
l 4660 4937
l 4660 4672
l 4661 4673
l 4662 4665
l 4662 4664
l 4662 4663
l 4662 4844
l 4662 6871
l 4662 6873
l 4663 4664
l 4663 4845
l 4663 4665
l 4664 4844
l 4664 4665
l 4664 6872
l 4665 6871
l 4665 6873
l 4665 6872
l 4665 4844
l 4666 4670
l 4666 4667
l 4666 4669
l 4666 4943
l 4666 4668
l 4667 4943
l 4667 4669
l 4667 4670
l 4668 4669
l 4668 4670
l 4668 4938
l 4668 4940
l 4668 4943
l 4669 4943
l 4669 4940
l 4669 4670
l 4669 4942
l 4669 4938
l 4671 4674
l 4671 4842
l 4671 4672
l 4671 4673
l 4671 4841
l 4672 4673
l 4672 6547
l 4672 4937
l 4672 4842
l 4672 4674
l 4673 4674
l 4673 4937
l 4673 6547
l 4674 4842
l 4675 4750
l 4675 4676
l 4675 4965
l 4675 4751
l 4675 6286
l 4675 6297
l 4675 4749
l 4676 6297
l 4676 6286
l 4676 4750
l 4676 6296
l 4676 4967
l 4676 6298
l 4676 6295
l 4677 4682
l 4677 4680
l 4677 4898
l 4677 4679
l 4677 4894
l 4677 4683
l 4677 4678
l 4678 4681
l 4678 4679
l 4678 5226
l 4678 4684
l 4678 4682
l 4678 5225
l 4678 4680
l 4679 5225
l 4679 4680
l 4679 5226
l 4679 4681
l 4680 4894
l 4680 4898
l 4680 4682
l 4681 4684
l 4681 4682
l 4681 4683
l 4681 5231
l 4681 5224
l 4681 5226
l 4681 4896
l 4682 4683
l 4682 4898
l 4682 4684
l 4682 6329
l 4683 6329
l 4683 4684
l 4683 5231
l 4683 6330
l 4683 4898
l 4684 5231
l 4684 4896
l 4684 6329
l 4684 4897
l 4684 6328
l 4684 5224
l 4685 5009
l 4685 4823
l 4685 4824
l 4685 4686
l 4685 5008
l 4685 4768
l 4685 4891
l 4686 5229
l 4686 5009
l 4686 4823
l 4687 6308
l 4687 4688
l 4687 6310
l 4688 6310
l 4688 4689
l 4688 4825
l 4688 4806
l 4689 4825
l 4689 6332
l 4689 6310
l 4690 6385
l 4690 6572
l 4690 5266
l 4690 4821
l 4690 4691
l 4691 5267
l 4691 6568
l 4691 4953
l 4691 6572
l 4691 5266
l 4691 6385
l 4691 6381
l 4692 4760
l 4692 4988
l 4692 4970
l 4692 4759
l 4692 4693
l 4692 5269
l 4692 4815
l 4693 5266
l 4693 6572
l 4693 5269
l 4693 6569
l 4693 6382
l 4693 4953
l 4694 6566
l 4694 6565
l 4695 4969
l 4695 6289
l 4695 4696
l 4695 6288
l 4695 6306
l 4695 4966
l 4695 4968
l 4696 6306
l 4696 6311
l 4696 6312
l 4696 4969
l 4696 6305
l 4697 6344
l 4697 4699
l 4697 4700
l 4697 5223
l 4697 4698
l 4698 5223
l 4698 4702
l 4698 4701
l 4699 4700
l 4699 6344
l 4699 6338
l 4699 4786
l 4699 5281
l 4699 6342
l 4699 6345
l 4699 4702
l 4700 6338
l 4700 6344
l 4700 4786
l 4700 5281
l 4700 4787
l 4700 6342
l 4701 4702
l 4701 6337
l 4701 5223
l 4701 4785
l 4701 4784
l 4701 6338
l 4701 4786
l 4702 5223
l 4702 6337
l 4702 4785
l 4702 6344
l 4703 4704
l 4703 4784
l 4704 4784
l 4704 4785
l 4705 4830
l 4705 4761
l 4705 6548
l 4706 4761
l 4706 6548
l 4707 5005
l 4707 4830
l 4708 4711
l 4708 6553
l 4708 4710
l 4708 4709
l 4708 4925
l 4708 4758
l 4709 4710
l 4709 6554
l 4709 4926
l 4709 6557
l 4710 6554
l 4710 4926
l 4710 4971
l 4710 6557
l 4711 6553
l 4711 4925
l 4711 4758
l 4711 6554
l 4712 4803
l 4712 4713
l 4712 4950
l 4712 4951
l 4712 4802
l 4712 6550
l 4712 6555
l 4713 4802
l 4713 4746
l 4713 4803
l 4713 6551
l 4713 4928
l 4715 4859
l 4715 4716
l 4715 5140
l 4715 5141
l 4715 4718
l 4715 4717
l 4715 4858
l 4715 4861
l 4715 5139
l 4715 4860
l 4716 4861
l 4716 5139
l 4716 5140
l 4716 4717
l 4716 4864
l 4716 4859
l 4716 5190
l 4716 4862
l 4716 5141
l 4717 4718
l 4717 4864
l 4717 4887
l 4717 4860
l 4717 4745
l 4717 4863
l 4717 4861
l 4717 4859
l 4718 4860
l 4718 4859
l 4718 4887
l 4718 4857
l 4718 4864
l 4719 6392
l 4719 4720
l 4719 5296
l 4719 4736
l 4719 6391
l 4719 6393
l 4719 6458
l 4719 6457
l 4720 6311
l 4720 4736
l 4720 4737
l 4720 6312
l 4720 5296
l 4721 4762
l 4722 4725
l 4722 5326
l 4722 5286
l 4722 4724
l 4722 5283
l 4722 5323
l 4722 4798
l 4722 4723
l 4722 5343
l 4723 5325
l 4723 4724
l 4723 4798
l 4723 4799
l 4723 4797
l 4723 5007
l 4723 5355
l 4723 5324
l 4723 5326
l 4724 4798
l 4724 5007
l 4724 4780
l 4724 5325
l 4724 4797
l 4724 4799
l 4725 5326
l 4725 5283
l 4725 4798
l 4725 5311
l 4726 5287
l 4726 5295
l 4726 4727
l 4726 5290
l 4726 4729
l 4726 6350
l 4726 4728
l 4726 5348
l 4726 5349
l 4727 6350
l 4727 4728
l 4727 5284
l 4727 5295
l 4727 6349
l 4727 6351
l 4727 5285
l 4727 4729
l 4727 5348
l 4728 4729
l 4728 6349
l 4728 5275
l 4728 5284
l 4728 6348
l 4728 5274
l 4728 6350
l 4729 5287
l 4729 5274
l 4729 5275
l 4729 5288
l 4730 6542
l 4730 4731
l 4730 6540
l 4730 6562
l 4731 6531
l 4731 6540
l 4731 6541
l 4731 6530
l 4731 6542
l 4731 6532
l 4731 6561
l 4732 6473
l 4732 4733
l 4732 6475
l 4732 4735
l 4732 6474
l 4732 4734
l 4732 6300
l 4732 6546
l 4732 6295
l 4733 6295
l 4733 4734
l 4733 6546
l 4733 6298
l 4733 6475
l 4733 4735
l 4733 6296
l 4733 6297
l 4734 4735
l 4734 6298
l 4734 6289
l 4734 4966
l 4734 6295
l 4734 6288
l 4734 6300
l 4734 6297
l 4735 6300
l 4735 6288
l 4735 6473
l 4735 6289
l 4735 6299
l 4735 6298
l 4736 4737
l 4736 5296
l 4736 4909
l 4736 4910
l 4736 5297
l 4736 6368
l 4736 6393
l 4737 6368
l 4737 4910
l 4737 4909
l 4737 6367
l 4737 5296
l 4738 6333
l 4738 4739
l 4738 4741
l 4738 6499
l 4738 4740
l 4738 6332
l 4739 6499
l 4739 4740
l 4739 6317
l 4739 6504
l 4739 4741
l 4739 6333
l 4739 6316
l 4740 4741
l 4740 4827
l 4740 6316
l 4740 6317
l 4740 4826
l 4740 6318
l 4740 6499
l 4740 6504
l 4741 4826
l 4741 4827
l 4741 6333
l 4741 6499
l 4742 4745
l 4742 5366
l 4742 6360
l 4742 6359
l 4742 4743
l 4742 4744
l 4742 4887
l 4742 4863
l 4742 6358
l 4742 6438
l 4743 6361
l 4743 4744
l 4743 6360
l 4743 6436
l 4743 6437
l 4743 4904
l 4743 6435
l 4743 5364
l 4743 4907
l 4743 4888
l 4744 4888
l 4744 6361
l 4744 4907
l 4744 4745
l 4744 4904
l 4744 4887
l 4744 6360
l 4745 4887
l 4745 4864
l 4745 4888
l 4745 4863
l 4745 5366
l 4746 6551
l 4746 6505
l 4746 4747
l 4746 6552
l 4746 4802
l 4746 6506
l 4747 6506
l 4747 6505
l 4747 6508
l 4747 6507
l 4748 6313
l 4748 4751
l 4748 4961
l 4748 4749
l 4748 4750
l 4748 6302
l 4748 6303
l 4748 4962
l 4748 4965
l 4748 4753
l 4749 6303
l 4749 4750
l 4749 6287
l 4749 6286
l 4749 6313
l 4749 6304
l 4749 4751
l 4750 6286
l 4750 4751
l 4750 6287
l 4750 4965
l 4750 6297
l 4751 4965
l 4751 4962
l 4751 4961
l 4751 4964
l 4751 6313
l 4752 4753
l 4752 4754
l 4752 6302
l 4752 6313
l 4753 6313
l 4753 6302
l 4753 6303
l 4753 4754
l 4755 4756
l 4755 5330
l 4755 4768
l 4755 4769
l 4755 5342
l 4755 5309
l 4755 5008
l 4755 5009
l 4756 4768
l 4756 5330
l 4756 4769
l 4756 5008
l 4756 5009
l 4756 5342
l 4756 4770
l 4757 5229
l 4757 6363
l 4757 5331
l 4758 6553
l 4758 4972
l 4758 4925
l 4758 4840
l 4758 4988
l 4759 4760
l 4759 4988
l 4759 4970
l 4759 4953
l 4760 4988
l 4760 4970
l 4760 4815
l 4760 6563
l 4761 4830
l 4762 4763
l 4762 4794
l 4763 4800
l 4763 4788
l 4764 4975
l 4764 5328
l 4764 4765
l 4764 5327
l 4765 4975
l 4766 4893
l 4766 4771
l 4766 4767
l 4766 4770
l 4766 4892
l 4766 5228
l 4767 5228
l 4767 4770
l 4767 4769
l 4767 4893
l 4767 5008
l 4767 5227
l 4767 4768
l 4768 5008
l 4768 4769
l 4768 5009
l 4768 4824
l 4768 5330
l 4768 4770
l 4769 4770
l 4769 5008
l 4769 5228
l 4769 5330
l 4770 5341
l 4770 5228
l 4771 4893
l 4771 6364
l 4771 4892
l 4772 4773
l 4772 4776
l 4772 4777
l 4772 4778
l 4773 4776
l 4773 4777
l 4773 4778
l 4774 4775
l 4774 4779
l 4774 4778
l 4774 5270
l 4775 4779
l 4775 4778
l 4776 4777
l 4778 4779
l 4779 5270
l 4780 4798
l 4780 5007
l 4780 4797
l 4781 4797
l 4781 4799
l 4781 5007
l 4781 5355
l 4781 5361
l 4782 5357
l 4782 4901
l 4782 4783
l 4782 5356
l 4782 5361
l 4783 4901
l 4783 6503
l 4783 6497
l 4783 4790
l 4783 6334
l 4783 6498
l 4784 4785
l 4784 6337
l 4784 4787
l 4784 4786
l 4785 6337
l 4785 4786
l 4785 4787
l 4786 6338
l 4786 4787
l 4786 5281
l 4787 6338
l 4787 6433
l 4788 4800
l 4788 4789
l 4788 4801
l 4789 4801
l 4789 4790
l 4789 4800
l 4790 4901
l 4790 6498
l 4790 6497
l 4791 4796
l 4791 4792
l 4791 5149
l 4791 5186
l 4791 4795
l 4791 5150
l 4791 4850
l 4792 4795
l 4792 4882
l 4792 4879
l 4792 4796
l 4792 6283
l 4792 4851
l 4793 4794
l 4795 4851
l 4795 6283
l 4795 4796
l 4795 4882
l 4795 4850
l 4795 4852
l 4795 6284
l 4796 4850
l 4796 5150
l 4796 5149
l 4796 5152
l 4796 4853
l 4796 4851
l 4797 5007
l 4797 4799
l 4797 5355
l 4797 5361
l 4798 5007
l 4799 5355
l 4799 5007
l 4799 5335
l 4799 5361
l 4799 5357
l 4800 4801
l 4802 4928
l 4802 4803
l 4802 6551
l 4802 6550
l 4802 4921
l 4803 6550
l 4803 4951
l 4803 6555
l 4803 4928
l 4803 4950
l 4803 4985
l 4804 6290
l 4804 6294
l 4804 4958
l 4804 4805
l 4804 6291
l 4805 4963
l 4805 6290
l 4805 4964
l 4805 4960
l 4805 6291
l 4806 4807
l 4806 6310
l 4806 4811
l 4806 4810
l 4807 4811
l 4807 4810
l 4807 6310
l 4807 5235
l 4807 4813
l 4809 4812
l 4809 6382
l 4809 4821
l 4810 4811
l 4810 5235
l 4810 4813
l 4810 4814
l 4810 6383
l 4811 5235
l 4811 4813
l 4811 4814
l 4812 6285
l 4813 4814
l 4813 5235
l 4813 6383
l 4814 5235
l 4814 6383
l 4815 6564
l 4815 4816
l 4815 6563
l 4815 4970
l 4815 6565
l 4815 6566
l 4816 6565
l 4816 6564
l 4816 6563
l 4816 6566
l 4817 4818
l 4817 4902
l 4817 4820
l 4817 4890
l 4817 4889
l 4817 4880
l 4817 4903
l 4817 4982
l 4817 4819
l 4817 5333
l 4818 4982
l 4818 4889
l 4818 4819
l 4818 4820
l 4818 5333
l 4818 4983
l 4818 4890
l 4818 4981
l 4818 4902
l 4819 4981
l 4819 4820
l 4819 4982
l 4819 4873
l 4819 4874
l 4819 5322
l 4819 4983
l 4820 4880
l 4820 4874
l 4820 4881
l 4820 4902
l 4820 4873
l 4820 4981
l 4820 4982
l 4821 6285
l 4821 6385
l 4822 6875
l 4822 6877
l 4822 6381
l 4822 6285
l 4823 4891
l 4823 5009
l 4823 4824
l 4823 6325
l 4824 5008
l 4824 4891
l 4824 6327
l 4824 5228
l 4824 5009
l 4825 6332
l 4826 4827
l 4826 4829
l 4826 4828
l 4826 6479
l 4827 4828
l 4827 6318
l 4827 4829
l 4827 6316
l 4827 6319
l 4827 6480
l 4828 4829
l 4828 6480
l 4828 6319
l 4828 6479
l 4828 6318
l 4828 6320
l 4828 6481
l 4829 6479
l 4829 6490
l 4829 6480
l 4829 6478
l 4831 6450
l 4831 4834
l 4831 6445
l 4831 6447
l 4831 4832
l 4831 6449
l 4831 6443
l 4831 4833
l 4831 4912
l 4831 6446
l 4832 6449
l 4832 4833
l 4832 5350
l 4832 6448
l 4832 4834
l 4832 6450
l 4832 5351
l 4832 4915
l 4832 5345
l 4833 6455
l 4833 4834
l 4833 5351
l 4833 5350
l 4833 6454
l 4833 6449
l 4833 6456
l 4833 6452
l 4834 6454
l 4834 6443
l 4834 6445
l 4834 6439
l 4834 6450
l 4834 6447
l 4834 6455
l 4835 4949
l 4835 4836
l 4835 6557
l 4835 6548
l 4835 4971
l 4836 4927
l 4836 4949
l 4836 6557
l 4837 4838
l 4838 4987
l 4839 4841
l 4839 4840
l 4839 4972
l 4839 4842
l 4840 4972
l 4841 4842
l 4843 6872
l 4843 4844
l 4843 6871
l 4844 6872
l 4844 6871
l 4845 4846
l 4846 4847
l 4847 4848
l 4848 4849
l 4849 6593
l 4849 6720
l 4849 6722
l 4849 6575
l 4850 4853
l 4850 5152
l 4850 4851
l 4850 5150
l 4850 4852
l 4850 4865
l 4850 5182
l 4851 4852
l 4851 5012
l 4851 4866
l 4851 6284
l 4851 6283
l 4851 4853
l 4852 4866
l 4852 5012
l 4852 4853
l 4852 5011
l 4852 4867
l 4852 4865
l 4852 6284
l 4853 4865
l 4853 5182
l 4853 5152
l 4853 5179
l 4853 4866
l 4853 4868
l 4854 4855
l 4854 4857
l 4854 4856
l 4854 4860
l 4855 4884
l 4855 4856
l 4855 4871
l 4855 4857
l 4855 4885
l 4855 4883
l 4856 4857
l 4856 4871
l 4856 5207
l 4856 4870
l 4856 4858
l 4856 4884
l 4856 4860
l 4856 4872
l 4857 4860
l 4857 4858
l 4857 5207
l 4857 4859
l 4858 4859
l 4858 5207
l 4858 5142
l 4858 5204
l 4858 4860
l 4858 5141
l 4859 4860
l 4859 5141
l 4859 5142
l 4859 5140
l 4859 5207
l 4860 4887
l 4861 4862
l 4861 5190
l 4861 4864
l 4861 5139
l 4861 5189
l 4861 4868
l 4861 4863
l 4862 4868
l 4862 5189
l 4862 5190
l 4862 4863
l 4862 5184
l 4862 4867
l 4862 4865
l 4862 4864
l 4863 4864
l 4863 4867
l 4863 5366
l 4863 4866
l 4863 4868
l 4864 4867
l 4864 4887
l 4865 4868
l 4865 5179
l 4865 4866
l 4865 5184
l 4865 5182
l 4865 4867
l 4866 4867
l 4866 5011
l 4866 4868
l 4866 5012
l 4866 5366
l 4867 4868
l 4867 5366
l 4867 5011
l 4868 5184
l 4868 5189
l 4868 5179
l 4869 4870
l 4869 5144
l 4869 4872
l 4869 5145
l 4869 4871
l 4869 5143
l 4869 5207
l 4870 5207
l 4870 5143
l 4870 4871
l 4870 5144
l 4870 4872
l 4870 5204
l 4871 4872
l 4871 4884
l 4871 5207
l 4871 4883
l 4872 4883
l 4872 4884
l 4872 6281
l 4873 5322
l 4873 4874
l 4873 4919
l 4873 4981
l 4873 4918
l 4873 5336
l 4874 4881
l 4874 4918
l 4874 4979
l 4874 4880
l 4874 4919
l 4874 5322
l 4874 4981
l 4875 5015
l 4875 4878
l 4876 4877
l 4876 4878
l 4877 5332
l 4877 5010
l 4877 4878
l 4877 5304
l 4877 5305
l 4877 5013
l 4877 5333
l 4878 5015
l 4879 6282
l 4879 4880
l 4879 4882
l 4879 4902
l 4879 4881
l 4879 6281
l 4880 4902
l 4880 4881
l 4880 4882
l 4880 6282
l 4881 4882
l 4881 4979
l 4881 6283
l 4881 4918
l 4882 6283
l 4882 4979
l 4882 6282
l 4883 6281
l 4883 4884
l 4883 4886
l 4883 4903
l 4883 4885
l 4883 6282
l 4883 4980
l 4884 4885
l 4884 4886
l 4884 6281
l 4885 4886
l 4885 5013
l 4885 4980
l 4885 5010
l 4886 4980
l 4886 4903
l 4886 4890
l 4886 6281
l 4886 5013
l 4886 5010
l 4886 4889
l 4887 4888
l 4888 4907
l 4889 5333
l 4889 4890
l 4889 5010
l 4889 4980
l 4889 5304
l 4889 4982
l 4889 4903
l 4889 5332
l 4890 4903
l 4890 4980
l 4890 4902
l 4890 5333
l 4890 5010
l 4890 6281
l 4891 6326
l 4891 6325
l 4891 6327
l 4891 5008
l 4891 5009
l 4891 6330
l 4892 4893
l 4892 6413
l 4892 5227
l 4892 6412
l 4893 5227
l 4893 5228
l 4894 4898
l 4894 4899
l 4894 4895
l 4895 4899
l 4895 6491
l 4895 4898
l 4895 6492
l 4896 5224
l 4896 4897
l 4896 5231
l 4896 6412
l 4897 6412
l 4897 5231
l 4897 6413
l 4897 6328
l 4897 5227
l 4898 4899
l 4899 6491
l 4900 6307
l 4900 6308
l 4900 6876
l 4901 6497
l 4901 6498
l 4901 6503
l 4902 6282
l 4902 4903
l 4902 6281
l 4903 6281
l 4903 4980
l 4903 6282
l 4903 5010
l 4904 5364
l 4904 4907
l 4904 5365
l 4904 6436
l 4904 6361
l 4904 6435
l 4904 5363
l 4904 4905
l 4905 5363
l 4905 4906
l 4905 5340
l 4905 6362
l 4905 5365
l 4905 5364
l 4906 5363
l 4906 5340
l 4906 6362
l 4906 5331
l 4906 4907
l 4907 5364
l 4907 5365
l 4907 6361
l 4908 5298
l 4908 4911
l 4908 6422
l 4908 6421
l 4908 6366
l 4908 6396
l 4908 6423
l 4908 5297
l 4908 6419
l 4908 4909
l 4909 4910
l 4909 5297
l 4909 5296
l 4909 6367
l 4909 6395
l 4909 4911
l 4909 5298
l 4910 6367
l 4910 4911
l 4910 6368
l 4910 5297
l 4910 6366
l 4911 6366
l 4911 6421
l 4911 6419
l 4911 5298
l 4911 6422
l 4911 6367
l 4911 6417
l 4912 6450
l 4912 6447
l 4912 6446
l 4912 4915
l 4912 4913
l 4912 4914
l 4912 6445
l 4912 6449
l 4912 6444
l 4913 4914
l 4913 6446
l 4913 6355
l 4913 4917
l 4913 4916
l 4913 6447
l 4913 4915
l 4913 6450
l 4913 6444
l 4914 4915
l 4914 5344
l 4914 5337
l 4914 4916
l 4914 6450
l 4914 5345
l 4914 6449
l 4914 6446
l 4915 6449
l 4915 5345
l 4915 6450
l 4915 5344
l 4915 6448
l 4915 6447
l 4916 5337
l 4916 4917
l 4916 5336
l 4916 4919
l 4916 5344
l 4916 5293
l 4916 5294
l 4917 6355
l 4917 4918
l 4917 4978
l 4917 4919
l 4917 6446
l 4917 5337
l 4918 4919
l 4918 4979
l 4918 4978
l 4918 5336
l 4918 6355
l 4919 5336
l 4919 5322
l 4919 5294
l 4919 5337
l 4920 6510
l 4920 4921
l 4920 6552
l 4920 6509
l 4920 6518
l 4920 6551
l 4920 6558
l 4921 6551
l 4921 4928
l 4921 6552
l 4922 6386
l 4922 6573
l 4922 4923
l 4922 6384
l 4922 6387
l 4923 6387
l 4923 6574
l 4923 5265
l 4924 5264
l 4924 6567
l 4924 4952
l 4924 6380
l 4924 6568
l 4924 5267
l 4924 6874
l 4924 4986
l 4925 6553
l 4925 6563
l 4925 6566
l 4925 6564
l 4925 6565
l 4925 4970
l 4926 6554
l 4927 4929
l 4928 6550
l 4928 6551
l 4929 4930
l 4930 4989
l 4931 4932
l 4931 4934
l 4931 4933
l 4931 4935
l 4932 4935
l 4932 4933
l 4932 4936
l 4932 4934
l 4933 4934
l 4933 4936
l 4933 4935
l 4934 4936
l 4935 4936
l 4937 6547
l 4938 4940
l 4938 4941
l 4938 4939
l 4938 4942
l 4939 4941
l 4939 4947
l 4939 4940
l 4939 4946
l 4939 4945
l 4939 4948
l 4939 4942
l 4940 4942
l 4940 4943
l 4940 4947
l 4940 4941
l 4941 4945
l 4941 4946
l 4941 4947
l 4942 4943
l 4942 4947
l 4945 4946
l 4945 4948
l 4946 4948
l 4946 4947
l 4947 4948
l 4949 6557
l 4949 4971
l 4950 4951
l 4950 4974
l 4950 6878
l 4950 6555
l 4950 6874
l 4951 6555
l 4951 6878
l 4951 4985
l 4951 6874
l 4951 4986
l 4951 6550
l 4951 4974
l 4952 6556
l 4952 5267
l 4952 5264
l 4952 6568
l 4952 4953
l 4953 5266
l 4953 5267
l 4953 6572
l 4954 6292
l 4954 6293
l 4954 6877
l 4954 4955
l 4954 6875
l 4955 4959
l 4955 4956
l 4955 6294
l 4955 6292
l 4955 4958
l 4956 4959
l 4956 6293
l 4956 4957
l 4956 6879
l 4956 4958
l 4956 6292
l 4957 4958
l 4957 6879
l 4957 6294
l 4957 6291
l 4957 6290
l 4957 6343
l 4957 6309
l 4957 4959
l 4958 6294
l 4958 6879
l 4958 4959
l 4958 6290
l 4958 6291
l 4959 6292
l 4959 6294
l 4959 6293
l 4960 4963
l 4960 6301
l 4960 6291
l 4960 4961
l 4960 4962
l 4960 6302
l 4960 6309
l 4960 6290
l 4961 6302
l 4961 4962
l 4961 6313
l 4961 6301
l 4961 4964
l 4961 4963
l 4962 4964
l 4962 4965
l 4962 4963
l 4962 6302
l 4963 6290
l 4963 4964
l 4963 6291
l 4963 6301
l 4964 4965
l 4966 4967
l 4966 6289
l 4966 6298
l 4966 4969
l 4966 4968
l 4966 6297
l 4966 6286
l 4966 6288
l 4967 6286
l 4967 6297
l 4967 4968
l 4967 6298
l 4967 6287
l 4967 4969
l 4967 6289
l 4968 4969
l 4968 6287
l 4968 6305
l 4968 6304
l 4968 6286
l 4968 6306
l 4969 6306
l 4969 6289
l 4969 6305
l 4969 6287
l 4970 4988
l 4970 6563
l 4970 6564
l 4971 6557
l 4972 4988
l 4973 6556
l 4973 4974
l 4974 6878
l 4974 6556
l 4974 6874
l 4975 5328
l 4975 5015
l 4975 5327
l 4976 5299
l 4976 4977
l 4976 6399
l 4976 6364
l 4976 5300
l 4976 6398
l 4976 6365
l 4976 6400
l 4977 6365
l 4977 5300
l 4977 5301
l 4977 6364
l 4977 6420
l 4977 6399
l 4978 6355
l 4978 4979
l 4978 6356
l 4978 6284
l 4978 6444
l 4978 6446
l 4978 6357
l 4979 6283
l 4979 6284
l 4979 6355
l 4980 5010
l 4980 5013
l 4980 5332
l 4980 5333
l 4981 4982
l 4981 4983
l 4981 5322
l 4982 4983
l 4982 5333
l 4982 5306
l 4982 5304
l 4983 5306
l 4983 5304
l 4983 5333
l 4983 6468
l 4983 5305
l 4984 5263
l 4984 4986
l 4984 5265
l 4984 6874
l 4984 6574
l 4984 5264
l 4984 4985
l 4984 6567
l 4985 6555
l 4985 5263
l 4985 5262
l 4985 4986
l 4985 5265
l 4986 5263
l 4986 6874
l 4986 5265
l 4986 5264
l 4986 6878
l 4986 6574
l 4987 5006
l 4988 6563
l 4989 4990
l 4990 4991
l 4991 4992
l 4992 4993
l 4993 4994
l 4994 4995
l 4995 4996
l 4996 4999
l 4997 4998
l 4997 4999
l 4997 5000
l 4998 4999
l 4998 5000
l 5000 5001
l 5001 5002
l 5002 5003
l 5003 5004
l 5004 6597
l 5004 6580
l 5004 6578
l 5004 6579
l 5005 6549
l 5006 6549
l 5008 5228
l 5008 5009
l 5010 5332
l 5010 5333
l 5010 5013
l 5010 5304
l 5011 5366
l 5011 5012
l 5011 6358
l 5011 6357
l 5011 6359
l 5012 6284
l 5012 6357
l 5012 6358
l 5012 6356
l 5012 5366
l 5012 6359
l 5013 5332
l 5014 5230
l 5014 5015
l 5014 5229
l 5015 5328
l 5015 5230
l 5016 5020
l 5016 5017
l 5016 5019
l 5016 5041
l 5016 5018
l 5016 5068
l 5016 5021
l 5016 5040
l 5016 5161
l 5016 5070
l 5017 5070
l 5017 5018
l 5017 5040
l 5017 5061
l 5017 5041
l 5017 5019
l 5017 5071
l 5017 5020
l 5017 5069
l 5018 5061
l 5018 5019
l 5018 5211
l 5018 5060
l 5018 5408
l 5018 5070
l 5018 5021
l 5018 5062
l 5019 5021
l 5019 5408
l 5019 5211
l 5019 5020
l 5019 5163
l 5019 5029
l 5019 5061
l 5020 5161
l 5020 5021
l 5020 5068
l 5020 5162
l 5020 5029
l 5020 5041
l 5020 5048
l 5021 5029
l 5021 5163
l 5021 5408
l 5021 5161
l 5021 5026
l 5021 5028
l 5022 5023
l 5022 5196
l 5022 5025
l 5022 5066
l 5022 5024
l 5022 5199
l 5022 5197
l 5022 5065
l 5022 5049
l 5022 5030
l 5023 5049
l 5023 5024
l 5023 5065
l 5023 5066
l 5023 5058
l 5023 5050
l 5023 5025
l 5023 5048
l 5023 5196
l 5024 5058
l 5024 5025
l 5024 5057
l 5024 5056
l 5024 5415
l 5024 5049
l 5024 5028
l 5024 5197
l 5025 5197
l 5025 5415
l 5025 5057
l 5025 5196
l 5025 5220
l 5025 5058
l 5025 5055
l 5026 5027
l 5026 5163
l 5026 5413
l 5026 5029
l 5026 5410
l 5026 5412
l 5026 5028
l 5026 5056
l 5026 5408
l 5027 5056
l 5027 5412
l 5027 5028
l 5027 5413
l 5027 5058
l 5027 5419
l 5027 5029
l 5027 5163
l 5027 5057
l 5028 5058
l 5028 5029
l 5028 5048
l 5028 5049
l 5028 5056
l 5028 5161
l 5029 5161
l 5029 5163
l 5029 5048
l 5029 5058
l 5030 5031
l 5030 5196
l 5030 5033
l 5030 5055
l 5030 5032
l 5030 5197
l 5030 5054
l 5030 5199
l 5030 5191
l 5031 5191
l 5031 5032
l 5031 5054
l 5031 5055
l 5031 5192
l 5031 5160
l 5031 5033
l 5031 5196
l 5031 5156
l 5032 5192
l 5032 5033
l 5032 5080
l 5032 6335
l 5032 5191
l 5032 5079
l 5032 5075
l 5032 5199
l 5033 5199
l 5033 5079
l 5033 5196
l 5033 5080
l 5033 5198
l 5033 5192
l 5033 5066
l 5034 5214
l 5034 5037
l 5034 5035
l 5034 5036
l 5034 5077
l 5034 5378
l 5034 5134
l 5034 5118
l 5034 5117
l 5034 5193
l 5035 5036
l 5035 5193
l 5035 5194
l 5035 5077
l 5035 5078
l 5035 5037
l 5035 5195
l 5035 5378
l 5035 5118
l 5036 5118
l 5036 5037
l 5036 5195
l 5036 5193
l 5036 5117
l 5036 5153
l 5036 5115
l 5036 5214
l 5037 5117
l 5037 5134
l 5037 5118
l 5037 5214
l 5037 5135
l 5037 5116
l 5037 5115
l 5038 5039
l 5038 5067
l 5038 5046
l 5038 5041
l 5038 5040
l 5038 5376
l 5038 5068
l 5038 5047
l 5038 5374
l 5038 5212
l 5039 5374
l 5039 5047
l 5039 5040
l 5039 5046
l 5039 5071
l 5039 5375
l 5039 5041
l 5039 5067
l 5039 5200
l 5040 5071
l 5040 5041
l 5040 5070
l 5040 5374
l 5040 5068
l 5040 5072
l 5041 5068
l 5041 5067
l 5041 5162
l 5041 5071
l 5042 5043
l 5042 5212
l 5042 5051
l 5042 5045
l 5042 5162
l 5042 5044
l 5042 5050
l 5042 5377
l 5042 5064
l 5042 5067
l 5043 5064
l 5043 5050
l 5043 5044
l 5043 5378
l 5043 5051
l 5043 5065
l 5043 5045
l 5043 5063
l 5043 5077
l 5044 5378
l 5044 5045
l 5044 5213
l 5044 5214
l 5044 5165
l 5044 5064
l 5044 5077
l 5045 5377
l 5045 5165
l 5045 5213
l 5045 5212
l 5045 5086
l 5045 5378
l 5045 5164
l 5046 5047
l 5046 5376
l 5046 5087
l 5046 5085
l 5046 5222
l 5046 5067
l 5046 5375
l 5046 5374
l 5047 5375
l 5047 5222
l 5047 5087
l 5047 5374
l 5047 5171
l 5047 5376
l 5047 5085
l 5048 5161
l 5048 5049
l 5048 5051
l 5048 5058
l 5048 5050
l 5048 5162
l 5049 5058
l 5049 5050
l 5049 5065
l 5049 5051
l 5049 5161
l 5050 5065
l 5050 5051
l 5050 5064
l 5050 5066
l 5050 5162
l 5051 5162
l 5051 5161
l 5051 5212
l 5051 5068
l 5051 5065
l 5052 5053
l 5052 5220
l 5052 5055
l 5052 5437
l 5052 5426
l 5052 5054
l 5052 5436
l 5052 5197
l 5052 5159
l 5052 5415
l 5053 5159
l 5053 5054
l 5053 5436
l 5053 5437
l 5053 5160
l 5053 5055
l 5053 5439
l 5053 5438
l 5053 5220
l 5054 5160
l 5054 5055
l 5054 5191
l 5054 5159
l 5054 5157
l 5054 5197
l 5055 5197
l 5055 5220
l 5055 5196
l 5055 5160
l 5056 5057
l 5056 5419
l 5056 5058
l 5056 5412
l 5056 5416
l 5056 5415
l 5057 5415
l 5057 5416
l 5057 5419
l 5057 5417
l 5057 5058
l 5057 5220
l 5059 5060
l 5059 5442
l 5059 5427
l 5059 5062
l 5059 5430
l 5059 5061
l 5059 5438
l 5059 5211
l 5059 5428
l 5059 5158
l 5060 5211
l 5060 5428
l 5060 5061
l 5060 5427
l 5060 5442
l 5060 5433
l 5060 5408
l 5060 5062
l 5061 5062
l 5061 5070
l 5061 5211
l 5061 5158
l 5061 5069
l 5062 5158
l 5062 5069
l 5062 5442
l 5062 5070
l 5062 5155
l 5062 5157
l 5063 5064
l 5063 5198
l 5063 5066
l 5063 5077
l 5063 5078
l 5063 5065
l 5063 5378
l 5063 5199
l 5063 5082
l 5064 5065
l 5064 5378
l 5064 5077
l 5064 5066
l 5064 5198
l 5064 5078
l 5065 5066
l 5065 5199
l 5066 5199
l 5066 5198
l 5066 5196
l 5067 5212
l 5067 5068
l 5067 5376
l 5067 5377
l 5067 5162
l 5068 5162
l 5068 5212
l 5068 5161
l 5069 5155
l 5069 5070
l 5069 5072
l 5069 5071
l 5069 5158
l 5069 5076
l 5069 5156
l 5070 5071
l 5070 5072
l 5070 5155
l 5071 5072
l 5071 5374
l 5071 5200
l 5071 5076
l 5072 5076
l 5072 5200
l 5072 5374
l 5072 5155
l 5072 5073
l 5072 5075
l 5073 5200
l 5073 5074
l 5073 5096
l 5073 5076
l 5073 5373
l 5073 5075
l 5073 5095
l 5073 5374
l 5073 6335
l 5074 6335
l 5074 5095
l 5074 5075
l 5074 5096
l 5074 5192
l 5074 5379
l 5074 5076
l 5074 5080
l 5074 5200
l 5075 5192
l 5075 5076
l 5075 5156
l 5075 5191
l 5075 5155
l 5075 6335
l 5076 5155
l 5076 5156
l 5076 5200
l 5076 5192
l 5077 5378
l 5077 5078
l 5077 5214
l 5077 5194
l 5077 5198
l 5078 5082
l 5078 5194
l 5078 5198
l 5078 5378
l 5078 5079
l 5079 5080
l 5079 5198
l 5079 5082
l 5079 5199
l 5079 5081
l 5079 6335
l 5080 6335
l 5080 5081
l 5080 5379
l 5080 5192
l 5080 5082
l 5080 5198
l 5081 5379
l 5081 5082
l 5081 5099
l 5081 5100
l 5081 6335
l 5081 5194
l 5081 5095
l 5081 5198
l 5082 5194
l 5082 5099
l 5082 5198
l 5082 5379
l 5083 5126
l 5083 5086
l 5083 5084
l 5083 5164
l 5083 5121
l 5083 5085
l 5083 5123
l 5083 5125
l 5083 5165
l 5083 5120
l 5084 5125
l 5084 5085
l 5084 5088
l 5084 5126
l 5084 5136
l 5084 5087
l 5084 5124
l 5084 5123
l 5084 5086
l 5085 5086
l 5085 5087
l 5085 5376
l 5085 5088
l 5085 5125
l 5085 5126
l 5085 5377
l 5086 5165
l 5086 5164
l 5086 5377
l 5086 5126
l 5086 5121
l 5086 5376
l 5087 5222
l 5087 5088
l 5087 5208
l 5087 5136
l 5087 5376
l 5087 5125
l 5088 5136
l 5088 5208
l 5088 5125
l 5088 5222
l 5088 5092
l 5088 5209
l 5088 5124
l 5089 5092
l 5089 5183
l 5089 5090
l 5089 5209
l 5089 5091
l 5089 5210
l 5089 5167
l 5089 5136
l 5089 5208
l 5089 5181
l 5090 5091
l 5090 5167
l 5090 5166
l 5090 5371
l 5090 5183
l 5090 5092
l 5090 5168
l 5090 5372
l 5090 5172
l 5091 5172
l 5091 5371
l 5091 5372
l 5091 5092
l 5091 5166
l 5091 5208
l 5091 5167
l 5091 5128
l 5092 5208
l 5092 5136
l 5092 5209
l 5092 5172
l 5092 5183
l 5092 5210
l 5093 5113
l 5093 5094
l 5093 5170
l 5093 5169
l 5093 5096
l 5093 5095
l 5093 5128
l 5093 5127
l 5093 5114
l 5093 5372
l 5094 5100
l 5094 5114
l 5094 5113
l 5094 5095
l 5094 5379
l 5094 5097
l 5094 5206
l 5094 5127
l 5094 5096
l 5095 5379
l 5095 5096
l 5095 6335
l 5095 5100
l 5096 5373
l 5096 5170
l 5096 5200
l 5096 5169
l 5096 5379
l 5097 5131
l 5097 5098
l 5097 5114
l 5097 5100
l 5097 5203
l 5097 5099
l 5097 5132
l 5097 5206
l 5097 5201
l 5098 5132
l 5098 5099
l 5098 5193
l 5098 5131
l 5098 5194
l 5098 5100
l 5098 5195
l 5098 5202
l 5098 6472
l 5099 5100
l 5099 5194
l 5099 5379
l 5099 5193
l 5099 5131
l 5099 5132
l 5100 5379
l 5100 5114
l 5100 5131
l 5100 5203
l 5101 5137
l 5101 5102
l 5101 5104
l 5101 5141
l 5101 5140
l 5101 5103
l 5101 5217
l 5101 5142
l 5101 5138
l 5101 5139
l 5102 5205
l 5102 5103
l 5102 5142
l 5102 5154
l 5102 5141
l 5102 5104
l 5102 5137
l 5102 5204
l 5102 5140
l 5103 6472
l 5103 5104
l 5103 5154
l 5103 5153
l 5103 5202
l 5103 5205
l 5103 5195
l 5103 5217
l 5104 5217
l 5104 5202
l 5104 6472
l 5104 5137
l 5104 5201
l 5104 5216
l 5104 5131
l 5105 5115
l 5105 5106
l 5105 5108
l 5105 5154
l 5105 5116
l 5105 5205
l 5105 5107
l 5105 5153
l 5105 5118
l 5105 5117
l 5106 5205
l 5106 5107
l 5106 5143
l 5106 5108
l 5106 5204
l 5106 5154
l 5106 5144
l 5106 5115
l 5106 5116
l 5107 5108
l 5107 5148
l 5107 5144
l 5107 5219
l 5107 5143
l 5107 5145
l 5107 5116
l 5107 5221
l 5108 5116
l 5108 5219
l 5108 5221
l 5108 5115
l 5108 5148
l 5108 5117
l 5108 5135
l 5109 5112
l 5109 5110
l 5109 5177
l 5109 5111
l 5109 5178
l 5109 5123
l 5109 5149
l 5109 5124
l 5109 5150
l 5109 5120
l 5110 5111
l 5110 5151
l 5110 5210
l 5110 5150
l 5110 5124
l 5110 5112
l 5110 5152
l 5110 5209
l 5110 5181
l 5111 5124
l 5111 5210
l 5111 5209
l 5111 5112
l 5111 5151
l 5111 5123
l 5111 5125
l 5111 5136
l 5112 5123
l 5112 5178
l 5112 5124
l 5112 5120
l 5112 5126
l 5112 5177
l 5112 5125
l 5113 5127
l 5113 5128
l 5113 5169
l 5113 5206
l 5113 5114
l 5113 5130
l 5113 5129
l 5113 5372
l 5114 5206
l 5114 5203
l 5114 5362
l 5114 5127
l 5114 5130
l 5114 5131
l 5115 5118
l 5115 5116
l 5115 5153
l 5115 5117
l 5115 5154
l 5115 5195
l 5116 5117
l 5116 5221
l 5116 5135
l 5116 5219
l 5116 5118
l 5116 5134
l 5117 5135
l 5117 5118
l 5117 5134
l 5117 5221
l 5117 5214
l 5118 5153
l 5118 5195
l 5118 5154
l 5119 5122
l 5119 5218
l 5119 5221
l 5119 5120
l 5119 5121
l 5119 5219
l 5119 5178
l 5119 5135
l 5119 5133
l 5119 5164
l 5120 5121
l 5120 5178
l 5120 5123
l 5120 5126
l 5120 5164
l 5120 5218
l 5120 5122
l 5121 5164
l 5121 5122
l 5121 5126
l 5121 5178
l 5121 5123
l 5121 5133
l 5121 5165
l 5122 5133
l 5122 5135
l 5122 5164
l 5122 5221
l 5122 5134
l 5122 5218
l 5122 5213
l 5123 5126
l 5123 5124
l 5123 5125
l 5123 5178
l 5124 5125
l 5124 5209
l 5124 5136
l 5124 5210
l 5124 5126
l 5125 5136
l 5125 5126
l 5125 5209
l 5126 5164
l 5127 5130
l 5127 5206
l 5127 5128
l 5127 5129
l 5127 5362
l 5127 5173
l 5127 5174
l 5127 5169
l 5128 5129
l 5128 5372
l 5128 5169
l 5128 5371
l 5128 5130
l 5128 5174
l 5128 5166
l 5128 5206
l 5129 5174
l 5129 5130
l 5129 5371
l 5129 5166
l 5129 5372
l 5129 5173
l 5129 5206
l 5130 5173
l 5130 5206
l 5130 5362
l 5130 5174
l 5130 5215
l 5130 5176
l 5131 5202
l 5131 5203
l 5131 5132
l 5131 5201
l 5131 6472
l 5131 5215
l 5131 5362
l 5132 6472
l 5132 5195
l 5132 5193
l 5132 5202
l 5132 5153
l 5132 5201
l 5133 5213
l 5133 5134
l 5133 5135
l 5133 5164
l 5133 5165
l 5133 5214
l 5133 5221
l 5134 5135
l 5134 5214
l 5134 5213
l 5134 5221
l 5135 5221
l 5135 5219
l 5135 5214
l 5136 5209
l 5136 5208
l 5136 5210
l 5137 5138
l 5137 5217
l 5137 5140
l 5137 5139
l 5137 5216
l 5137 5141
l 5137 5187
l 5138 5187
l 5138 5216
l 5138 5139
l 5138 5217
l 5138 5190
l 5138 5176
l 5138 5140
l 5138 5215
l 5139 5140
l 5139 5190
l 5139 5187
l 5139 5141
l 5139 5189
l 5140 5141
l 5140 5142
l 5140 5190
l 5141 5142
l 5141 5204
l 5141 5205
l 5142 5204
l 5142 5205
l 5142 5207
l 5142 5143
l 5143 5144
l 5143 5204
l 5143 5205
l 5143 5207
l 5143 5145
l 5144 5145
l 5144 5148
l 5144 5204
l 5145 5146
l 5145 5148
l 5145 5147
l 5145 5219
l 5146 5186
l 5146 5147
l 5146 5148
l 5146 5177
l 5146 5218
l 5147 5218
l 5147 5177
l 5147 5148
l 5147 5178
l 5147 5219
l 5147 5186
l 5148 5219
l 5148 5218
l 5148 5221
l 5149 5186
l 5149 5150
l 5149 5177
l 5150 5152
l 5150 5151
l 5150 5182
l 5151 5210
l 5151 5181
l 5151 5183
l 5151 5152
l 5151 5209
l 5151 5182
l 5152 5182
l 5152 5181
l 5152 5179
l 5152 5210
l 5153 5154
l 5153 5195
l 5153 6472
l 5153 5193
l 5154 5205
l 5154 6472
l 5154 5195
l 5155 5156
l 5155 5158
l 5155 5157
l 5155 5191
l 5156 5191
l 5156 5157
l 5156 5160
l 5156 5192
l 5156 5158
l 5157 5160
l 5157 5158
l 5157 5438
l 5157 5159
l 5157 5191
l 5157 5442
l 5158 5442
l 5158 5438
l 5158 5160
l 5159 5438
l 5159 5160
l 5159 5439
l 5159 5436
l 5159 5440
l 5159 5442
l 5160 5191
l 5160 5438
l 5161 5162
l 5162 5212
l 5163 5408
l 5163 5410
l 5163 5409
l 5163 5413
l 5163 5211
l 5164 5165
l 5164 5213
l 5165 5213
l 5165 5377
l 5166 5371
l 5166 5168
l 5166 5174
l 5166 5167
l 5166 5372
l 5166 5175
l 5167 5183
l 5167 5168
l 5167 5180
l 5167 5181
l 5167 5185
l 5167 5371
l 5168 5175
l 5168 5185
l 5168 5174
l 5168 5180
l 5168 5188
l 5168 5371
l 5169 5372
l 5169 5172
l 5169 5170
l 5169 5371
l 5170 5171
l 5170 5373
l 5170 5172
l 5170 5372
l 5170 5375
l 5171 5222
l 5171 5375
l 5171 5208
l 5171 5172
l 5171 5373
l 5172 5372
l 5172 5208
l 5172 5371
l 5173 5176
l 5173 5174
l 5173 5215
l 5173 5362
l 5173 5175
l 5173 5206
l 5173 5216
l 5174 5175
l 5174 5371
l 5174 5176
l 5175 5176
l 5175 5188
l 5175 5185
l 5175 5187
l 5176 5216
l 5176 5187
l 5176 5215
l 5176 5188
l 5176 5362
l 5177 5178
l 5177 5186
l 5177 5218
l 5178 5218
l 5179 5184
l 5179 5182
l 5179 5180
l 5179 5185
l 5179 5181
l 5179 5189
l 5180 5181
l 5180 5185
l 5180 5182
l 5180 5183
l 5180 5184
l 5180 5188
l 5181 5183
l 5181 5182
l 5181 5210
l 5182 5184
l 5182 5183
l 5182 5185
l 5183 5210
l 5183 5209
l 5184 5189
l 5184 5185
l 5184 5188
l 5184 5190
l 5185 5188
l 5185 5189
l 5187 5188
l 5187 5190
l 5187 5216
l 5187 5189
l 5188 5189
l 5188 5190
l 5189 5190
l 5191 5192
l 5192 6335
l 5193 5195
l 5193 5194
l 5193 6472
l 5195 6472
l 5196 5197
l 5196 5199
l 5197 5220
l 5197 5415
l 5198 5199
l 5200 5374
l 5200 5373
l 5200 5375
l 5201 5203
l 5201 5215
l 5201 5217
l 5201 5202
l 5201 5216
l 5201 5362
l 5201 5206
l 5202 6472
l 5202 5217
l 5202 5203
l 5202 5215
l 5202 5216
l 5203 5362
l 5203 5215
l 5203 5206
l 5204 5205
l 5204 5207
l 5206 5362
l 5206 5215
l 5208 5222
l 5208 5209
l 5209 5210
l 5211 5408
l 5211 5433
l 5211 5428
l 5211 5409
l 5212 5377
l 5212 5376
l 5213 5214
l 5213 5378
l 5214 5378
l 5215 5362
l 5215 5216
l 5215 5217
l 5216 5217
l 5216 5362
l 5218 5219
l 5218 5221
l 5219 5221
l 5220 5415
l 5220 5426
l 5220 5417
l 5220 5437
l 5222 5375
l 5223 6337
l 5223 6344
l 5224 5226
l 5225 5226
l 5226 6343
l 5226 6879
l 5227 5228
l 5227 6412
l 5227 6327
l 5227 6328
l 5228 6327
l 5229 5230
l 5230 5327
l 5230 5328
l 5230 5329
l 5231 6328
l 5231 6329
l 5231 6412
l 5231 6326
l 5231 6327
l 5232 5233
l 5233 5242
l 5234 5241
l 5236 6888
l 5236 5239
l 5236 6889
l 5236 5240
l 5236 5238
l 5237 6886
l 5237 6885
l 5237 5238
l 5239 5240
l 5239 6889
l 5239 6888
l 5240 6889
l 5240 6888
l 5241 5244
l 5242 5243
l 5243 6886
l 5245 6389
l 5245 5246
l 5245 5248
l 5245 6373
l 5245 6388
l 5245 5247
l 5245 6545
l 5245 6374
l 5245 6390
l 5246 5247
l 5246 6374
l 5246 6373
l 5246 5248
l 5246 6389
l 5247 5248
l 5247 5249
l 5247 6522
l 5247 6545
l 5247 6389
l 5248 6545
l 5248 6522
l 5248 6544
l 5248 6389
l 5248 5249
l 5248 6372
l 5248 6390
l 5249 6523
l 5249 6522
l 5249 6524
l 5249 6544
l 5250 6534
l 5250 5253
l 5250 5251
l 5250 6515
l 5250 6526
l 5250 5252
l 5250 6511
l 5250 6535
l 5250 6525
l 5250 6537
l 5251 5252
l 5251 6511
l 5251 5256
l 5251 5253
l 5251 6515
l 5251 5255
l 5251 5254
l 5252 5255
l 5252 5256
l 5252 5253
l 5252 5254
l 5252 6525
l 5252 6378
l 5252 6375
l 5253 6525
l 5253 6526
l 5253 6370
l 5253 5255
l 5253 6534
l 5253 6377
l 5253 6378
l 5254 6375
l 5254 5256
l 5254 5255
l 5254 5258
l 5254 6376
l 5254 6378
l 5254 5257
l 5255 6378
l 5255 6525
l 5255 6375
l 5255 5256
l 5255 6377
l 5256 5257
l 5256 5258
l 5256 6375
l 5256 6376
l 5257 5258
l 5257 5259
l 5257 5260
l 5257 6376
l 5257 6379
l 5258 6376
l 5258 5260
l 5258 6379
l 5258 6375
l 5258 5259
l 5259 5260
l 5259 5261
l 5259 6571
l 5259 6379
l 5260 6379
l 5260 6571
l 5260 6384
l 5260 5261
l 5260 6376
l 5261 6571
l 5261 6384
l 5261 5262
l 5261 6573
l 5262 6573
l 5262 6386
l 5262 6574
l 5262 5265
l 5263 5265
l 5263 6574
l 5263 6874
l 5263 6387
l 5263 5264
l 5264 6567
l 5264 6380
l 5264 6568
l 5265 6574
l 5265 6387
l 5265 6567
l 5266 6572
l 5266 6385
l 5266 6382
l 5266 6569
l 5267 6568
l 5267 6381
l 5267 6385
l 5267 6572
l 5268 6570
l 5268 6383
l 5269 6569
l 5269 6382
l 5269 6383
l 5269 6570
l 5270 5361
l 5270 5357
l 5270 5356
l 5271 5272
l 5271 5280
l 5271 5278
l 5271 6432
l 5271 5279
l 5271 6339
l 5271 5273
l 5272 6340
l 5272 5273
l 5272 6339
l 5272 5280
l 5272 5278
l 5273 6340
l 5274 5275
l 5274 5276
l 5274 5277
l 5274 6347
l 5275 6348
l 5275 5276
l 5275 6347
l 5275 6349
l 5275 5277
l 5276 5277
l 5276 6347
l 5276 6339
l 5276 6346
l 5276 6348
l 5277 6347
l 5278 5279
l 5278 6432
l 5278 5280
l 5278 5282
l 5278 6341
l 5279 6432
l 5279 5282
l 5279 6433
l 5279 5280
l 5280 6339
l 5280 6341
l 5280 5282
l 5280 6432
l 5280 6346
l 5281 6342
l 5281 6345
l 5281 5282
l 5281 6433
l 5281 6338
l 5282 6341
l 5282 6342
l 5282 6432
l 5282 6345
l 5283 5311
l 5283 5286
l 5283 5285
l 5283 5284
l 5283 5343
l 5283 6354
l 5284 5285
l 5284 6349
l 5284 6350
l 5284 5311
l 5284 6354
l 5284 6351
l 5284 5286
l 5285 6354
l 5285 6351
l 5285 6350
l 5285 5286
l 5285 6352
l 5285 6353
l 5285 6349
l 5286 5343
l 5286 6354
l 5286 5311
l 5286 5326
l 5286 6353
l 5286 6471
l 5287 5288
l 5287 5290
l 5287 5289
l 5287 6465
l 5287 5295
l 5287 5352
l 5287 6408
l 5288 6408
l 5288 6465
l 5288 5289
l 5288 6401
l 5288 5290
l 5288 6398
l 5288 6400
l 5289 6465
l 5289 6464
l 5289 5290
l 5289 5352
l 5289 6459
l 5289 5349
l 5289 6463
l 5289 6401
l 5290 5349
l 5290 5352
l 5290 5295
l 5290 5348
l 5290 5353
l 5290 6464
l 5290 5346
l 5291 5294
l 5291 6471
l 5291 5293
l 5291 6470
l 5291 5292
l 5291 5336
l 5291 5337
l 5291 5343
l 5291 5323
l 5292 5293
l 5292 6353
l 5292 5312
l 5292 5313
l 5292 6471
l 5292 5343
l 5292 5344
l 5292 6354
l 5292 5337
l 5293 5337
l 5293 5344
l 5293 5312
l 5293 5294
l 5293 6471
l 5293 6353
l 5293 5313
l 5294 5336
l 5294 5337
l 5294 6471
l 5294 6470
l 5295 5348
l 5295 5349
l 5295 6350
l 5295 6351
l 5295 5347
l 5295 5346
l 5296 6393
l 5296 5297
l 5296 6392
l 5296 6431
l 5296 6395
l 5296 6458
l 5297 6395
l 5297 5298
l 5297 6393
l 5297 6394
l 5297 6431
l 5297 6396
l 5298 6396
l 5298 6422
l 5298 6423
l 5298 6395
l 5298 6421
l 5298 6394
l 5298 6397
l 5299 6400
l 5299 6398
l 5299 6399
l 5299 6364
l 5299 5302
l 5299 6401
l 5299 6408
l 5300 5301
l 5300 6399
l 5300 6425
l 5300 6424
l 5300 6420
l 5300 6365
l 5300 6409
l 5301 6420
l 5301 6365
l 5301 6424
l 5301 6423
l 5301 6418
l 5301 6422
l 5301 6425
l 5302 6402
l 5302 6400
l 5302 6401
l 5302 5303
l 5302 5341
l 5302 6459
l 5303 6403
l 5303 6402
l 5303 5309
l 5303 5308
l 5303 6459
l 5303 5342
l 5303 5321
l 5304 5333
l 5304 5305
l 5304 5332
l 5304 5360
l 5304 5306
l 5305 5360
l 5305 5333
l 5305 5358
l 5305 5306
l 5305 5332
l 5305 6468
l 5306 6468
l 5306 5360
l 5306 5358
l 5306 5334
l 5307 5310
l 5307 5320
l 5307 6363
l 5307 5321
l 5307 6404
l 5307 6405
l 5307 5339
l 5307 5308
l 5307 6362
l 5308 5309
l 5308 5321
l 5308 5342
l 5308 5310
l 5308 6403
l 5308 6363
l 5308 6404
l 5309 5342
l 5309 5330
l 5309 5321
l 5309 6363
l 5310 6363
l 5310 5320
l 5310 5321
l 5310 6404
l 5311 6349
l 5312 5344
l 5312 5313
l 5312 5315
l 5312 5345
l 5312 6353
l 5312 5314
l 5312 6448
l 5313 6352
l 5313 5315
l 5313 5314
l 5313 6353
l 5313 5345
l 5313 6354
l 5313 6351
l 5313 5347
l 5314 5315
l 5314 5347
l 5314 6352
l 5314 5316
l 5314 5317
l 5314 6351
l 5314 6448
l 5314 5346
l 5314 5348
l 5315 5345
l 5315 5316
l 5315 6448
l 5315 6352
l 5315 5344
l 5315 5317
l 5315 5350
l 5316 5317
l 5316 6448
l 5316 5319
l 5316 5350
l 5316 5345
l 5316 5347
l 5316 5318
l 5316 5351
l 5317 5346
l 5317 5319
l 5317 5318
l 5317 5347
l 5317 5348
l 5317 5353
l 5317 6406
l 5317 5350
l 5318 5353
l 5318 5346
l 5318 5319
l 5318 6407
l 5318 6406
l 5318 5349
l 5318 6463
l 5318 6462
l 5319 6406
l 5319 5350
l 5319 5351
l 5319 5346
l 5319 6448
l 5319 6407
l 5319 6456
l 5320 6405
l 5320 6404
l 5320 6363
l 5320 5339
l 5320 5338
l 5320 5321
l 5320 5354
l 5320 6461
l 5321 6404
l 5321 6403
l 5321 6363
l 5321 6460
l 5321 6461
l 5322 5336
l 5323 5326
l 5323 6470
l 5323 6471
l 5323 5325
l 5323 5343
l 5323 5324
l 5324 5325
l 5324 6469
l 5324 5335
l 5324 5334
l 5324 5355
l 5324 6470
l 5325 5355
l 5325 5335
l 5325 5326
l 5326 5343
l 5326 6471
l 5326 6470
l 5327 5329
l 5327 5328
l 5327 5331
l 5328 5329
l 5329 5331
l 5330 5342
l 5331 6362
l 5332 5333
l 5334 5335
l 5334 6468
l 5334 5359
l 5334 5356
l 5334 5355
l 5334 5358
l 5334 6469
l 5334 5357
l 5335 5355
l 5335 5356
l 5335 5359
l 5335 5357
l 5335 5361
l 5336 5337
l 5337 5344
l 5338 5339
l 5338 5354
l 5338 6362
l 5338 6451
l 5338 6405
l 5338 5340
l 5339 6362
l 5339 5354
l 5339 6405
l 5339 5340
l 5339 6451
l 5340 5363
l 5340 5365
l 5340 5354
l 5340 5364
l 5343 6471
l 5343 6353
l 5343 6354
l 5344 5345
l 5344 6449
l 5345 6448
l 5345 6449
l 5346 5349
l 5346 5353
l 5346 5348
l 5346 5347
l 5346 5352
l 5346 6407
l 5347 5348
l 5347 6351
l 5347 6352
l 5347 5349
l 5347 6350
l 5348 5349
l 5348 6351
l 5348 6350
l 5348 6352
l 5349 5352
l 5349 5353
l 5349 6463
l 5350 6448
l 5350 5351
l 5350 6449
l 5350 6406
l 5350 6455
l 5351 6456
l 5351 6406
l 5351 6455
l 5351 6462
l 5351 6451
l 5351 6452
l 5352 5353
l 5352 6463
l 5352 6464
l 5352 6460
l 5352 6407
l 5353 6407
l 5353 6463
l 5353 6406
l 5353 6461
l 5354 6451
l 5354 6405
l 5354 6362
l 5354 6462
l 5355 5357
l 5355 5356
l 5355 5361
l 5356 5357
l 5356 5359
l 5356 5361
l 5357 5361
l 5357 5359
l 5358 5359
l 5358 5360
l 5358 6468
l 5359 5361
l 5360 6468
l 5363 5365
l 5363 5364
l 5363 6362
l 5364 5365
l 5364 6435
l 5364 6436
l 5364 6361
l 5364 6434
l 5365 6435
l 5365 6436
l 5365 6434
l 5366 6359
l 5366 6358
l 5366 6360
l 5367 5368
l 5368 6495
l 5369 5370
l 5371 5372
l 5373 5375
l 5373 5374
l 5374 5375
l 5376 5377
l 5379 6335
l 5380 6336
l 5380 5381
l 5380 5409
l 5380 5383
l 5380 5410
l 5380 5414
l 5380 5382
l 5380 5386
l 5380 5433
l 5380 5422
l 5381 5422
l 5381 5433
l 5381 5382
l 5381 5409
l 5381 5425
l 5381 6336
l 5381 5423
l 5381 5383
l 5381 5428
l 5382 5383
l 5382 5425
l 5382 5432
l 5382 5431
l 5382 5386
l 5382 5384
l 5382 5424
l 5382 5422
l 5383 5386
l 5383 5384
l 5383 5388
l 5383 5385
l 5383 6336
l 5383 5432
l 5383 5425
l 5384 5385
l 5384 5432
l 5384 5692
l 5384 5574
l 5384 5697
l 5384 5387
l 5385 5387
l 5385 5574
l 5385 5571
l 5385 5386
l 5385 5692
l 5385 5389
l 5385 5432
l 5385 5388
l 5386 5388
l 5386 6336
l 5386 5387
l 5386 5392
l 5386 5414
l 5387 5389
l 5387 5571
l 5387 5573
l 5387 5388
l 5387 5574
l 5387 5390
l 5387 5392
l 5388 5392
l 5388 5414
l 5388 5391
l 5388 5389
l 5388 5411
l 5388 6336
l 5389 5390
l 5389 5573
l 5389 5565
l 5389 5392
l 5389 5571
l 5389 5704
l 5389 5391
l 5390 5704
l 5390 5565
l 5390 5573
l 5390 5391
l 5390 5564
l 5390 5394
l 5390 5705
l 5390 5392
l 5391 5392
l 5391 5394
l 5391 5418
l 5391 5393
l 5391 5395
l 5391 5704
l 5391 5411
l 5392 5411
l 5392 5394
l 5392 5418
l 5392 5414
l 5393 5418
l 5393 5396
l 5393 5394
l 5393 5416
l 5393 5411
l 5393 5417
l 5393 5420
l 5393 5419
l 5393 5395
l 5394 5395
l 5394 5704
l 5394 5421
l 5394 5396
l 5394 5705
l 5394 5418
l 5395 5421
l 5395 5705
l 5395 5704
l 5395 5396
l 5395 5420
l 5395 5400
l 5395 5748
l 5396 5420
l 5396 5417
l 5396 5426
l 5396 5434
l 5396 5418
l 5396 5421
l 5396 5416
l 5397 5748
l 5397 5398
l 5397 5567
l 5397 5610
l 5397 5399
l 5397 5400
l 5397 5609
l 5397 5705
l 5397 5441
l 5397 5566
l 5398 5441
l 5398 5609
l 5398 5610
l 5398 5748
l 5398 5567
l 5398 5403
l 5398 5399
l 5398 5569
l 5398 5405
l 5399 5400
l 5399 5403
l 5399 5435
l 5399 5402
l 5399 5421
l 5399 5404
l 5399 5748
l 5399 5441
l 5400 5421
l 5400 5748
l 5400 5434
l 5400 5435
l 5400 5403
l 5400 5705
l 5401 5402
l 5401 5429
l 5401 5403
l 5401 5440
l 5401 5404
l 5401 5430
l 5401 5435
l 5401 5423
l 5401 5439
l 5402 5435
l 5402 5439
l 5402 5403
l 5402 5440
l 5402 5434
l 5402 5429
l 5402 5436
l 5403 5404
l 5403 5441
l 5403 5407
l 5403 5405
l 5404 5407
l 5404 5441
l 5404 5405
l 5404 5429
l 5404 5424
l 5404 5406
l 5405 5406
l 5405 5441
l 5405 5568
l 5405 5569
l 5405 5407
l 5405 5669
l 5405 5706
l 5405 5609
l 5406 5706
l 5406 5669
l 5406 5568
l 5406 5424
l 5406 5407
l 5406 5670
l 5406 5441
l 5406 5431
l 5406 5569
l 5407 5424
l 5407 5429
l 5407 5423
l 5407 5425
l 5407 5441
l 5407 5706
l 5408 5409
l 5408 5433
l 5408 5410
l 5409 5410
l 5409 5433
l 5409 6336
l 5409 5413
l 5409 5428
l 5410 5413
l 5410 6336
l 5410 5414
l 5410 5412
l 5410 5433
l 5411 5418
l 5411 5414
l 5411 5412
l 5411 5419
l 5411 6336
l 5411 5413
l 5412 5413
l 5412 5419
l 5412 5414
l 5412 5418
l 5412 5416
l 5413 5414
l 5413 6336
l 5413 5419
l 5414 6336
l 5414 5418
l 5415 5417
l 5415 5416
l 5415 5426
l 5416 5419
l 5416 5417
l 5416 5418
l 5416 5426
l 5417 5426
l 5417 5420
l 5417 5419
l 5417 5437
l 5418 5419
l 5420 5434
l 5420 5426
l 5420 5421
l 5420 5437
l 5420 5435
l 5421 5748
l 5421 5705
l 5421 5434
l 5422 5423
l 5422 5425
l 5422 5428
l 5422 5424
l 5422 5433
l 5422 5429
l 5422 5427
l 5423 5429
l 5423 5424
l 5423 5427
l 5423 5428
l 5423 5425
l 5424 5425
l 5424 5706
l 5424 5431
l 5425 5431
l 5425 5706
l 5425 5432
l 5426 5437
l 5426 5434
l 5426 5436
l 5427 5430
l 5427 5428
l 5427 5429
l 5427 5440
l 5427 5433
l 5427 5442
l 5428 5433
l 5428 5430
l 5429 5430
l 5430 5440
l 5430 5442
l 5430 5439
l 5430 5438
l 5431 5706
l 5431 5432
l 5431 5703
l 5431 5670
l 5431 5697
l 5431 5669
l 5432 5697
l 5432 5703
l 5432 5692
l 5432 5706
l 5434 5435
l 5434 5437
l 5434 5436
l 5435 5436
l 5435 5439
l 5435 5437
l 5436 5439
l 5436 5437
l 5436 5440
l 5437 5439
l 5438 5442
l 5438 5440
l 5438 5439
l 5439 5440
l 5440 5442
l 5441 5569
l 5441 5609
l 5441 5610
l 5441 5568
l 5443 5537
l 5443 5504
l 5443 5470
l 5443 5446
l 5443 5444
l 5444 5469
l 5444 5445
l 5444 5470
l 5444 5556
l 5445 5452
l 5445 5446
l 5445 5558
l 5446 5451
l 5446 5503
l 5446 5504
l 5446 5452
l 5447 5448
l 5447 5557
l 5447 5558
l 5447 5450
l 5447 5556
l 5447 5449
l 5447 5483
l 5447 5698
l 5448 5483
l 5448 5485
l 5448 5449
l 5448 5486
l 5448 5557
l 5448 5450
l 5448 5484
l 5449 5486
l 5449 5710
l 5449 5450
l 5449 5714
l 5449 5575
l 5449 5485
l 5449 5532
l 5450 5575
l 5450 5698
l 5450 5710
l 5450 5578
l 5450 5558
l 5450 5576
l 5451 5453
l 5451 5455
l 5451 5503
l 5451 5452
l 5451 5728
l 5451 5729
l 5451 5474
l 5451 5473
l 5452 5728
l 5452 5698
l 5452 5578
l 5452 5729
l 5453 5474
l 5453 5473
l 5453 5471
l 5453 5728
l 5453 5455
l 5453 5729
l 5453 5454
l 5454 5455
l 5454 5456
l 5454 5581
l 5454 5473
l 5454 5457
l 5454 5507
l 5454 5580
l 5454 5458
l 5455 5581
l 5455 5507
l 5455 5503
l 5455 5456
l 5455 5508
l 5455 5473
l 5455 5580
l 5456 5579
l 5456 5581
l 5456 5580
l 5456 5458
l 5456 5721
l 5456 5508
l 5456 5720
l 5456 5626
l 5457 5458
l 5457 5473
l 5457 5686
l 5457 5472
l 5458 5721
l 5458 5597
l 5458 5579
l 5458 5596
l 5459 5460
l 5459 5612
l 5459 5675
l 5459 5462
l 5459 5461
l 5460 5465
l 5460 5674
l 5460 5461
l 5460 5675
l 5460 5464
l 5461 5464
l 5461 5462
l 5461 5676
l 5462 5597
l 5463 5464
l 5463 5635
l 5463 5637
l 5463 5466
l 5464 5637
l 5464 5465
l 5465 5466
l 5465 5661
l 5465 5674
l 5466 5634
l 5466 5632
l 5466 5661
l 5466 5635
l 5467 5538
l 5467 5470
l 5467 5613
l 5467 5510
l 5467 5469
l 5467 5468
l 5467 5611
l 5468 5747
l 5468 5469
l 5468 5700
l 5468 5538
l 5468 5613
l 5469 5470
l 5469 5747
l 5469 5538
l 5469 5727
l 5470 5537
l 5470 5538
l 5470 5511
l 5470 5510
l 5471 5474
l 5471 5547
l 5471 5473
l 5471 5750
l 5471 5729
l 5471 5472
l 5471 6160
l 5471 5728
l 5471 6161
l 5472 5548
l 5472 5473
l 5472 5547
l 5472 5686
l 5473 5474
l 5473 5547
l 5473 5548
l 5474 5729
l 5474 5547
l 5474 5728
l 5474 6161
l 5474 6167
l 5474 6160
l 5474 5750
l 5475 5478
l 5475 5582
l 5475 5717
l 5475 5476
l 5475 5553
l 5475 5716
l 5475 5488
l 5475 5552
l 5475 5477
l 5475 5487
l 5476 5477
l 5476 5562
l 5476 5487
l 5476 5478
l 5476 5563
l 5476 5560
l 5476 5553
l 5476 5488
l 5476 5559
l 5477 5559
l 5477 5560
l 5477 5553
l 5477 5478
l 5477 5562
l 5477 5554
l 5477 5561
l 5477 5480
l 5478 5553
l 5478 5554
l 5478 5716
l 5478 5552
l 5478 5717
l 5478 5555
l 5478 5559
l 5479 5480
l 5479 5483
l 5479 5482
l 5479 5726
l 5479 5484
l 5479 5572
l 5479 5557
l 5479 5481
l 5479 5559
l 5479 5554
l 5480 5572
l 5480 5559
l 5480 5561
l 5480 5481
l 5480 5482
l 5480 5554
l 5480 5726
l 5480 5483
l 5480 5573
l 5481 5482
l 5481 5572
l 5481 5571
l 5481 5535
l 5481 5534
l 5481 5573
l 5481 5484
l 5481 5574
l 5482 5484
l 5482 5534
l 5482 5533
l 5482 5535
l 5482 5483
l 5482 5572
l 5483 5557
l 5483 5484
l 5483 5485
l 5483 5726
l 5484 5485
l 5484 5533
l 5484 5531
l 5484 5534
l 5485 5531
l 5485 5486
l 5485 5532
l 5486 5532
l 5486 5714
l 5486 5710
l 5486 5715
l 5487 5563
l 5487 5488
l 5487 5550
l 5487 5551
l 5487 5562
l 5487 5549
l 5487 5567
l 5487 5610
l 5488 5583
l 5488 5549
l 5488 5550
l 5488 5582
l 5488 5746
l 5488 5563
l 5488 5551
l 5489 5607
l 5489 5492
l 5489 5490
l 5489 5491
l 5489 5608
l 5489 5694
l 5489 5500
l 5489 5707
l 5489 5620
l 5489 5695
l 5490 5491
l 5490 5742
l 5490 5620
l 5490 5695
l 5490 5694
l 5490 5492
l 5490 5607
l 5490 5707
l 5490 5621
l 5491 5492
l 5491 5620
l 5491 5648
l 5491 5619
l 5491 5649
l 5491 5742
l 5491 5608
l 5491 5607
l 5492 5608
l 5492 5649
l 5492 5607
l 5492 5648
l 5492 5643
l 5492 5501
l 5492 5500
l 5493 5496
l 5493 5497
l 5493 5494
l 5493 5549
l 5493 5495
l 5493 5746
l 5493 5550
l 5493 5522
l 5493 5521
l 5493 5498
l 5494 5495
l 5494 5498
l 5494 5527
l 5494 5528
l 5494 5497
l 5494 5496
l 5494 5521
l 5494 5657
l 5494 5570
l 5495 5521
l 5495 5496
l 5495 5528
l 5495 5570
l 5495 5522
l 5495 5527
l 5495 5498
l 5495 5497
l 5496 5522
l 5496 5550
l 5496 5549
l 5496 5521
l 5496 5551
l 5496 5497
l 5496 5609
l 5497 5718
l 5497 5746
l 5497 5498
l 5497 5719
l 5497 5549
l 5497 5654
l 5498 5657
l 5498 5654
l 5498 5527
l 5498 5718
l 5498 5633
l 5498 5528
l 5499 5500
l 5499 5529
l 5499 5502
l 5499 5501
l 5499 5530
l 5499 5734
l 5499 5607
l 5499 5735
l 5499 5745
l 5499 5608
l 5500 5607
l 5500 5501
l 5500 5608
l 5500 5502
l 5500 5735
l 5500 5707
l 5500 5529
l 5501 5608
l 5501 5502
l 5501 5586
l 5501 5607
l 5501 5643
l 5501 5585
l 5501 5530
l 5502 5530
l 5502 5585
l 5502 5529
l 5502 5666
l 5502 5586
l 5502 5608
l 5502 5607
l 5503 5507
l 5503 5506
l 5503 5504
l 5504 5537
l 5504 5506
l 5505 5584
l 5505 5622
l 5505 5508
l 5505 5590
l 5505 5623
l 5505 5602
l 5505 5507
l 5505 5536
l 5505 5506
l 5505 5601
l 5506 5536
l 5506 5601
l 5506 5507
l 5506 5604
l 5506 5512
l 5507 5508
l 5507 5581
l 5507 5580
l 5507 5584
l 5507 5536
l 5508 5623
l 5508 5580
l 5508 5622
l 5508 5581
l 5508 5626
l 5508 5584
l 5508 5590
l 5508 5579
l 5509 5598
l 5509 5512
l 5509 5730
l 5509 5511
l 5510 5611
l 5510 5511
l 5510 5538
l 5511 5537
l 5511 5512
l 5512 5604
l 5512 5730
l 5512 5536
l 5513 5516
l 5513 5611
l 5513 6240
l 5513 5514
l 5513 5642
l 5513 5515
l 5514 5598
l 5514 5515
l 5514 5600
l 5514 5737
l 5514 5611
l 5514 5516
l 5515 6238
l 5515 5516
l 5515 5737
l 5515 6237
l 5515 6239
l 5515 5600
l 5515 6234
l 5516 6237
l 5516 6240
l 5516 5542
l 5516 6238
l 5516 5642
l 5516 5611
l 5517 5520
l 5517 5733
l 5517 5599
l 5517 5518
l 5517 5519
l 5518 5519
l 5518 5708
l 5518 5709
l 5518 5751
l 5518 5833
l 5519 5709
l 5519 5951
l 5519 5593
l 5519 5708
l 5520 5594
l 5520 5593
l 5520 5600
l 5521 5522
l 5521 5569
l 5521 5570
l 5521 5528
l 5521 5609
l 5521 5568
l 5522 5551
l 5522 5609
l 5522 5550
l 5522 5610
l 5522 5569
l 5522 5549
l 5523 5635
l 5523 5526
l 5523 5524
l 5523 5638
l 5523 5525
l 5523 5634
l 5523 5636
l 5523 5605
l 5523 5656
l 5524 5543
l 5524 5525
l 5524 5605
l 5524 5546
l 5524 5544
l 5524 5526
l 5524 5638
l 5524 5606
l 5524 6236
l 5525 5546
l 5525 5655
l 5525 5740
l 5525 5526
l 5525 6159
l 5525 5656
l 5525 5543
l 5525 5545
l 5525 6057
l 5526 5656
l 5526 5636
l 5526 5752
l 5526 5655
l 5526 5635
l 5526 6090
l 5527 5528
l 5527 5657
l 5527 5659
l 5527 5665
l 5527 5658
l 5527 5570
l 5527 5668
l 5528 5570
l 5528 5665
l 5528 5668
l 5528 5659
l 5528 5657
l 5529 5530
l 5529 5682
l 5529 5745
l 5529 5667
l 5529 5734
l 5529 5744
l 5529 5678
l 5530 5667
l 5530 5666
l 5530 5682
l 5530 5629
l 5530 5585
l 5530 5681
l 5531 5533
l 5531 5689
l 5532 5693
l 5532 5715
l 5532 5749
l 5532 5714
l 5533 5534
l 5533 5688
l 5534 5535
l 5534 5691
l 5534 5688
l 5535 5574
l 5535 5690
l 5535 5691
l 5535 5571
l 5535 5692
l 5536 5601
l 5536 5604
l 5536 5603
l 5536 5602
l 5536 5584
l 5538 5613
l 5538 5611
l 5538 5747
l 5539 6236
l 5539 5542
l 5539 5540
l 5539 6235
l 5539 5544
l 5539 5541
l 5539 6237
l 5539 5606
l 5539 6240
l 5539 5543
l 5540 5701
l 5540 6236
l 5540 5541
l 5540 5606
l 5540 5702
l 5540 5542
l 5540 5719
l 5540 5544
l 5540 6235
l 5541 5542
l 5541 5702
l 5541 5642
l 5541 6240
l 5541 5699
l 5541 5701
l 5541 5700
l 5541 6236
l 5542 6240
l 5542 6237
l 5542 5642
l 5542 6235
l 5542 6236
l 5542 5544
l 5543 5544
l 5543 6236
l 5543 5546
l 5543 5606
l 5543 5545
l 5543 6235
l 5543 5605
l 5544 6235
l 5544 6236
l 5544 5545
l 5544 5546
l 5544 6234
l 5544 6237
l 5544 5606
l 5545 6234
l 5545 5546
l 5545 6232
l 5545 5740
l 5545 6235
l 5545 6233
l 5545 6238
l 5545 6058
l 5546 5740
l 5546 6232
l 5546 5655
l 5546 6234
l 5546 6057
l 5546 6159
l 5547 5750
l 5547 5712
l 5547 6160
l 5547 5548
l 5547 6168
l 5548 5749
l 5548 5693
l 5549 5550
l 5549 5746
l 5549 5583
l 5549 5551
l 5550 5551
l 5550 5563
l 5550 5610
l 5550 5746
l 5551 5563
l 5551 5610
l 5551 5609
l 5551 5567
l 5551 5562
l 5552 5716
l 5552 5555
l 5552 5717
l 5552 5700
l 5552 5727
l 5552 5747
l 5552 5699
l 5552 5553
l 5553 5554
l 5553 5559
l 5553 5726
l 5553 5716
l 5553 5555
l 5554 5726
l 5554 5559
l 5554 5555
l 5554 5727
l 5554 5716
l 5555 5727
l 5555 5716
l 5555 5747
l 5555 5717
l 5555 5700
l 5556 5727
l 5556 5558
l 5556 5557
l 5557 5726
l 5557 5727
l 5558 5698
l 5559 5561
l 5559 5560
l 5559 5572
l 5559 5726
l 5560 5561
l 5560 5564
l 5560 5562
l 5560 5566
l 5560 5565
l 5560 5572
l 5561 5565
l 5561 5572
l 5561 5564
l 5561 5573
l 5561 5562
l 5561 5566
l 5562 5566
l 5562 5563
l 5562 5567
l 5562 5564
l 5563 5567
l 5563 5610
l 5563 5566
l 5564 5565
l 5564 5566
l 5564 5704
l 5564 5705
l 5564 5573
l 5565 5573
l 5565 5572
l 5565 5704
l 5565 5566
l 5565 5571
l 5566 5567
l 5566 5705
l 5566 5748
l 5566 5610
l 5566 5704
l 5567 5610
l 5567 5748
l 5567 5609
l 5568 5570
l 5568 5669
l 5568 5569
l 5568 5668
l 5569 5609
l 5569 5570
l 5569 5610
l 5570 5668
l 5570 5669
l 5570 5665
l 5571 5573
l 5571 5574
l 5571 5572
l 5572 5573
l 5574 5692
l 5574 5690
l 5575 5710
l 5575 5578
l 5575 5576
l 5575 5711
l 5575 5698
l 5575 5577
l 5575 5714
l 5575 5713
l 5576 5711
l 5576 5577
l 5576 5578
l 5576 5713
l 5576 6164
l 5576 6166
l 5576 5710
l 5576 6162
l 5576 5729
l 5577 5578
l 5577 5729
l 5577 5728
l 5577 6162
l 5577 6164
l 5577 5711
l 5577 6163
l 5578 5698
l 5578 5728
l 5578 5729
l 5578 5711
l 5579 5720
l 5579 5580
l 5579 5721
l 5579 5626
l 5579 5722
l 5579 5581
l 5579 5623
l 5580 5626
l 5580 5581
l 5580 5623
l 5580 5720
l 5580 5622
l 5581 5626
l 5581 5623
l 5582 5717
l 5582 5702
l 5582 5583
l 5582 5716
l 5582 5699
l 5582 5701
l 5583 5701
l 5583 5746
l 5583 5719
l 5583 5702
l 5583 5717
l 5584 5602
l 5584 5590
l 5584 5622
l 5584 5589
l 5584 5601
l 5584 5603
l 5584 5684
l 5585 5586
l 5585 5666
l 5585 5643
l 5585 5608
l 5585 5629
l 5585 5588
l 5586 5643
l 5586 5608
l 5586 5649
l 5586 5666
l 5586 5587
l 5587 5627
l 5587 5588
l 5587 5720
l 5587 5626
l 5587 5624
l 5587 5722
l 5587 5723
l 5587 5643
l 5587 5623
l 5588 5723
l 5588 5722
l 5588 5720
l 5588 5627
l 5588 5736
l 5588 5630
l 5588 5666
l 5589 5590
l 5589 5724
l 5589 5725
l 5589 5684
l 5589 5592
l 5589 5602
l 5589 5591
l 5589 5622
l 5589 5639
l 5590 5622
l 5590 5591
l 5590 5602
l 5590 5625
l 5590 5623
l 5590 5592
l 5590 5725
l 5591 5625
l 5591 5592
l 5591 5622
l 5591 5624
l 5591 5725
l 5591 5619
l 5591 5648
l 5591 5631
l 5592 5631
l 5592 5725
l 5592 5843
l 5592 5724
l 5592 5625
l 5592 5841
l 5592 5831
l 5593 5651
l 5593 5594
l 5593 5952
l 5593 6042
l 5594 5650
l 5594 5651
l 5594 5737
l 5594 5600
l 5595 5641
l 5595 5640
l 5595 5596
l 5595 5676
l 5596 5721
l 5596 5736
l 5596 5597
l 5596 5722
l 5598 5599
l 5598 5611
l 5598 5600
l 5599 5600
l 5599 5730
l 5600 5737
l 5601 5603
l 5601 5604
l 5601 5602
l 5601 5684
l 5601 5733
l 5602 5603
l 5602 5684
l 5602 5724
l 5602 5622
l 5603 5604
l 5603 5684
l 5603 5733
l 5603 5751
l 5603 5724
l 5604 5730
l 5604 5733
l 5605 5638
l 5605 5718
l 5605 5606
l 5605 5654
l 5605 5719
l 5605 6236
l 5605 5634
l 5606 6236
l 5606 5719
l 5606 5701
l 5606 5718
l 5607 5608
l 5607 5707
l 5607 5735
l 5607 5694
l 5608 5643
l 5608 5649
l 5609 5610
l 5611 5613
l 5613 5642
l 5613 5747
l 5613 5700
l 5614 5617
l 5614 5615
l 5614 5752
l 5614 5753
l 5615 6055
l 5615 5752
l 5615 5616
l 5615 6056
l 5615 5653
l 5616 5652
l 5616 5617
l 5616 6055
l 5616 5651
l 5617 5754
l 5617 5956
l 5617 5753
l 5618 5619
l 5618 5628
l 5618 5621
l 5618 5620
l 5618 5681
l 5618 5848
l 5618 5648
l 5618 5830
l 5618 5631
l 5619 5648
l 5619 5620
l 5619 5621
l 5619 5649
l 5619 5628
l 5620 5742
l 5620 5621
l 5620 5679
l 5620 5648
l 5620 5681
l 5621 5681
l 5621 5679
l 5621 5742
l 5621 5678
l 5621 5628
l 5621 5667
l 5622 5623
l 5622 5625
l 5622 5624
l 5622 5626
l 5623 5626
l 5623 5624
l 5623 5627
l 5623 5625
l 5623 5720
l 5624 5627
l 5624 5625
l 5624 5626
l 5624 5649
l 5624 5720
l 5625 5627
l 5625 5648
l 5625 5649
l 5626 5720
l 5626 5627
l 5626 5722
l 5627 5720
l 5627 5643
l 5627 5649
l 5628 5629
l 5628 5681
l 5628 5830
l 5628 5848
l 5628 5667
l 5628 5631
l 5628 5829
l 5628 5825
l 5629 5666
l 5629 5667
l 5629 5681
l 5629 5830
l 5629 5630
l 5629 5829
l 5630 5723
l 5630 5631
l 5630 5640
l 5630 5832
l 5630 5831
l 5630 5725
l 5630 5736
l 5630 5666
l 5631 5831
l 5631 5725
l 5631 5843
l 5631 5832
l 5631 5724
l 5631 5639
l 5632 5661
l 5632 5633
l 5632 5658
l 5632 5662
l 5632 5634
l 5632 5657
l 5632 5674
l 5633 5654
l 5633 5657
l 5633 5634
l 5633 5658
l 5633 5638
l 5633 5661
l 5634 5638
l 5634 5635
l 5634 5654
l 5635 5636
l 5636 5752
l 5636 5637
l 5636 5656
l 5637 5753
l 5637 5660
l 5638 5654
l 5638 5718
l 5639 5724
l 5639 5725
l 5639 5641
l 5639 5640
l 5639 5684
l 5639 5831
l 5639 5843
l 5639 5832
l 5639 5841
l 5640 5641
l 5640 5725
l 5640 5736
l 5640 5724
l 5640 5832
l 5640 5831
l 5641 5732
l 5641 5832
l 5641 5724
l 5641 5725
l 5642 6240
l 5642 5699
l 5642 5700
l 5643 5649
l 5643 5648
l 5644 5696
l 5644 5647
l 5644 5691
l 5644 5645
l 5645 5741
l 5645 5646
l 5645 5664
l 5645 5696
l 5646 5672
l 5646 5673
l 5646 5663
l 5647 5688
l 5647 5685
l 5648 5649
l 5650 5653
l 5650 5651
l 5650 6068
l 5650 5652
l 5650 6239
l 5650 6069
l 5650 5737
l 5651 5652
l 5651 5653
l 5652 5653
l 5652 6071
l 5652 5973
l 5652 6042
l 5653 6071
l 5653 6069
l 5653 6068
l 5653 6055
l 5654 5718
l 5654 5657
l 5654 5658
l 5655 6159
l 5655 6057
l 5655 5740
l 5655 6074
l 5655 6075
l 5655 6058
l 5655 5656
l 5655 6060
l 5655 6232
l 5656 5752
l 5656 6090
l 5656 6074
l 5656 6056
l 5656 6159
l 5657 5658
l 5657 5659
l 5657 5662
l 5658 5662
l 5658 5659
l 5658 5663
l 5658 5661
l 5658 5672
l 5659 5665
l 5659 5663
l 5659 5664
l 5659 5662
l 5659 5668
l 5659 5671
l 5660 5738
l 5660 5676
l 5660 5731
l 5660 5753
l 5660 5755
l 5661 5674
l 5661 5662
l 5661 5672
l 5662 5672
l 5662 5663
l 5662 5674
l 5663 5664
l 5663 5665
l 5663 5672
l 5664 5671
l 5664 5665
l 5664 5741
l 5664 5668
l 5665 5668
l 5665 5671
l 5666 5667
l 5666 5723
l 5667 5681
l 5667 5682
l 5667 5678
l 5668 5671
l 5668 5669
l 5668 5670
l 5669 5670
l 5669 5706
l 5669 5671
l 5670 5703
l 5670 5671
l 5670 5706
l 5670 5741
l 5671 5741
l 5671 5703
l 5672 5673
l 5672 5674
l 5673 5675
l 5673 5685
l 5673 5674
l 5674 5675
l 5675 5683
l 5676 5732
l 5677 5680
l 5677 5744
l 5677 5762
l 5677 5763
l 5677 5757
l 5677 5678
l 5677 5764
l 5677 5745
l 5677 5743
l 5677 5679
l 5678 5679
l 5678 5682
l 5678 5681
l 5678 5744
l 5678 5680
l 5678 5825
l 5678 5742
l 5679 5742
l 5679 5681
l 5679 5743
l 5679 5680
l 5679 5682
l 5679 5836
l 5680 5743
l 5680 5763
l 5680 5764
l 5680 5762
l 5680 5744
l 5680 5804
l 5680 5757
l 5681 5682
l 5681 5825
l 5681 5830
l 5682 5744
l 5682 5745
l 5683 5686
l 5683 5685
l 5684 5724
l 5684 5841
l 5684 5751
l 5684 5725
l 5684 5843
l 5685 5689
l 5685 5687
l 5685 5688
l 5686 5687
l 5687 5693
l 5688 5691
l 5688 5689
l 5689 5693
l 5690 5691
l 5690 5692
l 5690 5696
l 5692 5697
l 5692 5696
l 5693 5749
l 5694 5707
l 5694 5803
l 5694 5695
l 5694 5761
l 5694 5735
l 5694 5804
l 5694 5760
l 5695 5804
l 5695 5743
l 5695 5803
l 5695 5742
l 5695 5764
l 5695 5707
l 5695 5761
l 5696 5697
l 5696 5741
l 5697 5703
l 5697 5741
l 5698 5728
l 5699 5700
l 5699 5702
l 5699 5717
l 5699 5747
l 5699 5716
l 5700 5747
l 5700 5716
l 5701 5702
l 5701 5719
l 5701 5746
l 5701 6236
l 5702 5717
l 5702 5716
l 5703 5741
l 5704 5705
l 5704 5748
l 5705 5748
l 5707 5735
l 5707 5761
l 5707 5803
l 5707 5760
l 5707 5734
l 5708 5709
l 5708 5756
l 5708 5953
l 5708 5739
l 5709 5756
l 5709 5953
l 5709 5739
l 5710 5714
l 5710 5711
l 5710 5713
l 5710 5715
l 5711 5713
l 5711 6166
l 5711 5714
l 5711 5712
l 5711 6165
l 5711 6164
l 5712 5713
l 5712 5750
l 5712 5715
l 5712 6169
l 5712 5714
l 5712 6165
l 5712 6168
l 5713 5714
l 5713 6165
l 5713 6166
l 5713 5715
l 5713 6169
l 5714 5715
l 5715 5749
l 5715 5750
l 5716 5717
l 5716 5747
l 5717 5747
l 5718 5719
l 5718 5746
l 5719 5746
l 5719 6236
l 5720 5722
l 5720 5721
l 5721 5722
l 5721 5736
l 5722 5736
l 5722 5723
l 5723 5736
l 5724 5725
l 5724 5843
l 5724 5841
l 5724 5831
l 5725 5843
l 5725 5831
l 5725 5841
l 5726 5727
l 5727 5747
l 5728 5729
l 5729 6163
l 5729 6167
l 5730 5733
l 5731 5739
l 5731 5732
l 5731 5738
l 5731 5755
l 5733 5751
l 5734 5735
l 5734 5745
l 5734 5759
l 5734 5760
l 5734 5758
l 5734 5761
l 5735 5760
l 5735 5761
l 5735 5759
l 5735 5745
l 5737 6239
l 5737 6238
l 5738 5755
l 5738 5739
l 5738 5756
l 5738 5754
l 5739 5756
l 5739 5755
l 5740 6057
l 5740 6232
l 5740 6159
l 5740 6058
l 5740 6233
l 5740 6067
l 5742 5743
l 5743 5764
l 5743 5804
l 5743 5763
l 5743 5803
l 5743 5805
l 5744 5745
l 5744 5757
l 5744 5758
l 5744 5762
l 5744 5763
l 5745 5758
l 5745 5759
l 5745 5757
l 5749 5750
l 5750 6168
l 5750 6169
l 5750 6160
l 5751 5842
l 5751 5833
l 5752 6056
l 5752 6090
l 5752 6055
l 5753 5754
l 5754 5755
l 5754 5972
l 5755 5756
l 5755 5944
l 5756 5943
l 5756 5944
l 5757 5762
l 5757 5758
l 5757 5766
l 5757 5765
l 5757 5779
l 5757 5763
l 5757 5808
l 5758 5759
l 5758 5779
l 5758 5768
l 5758 5762
l 5758 5766
l 5758 5760
l 5759 5760
l 5759 5784
l 5759 5768
l 5759 5779
l 5759 5761
l 5759 5794
l 5760 5761
l 5760 5794
l 5760 5784
l 5760 5803
l 5760 5793
l 5761 5803
l 5761 5794
l 5761 5793
l 5761 5784
l 5762 5763
l 5762 5765
l 5762 5808
l 5762 5766
l 5762 5807
l 5763 5808
l 5763 5764
l 5763 5807
l 5763 5765
l 5763 5805
l 5764 5807
l 5764 5804
l 5764 5805
l 5764 5808
l 5765 5808
l 5765 5766
l 5765 5799
l 5765 5809
l 5765 5797
l 5765 5778
l 5765 5775
l 5766 5778
l 5766 5773
l 5766 5779
l 5766 5797
l 5766 5775
l 5766 5799
l 5766 5808
l 5767 5770
l 5767 5785
l 5767 5769
l 5767 5772
l 5767 5768
l 5767 5786
l 5767 5771
l 5767 5773
l 5767 5774
l 5767 5788
l 5768 5769
l 5768 5779
l 5768 5773
l 5768 5784
l 5768 5785
l 5768 5770
l 5768 5778
l 5769 5773
l 5769 5770
l 5769 5779
l 5769 5774
l 5769 5778
l 5769 5785
l 5769 5775
l 5769 5771
l 5770 5774
l 5770 5771
l 5770 5773
l 5770 5772
l 5770 5777
l 5770 5785
l 5770 5786
l 5771 5781
l 5771 5772
l 5771 5780
l 5771 5777
l 5771 5774
l 5771 5782
l 5771 5786
l 5771 5787
l 5772 5786
l 5772 5780
l 5772 5787
l 5772 5781
l 5772 5789
l 5772 5790
l 5772 5785
l 5773 5778
l 5773 5779
l 5773 5774
l 5773 5775
l 5773 5797
l 5774 5775
l 5774 5778
l 5774 5777
l 5774 5776
l 5774 5797
l 5775 5797
l 5775 5778
l 5775 5776
l 5775 5798
l 5775 5799
l 5775 5777
l 5775 5800
l 5776 5798
l 5776 5802
l 5776 5777
l 5776 5801
l 5776 5800
l 5776 5782
l 5776 5797
l 5776 5815
l 5777 5782
l 5777 5781
l 5777 5802
l 5777 5783
l 5777 5780
l 5778 5797
l 5778 5779
l 5778 5799
l 5780 5781
l 5780 5787
l 5780 5783
l 5780 5796
l 5780 5782
l 5780 5790
l 5780 5786
l 5781 5782
l 5781 5783
l 5781 5787
l 5781 5796
l 5781 5802
l 5782 5783
l 5782 5802
l 5782 5801
l 5782 5796
l 5782 5815
l 5783 5796
l 5783 5801
l 5783 5802
l 5783 5815
l 5783 5816
l 5783 5787
l 5784 5794
l 5784 5785
l 5784 5788
l 5784 5793
l 5785 5788
l 5785 5786
l 5785 5789
l 5785 5791
l 5786 5789
l 5786 5787
l 5786 5790
l 5786 5792
l 5786 5795
l 5787 5790
l 5787 5795
l 5787 5796
l 5787 5816
l 5787 5789
l 5788 5791
l 5788 5789
l 5788 5792
l 5788 5794
l 5788 5806
l 5789 5792
l 5789 5790
l 5789 5795
l 5789 5791
l 5789 5813
l 5789 5818
l 5790 5795
l 5790 5816
l 5790 5818
l 5790 5792
l 5790 5796
l 5790 5813
l 5791 5806
l 5791 5792
l 5791 5813
l 5791 5793
l 5791 5805
l 5791 5795
l 5792 5795
l 5792 5813
l 5792 5818
l 5792 5806
l 5792 5816
l 5793 5794
l 5793 5805
l 5793 5803
l 5793 5804
l 5793 5807
l 5794 5803
l 5794 5805
l 5795 5818
l 5795 5813
l 5795 5816
l 5795 5817
l 5795 5796
l 5795 5812
l 5796 5816
l 5796 5815
l 5796 5814
l 5796 5818
l 5796 5801
l 5797 5799
l 5797 5798
l 5797 5809
l 5797 5800
l 5798 5800
l 5798 5801
l 5798 5802
l 5798 5815
l 5798 5811
l 5798 5799
l 5798 5814
l 5799 5809
l 5799 5800
l 5799 5811
l 5799 5810
l 5800 5811
l 5800 5815
l 5800 5814
l 5800 5801
l 5800 5817
l 5800 5812
l 5801 5802
l 5801 5815
l 5801 5814
l 5802 5815
l 5803 5804
l 5803 5805
l 5804 5805
l 5804 5807
l 5805 5807
l 5805 5806
l 5805 5808
l 5806 5810
l 5806 5813
l 5806 5812
l 5806 5807
l 5806 5809
l 5807 5808
l 5807 5810
l 5807 5809
l 5808 5809
l 5808 5810
l 5809 5810
l 5809 5811
l 5809 5812
l 5810 5812
l 5810 5813
l 5810 5811
l 5810 5817
l 5811 5812
l 5811 5817
l 5811 5814
l 5811 5815
l 5811 5818
l 5811 5813
l 5812 5817
l 5812 5813
l 5812 5818
l 5812 5814
l 5812 5816
l 5813 5818
l 5813 5817
l 5813 5816
l 5813 5814
l 5814 5817
l 5814 5815
l 5814 5816
l 5814 5818
l 5815 5817
l 5815 5816
l 5816 5818
l 5816 5817
l 5817 5818
l 5819 5835
l 5819 5820
l 5819 5822
l 5819 5821
l 5819 5824
l 5819 5836
l 5819 5865
l 5819 5859
l 5819 5861
l 5819 5839
l 5820 5865
l 5820 5821
l 5820 5839
l 5820 5855
l 5820 5822
l 5820 5835
l 5820 5860
l 5820 5840
l 5820 5859
l 5821 5839
l 5821 5822
l 5821 5849
l 5821 5840
l 5821 5838
l 5821 5865
l 5821 5836
l 5821 5850
l 5822 5836
l 5822 5835
l 5822 5850
l 5822 5825
l 5822 5848
l 5822 5849
l 5822 5839
l 5823 5824
l 5823 5827
l 5823 5826
l 5823 5825
l 5823 5835
l 5823 5863
l 5823 5828
l 5823 5868
l 5823 5836
l 5823 5864
l 5824 5835
l 5824 5825
l 5824 5836
l 5824 5826
l 5824 5864
l 5824 5863
l 5824 5827
l 5825 5836
l 5825 5826
l 5825 5830
l 5825 5835
l 5825 5848
l 5826 5828
l 5826 5829
l 5826 5827
l 5826 5830
l 5826 5836
l 5826 5851
l 5827 5828
l 5827 5858
l 5827 5868
l 5827 5852
l 5827 5863
l 5827 5854
l 5828 5852
l 5828 5851
l 5828 5829
l 5828 5845
l 5828 5858
l 5828 5857
l 5829 5830
l 5829 5851
l 5829 5848
l 5829 5836
l 5830 5848
l 5830 5836
l 5830 5850
l 5831 5843
l 5831 5832
l 5831 5841
l 5832 5862
l 5832 5843
l 5833 5834
l 5833 5842
l 5833 5953
l 5833 5847
l 5833 5943
l 5833 5951
l 5834 5953
l 5834 5847
l 5834 5943
l 5834 5842
l 5835 5836
l 5835 5864
l 5835 5861
l 5836 5848
l 5836 5850
l 5837 5838
l 5837 5844
l 5837 5840
l 5837 5946
l 5837 5937
l 5837 5849
l 5837 5839
l 5837 5958
l 5837 5942
l 5837 5857
l 5838 5849
l 5838 5839
l 5838 5844
l 5838 5840
l 5838 5850
l 5838 5958
l 5838 5946
l 5839 5840
l 5839 5865
l 5839 5857
l 5839 5855
l 5839 5849
l 5840 5857
l 5840 5855
l 5840 5865
l 5840 5854
l 5840 5844
l 5840 5852
l 5841 5843
l 5841 5842
l 5842 5843
l 5842 5847
l 5844 5845
l 5844 5937
l 5844 5857
l 5844 5942
l 5844 5852
l 5844 5938
l 5844 5946
l 5845 5851
l 5845 5852
l 5845 5857
l 5846 5847
l 5846 5862
l 5847 5943
l 5847 5944
l 5848 5850
l 5848 5849
l 5849 5850
l 5851 5852
l 5851 5862
l 5852 5857
l 5852 5858
l 5852 5854
l 5852 5855
l 5853 5856
l 5853 5867
l 5853 5874
l 5853 5869
l 5853 5875
l 5853 5866
l 5853 5854
l 5853 5876
l 5853 5855
l 5853 5860
l 5854 5855
l 5854 5858
l 5854 5857
l 5854 5865
l 5854 5867
l 5854 5856
l 5855 5865
l 5855 5857
l 5855 5856
l 5855 5858
l 5855 5866
l 5856 5866
l 5856 5875
l 5856 5876
l 5856 5874
l 5856 5860
l 5856 5867
l 5856 5916
l 5856 5869
l 5857 5858
l 5857 5936
l 5858 5867
l 5858 5868
l 5859 5861
l 5859 5860
l 5859 5915
l 5859 5873
l 5859 5864
l 5859 5916
l 5859 5872
l 5859 5866
l 5859 5903
l 5860 5866
l 5860 5916
l 5860 5915
l 5860 5876
l 5860 5861
l 5860 5873
l 5860 5875
l 5861 5864
l 5861 5873
l 5861 5872
l 5861 5915
l 5861 5863
l 5861 5871
l 5863 5864
l 5863 5868
l 5863 5871
l 5863 5872
l 5863 5870
l 5863 5867
l 5863 5873
l 5864 5872
l 5864 5873
l 5864 5871
l 5864 5868
l 5864 5915
l 5865 5866
l 5866 5876
l 5866 5916
l 5866 5875
l 5866 5874
l 5867 5868
l 5867 5869
l 5867 5870
l 5867 5874
l 5867 5875
l 5868 5870
l 5868 5871
l 5868 5869
l 5869 5874
l 5869 5870
l 5869 5878
l 5869 5875
l 5869 5893
l 5869 5877
l 5869 5920
l 5870 5871
l 5870 5893
l 5870 5872
l 5870 5883
l 5870 5874
l 5870 5894
l 5871 5872
l 5871 5894
l 5871 5883
l 5871 5873
l 5871 5893
l 5871 5904
l 5872 5873
l 5872 5894
l 5872 5904
l 5872 5915
l 5872 5903
l 5873 5915
l 5873 5904
l 5873 5903
l 5873 5894
l 5873 5916
l 5874 5875
l 5874 5877
l 5874 5920
l 5874 5876
l 5874 5878
l 5874 5919
l 5875 5876
l 5875 5919
l 5875 5920
l 5875 5877
l 5875 5916
l 5876 5916
l 5876 5919
l 5876 5917
l 5876 5920
l 5876 5915
l 5877 5920
l 5877 5878
l 5877 5911
l 5877 5890
l 5877 5921
l 5877 5909
l 5877 5919
l 5877 5887
l 5878 5890
l 5878 5885
l 5878 5893
l 5878 5909
l 5878 5887
l 5878 5911
l 5878 5920
l 5878 5886
l 5879 5882
l 5879 5896
l 5879 5892
l 5879 5881
l 5879 5891
l 5879 5880
l 5879 5897
l 5879 5899
l 5879 5889
l 5879 5895
l 5880 5881
l 5880 5895
l 5880 5884
l 5880 5883
l 5880 5896
l 5880 5882
l 5880 5898
l 5880 5885
l 5880 5886
l 5881 5884
l 5881 5886
l 5881 5882
l 5881 5885
l 5881 5895
l 5881 5896
l 5881 5889
l 5881 5883
l 5882 5891
l 5882 5889
l 5882 5892
l 5882 5896
l 5882 5886
l 5882 5897
l 5882 5908
l 5883 5884
l 5883 5894
l 5883 5893
l 5883 5885
l 5883 5895
l 5883 5904
l 5883 5890
l 5884 5885
l 5884 5893
l 5884 5886
l 5884 5890
l 5884 5895
l 5884 5887
l 5885 5890
l 5885 5886
l 5885 5893
l 5885 5887
l 5885 5909
l 5886 5887
l 5886 5890
l 5886 5889
l 5886 5909
l 5886 5888
l 5887 5909
l 5887 5890
l 5887 5888
l 5887 5911
l 5887 5910
l 5887 5889
l 5887 5912
l 5888 5910
l 5888 5914
l 5888 5889
l 5888 5913
l 5888 5912
l 5888 5909
l 5888 5927
l 5888 5908
l 5889 5891
l 5889 5908
l 5889 5914
l 5889 5892
l 5889 5910
l 5889 5906
l 5890 5909
l 5890 5893
l 5890 5911
l 5891 5892
l 5891 5908
l 5891 5906
l 5891 5897
l 5891 5907
l 5891 5914
l 5891 5896
l 5892 5897
l 5892 5906
l 5892 5907
l 5892 5908
l 5892 5900
l 5892 5896
l 5894 5904
l 5894 5895
l 5894 5903
l 5894 5898
l 5895 5898
l 5895 5896
l 5895 5899
l 5895 5901
l 5896 5899
l 5896 5897
l 5896 5900
l 5896 5902
l 5896 5905
l 5897 5900
l 5897 5907
l 5897 5905
l 5897 5928
l 5897 5899
l 5897 5930
l 5897 5906
l 5898 5901
l 5898 5899
l 5898 5904
l 5898 5902
l 5898 5903
l 5898 5918
l 5899 5902
l 5899 5905
l 5899 5900
l 5899 5925
l 5899 5901
l 5899 5930
l 5900 5905
l 5900 5928
l 5900 5930
l 5900 5902
l 5900 5907
l 5900 5929
l 5901 5918
l 5901 5902
l 5901 5925
l 5901 5903
l 5901 5922
l 5901 5917
l 5902 5905
l 5902 5925
l 5902 5930
l 5902 5929
l 5902 5928
l 5903 5904
l 5903 5917
l 5903 5915
l 5903 5916
l 5903 5919
l 5904 5915
l 5904 5917
l 5905 5930
l 5905 5928
l 5905 5925
l 5905 5929
l 5905 5926
l 5905 5907
l 5906 5907
l 5906 5908
l 5906 5914
l 5906 5913
l 5906 5927
l 5906 5928
l 5907 5928
l 5907 5927
l 5907 5913
l 5907 5926
l 5907 5930
l 5907 5914
l 5908 5914
l 5908 5913
l 5908 5927
l 5909 5911
l 5909 5910
l 5909 5921
l 5909 5912
l 5909 5923
l 5910 5912
l 5910 5923
l 5910 5913
l 5910 5927
l 5910 5914
l 5910 5926
l 5910 5911
l 5911 5921
l 5911 5912
l 5911 5923
l 5911 5922
l 5912 5923
l 5912 5926
l 5912 5927
l 5912 5913
l 5912 5929
l 5912 5924
l 5913 5914
l 5913 5927
l 5913 5926
l 5913 5928
l 5914 5927
l 5915 5916
l 5915 5917
l 5916 5917
l 5916 5919
l 5917 5919
l 5917 5918
l 5917 5920
l 5918 5922
l 5918 5925
l 5918 5924
l 5918 5921
l 5918 5919
l 5919 5920
l 5919 5922
l 5920 5921
l 5920 5922
l 5921 5922
l 5921 5923
l 5921 5924
l 5922 5924
l 5922 5925
l 5922 5923
l 5923 5924
l 5923 5929
l 5923 5926
l 5923 5927
l 5923 5930
l 5923 5925
l 5924 5929
l 5924 5925
l 5924 5930
l 5924 5926
l 5924 5928
l 5925 5930
l 5925 5929
l 5925 5928
l 5926 5929
l 5926 5927
l 5926 5928
l 5926 5930
l 5927 5928
l 5927 5929
l 5928 5930
l 5928 5929
l 5929 5930
l 5931 5945
l 5931 5932
l 5931 5934
l 5931 5946
l 5931 5933
l 5931 5936
l 5931 5969
l 5931 5976
l 5931 5971
l 5931 5935
l 5932 5976
l 5932 5933
l 5932 5949
l 5932 5965
l 5932 5934
l 5932 5945
l 5933 5949
l 5933 5934
l 5933 5959
l 5933 5950
l 5933 5976
l 5933 5960
l 5934 5946
l 5934 5960
l 5934 5958
l 5934 5945
l 5934 5937
l 5934 5959
l 5934 5936
l 5935 5936
l 5935 5939
l 5935 5937
l 5935 5945
l 5935 5938
l 5935 5946
l 5935 5940
l 5936 5945
l 5936 5937
l 5936 5946
l 5936 5939
l 5936 5938
l 5936 5975
l 5937 5946
l 5937 5938
l 5937 5942
l 5937 5958
l 5937 5945
l 5938 5940
l 5938 5942
l 5938 5941
l 5938 5946
l 5938 5939
l 5939 5968
l 5939 5940
l 5940 5962
l 5940 5961
l 5940 5941
l 5941 5942
l 5941 5961
l 5941 5958
l 5942 5958
l 5942 5946
l 5942 5960
l 5942 5961
l 5943 5953
l 5943 5944
l 5944 5972
l 5945 5946
l 5945 5971
l 5945 5975
l 5946 5958
l 5946 5960
l 5947 5948
l 5947 5954
l 5947 5950
l 5947 5949
l 5948 5959
l 5948 5949
l 5948 5950
l 5948 5954
l 5949 5950
l 5949 5976
l 5949 5967
l 5949 5965
l 5950 5967
l 5950 5965
l 5950 5976
l 5951 5953
l 5951 5952
l 5952 6042
l 5952 5973
l 5954 5955
l 5954 5967
l 5955 5961
l 5955 5962
l 5955 5967
l 5956 5957
l 5956 5972
l 5957 5973
l 5957 6042
l 5957 6054
l 5958 5960
l 5958 5959
l 5959 5960
l 5962 5967
l 5962 5968
l 5963 5966
l 5963 5978
l 5963 5985
l 5963 5977
l 5963 5986
l 5963 5980
l 5963 5987
l 5964 5965
l 5964 5968
l 5964 5967
l 5964 5976
l 5965 5976
l 5966 5977
l 5966 5987
l 5966 5986
l 5966 5970
l 5966 5985
l 5969 5971
l 5969 5970
l 5969 6026
l 5969 5984
l 5969 6027
l 5969 5975
l 5969 5977
l 5969 5974
l 5969 5983
l 5970 5977
l 5970 6027
l 5970 6026
l 5970 5987
l 5970 5971
l 5970 6028
l 5971 5975
l 5971 5984
l 5971 5974
l 5971 6026
l 5971 5983
l 5971 5979
l 5971 5982
l 5973 6042
l 5974 5975
l 5974 5979
l 5974 5982
l 5974 5983
l 5974 5981
l 5974 5984
l 5974 5978
l 5975 5983
l 5975 5979
l 5975 5984
l 5975 5982
l 5975 5981
l 5975 6026
l 5977 5987
l 5977 6027
l 5977 5986
l 5978 5979
l 5978 5980
l 5978 5981
l 5978 5985
l 5979 5981
l 5979 5982
l 5979 5980
l 5980 5985
l 5980 5981
l 5980 5989
l 5980 5988
l 5980 6004
l 5980 5986
l 5981 5982
l 5981 6004
l 5981 5983
l 5981 5994
l 5981 5989
l 5982 5983
l 5982 6005
l 5982 5994
l 5982 5984
l 5982 6004
l 5982 6015
l 5983 5984
l 5983 6005
l 5983 6015
l 5983 6026
l 5983 5994
l 5984 6026
l 5984 6015
l 5984 6014
l 5984 6005
l 5984 6027
l 5985 5986
l 5985 5988
l 5985 6031
l 5985 5989
l 5985 5987
l 5985 6030
l 5986 5987
l 5986 6031
l 5986 6030
l 5986 5988
l 5986 6027
l 5986 6028
l 5987 6027
l 5987 6030
l 5987 6028
l 5987 6031
l 5987 6026
l 5988 6031
l 5988 5989
l 5988 6022
l 5988 6032
l 5988 6020
l 5988 6001
l 5988 6030
l 5989 6001
l 5989 6004
l 5989 5996
l 5989 6020
l 5989 5998
l 5989 6022
l 5989 6031
l 5990 5993
l 5990 6007
l 5990 6003
l 5990 6002
l 5990 6008
l 5990 5991
l 5990 5992
l 5990 6000
l 5990 6010
l 5990 6011
l 5991 5992
l 5991 6006
l 5991 5995
l 5991 5993
l 5991 6007
l 5991 5997
l 5991 5994
l 5991 6009
l 5991 5996
l 5992 5995
l 5992 5997
l 5992 5993
l 5992 6006
l 5992 5996
l 5992 6000
l 5992 6007
l 5992 5994
l 5993 6002
l 5993 6000
l 5993 6003
l 5993 6007
l 5993 6019
l 5993 6008
l 5993 5997
l 5994 5995
l 5994 6005
l 5994 6004
l 5994 5996
l 5994 6006
l 5994 6015
l 5995 5996
l 5995 5997
l 5995 6004
l 5995 6006
l 5995 6001
l 5995 6005
l 5995 5998
l 5996 6001
l 5996 6004
l 5996 5997
l 5996 5998
l 5996 6020
l 5997 5998
l 5997 6000
l 5997 6001
l 5997 5999
l 5997 6020
l 5998 6020
l 5998 6001
l 5998 5999
l 5998 6021
l 5998 6022
l 5998 6023
l 5998 6000
l 5999 6021
l 5999 6025
l 5999 6024
l 5999 6000
l 5999 6023
l 5999 6038
l 5999 6020
l 5999 6019
l 6000 6019
l 6000 6025
l 6000 6002
l 6000 6017
l 6000 6024
l 6001 6020
l 6001 6004
l 6001 6022
l 6002 6003
l 6002 6019
l 6002 6017
l 6002 6008
l 6002 6018
l 6002 6007
l 6002 6025
l 6003 6008
l 6003 6017
l 6003 6019
l 6003 6018
l 6003 6007
l 6003 6011
l 6004 6005
l 6005 6015
l 6005 6006
l 6005 6009
l 6006 6009
l 6006 6007
l 6006 6010
l 6006 6012
l 6007 6010
l 6007 6008
l 6007 6011
l 6007 6016
l 6008 6011
l 6008 6018
l 6008 6039
l 6008 6017
l 6008 6016
l 6009 6012
l 6009 6010
l 6009 6013
l 6009 6015
l 6009 6029
l 6010 6013
l 6010 6016
l 6010 6011
l 6010 6041
l 6010 6036
l 6011 6016
l 6011 6039
l 6011 6041
l 6011 6013
l 6011 6018
l 6012 6029
l 6012 6013
l 6012 6014
l 6012 6036
l 6012 6015
l 6012 6033
l 6012 6028
l 6013 6016
l 6013 6036
l 6013 6041
l 6013 6040
l 6013 6039
l 6014 6015
l 6014 6028
l 6014 6026
l 6014 6027
l 6014 6029
l 6014 6030
l 6015 6026
l 6015 6028
l 6016 6041
l 6016 6039
l 6016 6036
l 6016 6040
l 6016 6037
l 6017 6019
l 6017 6018
l 6017 6025
l 6017 6024
l 6017 6038
l 6017 6039
l 6018 6039
l 6018 6038
l 6018 6024
l 6018 6037
l 6018 6025
l 6018 6019
l 6019 6025
l 6019 6024
l 6020 6022
l 6020 6021
l 6020 6023
l 6020 6032
l 6020 6034
l 6021 6023
l 6021 6024
l 6021 6038
l 6021 6025
l 6021 6034
l 6021 6037
l 6021 6022
l 6022 6032
l 6022 6023
l 6022 6034
l 6022 6033
l 6023 6034
l 6023 6038
l 6023 6037
l 6023 6040
l 6023 6035
l 6023 6024
l 6024 6025
l 6024 6038
l 6024 6037
l 6025 6038
l 6026 6027
l 6026 6028
l 6027 6028
l 6027 6030
l 6028 6030
l 6028 6029
l 6028 6031
l 6028 6033
l 6029 6033
l 6029 6036
l 6029 6035
l 6029 6032
l 6029 6030
l 6030 6031
l 6030 6033
l 6031 6032
l 6031 6033
l 6032 6033
l 6032 6034
l 6032 6035
l 6032 6036
l 6033 6035
l 6033 6036
l 6033 6034
l 6034 6035
l 6034 6040
l 6034 6037
l 6034 6038
l 6034 6036
l 6034 6041
l 6035 6040
l 6035 6036
l 6035 6037
l 6035 6041
l 6036 6041
l 6036 6040
l 6036 6037
l 6036 6039
l 6037 6040
l 6037 6038
l 6037 6039
l 6037 6041
l 6038 6039
l 6038 6040
l 6039 6041
l 6039 6040
l 6040 6041
l 6043 6061
l 6043 6044
l 6043 6046
l 6043 6062
l 6043 6045
l 6043 6087
l 6043 6088
l 6043 6048
l 6043 6093
l 6044 6093
l 6044 6045
l 6044 6046
l 6044 6065
l 6044 6088
l 6044 6083
l 6044 6061
l 6044 6094
l 6044 6087
l 6045 6046
l 6045 6065
l 6045 6077
l 6045 6093
l 6045 6078
l 6045 6064
l 6045 6066
l 6045 6062
l 6046 6062
l 6046 6078
l 6046 6076
l 6046 6061
l 6046 6077
l 6046 6065
l 6047 6048
l 6047 6051
l 6047 6050
l 6047 6049
l 6047 6061
l 6047 6091
l 6048 6061
l 6048 6049
l 6048 6062
l 6048 6050
l 6048 6092
l 6049 6062
l 6049 6050
l 6049 6054
l 6049 6061
l 6049 6076
l 6050 6052
l 6050 6053
l 6050 6054
l 6050 6051
l 6050 6062
l 6051 6052
l 6051 6086
l 6051 6096
l 6051 6080
l 6051 6095
l 6051 6091
l 6052 6080
l 6052 6079
l 6052 6086
l 6052 6053
l 6052 6073
l 6052 6085
l 6053 6054
l 6053 6079
l 6053 6076
l 6053 6062
l 6054 6076
l 6054 6062
l 6054 6078
l 6055 6056
l 6055 6071
l 6055 6069
l 6056 6090
l 6056 6071
l 6057 6159
l 6057 6058
l 6057 6060
l 6057 6232
l 6057 6075
l 6057 6059
l 6057 6067
l 6057 6074
l 6058 6067
l 6058 6232
l 6058 6159
l 6058 6233
l 6058 6059
l 6058 6060
l 6058 6070
l 6058 6068
l 6059 6060
l 6059 6070
l 6059 6075
l 6059 6067
l 6059 6069
l 6059 6159
l 6059 6064
l 6059 6068
l 6060 6075
l 6060 6159
l 6060 6070
l 6060 6074
l 6060 6063
l 6060 6067
l 6060 6072
l 6061 6062
l 6061 6089
l 6062 6076
l 6062 6078
l 6063 6064
l 6063 6072
l 6063 6066
l 6063 6065
l 6063 6085
l 6063 6077
l 6063 6073
l 6064 6077
l 6064 6065
l 6064 6066
l 6064 6072
l 6064 6078
l 6064 6085
l 6065 6066
l 6065 6093
l 6065 6083
l 6065 6077
l 6065 6085
l 6066 6085
l 6066 6083
l 6066 6093
l 6066 6082
l 6066 6072
l 6066 6080
l 6067 6068
l 6067 6233
l 6067 6070
l 6067 6239
l 6067 6232
l 6067 6069
l 6068 6069
l 6068 6239
l 6068 6070
l 6068 6071
l 6068 6233
l 6069 6071
l 6069 6070
l 6069 6078
l 6070 6071
l 6070 6077
l 6071 6078
l 6072 6073
l 6072 6085
l 6072 6080
l 6072 6077
l 6072 6075
l 6073 6080
l 6073 6079
l 6073 6085
l 6073 6074
l 6074 6075
l 6074 6159
l 6074 6090
l 6075 6159
l 6076 6078
l 6076 6077
l 6077 6078
l 6079 6080
l 6079 6090
l 6080 6085
l 6080 6086
l 6080 6082
l 6080 6083
l 6081 6084
l 6081 6095
l 6081 6102
l 6081 6103
l 6081 6094
l 6081 6082
l 6081 6104
l 6081 6097
l 6081 6083
l 6081 6086
l 6082 6083
l 6082 6086
l 6082 6085
l 6082 6093
l 6082 6084
l 6082 6095
l 6083 6093
l 6083 6085
l 6083 6084
l 6083 6094
l 6083 6086
l 6084 6094
l 6084 6103
l 6084 6104
l 6084 6102
l 6084 6095
l 6084 6088
l 6084 6093
l 6085 6086
l 6085 6093
l 6086 6095
l 6086 6093
l 6087 6089
l 6087 6143
l 6087 6088
l 6087 6144
l 6087 6101
l 6087 6092
l 6088 6094
l 6088 6144
l 6088 6104
l 6088 6143
l 6088 6089
l 6088 6093
l 6089 6092
l 6089 6101
l 6089 6143
l 6089 6100
l 6089 6091
l 6091 6092
l 6091 6096
l 6091 6099
l 6091 6100
l 6091 6098
l 6092 6100
l 6092 6101
l 6092 6099
l 6093 6094
l 6094 6104
l 6094 6103
l 6094 6144
l 6095 6096
l 6095 6097
l 6095 6102
l 6095 6103
l 6095 6098
l 6096 6098
l 6096 6097
l 6096 6099
l 6097 6102
l 6097 6106
l 6097 6098
l 6097 6105
l 6097 6103
l 6097 6148
l 6097 6121
l 6098 6121
l 6098 6099
l 6098 6106
l 6098 6113
l 6098 6111
l 6098 6100
l 6098 6118
l 6099 6100
l 6099 6111
l 6099 6122
l 6099 6121
l 6099 6101
l 6100 6101
l 6100 6132
l 6100 6122
l 6100 6111
l 6101 6143
l 6101 6132
l 6101 6131
l 6102 6103
l 6102 6148
l 6102 6105
l 6102 6104
l 6102 6147
l 6102 6106
l 6103 6104
l 6103 6148
l 6103 6147
l 6103 6105
l 6103 6144
l 6104 6144
l 6104 6147
l 6104 6145
l 6104 6148
l 6105 6148
l 6105 6106
l 6105 6139
l 6105 6149
l 6105 6147
l 6105 6137
l 6105 6150
l 6106 6118
l 6106 6137
l 6106 6121
l 6106 6139
l 6106 6113
l 6106 6115
l 6106 6149
l 6107 6124
l 6107 6110
l 6107 6119
l 6107 6120
l 6107 6127
l 6107 6108
l 6107 6125
l 6107 6109
l 6108 6123
l 6108 6109
l 6108 6112
l 6108 6110
l 6108 6126
l 6108 6124
l 6108 6111
l 6109 6112
l 6109 6114
l 6109 6110
l 6109 6123
l 6109 6117
l 6109 6113
l 6110 6119
l 6110 6117
l 6110 6120
l 6110 6124
l 6110 6136
l 6111 6112
l 6111 6122
l 6111 6113
l 6111 6121
l 6111 6132
l 6112 6113
l 6112 6114
l 6112 6122
l 6112 6121
l 6112 6123
l 6113 6121
l 6113 6114
l 6113 6118
l 6113 6115
l 6113 6137
l 6114 6115
l 6114 6117
l 6114 6118
l 6114 6116
l 6115 6137
l 6115 6118
l 6115 6116
l 6115 6138
l 6115 6117
l 6115 6139
l 6115 6140
l 6116 6138
l 6116 6142
l 6116 6141
l 6116 6117
l 6116 6140
l 6116 6155
l 6116 6137
l 6116 6136
l 6117 6136
l 6117 6142
l 6117 6119
l 6117 6134
l 6118 6137
l 6118 6121
l 6118 6139
l 6119 6120
l 6119 6136
l 6119 6134
l 6119 6125
l 6119 6124
l 6120 6125
l 6120 6134
l 6120 6124
l 6120 6136
l 6121 6122
l 6122 6132
l 6122 6126
l 6122 6123
l 6123 6126
l 6123 6124
l 6123 6127
l 6124 6127
l 6124 6125
l 6124 6128
l 6124 6133
l 6125 6128
l 6125 6135
l 6125 6156
l 6125 6133
l 6125 6134
l 6126 6129
l 6126 6130
l 6126 6127
l 6126 6132
l 6127 6130
l 6127 6133
l 6127 6128
l 6127 6158
l 6128 6133
l 6128 6156
l 6128 6158
l 6128 6135
l 6128 6130
l 6129 6146
l 6129 6132
l 6129 6130
l 6129 6131
l 6129 6153
l 6130 6153
l 6130 6133
l 6130 6158
l 6130 6157
l 6131 6132
l 6131 6143
l 6131 6145
l 6131 6146
l 6131 6144
l 6132 6143
l 6133 6158
l 6133 6156
l 6133 6157
l 6133 6153
l 6133 6154
l 6134 6135
l 6134 6136
l 6134 6141
l 6134 6142
l 6134 6156
l 6134 6155
l 6135 6156
l 6135 6155
l 6135 6141
l 6135 6154
l 6135 6158
l 6136 6142
l 6136 6141
l 6137 6139
l 6137 6138
l 6137 6140
l 6137 6149
l 6137 6151
l 6138 6140
l 6138 6141
l 6138 6142
l 6138 6155
l 6138 6151
l 6138 6154
l 6138 6157
l 6139 6149
l 6139 6150
l 6139 6140
l 6139 6151
l 6140 6151
l 6140 6155
l 6140 6154
l 6140 6152
l 6140 6157
l 6140 6141
l 6141 6142
l 6141 6155
l 6141 6154
l 6141 6156
l 6142 6155
l 6142 6154
l 6143 6144
l 6143 6145
l 6144 6145
l 6144 6147
l 6145 6147
l 6145 6146
l 6145 6148
l 6145 6150
l 6146 6150
l 6146 6153
l 6146 6149
l 6146 6152
l 6146 6147
l 6147 6148
l 6147 6150
l 6147 6149
l 6148 6149
l 6148 6150
l 6149 6150
l 6149 6151
l 6149 6152
l 6150 6152
l 6150 6151
l 6150 6153
l 6151 6152
l 6151 6157
l 6151 6154
l 6151 6153
l 6151 6155
l 6151 6158
l 6152 6153
l 6152 6157
l 6152 6154
l 6152 6158
l 6152 6155
l 6153 6157
l 6153 6158
l 6153 6154
l 6154 6157
l 6154 6155
l 6154 6158
l 6154 6156
l 6155 6156
l 6155 6157
l 6155 6158
l 6156 6158
l 6156 6157
l 6157 6158
l 6159 6232
l 6160 6161
l 6160 6168
l 6160 6167
l 6160 6175
l 6160 6176
l 6160 6170
l 6160 6169
l 6161 6167
l 6161 6176
l 6161 6168
l 6161 6175
l 6161 6177
l 6161 6163
l 6161 6170
l 6162 6164
l 6162 6163
l 6162 6216
l 6162 6217
l 6162 6174
l 6162 6166
l 6162 6167
l 6162 6173
l 6163 6167
l 6163 6217
l 6163 6216
l 6163 6177
l 6163 6164
l 6163 6174
l 6164 6166
l 6164 6174
l 6164 6216
l 6164 6165
l 6164 6173
l 6165 6166
l 6165 6169
l 6165 6172
l 6165 6173
l 6165 6168
l 6165 6171
l 6165 6174
l 6166 6173
l 6166 6174
l 6166 6169
l 6166 6172
l 6167 6177
l 6167 6176
l 6167 6217
l 6167 6175
l 6167 6168
l 6168 6169
l 6168 6170
l 6168 6175
l 6168 6171
l 6169 6171
l 6169 6172
l 6169 6170
l 6170 6175
l 6170 6171
l 6170 6176
l 6170 6178
l 6170 6221
l 6170 6194
l 6170 6179
l 6171 6172
l 6171 6194
l 6171 6173
l 6171 6175
l 6171 6184
l 6171 6195
l 6172 6173
l 6172 6195
l 6172 6174
l 6172 6184
l 6172 6205
l 6173 6174
l 6173 6205
l 6173 6195
l 6173 6216
l 6173 6204
l 6174 6216
l 6174 6205
l 6174 6204
l 6174 6217
l 6174 6195
l 6175 6176
l 6175 6221
l 6175 6178
l 6175 6177
l 6175 6220
l 6176 6177
l 6176 6221
l 6176 6220
l 6176 6178
l 6176 6217
l 6177 6217
l 6177 6220
l 6177 6218
l 6177 6221
l 6177 6216
l 6178 6221
l 6178 6179
l 6178 6222
l 6178 6212
l 6178 6188
l 6178 6209
l 6178 6220
l 6178 6223
l 6179 6188
l 6179 6194
l 6179 6209
l 6179 6186
l 6179 6212
l 6179 6189
l 6179 6187
l 6179 6222
l 6179 6185
l 6180 6197
l 6180 6183
l 6180 6193
l 6180 6181
l 6180 6182
l 6180 6198
l 6180 6191
l 6180 6200
l 6180 6201
l 6180 6196
l 6181 6182
l 6181 6196
l 6181 6185
l 6181 6184
l 6181 6197
l 6181 6183
l 6181 6199
l 6181 6200
l 6181 6186
l 6182 6185
l 6182 6183
l 6182 6187
l 6182 6186
l 6182 6184
l 6182 6190
l 6182 6196
l 6182 6197
l 6183 6191
l 6183 6193
l 6183 6190
l 6183 6187
l 6183 6192
l 6183 6197
l 6183 6185
l 6184 6185
l 6184 6196
l 6184 6195
l 6184 6194
l 6184 6186
l 6184 6199
l 6184 6187
l 6185 6186
l 6185 6194
l 6185 6187
l 6185 6196
l 6185 6188
l 6186 6187
l 6186 6188
l 6186 6194
l 6186 6189
l 6186 6190
l 6187 6190
l 6187 6188
l 6187 6189
l 6187 6210
l 6187 6194
l 6187 6192
l 6188 6189
l 6188 6209
l 6188 6210
l 6188 6194
l 6188 6212
l 6188 6190
l 6188 6211
l 6189 6209
l 6189 6210
l 6189 6211
l 6189 6190
l 6189 6212
l 6189 6215
l 6190 6192
l 6190 6215
l 6190 6210
l 6190 6191
l 6190 6207
l 6191 6193
l 6191 6192
l 6191 6207
l 6191 6198
l 6191 6208
l 6191 6215
l 6192 6207
l 6192 6215
l 6192 6214
l 6192 6193
l 6192 6210
l 6192 6208
l 6193 6198
l 6193 6207
l 6193 6208
l 6193 6201
l 6193 6197
l 6195 6205
l 6195 6196
l 6195 6199
l 6195 6204
l 6195 6202
l 6196 6199
l 6196 6197
l 6196 6200
l 6196 6202
l 6197 6200
l 6197 6198
l 6197 6201
l 6197 6206
l 6197 6203
l 6198 6201
l 6198 6208
l 6198 6229
l 6198 6206
l 6198 6200
l 6198 6231
l 6199 6202
l 6199 6200
l 6199 6203
l 6199 6205
l 6199 6219
l 6200 6203
l 6200 6206
l 6200 6201
l 6200 6226
l 6200 6231
l 6201 6206
l 6201 6229
l 6201 6231
l 6201 6203
l 6201 6208
l 6201 6230
l 6202 6219
l 6202 6203
l 6202 6226
l 6202 6204
l 6202 6205
l 6202 6218
l 6202 6223
l 6203 6206
l 6203 6226
l 6203 6231
l 6203 6230
l 6203 6225
l 6203 6229
l 6204 6205
l 6204 6218
l 6204 6216
l 6204 6217
l 6204 6219
l 6205 6216
l 6205 6218
l 6206 6231
l 6206 6226
l 6206 6229
l 6206 6230
l 6206 6227
l 6207 6208
l 6207 6214
l 6207 6215
l 6207 6228
l 6207 6229
l 6208 6229
l 6208 6228
l 6208 6227
l 6208 6231
l 6208 6214
l 6208 6230
l 6209 6212
l 6209 6211
l 6209 6213
l 6209 6210
l 6209 6224
l 6209 6222
l 6210 6215
l 6210 6211
l 6210 6214
l 6210 6213
l 6211 6213
l 6211 6214
l 6211 6215
l 6211 6228
l 6211 6224
l 6211 6212
l 6211 6227
l 6212 6222
l 6212 6213
l 6212 6224
l 6212 6225
l 6213 6224
l 6213 6228
l 6213 6227
l 6213 6214
l 6213 6230
l 6213 6225
l 6214 6215
l 6214 6228
l 6214 6227
l 6215 6228
l 6216 6217
l 6216 6218
l 6217 6218
l 6217 6220
l 6218 6220
l 6218 6219
l 6218 6223
l 6219 6223
l 6219 6226
l 6219 6225
l 6219 6220
l 6219 6222
l 6220 6221
l 6220 6223
l 6220 6222
l 6221 6222
l 6221 6223
l 6222 6223
l 6222 6224
l 6222 6225
l 6223 6225
l 6223 6226
l 6223 6224
l 6223 6230
l 6224 6225
l 6224 6227
l 6224 6230
l 6224 6228
l 6224 6231
l 6225 6230
l 6225 6226
l 6225 6231
l 6225 6227
l 6225 6229
l 6226 6231
l 6226 6230
l 6226 6229
l 6226 6227
l 6227 6230
l 6227 6228
l 6227 6229
l 6227 6231
l 6228 6229
l 6228 6230
l 6229 6231
l 6229 6230
l 6230 6231
l 6232 6233
l 6232 6234
l 6233 6239
l 6233 6234
l 6233 6238
l 6234 6238
l 6234 6235
l 6234 6237
l 6234 6239
l 6235 6237
l 6235 6236
l 6235 6238
l 6236 6237
l 6237 6240
l 6237 6238
l 6238 6239
l 6241 6276
l 6241 6256
l 6241 6279
l 6241 6242
l 6241 6278
l 6241 6267
l 6241 6269
l 6242 6269
l 6242 6276
l 6242 6247
l 6242 6262
l 6242 6263
l 6242 6267
l 6243 6267
l 6243 6244
l 6243 6246
l 6243 6262
l 6243 6278
l 6243 6276
l 6243 6269
l 6243 6279
l 6244 6278
l 6244 6258
l 6244 6277
l 6244 6279
l 6244 6267
l 6244 6280
l 6244 6273
l 6245 6261
l 6245 6246
l 6245 6257
l 6245 6268
l 6245 6262
l 6245 6263
l 6245 6269
l 6246 6262
l 6246 6261
l 6246 6267
l 6246 6269
l 6246 6263
l 6247 6263
l 6247 6264
l 6247 6261
l 6247 6248
l 6247 6269
l 6247 6268
l 6248 6264
l 6248 6270
l 6248 6260
l 6248 6268
l 6248 6266
l 6248 6263
l 6249 6250
l 6249 6271
l 6249 6251
l 6249 6252
l 6249 6265
l 6250 6251
l 6250 6252
l 6250 6271
l 6251 6252
l 6251 6265
l 6252 6265
l 6252 6271
l 6252 6253
l 6253 6266
l 6253 6265
l 6253 6270
l 6253 6271
l 6253 6257
l 6253 6268
l 6254 6272
l 6254 6273
l 6254 6259
l 6254 6255
l 6254 6280
l 6254 6277
l 6254 6258
l 6255 6272
l 6255 6280
l 6255 6273
l 6255 6277
l 6255 6259
l 6255 6256
l 6255 6279
l 6256 6279
l 6256 6280
l 6256 6278
l 6256 6277
l 6256 6276
l 6256 6272
l 6257 6268
l 6257 6266
l 6257 6264
l 6257 6261
l 6257 6270
l 6258 6277
l 6258 6273
l 6258 6259
l 6258 6280
l 6258 6272
l 6258 6278
l 6259 6273
l 6259 6272
l 6259 6277
l 6259 6280
l 6260 6270
l 6260 6271
l 6260 6265
l 6260 6266
l 6261 6263
l 6261 6262
l 6261 6268
l 6261 6269
l 6261 6264
l 6262 6269
l 6262 6267
l 6262 6276
l 6262 6263
l 6263 6269
l 6263 6264
l 6263 6268
l 6264 6268
l 6264 6270
l 6264 6266
l 6265 6271
l 6265 6266
l 6265 6270
l 6266 6270
l 6266 6271
l 6266 6268
l 6267 6276
l 6267 6278
l 6267 6269
l 6267 6279
l 6268 6270
l 6269 6276
l 6270 6271
l 6272 6273
l 6272 6280
l 6272 6277
l 6272 6279
l 6273 6280
l 6273 6277
l 6273 6279
l 6273 6278
l 6274 6334
l 6274 6275
l 6275 6502
l 6276 6279
l 6276 6278
l 6277 6280
l 6277 6278
l 6277 6279
l 6278 6279
l 6278 6280
l 6279 6280
l 6281 6282
l 6283 6284
l 6284 6356
l 6284 6357
l 6284 6355
l 6286 6287
l 6286 6297
l 6286 6298
l 6287 6304
l 6287 6303
l 6287 6305
l 6288 6299
l 6288 6289
l 6288 6300
l 6289 6298
l 6289 6299
l 6290 6291
l 6290 6309
l 6290 6294
l 6291 6309
l 6291 6879
l 6291 6301
l 6292 6293
l 6292 6877
l 6292 6876
l 6293 6876
l 6293 6307
l 6293 6877
l 6295 6296
l 6295 6298
l 6295 6546
l 6295 6297
l 6296 6297
l 6296 6298
l 6296 6546
l 6297 6298
l 6299 6300
l 6300 6473
l 6301 6302
l 6301 6309
l 6302 6313
l 6303 6304
l 6303 6313
l 6303 6305
l 6304 6305
l 6304 6306
l 6305 6306
l 6306 6311
l 6307 6876
l 6307 6877
l 6307 6308
l 6309 6879
l 6309 6343
l 6311 6312
l 6311 6476
l 6312 6476
l 6314 6500
l 6314 6315
l 6314 6317
l 6314 6501
l 6314 6316
l 6314 6504
l 6315 6316
l 6315 6318
l 6315 6317
l 6315 6500
l 6316 6317
l 6316 6318
l 6316 6504
l 6316 6500
l 6317 6504
l 6317 6500
l 6317 6499
l 6317 6318
l 6318 6319
l 6318 6320
l 6319 6320
l 6319 6480
l 6319 6880
l 6320 6880
l 6320 6480
l 6320 6481
l 6320 6322
l 6321 6324
l 6321 6322
l 6321 6485
l 6321 6323
l 6321 6487
l 6321 6484
l 6321 6880
l 6322 6880
l 6322 6484
l 6322 6324
l 6322 6485
l 6322 6481
l 6323 6324
l 6323 6325
l 6323 6331
l 6323 6487
l 6323 6485
l 6324 6487
l 6324 6485
l 6324 6331
l 6325 6331
l 6325 6330
l 6325 6326
l 6325 6487
l 6326 6329
l 6326 6330
l 6326 6327
l 6326 6328
l 6327 6328
l 6327 6412
l 6328 6412
l 6328 6329
l 6329 6330
l 6330 6331
l 6330 6487
l 6330 6486
l 6331 6487
l 6331 6486
l 6331 6485
l 6331 6482
l 6332 6333
l 6333 6499
l 6334 6503
l 6334 6497
l 6337 6338
l 6338 6344
l 6339 6347
l 6339 6340
l 6339 6341
l 6339 6346
l 6340 6348
l 6340 6347
l 6341 6346
l 6341 6342
l 6341 6345
l 6342 6345
l 6343 6879
l 6345 6346
l 6346 6347
l 6347 6348
l 6348 6349
l 6349 6350
l 6350 6351
l 6350 6352
l 6350 6354
l 6351 6352
l 6351 6354
l 6352 6354
l 6352 6353
l 6353 6354
l 6353 6471
l 6355 6446
l 6355 6356
l 6355 6444
l 6355 6447
l 6355 6445
l 6355 6442
l 6356 6357
l 6356 6444
l 6356 6442
l 6356 6446
l 6356 6358
l 6356 6441
l 6356 6445
l 6357 6358
l 6357 6442
l 6357 6441
l 6357 6444
l 6357 6359
l 6358 6359
l 6358 6441
l 6358 6442
l 6358 6438
l 6358 6360
l 6359 6360
l 6359 6438
l 6359 6441
l 6359 6437
l 6359 6440
l 6360 6437
l 6360 6438
l 6360 6361
l 6360 6436
l 6360 6434
l 6360 6440
l 6360 6441
l 6361 6436
l 6361 6437
l 6361 6435
l 6361 6434
l 6365 6420
l 6365 6418
l 6366 6419
l 6366 6417
l 6366 6421
l 6366 6367
l 6366 6416
l 6367 6368
l 6369 6370
l 6369 6544
l 6369 6372
l 6369 6538
l 6369 6526
l 6369 6371
l 6369 6545
l 6369 6543
l 6369 6525
l 6369 6522
l 6370 6526
l 6370 6525
l 6370 6371
l 6370 6377
l 6370 6372
l 6370 6538
l 6370 6544
l 6371 6372
l 6371 6377
l 6371 6390
l 6371 6525
l 6371 6545
l 6371 6378
l 6372 6545
l 6372 6390
l 6372 6544
l 6372 6389
l 6372 6377
l 6373 6388
l 6373 6374
l 6373 6475
l 6373 6546
l 6373 6389
l 6373 6474
l 6374 6474
l 6374 6475
l 6374 6388
l 6375 6378
l 6375 6376
l 6376 6379
l 6377 6525
l 6377 6378
l 6378 6525
l 6379 6384
l 6379 6571
l 6380 6567
l 6380 6381
l 6381 6568
l 6381 6385
l 6381 6567
l 6382 6569
l 6382 6572
l 6383 6570
l 6384 6571
l 6384 6386
l 6384 6573
l 6385 6572
l 6386 6573
l 6386 6387
l 6386 6571
l 6387 6574
l 6388 6546
l 6388 6389
l 6388 6390
l 6388 6475
l 6389 6390
l 6389 6545
l 6390 6545
l 6391 6457
l 6391 6477
l 6391 6392
l 6391 6467
l 6391 6458
l 6391 6410
l 6391 6411
l 6392 6458
l 6392 6393
l 6392 6457
l 6392 6466
l 6392 6410
l 6392 6431
l 6393 6431
l 6393 6395
l 6393 6458
l 6393 6466
l 6393 6430
l 6394 6395
l 6394 6427
l 6394 6430
l 6394 6396
l 6394 6428
l 6394 6397
l 6394 6431
l 6395 6431
l 6395 6396
l 6395 6430
l 6395 6427
l 6396 6397
l 6396 6423
l 6396 6427
l 6396 6422
l 6396 6424
l 6396 6426
l 6397 6426
l 6397 6424
l 6397 6427
l 6397 6423
l 6397 6425
l 6397 6422
l 6398 6408
l 6398 6400
l 6398 6399
l 6398 6409
l 6398 6401
l 6399 6409
l 6399 6425
l 6399 6400
l 6399 6408
l 6400 6401
l 6400 6408
l 6400 6402
l 6400 6465
l 6401 6465
l 6401 6402
l 6401 6408
l 6401 6459
l 6402 6459
l 6402 6403
l 6402 6465
l 6403 6460
l 6403 6459
l 6403 6404
l 6403 6464
l 6404 6461
l 6404 6460
l 6404 6405
l 6404 6463
l 6405 6462
l 6405 6461
l 6405 6451
l 6406 6462
l 6406 6407
l 6406 6456
l 6406 6451
l 6407 6461
l 6407 6463
l 6407 6462
l 6408 6465
l 6408 6409
l 6409 6425
l 6410 6457
l 6410 6411
l 6410 6458
l 6410 6466
l 6410 6467
l 6411 6467
l 6411 6457
l 6411 6477
l 6412 6413
l 6413 6414
l 6414 6415
l 6414 6416
l 6415 6416
l 6415 6417
l 6416 6417
l 6416 6419
l 6417 6419
l 6417 6418
l 6417 6421
l 6418 6420
l 6418 6419
l 6418 6421
l 6418 6422
l 6419 6421
l 6419 6422
l 6419 6420
l 6420 6422
l 6420 6421
l 6420 6423
l 6421 6422
l 6421 6423
l 6422 6423
l 6422 6424
l 6423 6424
l 6424 6425
l 6424 6426
l 6425 6426
l 6426 6427
l 6427 6428
l 6427 6429
l 6427 6430
l 6428 6429
l 6428 6430
l 6430 6431
l 6430 6466
l 6431 6466
l 6431 6458
l 6434 6435
l 6434 6436
l 6434 6440
l 6434 6437
l 6434 6453
l 6435 6436
l 6435 6437
l 6435 6453
l 6435 6440
l 6436 6437
l 6436 6440
l 6437 6438
l 6437 6440
l 6437 6439
l 6437 6453
l 6438 6441
l 6438 6440
l 6438 6439
l 6438 6442
l 6439 6440
l 6439 6443
l 6439 6454
l 6439 6441
l 6439 6453
l 6439 6442
l 6439 6445
l 6440 6453
l 6440 6454
l 6440 6441
l 6441 6442
l 6441 6443
l 6441 6444
l 6442 6444
l 6442 6443
l 6442 6445
l 6442 6446
l 6443 6445
l 6443 6447
l 6443 6444
l 6443 6454
l 6444 6446
l 6444 6445
l 6444 6447
l 6444 6450
l 6445 6447
l 6445 6446
l 6445 6450
l 6446 6447
l 6446 6450
l 6447 6450
l 6447 6449
l 6448 6449
l 6449 6450
l 6451 6456
l 6451 6462
l 6451 6452
l 6452 6455
l 6452 6453
l 6452 6456
l 6452 6454
l 6453 6454
l 6453 6455
l 6454 6455
l 6455 6456
l 6456 6462
l 6457 6467
l 6457 6458
l 6457 6477
l 6457 6466
l 6458 6466
l 6459 6464
l 6459 6465
l 6459 6460
l 6460 6463
l 6460 6464
l 6460 6461
l 6461 6463
l 6461 6462
l 6463 6464
l 6464 6465
l 6467 6477
l 6468 6469
l 6469 6470
l 6470 6471
l 6473 6474
l 6473 6475
l 6474 6475
l 6474 6546
l 6475 6546
l 6478 6479
l 6478 6489
l 6478 6483
l 6478 6481
l 6478 6490
l 6478 6480
l 6478 6488
l 6478 6484
l 6478 6482
l 6479 6490
l 6479 6480
l 6479 6489
l 6479 6481
l 6480 6481
l 6480 6880
l 6480 6484
l 6480 6490
l 6481 6484
l 6481 6880
l 6481 6483
l 6481 6485
l 6482 6483
l 6482 6486
l 6482 6492
l 6482 6485
l 6482 6488
l 6482 6491
l 6482 6487
l 6482 6484
l 6483 6488
l 6483 6484
l 6483 6489
l 6483 6492
l 6483 6485
l 6483 6486
l 6484 6485
l 6484 6880
l 6484 6487
l 6485 6487
l 6485 6486
l 6486 6491
l 6486 6487
l 6486 6492
l 6488 6492
l 6488 6489
l 6488 6491
l 6488 6490
l 6489 6490
l 6489 6492
l 6491 6492
l 6493 6494
l 6495 6496
l 6497 6498
l 6497 6503
l 6499 6504
l 6500 6501
l 6500 6504
l 6501 6502
l 6505 6552
l 6505 6507
l 6505 6506
l 6505 6518
l 6505 6508
l 6505 6517
l 6505 6551
l 6505 6519
l 6506 6508
l 6506 6507
l 6506 6517
l 6506 6512
l 6506 6521
l 6506 6518
l 6507 6517
l 6507 6508
l 6507 6518
l 6507 6519
l 6507 6521
l 6507 6552
l 6507 6527
l 6507 6512
l 6508 6521
l 6508 6517
l 6508 6512
l 6508 6520
l 6508 6519
l 6508 6518
l 6508 6527
l 6509 6516
l 6509 6510
l 6509 6511
l 6509 6515
l 6509 6558
l 6509 6518
l 6509 6539
l 6510 6518
l 6510 6558
l 6510 6519
l 6510 6552
l 6510 6516
l 6510 6517
l 6511 6515
l 6511 6516
l 6511 6535
l 6512 6520
l 6512 6521
l 6512 6513
l 6512 6517
l 6512 6514
l 6513 6514
l 6513 6520
l 6513 6521
l 6513 6528
l 6514 6529
l 6514 6520
l 6514 6528
l 6514 6561
l 6514 6521
l 6515 6535
l 6515 6516
l 6515 6534
l 6515 6539
l 6515 6533
l 6516 6539
l 6516 6558
l 6516 6535
l 6516 6559
l 6516 6532
l 6516 6519
l 6517 6521
l 6517 6519
l 6517 6527
l 6517 6518
l 6517 6520
l 6517 6558
l 6518 6519
l 6518 6552
l 6518 6558
l 6518 6521
l 6519 6527
l 6519 6558
l 6519 6521
l 6519 6559
l 6519 6520
l 6520 6521
l 6520 6528
l 6520 6527
l 6520 6529
l 6521 6527
l 6521 6528
l 6522 6544
l 6522 6524
l 6522 6543
l 6522 6545
l 6522 6523
l 6523 6524
l 6523 6543
l 6524 6543
l 6524 6536
l 6524 6544
l 6524 6538
l 6525 6526
l 6526 6538
l 6526 6534
l 6526 6537
l 6526 6543
l 6527 6528
l 6527 6559
l 6527 6558
l 6527 6560
l 6528 6529
l 6528 6560
l 6528 6559
l 6528 6541
l 6529 6541
l 6529 6561
l 6529 6560
l 6529 6540
l 6530 6533
l 6530 6531
l 6530 6536
l 6530 6532
l 6530 6537
l 6530 6535
l 6530 6541
l 6531 6532
l 6531 6541
l 6531 6533
l 6531 6560
l 6531 6540
l 6531 6539
l 6531 6536
l 6532 6539
l 6532 6533
l 6532 6560
l 6532 6541
l 6532 6535
l 6532 6559
l 6533 6535
l 6533 6537
l 6533 6536
l 6533 6539
l 6533 6534
l 6534 6537
l 6534 6535
l 6534 6538
l 6534 6536
l 6535 6539
l 6535 6537
l 6536 6537
l 6536 6543
l 6536 6538
l 6536 6544
l 6537 6538
l 6537 6543
l 6538 6543
l 6538 6544
l 6539 6559
l 6539 6560
l 6539 6558
l 6540 6561
l 6540 6541
l 6540 6542
l 6540 6562
l 6541 6560
l 6541 6561
l 6541 6559
l 6542 6562
l 6542 6561
l 6543 6544
l 6543 6545
l 6544 6545
l 6550 6555
l 6551 6552
l 6553 6563
l 6553 6566
l 6553 6564
l 6555 6874
l 6556 6568
l 6558 6559
l 6559 6560
l 6561 6562
l 6563 6564
l 6563 6565
l 6563 6566
l 6564 6565
l 6564 6566
l 6565 6566
l 6571 6573
l 6573 6574
l 6575 6578
l 6575 6593
l 6575 6576
l 6575 6577
l 6575 6597
l 6575 6720
l 6575 6598
l 6575 6594
l 6576 6577
l 6576 6594
l 6576 6600
l 6576 6598
l 6576 6599
l 6576 6593
l 6576 6721
l 6576 6611
l 6576 6610
l 6577 6598
l 6577 6596
l 6577 6611
l 6577 6599
l 6577 6578
l 6577 6597
l 6577 6602
l 6577 6600
l 6578 6597
l 6578 6580
l 6578 6598
l 6578 6596
l 6578 6579
l 6579 6580
l 6579 6581
l 6579 6597
l 6579 6595
l 6579 6584
l 6579 6582
l 6579 6596
l 6580 6597
l 6580 6596
l 6580 6595
l 6580 6581
l 6580 6598
l 6581 6584
l 6581 6582
l 6581 6585
l 6581 6595
l 6581 6583
l 6582 6583
l 6582 6595
l 6582 6604
l 6582 6606
l 6582 6596
l 6582 6603
l 6582 6601
l 6582 6584
l 6583 6606
l 6583 6603
l 6583 6595
l 6583 6586
l 6583 6584
l 6583 6604
l 6583 6607
l 6583 6585
l 6584 6585
l 6584 6589
l 6584 6606
l 6585 6589
l 6585 6606
l 6585 6586
l 6585 6588
l 6586 6606
l 6586 6587
l 6586 6605
l 6586 6589
l 6586 6607
l 6586 6608
l 6586 6588
l 6586 6591
l 6587 6591
l 6587 6608
l 6587 6588
l 6587 6590
l 6587 6606
l 6587 6589
l 6587 6605
l 6587 6609
l 6587 6723
l 6588 6589
l 6588 6590
l 6588 6591
l 6588 6592
l 6589 6606
l 6589 6590
l 6590 6592
l 6590 6591
l 6590 6722
l 6590 6723
l 6591 6723
l 6591 6609
l 6591 6592
l 6591 6608
l 6591 6724
l 6591 6726
l 6592 6722
l 6592 6723
l 6592 6720
l 6592 6724
l 6592 6721
l 6592 6593
l 6593 6720
l 6593 6594
l 6593 6722
l 6593 6721
l 6594 6721
l 6594 6610
l 6594 6720
l 6594 6724
l 6594 6600
l 6594 6722
l 6594 6725
l 6595 6596
l 6595 6598
l 6595 6601
l 6595 6604
l 6595 6602
l 6596 6598
l 6596 6602
l 6596 6597
l 6596 6601
l 6596 6611
l 6597 6598
l 6598 6611
l 6598 6602
l 6598 6599
l 6599 6611
l 6599 6600
l 6599 6834
l 6599 6835
l 6599 6602
l 6599 6837
l 6599 6833
l 6600 6610
l 6600 6833
l 6600 6834
l 6600 6611
l 6600 6835
l 6600 6734
l 6601 6604
l 6601 6602
l 6601 6836
l 6601 6731
l 6601 6603
l 6601 6837
l 6601 6611
l 6602 6611
l 6602 6837
l 6602 6836
l 6602 6835
l 6602 6604
l 6603 6607
l 6603 6604
l 6603 6732
l 6603 6730
l 6603 6731
l 6603 6605
l 6603 6606
l 6604 6731
l 6604 6732
l 6604 6836
l 6604 6607
l 6605 6607
l 6605 6608
l 6605 6728
l 6605 6730
l 6605 6729
l 6605 6606
l 6605 6732
l 6606 6607
l 6607 6730
l 6607 6728
l 6607 6732
l 6607 6608
l 6608 6609
l 6608 6729
l 6608 6728
l 6608 6870
l 6608 6726
l 6609 6726
l 6609 6870
l 6609 6723
l 6609 6736
l 6609 6727
l 6609 6729
l 6609 6724
l 6610 6725
l 6610 6734
l 6610 6721
l 6610 6833
l 6610 6727
l 6610 6724
l 6610 6733
l 6611 6835
l 6611 6837
l 6611 6834
l 6612 6615
l 6612 6707
l 6612 6706
l 6612 6613
l 6612 6614
l 6612 6645
l 6612 6657
l 6612 6667
l 6612 6665
l 6612 6661
l 6613 6706
l 6613 6645
l 6613 6614
l 6613 6707
l 6613 6655
l 6613 6615
l 6613 6660
l 6613 6622
l 6613 6661
l 6614 6645
l 6614 6615
l 6614 6658
l 6614 6706
l 6614 6657
l 6614 6646
l 6614 6707
l 6614 6660
l 6615 6657
l 6615 6645
l 6615 6658
l 6615 6707
l 6615 6706
l 6615 6667
l 6615 6665
l 6616 6696
l 6616 6694
l 6616 6651
l 6616 6619
l 6616 6617
l 6616 6640
l 6616 6643
l 6616 6618
l 6616 6633
l 6616 6620
l 6617 6694
l 6617 6696
l 6617 6618
l 6617 6637
l 6617 6636
l 6617 6634
l 6617 6619
l 6617 6640
l 6617 6633
l 6618 6619
l 6618 6634
l 6618 6633
l 6618 6694
l 6618 6636
l 6618 6696
l 6618 6637
l 6618 6640
l 6619 6633
l 6619 6634
l 6619 6696
l 6619 6643
l 6619 6694
l 6619 6651
l 6619 6648
l 6620 6623
l 6620 6703
l 6620 6621
l 6620 6622
l 6620 6700
l 6620 6651
l 6620 6648
l 6620 6652
l 6620 6643
l 6620 6655
l 6621 6700
l 6621 6622
l 6621 6703
l 6621 6623
l 6621 6645
l 6621 6655
l 6621 6646
l 6622 6623
l 6622 6655
l 6622 6700
l 6622 6660
l 6622 6703
l 6622 6645
l 6622 6706
l 6623 6652
l 6623 6655
l 6623 6703
l 6623 6651
l 6623 6700
l 6623 6643
l 6623 6648
l 6624 6668
l 6624 6718
l 6624 6627
l 6624 6686
l 6624 6626
l 6624 6715
l 6624 6625
l 6624 6669
l 6624 6679
l 6624 6684
l 6625 6715
l 6625 6626
l 6625 6718
l 6625 6682
l 6625 6627
l 6625 6690
l 6625 6683
l 6625 6668
l 6625 6684
l 6626 6627
l 6626 6690
l 6626 6715
l 6626 6687
l 6626 6718
l 6626 6682
l 6626 6668
l 6626 6686
l 6627 6687
l 6627 6679
l 6627 6668
l 6627 6686
l 6627 6690
l 6627 6718
l 6627 6715
l 6628 6667
l 6628 6713
l 6628 6631
l 6628 6629
l 6628 6674
l 6628 6710
l 6628 6630
l 6628 6665
l 6628 6666
l 6628 6672
l 6629 6710
l 6629 6630
l 6629 6631
l 6629 6713
l 6629 6678
l 6629 6670
l 6629 6669
l 6629 6672
l 6629 6675
l 6630 6631
l 6630 6678
l 6630 6710
l 6630 6675
l 6630 6713
l 6630 6669
l 6630 6670
l 6630 6674
l 6631 6675
l 6631 6667
l 6631 6665
l 6631 6674
l 6631 6713
l 6631 6678
l 6631 6710
l 6632 6649
l 6632 6693
l 6632 6633
l 6632 6642
l 6632 6650
l 6632 6699
l 6632 6635
l 6632 6634
l 6632 6643
l 6632 6640
l 6633 6634
l 6633 6643
l 6633 6649
l 6633 6651
l 6633 6648
l 6633 6696
l 6634 6636
l 6634 6635
l 6634 6694
l 6634 6637
l 6635 6692
l 6635 6639
l 6635 6636
l 6635 6637
l 6635 6638
l 6635 6693
l 6635 6695
l 6636 6637
l 6636 6694
l 6636 6639
l 6636 6638
l 6636 6696
l 6636 6640
l 6637 6694
l 6637 6638
l 6637 6640
l 6637 6696
l 6637 6641
l 6637 6639
l 6638 6639
l 6638 6698
l 6638 6641
l 6638 6695
l 6638 6697
l 6638 6699
l 6638 6640
l 6639 6695
l 6639 6692
l 6639 6698
l 6639 6641
l 6639 6694
l 6640 6696
l 6640 6650
l 6640 6641
l 6640 6651
l 6640 6694
l 6640 6642
l 6640 6653
l 6640 6652
l 6641 6699
l 6641 6650
l 6641 6697
l 6641 6653
l 6641 6642
l 6641 6696
l 6642 6650
l 6642 6699
l 6642 6653
l 6642 6649
l 6642 6643
l 6642 6654
l 6642 6652
l 6643 6651
l 6643 6648
l 6643 6652
l 6643 6703
l 6643 6649
l 6643 6650
l 6644 6658
l 6644 6659
l 6644 6663
l 6644 6660
l 6644 6647
l 6644 6701
l 6644 6657
l 6644 6654
l 6644 6662
l 6645 6658
l 6645 6706
l 6645 6646
l 6645 6660
l 6645 6707
l 6646 6700
l 6646 6703
l 6646 6648
l 6646 6658
l 6646 6647
l 6647 6659
l 6647 6658
l 6647 6649
l 6647 6648
l 6647 6663
l 6647 6701
l 6647 6704
l 6648 6703
l 6648 6651
l 6648 6700
l 6648 6652
l 6648 6649
l 6649 6650
l 6649 6699
l 6649 6651
l 6649 6693
l 6650 6653
l 6650 6699
l 6650 6652
l 6650 6651
l 6651 6652
l 6651 6703
l 6651 6696
l 6652 6655
l 6652 6660
l 6652 6653
l 6653 6654
l 6653 6699
l 6653 6663
l 6653 6701
l 6653 6660
l 6654 6663
l 6654 6662
l 6654 6660
l 6654 6701
l 6654 6661
l 6654 6655
l 6654 6658
l 6655 6660
l 6655 6706
l 6655 6661
l 6656 6666
l 6656 6677
l 6656 6672
l 6656 6674
l 6656 6673
l 6656 6659
l 6656 6657
l 6656 6709
l 6656 6713
l 6657 6667
l 6657 6658
l 6657 6674
l 6657 6666
l 6657 6713
l 6658 6660
l 6658 6659
l 6659 6701
l 6659 6663
l 6659 6704
l 6659 6662
l 6660 6661
l 6660 6706
l 6660 6663
l 6661 6706
l 6661 6707
l 6661 6665
l 6661 6662
l 6662 6663
l 6662 6701
l 6662 6664
l 6662 6702
l 6662 6665
l 6662 6674
l 6663 6701
l 6664 6675
l 6664 6674
l 6664 6677
l 6664 6665
l 6664 6666
l 6664 6676
l 6664 6672
l 6665 6667
l 6665 6707
l 6665 6706
l 6665 6674
l 6665 6675
l 6666 6672
l 6666 6674
l 6666 6713
l 6666 6677
l 6666 6710
l 6666 6709
l 6666 6667
l 6667 6713
l 6667 6674
l 6667 6707
l 6668 6718
l 6668 6686
l 6668 6671
l 6668 6715
l 6668 6684
l 6668 6679
l 6669 6670
l 6669 6678
l 6669 6710
l 6669 6679
l 6669 6672
l 6670 6710
l 6670 6672
l 6670 6713
l 6670 6678
l 6670 6677
l 6671 6686
l 6671 6684
l 6671 6718
l 6671 6673
l 6671 6689
l 6671 6715
l 6671 6709
l 6672 6713
l 6672 6674
l 6672 6677
l 6672 6710
l 6672 6709
l 6672 6673
l 6673 6709
l 6673 6677
l 6673 6705
l 6673 6674
l 6674 6713
l 6674 6677
l 6674 6675
l 6674 6710
l 6675 6678
l 6675 6676
l 6675 6677
l 6676 6679
l 6676 6709
l 6676 6677
l 6676 6708
l 6676 6678
l 6677 6709
l 6678 6710
l 6678 6679
l 6679 6687
l 6679 6686
l 6679 6718
l 6680 6681
l 6680 6685
l 6680 6683
l 6680 6682
l 6680 6711
l 6680 6719
l 6680 6691
l 6680 6689
l 6680 6714
l 6680 6684
l 6681 6691
l 6681 6682
l 6681 6717
l 6681 6719
l 6681 6716
l 6681 6690
l 6681 6688
l 6681 6711
l 6681 6683
l 6682 6683
l 6682 6690
l 6682 6715
l 6682 6711
l 6682 6684
l 6682 6689
l 6682 6718
l 6682 6685
l 6683 6684
l 6683 6715
l 6683 6711
l 6683 6685
l 6683 6718
l 6683 6689
l 6683 6686
l 6684 6718
l 6684 6715
l 6684 6711
l 6684 6689
l 6684 6686
l 6684 6685
l 6685 6711
l 6685 6689
l 6685 6714
l 6685 6715
l 6685 6686
l 6685 6718
l 6686 6689
l 6686 6718
l 6686 6711
l 6686 6687
l 6686 6715
l 6687 6688
l 6687 6690
l 6687 6689
l 6687 6711
l 6687 6712
l 6688 6712
l 6688 6690
l 6688 6691
l 6688 6711
l 6688 6689
l 6689 6711
l 6689 6715
l 6689 6718
l 6690 6691
l 6690 6715
l 6690 6711
l 6691 6712
l 6691 6717
l 6691 6711
l 6692 6695
l 6692 6737
l 6692 6693
l 6692 6740
l 6692 6698
l 6692 6751
l 6693 6699
l 6693 6704
l 6693 6740
l 6693 6697
l 6694 6696
l 6695 6698
l 6695 6751
l 6695 6737
l 6695 6753
l 6695 6697
l 6697 6699
l 6697 6698
l 6697 6702
l 6697 6755
l 6698 6753
l 6698 6751
l 6698 6755
l 6700 6703
l 6701 6702
l 6701 6704
l 6702 6708
l 6702 6704
l 6704 6705
l 6705 6709
l 6705 6708
l 6705 6714
l 6706 6707
l 6708 6709
l 6708 6712
l 6710 6713
l 6711 6715
l 6711 6718
l 6714 6718
l 6715 6718
l 6716 6717
l 6716 6719
l 6716 6750
l 6716 6748
l 6716 6758
l 6716 6763
l 6717 6719
l 6717 6758
l 6717 6763
l 6719 6748
l 6719 6746
l 6720 6722
l 6720 6721
l 6720 6724
l 6721 6724
l 6721 6725
l 6721 6722
l 6721 6723
l 6721 6727
l 6722 6724
l 6722 6723
l 6723 6724
l 6723 6726
l 6723 6727
l 6723 6725
l 6724 6727
l 6724 6725
l 6724 6726
l 6725 6727
l 6725 6733
l 6725 6734
l 6725 6726
l 6725 6735
l 6726 6727
l 6726 6736
l 6726 6735
l 6726 6870
l 6726 6733
l 6727 6735
l 6727 6733
l 6727 6736
l 6727 6734
l 6728 6730
l 6728 6782
l 6728 6729
l 6728 6781
l 6728 6792
l 6728 6732
l 6729 6781
l 6729 6780
l 6729 6870
l 6729 6782
l 6729 6730
l 6730 6732
l 6730 6792
l 6730 6782
l 6730 6791
l 6730 6731
l 6730 6781
l 6731 6732
l 6731 6836
l 6731 6793
l 6731 6791
l 6731 6794
l 6731 6837
l 6732 6791
l 6732 6792
l 6732 6793
l 6732 6836
l 6732 6782
l 6733 6735
l 6733 6734
l 6733 6802
l 6733 6819
l 6733 6801
l 6733 6736
l 6734 6819
l 6734 6833
l 6734 6818
l 6735 6736
l 6735 6801
l 6735 6802
l 6735 6800
l 6735 6819
l 6736 6800
l 6736 6870
l 6736 6801
l 6736 6771
l 6737 6751
l 6737 6740
l 6737 6738
l 6737 6739
l 6737 6753
l 6738 6752
l 6738 6739
l 6738 6751
l 6738 6798
l 6739 6741
l 6739 6740
l 6739 6765
l 6739 6742
l 6739 6766
l 6739 6798
l 6739 6752
l 6739 6751
l 6740 6742
l 6740 6741
l 6741 6743
l 6741 6742
l 6741 6766
l 6741 6744
l 6741 6765
l 6741 6767
l 6741 6745
l 6742 6744
l 6742 6759
l 6742 6743
l 6743 6745
l 6743 6744
l 6743 6767
l 6743 6746
l 6743 6766
l 6743 6768
l 6743 6747
l 6743 6760
l 6744 6746
l 6744 6761
l 6744 6759
l 6745 6747
l 6745 6746
l 6745 6748
l 6745 6768
l 6745 6767
l 6745 6749
l 6745 6762
l 6745 6750
l 6746 6748
l 6746 6763
l 6747 6749
l 6747 6748
l 6747 6757
l 6747 6750
l 6747 6769
l 6747 6764
l 6747 6768
l 6747 6758
l 6747 6770
l 6748 6750
l 6748 6758
l 6748 6763
l 6748 6749
l 6749 6757
l 6749 6750
l 6749 6764
l 6749 6770
l 6749 6820
l 6749 6758
l 6749 6769
l 6749 6841
l 6750 6758
l 6750 6757
l 6750 6763
l 6751 6753
l 6751 6752
l 6752 6754
l 6752 6753
l 6752 6799
l 6753 6755
l 6753 6754
l 6753 6756
l 6754 6756
l 6754 6807
l 6754 6755
l 6754 6799
l 6755 6756
l 6755 6759
l 6755 6760
l 6756 6760
l 6756 6838
l 6756 6807
l 6756 6759
l 6756 6799
l 6756 6839
l 6757 6764
l 6757 6758
l 6757 6820
l 6757 6841
l 6757 6763
l 6757 6762
l 6757 6770
l 6758 6763
l 6758 6764
l 6759 6761
l 6759 6760
l 6759 6762
l 6760 6762
l 6760 6839
l 6760 6761
l 6760 6838
l 6760 6764
l 6760 6840
l 6761 6763
l 6761 6762
l 6762 6764
l 6762 6763
l 6762 6840
l 6762 6839
l 6763 6764
l 6764 6841
l 6764 6840
l 6764 6820
l 6765 6798
l 6765 6766
l 6765 6802
l 6765 6799
l 6766 6767
l 6766 6801
l 6766 6800
l 6766 6798
l 6766 6768
l 6766 6802
l 6767 6768
l 6767 6800
l 6767 6801
l 6767 6769
l 6768 6769
l 6768 6800
l 6768 6771
l 6768 6770
l 6769 6770
l 6769 6820
l 6769 6772
l 6769 6841
l 6769 6773
l 6769 6771
l 6769 6840
l 6770 6820
l 6770 6841
l 6770 6773
l 6770 6821
l 6770 6772
l 6770 6842
l 6771 6772
l 6771 6800
l 6771 6870
l 6771 6780
l 6771 6773
l 6771 6774
l 6772 6773
l 6772 6821
l 6772 6774
l 6772 6842
l 6772 6775
l 6772 6780
l 6772 6843
l 6773 6821
l 6773 6842
l 6773 6775
l 6773 6822
l 6773 6843
l 6773 6820
l 6773 6774
l 6773 6846
l 6774 6775
l 6774 6780
l 6774 6822
l 6774 6779
l 6774 6778
l 6774 6781
l 6774 6846
l 6774 6823
l 6775 6822
l 6775 6846
l 6775 6778
l 6775 6823
l 6775 6821
l 6775 6847
l 6775 6779
l 6776 6785
l 6776 6777
l 6776 6779
l 6776 6782
l 6776 6784
l 6776 6792
l 6776 6778
l 6776 6824
l 6776 6786
l 6776 6825
l 6777 6824
l 6777 6784
l 6777 6825
l 6777 6785
l 6777 6778
l 6777 6854
l 6777 6823
l 6777 6858
l 6777 6779
l 6778 6823
l 6778 6779
l 6778 6853
l 6778 6824
l 6778 6822
l 6778 6854
l 6779 6781
l 6779 6782
l 6779 6823
l 6779 6853
l 6779 6824
l 6780 6870
l 6780 6781
l 6781 6782
l 6781 6792
l 6782 6792
l 6782 6791
l 6782 6785
l 6783 6827
l 6783 6784
l 6783 6786
l 6783 6788
l 6783 6825
l 6783 6785
l 6783 6826
l 6783 6860
l 6783 6787
l 6783 6859
l 6784 6825
l 6784 6785
l 6784 6827
l 6784 6824
l 6784 6786
l 6784 6858
l 6784 6860
l 6785 6786
l 6785 6792
l 6785 6791
l 6785 6825
l 6785 6827
l 6786 6787
l 6786 6791
l 6786 6788
l 6786 6793
l 6786 6792
l 6786 6827
l 6787 6788
l 6787 6789
l 6787 6793
l 6787 6794
l 6787 6790
l 6787 6826
l 6787 6791
l 6788 6826
l 6788 6790
l 6788 6827
l 6788 6859
l 6788 6828
l 6788 6789
l 6788 6860
l 6789 6790
l 6789 6796
l 6789 6794
l 6789 6828
l 6789 6797
l 6789 6793
l 6789 6826
l 6789 6795
l 6790 6828
l 6790 6826
l 6790 6861
l 6790 6797
l 6790 6859
l 6790 6796
l 6790 6829
l 6790 6868
l 6791 6792
l 6791 6793
l 6791 6794
l 6792 6793
l 6793 6794
l 6793 6836
l 6793 6795
l 6794 6795
l 6794 6836
l 6794 6837
l 6794 6796
l 6794 6817
l 6795 6817
l 6795 6837
l 6795 6796
l 6795 6814
l 6795 6835
l 6795 6836
l 6795 6816
l 6796 6797
l 6796 6814
l 6796 6815
l 6796 6829
l 6796 6828
l 6796 6862
l 6797 6829
l 6797 6815
l 6797 6862
l 6797 6828
l 6797 6861
l 6797 6830
l 6797 6868
l 6797 6865
l 6798 6799
l 6798 6807
l 6799 6807
l 6800 6801
l 6800 6802
l 6800 6870
l 6801 6802
l 6801 6803
l 6802 6803
l 6802 6819
l 6803 6804
l 6804 6808
l 6805 6809
l 6805 6806
l 6805 6849
l 6805 6810
l 6806 6819
l 6806 6811
l 6806 6809
l 6807 6838
l 6808 6845
l 6809 6849
l 6809 6831
l 6809 6810
l 6809 6845
l 6810 6831
l 6810 6811
l 6810 6812
l 6810 6850
l 6810 6832
l 6811 6813
l 6811 6818
l 6811 6812
l 6811 6831
l 6812 6832
l 6812 6815
l 6812 6813
l 6812 6831
l 6812 6830
l 6812 6857
l 6812 6814
l 6812 6850
l 6813 6814
l 6813 6816
l 6813 6815
l 6813 6832
l 6813 6817
l 6813 6818
l 6813 6831
l 6814 6815
l 6814 6817
l 6814 6816
l 6814 6830
l 6814 6832
l 6815 6830
l 6815 6829
l 6815 6832
l 6815 6863
l 6815 6862
l 6815 6857
l 6816 6817
l 6816 6834
l 6816 6818
l 6816 6835
l 6816 6833
l 6816 6837
l 6817 6835
l 6817 6834
l 6817 6837
l 6817 6818
l 6818 6833
l 6818 6819
l 6818 6834
l 6820 6841
l 6820 6821
l 6820 6840
l 6820 6842
l 6821 6842
l 6821 6843
l 6821 6822
l 6821 6846
l 6821 6841
l 6822 6846
l 6822 6847
l 6822 6823
l 6822 6853
l 6822 6842
l 6823 6853
l 6823 6824
l 6823 6854
l 6823 6852
l 6823 6846
l 6824 6854
l 6824 6825
l 6824 6858
l 6824 6866
l 6824 6855
l 6824 6860
l 6824 6853
l 6825 6858
l 6825 6827
l 6825 6860
l 6825 6854
l 6825 6867
l 6825 6866
l 6826 6859
l 6826 6828
l 6826 6827
l 6826 6869
l 6826 6861
l 6826 6860
l 6826 6868
l 6826 6867
l 6827 6860
l 6827 6859
l 6827 6858
l 6827 6869
l 6827 6867
l 6828 6861
l 6828 6859
l 6828 6868
l 6828 6869
l 6828 6829
l 6828 6862
l 6828 6865
l 6829 6862
l 6829 6861
l 6829 6830
l 6829 6865
l 6829 6863
l 6829 6868
l 6829 6864
l 6830 6863
l 6830 6857
l 6830 6832
l 6830 6862
l 6830 6864
l 6830 6856
l 6830 6865
l 6831 6850
l 6831 6832
l 6831 6849
l 6831 6857
l 6831 6851
l 6832 6857
l 6832 6850
l 6832 6863
l 6832 6856
l 6832 6851
l 6833 6834
l 6833 6835
l 6834 6835
l 6834 6837
l 6835 6837
l 6835 6836
l 6836 6837
l 6838 6839
l 6838 6845
l 6839 6840
l 6839 6844
l 6839 6845
l 6839 6841
l 6839 6843
l 6840 6841
l 6840 6843
l 6840 6844
l 6840 6842
l 6841 6842
l 6841 6843
l 6842 6843
l 6842 6846
l 6842 6847
l 6842 6844
l 6843 6844
l 6843 6847
l 6843 6848
l 6843 6846
l 6844 6845
l 6844 6848
l 6844 6849
l 6844 6847
l 6845 6849
l 6846 6847
l 6846 6853
l 6846 6852
l 6846 6848
l 6847 6848
l 6847 6852
l 6847 6851
l 6847 6853
l 6847 6849
l 6848 6849
l 6848 6851
l 6848 6850
l 6848 6852
l 6849 6850
l 6850 6851
l 6850 6857
l 6850 6856
l 6850 6852
l 6851 6852
l 6851 6856
l 6851 6857
l 6851 6855
l 6851 6853
l 6851 6863
l 6852 6853
l 6852 6855
l 6852 6856
l 6852 6854
l 6852 6857
l 6853 6854
l 6853 6855
l 6854 6858
l 6854 6855
l 6854 6866
l 6854 6867
l 6854 6860
l 6854 6864
l 6855 6866
l 6855 6856
l 6855 6864
l 6855 6858
l 6855 6867
l 6855 6865
l 6855 6863
l 6856 6864
l 6856 6857
l 6856 6863
l 6856 6866
l 6856 6865
l 6856 6862
l 6857 6863
l 6857 6864
l 6857 6862
l 6858 6860
l 6858 6866
l 6858 6867
l 6858 6869
l 6858 6859
l 6859 6869
l 6859 6868
l 6859 6861
l 6859 6860
l 6859 6867
l 6859 6865
l 6860 6867
l 6860 6869
l 6860 6868
l 6860 6866
l 6860 6865
l 6861 6868
l 6861 6869
l 6861 6865
l 6861 6862
l 6861 6867
l 6862 6865
l 6862 6868
l 6862 6863
l 6862 6864
l 6862 6869
l 6862 6867
l 6863 6864
l 6863 6865
l 6863 6868
l 6864 6865
l 6864 6866
l 6864 6867
l 6864 6868
l 6864 6869
l 6865 6868
l 6865 6867
l 6865 6869
l 6865 6866
l 6866 6867
l 6866 6869
l 6866 6868
l 6867 6869
l 6867 6868
l 6868 6869
l 6871 6872
l 6871 6873
l 6872 6873
l 6874 6878
l 6875 6877
l 6875 6876
l 6876 6877
l 6881 6882
l 6881 6890
l 6882 6890
l 6882 6883
l 6882 6887
l 6882 6889
l 6883 6887
l 6883 6884
l 6883 6890
l 6883 6888
l 6883 6889
l 6884 6885
l 6884 6887
l 6885 6886
l 6887 6890
l 6887 6888
l 6887 6889
l 6888 6889
l 6889 6890
