v 0.038503747433423996 0.4433620572090149 -0.05447178706526756
v 0.013485148549079895 0.4016171097755432 -0.03362620994448662
v 0.010387590155005455 0.3878127336502075 -0.031620994210243225
v 0.0027675223536789417 0.3943760097026825 -0.019963989034295082
v 0.005221201106905937 0.38974717259407043 -0.02798588015139103
v -0.0038412429857999086 0.40554094314575195 -0.019688963890075684
v 0.015190311707556248 0.38175496459007263 -0.032300420105457306
v 0.022055933251976967 0.35623446106910706 -0.04182298853993416
v 0.012178074568510056 0.3734908401966095 -0.031791459769010544
v 0.011405928991734982 0.3487628102302551 -0.03440796583890915
v 0.01918485388159752 0.445814847946167 -0.03830186277627945
v 0.006347457878291607 0.4183157682418823 -0.038862958550453186
v 0.029408663511276245 0.4579538106918335 -0.051602575927972794
v 0.03453274443745613 0.37795037031173706 -0.04505204036831856
v 0.045036476105451584 0.3687950372695923 -0.0825929120182991
v 0.029284223914146423 0.33219918608665466 -0.07957577705383301
v 0.0516337975859642 0.4428430497646332 -0.07812698930501938
v 0.04732467606663704 0.4627811312675476 -0.08339555561542511
v 0.0540851354598999 0.459939181804657 -0.10230258852243423
v 0.04522813856601715 0.36665937304496765 -0.09581742435693741
v 0.041329074651002884 0.3588220477104187 -0.08385743200778961
v 0.03667503595352173 0.4848548471927643 -0.12210526317358017
v 0.052124496549367905 0.4304649829864502 -0.14308202266693115
v 0.04124815762042999 0.386018306016922 -0.13948284089565277
v 0.04533384367823601 0.43381547927856445 -0.06265148520469666
v 0.05873246490955353 0.4450902044773102 -0.10935956984758377
v 0.058839332312345505 0.42716675996780396 -0.12712189555168152
v 0.0454128198325634 0.371573805809021 -0.10881315916776657
v 0.04491570219397545 0.33548420667648315 -0.11679381877183914
v 0.022571874782443047 0.3075815439224243 -0.08004438132047653
v 0.045075882226228714 0.3883240520954132 -0.13080492615699768
v 0.04507428780198097 0.3769819140434265 -0.118555448949337
v 0.040296826511621475 0.37660524249076843 -0.1312253326177597
v 0.026986446231603622 0.3767582178115845 -0.14958764612674713
v 0.0061685978434979916 0.44230547547340393 -0.03442183881998062
v 0.021603606641292572 0.3717827796936035 -0.03753812983632088
v 0.04171406850218773 0.4228420555591583 -0.05374419689178467
v 0.02220585010945797 0.4933842718601227 -0.10672830045223236
v 0.02887832187116146 0.4462830722332001 -0.16217127442359924
v 0.03467972204089165 0.3801659643650055 -0.1420270800590515
v 0.014664195477962494 0.45821240544319153 -0.04267478361725807
v 0.03172341361641884 0.47144466638565063 -0.06681045144796371
v 0.04227248206734657 0.45371368527412415 -0.06552320718765259
v 0.04104757308959961 0.3926360607147217 -0.0491081140935421
v 0.03977132961153984 0.36267030239105225 -0.06599153578281403
v 0.056904733180999756 0.44509804248809814 -0.09329499304294586
v 0.043284691870212555 0.4776746332645416 -0.10272709280252457
v 0.029006242752075195 0.48376917839050293 -0.08545369654893875
v 0.04231159761548042 0.46914130449295044 -0.13775108754634857
v 0.05266468599438667 0.4613775908946991 -0.12207986414432526
v 0.02753680944442749 0.48306766152381897 -0.14181475341320038
v -0.0008821216179057956 0.3844350278377533 -0.025169095024466515
v 0.002970120171085 0.39276212453842163 -0.022905103862285614
v 0.03378353640437126 0.3468117415904999 -0.07379017770290375
v 0.0409637950360775 0.3484342694282532 -0.12328032404184341
v 0.031498346477746964 0.3704834282398224 -0.14018644392490387
v 0.019953083246946335 0.36858952045440674 -0.14693646132946014
v 0.002572794910520315 0.39005306363105774 -0.026359111070632935
v 0.00011451021418906748 0.39436498284339905 -0.016581211239099503
v -0.005037262570112944 0.39771443605422974 -0.01427021436393261
v 0.011481132358312607 0.32611581683158875 -0.06467466801404953
v -0.0003690261219162494 0.45911210775375366 -0.04078091308474541
v 0.03672303631901741 0.431898832321167 -0.04765848442912102
v 0.029854316264390945 0.4444456994533539 -0.04467245191335678
v 0.0273996964097023 0.4336089789867401 -0.038451287895441055
v 0.015184001065790653 0.43314704298973083 -0.03514714166522026
v 0.0015168817481026053 0.4159041941165924 -0.0339142382144928
v 0.04176099970936775 0.40829694271087646 -0.0505022332072258
v 0.04853689298033714 0.38743865489959717 -0.11967381089925766
v 0.061730485409498215 0.4191551208496094 -0.10512251406908035
v 0.05946152284741402 0.4189244508743286 -0.09643859416246414
v 0.05701693147420883 0.42263540625572205 -0.09278396517038345
v 0.04932851344347 0.3785984218120575 -0.0848650336265564
v 0.04729649797081947 0.37580063939094543 -0.1008269339799881
v 0.054475244134664536 0.4200857877731323 -0.08632723242044449
v 0.046772900968790054 0.44879600405693054 -0.14514151215553284
v 0.057056717574596405 0.44286292791366577 -0.1266704648733139
v 0.02901766635477543 0.4656699299812317 -0.15447229146957397
v 0.00890863686800003 0.4436781704425812 -0.16914387047290802
v 0.05343378335237503 0.41540947556495667 -0.141370952129364
v 0.058631639927625656 0.4135667383670807 -0.1276250034570694
v 0.04493536055088043 0.4135552644729614 -0.15308338403701782
v 0.0525628961622715 0.41125553846359253 -0.07804355770349503
v 0.04463877156376839 0.39031580090522766 -0.14760681986808777
v 0.04998577758669853 0.3945392370223999 -0.13878768682479858
v 0.05171561986207962 0.3973337411880493 -0.12492097914218903
v 0.03713428974151611 0.3844836950302124 -0.15221010148525238
v 0.030040357261896133 0.3952191174030304 -0.1629045307636261
v 0.05327347666025162 0.3820303976535797 -0.09199467301368713
v 0.048919275403022766 0.38854414224624634 -0.07575257122516632
v 0.022678613662719727 0.3968830108642578 -0.03389666602015495
v 0.028937023133039474 0.3477694094181061 -0.05707422271370888
v 0.007242138031870127 0.3317577838897705 -0.051821693778038025
v 0.026021821424365044 0.3854648470878601 -0.03568413853645325
v -0.003862750483676791 0.41911080479621887 -0.030838752165436745
v 0.005675105843693018 0.49346157908439636 -0.09011195600032806
v 0.011093000881373882 0.48256707191467285 -0.15238958597183228
v 0.009509919211268425 0.39370810985565186 -0.03133048117160797
v 0.0022736310493201017 0.4034619629383087 -0.02470427379012108
v 0.0011657992145046592 0.39924314618110657 -0.018748274073004723
v 0.004596524406224489 0.3964237570762634 -0.023174526169896126
v 0.005791546776890755 0.4092285633087158 -0.03379913792014122
v 0.0408468097448349 0.4287961721420288 -0.1571992188692093
v 0.02792825922369957 0.3830588459968567 -0.15968523919582367
v 0.020474012941122055 0.3451744318008423 -0.1467185914516449
v 0.015681900084018707 0.47122618556022644 -0.052810002118349075
v 0.03388599678874016 0.34801480174064636 -0.13775485754013062
v -0.00015141301264520735 0.3925352394580841 -0.020443137735128403
v 0.006159947719424963 0.4282016456127167 -0.036461908370256424
v -0.00037709594471380115 0.41125982999801636 -0.02689061313867569
v 0.016333069652318954 0.3917830288410187 -0.03234698995947838
v 0.02397172525525093 0.42368486523628235 -0.03826312720775604
v -0.000595380028244108 0.3906933665275574 -0.023892123252153397
v 0.03396033123135567 0.39969491958618164 -0.03992803394794464
v 0.04354134947061539 0.3815067410469055 -0.06014566868543625
v 0.036746375262737274 0.36372196674346924 -0.13236813247203827
v 0.012174519710242748 0.48413461446762085 -0.06843210011720657
v 0.017909713089466095 0.3868250548839569 -0.16591238975524902
v 0.04905381426215172 0.4024994373321533 -0.14698107540607452
v 0.05501889809966087 0.4035896956920624 -0.1349681168794632
v 0.04016979783773422 0.39834868907928467 -0.1557738035917282
v 0.03346981108188629 0.409490704536438 -0.16351936757564545
v 0.010144298896193504 0.4635523557662964 -0.16366341710090637
v 0.0552554614841938 0.40537288784980774 -0.09293131530284882
v 0.04283956438302994 0.3337155878543854 -0.10300534963607788
v 0.03212641552090645 0.41054344177246094 -0.042373623698949814
v 0.04231101647019386 0.3640235662460327 -0.11814754456281662
v 0.031226910650730133 0.4243168830871582 -0.04206940159201622
v 0.04776206240057945 0.3999015688896179 -0.06439296156167984
v 0.024424215778708458 0.4248976409435272 -0.16842548549175262
v 0.018188802525401115 0.40438565611839294 -0.16998349130153656
v 0.0014587246114388108 0.3758533000946045 -0.025771375745534897
v 0.04618111997842789 0.37525826692581177 -0.07302940636873245
v 0.038962509483098984 0.3413226902484894 -0.09107290953397751
v 0.014920997433364391 0.3565208613872528 -0.146471306681633
v 0.026840029284358025 0.3591024577617645 -0.14242063462734222
v 0.005861962679773569 0.3932657539844513 -0.025860488414764404
v 0.006177519913762808 0.3992060124874115 -0.02865251898765564
v 0.0033149279188364744 0.39161181449890137 -0.025246165692806244
v -0.005425991956144571 0.38820430636405945 -0.022395597770810127
v 0.03287066891789436 0.36350324749946594 -0.049401383846998215
v 0.024782370775938034 0.4078023135662079 -0.03770139440894127
v 0.03469657152891159 0.41791456937789917 -0.04647490382194519
v 0.012433134950697422 0.4125171899795532 -0.03756411746144295
v 0.0062862541526556015 0.3803638517856598 -0.16344763338565826
v 0.06022476404905319 0.41260015964508057 -0.09557787328958511
v 0.06067584082484245 0.41570958495140076 -0.09587385505437851
v 0.05793428048491478 0.41622015833854675 -0.09298815578222275
v 0.06194030120968819 0.417319118976593 -0.10111202299594879
v 0.06519423425197601 0.4164780378341675 -0.1034732386469841
v 0.06814098358154297 0.4110671579837799 -0.10555978864431381
v 0.06729510426521301 0.40497690439224243 -0.10602132230997086
v 0.06534086912870407 0.39916446805000305 -0.10641002655029297
v 0.06435790657997131 0.39628586173057556 -0.10616065561771393
v 0.06169517710804939 0.3894261121749878 -0.10561388731002808
v 0.06692632287740707 0.41535964608192444 -0.10201092809438705
v 0.06244033947587013 0.41453126072883606 -0.10537495464086533
v 0.060542717576026917 0.41708967089653015 -0.09812802076339722
v 0.0652422159910202 0.4170129895210266 -0.09990175068378448
v 0.05618371069431305 0.4115510582923889 -0.08912975341081619
v 0.05685952305793762 0.3922424614429474 -0.10009080916643143
v 0.05206086114048958 0.40016162395477295 -0.08331401646137238
v 0.04820873215794563 0.3738764226436615 -0.09132052212953568
v 0.05020061507821083 0.38778242468833923 -0.11177302896976471
v 0.058988142758607864 0.38549530506134033 -0.105161152780056
v 0.056256428360939026 0.38023674488067627 -0.09839184582233429
v 0.06518810242414474 0.41069069504737854 -0.10722794383764267
v 0.05821673944592476 0.4058568477630615 -0.10919052362442017
v 0.061699312180280685 0.4059062600135803 -0.10815306752920151
v 0.05267859250307083 0.3861931264400482 -0.10541112720966339
v 0.05759523808956146 0.3896659314632416 -0.10727284103631973
v 0.05393333360552788 0.3927666246891022 -0.10834701359272003
v 0.060358598828315735 0.3938036262989044 -0.10814175754785538
v 0.057947464287281036 0.4016827344894409 -0.10852362960577011
v 0.06135144084692001 0.39821508526802063 -0.10837160795927048
v 0.06538154184818268 0.4063033163547516 -0.10801981389522552
v 0.0630568191409111 0.4019964039325714 -0.10817676782608032
v 0.06325998157262802 0.3932695984840393 -0.1054798811674118
v 0.0571458674967289 0.38499021530151367 -0.09735650569200516
v 0.054525818675756454 0.38979634642601013 -0.09411376714706421
v 0.060521770268678665 0.3941245377063751 -0.10295641422271729
v 0.05919458717107773 0.40285858511924744 -0.10208630561828613
v 0.06632621586322784 0.40213486552238464 -0.1062503382563591
v 0.06778580695390701 0.4080296456813812 -0.1057702898979187
v 0.06467975676059723 0.4050986170768738 -0.1028708666563034
v 0.06402215361595154 0.41402697563171387 -0.09974277019500732
v 0.06101921573281288 0.41305020451545715 -0.09870202094316483
v 0.06176363304257393 0.4110707938671112 -0.10020086914300919
v 0.06648509204387665 0.4108474552631378 -0.10273507237434387
v 0.06317325681447983 0.41635116934776306 -0.0976044312119484
v 0.06210802495479584 0.3992512822151184 -0.10346941649913788
v 0.051361002027988434 0.3880649507045746 -0.0862765982747078
v 0.05674593150615692 0.3980807363986969 -0.10296882688999176
v 0.053155891597270966 0.39705607295036316 -0.09341730922460556
v 0.04564658924937248 0.30351492762565613 -0.0925113707780838
v 0.045004721730947495 0.28690364956855774 -0.05848883464932442
v 0.039233896881341934 0.27749747037887573 -0.0490470714867115
v 0.05366091802716255 0.23297753930091858 -0.006353793200105429
v 0.07497673481702805 0.265702486038208 -0.037466589361429214
v 0.10050661861896515 0.16902023553848267 0.0027321523521095514
v 0.09446827322244644 0.10182732343673706 -0.018786611035466194
v 0.11911451816558838 0.10863041877746582 -0.10206909477710724
v 0.06329751759767532 0.23758548498153687 -0.0145320575684309
v 0.07151641696691513 0.28882312774658203 0.025190569460392
v 0.14127925038337708 0.03525591641664505 -0.10859925299882889
v 0.08675004541873932 0.2320317178964615 -0.03344940021634102
v 0.08329297602176666 0.2383556216955185 -0.03400957211852074
v 0.1270412653684616 0.1518632471561432 -0.10912653058767319
v 0.1260962337255478 0.16227874159812927 -0.09941216558218002
v 0.12439856678247452 0.12673816084861755 -0.08752187341451645
v 0.07622465491294861 0.23307545483112335 -0.01840061880648136
v 0.07825740426778793 0.23783256113529205 -0.02307661809027195
v 0.06360248476266861 0.1517719328403473 0.027104366570711136
v 0.14019960165023804 0.02905314788222313 -0.07363519817590714
v 0.0754527673125267 0.13073526322841644 -5.3948231652611867e-05
v 0.08056394010782242 0.12684732675552368 -0.006852961611002684
v 0.11015433818101883 0.032824017107486725 -0.018224189057946205
v 0.047472402453422546 0.26184913516044617 -0.029051078483462334
v 0.08973350375890732 0.15895628929138184 0.013205816969275475
v 0.08885412663221359 0.2367229461669922 -0.03800133988261223
v 0.14584752917289734 0.018297547474503517 -0.09012145549058914
v 0.1028783842921257 0.01577613689005375 -0.010443270206451416
v 0.11568606644868851 0.22352398931980133 -0.06245807930827141
v 0.0904071033000946 0.13118398189544678 -0.0050110481679439545
v 0.08547887951135635 0.13505235314369202 0.004579814616590738
v 0.038755614310503006 0.160783588886261 0.03443850949406624
v 0.03676741197705269 0.13808144629001617 0.024622472003102303
v 0.0320550911128521 0.2540246248245239 -0.026781372725963593
v 0.024630149826407433 0.27281877398490906 -0.055598098784685135
v 0.03776085376739502 0.30158302187919617 -0.08859988301992416
v 0.08345077931880951 0.1453796923160553 0.014877557754516602
v 0.09354231506586075 0.22369059920310974 -0.03653288632631302
v 0.0902024433016777 0.22623798251152039 -0.03155917674303055
v 0.11401787400245667 0.011982922442257404 -0.028496073558926582
v 0.08348898589611053 0.31294137239456177 -0.09957956522703171
v 0.13341134786605835 0.21825063228607178 -0.06109790876507759
v 0.11475572735071182 0.14119672775268555 -0.1458866000175476
v 0.08545494079589844 0.25618255138397217 -0.18349067866802216
v 0.13944680988788605 0.18684151768684387 -0.10056259483098984
v 0.08204247802495956 0.3165658712387085 -0.11913595348596573
v 0.13806326687335968 0.20859180390834808 -0.09328164160251617
v 0.017997900024056435 0.11744462698698044 -0.1950482577085495
v 0.0903281643986702 0.24840304255485535 -0.040586892515420914
v 0.09306249022483826 0.24366675317287445 -0.03771885856986046
v 0.08262810856103897 0.24038442969322205 -0.019175449386239052
v 0.08694444596767426 0.2329452484846115 -0.021012576296925545
v 0.0836314857006073 0.23343336582183838 -0.014607097953557968
v 0.07918550819158554 0.239826038479805 -0.01139841042459011
v 0.09976989030838013 0.3169572651386261 -0.10864561796188354
v 0.1165606826543808 0.21821661293506622 -0.03982869163155556
v 0.10633601993322372 0.21965105831623077 -0.027260083705186844
v 0.07166919857263565 0.292711079120636 0.04081909358501434
v 0.09728037565946579 0.21881592273712158 -0.004579176194965839
v 0.08979583531618118 0.22237259149551392 -0.0021117341239005327
v 0.10867223888635635 0.12294399738311768 -0.15417040884494781
v 0.1367873102426529 0.026191534474492073 -0.13112492859363556
v 0.06958772987127304 0.3208828568458557 -0.13316427171230316
v 0.04349581152200699 0.3181726336479187 -0.15852974355220795
v 0.13923777639865875 -0.048333052545785904 -0.11201366782188416
v 0.06564576178789139 0.32110729813575745 -0.11907920241355896
v 0.055586669594049454 0.3166560232639313 -0.1104511171579361
v 0.048845939338207245 0.3257177174091339 -0.14523962140083313
v 0.018260305747389793 0.3315151631832123 -0.1541966050863266
v 0.07405420392751694 -0.15077394247055054 -0.16292384266853333
v 0.022158175706863403 -0.14839644730091095 -0.16934816539287567
v 0.013928028754889965 -0.15876024961471558 -0.15385599434375763
v 0.14489394426345825 0.01013023778796196 -0.11429338157176971
v 0.1393936425447464 -0.17795129120349884 -0.10711810737848282
v 0.10059553384780884 -0.1793232262134552 -0.15088054537773132
v 0.08161934465169907 0.005573127884417772 0.011700532399117947
v 0.02984929271042347 -0.007194741629064083 0.0389673113822937
v 0.014232161454856396 -0.0893009677529335 0.01801775023341179
v 0.02847849391400814 -0.1593635529279709 -0.15682676434516907
v 0.03459920734167099 -0.16771242022514343 -0.14589698612689972
v 0.13388928771018982 -0.17430344223976135 -0.06674155592918396
v 0.11047107726335526 -0.18872904777526855 -0.03583617880940437
v 0.017329810187220573 -0.1440112590789795 -0.036634109914302826
v 0.02178112417459488 -0.13928358256816864 -0.03216276317834854
v 0.014071689918637276 -0.1475067436695099 -0.0402272529900074
v 0.009646490216255188 -0.15379920601844788 -0.04666664078831673
v 0.0900963544845581 0.03830714151263237 -0.16857685148715973
v 0.08056550472974777 0.13746698200702667 -0.18364213407039642
v 0.03389519080519676 -0.1933588832616806 -0.1471487581729889
v 0.04717017337679863 -0.19444943964481354 -0.15316900610923767
v 0.11552151292562485 -0.1981639862060547 -0.14310507476329803
v 0.1366855651140213 -0.20277255773544312 -0.10182081162929535
v 0.09005636721849442 -0.19982442259788513 -0.029235759750008583
v 0.09912694990634918 -0.21656209230422974 -0.03519895300269127
v 0.03162802755832672 -0.21510669589042664 -0.050344955176115036
v 0.06241801381111145 -0.10694742947816849 -0.017338160425424576
v 0.03199956566095352 0.005918987561017275 0.03532269224524498
v 0.060374412685632706 0.0030995921697467566 0.027194948866963387
v 0.07434513419866562 0.014390956610441208 0.02373354136943817
v 0.039178911596536636 0.07726982980966568 0.03138713911175728
v 0.05256643146276474 0.0932353064417839 0.02046607993543148
v 0.05201605334877968 0.13318516314029694 0.012331319972872734
v 0.04270237684249878 0.1341174840927124 0.014665348455309868
v 0.06058438867330551 0.12667091190814972 0.0009520772146061063
v 0.031014394015073776 0.242457777261734 -0.01245129480957985
v 0.0028258427046239376 -0.19035570323467255 -0.1053791418671608
v 0.003937356173992157 -0.19837254285812378 -0.11112276464700699
v 0.007826645858585835 -0.2013651579618454 -0.12142106145620346
v 0.01105105597525835 -0.18986785411834717 -0.12528195977210999
v 0.14072807133197784 -0.06331882625818253 -0.06318395584821701
v 0.14389126002788544 0.005082337651401758 -0.07087034732103348
v 0.11991127580404282 0.1280171424150467 -0.05010399967432022
v 0.1325378119945526 -0.16091926395893097 -0.12743735313415527
v 0.13209398090839386 -0.19064117968082428 -0.12524360418319702
v 0.09931036084890366 -0.25652042031288147 -0.04796885326504707
v 0.016002407297492027 -0.24524658918380737 -0.08508415520191193
v 0.013071230612695217 -0.2518087923526764 -0.09851855039596558
v 0.014495182782411575 -0.2782304883003235 -0.09480546414852142
v 0.013368381187319756 -0.29340144991874695 -0.10235249996185303
v 0.12605050206184387 -0.19242042303085327 -0.05447537451982498
v 0.1165333241224289 -0.21181917190551758 -0.045722343027591705
v 0.12654978036880493 -0.24884957075119019 -0.08302872627973557
v 0.09023214876651764 -0.19817675650119781 -0.15448276698589325
v 0.009783442132174969 -0.2100096493959427 -0.06827277690172195
v 0.01793658919632435 -0.2132417857646942 -0.06006598472595215
v 0.016936130821704865 -0.22892455756664276 -0.1342177838087082
v 0.10471955686807632 -0.23758050799369812 -0.15135084092617035
v 0.12951591610908508 -0.2452073097229004 -0.10844404995441437
v 0.11494868248701096 -0.2923380136489868 -0.07922761887311935
v 0.12253782898187637 -0.2871786653995514 -0.0998106524348259
v 0.12322165817022324 -0.28329235315322876 -0.1222279891371727
v 0.11515700817108154 -0.27996715903282166 -0.14178219437599182
v 0.09914155304431915 -0.2788788974285126 -0.1557462364435196
v 0.03235042840242386 -0.2786542773246765 -0.1494736522436142
v 0.043660908937454224 -0.34479907155036926 -0.16377532482147217
v 0.07547593861818314 -0.35959592461586 -0.17245495319366455
v 0.10405166447162628 -0.34569981694221497 -0.1533699929714203
v 0.10700737684965134 -0.3652289807796478 -0.15548068284988403
v 0.11737105995416641 -0.366745263338089 -0.1405029445886612
v 0.12001868337392807 -0.35605353116989136 -0.1263817399740219
v 0.11682815104722977 -0.37042149901390076 -0.11887598782777786
v 0.018239669501781464 -0.35720139741897583 -0.12841464579105377
v 0.05173126980662346 -0.3652360439300537 -0.08315509557723999
v 0.1213996559381485 -0.3037128448486328 -0.11363141983747482
v 0.10846052318811417 -0.30380353331565857 -0.1480519324541092
v 0.02436109073460102 -0.2971470057964325 -0.14312276244163513
v 0.013552572578191757 -0.3145066201686859 -0.11987055838108063
v 0.01439749263226986 -0.3085879981517792 -0.10668620467185974
v 0.09509864449501038 -0.3331187963485718 -0.07715039700269699
v 0.12014205008745193 -0.3385634124279022 -0.12309915572404861
v 0.11535061150789261 -0.3470618724822998 -0.14092682301998138
v 0.07810945808887482 -0.32396364212036133 -0.16536583006381989
v 0.07851297408342361 -0.3431217670440674 -0.16889062523841858
v 0.041407398879528046 -0.3261645436286926 -0.15934041142463684
v 0.017097128555178642 -0.34329137206077576 -0.11986017227172852
v 0.0785723626613617 -0.3615163266658783 -0.07624229788780212
v 0.08169995248317719 -0.3770221769809723 -0.08203224092721939
v 0.06442060321569443 -0.3845421075820923 -0.08634497225284576
v 0.08713063597679138 -0.37034207582473755 -0.17294585704803467
v 0.11849800497293472 -0.38324496150016785 -0.1288890689611435
v 0.09929315745830536 -0.37963345646858215 -0.09305974096059799
v 0.028717434033751488 -0.3895419239997864 -0.1450122892856598
v 0.049057330936193466 -0.3901359438896179 -0.17080865800380707
v 0.0778283029794693 -0.38285091519355774 -0.17749856412410736
v 0.086384616792202 -0.3977258801460266 -0.1809251606464386
v 0.12113901227712631 -0.4044692814350128 -0.15126657485961914
v 0.11921685189008713 -0.3989730477333069 -0.134380504488945
v 0.09882788360118866 -0.41467082500457764 -0.10721007734537125
v 0.11148045212030411 -0.4242052435874939 -0.11745286732912064
v 0.11247546970844269 -0.40345555543899536 -0.11762912571430206
v 0.08974672108888626 -0.514850378036499 -0.1261693239212036
v 0.031673796474933624 -0.4233908951282501 -0.14916548132896423
v 0.05183224380016327 -0.41210782527923584 -0.18356597423553467
v 0.1279715895652771 -0.448604941368103 -0.16581718623638153
v 0.028468193486332893 -0.4868805408477783 -0.16186799108982086
v 0.0490356981754303 -0.4493319094181061 -0.19536003470420837
v 0.12767758965492249 -0.4758513569831848 -0.16935215890407562
v 0.1184578388929367 -0.4715803265571594 -0.12938526272773743
v 0.10348258912563324 -0.4698450565338135 -0.11724428832530975
v 0.08373169600963593 -0.4745883345603943 -0.11667782813310623
v 0.036741916090250015 -0.5434219837188721 -0.15711434185504913
v 0.05075875669717789 -0.532459557056427 -0.19401785731315613
v 0.11239149421453476 -0.5512981414794922 -0.15993893146514893
v 0.11696174740791321 -0.5358574390411377 -0.16715657711029053
v 0.09797936677932739 -0.5375188589096069 -0.13378481566905975
v 0.09363119304180145 -0.5753543376922607 -0.1403438299894333
v 0.07255934923887253 -0.5568743944168091 -0.1322450041770935
v 0.039351753890514374 -0.5719391107559204 -0.16134293377399445
v 0.055163901299238205 -0.5724936127662659 -0.19269593060016632
v 0.07684445381164551 -0.5566619634628296 -0.2005462795495987
v 0.10130219161510468 -0.5705763101577759 -0.18354924023151398
v 0.10744916647672653 -0.5681294202804565 -0.1644359827041626
v 0.10893247276544571 -0.5547385811805725 -0.1789797693490982
v 0.10200557112693787 -0.5798819065093994 -0.15261134505271912
v 0.1041974425315857 -0.5590965747833252 -0.14584960043430328
v 0.09040679782629013 -0.5567254424095154 -0.13479554653167725
v 0.0006137328455224633 -0.17448554933071136 -0.09402350336313248
v -0.00018851606000680476 -0.1751820594072342 -0.08688446134328842
v -0.001027722842991352 -0.1687098890542984 -0.09064419567584991
v 0.027914458885788918 -0.2448662668466568 -0.06829193234443665
v 0.01772521436214447 -0.2930947244167328 -0.08797075599431992
v 0.02702316828072071 -0.28991398215293884 -0.07411917299032211
v 0.027222193777561188 -0.3083212375640869 -0.07996012270450592
v 0.017912596464157104 -0.3077748417854309 -0.09336086362600327
v 0.025547388941049576 -0.3553222715854645 -0.11201250553131104
v 0.02435804344713688 -0.3707740008831024 -0.12350734323263168
v 0.032520078122615814 -0.40219104290008545 -0.13160935044288635
v 0.039146870374679565 -0.4389202892780304 -0.1309921145439148
v 0.03199123963713646 -0.4862625300884247 -0.1453147828578949
v 0.039860714226961136 -0.4768896996974945 -0.13224801421165466
v 0.03579622134566307 -0.5260844230651855 -0.15136215090751648
v 0.042262688279151917 -0.5612883567810059 -0.14857259392738342
v 0.047240227460861206 -0.1573091745376587 -0.026418792083859444
v 0.05713852122426033 -0.14701566100120544 -0.023055292665958405
v 0.10411576926708221 -0.3492836654186249 -0.09068319201469421
v 0.11792212724685669 -0.32322898507118225 -0.13301017880439758
v 0.0958685427904129 -0.31753459572792053 -0.15878386795520782
v 0.05837149918079376 -0.3152087330818176 -0.16259954869747162
v 0.017901461571455002 -0.3217882812023163 -0.10297910124063492
v 0.01608564332127571 -0.32942378520965576 -0.11384449154138565
v 0.05722101777791977 -0.33680734038352966 -0.07070046663284302
v 0.11005853861570358 -0.385189414024353 -0.11021982878446579
v 0.11729475110769272 -0.3829714357852936 -0.14896231889724731
v 0.04415762796998024 -0.36808738112449646 -0.16570526361465454
v 0.02260778099298477 -0.37401828169822693 -0.13876180350780487
v 0.029595738276839256 -0.38689443469047546 -0.12658807635307312
v 0.07079067826271057 -0.4582643508911133 -0.11451275646686554
v 0.09533916413784027 -0.43347492814064026 -0.10800547152757645
v 0.12569496035575867 -0.44387778639793396 -0.14251169562339783
v 0.11926610767841339 -0.43562689423561096 -0.126677006483078
v 0.11045467853546143 -0.4202807545661926 -0.1820758730173111
v 0.08362764120101929 -0.4330160617828369 -0.19743068516254425
v 0.06138986721634865 -0.2962541878223419 -0.060150373727083206
v 0.10545728355646133 0.05255986005067825 -0.155021533370018
v 0.10951223224401474 0.1400613635778427 -0.0182921402156353
v 0.11391447484493256 0.16161203384399414 -0.016743024811148643
v 0.11871527135372162 0.14865222573280334 -0.03160826489329338
v 0.09644893556833267 0.225815087556839 -0.041268132627010345
v 0.09967965632677078 0.22978290915489197 -0.045225825160741806
v 0.10262987017631531 0.22297371923923492 -0.04706264287233353
v 0.03533348813652992 0.1316802203655243 0.008619566448032856
v 0.019001604989171028 0.12560881674289703 0.013054666109383106
v 0.029533445835113525 0.12413767725229263 0.011726682074368
v 0.04902070015668869 -0.002928363624960184 0.03385630622506142
v 0.03473285585641861 -0.09975698590278625 0.0024183723144233227
v 0.053748778998851776 -0.08609944581985474 0.003656808752566576
v 0.014981820248067379 -0.14182257652282715 -0.030243253335356712
v 0.00895511545240879 -0.14693503081798553 -0.03476439788937569
v 0.000421507895225659 -0.15765498578548431 -0.05128328129649162
v 0.00020197253616061062 -0.15544326603412628 -0.04585503414273262
v 0.039659857749938965 0.11812132596969604 -0.19448435306549072
v 0.026086870580911636 0.31848788261413574 -0.16446444392204285
v -0.004787025507539511 -0.16371403634548187 -0.07809477299451828
v 0.010356816463172436 -0.1764501929283142 -0.04979432001709938
v 0.1397712081670761 -0.1658666580915451 -0.08655231446027756
v 0.05630508437752724 -0.15746070444583893 -0.16284801065921783
v 0.0933268591761589 0.2186664193868637 0.035833247005939484
v 0.04244767874479294 0.1710808128118515 -0.20336981117725372
v 0.09202498942613602 0.31458282470703125 -0.08162837475538254
v 0.03125826641917229 -0.08106779307126999 -0.1992621123790741
v 0.07453849911689758 0.160397469997406 -0.18941575288772583
v 0.03567071631550789 0.19528831541538239 0.029149658977985382
v 0.12433110177516937 0.23065336048603058 -0.003988048527389765
v 0.1210048496723175 -0.17618398368358612 -0.13994549214839935
v 0.11308161914348602 -0.15550565719604492 -0.14637243747711182
v 0.12531723082065582 0.01321787666529417 -0.1474200189113617
v 0.11880770325660706 0.038313742727041245 -0.1494782269001007
v 0.0966639518737793 0.08140687644481659 -0.14238277077674866
v 0.11655066162347794 0.1190650463104248 -0.1369267851114273
v 0.12388595938682556 0.15590940415859222 -0.12996293604373932
v 0.12755247950553894 0.21608175337314606 -0.06785460561513901
v 0.019150035455822945 -0.17631176114082336 -0.042025841772556305
v 0.0319828987121582 -0.1731194406747818 -0.035138729959726334
v 0.018454380333423615 -0.13664302229881287 -0.024196382611989975
v 0.024947883561253548 -0.1301066130399704 -0.02136761136353016
v 0.026968510821461678 -0.13526669144630432 -0.02878740429878235
v 0.040484629571437836 -0.30162665247917175 -0.1561788022518158
v 0.019854631274938583 -0.18771497905254364 -0.13449154794216156
v 0.024604490026831627 -0.20071329176425934 -0.14195385575294495
v 0.029047805815935135 -0.1799248605966568 -0.14072664082050323
v 0.00127678201533854 -0.16058750450611115 -0.06063717603683472
v 0.001857536961324513 -0.15899352729320526 -0.056763019412755966
v 0.04301256686449051 0.3200424611568451 -0.10042598843574524
v 0.1139301285147667 0.21817265450954437 -0.030632708221673965
v 0.10797750949859619 0.2201845645904541 -0.03645976632833481
v 0.12647533416748047 0.20952346920967102 -0.07435371726751328
v 0.12887902557849884 0.21425946056842804 -0.07577511668205261
v 0.13051795959472656 0.2093382179737091 -0.07983097434043884
v 0.1337398737668991 0.20619407296180725 -0.08484603464603424
v 0.06911139190196991 0.268367737531662 -0.033258844166994095
v 0.06853999942541122 0.27481958270072937 -0.03645084425806999
v 0.059878669679164886 0.27636775374412537 -0.03607455641031265
v 0.05937052518129349 0.26596492528915405 -0.030636407434940338
v 0.04648476466536522 0.29729321599006653 -0.08218857645988464
v 0.04069291800260544 0.290052205324173 -0.07213032245635986
v 0.01756218448281288 0.28083130717277527 -0.06678014993667603
v 0.03521563112735748 0.30235201120376587 -0.1755567342042923
v 0.0543593093752861 0.3049693703651428 -0.09290140122175217
v 0.03850400075316429 0.3120068311691284 -0.09320761263370514
v 0.030073218047618866 0.30251485109329224 -0.08476190268993378
v 0.08722295612096786 0.2989582419395447 0.04034427925944328
v 0.044172968715429306 0.3349582254886627 -0.13150548934936523
v 0.09977912157773972 0.29490819573402405 0.047674231231212616
v 0.03662565350532532 0.32557743787765503 -0.09173401445150375
v 0.1414991021156311 -0.12393800914287567 -0.09392114728689194
v 0.13415713608264923 0.04782372713088989 -0.08837991952896118
v 0.11567505449056625 -0.35387998819351196 -0.10997454822063446
v 0.016603199765086174 0.07518995553255081 0.03583759814500809
v 0.010012896731495857 0.1330052614212036 0.011378936469554901
v 0.007194208912551403 0.1244935467839241 0.01447941642254591
v 0.015233290381729603 0.1178581640124321 0.01725354790687561
v 0.02435869537293911 0.29605603218078613 -0.07982271909713745
v 0.03373156487941742 0.0345267690718174 0.04505101591348648
v 0.019439078867435455 0.01467087958008051 0.03561380133032799
v 0.016407892107963562 -0.10591724514961243 0.005083734635263681
v 0.06755606085062027 0.026812531054019928 0.03242272511124611
v 0.09891079366207123 0.21883681416511536 -0.042463336139917374
v 0.10384640097618103 0.2156650274991989 -0.04778002202510834
v 0.03295883908867836 0.13546232879161835 0.016312824562191963
v 0.04482441395521164 0.13035371899604797 0.006928205024451017
v 0.02637673169374466 0.1324312686920166 0.009696351364254951
v 0.024129042401909828 0.13673827052116394 0.017982425168156624
v 0.04896640405058861 0.2009471207857132 0.02159121260046959
v 0.06644545495510101 0.13489922881126404 0.014063339680433273
v 0.05935681611299515 0.1320265829563141 0.008871779777109623
v 0.06716207414865494 0.1316506266593933 0.004610298667103052
v -0.002848111093044281 -0.16151660680770874 -0.06730645149946213
v 0.146139457821846 0.2540423274040222 -0.047221243381500244
v 0.0012573781423270702 -0.19034679234027863 -0.08809487521648407
v 0.0005502079147845507 -0.18239803612232208 -0.08521866053342819
v 0.0013614334166049957 -0.1890324056148529 -0.07952683418989182
v 0.014559106901288033 -0.20008841156959534 -0.05627977475523949
v 0.006856436841189861 -0.1906510889530182 -0.059785835444927216
v 0.01382041908800602 -0.18815363943576813 -0.05043404921889305
v 0.013797696679830551 -0.1778714656829834 -0.12441813200712204
v 0.019674012437462807 -0.17424838244915009 -0.13202589750289917
v 0.008121529594063759 -0.17862865328788757 -0.11739493906497955
v 0.01001258846372366 -0.16893573105335236 -0.11861343681812286
v 0.004836098290979862 -0.16712605953216553 -0.113230399787426
v 0.05257731303572655 -0.21344789862632751 -0.03819122537970543
v 0.03706291317939758 -0.25733470916748047 -0.05956936627626419
v 0.05223295837640762 -0.2534579634666443 -0.04818976670503616
v 0.04090665280818939 -0.30215632915496826 -0.06780065596103668
v 0.039379481226205826 -0.3261435925960541 -0.07687593996524811
v 0.0347406379878521 -0.34058716893196106 -0.08964255452156067
v 0.03862004354596138 -0.35799774527549744 -0.09707421809434891
v 0.03455078601837158 -0.3720351457595825 -0.10980578511953354
v 0.04004131257534027 -0.38858431577682495 -0.11275441944599152
v 0.043712735176086426 -0.40617600083351135 -0.11690972000360489
v 0.05115628242492676 -0.4259854853153229 -0.11673687398433685
v 0.04720861837267876 -0.4604472219944 -0.12480578571557999
v 0.05204412341117859 -0.5270653963088989 -0.13259918987751007
v 0.04523454234004021 -0.49545982480049133 -0.13091550767421722
v 0.05515535920858383 -0.5597090721130371 -0.1372031271457672
v 0.11163897067308426 0.281554639339447 0.04895804077386856
v 0.07859744876623154 0.2303674817085266 0.007498659659177065
v 0.07251622527837753 0.23576363921165466 0.01644950360059738
v 0.07554329186677933 0.22854562103748322 0.02435915917158127
v 0.08024834841489792 0.2224351167678833 0.03415388986468315
v 0.11048951745033264 0.23828671872615814 0.04060617834329605
v 0.11373532563447952 0.2634837031364441 0.050532035529613495
v 0.06190522760152817 0.2599693834781647 0.032483529299497604
v 0.0655156821012497 0.2751687169075012 0.026466090232133865
v 0.10350476205348969 0.3075644075870514 -0.02693934179842472
v 0.09911871701478958 0.24429138004779816 -0.04663446918129921
v 0.09333813935518265 0.25233763456344604 -0.04350530356168747
v 0.08249242603778839 0.257717102766037 -0.03764434531331062
v 0.07595191895961761 0.25212734937667847 -0.009079688228666782
v 0.07171812653541565 0.26294445991516113 0.00279605807736516
v 0.0743052214384079 0.26166242361068726 -0.00795947015285492
v 0.1049036905169487 0.21766118705272675 0.011051628738641739
v 0.09582438319921494 0.21794089674949646 0.004324209876358509
v 0.08546596765518188 0.2936013340950012 -0.029820086434483528
v 0.09672988951206207 0.21814197301864624 -0.03632577136158943
v 0.12854605913162231 0.18679030239582062 -0.08200246095657349
v 0.09388419985771179 0.14609047770500183 0.006707690190523863
v 0.12619280815124512 0.16105227172374725 -0.06631316244602203
v 0.12583604454994202 0.16391220688819885 -0.07900583744049072
v 0.10618102550506592 0.17886541783809662 -0.011046458035707474
v 0.07959961146116257 0.1198236420750618 -0.011154883541166782
v 0.08976318687200546 0.11135530471801758 -0.018043063580989838
v 0.08278167247772217 0.1120903268456459 -0.010327990166842937
v 0.03460116311907768 0.26571786403656006 -0.03927800431847572
v 0.03212064877152443 0.28228968381881714 -0.06438988447189331
v 0.10486410558223724 0.1532420516014099 -0.003917469643056393
v 0.12590447068214417 0.13421432673931122 -0.10583756864070892
v 0.12107191234827042 0.11791401356458664 -0.11831294745206833
v 0.08031381666660309 0.2900131344795227 -0.017231112346053123
v 0.12847349047660828 0.22148741781711578 -0.033564191311597824
v 0.1482505202293396 0.2777307629585266 -0.03864969685673714
v 0.14395247399806976 -0.059615422040224075 -0.08937213569879532
v 0.13765473663806915 -0.07665517181158066 -0.11693699657917023
v 0.10176790505647659 -0.0057428269647061825 -0.012247228063642979
v 0.06441511958837509 -0.09043639898300171 -0.010805160738527775
v 0.029215695336461067 -0.18628032505512238 -0.04020940884947777
v 0.027692312374711037 -0.20001599192619324 -0.04621608927845955
v 0.01034074928611517 -0.15026074647903442 -0.04290958493947983
v 0.014480076730251312 -0.15294423699378967 -0.04251503571867943
v 0.13182973861694336 0.30262118577957153 -0.025509459897875786
v 0.0013078281190246344 -0.19115383923053741 -0.09717660397291183
v 0.002292726654559374 -0.19765233993530273 -0.08174515515565872
v 0.001988648669794202 -0.1991897076368332 -0.09179972112178802
v 0.002330863382667303 -0.20142801105976105 -0.10203129798173904
v 0.144367977976799 -0.08266101032495499 -0.09278154373168945
v 0.1286759078502655 0.043108269572257996 -0.058405663818120956
v 0.0137065714225173 -0.24210737645626068 -0.12241519242525101
v 0.008539310656487942 -0.2321353703737259 -0.10851210355758667
v 0.042745791375637054 -0.24117819964885712 -0.15741513669490814
v 0.05999469384551048 -0.231687992811203 -0.16188204288482666
v 0.1233670637011528 -0.2386358231306076 -0.1315275877714157
v 0.07949424535036087 -0.31568533182144165 -0.06752502918243408
v 0.04747845605015755 -0.3490237891674042 -0.08030874282121658
v 0.059696149080991745 -0.35428357124328613 -0.16870903968811035
v 0.1164630651473999 -0.30844396352767944 -0.0921698659658432
v 0.11865798383951187 -0.30279725790023804 -0.132837176322937
v 0.07682964205741882 -0.2813403606414795 -0.16343717277050018
v 0.056639716029167175 -0.29041507840156555 -0.16141338646411896
v 0.06171898916363716 -0.33497026562690735 -0.16595232486724854
v 0.06190577149391174 -0.3745224177837372 -0.17221100628376007
v 0.06427352875471115 -0.3962133228778839 -0.18136537075042725
v 0.07311210036277771 -0.4141511619091034 -0.1897268146276474
v 0.06094334274530411 -0.4789160490036011 -0.12080338597297668
v 0.06843742728233337 -0.45251384377479553 -0.20297861099243164
v 0.08108031749725342 -0.47301042079925537 -0.20787329971790314
v 0.07778748124837875 -0.49564629793167114 -0.20840471982955933
v 0.1061798632144928 -0.465138703584671 -0.1995738297700882
v 0.12492984533309937 -0.49373123049736023 -0.15379542112350464
v 0.061733148992061615 -0.5416619777679443 -0.13150884211063385
v 0.0704255923628807 -0.5372465252876282 -0.2024833858013153
v 0.09115466475486755 -0.5379212498664856 -0.20090773701667786
v 0.10598265379667282 -0.5208524465560913 -0.1957491934299469
v 0.09939055144786835 -0.503713846206665 -0.20326238870620728
v 0.11159223318099976 -0.5363550186157227 -0.1459461897611618
v 0.0785837322473526 -0.5739895105361938 -0.13426102697849274
v 0.06339437514543533 -0.5757818818092346 -0.13622170686721802
v 0.07111071795225143 -0.5742405652999878 -0.19825558364391327
v 0.0021309133153408766 -0.17552722990512848 -0.06413617730140686
v 0.005442785564810038 -0.18071326613426208 -0.05730705335736275
v 0.004977674223482609 -0.17073974013328552 -0.05652417242527008
v -3.179833583999425e-05 -0.165005162358284 -0.12005140632390976
v 0.005156987346708775 -0.16549602150917053 -0.12715867161750793
v 0.13361932337284088 -0.1516733318567276 -0.060856666415929794
v 0.07956698536872864 -0.10267698764801025 -0.0210044514387846
v 0.06441657245159149 -0.11962071061134338 -0.018711643293499947
v 0.0495925135910511 -0.11872599273920059 -0.019104760140180588
v 0.11925404518842697 -0.3222101628780365 -0.11073661595582962
v 0.11519909650087357 -0.3388468623161316 -0.10283787548542023
v 0.1083543449640274 -0.3275687098503113 -0.14769425988197327
v 0.025192752480506897 -0.3240593373775482 -0.08997303992509842
v 0.023946773260831833 -0.3394182622432709 -0.10425164550542831
v 0.028227677568793297 -0.23246747255325317 -0.1472199410200119
v 0.09873441606760025 0.045545101165771484 -0.007839311845600605
v 0.11305659264326096 0.06964728236198425 -0.04675227031111717
v 0.11476260423660278 0.07598119974136353 -0.11390992999076843
v 0.12772150337696075 0.047314584255218506 -0.13103827834129333
v 0.06945090740919113 0.09347439557313919 -0.17100679874420166
v 0.02889079786837101 -0.11368542164564133 -0.006547595839947462
v 0.06473323702812195 -0.1675925850868225 -0.02667194977402687
v 0.048839010298252106 -0.1747991293668747 -0.030484041199088097
v 0.08159986883401871 -0.16072732210159302 -0.02541581355035305
v 0.116806261241436 -0.15563523769378662 -0.03642333671450615
v 0.14068666100502014 -0.1501590460538864 -0.10698868334293365
v 0.044491030275821686 -0.16371449828147888 -0.15494923293590546
v 0.10142508894205093 0.2233208864927292 -0.03298419713973999
v 0.10346617549657822 0.2249547243118286 -0.04083194211125374
v 0.0986119881272316 0.22891592979431152 -0.03746950998902321
v 0.1424185037612915 0.22311559319496155 -0.12099498510360718
v 0.13260026276111603 0.2912942171096802 -0.010425117798149586
v 0.086485356092453 0.22286200523376465 0.006115837022662163
v 0.0920388251543045 0.22265708446502686 -0.010116307064890862
v 0.09101857990026474 0.3006150722503662 -0.02049117535352707
v 0.07760514318943024 0.2715286314487457 -0.024282611906528473
v 0.07579458504915237 0.26740726828575134 -0.01657845452427864
v 0.09216330200433731 0.3034123480319977 -0.038142841309309006
v 0.1177695244550705 0.30519410967826843 -0.018917758017778397
v 0.12061135470867157 0.29862654209136963 -0.0059378622099757195
v 0.03369344770908356 0.019775576889514923 0.0395205058157444
v 0.10678178071975708 -0.07140583544969559 -0.029874272644519806
v 0.0014157822588458657 -0.1680709719657898 -0.10714041441679001
v 0.03293847292661667 -0.13023757934570312 -0.0251487847417593
v 0.028614919632673264 -0.14335696399211884 -0.030222833156585693
v 0.034729428589344025 -0.13880833983421326 -0.025812849402427673
v 0.019726620987057686 -0.28061342239379883 -0.13425137102603912
v 0.012815462425351143 -0.29907312989234924 -0.11585721373558044
v 0.016028303653001785 -0.2975873053073883 -0.12929725646972656
v 0.028696469962596893 -0.3158734142780304 -0.14980074763298035
v 0.01623547077178955 -0.3422459363937378 -0.13602539896965027
v 0.031352799385786057 -0.3547380864620209 -0.15790222585201263
v 0.03640606626868248 -0.3833366930484772 -0.15900114178657532
v 0.03727016970515251 -0.39914852380752563 -0.1617685854434967
v 0.030904987826943398 -0.4334713816642761 -0.1679338961839676
v 0.04022077098488808 -0.46760866045951843 -0.19162064790725708
v 0.045240435749292374 -0.5128307342529297 -0.19236283004283905
v 0.037752747535705566 -0.5550083518028259 -0.167914018034935
v 0.0008622470195405185 -0.18280185759067535 -0.09273933619260788
v 0.0019407739164307714 -0.18135911226272583 -0.10012653470039368
v 0.0038266272749751806 -0.18092061579227448 -0.10815617442131042
v 0.005622298456728458 -0.18840168416500092 -0.11542854458093643
v 0.0058768331073224545 -0.1731351912021637 -0.11047082394361496
v 0.0017469713930040598 -0.17246758937835693 -0.10180342942476273
v 0.05828488990664482 0.3101501762866974 -0.10157808661460876
v 0.06583254784345627 0.3021065294742584 -0.07273639738559723
v 0.10819312930107117 0.21867069602012634 -0.05234828218817711
v 0.11629416793584824 0.21220062673091888 -0.06101309135556221
v 0.08048124611377716 0.2758919298648834 -0.030449876561760902
v 0.07805414497852325 0.2799684703350067 -0.023922353982925415
v 0.07575898617506027 0.27772894501686096 -0.015347526408731937
v -0.00025695539079606533 -0.1587112545967102 -0.14992371201515198
v 0.054931364953517914 -0.1757701188325882 -0.15380096435546875
v 0.042484018951654434 -0.17952293157577515 -0.14836804568767548
v 0.04610530287027359 -0.1941230297088623 -0.0360494926571846
v 0.12320029735565186 0.268734335899353 0.023159222677350044
v 0.09075483679771423 0.25098371505737305 -0.036578621715307236
v 0.08314822614192963 0.2635721266269684 -0.032364942133426666
v 0.08049936592578888 0.269182413816452 -0.031106144189834595
v 0.08190909773111343 0.2682572603225708 -0.037820737808942795
v 0.09702511876821518 0.24002109467983246 -0.04439278319478035
v 0.0749962329864502 0.3005773723125458 0.1868094950914383
v 0.06049389764666557 0.3071750998497009 0.19253823161125183
v 0.03852717578411102 0.2987411320209503 0.19930045306682587
v 0.05513650178909302 0.2472226321697235 0.1781257539987564
v 0.08438824117183685 0.2943018972873688 0.16921700537204742
v 0.04830281063914299 0.29405638575553894 0.14602991938591003
v 0.09036365896463394 0.2963590919971466 0.14587852358818054
v 0.05345414951443672 0.250114768743515 0.1925859898328781
v 0.030659176409244537 0.2864682674407959 0.20277522504329681
v 0.03484947979450226 0.27289900183677673 0.15717342495918274
v 0.040042128413915634 0.2795391082763672 0.14259956777095795
v 0.07488662749528885 0.30418944358825684 0.16879399120807648
v 0.081604965031147 0.2773815393447876 0.1859370470046997
v 0.04158056154847145 0.2641087472438812 0.11580955237150192
v 0.0502939373254776 0.24376773834228516 0.15046171844005585
v 0.07601219415664673 0.3041974902153015 0.11772139370441437
v 0.08866322785615921 0.30382341146469116 0.12252737581729889
v 0.10162714868783951 0.2765725255012512 0.10699483752250671
v 0.08551289886236191 0.2580561935901642 0.14035634696483612
v 0.062228184193372726 0.23034709692001343 0.08005987107753754
v 0.08530502021312714 0.29918864369392395 0.09518660604953766
v 0.08330236375331879 0.25036031007766724 0.12433182448148727
v 0.0733877420425415 0.2984875440597534 0.10305611044168472
v 0.07056372612714767 0.23532311618328094 0.10689985007047653
v 0.0969192162156105 0.2967943847179413 0.11560724675655365
v 0.06104765087366104 0.23322314023971558 0.067233607172966
v 0.04996102303266525 0.25885456800460815 0.06658874452114105
v 0.0835772454738617 0.2975030839443207 0.08209308236837387
v 0.09743358194828033 0.29258182644844055 0.07834624499082565
v 0.0867622122168541 0.22114424407482147 0.05004189908504486
v 0.055939167737960815 0.2619217336177826 0.04969165101647377
v 0.06178697198629379 0.2786957323551178 0.04292350262403488
v 0.08914578706026077 0.29658815264701843 0.06593439728021622
v 0.10292170941829681 0.2889726459980011 0.06269574165344238
v 0.043472036719322205 0.244684100151062 0.09055012464523315
v 0.07104381918907166 0.26168525218963623 0.2000121921300888
v 0.05636291205883026 0.30558711290359497 0.17293089628219604
v 0.04887237772345543 0.30611729621887207 0.20326343178749084
v 0.06515543907880783 0.2974367141723633 0.11454859375953674
v 0.09271708875894547 0.2623801827430725 0.12571997940540314
v 0.09441107511520386 0.25365322828292847 0.10382018983364105
v 0.10605277866125107 0.2693256735801697 0.08457236737012863
v 0.104483462870121 0.27319708466529846 0.0968097522854805
v 0.07258850336074829 0.2955608069896698 0.07064962387084961
v 0.1077689453959465 0.2591976523399353 0.07055271416902542
v 0.0813269093632698 0.2977197468280792 0.05433342605829239
v 0.11003461480140686 0.2740049362182617 0.06548687815666199
v 0.10309141129255295 0.23306545615196228 0.05636702477931976
v 0.04137752950191498 0.24908547103405 0.1193474680185318
v 0.04261266440153122 0.24465101957321167 0.10483607649803162
v 0.07623695582151413 0.2746906280517578 0.20195913314819336
v 0.03996339067816734 0.25184711813926697 0.14851494133472443
v 0.08156868070363998 0.2640462815761566 0.1695893406867981
v 0.05550549924373627 0.24513579905033112 0.05787697061896324
v 0.05985835939645767 0.2341875284910202 0.12176109105348587
v 0.06077830120921135 0.24595887959003448 0.04063814878463745
v 0.10158146172761917 0.28997525572776794 0.10818271338939667
v 0.10358459502458572 0.28824689984321594 0.10028477758169174
v 0.07164382934570312 0.2959444522857666 0.21178914606571198
v 0.08172246068716049 0.2908494174480438 0.18215471506118774
v 0.03409171476960182 0.28087517619132996 0.17183931171894073
v 0.06435906887054443 0.23396992683410645 0.05132509022951126
v 0.07518067955970764 0.22497546672821045 0.059137001633644104
v 0.051719773560762405 0.3005661964416504 0.15806324779987335
v 0.105828657746315 0.28227341175079346 0.07932118326425552
v 0.06039657071232796 0.28909146785736084 0.10369651019573212
v 0.055038537830114365 0.2826242744922638 0.09170021116733551
v 0.07475725561380386 0.22681617736816406 0.07363279163837433
v 0.06003221496939659 0.2863684594631195 0.07509838044643402
v 0.06574780493974686 0.290179967880249 0.056954436004161835
v 0.04686475172638893 0.2548225522041321 0.20654481649398804
v 0.05619783699512482 0.2765893042087555 0.060722749680280685
v 0.07267031073570251 0.23974914848804474 0.12129470705986023
v 0.0448223277926445 0.2687412202358246 0.09356771409511566
v 0.04996274784207344 0.2722986936569214 0.07752460241317749
v 0.10592813789844513 0.2819582521915436 0.09147777408361435
v 0.09707771241664886 0.2895943522453308 0.1250373274087906
v 0.09599512070417404 0.27629145979881287 0.1237245723605156
v 0.12219581007957458 0.12295502424240112 -0.06851053982973099
v 0.10591352730989456 0.12690673768520355 -0.023925544694066048
v 0.11629460006952286 0.19079206883907318 -0.0673932433128357
v 0.12372198700904846 0.19325138628482819 -0.0735517144203186
v 0.07800590991973877 0.235911026597023 -0.0016003251075744629
v 0.07341289520263672 0.25136321783065796 0.0008841638336889446
v 0.0763523057103157 0.2438640594482422 -0.004725883714854717
v 0.06991066783666611 0.24785088002681732 0.012876168824732304
v 0.07398690283298492 0.24017333984375 0.0057568661868572235
v 0.12362052500247955 0.16519707441329956 -0.05153241381049156
v 0.11903384327888489 0.2146761119365692 -0.06557085365056992
v 0.12257701903581619 0.2114294022321701 -0.06944145262241364
v 0.11910378187894821 0.20726871490478516 -0.06456412374973297
v 0.05181534215807915 0.23471249639987946 0.08538756519556046
v 0.04506309702992439 0.24848638474941254 0.1630379557609558
v 0.050259336829185486 0.24324719607830048 0.07490227371454239
v 0.0600770078599453 0.41332894563674927 -0.11759255826473236
v 0.06744226813316345 0.4138152599334717 -0.1046455055475235
v 0.04711528122425079 0.32446181774139404 -0.11009389162063599
v 0.06115255877375603 0.42067158222198486 -0.11702552437782288
v 0.051504045724868774 0.3783925473690033 -0.09571448713541031
v 0.043179310858249664 0.3470139801502228 -0.10851659625768661
v 0.04339629039168358 0.35511913895606995 -0.09597563743591309
v 0.0444968156516552 0.3616834282875061 -0.10590867698192596
v 0.018360987305641174 0.02537628449499607 0.04336710646748543
v 0.008740185759961605 -0.00034384525497443974 0.03694668412208557
v 0.05917075648903847 0.41113150119781494 -0.09850038588047028
v 0.05451548472046852 0.39623507857322693 -0.09991572797298431
v 0.055855151265859604 0.40112847089767456 -0.10274236649274826
v 0.06165504455566406 0.4219644367694855 -0.1101706400513649
v 0.05931256711483002 0.4249151051044464 -0.09760084003210068
v 0.047568224370479584 0.31112077832221985 -0.10045091807842255
v 0.05294473469257355 0.32549989223480225 -0.12094329297542572
v 0.03360143303871155 0.3327596187591553 -0.1472514420747757
v 0.01083462219685316 -0.16407901048660278 -0.13815322518348694
v -0.0034819275606423616 -0.16300606727600098 -0.1365722417831421
v 0.061283089220523834 0.41555216908454895 -0.11099813878536224
v 0.06089591979980469 0.4104626476764679 -0.10794081538915634
v 0.058510955423116684 0.4089174270629883 -0.11295995861291885
v 0.05571714788675308 0.3975723087787628 -0.1089136153459549
v 0.06061355024576187 0.4199317693710327 -0.09979976713657379
v 0.06104830279946327 0.42502695322036743 -0.10367964953184128
v 0.05515420064330101 0.4023831784725189 -0.11280183494091034
v 0.026407741010189056 0.00930185616016388 -0.18226730823516846
v 0.11817499250173569 -0.00940721295773983 -0.15394708514213562
v 0.14093929529190063 -0.01971765048801899 -0.11282489448785782
v 0.13873101770877838 -0.043526630848646164 -0.07173555344343185
v 0.1306333988904953 -0.0458059124648571 -0.05276154726743698
v 0.09544532001018524 -0.06161412596702576 -0.01056984905153513
v 0.05266560986638069 -0.06803377717733383 0.018700547516345978
v 0.0031788654159754515 -0.06771983951330185 0.03081345558166504
v 0.030225999653339386 0.31524261832237244 -0.08561446517705917
v 0.019721034914255142 0.3214472234249115 -0.07538923621177673
v 0.021736767143011093 0.33507826924324036 -0.06436073780059814
v 0.016668865457177162 0.34144455194473267 -0.04644335061311722
v 0.006628776900470257 0.36809104681015015 -0.029425445944070816
v 0.053248558193445206 0.29537156224250793 -0.06945319473743439
v 0.056857891380786896 0.29320818185806274 -0.0545743890106678
v 0.06701637804508209 0.30243250727653503 -0.1661527454853058
v 0.126157745718956 0.30634862184524536 -0.12399488687515259
v 0.14543981850147247 0.3041217625141144 -0.06514782458543777
v 0.057117760181427 0.32602420449256897 -0.1332291066646576
v 0.09441882371902466 0.17512951791286469 -0.18027380108833313
v 0.08120499551296234 0.2883610725402832 -0.03931610658764839
v 0.14252932369709015 0.21930229663848877 -0.08029115200042725
v 0.11761657893657684 0.31494349241256714 -0.05415909364819527
v 0.14728079736232758 0.22930437326431274 -0.07526984065771103
v 0.10425195842981339 0.3119843602180481 -0.043499916791915894
v 0.10911272466182709 0.22147125005722046 -0.04455778747797012
v 0.10582207143306732 0.22781088948249817 -0.04836815595626831
v 0.11284530907869339 0.21562033891677856 -0.057259757071733475
v 0.11909212172031403 0.21902121603488922 -0.0599825493991375
v 0.13668987154960632 0.21332277357578278 -0.08603812009096146
v 0.13426537811756134 0.2162872552871704 -0.07187844067811966
v 0.104182668030262 0.22976374626159668 -0.05010146275162697
v 0.11248531937599182 0.22152477502822876 -0.05869227647781372
v 0.10873054713010788 0.22485004365444183 -0.05461784079670906
v 0.1257070153951645 0.21576504409313202 -0.07242974638938904
v 0.12232016026973724 0.21795141696929932 -0.06898047775030136
v 0.11442193388938904 0.22144150733947754 -0.0561642199754715
v 0.10996285825967789 0.2242019921541214 -0.05199890211224556
v 0.11953558027744293 0.21790258586406708 -0.05350454896688461
v 0.11442550271749496 0.21937766671180725 -0.04920518770813942
v 0.08078579604625702 0.28478679060935974 -0.02924460917711258
v 0.08166763931512833 0.2732211649417877 -0.03728310763835907
v 0.08371876925230026 0.26385682821273804 -0.03869755566120148
v 0.0901859924197197 0.25658804178237915 -0.041860636323690414
v 0.0780109167098999 0.2533668577671051 -0.03583449125289917
v 0.08742223680019379 0.25385627150535583 -0.03966154903173447
v 0.09266705811023712 0.24241816997528076 -0.04104020074009895
v 0.08588218688964844 0.2435121089220047 -0.03783067688345909
v 0.08148321509361267 0.29971393942832947 -0.0496833361685276
v 0.08717382699251175 0.2578882873058319 -0.034757889807224274
v 0.08708054572343826 0.2605277895927429 -0.04048967361450195
v 0.09577081352472305 0.24772343039512634 -0.044170744717121124
v 0.10196816176176071 0.24039044976234436 -0.04933163896203041
v 0.10073025524616241 0.23567746579647064 -0.047268304973840714
v 0.09517055004835129 0.23447057604789734 -0.04142419621348381
v 0.09680188447237015 0.23716746270656586 -0.04029015824198723
v 0.11570468544960022 0.21824315190315247 -0.062070757150650024
v 0.1445697396993637 0.29697537422180176 -0.03927822411060333
v 0.13605625927448273 0.30897533893585205 -0.04831119626760483
v 0.14024443924427032 0.22581399977207184 -0.05581602081656456
v 0.12120229750871658 0.31163927912712097 -0.035746049135923386
v 0.12210588157176971 0.3166855573654175 -0.10731014609336853
v 0.15390679240226746 0.2721322774887085 -0.1086098849773407
v 0.15009982883930206 0.25322648882865906 -0.11060932278633118
v 0.1430138796567917 0.21679167449474335 -0.09157676994800568
v 0.078020378947258 0.29171544313430786 -0.0447658970952034
v 0.07672957330942154 0.2836112976074219 -0.041125085204839706
v 0.07377269864082336 0.2712080180644989 -0.038556307554244995
v 0.07631126791238785 0.25993630290031433 -0.03673087805509567
v 0.052310265600681305 0.2835759222507477 -0.04465489834547043
v 0.06325159966945648 0.2883234918117523 -0.044958487153053284
v 0.07190641760826111 0.2861178517341614 -0.044062573462724686
v 0.08134067803621292 0.2796889841556549 -0.0362522192299366
v 0.11200656741857529 0.2268058806657791 -0.058918848633766174
v 0.11900212615728378 0.2204638421535492 -0.06570914387702942
v 0.12377134710550308 0.2171381115913391 -0.0633816048502922
v 0.12657701969146729 0.21732373535633087 -0.05587006360292435
v 0.12443635612726212 0.21792681515216827 -0.046052463352680206
v 0.12094675004482269 0.21888969838619232 -0.024193935096263885
v 0.11244727671146393 0.2171277403831482 -0.0088489456102252
v 0.10708045959472656 0.22595763206481934 0.034480638802051544
v 0.09140513837337494 0.22629550099372864 0.06557174772024155
v 0.09753565490245819 0.2391240894794464 0.07708926498889923
v 0.09262476861476898 0.24367284774780273 0.0938214510679245
v 0.11579588800668716 0.23696421086788177 0.024412058293819427
v 0.10428211838006973 0.24359871447086334 0.06624145060777664
v 0.10045091062784195 0.254763126373291 0.08666829019784927
v 0.006496939808130264 0.38279080390930176 -0.028499284759163857
v 0.013525371439754963 0.36307376623153687 -0.03480960801243782
v 0.09238508343696594 0.2567666172981262 0.11429732292890549
v 0.09748566150665283 0.2741679847240448 0.11280369758605957
v 0.09457875043153763 0.26593706011772156 0.11647972464561462
v 0.08424383401870728 0.24467873573303223 0.10987216234207153
v 0.08789443969726562 0.2682885229587555 0.15458813309669495
v 0.08570196479558945 0.2984200119972229 0.15735472738742828
v 0.0808076336979866 0.3057703971862793 0.1425083875656128
v 0.06339754909276962 0.3039911389350891 0.142573282122612
v 0.051313307136297226 0.2921319603919983 0.1327161341905594
v 0.04278068244457245 0.27557477355003357 0.12721098959445953
v 0.03755052760243416 0.26416417956352234 0.14323195815086365
v 0.06488443911075592 0.23917196691036224 0.13387846946716309
v 0.07495519518852234 0.2470443993806839 0.13811300694942474
v 0.04965095967054367 0.3103885352611542 0.2511145770549774
v 0.039771780371665955 0.3127051293849945 0.25873103737831116
v 0.03093928098678589 0.30658137798309326 0.25216779112815857
v 0.02743850275874138 0.27799898386001587 0.24743370711803436
v 0.03919282183051109 0.26969248056411743 0.2647865414619446
v 0.05504016950726509 0.2826528549194336 0.27151408791542053
v 0.04805801436305046 0.3080328702926636 0.2181345671415329
v 0.029097821563482285 0.2743140757083893 0.21017678081989288
v 0.028035832569003105 0.2859742343425751 0.2366866022348404
v 0.062209416180849075 0.29396969079971313 0.24825868010520935
v 0.031221162527799606 0.2678833305835724 0.22163459658622742
v 0.03093770332634449 0.30155235528945923 0.2403428703546524
v 0.07005473226308823 0.2915530204772949 0.2242054045200348
v 0.06704283505678177 0.2812022566795349 0.23350992798805237
v 0.0615466944873333 0.28042879700660706 0.24798093736171722
v 0.05820600688457489 0.3051174283027649 0.24247978627681732
v 0.0351375974714756 0.2996160089969635 0.2145346999168396
v 0.0442071333527565 0.26421067118644714 0.24384480714797974
v 0.056242574006319046 0.2595953047275543 0.2204546332359314
v 0.04626145586371422 0.27360719442367554 0.274749219417572
v 0.06092125549912453 0.2695929706096649 0.23275840282440186
v 0.018429499119520187 0.3094120919704437 0.3338218629360199
v 0.010858486406505108 0.31602364778518677 0.3048780858516693
v 0.027118973433971405 0.31934767961502075 0.3441178500652313
v 0.045485883951187134 0.30190059542655945 0.3354431986808777
v 0.04451480507850647 0.291980117559433 0.34131985902786255
v 0.018719904124736786 0.3256109356880188 0.3349495232105255
v 0.02000812068581581 0.31108981370925903 0.28732725977897644
v 0.010596208274364471 0.3220643699169159 0.3109535276889801
v 0.02008756808936596 0.27256760001182556 0.29944029450416565
v 0.039237797260284424 0.27582618594169617 0.29652753472328186
v 0.021906143054366112 0.31028762459754944 0.34436312317848206
v 0.02092222310602665 0.27950313687324524 0.33520907163619995
v 0.03208793327212334 0.26717129349708557 0.3389211893081665
v 0.038525037467479706 0.315021812915802 0.38184094429016113
v 0.018821220844984055 0.3223254382610321 0.30303823947906494
v 0.023445773869752884 0.2990368902683258 0.3483058512210846
v 0.021744437515735626 0.2895929217338562 0.33088693022727966
v 0.016889959573745728 0.27464672923088074 0.31823521852493286
v 0.02608429454267025 0.32463017106056213 0.3355881869792938
v 0.01592562533915043 0.28607895970344543 0.31026190519332886
v 0.012753061950206757 0.3094992935657501 0.3230970799922943
v 0.015424462966620922 0.28860190510749817 0.29191577434539795
v 0.019517147913575172 0.2774442136287689 0.29060542583465576
v 0.020525332540273666 0.2845420241355896 0.28059202432632446
v 0.027410177513957024 0.31227821111679077 0.27896592020988464
v 0.009825586341321468 0.3258365988731384 0.32510384917259216
v 0.015694720670580864 0.280651330947876 0.30118873715400696
v 0.03555024787783623 0.3160440921783447 0.36425092816352844
v 0.025150444358587265 0.29105424880981445 0.35447394847869873
v 0.04102594032883644 0.3102865219116211 0.35145753622055054
v 0.024426046758890152 0.26529988646507263 0.3352697789669037
v 0.030802709981799126 0.2680591642856598 0.3216448724269867
v 0.02366284281015396 0.2882990539073944 0.34255164861679077
v 0.03580394759774208 0.3176001012325287 0.3463318347930908
v 0.03743194788694382 0.27734875679016113 0.3560154139995575
v 0.0276890117675066 0.31428948044776917 0.3613637089729309
v 0.03738470748066902 0.30695632100105286 0.37031179666519165
v 0.04353734105825424 0.28579890727996826 0.319431871175766
v 0.041331034153699875 0.28197181224823 0.3415338695049286
v 0.031783927232027054 0.26814496517181396 0.3303093910217285
v 0.03324507176876068 0.31770244240760803 0.37932220101356506
v 0.02855757810175419 0.3138284385204315 0.37629303336143494
v 0.04228227585554123 0.283195823431015 0.33122801780700684
v 0.042206909507513046 0.31089192628860474 0.3407829999923706
v 0.038217224180698395 0.2757813036441803 0.3237956464290619
v 0.03047558292746544 0.26454079151153564 0.3458713889122009
v 0.041942961513996124 0.28768160939216614 0.3505198359489441
v 0.04542841389775276 0.292402446269989 0.329764723777771
v 0.046771686524152756 0.29520609974861145 0.3072532117366791
v 0.05251217260956764 0.288670152425766 0.28237974643707275
v 0.04501444473862648 0.3081831634044647 0.3111569881439209
v 0.04386838525533676 0.301164835691452 0.34769347310066223
v 0.036934465169906616 0.3081686496734619 0.3808613717556
v 0.04409492015838623 0.3085852265357971 0.3260623514652252
v 0.04586690664291382 0.3076171576976776 0.29661092162132263
v 0.039207782596349716 0.3174038827419281 0.31826719641685486
v 0.027125284075737 0.31765639781951904 0.29339587688446045
v 0.03769315779209137 0.31744661927223206 0.30269452929496765
v 0.029473748058080673 0.31448403000831604 0.3842971920967102
v 0.009530973620712757 0.31105536222457886 0.31316572427749634
v 0.018749481067061424 0.27062931656837463 0.31293219327926636
v 0.04659857600927353 0.3089222311973572 0.28066733479499817
v 0.023077934980392456 0.3027728497982025 0.2709040343761444
v 0.022641438990831375 0.2886729836463928 0.269087016582489
v 0.026448706164956093 0.27621036767959595 0.2685454487800598
v 0.04980343580245972 0.29946252703666687 0.28809064626693726
v 0.038134656846523285 0.31373855471611023 0.27281954884529114
v 0.029555298388004303 0.31024235486984253 0.2648814916610718
v 0.030507119372487068 0.2861422300338745 0.3651313781738281
v 0.01587626338005066 0.33365726470947266 0.3200155794620514
v 0.02355082519352436 0.2665233016014099 0.3192627727985382
v 0.023676788434386253 0.3071463704109192 0.35505709052085876
v 0.0389740988612175 0.31183964014053345 0.3679506778717041
v 0.03364109247922897 0.3017757534980774 0.36595743894577026
v 0.013092919252812862 0.2954155206680298 0.3025470972061157
v 0.02609332650899887 0.29862847924232483 0.3595985174179077
v 0.02976154163479805 0.3043796420097351 0.3677419126033783
v 0.04093709960579872 0.2963705360889435 0.3632032871246338
v 0.026377582922577858 0.2745189964771271 0.2815220057964325
v 0.037474021315574646 0.2717244029045105 0.28602027893066406
v 0.02496347948908806 0.28329387307167053 0.35150018334388733
v 0.03810868784785271 0.289332777261734 0.3647039234638214
v 0.025182252749800682 0.26512131094932556 0.3427271544933319
v 0.034692998975515366 0.2862987518310547 0.3648625910282135
v 0.03733742982149124 0.274507611989975 0.333859384059906
v 0.03013032302260399 0.3108188807964325 0.39020785689353943
v 0.03285955265164375 0.30834144353866577 0.3858138620853424
v 0.026747997850179672 0.30478954315185547 0.36336666345596313
v 0.03478927165269852 0.3164743185043335 0.35616815090179443
v 0.038301531225442886 0.3109748363494873 0.38694649934768677
v 0.026189113035798073 0.26818224787712097 0.31282511353492737
v 0.018961835652589798 0.26954326033592224 0.317484587430954
v 0.028601082041859627 0.27017325162887573 0.30125996470451355
v 0.032747283577919006 0.26799654960632324 0.24574968218803406
v 0.028243036940693855 0.32415780425071716 0.3074926435947418
v 0.04709663614630699 0.2785630524158478 0.2865435779094696
v 0.010172081179916859 0.3332994282245636 0.323630690574646
v 0.02633299119770527 0.3292050361633301 0.32793325185775757
v 0.03593747317790985 0.2736703157424927 0.3515856862068176
v 0.0372106172144413 0.2833751142024994 0.36546969413757324
v 0.03924066200852394 0.31003880500793457 0.36055147647857666
v 0.03488384559750557 0.3177284300327301 0.38798943161964417
v 0.03690492361783981 0.3162569999694824 0.3728763163089752
v 0.018656814470887184 0.2989892363548279 0.28155195713043213
v 0.023914983496069908 0.33033040165901184 0.31815269589424133
v 0.03959415480494499 0.31649085879325867 0.3323361575603485
v 0.03122565895318985 0.30780094861984253 0.3792603015899658
v 0.0307728610932827 0.2727905809879303 0.3563203513622284
v 0.028261099010705948 0.27127236127853394 0.2915557324886322
v 0.03451723977923393 0.2708531618118286 0.27506253123283386
v 0.014195366762578487 0.3025941252708435 0.29228803515434265
v 0.038044292479753494 0.3141024708747864 0.3931417167186737
v 0.03535675257444382 0.3092808723449707 0.3921719789505005
v 0.036476969718933105 0.3109516203403473 0.3981338441371918
v 0.03717365860939026 0.31474769115448 0.40777119994163513
v 0.03501542657613754 0.3177567720413208 0.40945711731910706
v 0.03507057577371597 0.3179437816143036 0.3958906829357147
v 0.03712545707821846 0.31613796949386597 0.40145665407180786
v 0.030574144795536995 0.31659698486328125 0.39958974719047546
v 0.030074995011091232 0.3160422146320343 0.3939410448074341
v 0.03577682003378868 0.3110393285751343 0.403631329536438
v 0.02996210753917694 0.31597453355789185 0.3890726864337921
v 0.033227480947971344 0.3181203305721283 0.4044656455516815
v 0.031088490039110184 0.3109075427055359 0.39611414074897766
v 0.03095358982682228 0.3120863437652588 0.4027588367462158
v 0.03398386761546135 0.3112486004829407 0.40831252932548523
v 0.03407472372055054 0.31562548875808716 0.4124208688735962
v 0.03470783308148384 0.3127685785293579 0.4118695855140686
v 0.03128499537706375 0.3151240348815918 0.4078245162963867
v 0.0365624763071537 0.31447669863700867 0.41266313195228577
v 0.03489251062273979 0.30600666999816895 0.3750196695327759
v 0.02701493538916111 0.31061673164367676 0.3686535358428955
v 0.030557097867131233 0.3165372908115387 0.3701736032962799
v 0.0368877537548542 0.3054013252258301 0.36511164903640747
v 0.03017709031701088 0.30615073442459106 0.3730503022670746
v 0.03392879292368889 0.3044813275337219 0.3692057132720947
v 0.03918631374835968 0.3113486170768738 0.37535572052001953
v 0.03846969082951546 0.2980651557445526 0.39132940769195557
v 0.03514527156949043 0.3004206120967865 0.3726908564567566
v 0.03686916455626488 0.2997506558895111 0.38462546467781067
v 0.03571193292737007 0.2889036536216736 0.38558003306388855
v 0.03001781739294529 0.3007431924343109 0.3655901253223419
v 0.03773823752999306 0.28925102949142456 0.3748396337032318
v 0.027380364015698433 0.2910589575767517 0.3632858395576477
v 0.0405968613922596 0.29355135560035706 0.3863632082939148
v 0.038974642753601074 0.290291965007782 0.39154577255249023
v 0.031016478314995766 0.2952086925506592 0.39466574788093567
v 0.032464347779750824 0.2983975410461426 0.38960108160972595
v 0.03547234088182449 0.3002832233905792 0.37798893451690674
v 0.038657452911138535 0.28973835706710815 0.38068243861198425
v 0.032483987510204315 0.2885684669017792 0.3734699785709381
v 0.035866111516952515 0.29827603697776794 0.4022729694843292
v 0.03330177813768387 0.2896201014518738 0.39175286889076233
v 0.03699106350541115 0.28845471143722534 0.39697638154029846
v 0.032491061836481094 0.2898913323879242 0.3974123001098633
v 0.03944755718111992 0.2939837574958801 0.3976894021034241
v 0.034437499940395355 0.29897063970565796 0.39643076062202454
v 0.04069580137729645 0.2942558526992798 0.37003734707832336
v 0.03199254721403122 0.2999652326107025 0.3693518042564392
v 0.03196396678686142 0.2984522879123688 0.3811657726764679
v 0.03122495301067829 0.2930976450443268 0.385543555021286
v 0.03848080709576607 0.29457756876945496 0.40517935156822205
v 0.033077437430620193 0.2889811396598816 0.40131133794784546
v 0.03813463822007179 0.28920280933380127 0.4025859832763672
v 0.038729775696992874 0.29223132133483887 0.41709011793136597
v 0.036448027938604355 0.29589447379112244 0.4158465266227722
v 0.03755515441298485 0.2953167259693146 0.4109242558479309
v 0.03475672006607056 0.2976401746273041 0.4072364568710327
v 0.038273148238658905 0.28902971744537354 0.412893146276474
v 0.0369342677295208 0.2947903871536255 0.4202170670032501
v 0.033119093626737595 0.29625940322875977 0.4126594364643097
v 0.033666372299194336 0.2951430678367615 0.4174940884113312
v 0.03491675853729248 0.29238393902778625 0.4210529923439026
v 0.03705785423517227 0.2876721918582916 0.4155080020427704
v 0.03802477940917015 0.28830137848854065 0.41847607493400574
v 0.03128766268491745 0.29556936025619507 0.4018971025943756
v 0.031355954706668854 0.2936916649341583 0.4082704782485962
v 0.03823711723089218 0.28940895199775696 0.4079143702983856
v 0.03364718705415726 0.28871673345565796 0.4053937792778015
v 0.03462978079915047 0.2878260314464569 0.4111190140247345
v 0.03542539104819298 0.28844407200813293 0.41920870542526245
v 0.037990741431713104 0.28946539759635925 0.42151933908462524
v 0.03237958997488022 0.29071304202079773 0.4147655665874481
v 0.03843637555837631 0.2922739088535309 0.42223477363586426
v 0.03808221220970154 0.30005618929862976 0.36861175298690796
v 0.033207643777132034 0.28894898295402527 0.37937936186790466
v 0.028417762368917465 0.29683810472488403 0.3673557937145233
v 0.030179429799318314 0.29336661100387573 0.37771764397621155
v 0.030957886949181557 0.2984393835067749 0.3743719160556793
v 0.03643181547522545 0.28859463334083557 0.36916083097457886
v 0.029058650135993958 0.292074054479599 0.3707985281944275
v 0.03759138658642769 0.3013383448123932 0.3637855052947998
v 0.03177747130393982 0.28803980350494385 0.36801159381866455
v 0.03970923647284508 0.2984939217567444 0.3744724690914154
v 0.04046428203582764 0.2967369258403778 0.37990671396255493
v 0.04006265848875046 0.3031465709209442 0.3587677478790283
v 0.04219575598835945 0.29456087946891785 0.3556765913963318
v 0.046146683394908905 0.298326313495636 0.3201516270637512
v 0.037149250507354736 0.2787137031555176 0.3821050822734833
v 0.03607329726219177 0.2830449342727661 0.3716892898082733
v 0.027268962934613228 0.28438904881477356 0.3606642782688141
v 0.034102559089660645 0.2733789086341858 0.3699033558368683
v 0.034186702221632004 0.2827540636062622 0.37791764736175537
v 0.03274601325392723 0.2706361413002014 0.3915179967880249
v 0.03683588653802872 0.27469003200531006 0.37491336464881897
v 0.030632156878709793 0.27942413091659546 0.3900322914123535
v 0.028981870040297508 0.2761000990867615 0.3841783106327057
v 0.03793468698859215 0.28002801537513733 0.3755069673061371
v 0.029435085132718086 0.2745266258716583 0.3683973252773285
v 0.03553155064582825 0.2792619466781616 0.3891337215900421
v 0.030229391530156136 0.2731853127479553 0.379341721534729
v 0.036160290241241455 0.27363353967666626 0.3869323134422302
v 0.031391192227602005 0.2714773416519165 0.38518455624580383
v 0.03197120130062103 0.27258825302124023 0.3749511241912842
v 0.03262355178594589 0.28135496377944946 0.3840806484222412
v 0.03747033700346947 0.27783215045928955 0.3621367812156677
v 0.029141344130039215 0.2817336618900299 0.3675605356693268
v 0.03487534075975418 0.27253401279449463 0.38027632236480713
v 0.0360083244740963 0.2742890417575836 0.39903977513313293
v 0.036187801510095596 0.2735670804977417 0.3932856321334839
v 0.03370710089802742 0.27023768424987793 0.3977070152759552
v 0.034684475511312485 0.2767888605594635 0.4030596613883972
v 0.035580966621637344 0.2737305760383606 0.40636497735977173
v 0.034510836005210876 0.2777826189994812 0.39994344115257263
v 0.034576646983623505 0.27847498655319214 0.3954845070838928
v 0.03449694439768791 0.2703778147697449 0.4022320806980133
v 0.0330783985555172 0.27693790197372437 0.40671831369400024
v 0.030163109302520752 0.2766202688217163 0.40185755491256714
v 0.035035014152526855 0.2732715606689453 0.41114869713783264
v 0.033069368451833725 0.2698087692260742 0.40588507056236267
v 0.029276644811034203 0.2735919654369354 0.38999009132385254
v 0.030106402933597565 0.27761387825012207 0.3955240845680237
v 0.030475348234176636 0.27095863223075867 0.40148115158081055
v 0.02988423779606819 0.27222955226898193 0.39621007442474365
v 0.03026074543595314 0.27396488189697266 0.40676385164260864
v 0.032597240060567856 0.27078285813331604 0.4092999994754791
v 0.03391994535923004 0.27547430992126465 0.4099375903606415
v 0.03473465144634247 0.27082008123397827 0.40969735383987427
v 0.02832672744989395 0.2762466371059418 0.36369380354881287
v 0.02970864251255989 0.2795308530330658 0.37855350971221924
v 0.031220365315675735 0.28285089135169983 0.37287965416908264
v 0.0332392156124115 0.27393782138824463 0.3645702600479126
v 0.02904098853468895 0.27687856554985046 0.3730911314487457
v 0.03375047817826271 0.27472665905952454 0.35953718423843384
v 0.03777996450662613 0.27811795473098755 0.36861056089401245
v 0.0328771248459816 0.28439152240753174 0.3681856393814087
v 0.03345189616084099 0.27063706517219543 0.35921236872673035
v 0.03562287613749504 0.27024349570274353 0.35549822449684143
v 0.026053793728351593 0.2648368775844574 0.3507610559463501
v 0.031876012682914734 0.26134172081947327 0.3591799736022949
v 0.028129860758781433 0.265209436416626 0.36388006806373596
v 0.0317373052239418 0.25888240337371826 0.36938515305519104
v 0.030678942799568176 0.2669844329357147 0.3696575462818146
v 0.035876594483852386 0.26691922545433044 0.36109888553619385
v 0.03535223752260208 0.26546934247016907 0.35527700185775757
v 0.03194309398531914 0.2660399079322815 0.3743228614330292
v 0.028157750144600868 0.261887788772583 0.3698715269565582
v 0.029694190248847008 0.26052090525627136 0.3640756905078888
v 0.03483771160244942 0.26695701479911804 0.3667895495891571
v 0.02844119258224964 0.2632061541080475 0.375983864068985
v 0.035013485699892044 0.2639200687408447 0.37140271067619324
v 0.029085906222462654 0.2697386145591736 0.359132319688797
v 0.03479433432221413 0.2618013918399811 0.36498963832855225
v 0.033449139446020126 0.2591622471809387 0.3747846484184265
v 0.029273562133312225 0.25838327407836914 0.37432751059532166
v 0.030273348093032837 0.2617095708847046 0.3882330656051636
v 0.032786816358566284 0.26079732179641724 0.38662123680114746
v 0.03328752517700195 0.26413610577583313 0.3776761293411255
v 0.03364000469446182 0.2607000470161438 0.38131701946258545
v 0.0317545123398304 0.2598305642604828 0.39075109362602234
v 0.030603740364313126 0.2629600465297699 0.38482117652893066
v 0.031381089240312576 0.2565416097640991 0.3829781711101532
v 0.031391244381666183 0.2559964954853058 0.38718366622924805
v 0.03093884512782097 0.2639717161655426 0.38099342584609985
v 0.031103814020752907 0.25702378153800964 0.378650963306427
v 0.027987776324152946 0.25944966077804565 0.38028520345687866
v 0.02950562722980976 0.2571520209312439 0.38941875100135803
v 0.028210394084453583 0.2580990791320801 0.3850286304950714
v 0.03244539722800255 0.2568581700325012 0.39005303382873535
v 0.027216970920562744 0.2635749578475952 0.35760724544525146
v 0.02620711922645569 0.2703247368335724 0.3542957603931427
v 0.031792305409908295 0.2690447270870209 0.36340001225471497
v 0.035270433872938156 0.26796942949295044 0.3486801087856293
v 0.030660318210721016 0.26269906759262085 0.3527929186820984
v 0.03365422040224075 0.27380087971687317 0.3549986481666565
v 0.01886599510908127 0.3380953371524811 0.3341076374053955
v 0.008798833005130291 0.3317488729953766 0.329471617937088
v 0.008472376503050327 0.3373428285121918 0.3313674330711365
v 0.009786434471607208 0.3335549235343933 0.3372383415699005
v 0.021768303588032722 0.33132922649383545 0.33364617824554443
v 0.02071857452392578 0.33467409014701843 0.32681602239608765
v 0.013834165409207344 0.3378274440765381 0.32724928855895996
v 0.012567166239023209 0.34199851751327515 0.33338913321495056
v 0.006856292020529509 0.34045788645744324 0.336448609828949
v 0.017830701544880867 0.3382638394832611 0.3405337929725647
v 0.014804918318986893 0.3478177785873413 0.3450765907764435
v 0.008835065178573132 0.3531351685523987 0.3473764657974243
v 0.00589571101590991 0.35329291224479675 0.3490554094314575
v 0.005798365455120802 0.3541015088558197 0.3522743284702301
v 0.008597558364272118 0.3507107198238373 0.3440815210342407
v 0.008640646003186703 0.3452315926551819 0.33778324723243713
v 0.008593677543103695 0.3481597304344177 0.34101399779319763
v 0.005672077182680368 0.3513925075531006 0.3463478982448578
v 0.008679979480803013 0.3553450107574463 0.35072511434555054
v 0.015050694346427917 0.3444581925868988 0.33906227350234985
v 0.004271355923265219 0.34791216254234314 0.3475433588027954
v 0.004525618627667427 0.3507058024406433 0.35044237971305847
v 0.00667909998446703 0.3392597734928131 0.34182411432266235
v 0.005466741509735584 0.34832125902175903 0.34358930587768555
v 0.005551900714635849 0.34424886107444763 0.3407387435436249
v 0.00871998444199562 0.35640937089920044 0.35438108444213867
v 0.013798041269183159 0.3520428240299225 0.35036054253578186
v 0.01253069844096899 0.3544829785823822 0.354997456073761
v 0.01700674556195736 0.3325318396091461 0.33838382363319397
v 0.010607452131807804 0.34086859226226807 0.3483211100101471
v 0.01291601825505495 0.33655065298080444 0.34361475706100464
v 0.01600032113492489 0.34127312898635864 0.3457987606525421
v 0.014328690245747566 0.3451925814151764 0.3503219187259674
v 0.007881919853389263 0.3459797501564026 0.35195961594581604
v 0.012911394238471985 0.34993377327919006 0.3543838560581207
v 0.0049188099801540375 0.3442491292953491 0.34549716114997864
v 0.007990744896233082 0.35181742906570435 0.35533255338668823
v 0.02905290201306343 0.27469193935394287 0.36001506447792053
v 0.03877880796790123 0.28553465008735657 0.35967981815338135
v 0.037475161254405975 0.2738596200942993 0.3433723449707031
v 0.026781653985381126 0.278100848197937 0.3582301735877991
v 0.02335473895072937 0.27027568221092224 0.3475697338581085
v 0.021212736144661903 0.27093854546546936 0.3399498462677002
v 0.024664677679538727 0.26551103591918945 0.3269276022911072
v 0.01960640773177147 0.2702609598636627 0.33166366815567017
v 0.02762441709637642 0.2738417088985443 0.3562999963760376
v 0.018680861219763756 0.26944804191589355 0.32276350259780884
v 0.03895474970340729 0.27894139289855957 0.3509118854999542
v 0.02488858439028263 0.27625134587287903 0.35216668248176575
v 0.022788943722844124 0.2782594859600067 0.3439843952655792
v 0.01832517236471176 0.2782956063747406 0.32590794563293457
v 0.022427035495638847 0.2994333803653717 0.33825206756591797
v 0.013526677154004574 0.3000051975250244 0.3141438364982605
v 0.02657773345708847 0.3154708445072174 0.3524954319000244
v 0.021100720390677452 0.31836095452308655 0.3383409380912781
v 0.03368987515568733 0.32097360491752625 0.33820414543151855
v 0.03285342454910278 0.323652058839798 0.32928919792175293
v 0.031841158866882324 0.32511666417121887 0.3190711736679077
v 0.017607685178518295 0.3284740149974823 0.3117469847202301
v 0.013068873435258865 0.3276580274105072 0.33318182826042175
v 0.01855820044875145 0.2994298040866852 0.32605382800102234
v 0.01850075088441372 0.2875024378299713 0.3197874426841736
v 0.016552060842514038 0.2756054699420929 0.3109413981437683
v 0.010631352663040161 0.3063338100910187 0.3038405478000641
v 0.015388973988592625 0.3137083053588867 0.2962082326412201
v 0.03804708644747734 0.31474241614341736 0.28746673464775085
v 0.021451149135828018 0.2696278393268585 0.30850106477737427
v 0.03436846286058426 0.2732207775115967 0.3070089817047119
v 0.042423997074365616 0.2822687029838562 0.30869752168655396
v 0.035220254212617874 0.2730565667152405 0.31534603238105774
v 0.047495339065790176 0.2880112826824188 0.29622164368629456
v 0.010525865480303764 0.3281222879886627 0.3172307014465332
v 0.00956693384796381 0.3188047409057617 0.31954288482666016
v 0.014391599223017693 0.3191327452659607 0.3302205801010132
v 0.012870519421994686 0.42205721139907837 -0.03772203251719475
v 0.022627657279372215 0.4158737361431122 -0.0389740876853466
v 0.04794830083847046 0.3810884356498718 -0.10893701016902924
v 0.05633283033967018 0.4054369330406189 -0.12056505680084229
v 0.052081771194934845 0.39580029249191284 -0.11507192999124527
v 0.07915781438350677 0.29408183693885803 0.010670225135982037
v 0.08365069329738617 0.2984588146209717 0.026134483516216278
v 0.09878484904766083 0.2176295667886734 0.023217471316456795
v 0.09407856315374374 0.30150148272514343 0.013464721851050854
v 0.10056784003973007 0.29873839020729065 0.028956184163689613
v 0.12043824046850204 0.2848173975944519 0.025265954434871674
v 0.0684274360537529 0.23484349250793457 0.03342808037996292
v 0.07392103970050812 0.22597351670265198 0.043781403452157974
v 0.08597369492053986 0.21995513141155243 0.023400628939270973
v 0.08133191615343094 0.2251233011484146 0.015155449509620667
v 0.09176055341959 0.2183232307434082 0.013854794204235077
v 0.1105182096362114 0.22422687709331512 0.021817510947585106
v 0.11706677824258804 0.22763383388519287 0.011043595150113106
v 0.11671178042888641 0.25303030014038086 0.03468731418251991
v 0.06758313626050949 0.2607213854789734 0.01659216731786728
v 0.07086130976676941 0.277841717004776 0.010353870689868927
v 0.11211251467466354 0.2898073196411133 0.03482457622885704
v 0.11835740506649017 0.27256977558135986 0.035538237541913986
v 0.0659029632806778 0.24551038444042206 0.02520948275923729
v 0.10025018453598022 0.22450803220272064 0.047161951661109924
v 0.11019882559776306 0.24783143401145935 0.052659112960100174
v 0.08161260187625885 0.23303773999214172 -0.007710991892963648
v 0.08623412251472473 0.22711053490638733 -0.008710579946637154
v 0.08296328783035278 0.22813332080841064 -0.0010242125717923045
v 0.10323476046323776 0.21924521028995514 -0.019163208082318306
v 0.09821908921003342 0.21983203291893005 -0.012497374787926674
v 0.09886209666728973 0.22261661291122437 -0.02502247877418995
v 0.12153813242912292 0.2218441665172577 -0.012472222559154034
v 0.10406700521707535 0.304291307926178 -0.009564947336912155
v 0.0780501440167427 0.25770440697669983 -0.017494333907961845
v 0.08193842321634293 0.2570727467536926 -0.026935769245028496
v 0.07899243384599686 0.2635115385055542 -0.024623846635222435
v 0.11163243651390076 0.21734775602817535 -0.019198425114154816
v 0.10441915690898895 0.21737530827522278 -0.010231786407530308
v 0.07640781253576279 0.2872731685638428 -0.0028052309062331915
v 0.11948660016059875 0.2950843870639801 0.006757759489119053
v 0.1237102746963501 0.28858622908592224 0.015048601664602757
v 0.09536843001842499 0.22273723781108856 -0.017970869317650795
v 0.09220150858163834 0.2272878885269165 -0.02298114076256752
v 0.08886841684579849 0.2273349016904831 -0.015885138884186745
v 0.08905090391635895 0.3006211817264557 -0.003384099807590246
v 0.07329364866018295 0.27322036027908325 -0.004166183061897755
v 0.10723137110471725 0.3012523353099823 0.005238693207502365
v 0.11221799999475479 0.29607197642326355 0.019483773037791252
v 0.08529243618249893 0.2515082359313965 -0.03018787130713463
v 0.0813198909163475 0.2511659264564514 -0.022231826558709145
v 0.08675956726074219 0.2385336309671402 -0.026110198348760605
v 0.07928278297185898 0.2474644035100937 -0.015468846075236797
v 0.10516629368066788 0.2165672481060028 -0.00029693139367736876
v 0.11585921049118042 0.22103963792324066 0.0010139336809515953
v 0.054784566164016724 0.06358327716588974 0.031416427344083786
v 0.08705125749111176 0.08596514910459518 -0.15253108739852905
v 0.042385950684547424 0.09931056201457977 -0.18587370216846466
v 0.1037028506398201 0.0684342309832573 -0.14434374868869781
v 0.11814672499895096 0.081341452896595 -0.08095988631248474
v 0.10171600431203842 0.07650593668222427 -0.026692187413573265
v 0.11519326269626617 0.04803343489766121 -0.038381870836019516
v 0.12176689505577087 0.06663428246974945 -0.09750787913799286
v 0.10721724480390549 0.0775025337934494 -0.13050194084644318
v 0.0692787766456604 0.07012095302343369 -0.17019668221473694
v 0.03169532120227814 0.08295585215091705 -0.18064960837364197
v 0.09837140142917633 0.09472436457872391 -0.14532370865345
v 0.09215240180492401 0.09746258705854416 -0.15702614188194275
v 0.07386482506990433 0.10324790328741074 -0.17816706001758575
v 0.06699672341346741 0.09461069852113724 0.011948448605835438
v 0.07084941864013672 0.10574842244386673 0.0037374887615442276
v 0.11578989773988724 0.08937644958496094 -0.09908968955278397
v 0.03805975988507271 0.09526679664850235 0.02493806555867195
v 0.05288862809538841 0.14268679916858673 -0.19656027853488922
v 0.10442885756492615 0.09226860105991364 -0.13192562758922577
v 0.11087451130151749 0.09258370101451874 -0.11643623560667038
v 0.023550771176815033 0.21985836327075958 0.019962487742304802
v 0.036672443151474 0.22283589839935303 0.010542105883359909
v 0.050368741154670715 0.22341234982013702 0.0036366975400596857
v 0.06097786873579025 0.21549615263938904 0.004985337145626545
v 0.07887716591358185 0.21755100786685944 -0.007566623855382204
v 0.08184376358985901 0.2314290702342987 -0.0222037173807621
v 0.08017546683549881 0.22750267386436462 -0.016899723559617996
v 0.089593306183815 0.21998479962348938 -0.017852850258350372
v 0.0898493304848671 0.22298866510391235 -0.02455286867916584
v 0.09386312961578369 0.22032180428504944 -0.029788242653012276
v 0.09400570392608643 0.21720187366008759 -0.02237476222217083
v 0.09733010083436966 0.21448861062526703 -0.0294395349919796
v 0.1042327880859375 0.20443423092365265 -0.038717884570360184
v 0.09999285638332367 0.2120599001646042 -0.03746167570352554
v 0.10862278938293457 0.19809965789318085 -0.044752150774002075
v 0.11103568971157074 0.19632357358932495 -0.05757058039307594
v 0.11973502486944199 0.1689617782831192 -0.036310069262981415
v 0.11366584897041321 0.17644570767879486 -0.02541140653192997
v 0.10665132105350494 0.18857452273368835 -0.024130264297127724
v 0.10152916610240936 0.1946791410446167 -0.013238347135484219
v 0.05496993660926819 0.1851378232240677 0.027455143630504608
v 0.03979377821087837 0.17856496572494507 0.0329430028796196
v 0.023297524079680443 0.16617444157600403 0.035323817282915115
v 0.017492331564426422 0.2600803077220917 -0.043043944984674454
v 0.03432432562112808 0.1472610980272293 0.030521782115101814
v 0.022090062499046326 0.15165665745735168 0.03267185389995575
v 0.09102639555931091 0.3004605174064636 0.1338440179824829
v 0.042931415140628815 0.24729691445827484 0.13660457730293274
v 0.05468558520078659 0.2399783581495285 0.13985133171081543
v 0.07702262699604034 0.2532441318035126 0.15511837601661682
v 0.09361562877893448 0.2717241942882538 0.13849806785583496
v 0.09423992782831192 0.28570756316185 0.13847076892852783
v 0.07528617978096008 0.30598992109298706 0.1534060537815094
v 0.07570383697748184 0.3063177764415741 0.1314130574464798
v 0.05286947637796402 0.28750506043434143 0.11837288737297058
v 0.06325658410787582 0.3007814884185791 0.1277637928724289
v 0.0401734784245491 0.2588810920715332 0.1306031048297882
v 0.04827205464243889 0.23916152119636536 0.1282825917005539
v 0.06573858857154846 0.24376751482486725 0.14957711100578308
v 0.07101650536060333 0.25165680050849915 0.1717345267534256
v 0.06001019850373268 0.2452135533094406 0.16327816247940063
v 0.04010532796382904 0.2881251871585846 0.15908341109752655
v 0.032232172787189484 0.26563262939453125 0.1765185296535492
v 0.06654375791549683 0.30667561292648315 0.17994655668735504
v 0.08678029477596283 0.27976977825164795 0.1689320057630539
v 0.06681644916534424 0.252529114484787 0.18753552436828613
v 0.0636322945356369 0.30610191822052 0.15856610238552094
v 0.0353335402905941 0.2595561444759369 0.1605449765920639
v 0.07682659476995468 0.2633851170539856 0.18505387008190155
v 0.0907563790678978 0.28400149941444397 0.1539711207151413
v 0.044263806194067 0.29726776480674744 0.17234855890274048
v 0.041044581681489944 0.2528897821903229 0.17668525874614716
v 0.06124292314052582 0.30650463700294495 0.20960427820682526
v 0.030895505100488663 0.26840704679489136 0.19465778768062592
v 0.03732564300298691 0.29275861382484436 0.1852550506591797
v 0.03110969066619873 0.27949589490890503 0.18675458431243896
v 0.07728029787540436 0.2894957959651947 0.1981639266014099
v 0.0673798993229866 0.2678230404853821 0.21743835508823395
v 0.04869861528277397 0.3036409318447113 0.18693436682224274
v 0.0352662093937397 0.2617264688014984 0.2071308195590973
v 0.07021293044090271 0.3022233843803406 0.1998291313648224
v 0.0607459656894207 0.25607576966285706 0.20667681097984314
v 0.039404649287462234 0.25585874915122986 0.190666064620018
v 0.049935925751924515 0.30959567427635193 0.23406073451042175
v 0.02861901745200157 0.2738676071166992 0.23358497023582458
v 0.028762424364686012 0.2838129699230194 0.22097010910511017
v 0.06552554666996002 0.29615023732185364 0.23572112619876862
v 0.07307253032922745 0.28129053115844727 0.21541030704975128
v 0.061838675290346146 0.3050228953361511 0.22448790073394775
v 0.030686214566230774 0.2961958646774292 0.2284209281206131
v 0.042506761848926544 0.25911983847618103 0.22039656341075897
v 0.05018309876322746 0.2622746229171753 0.23310919106006622
v 0.03792654722929001 0.30686789751052856 0.22993457317352295
v 0.0367259755730629 0.2635498344898224 0.23330779373645782
v 0.04893271252512932 0.309550940990448 0.2666350305080414
v 0.039821796119213104 0.310546875 0.2436172515153885
v 0.027484020218253136 0.29178014397621155 0.24858517944812775
v 0.025447197258472443 0.2829742729663849 0.2582138180732727
v 0.042522646486759186 0.2676052749156952 0.2547193169593811
v 0.05212335288524628 0.27407658100128174 0.2607845366001129
v 0.030682189390063286 0.27129048109054565 0.2576330304145813
v 0.054358966648578644 0.29874151945114136 0.27257105708122253
v 0.025323864072561264 0.2984533905982971 0.25953879952430725
v 0.056901488453149796 0.3023664951324463 0.2586381137371063
v 0.0590437613427639 0.2882494330406189 0.2604908347129822
v 0.05451076850295067 0.26990631222724915 0.24714620411396027
v 0.06940089166164398 0.3142590820789337 -0.10753438621759415
v 0.022813860327005386 0.2889409363269806 -0.18790623545646667
v 0.03485308960080147 0.2937750816345215 -0.08091725409030914
v 0.027629386633634567 0.2878473699092865 -0.07447311282157898
v 0.06708766520023346 0.3084174692630768 -0.09425124526023865
v 0.07076454907655716 0.28761351108551025 -0.17683055996894836
v 0.10174668580293655 0.10720294713973999 -0.15583068132400513
v 0.07928390800952911 0.11642321944236755 -0.18114453554153442
v 0.11815040558576584 0.10252158343791962 -0.07615850865840912
v 0.03378027305006981 0.10795509070158005 0.020344797521829605
v 0.02682715281844139 0.11656162142753601 0.016672465950250626
v 0.03875918686389923 0.11585865914821625 0.014083578251302242
v 0.10830652713775635 0.10474029183387756 -0.14141365885734558
v 0.11385150998830795 0.10486701875925064 -0.1252143234014511
v 0.11146440356969833 0.11570734530687332 -0.0441603884100914
v 0.11601243168115616 0.11134841293096542 -0.05868251994252205
v 0.07519648969173431 0.1143709123134613 -0.004300450440496206
v 0.06360431760549545 0.11240412294864655 0.005029838997870684
v 0.0669800192117691 0.11808636784553528 -0.0004162377736065537
v 0.06769714504480362 0.2703750729560852 -0.18661804497241974
v 0.10963230580091476 0.28397029638290405 -0.1589270532131195
v 0.13625264167785645 0.28840240836143494 -0.13219034671783447
v 0.15510587394237518 0.29128187894821167 -0.07300814986228943
v 0.15252940356731415 0.28906258940696716 -0.05409462749958038
v 0.14056344330310822 0.28962287306785583 -0.023921065032482147
v 0.1299542933702469 0.2744975984096527 0.003891486208885908
v 0.12609702348709106 0.2781621217727661 0.014747116714715958
v 0.12706860899925232 0.2626720070838928 0.009984508156776428
v 0.12181832641363144 0.2512662410736084 0.019438600167632103
v 0.12391651421785355 0.2412363886833191 0.00743801798671484
v 0.13505953550338745 0.22373217344284058 -0.04578699171543121
v 0.13338129222393036 0.21398569643497467 -0.07967040687799454
v 0.14180992543697357 0.20816092193126678 -0.11264780163764954
v 0.09978791326284409 0.1504058986902237 -0.16758225858211517
v 0.09613867104053497 0.12494850158691406 -0.16964522004127502
v 0.0901886448264122 0.10628244280815125 -0.16911011934280396
v 0.08079613745212555 0.0952201560139656 -0.16480015218257904
v 0.07276041805744171 0.08306001126766205 -0.16346445679664612
v 0.08179354667663574 0.07615020871162415 -0.15907932817935944
v 0.08144226670265198 0.06564414501190186 -0.1660362035036087
v 0.10592487454414368 0.020847102627158165 -0.16277001798152924
v 0.13461337983608246 -0.002512432401999831 -0.13128501176834106
v 0.14654728770256042 -0.0023436371702700853 -0.09607572108507156
v 0.08477943390607834 -0.014239458367228508 0.009956037625670433
v 0.027573006227612495 -0.0256204791367054 0.041607342660427094
v 0.1425534039735794 -0.013200354762375355 -0.06448165327310562
v 0.04505426809191704 -0.01653752475976944 0.03778861090540886
v 0.11483374238014221 -0.006403862964361906 -0.02528488263487816
v 0.04420620948076248 0.025765448808670044 -0.1799667477607727
v 0.12877340614795685 0.2871816158294678 0.0031707515008747578
v 0.12955889105796814 0.22945734858512878 -0.019880300387740135
v 0.07064547389745712 0.18635624647140503 -0.19526860117912292
v 0.14613579213619232 0.22179874777793884 -0.10319288074970245
v 0.14842914044857025 0.24756653606891632 -0.0596279501914978
v 0.13405251502990723 0.2498302161693573 -0.1410527378320694
v 0.1189521849155426 0.1809372454881668 -0.06739449501037598
v 0.11834264546632767 0.1793103665113449 -0.048713307827711105
v 0.11598372459411621 0.18575099110603333 -0.05922100320458412
v 0.12081391364336014 0.1837947964668274 -0.07598847895860672
v 0.1316801905632019 0.1814965009689331 -0.09032227843999863
v 0.13191471993923187 0.1735605150461197 -0.0998329222202301
v 0.13880285620689392 0.17638230323791504 -0.11244773864746094
v 0.13833902776241302 0.181451678276062 -0.12966522574424744
v 0.13385996222496033 0.1923096925020218 -0.1399308294057846
v 0.13352668285369873 0.22668445110321045 -0.14008374512195587
v 0.09288500994443893 0.2757387161254883 -0.17451833188533783
v 0.08806882053613663 0.294049471616745 -0.16330337524414062
v 0.12294568866491318 0.14869335293769836 -0.049422308802604675
v 0.12769244611263275 0.14807039499282837 -0.07933993637561798
v 0.12479032576084137 0.14262332022190094 -0.06492205709218979
v 0.12770432233810425 0.15806661546230316 -0.08854514360427856
v 0.1280997395515442 0.1465384066104889 -0.09407761693000793
v 0.12342844903469086 0.13831603527069092 -0.12427205592393875
v 0.11735870689153671 0.1595962941646576 -0.14963926374912262
v 0.08674290031194687 0.21152465045452118 -0.18706603348255157
v 0.07197839021682739 0.23552171885967255 -0.19024044275283813
v 0.028395147994160652 0.2615101635456085 -0.1971244364976883
v 0.07820971310138702 0.3085402548313141 -0.15327522158622742
v 0.13432393968105316 0.24382902681827545 -0.021709518507122993
v 0.13442395627498627 0.2750500440597534 -0.00789895560592413
v 0.1411873996257782 0.2750372886657715 -0.02155049704015255
v 0.15313197672367096 0.2570697069168091 -0.07193822413682938
v 0.1411917805671692 0.22202615439891815 -0.06776542961597443
v 0.14335447549819946 0.26171204447746277 -0.0333816297352314
v 0.1397690773010254 0.2467900812625885 -0.03506631776690483
v 0.1420847773551941 0.23720568418502808 -0.04742933809757233
v 0.10150796920061111 0.19741614162921906 -0.17869213223457336
v 0.1491713523864746 0.22854068875312805 -0.08913762867450714
v 0.151050865650177 0.24178557097911835 -0.07631690055131912
v 0.1489795595407486 0.23616774380207062 -0.10586943477392197
v 0.028940487653017044 0.20222726464271545 -0.20626750588417053
v 0.059239793568849564 0.21050360798835754 -0.19834697246551514
v 0.14617919921875 0.23460005223751068 -0.06271132826805115
v 0.13545796275138855 0.23262622952461243 -0.03295835480093956
v 0.08428411185741425 0.2956719398498535 -0.04157394915819168
v 0.10975496470928192 0.31718307733535767 -0.07120837271213531
v 0.13051612675189972 0.3139331042766571 -0.06811545789241791
v 0.14734122157096863 0.30405423045158386 -0.08620946854352951
v 0.15651722252368927 0.2653043866157532 -0.09035452455282211
v 0.09482887387275696 0.3105927109718323 -0.05713927373290062
v 0.13109560310840607 0.31540191173553467 -0.08708084374666214
v 0.10374671220779419 0.31259486079216003 -0.12770594656467438
v 0.08383695036172867 0.3143029808998108 -0.1375848352909088
v 0.062496427446603775 0.31660112738609314 -0.15058235824108124
v 0.05175479128956795 0.3054475486278534 -0.16806311905384064
v 0.061842773109674454 0.23100008070468903 0.09520797431468964
v 0.044049836695194244 0.2566587030887604 0.08265258371829987
v 0.0992068201303482 0.2643537223339081 0.09829919785261154
v 0.06856191903352737 0.293883740901947 0.0889015793800354
v 0.1052808165550232 0.2818005383014679 0.10226672142744064
v 0.08587411791086197 0.2313404381275177 0.08213093131780624
v 0.07254919409751892 0.2313912808895111 0.08874224871397018
v 0.09902504086494446 0.29309436678886414 0.09056184440851212
v 0.08027540147304535 0.23709578812122345 0.09731733053922653
v 0.10114888846874237 0.28414759039878845 0.11417952179908752
v 0.04109833389520645 0.2572627067565918 0.10173683613538742
v 0.08589351922273636 0.30253347754478455 0.1093190535902977
v 0.058227114379405975 0.2318297028541565 0.1086602658033371
v 0.09633796662092209 0.2969605624675751 0.1029026210308075
v 0.047488849610090256 0.23680171370506287 0.11440978944301605
v 0.04950075224041939 0.23439978063106537 0.09878469258546829
v 0.10359672456979752 0.283290833234787 0.10822837799787521
v 0.04801046848297119 0.2764076590538025 0.1076933741569519
v 0.09521200507879257 0.2654055058956146 0.10784777253866196
v 0.15293176472187042 0.24659350514411926 -0.09167314320802689
v 0.099986232817173 0.2375928908586502 -0.17846490442752838
v 0.042701125144958496 0.23254702985286713 -0.20073851943016052
v 0.02351394109427929 0.06249426305294037 -0.17688404023647308
v 0.0026856092736124992 0.025083160027861595 -0.17007657885551453
v 0.02500643953680992 0.09903484582901001 -0.18751215934753418
v 0.025891926139593124 0.14476652443408966 -0.20134328305721283
v 0.005544447340071201 0.17824652791023254 -0.20716221630573273
v 0.07243030518293381 0.19873936474323273 0.012976162135601044
v 0.0809953436255455 0.20188598334789276 0.0055452194064855576
v 0.09799837321043015 0.20555530488491058 -0.014391371048986912
v 0.08281072229146957 0.19093242287635803 0.011985224671661854
v 0.09908141940832138 0.18817874789237976 -0.001328127458691597
v 0.08181619644165039 0.17461195588111877 0.018006090074777603
v 0.06720475852489471 0.1717408448457718 0.026487959548830986
v 0.0909111350774765 0.2379043698310852 -0.032442882657051086
v 0.08429662138223648 0.24542993307113647 -0.025296181440353394
v 0.0880223959684372 0.24460358917713165 -0.031436987221241
v 0.10544079542160034 0.23602904379367828 -0.052405551075935364
v 0.10144759714603424 0.23214508593082428 -0.04444510117173195
v 0.09440197795629501 0.23303258419036865 -0.034357950091362
v 0.09575061500072479 0.2272464781999588 -0.030140286311507225
v 0.0908946543931961 0.23219434916973114 -0.027815580368041992
v 0.00455078948289156 0.33756256103515625 -0.038216374814510345
v 0.005254351068288088 0.31578686833381653 -0.07160481065511703
v 0.012761784717440605 0.30426380038261414 -0.07594888657331467
v 0.019382428377866745 0.1846127212047577 0.03325796127319336
v 0.012788079679012299 0.24841290712356567 -0.029929401353001595
v -0.00924624502658844 0.2601875066757202 -0.04147428274154663
v 0.010770299471914768 0.1565757542848587 0.034538958221673965
v 0.00988134928047657 0.17141449451446533 0.03398674726486206
v 0.023559512570500374 0.14074721932411194 0.026881223544478416
v -0.00028843674226664007 0.15137144923210144 0.031620241701602936
v 0.011229444295167923 0.14477436244487762 0.02821323461830616
v 0.01815614104270935 0.13390661776065826 0.010887657292187214
v 0.014825628139078617 0.13821855187416077 0.019467270001769066
v 0.005893589463084936 0.1384865790605545 0.01759694144129753
v 0.12447315454483032 -0.13572552800178528 -0.13633622229099274
v 0.12310810387134552 -0.0821317732334137 -0.14281190931797028
v 0.08922664821147919 -0.12836644053459167 -0.16723622381687164
v 0.1311008781194687 -0.05635477975010872 -0.13373848795890808
v 0.11795145273208618 -0.05188145115971565 -0.157704696059227
v 0.09516303986310959 -0.1029631495475769 -0.1715443730354309
v 0.0990065410733223 -0.003946865908801556 -0.1702018678188324
v 0.002780887531116605 -0.1481712907552719 -0.16568413376808167
v 0.05348631739616394 -0.12558066844940186 -0.18617767095565796
v 0.07295654714107513 -0.04976922646164894 -0.1934654712677002
v 0.10439226776361465 -0.032831162214279175 -0.1741960495710373
v 0.03902670741081238 -0.15225860476493835 -0.1677800863981247
v 0.05222800746560097 -0.14467628300189972 -0.17486512660980225
v 0.014902481809258461 -0.10628936439752579 -0.19303259253501892
v 0.04967562481760979 -0.06147601455450058 -0.1993725746870041
v 0.055556584149599075 0.002268309937790036 -0.184872567653656
v 0.05913207679986954 0.057112473994493484 -0.17621780931949615
v 0.04200837388634682 0.04860764369368553 -0.17577482759952545
v 0.10874839127063751 -0.2349918633699417 -0.04547174647450447
v 0.0659317597746849 -0.27573904395103455 -0.0508493073284626
v 0.01952276937663555 -0.2764687240123749 -0.08126528561115265
v 0.01607799157500267 -0.263034850358963 -0.08986106514930725
v 0.017514165490865707 -0.23421813547611237 -0.07552554458379745
v 0.014462631195783615 -0.22260746359825134 -0.07083139568567276
v 0.13130871951580048 -0.22377565503120422 -0.08124647289514542
v 0.11120254546403885 -0.27320441603660583 -0.06465474516153336
v 0.011203911155462265 -0.2148931473493576 -0.1264893114566803
v 0.004727001301944256 -0.20903681218624115 -0.11305451393127441
v 0.010797065682709217 -0.22883421182632446 -0.1212504506111145
v 0.020037788897752762 -0.24681474268436432 -0.13494867086410522
v 0.11482085287570953 -0.21880421042442322 -0.14339928328990936
v 0.11243340373039246 -0.2576833665370941 -0.14504897594451904
v 0.13290341198444366 -0.22658100724220276 -0.1012146845459938
v 0.12640467286109924 -0.2662907838821411 -0.10427785664796829
v 0.027955207973718643 -0.23012462258338928 -0.060373835265636444
v 0.023428618907928467 -0.2586054503917694 -0.07680220156908035
v 0.0291177686303854 -0.27281829714775085 -0.06866437941789627
v 0.0440804660320282 -0.23209118843078613 -0.048833250999450684
v 0.043865300714969635 -0.27964991331100464 -0.05832737684249878
v 0.014226557686924934 -0.2708311080932617 -0.11967133730649948
v 0.019682355225086212 -0.2636902332305908 -0.1328929364681244
v 0.0064058685675263405 -0.22498159110546112 -0.09920691698789597
v 0.0054092369973659515 -0.21805734932422638 -0.09065837413072586
v 0.009903527796268463 -0.22865456342697144 -0.0856618657708168
v 0.04001576080918312 -0.21256917715072632 -0.15361309051513672
v 0.04979106783866882 -0.26580509543418884 -0.16021575033664703
v 0.06416922062635422 -0.20894606411457062 -0.15882200002670288
v 0.09373789280653 -0.25897982716560364 -0.1588822901248932
v 0.13032175600528717 -0.21561267971992493 -0.12334674596786499
v 0.12414108961820602 -0.26166561245918274 -0.1263616532087326
v 0.022126801311969757 -0.21508939564228058 -0.1415460705757141
v 0.014309721998870373 -0.2021433711051941 -0.13239501416683197
v 0.03030252642929554 -0.2567095458507538 -0.14768008887767792
v 0.02801530435681343 -0.45471450686454773 -0.16330672800540924
v 0.05812229588627815 -0.4730982184410095 -0.20303875207901
v 0.12852133810520172 -0.460429310798645 -0.1507609635591507
v 0.11557524651288986 -0.48905783891677856 -0.1321398913860321
v 0.0996723622083664 -0.49406808614730835 -0.12311048060655594
v 0.028824390843510628 -0.47001609206199646 -0.15269950032234192
v 0.03294064849615097 -0.4573102295398712 -0.14054150879383087
v 0.060577914118766785 -0.5030568242073059 -0.12549257278442383
v 0.0786099061369896 -0.4949171841144562 -0.12182462215423584
v 0.05717729404568672 -0.4951809048652649 -0.20263011753559113
v 0.09078489989042282 -0.45256495475769043 -0.2032681107521057
v 0.11888410151004791 -0.48129546642303467 -0.18821744620800018
v 0.12616369128227234 -0.4767616391181946 -0.14621298015117645
v 0.11978147178888321 -0.45485687255859375 -0.12804637849330902
v 0.04107082262635231 -0.48860812187194824 -0.1917601078748703
v 0.10753129422664642 -0.4476926028728485 -0.11426030099391937
v 0.0299537293612957 -0.44166406989097595 -0.15003596246242523
v 0.04241081327199936 -0.4305451810359955 -0.18488207459449768
v 0.12329825758934021 -0.42183834314346313 -0.1640186905860901
v 0.036956753581762314 -0.4188538193702698 -0.1301361471414566
v 0.07402834296226501 -0.4350166618824005 -0.10947390645742416
v 0.08919449150562286 -0.45288604497909546 -0.11124853044748306
v 0.12066008150577545 -0.4179171621799469 -0.1360217183828354
v 0.1256221979856491 -0.43020060658454895 -0.15096139907836914
v 0.12055200338363647 -0.4359528124332428 -0.17800360918045044
v 0.093817338347435 -0.41657429933547974 -0.18845005333423615
v 0.05671526491641998 -0.44491589069366455 -0.11715498566627502
v 0.061339471489191055 -0.4313209056854248 -0.1949603110551834
v 0.03194688260555267 -0.40718621015548706 -0.14866967499256134
v 0.08061930537223816 -0.5369806289672852 -0.12915542721748352
v 0.031138107180595398 -0.509354829788208 -0.16194753348827362
v 0.057587895542383194 -0.5533915162086487 -0.19575874507427216
v 0.11849236488342285 -0.520824670791626 -0.17812828719615936
v 0.12413422018289566 -0.5012075304985046 -0.17056845128536224
v 0.10687753558158875 -0.5180109739303589 -0.13408681750297546
v 0.0431177094578743 -0.5148444771766663 -0.13633625209331512
v 0.033455248922109604 -0.5033472180366516 -0.14704665541648865
v 0.044772710651159286 -0.5428913235664368 -0.14103928208351135
v 0.06959908455610275 -0.5197400450706482 -0.1266905963420868
v 0.06307478994131088 -0.5162649154663086 -0.2031010389328003
v 0.08396781235933304 -0.5182527303695679 -0.20590059459209442
v 0.1082468256354332 -0.5391811728477478 -0.1884026676416397
v 0.1198270246386528 -0.518058717250824 -0.15503503382205963
v 0.11654935032129288 -0.5047783255577087 -0.13988879323005676
v 0.041449688374996185 -0.542931079864502 -0.18248330056667328
v 0.04396567493677139 -0.13068224489688873 -0.02185988985002041
v 0.03816298395395279 -0.12266312539577484 -0.020924298092722893
v -0.0014478249941021204 -0.16690482199192047 -0.07951870560646057
v 0.14375855028629303 -0.082839235663414 -0.06889664381742477
v 0.018822109326720238 -0.15039366483688354 -0.037958595901727676
v 0.018226031213998795 -0.1566619575023651 -0.039082933217287064
v 0.013332021422684193 -0.15815888345241547 -0.0442742183804512
v 0.009141028858721256 -0.15939687192440033 -0.048830874264240265
v 0.1399858593940735 -0.101189024746418 -0.10578588396310806
v 0.13533693552017212 -0.09651172161102295 -0.05196323245763779
v 0.09265637397766113 -0.1423628330230713 -0.02529318816959858
v 0.07391121238470078 -0.12866783142089844 -0.0202777162194252
v 0.0005561378784477711 -0.16185811161994934 -0.06423920392990112
v 0.02280854806303978 -0.145920991897583 -0.03418531268835068
v 0.026382243260741234 -0.15167276561260223 -0.03263775631785393
v 0.0346977673470974 -0.14857928454875946 -0.027527350932359695
v 0.12782736122608185 -0.10374286025762558 -0.12962409853935242
v 0.10738623887300491 -0.08287709951400757 -0.1639506071805954
v 0.047351300716400146 -0.10300827026367188 -0.19488470256328583
v -0.011440873146057129 -0.12781493365764618 -0.18128857016563416
v 0.028998535126447678 -0.12225357443094254 -0.0159554835408926
v 0.01792425662279129 -0.1299380362033844 -0.015740081667900085
v -0.0034269075840711594 -0.11120627075433731 0.004096169490367174
v 0.014140854589641094 -0.16901765763759613 -0.12605451047420502
v 0.022909611463546753 -0.16572585701942444 -0.14209024608135223
v 0.0023930463939905167 -0.12744611501693726 -0.007915204390883446
v 0.08033882081508636 0.012531742453575134 -0.17581331729888916
v 0.1447354108095169 -0.013163723051548004 -0.08370628207921982
v 0.07316133379936218 -0.026712097227573395 0.021609455347061157
v 0.015140877105295658 -0.044384460896253586 0.03801519796252251
v 0.1350376009941101 -0.029180195182561874 -0.057773858308792114
v 0.038612063974142075 -0.045565519481897354 0.032426804304122925
v 0.12379082292318344 -0.02030332013964653 -0.030053874477744102
v 0.09319835901260376 0.07058091461658478 -0.1535779982805252
v 0.04155508428812027 0.0684100016951561 -0.17971636354923248
v 0.12192468345165253 0.06343500316143036 -0.06934823840856552
v 0.032378409057855606 0.05801781639456749 0.0414365716278553
v 0.10360399633646011 0.053304094821214676 -0.023644842207431793
v 0.11686266213655472 0.0650884285569191 -0.12564824521541595
v 0.04886575788259506 0.04595566540956497 0.04019099101424217
v 0.11441455036401749 0.0585339218378067 -0.1400890201330185
v 0.12853889167308807 0.054999738931655884 -0.11270439624786377
v 0.046886932104825974 0.0850895419716835 -0.1773293912410736
v 0.012577793560922146 0.0803690105676651 -0.17994114756584167
v 0.09274998307228088 0.05748031288385391 -0.16284333169460297
v -0.006853425409644842 -0.03983228653669357 -0.1999601125717163
v 0.13071954250335693 -0.028329109773039818 -0.1393449604511261
v 0.14128705859184265 -0.03306400775909424 -0.09276466071605682
v 0.13988888263702393 -0.02696126513183117 -0.07433264702558517
v 0.12506012618541718 -0.03466803580522537 -0.03998845815658569
v 0.09765782952308655 -0.02562134899199009 -0.003089705714955926
v 0.06437190622091293 -0.04913655295968056 0.01999710686504841
v 0.027145594358444214 -0.06568972766399384 0.028389301151037216
v 0.0240312609821558 -0.04381721839308739 -0.2004506140947342
v 0.047198209911584854 -0.02387993596494198 -0.19562576711177826
v -0.003593055298551917 0.47445788979530334 -0.05270172283053398
v -0.0062948307022452354 0.41019299626350403 -0.023478804156184196
v 0.01705142855644226 0.376020222902298 -0.1564461588859558
v 0.006702710874378681 0.4214031994342804 -0.17223720252513885
v 0.015514119528234005 0.49456533789634705 -0.13027963042259216
v -0.0033529552165418863 0.43271559476852417 -0.0338783860206604
v 5.903134479012806e-06 0.4234389066696167 -0.03516748920083046
v 0.0012314640916883945 0.3443177044391632 -0.029460391029715538
v -0.0020782321225851774 -0.1638960987329483 -0.07534429430961609
v 0.015146643854677677 0.29186660051345825 -0.07506086677312851
v 0.0064200134947896 0.2692156136035919 -0.054083600640296936
v 0.04267651587724686 -0.604710578918457 -0.16262273490428925
v 0.05095580592751503 -0.5889885425567627 -0.18841752409934998
v 0.07247088849544525 -0.6074486374855042 -0.1929600089788437
v 0.08713195472955704 -0.5748316049575806 -0.19582246243953705
v 0.09514764696359634 -0.6131646037101746 -0.16563527286052704
v 0.09344611316919327 -0.6129432916641235 -0.14714455604553223
v 0.09538088738918304 -0.595374345779419 -0.14559203386306763
v 0.04631009325385094 -0.6142760515213013 -0.15161707997322083
v 0.06071553751826286 -0.6177422404289246 -0.19157861173152924
v 0.04524032399058342 -0.607128381729126 -0.1793675273656845
v 0.04503371939063072 -0.6288793087005615 -0.1546076238155365
v 0.04881180822849274 -0.6213982701301575 -0.183815598487854
v 0.04911840707063675 -0.6343474984169006 -0.18471001088619232
v 0.06942345201969147 -0.6380001306533813 -0.18984675407409668
v 0.08176400512456894 -0.6334092617034912 -0.18229688704013824
v 0.09076511859893799 -0.6281110644340515 -0.17207121849060059
v 0.09384346753358841 -0.6267482042312622 -0.15531033277511597
v 0.054097287356853485 -0.6172887682914734 -0.1385653018951416
v 0.047994472086429596 -0.6376309394836426 -0.141337588429451
v 0.059939656406641006 -0.6305227279663086 -0.1916072815656662
v 0.04472436383366585 -0.635858952999115 -0.17123597860336304
v 0.09315130114555359 -0.7130317091941833 -0.01998230628669262
v 0.11464893817901611 -0.71407151222229 -0.030260952189564705
v 0.13420803844928741 -0.7112265825271606 -0.06693848967552185
v 0.09178613871335983 -0.7069634795188904 -0.02389206923544407
v 0.08844708651304245 -0.7049420475959778 -0.0296031441539526
v 0.0841958299279213 -0.7102500796318054 -0.0286400243639946
v 0.08090316504240036 -0.7090917825698853 -0.03516172245144844
v 0.08557654917240143 -0.7152087688446045 -0.03557604178786278
v 0.10016627609729767 -0.7113041877746582 -0.02728763036429882
v 0.0964505672454834 -0.7066311240196228 -0.029536228626966476
v 0.09631702303886414 -0.7088175415992737 -0.0351945124566555
v 0.1131434515118599 -0.7095071077346802 -0.033252421766519547
v 0.10752533376216888 -0.7085341215133667 -0.03218252956867218
v 0.11066727340221405 -0.7074212431907654 -0.03674991801381111
v 0.10308899730443954 -0.712148129940033 -0.033202607184648514
v 0.10439835488796234 -0.7161209583282471 -0.036042239516973495
v 0.111640565097332 -0.7170975804328918 -0.036207299679517746
v 0.11365484446287155 -0.7051634788513184 -0.04743042588233948
v 0.11808403581380844 -0.7177395820617676 -0.04458165168762207
v 0.11963055282831192 -0.7156122922897339 -0.04993317648768425
v 0.12292207777500153 -0.7107117176055908 -0.0479130893945694
v 0.1308683156967163 -0.710453987121582 -0.061942264437675476
v 0.1298391968011856 -0.7064720392227173 -0.06350918859243393
v 0.1252547800540924 -0.7043971419334412 -0.05947446823120117
v 0.1249571219086647 -0.7152320146560669 -0.05609583482146263
v 0.12419866770505905 -0.7148540019989014 -0.06098717823624611
v 0.1289512813091278 -0.7160921692848206 -0.05942326784133911
v 0.13319025933742523 -0.7042099237442017 -0.07181939482688904
v 0.13156986236572266 -0.7141462564468384 -0.07126549631357193
v 0.09775912761688232 -0.7098149657249451 -0.01965993084013462
v 0.09791471809148788 -0.7074394822120667 -0.024049583822488785
v 0.08931053429841995 -0.7013337016105652 -0.03923751041293144
v 0.09294779598712921 -0.7161028385162354 -0.02426505833864212
v 0.08852606266736984 -0.7116284370422363 -0.02315087802708149
v 0.08214722573757172 -0.699967086315155 -0.04182929918169975
v 0.088081493973732 -0.7158174514770508 -0.028830382972955704
v 0.08142697811126709 -0.7130433917045593 -0.04212646931409836
v 0.0987192764878273 -0.7130917310714722 -0.02222774550318718
v 0.09135076403617859 -0.7157018184661865 -0.04015355184674263
v 0.09663954377174377 -0.7118380069732666 -0.04033246636390686
v 0.10904195159673691 -0.7156473398208618 -0.040610868483781815
v 0.10776392370462418 -0.7146650552749634 -0.05097077414393425
v 0.11215496808290482 -0.7111759781837463 -0.029273442924022675
v 0.10089457035064697 -0.7008615732192993 -0.046826839447021484
v 0.10789033770561218 -0.7054407596588135 -0.03991762548685074
v 0.10920726507902145 -0.7173775434494019 -0.031845320016145706
v 0.09669569134712219 -0.7076612114906311 -0.04052674025297165
v 0.09522522240877151 -0.7030630111694336 -0.04261375963687897
v 0.10112182796001434 -0.7041075229644775 -0.04032675549387932
v 0.1068650409579277 -0.7152043581008911 -0.04512631893157959
v 0.10037748515605927 -0.7157295346260071 -0.04868347942829132
v 0.10137618333101273 -0.7153987288475037 -0.05608918145298958
v 0.1141483336687088 -0.6991903185844421 -0.06166601553559303
v 0.11402928084135056 -0.7017872333526611 -0.05410974845290184
v 0.1178474873304367 -0.7155885100364685 -0.04017083719372749
v 0.10907206684350967 -0.7075902223587036 -0.04758612811565399
v 0.10970868915319443 -0.7117119431495667 -0.04719335585832596
v 0.1215246394276619 -0.7173622250556946 -0.0403720922768116
v 0.11406074464321136 -0.7150843739509583 -0.060663171112537384
v 0.11355234682559967 -0.7155591249465942 -0.0539502389729023
v 0.12262699753046036 -0.7110093832015991 -0.04094972833991051
v 0.11908316612243652 -0.7143449783325195 -0.055734723806381226
v 0.11947844177484512 -0.714191734790802 -0.062073785811662674
v 0.13143672049045563 -0.7124555110931396 -0.05654827132821083
v 0.1286020129919052 -0.713287889957428 -0.07437863945960999
v 0.1277816891670227 -0.7074211239814758 -0.055987194180488586
v 0.12025673687458038 -0.7024396061897278 -0.06081269681453705
v 0.12496566772460938 -0.7112129926681519 -0.05299350246787071
v 0.1208571121096611 -0.7054322361946106 -0.05754989758133888
v 0.12943774461746216 -0.7165202498435974 -0.054302990436553955
v 0.11506225913763046 -0.7147091627120972 -0.0676889643073082
v 0.1217062771320343 -0.7145754098892212 -0.0679791122674942
v 0.13717925548553467 -0.7089961171150208 -0.07386181503534317
v 0.13110753893852234 -0.7133910059928894 -0.0800037756562233
v 0.1340349018573761 -0.703100323677063 -0.07696298509836197
v 0.13061000406742096 -0.7096400260925293 -0.06734493374824524
v 0.13319112360477448 -0.7139925956726074 -0.0681091845035553
v 0.126169815659523 -0.7139883637428284 -0.07809179276227951
v 0.12156156450510025 -0.7135138511657715 -0.038780175149440765
v 0.11110180616378784 -0.7152469754219055 -0.02893342263996601
v 0.12870541214942932 -0.7125945091247559 -0.051427051424980164
v 0.08379348367452621 -0.7032589912414551 -0.03526556119322777
v 0.09290945529937744 -0.7165966629981995 -0.03436482325196266
v 0.09859263896942139 -0.7116332054138184 -0.0319996252655983
v 0.11260098218917847 -0.7115296125411987 -0.03863386809825897
v 0.11486640572547913 -0.7134367823600769 -0.03473338857293129
v 0.10027874261140823 -0.7116228938102722 -0.03734345734119415
v 0.10313787311315536 -0.707001268863678 -0.036309342831373215
v 0.11408548057079315 -0.7098795175552368 -0.04476150870323181
v 0.11853247880935669 -0.7073633074760437 -0.04519231244921684
v 0.11464446038007736 -0.7142992615699768 -0.043135594576597214
v 0.12159804999828339 -0.7107117176055908 -0.052492957562208176
v 0.12802471220493317 -0.7140277028083801 -0.06503217667341232
v 0.12239868193864822 -0.7086930871009827 -0.056181684136390686
v 0.13421425223350525 -0.7137963175773621 -0.07512971758842468
v 0.09384635090827942 -0.7089356184005737 -0.019390178844332695
v 0.07783298194408417 -0.7060936689376831 -0.04233492538332939
v 0.09622179716825485 -0.7159490585327148 -0.02957068383693695
v 0.09348979592323303 -0.704249918460846 -0.03522278368473053
v 0.09655094146728516 -0.7131223678588867 -0.03594188392162323
v 0.11305981874465942 -0.7172378897666931 -0.031948305666446686
v 0.1080814003944397 -0.7026585340499878 -0.04945487901568413
v 0.10701382905244827 -0.703902006149292 -0.0442720428109169
v 0.11014166474342346 -0.7098200917243958 -0.04275421053171158
v 0.10719209164381027 -0.7135555148124695 -0.029758211225271225
v 0.10118388384580612 -0.7154228091239929 -0.04122094437479973
v 0.11823659390211105 -0.7106717824935913 -0.04140325263142586
v 0.11289194971323013 -0.7149903774261475 -0.0473441407084465
v 0.12379895150661469 -0.7149099707603455 -0.044323235750198364
v 0.12001402676105499 -0.705640435218811 -0.051566269248723984
v 0.12737299501895905 -0.7157370448112488 -0.052203260362148285
v 0.1288820505142212 -0.7021183371543884 -0.07279776781797409
v 0.1269148588180542 -0.7025831341743469 -0.0664229542016983
v 0.1213901937007904 -0.7112676501274109 -0.05865991488099098
v 0.13556616008281708 -0.7139928340911865 -0.07002194970846176
v 0.1353665292263031 -0.7084401249885559 -0.08178704231977463
v 0.1345081478357315 -0.7071632146835327 -0.06877469271421432
v 0.0521959625184536 -0.5991299152374268 -0.1435575932264328
v 0.06652941554784775 -0.5935248136520386 -0.13573434948921204
v 0.08284037560224533 -0.6053621172904968 -0.1364673376083374
v 0.04196503013372421 -0.5758675932884216 -0.1774693727493286
v 0.05577314645051956 -0.6046323180198669 -0.19067202508449554
v 0.08342212438583374 -0.5951550602912903 -0.19227708876132965
v 0.08558022975921631 -0.6135429739952087 -0.18321460485458374
v 0.09409677237272263 -0.6002705097198486 -0.1772591918706894
v 0.10186021029949188 -0.5843505263328552 -0.16986384987831116
v 0.09930231422185898 -0.5981753468513489 -0.16019681096076965
v 0.042362410575151443 -0.5882097482681274 -0.15657465159893036
v 0.0670553520321846 -0.5906623601913452 -0.19589249789714813
v 0.04948481544852257 -0.5791423916816711 -0.14414337277412415
v 0.06781512498855591 -0.610041081905365 -0.13380607962608337
v 0.08332160860300064 -0.5898816585540771 -0.13636261224746704
v 0.06859574466943741 -0.6241667866706848 -0.13078847527503967
v 0.0563468299806118 -0.6305885910987854 -0.13312453031539917
v 0.08055810630321503 -0.6320240497589111 -0.1316653937101364
v 0.07016870379447937 -0.6385626792907715 -0.12676696479320526
v 0.08902602642774582 -0.647807776927948 -0.1741824746131897
v 0.07953936606645584 -0.6585499048233032 -0.1846800297498703
v 0.06818608194589615 -0.6517720222473145 -0.19143417477607727
v 0.056411225348711014 -0.654436469078064 -0.12390990555286407
v 0.07232137024402618 -0.6510380506515503 -0.1208622008562088
v 0.057805996388196945 -0.6426720023155212 -0.12791016697883606
v 0.08402478694915771 -0.6466383337974548 -0.13025961816310883
v 0.09002954512834549 -0.6334229111671448 -0.14276772737503052
v 0.08289869129657745 -0.6196781992912292 -0.13579240441322327
v 0.07496327906847 -0.6935803890228271 -0.058261603116989136
v 0.08738058060407639 -0.687501847743988 -0.06493261456489563
v 0.0927225798368454 -0.6824983954429626 -0.07627304643392563
v 0.10721366852521896 -0.687821090221405 -0.08081082999706268
v 0.10092679411172867 -0.6883249282836914 -0.07097899168729782
v 0.11726179718971252 -0.6918985247612 -0.08638691157102585
v 0.11510226130485535 -0.6940261721611023 -0.07557281106710434
v 0.12015741318464279 -0.6926243901252747 -0.09822201728820801
v 0.1261623203754425 -0.6992077827453613 -0.10408923774957657
v 0.1292223185300827 -0.6994402408599854 -0.09539131075143814
v 0.06852886080741882 -0.7015883326530457 -0.06489761173725128
v 0.07309175282716751 -0.7039327025413513 -0.05236251652240753
v 0.07348884642124176 -0.7106267809867859 -0.06038469821214676
v 0.07910066097974777 -0.7132114171981812 -0.06850763410329819
v 0.1273142546415329 -0.7061048746109009 -0.10732418298721313
v 0.12420932948589325 -0.7023085355758667 -0.11297432333230972
v 0.08148324489593506 -0.7132900357246399 -0.07964731007814407
v 0.09257286787033081 -0.7141810655593872 -0.07549093663692474
v 0.11164399236440659 -0.7139431834220886 -0.09060642868280411
v 0.11940911412239075 -0.7138349413871765 -0.096835657954216
v 0.12557247281074524 -0.711945116519928 -0.10264161974191666
v 0.12873747944831848 -0.7126221656799316 -0.09389831870794296
v 0.08733859658241272 -0.6749952435493469 -0.08903629332780838
v 0.07987222075462341 -0.6810067296028137 -0.07723523676395416
v 0.09955351054668427 -0.6806980967521667 -0.08766262978315353
v 0.1018156185746193 -0.6787814497947693 -0.10039512813091278
v 0.11027402430772781 -0.686166524887085 -0.09398964792490005
v 0.11539611220359802 -0.6930963397026062 -0.11912944912910461
v 0.11202887445688248 -0.686735212802887 -0.10725855082273483
v 0.12025738507509232 -0.7006425261497498 -0.11947238445281982
v 0.1200515478849411 -0.6946055889129639 -0.11014946550130844
v 0.10333202034235 -0.6815627813339233 -0.13028158247470856
v 0.10798840969800949 -0.684516191482544 -0.11903087794780731
v 0.11009097844362259 -0.6991809010505676 -0.13674908876419067
v 0.11026151478290558 -0.6912797093391418 -0.1291949301958084
v 0.10132995992898941 -0.6947264671325684 -0.1515512615442276
v 0.10565483570098877 -0.7002036571502686 -0.14450609683990479
v 0.08750628679990768 -0.694290280342102 -0.18149875104427338
v 0.09607438743114471 -0.6897296905517578 -0.16162024438381195
v 0.09265700727701187 -0.6974825859069824 -0.1723111867904663
v 0.0988718569278717 -0.682043731212616 -0.150435209274292
v 0.1046237125992775 -0.6898688673973083 -0.14048852026462555
v 0.09077178686857224 -0.6853183507919312 -0.17201359570026398
v 0.08517538011074066 -0.6821807622909546 -0.18147486448287964
v 0.06736980378627777 -0.6875258684158325 -0.19932633638381958
v 0.06796961277723312 -0.6979843974113464 -0.19881923496723175
v 0.05369865521788597 -0.685620129108429 -0.20031972229480743
v 0.054747410118579865 -0.6971720457077026 -0.19892311096191406
v 0.07470325380563736 -0.6776825785636902 -0.19261948764324188
v 0.06448153406381607 -0.6745414137840271 -0.1975736767053604
v 0.054678693413734436 -0.673133134841919 -0.1979352980852127
v 0.04683767631649971 -0.6783494353294373 -0.1921645849943161
v 0.042275309562683105 -0.6851924657821655 -0.1742800623178482
v 0.04431844502687454 -0.6757726669311523 -0.1815488189458847
v 0.0438021756708622 -0.6883032321929932 -0.1886075884103775
v 0.06861694157123566 -0.6866832971572876 -0.07894302904605865
v 0.07332155108451843 -0.6891127228736877 -0.06784629821777344
v 0.0653851330280304 -0.6981905698776245 -0.07664762437343597
v 0.1005575954914093 -0.675977885723114 -0.11288774013519287
v 0.09618660062551498 -0.6708532571792603 -0.12435340136289597
v 0.09031574428081512 -0.6691530346870422 -0.10505274683237076
v 0.0771113783121109 -0.6694748997688293 -0.09794824570417404
v 0.06934230029582977 -0.678694486618042 -0.08941128104925156
v 0.0642041265964508 -0.6725932955741882 -0.10243091732263565
v 0.06274952739477158 -0.6924979090690613 -0.08923806250095367
v 0.05899577960371971 -0.6861896514892578 -0.10020964592695236
v 0.05520717054605484 -0.6937302350997925 -0.11312970519065857
v 0.07013045996427536 -0.7092036604881287 -0.07574336975812912
v 0.06172584369778633 -0.7015506625175476 -0.10080704092979431
v 0.056546106934547424 -0.701209545135498 -0.12753146886825562
v 0.04559691995382309 -0.6944523453712463 -0.1532035768032074
v 0.0427737720310688 -0.6953436136245728 -0.16647684574127197
v 0.0454922653734684 -0.6801095604896545 -0.14561711251735687
v 0.04919544234871864 -0.6843439936637878 -0.12740452587604523
v 0.0523364320397377 -0.6689092516899109 -0.12304601818323135
v 0.054891686886548996 -0.6788867115974426 -0.11275926977396011
v 0.12143386155366898 -0.7097727060317993 -0.11409013718366623
v 0.11839959025382996 -0.7077168226242065 -0.12188641726970673
v 0.11556293070316315 -0.7007327079772949 -0.12791571021080017
v 0.11117144674062729 -0.7071436047554016 -0.13365614414215088
v 0.09975036233663559 -0.7039649486541748 -0.15429572761058807
v 0.09670522809028625 -0.6994754076004028 -0.16284377872943878
v 0.08839152008295059 -0.7059251070022583 -0.1735166758298874
v 0.08466839790344238 -0.7029399871826172 -0.18431773781776428
v 0.07748304307460785 -0.7002789974212646 -0.19307632744312286
v 0.06054607033729553 -0.7046306133270264 -0.19651691615581512
v 0.04583638533949852 -0.6984675526618958 -0.1912878453731537
v 0.04187782108783722 -0.697254478931427 -0.1790940910577774
v 0.04682766646146774 -0.7057654857635498 -0.17221149802207947
v 0.04812953621149063 -0.6941373348236084 -0.13931985199451447
v 0.08652349561452866 -0.6599267721176147 -0.12060623615980148
v 0.07666430622339249 -0.6614212393760681 -0.11094697564840317
v 0.0626492127776146 -0.6622121930122375 -0.11398083716630936
v 0.04732634499669075 -0.6671292781829834 -0.13609498739242554
v 0.044210199266672134 -0.6624783277511597 -0.15289880335330963
v 0.04545171931385994 -0.6614080667495728 -0.17970982193946838
v 0.050290435552597046 -0.6547620296478271 -0.1887422800064087
v 0.0486515536904335 -0.6664405465126038 -0.1902260184288025
v 0.06926308572292328 -0.663922131061554 -0.19284504652023315
v 0.05771918594837189 -0.6627916693687439 -0.19533710181713104
v 0.08982116729021072 -0.6647914052009583 -0.17196008563041687
v 0.07666061073541641 -0.7111783623695374 -0.09176167845726013
v 0.0662669911980629 -0.7055690884590149 -0.08841139823198318
v 0.0864509716629982 -0.7116054892539978 -0.10260280966758728
v 0.09019246697425842 -0.7129473090171814 -0.08860796689987183
v 0.09986230731010437 -0.712824821472168 -0.0966549664735794
v 0.10842505097389221 -0.712350606918335 -0.11148503422737122
v 0.11743755638599396 -0.7126554250717163 -0.10750199854373932
v 0.10999827086925507 -0.7130868434906006 -0.10172893851995468
v 0.11227913200855255 -0.7097837924957275 -0.1263667643070221
v 0.11276856064796448 -0.7116044759750366 -0.11780276149511337
v 0.10447234660387039 -0.7107456922531128 -0.13089874386787415
v 0.10526656359434128 -0.7083471417427063 -0.13952204585075378
v 0.10343614220619202 -0.7115012407302856 -0.12134288996458054
v 0.09619729965925217 -0.7108805179595947 -0.13073411583900452
v 0.09757442772388458 -0.7119061946868896 -0.10981268435716629
v 0.0739666149020195 -0.7094634771347046 -0.10631575435400009
v 0.08851943910121918 -0.7109721899032593 -0.11902079731225967
v 0.06334907561540604 -0.704555332660675 -0.11419655382633209
v 0.1016262024641037 -0.7076354622840881 -0.1467684805393219
v 0.09504048526287079 -0.7104873061180115 -0.14088749885559082
v 0.09209511429071426 -0.709893524646759 -0.15114417672157288
v 0.0819355770945549 -0.7102732062339783 -0.14539876580238342
v 0.08406466245651245 -0.7103878259658813 -0.13307036459445953
v 0.07358124107122421 -0.7087582349777222 -0.12242185324430466
v 0.054220400750637054 -0.7045913338661194 -0.14634284377098083
v 0.06728411465883255 -0.7080729603767395 -0.13703089952468872
v 0.06886527687311172 -0.7092629075050354 -0.15116044878959656
v 0.08159080147743225 -0.710133969783783 -0.15860246121883392
v 0.09137193113565445 -0.7078720331192017 -0.16275911033153534
v 0.07945623993873596 -0.7094812989234924 -0.1712045520544052
v 0.07806432247161865 -0.7089056372642517 -0.18159817159175873
v 0.06994421780109406 -0.7095394730567932 -0.16496600210666656
v 0.05866789072751999 -0.7082276344299316 -0.15844352543354034
v 0.0723877027630806 -0.7081479430198669 -0.18917304277420044
v 0.05317351967096329 -0.7063275575637817 -0.19201381504535675
v 0.046500686556100845 -0.7055131793022156 -0.18414175510406494
v 0.0676104798913002 -0.7091638445854187 -0.1788090616464615
v 0.055289119482040405 -0.7082861065864563 -0.18109790980815887
v 0.07793005555868149 -0.7117765545845032 -0.050255678594112396
v 0.08696401119232178 -0.7145589590072632 -0.04822578281164169
v 0.08333388715982437 -0.7140348553657532 -0.05697174742817879
v 0.09933000057935715 -0.714976966381073 -0.06408107280731201
v 0.09030678868293762 -0.7148180603981018 -0.06440433859825134
v 0.09431632608175278 -0.7144502997398376 -0.044890936464071274
v 0.09375700354576111 -0.7151913046836853 -0.055598191916942596
v 0.10274085402488708 -0.7139135599136353 -0.0835498496890068
v 0.11070188879966736 -0.7145581841468811 -0.07415104657411575
v 0.1031518504023552 -0.7145290970802307 -0.072191521525383
v 0.10800696164369583 -0.7148362398147583 -0.06590339541435242
v 0.10773434489965439 -0.715310275554657 -0.05867142230272293
v 0.11619317531585693 -0.7143917083740234 -0.08140435814857483
v 0.12159106880426407 -0.7144165635108948 -0.0863727480173111
v 0.12139474600553513 -0.7142049670219421 -0.07927442342042923
v 0.11798987537622452 -0.714466392993927 -0.07422702014446259
v 0.12334092706441879 -0.7142053842544556 -0.07352208346128464
v 0.13123968243598938 -0.7126682996749878 -0.08644183725118637
v 0.12594173848628998 -0.7140812277793884 -0.08333493024110794
v 0.1309525966644287 -0.7058485150337219 -0.09951109439134598
v 0.13333089649677277 -0.7062840461730957 -0.0907973051071167
v 0.13217315077781677 -0.7012205719947815 -0.0838870257139206
v 0.1258176565170288 -0.6965756416320801 -0.08827075362205505
v 0.12036038935184479 -0.6987253427505493 -0.06965403258800507
v 0.12429465353488922 -0.6975583434104919 -0.07849441468715668
v 0.10759873688220978 -0.6980093121528625 -0.05739065259695053
v 0.09945618361234665 -0.6928196549415588 -0.06113634258508682
v 0.10946456342935562 -0.6945385932922363 -0.06728353351354599
v 0.10286949574947357 -0.6982444524765015 -0.05309215560555458
v 0.09473192691802979 -0.6958077549934387 -0.05294247344136238
v 0.08522921800613403 -0.6924474835395813 -0.05494587868452072
v 0.08823519945144653 -0.6974624991416931 -0.046912796795368195
v 0.07920097559690475 -0.6970402002334595 -0.04859456419944763
v 0.046815354377031326 -0.6463998556137085 -0.18105943500995636
v 0.058896254748106 -0.6538183689117432 -0.19365085661411285
v 0.05644930526614189 -0.6437085270881653 -0.19151759147644043
v 0.04416689649224281 -0.6449834704399109 -0.15612934529781342
v 0.04735184460878372 -0.651680052280426 -0.137733593583107
v 0.09793082624673843 -0.6736507415771484 -0.14032159745693207
v 0.09228942543268204 -0.6605678796768188 -0.13500840961933136
v 0.09502514451742172 -0.6625455617904663 -0.1551845818758011
v 0.09369722008705139 -0.677121102809906 -0.16285187005996704
v 0.09370023012161255 -0.6434212327003479 -0.1600021868944168
v 0.09201887249946594 -0.6496288776397705 -0.14494405686855316
v 0.1086975559592247 0.23077985644340515 -0.05578209087252617
v 0.005559353623539209 0.274530827999115 -0.19417409598827362
v 0.05342041701078415 -0.39541807770729065 -0.1013370081782341
v 0.0812227800488472 -0.41470739245414734 -0.10274780541658401
v 0.07158618420362473 -0.3999067544937134 -0.09537504613399506
v 0.09977955371141434 0.031910840421915054 0.0018598503665998578
v 0.09205014258623123 0.004882060922682285 -0.0016471481649205089
v 0.09215384721755981 0.01934288814663887 0.00901306513696909
v 0.06709477305412292 -0.19379311800003052 -0.029809514060616493
v 0.0873638242483139 -0.18071229755878448 -0.027073698118329048
v 0.07608019560575485 -0.21711787581443787 -0.03262868896126747
v 0.09384336322546005 -0.08547337353229523 -0.024491121992468834
v 0.0759662389755249 -0.2571187913417816 -0.04373084008693695
v 0.06605204194784164 -0.3700045049190521 -0.07786113023757935
v 0.04770100489258766 -0.3773551285266876 -0.09481000155210495
v 0.07628923654556274 -0.3362557590007782 -0.06971017271280289
v 0.08148033171892166 -0.29505252838134766 -0.060210056602954865
v 0.08101527392864227 -0.0795041024684906 -0.012848257087171078
v 0.0586329810321331 -0.31774336099624634 -0.06734028458595276
v 0.06488055735826492 -0.3531349003314972 -0.07234542071819305
v 0.10250956565141678 -0.10540708899497986 -0.027321288362145424
v 0.08898279070854187 0.04879145324230194 0.00654966663569212
v 0.08462478220462799 0.033539168536663055 0.020101778209209442
v 0.10217905044555664 -0.16550132632255554 -0.029676353558897972
v 0.07368794083595276 -0.07049041241407394 0.0043562352657318115
v 0.08084281533956528 0.0703841894865036 0.004561753012239933
v 0.0644923746585846 -0.23529550433158875 -0.039118584245443344
v 0.08746474236249924 -0.23753024637699127 -0.037736449390649796
v 0.09024719893932343 -0.27586308121681213 -0.05284859240055084
v 0.10944800078868866 -0.13013195991516113 -0.02984572760760784
v 0.09199114888906479 0.06355070322751999 -0.009757915511727333
v 0.08521124720573425 -0.0476728118956089 0.005196077283471823
v 0.12283548712730408 0.028047703206539154 -0.03777478635311127
v 0.1353594958782196 0.018024442717432976 -0.05737338587641716
v 0.1241336390376091 -0.17150403559207916 -0.04727000743150711
v 0.12914952635765076 -0.20973947644233704 -0.06571076065301895
v 0.13593463599681854 -0.19250401854515076 -0.08158683776855469
v 0.11659935116767883 -0.25308525562286377 -0.062064751982688904
v 0.10088574141263962 -0.2919449508190155 -0.06450480967760086
v 0.1098727136850357 -0.32706010341644287 -0.08875647932291031
v 0.107408307492733 -0.3661879003047943 -0.1012590304017067
v 0.0855192095041275 -0.3912942409515381 -0.08970002084970474
v 0.09481056034564972 -0.3637852370738983 -0.0856998860836029
v 0.08752639591693878 -0.3494751751422882 -0.07662761956453323
v 0.12720635533332825 0.009822241961956024 -0.04469843953847885
v 0.09994276612997055 -0.31159332394599915 -0.0733397975564003
v 0.12199956178665161 -0.11289012432098389 -0.038519494235515594
v 0.1402147114276886 -0.1404877007007599 -0.07988739758729935
v 0.12847480177879333 -0.07145313173532486 -0.04529275745153427
v 0.11663661152124405 -0.052654918283224106 -0.031935736536979675
v 0.12735556066036224 -0.004157079849392176 -0.03835073485970497
v 0.13837334513664246 -0.0028024381026625633 -0.053470857441425323
v 0.1228482723236084 -0.23175109922885895 -0.06202901899814606
v 0.12177050858736038 -0.2711690664291382 -0.0832567811012268
v 0.11730867624282837 -0.09036828577518463 -0.03540715575218201
v 0.13505423069000244 -0.018569884821772575 -0.04607291892170906
v 0.11096101254224777 -0.03422686085104942 -0.019098015502095222
v 0.09797441959381104 -0.3979232609272003 -0.10053247958421707
v 0.061512291431427 -0.4138215482234955 -0.10706236213445663
v 0.1044418066740036 0.10446015745401382 -0.03785337880253792
v 0.09279787540435791 0.08629526942968369 -0.01166767068207264
v 0.10085716098546982 0.09553025662899017 -0.027123477309942245
v 0.10864360630512238 0.08859775960445404 -0.04131988808512688
v 0.11486975848674774 0.08635307848453522 -0.05974135175347328
v 0.0453224740922451 -0.14218033850193024 -0.0229889377951622
v 0.05560340732336044 -0.13213208317756653 -0.019565975293517113
v 0.14269688725471497 -0.10478587448596954 -0.07743138074874878
v 0.13627631962299347 -0.12306033819913864 -0.060735464096069336
v -0.003816217416897416 -0.16497713327407837 -0.09804631024599075
v 0.0744130089879036 -0.11346679925918579 -0.18374328315258026
v -0.004595526028424501 -0.16509851813316345 -0.08619477599859238
v -0.004205781035125256 -0.16512168943881989 -0.08994679152965546
v -0.0014675733400508761 -0.16831262409687042 -0.08487916737794876
v 0.024814287200570107 -0.16215676069259644 -0.03523973748087883
v 0.017141195014119148 -0.16532251238822937 -0.041306521743535995
v 0.011971886269748211 -0.1659056544303894 -0.04655291885137558
v 0.13556519150733948 -0.1262950450181961 -0.11727572977542877
v 0.07191869616508484 -0.14392751455307007 -0.02266603708267212
v 0.00010361141903558746 -0.1632746011018753 -0.0678071528673172
v -0.0007920478819869459 -0.17265336215496063 -0.07979603856801987
v -0.0005485025467351079 -0.16860753297805786 -0.07354752719402313
v 0.03410359099507332 -0.16007445752620697 -0.03058338165283203
v -0.0007139610825106502 -0.1684979647397995 -0.09691651165485382
v -0.0018385493895038962 -0.16538384556770325 -0.10176707059144974
v 0.11060668528079987 -0.1156211644411087 -0.15016315877437592
v 0.03411487117409706 -0.13292908668518066 -0.1835114061832428
v 0.08918218314647675 -0.12001937627792358 -0.022927172482013702
v 0.12543630599975586 -0.13808046281337738 -0.04451470077037811
v 0.1417805701494217 0.21249207854270935 -0.10008163005113602
v 0.09844199568033218 -0.14178870618343353 -0.15521886944770813
v 0.06809470802545547 -0.16787700355052948 -0.15646611154079437
v 0.06549417227506638 0.03439895808696747 -0.17647047340869904
v 0.07455454766750336 -0.18439742922782898 -0.15572163462638855
v 0.060088250786066055 -0.1907372921705246 -0.1556885838508606
v 0.09425225853919983 -0.35547006130218506 -0.16629160940647125
v 0.09326585382223129 -0.33554741740226746 -0.1626570075750351
v 0.09977063536643982 -0.37933993339538574 -0.16804444789886475
v 0.10199721157550812 -0.39989137649536133 -0.1763778030872345
v 0.11179965734481812 -0.39034396409988403 -0.16329842805862427
v 0.00581697141751647 -0.155526801943779 -0.0492810420691967
v 0.0759112760424614 -0.30494895577430725 -0.16358725726604462
v 0.11601525545120239 -0.4073036015033722 -0.16874833405017853
v 0.005525805056095123 -0.15337391197681427 -0.04414811357855797
v 0.001504786079749465 -0.15082384645938873 -0.03845761716365814
v 0.08847560733556747 -0.16414450109004974 -0.1546505242586136
v 0.1280149519443512 0.27160942554473877 -0.14897450804710388
v 0.0035411007702350616 -0.19256335496902466 -0.07108183205127716
v 0.007248521316796541 -0.19942821562290192 -0.06541890650987625
v 0.0031900000758469105 -0.1838121861219406 -0.06506279110908508
v 0.11215837299823761 0.17267316579818726 -0.16388513147830963
v 0.007580526173114777 -0.21660727262496948 -0.07901962101459503
v 0.005085773300379515 -0.20353080332279205 -0.07530438899993896
v 0.0038331011310219765 -0.2077944576740265 -0.08470356464385986
v 0.011202532798051834 -0.24470800161361694 -0.10914924740791321
v 0.010196725837886333 -0.23779518902301788 -0.09627516567707062
v 0.08218347281217575 -0.2368309497833252 -0.16137640178203583
v 0.09357629716396332 -0.29807478189468384 -0.15969181060791016
v 0.12040052562952042 -0.4577658176422119 -0.18488962948322296
v 0.11611026525497437 -0.5014604330062866 -0.1894969642162323
v 0.00031435160781256855 -0.17593009769916534 -0.07207465171813965
v 0.0013078281190246344 -0.18407514691352844 -0.07244408875703812
v 0.0002618342696223408 -0.17936323583126068 -0.07862889766693115
v 0.05772935971617699 0.09571036696434021 -0.1786007285118103
v 0.0052966042421758175 -0.1583154797554016 -0.05310296267271042
v 0.013957605697214603 -0.28553494811058044 -0.12068823724985123
v 0.01255458127707243 -0.28020793199539185 -0.10832496732473373
v 0.017249366268515587 -0.3121108114719391 -0.13442574441432953
v 0.01973799057304859 -0.3268176019191742 -0.14157173037528992
v 0.01418510265648365 -0.32831424474716187 -0.12775950133800507
v 0.026805555447936058 -0.338278204202652 -0.15188953280448914
v 0.020097488537430763 -0.35596764087677 -0.14420242607593536
v 0.02836792916059494 -0.37044641375541687 -0.15372398495674133
v 0.03341393917798996 -0.44992393255233765 -0.18098029494285583
v 0.029692430049180984 -0.4715372920036316 -0.1748228371143341
v 0.03500507399439812 -0.5110549926757812 -0.17900462448596954
v 0.04383006691932678 -0.5604984164237976 -0.1834016591310501
v 0.1123584508895874 0.259768009185791 -0.16751058399677277
v 0.15659889578819275 0.2749253511428833 -0.07280489802360535
v 0.15207400918006897 0.2685481309890747 -0.055097609758377075
v 0.1561078280210495 0.287264883518219 -0.09307526797056198
v 0.05569126829504967 0.07159695029258728 -0.17609772086143494
v 0.057350896298885345 0.10720911622047424 -0.18685831129550934
v 0.061534471809864044 0.1228923499584198 -0.19094957411289215
v 0.12564273178577423 0.1844826638698578 -0.15254446864128113
v 0.05333223193883896 0.2551369369029999 -0.19289734959602356
v 0.12970086932182312 0.24214890599250793 -0.008430276066064835
v 0.13076171278953552 0.2585669457912445 -0.0036994395777583122
v 0.13599179685115814 0.2594199776649475 -0.018220217898488045
v 0.07059723883867264 -0.13718059659004211 -0.17533159255981445
v 0.09482131153345108 -0.06412530690431595 -0.18049561977386475
v 0.07566062361001968 0.053715746849775314 -0.1725446581840515
v 0.013685752637684345 -0.2565808892250061 -0.11758382618427277
v 0.012703808955848217 -0.26516276597976685 -0.10486507415771484
v 0.0028506505768746138 -0.2084612250328064 -0.09456020593643188
v 0.004024364985525608 -0.21394525468349457 -0.10309965908527374
v 0.006831320468336344 -0.22014720737934113 -0.11348666250705719
v 0.09039187431335449 -0.21725565195083618 -0.15657442808151245
v 0.07099659740924835 -0.2580033242702484 -0.16398537158966064
v 0.10064063221216202 -0.48474210500717163 -0.2036122977733612
v 0.03134213760495186 -0.49306538701057434 -0.17630259692668915
v 0.10596919804811478 -0.4390813708305359 -0.1935376673936844
v 0.036989469081163406 -0.4143191874027252 -0.16960522532463074
v 0.09539138525724411 -0.5562054514884949 -0.19546623528003693
v 0.0357360877096653 -0.5291506052017212 -0.17291250824928284
v 0.004618811421096325 -0.16354647278785706 -0.05694371089339256
v 0.07352454960346222 -0.08518198877573013 -0.1909703016281128
v 0.060901958495378494 0.08309315890073776 -0.1704736053943634
v 0.07883061468601227 -0.02118603140115738 -0.188346266746521
v 0.0946812629699707 -0.5861407518386841 -0.1854403167963028
v 0.07428555935621262 -0.6234057545661926 -0.18907029926776886
v 0.04371284320950508 -0.6206241250038147 -0.16967996954917908
v 0.04177422076463699 -0.5914060473442078 -0.1738121509552002
v 0.07758201658725739 -0.6462006568908691 -0.1851208657026291
v 0.07909665256738663 -0.689858078956604 -0.19134408235549927
v 0.08150738477706909 -0.6712664365768433 -0.18414798378944397
v 0.04425903409719467 -0.6820617914199829 -0.1600240170955658
v 0.06781072169542313 -0.705863893032074 -0.1951497346162796
v 0.04852035269141197 -0.7040492296218872 -0.16049756109714508
v 0.04383343830704689 -0.6702634692192078 -0.16791076958179474
v 0.0625101774930954 -0.7084581255912781 -0.1892879158258438
v 0.057297833263874054 -0.7084925174713135 -0.1698870062828064
v 0.04417389631271362 -0.653110682964325 -0.16882909834384918
v 0.002419758355244994 -0.1672651469707489 -0.061875782907009125
v 0.000505288946442306 -0.1691061556339264 -0.06779681891202927
v 0.00744216050952673 -0.16559511423110962 -0.05177731812000275
v 0.05359746515750885 0.16400708258152008 0.031752441078424454
v 0.04622507840394974 0.25170567631721497 -0.020519211888313293
v 0.04879703000187874 0.14584596455097198 0.029430942609906197
v 0.06082984060049057 0.01555605698376894 0.032050732523202896
v 0.04761067405343056 0.011644679121673107 0.03425966948270798
v 0.06426125019788742 0.07795951515436172 0.01804214157164097
v 0.0799553170800209 0.08996755629777908 0.00242856377735734
v 0.06779195368289948 0.12548695504665375 -0.003086151322349906
v 0.07352371513843536 0.12227142602205276 -0.006679269950836897
v 0.07140815258026123 -0.005888409912586212 0.021675392985343933
v 0.03593941405415535 -0.0849727913737297 0.01510376576334238
v 0.04891466721892357 0.2732173800468445 -0.03653406351804733
v 0.052198756486177444 0.02692699432373047 0.03907323628664017
v 0.05844917148351669 0.13692040741443634 0.019484389573335648
v 0.04800725728273392 0.1362846940755844 0.021055974066257477
v 0.04709462448954582 -0.10456565022468567 -0.011463585309684277
v 0.03888411447405815 -0.11386267095804214 -0.014499886892735958
v 0.05808586627244949 0.3017169237136841 -0.08316241204738617
v 0.07515691965818405 0.30749180912971497 -0.08412551879882812
v 0.0685502216219902 0.2994718849658966 -0.059786826372146606
v 0.06737598776817322 0.28199321031570435 -0.03987986966967583
v 0.07518996298313141 0.055912770330905914 0.019622212275862694
v 0.05398944020271301 0.11351917684078217 0.009390098042786121
v 0.059950608760118484 0.10555902868509293 0.011442135088145733
v 0.0469997264444828 0.10802792012691498 0.016189927235245705
v 0.07065626233816147 0.21631786227226257 -0.0009578043245710433
v 0.09820864349603653 0.3028143644332886 -0.14717349410057068
v 0.05777353420853615 0.12010704725980759 0.004180186428129673
v 0.05265413224697113 0.12825752794742584 0.004184266552329063
v 0.04769059270620346 0.12000172585248947 0.008715424686670303
v 0.038876842707395554 0.12373016029596329 0.00993775762617588
v 0.06041405349969864 -0.01342761516571045 0.03120109811425209
v 0.047377631068229675 0.2839987277984619 -0.18584196269512177
v 0.061676573008298874 0.19618763029575348 0.01955738291144371
v 0.07162206619977951 0.1863315850496292 0.020101923495531082
v 0.016492417082190514 -0.12026089429855347 -0.0059748380444943905
v 0.010457317344844341 -0.13626347482204437 -0.01879633031785488
v 0.008650021627545357 -0.14180690050125122 -0.02594858407974243
v 0.054489877074956894 -0.03080155700445175 0.03278789669275284
v 0.0673920139670372 0.04330506548285484 0.03211922571063042
v 0.012246749363839626 -0.13236497342586517 -0.18160207569599152
v 0.028221964836120605 0.4178147614002228 -0.04201088100671768
v 0.048539359122514725 0.41648000478744507 -0.06525438278913498
v 0.05177321657538414 0.42633169889450073 -0.07673649489879608
v 0.056250445544719696 0.43211114406585693 -0.08844804018735886
v 0.05989379435777664 0.4334929883480072 -0.10046042501926422
v 0.06063336879014969 0.43131765723228455 -0.11302608251571655
v 0.05927131325006485 0.40718552470207214 -0.1004524976015091
v 0.055134326219558716 0.4021846354007721 -0.09838056564331055
v 0.058275025337934494 0.4095202386379242 -0.09540391713380814
v 0.05717812851071358 0.40581515431404114 -0.10038942098617554
v 0.05817706137895584 0.4086534082889557 -0.09855407476425171
v 0.057337529957294464 0.4068065881729126 -0.09820790588855743
v 0.05639965459704399 0.40407446026802063 -0.10163289308547974
v 0.05142663046717644 0.3818102478981018 -0.10162267088890076
v 0.057436343282461166 0.38233745098114014 -0.10228727012872696
v 0.059397220611572266 0.3872520923614502 -0.10151553153991699
v 0.0455201230943203 0.24144086241722107 -0.010987538844347
v 0.059469230473041534 0.2542674243450165 -0.02435959316790104
v 0.08036486059427261 0.24560503661632538 -0.0344214029610157
v 0.07411540299654007 0.2444310188293457 -0.02408037707209587
v 0.07281030714511871 0.262834757566452 -0.03264140337705612
v 0.0973210334777832 0.12674206495285034 -0.015155664645135403
v 0.08848278969526291 0.12387697398662567 -0.013338467106223106
v 0.09324148297309875 0.11866079270839691 -0.02181371860206127
v 0.07704897224903107 0.15681424736976624 0.02212904393672943
v 0.07677358388900757 0.135501429438591 0.010701344348490238
v 0.04020252823829651 0.23267939686775208 -0.0007397559238597751
v 0.07186023145914078 0.14322960376739502 0.020491523668169975
v 0.08338838070631027 0.2499583214521408 -0.03784068673849106
v 0.12283508479595184 0.23884053528308868 -0.15743388235569
v 0.13681606948375702 0.19811169803142548 -0.09099225699901581
v 0.023931648582220078 0.2325919270515442 0.0023415186442434788
v 0.1009257584810257 0.137180894613266 -0.00626999419182539
v 0.1404278576374054 0.2005244493484497 -0.10167493671178818
v 0.10262154787778854 0.2101602852344513 -0.04539581760764122
v 0.09131943434476852 0.22979596257209778 -0.03789213299751282
v 0.1323484629392624 0.19788596034049988 -0.08286130428314209
v 0.12816834449768066 0.20156775414943695 -0.07655879110097885
v 0.08574168384075165 0.11771976202726364 -0.01634967140853405
v 0.09621719270944595 0.11020158976316452 -0.02575659565627575
v 0.13715790212154388 0.20616881549358368 -0.13099469244480133
v 0.11422517150640488 0.12935073673725128 -0.03521904721856117
v 0.11710809171199799 0.19944806396961212 -0.06485036760568619
v 0.12312429398298264 0.20298346877098083 -0.06980966031551361
v 0.1417282670736313 0.3054300546646118 -0.10692199319601059
v 0.14339898526668549 0.2669435143470764 -0.12836673855781555
v 0.10865006595849991 0.3193129301071167 -0.09105757623910904
v 0.08091448247432709 0.30756157636642456 -0.06649219989776611
v 0.07025832682847977 0.29301464557647705 -0.04888661950826645
v 0.019747456535696983 0.20490369200706482 0.028680630028247833
v 0.035752519965171814 0.2103673815727234 0.02150510996580124
v 0.048807673156261444 0.21335840225219727 0.012818682938814163
v 0.060710515826940536 0.20686256885528564 0.01255714800208807
v 0.08559268712997437 0.21160326898097992 -0.006657762452960014
v 0.08765701949596405 0.21569214761257172 -0.012198936194181442
v 0.09380161762237549 0.21347713470458984 -0.01576985977590084
v 0.10073418915271759 0.2074427306652069 -0.03015245497226715
v 0.09780437499284744 0.21033959090709686 -0.022204061970114708
v 0.10166636854410172 0.20108377933502197 -0.02263089269399643
v 0.10505005717277527 0.19836057722568512 -0.032165445387363434
v 0.1118730828166008 0.1876886934041977 -0.03739351034164429
v 0.10657145828008652 0.20477993786334991 -0.05127628147602081
v 0.10965196043252945 0.21140575408935547 -0.05360853299498558
v 0.11326981335878372 0.2058144062757492 -0.05888364091515541
v 0.10357757657766342 0.1174623966217041 -0.032798245549201965
v 0.11860965937376022 0.2962738573551178 -0.1418648213148117
v 0.1415378451347351 0.192500039935112 -0.11699332296848297
v 0.11333353817462921 0.19000372290611267 -0.05003226175904274
v 0.1216530129313469 0.17389434576034546 -0.061047982424497604
v 0.12342574447393417 0.17605052888393402 -0.08292180299758911
v 0.1253487765789032 0.16977499425411224 -0.09051680564880371
v 0.12244509160518646 0.17309315502643585 -0.07298164814710617
v 0.12898120284080505 0.16516217589378357 -0.11123251169919968
v 0.13314582407474518 0.16739706695079803 -0.12571723759174347
v 0.1295979619026184 0.17111484706401825 -0.14226087927818298
v 0.1159249097108841 0.1947256326675415 -0.1645546406507492
v 0.11284873634576797 0.2185564488172531 -0.16816404461860657
v 0.12637045979499817 0.20810818672180176 -0.15048448741436005
v 0.14230410754680634 0.24139371514320374 -0.12488067150115967
v 0.09063362330198288 0.19498184323310852 0.003367038443684578
v 0.09230485558509827 0.18096618354320526 0.008927161805331707
v 0.011893762275576591 0.2381507009267807 -0.01355060376226902
v 0.0048380023799836636 0.23146730661392212 -0.0020949235185980797
v 0.007784465793520212 0.21358022093772888 0.021082179620862007
v 0.14844121038913727 0.2891787886619568 -0.1152692660689354
v 0.056544456630945206 0.24415580928325653 -0.01681746542453766
v 0.061247799545526505 0.22335678339004517 -0.002035098150372505
v 0.06361811608076096 0.23025700449943542 -0.009028802625834942
v 0.07247784733772278 0.27810946106910706 -0.04093153774738312
v 0.0765363872051239 0.249573215842247 -0.02961030788719654
v 0.07435423880815506 0.2563628852367401 -0.031035780906677246
v 0.07947032898664474 0.24219569563865662 -0.028193192556500435
v 0.08256835490465164 0.2350216507911682 -0.028113601729273796
v 0.0858323872089386 0.228709414601326 -0.026872551068663597
v 0.0834413468837738 0.22121061384677887 -0.014023913070559502
v 0.08563000708818436 0.22563330829143524 -0.020071618258953094
v 0.09280857443809509 0.208510622382164 -0.009342238306999207
v 0.08815881609916687 0.20423874258995056 -0.0018266065744683146
v 0.09646545350551605 0.1999131739139557 -0.005641545634716749
v 0.06722777336835861 0.2600853145122528 -0.028500190004706383
v 0.07013823837041855 0.2519897222518921 -0.025900457054376602
v 0.06579333543777466 0.24598339200019836 -0.020918894559144974
v 0.07093335688114166 0.23881885409355164 -0.018877137452363968
v 0.0710139125585556 0.23102010786533356 -0.013688607141375542
v 0.0764753669500351 0.22459326684474945 -0.01195007748901844
v 0.070478655397892 0.2232389897108078 -0.007058334071189165
v 0.07121483981609344 0.20835845172405243 0.0059835826978087425
v 0.07924450188875198 0.21039892733097076 -0.0007002410711720586
v 0.11060372740030289 0.10054601728916168 -0.05156110227108002
v 0.08793112635612488 0.10242902487516403 -0.009960804134607315
v 0.07967676967382431 0.10456155985593796 -0.0025223521515727043
v 0.00033636679290793836 0.013671671971678734 0.031942218542099
v 0.00899696908891201 0.01862773858010769 0.03693253919482231
v 0.021794361993670464 0.03802794590592384 -0.1727210432291031
v 0.014700246974825859 -0.011499055661261082 0.041765112429857254
v 0.018762247636914253 0.003150658681988716 0.03560511767864227
v -0.0005449300515465438 0.02074257656931877 0.03804626315832138
v 0.013951585628092289 0.22698628902435303 0.011951422318816185
v -0.007559453137218952 0.2440420687198639 -0.02394598163664341
v 0.009192512370646 0.010047472082078457 0.03226809203624725
v 0.001049412414431572 0.13441699743270874 -0.19951008260250092
v 0.004317653365433216 0.1941819041967392 0.02902630902826786
v 0.017413990572094917 -0.015088366344571114 -0.19479505717754364
v 0.002366551896557212 -0.02518118917942047 0.04337954521179199
v 0.003699958324432373 0.003408385207876563 -0.18401086330413818
v -0.005273119080811739 -0.13831226527690887 -0.018227454274892807
v 0.012660485692322254 0.059236232191324234 0.04316722974181175
v 0.018822889775037766 0.04180600121617317 0.046906184405088425
v 0.00504297623410821 0.028917938470840454 0.044570378959178925
v 0.006646458059549332 -0.06693113595247269 -0.1998709738254547
v 0.020696213468909264 0.09279754757881165 0.02745717391371727
v 0.003486896865069866 0.10103202611207962 0.02341301366686821
v 0.019535120576620102 0.10767799615859985 0.021906044334173203
v -0.0309414304792881 0.445647656917572 -0.04346573352813721
v -0.039178378880023956 0.44608214497566223 -0.05329449847340584
v -0.024911414831876755 0.39442673325538635 -0.036283139139413834
v -0.017559373751282692 0.39239799976348877 -0.03357367590069771
v -0.013829350471496582 0.39349693059921265 -0.02465195581316948
v -0.011544466018676758 0.40399205684661865 -0.02479674108326435
v -0.014126845635473728 0.3871752917766571 -0.031011119484901428
v -0.031197786331176758 0.3704969882965088 -0.044092822819948196
v -0.014719714410603046 0.37112993001937866 -0.030207255855202675
v -0.02078510820865631 0.3656693696975708 -0.03682805970311165
v -0.03797481209039688 0.4329400956630707 -0.04627566039562225
v -0.0166520643979311 0.4188828766345978 -0.042015887796878815
v -0.03166491910815239 0.4585058391094208 -0.05170978605747223
v -0.03898865357041359 0.36800479888916016 -0.05773940309882164
v -0.035690318793058395 0.3554914593696594 -0.07173626124858856
v -0.02779601328074932 0.328524649143219 -0.08738981932401657
v -0.05040964111685753 0.41677558422088623 -0.07427041977643967
v -0.04506053030490875 0.4609564244747162 -0.08358113467693329
v -0.05016116425395012 0.45332568883895874 -0.10303861647844315
v -0.04578079283237457 0.45931410789489746 -0.12211469560861588
v -0.03776825964450836 0.36199381947517395 -0.10440712422132492
v -0.03382660821080208 0.47583064436912537 -0.13166821002960205
v -0.04646078124642372 0.4237299859523773 -0.14077739417552948
v -0.03837340697646141 0.43095940351486206 -0.1517724096775055
v -0.04333836957812309 0.4233534634113312 -0.055118951946496964
v -0.051724378019571304 0.44139453768730164 -0.08469122648239136
v -0.050471752882003784 0.41599079966545105 -0.13244593143463135
v -0.03602935001254082 0.37035125494003296 -0.1216450184583664
v -0.022724349051713943 0.3672387897968292 -0.1387137919664383
v -0.00887568574398756 0.3169819414615631 -0.0735018402338028
v -0.022650206461548805 0.37967148423194885 -0.14456802606582642
v -0.03916778787970543 0.38361912965774536 -0.12734653055667877
v -0.03250227868556976 0.3740571141242981 -0.1319960355758667
v -0.017898034304380417 0.40231919288635254 -0.03485866263508797
v -0.031116725876927376 0.3851970434188843 -0.038883090019226074
v -0.04991685599088669 0.4010275900363922 -0.07516424357891083
v -0.029706701636314392 0.47965556383132935 -0.08235277235507965
v -0.01908930204808712 0.4909656345844269 -0.12508299946784973
v -0.017291510477662086 0.3820401132106781 -0.1571727991104126
v -0.026844888925552368 0.3390871584415436 -0.1348779946565628
v -0.03714478015899658 0.46498697996139526 -0.06664149463176727
v -0.045530594885349274 0.44800469279289246 -0.06719528883695602
v -0.04260426014661789 0.40546783804893494 -0.05108556151390076
v -0.044121913611888885 0.37420153617858887 -0.07318805158138275
v -0.05368468165397644 0.4402153789997101 -0.10167086124420166
v -0.0420791432261467 0.47009292244911194 -0.10273624956607819
v -0.031048893928527832 0.48288479447364807 -0.10981033742427826
v -0.05184812843799591 0.4407554864883423 -0.11823981255292892
v -0.026212386786937714 0.467673659324646 -0.1533041000366211
v -0.03924407809972763 0.45632484555244446 -0.1412470042705536
v -0.0194487813860178 0.4839501678943634 -0.1453760415315628
v -0.019327543675899506 0.34102702140808105 -0.04590131342411041
v -0.01200457289814949 0.39109283685684204 -0.025778375566005707
v -0.035694342106580734 0.3561667203903198 -0.09242654591798782
v -0.032181769609451294 0.34297966957092285 -0.12029211223125458
v -0.012225060723721981 0.37214526534080505 -0.14599516987800598
v 0.009756003506481647 0.36752772331237793 -0.1476319432258606
v -0.008552186191082 0.3850999176502228 -0.02651098743081093
v -0.009625544771552086 0.39189285039901733 -0.02119377627968788
v -0.010144833475351334 0.40052199363708496 -0.01857014000415802
v -0.003600109601393342 0.3253004252910614 -0.06268488615751266
v -0.0071553997695446014 0.4453326165676117 -0.03558140993118286
v -0.04384227842092514 0.4346061646938324 -0.057570572942495346
v -0.04198943078517914 0.38470545411109924 -0.05207628384232521
v -0.04660992696881294 0.4140583276748657 -0.06064587086439133
v -0.014574076049029827 0.43236979842185974 -0.0354294590651989
v -0.027210306376218796 0.4060329794883728 -0.040643706917762756
v -0.043810732662677765 0.3904852569103241 -0.12216531485319138
v -0.042784128338098526 0.3857785761356354 -0.11822835355997086
v -0.05413542315363884 0.41860273480415344 -0.11508897691965103
v -0.05550743266940117 0.4166378974914551 -0.10624746978282928
v -0.05370033159852028 0.41864168643951416 -0.09567275643348694
v -0.044538985937833786 0.37543535232543945 -0.08862853050231934
v -0.03985559940338135 0.3712407052516937 -0.10280700773000717
v -0.04173155128955841 0.3755575716495514 -0.10412832349538803
v -0.04696134477853775 0.4405132830142975 -0.13488122820854187
v -0.02846004255115986 0.448362797498703 -0.15771439671516418
v -0.051574625074863434 0.4281989634037018 -0.12773989140987396
v -0.010872014798223972 0.45795223116874695 -0.1659114956855774
v -0.028962982818484306 0.4136978089809418 -0.15997305512428284
v -0.04095173254609108 0.4112580120563507 -0.14867137372493744
v -0.047531772404909134 0.4048750698566437 -0.1361447423696518
v -0.012860962189733982 0.4171793460845947 -0.1696576178073883
v -0.05206887796521187 0.4100276231765747 -0.08731569349765778
v -0.03357068449258804 0.3863394856452942 -0.1394006460905075
v -0.04266832023859024 0.39428484439849854 -0.13182808458805084
v -0.021980121731758118 0.3929799497127533 -0.1608496755361557
v -0.008097556419670582 0.3890748918056488 -0.16491347551345825
v -0.039578258991241455 0.3679857850074768 -0.09602296352386475
v -0.049174126237630844 0.3962414860725403 -0.09037810564041138
v -0.036825649440288544 0.3972432315349579 -0.04324762895703316
v -0.031244618818163872 0.35147780179977417 -0.05512470006942749
v -0.014459621161222458 0.33141839504241943 -0.05722983554005623
v -0.0056168390437960625 0.41474148631095886 -0.027158115059137344
v -0.008698893710970879 0.4180144667625427 -0.03205128759145737
v -0.015409828163683414 0.49194198846817017 -0.098951056599617
v -0.0030233983416110277 0.49297985434532166 -0.13912299275398254
v -0.015252421610057354 0.3811250627040863 -0.0305405855178833
v -0.008586823008954525 0.34879225492477417 -0.02839062176644802
v -0.010830351151525974 0.39390408992767334 -0.017900418490171432
v -0.012872712686657906 0.39593470096588135 -0.02160860039293766
v -0.018783973529934883 0.4123214781284332 -0.04061219096183777
v -0.024815909564495087 0.430041640996933 -0.16411732137203217
v -0.004596487153321505 0.3774753212928772 -0.15558981895446777
v -0.013054736889898777 0.34175318479537964 -0.14511071145534515
v -0.022207118570804596 0.47383108735084534 -0.0584571547806263
v -0.00821586512029171 0.3585476279258728 -0.14407993853092194
v -0.01144921500235796 0.39206546545028687 -0.022895382717251778
v -0.02637980505824089 0.43446195125579834 -0.0382082536816597
v -0.011430881917476654 0.4103754460811615 -0.03003603033721447
v -0.02087111957371235 0.3862142264842987 -0.034694164991378784
v -0.01974310539662838 0.35398146510124207 -0.1389950066804886
v -0.009045877493917942 0.3906608521938324 -0.02514263615012169
v -0.035594549030065536 0.40856605768203735 -0.045931197702884674
v -0.029296910390257835 0.3422589898109436 -0.07893700897693634
v -0.029516110196709633 0.35775434970855713 -0.12801678478717804
v -0.010362818837165833 0.486830472946167 -0.07273857295513153
v 0.006971989292651415 0.3930886387825012 -0.1687196046113968
v -0.031861353665590286 0.400273859500885 -0.15614213049411774
v -0.04062908515334129 0.3963538408279419 -0.1443364918231964
v -0.02936258353292942 0.38782644271850586 -0.1521807461977005
v -0.016839755699038506 0.4029086232185364 -0.16545967757701874
v -0.007062968797981739 0.47709012031555176 -0.15923598408699036
v -0.03329150378704071 0.32741567492485046 -0.10149779170751572
v -0.047558803111314774 0.39931440353393555 -0.06007439270615578
v -0.04677329957485199 0.3875288963317871 -0.06774041056632996
v -0.03740721195936203 0.4214710295200348 -0.047912418842315674
v -0.02004152536392212 0.4251731336116791 -0.04049961268901825
v -0.011980663053691387 0.42312148213386536 -0.03730365261435509
v -0.0007590613677166402 0.40463849902153015 -0.17039211094379425
v -0.025249740108847618 0.355754554271698 -0.04251282289624214
v -0.03941657394170761 0.3646930158138275 -0.08411640673875809
v -0.03303928300738335 0.33983558416366577 -0.09542343765497208
v 0.0026513170450925827 0.3561828136444092 -0.14629533886909485
v -0.0012843068689107895 0.36877137422561646 -0.14694605767726898
v -0.014393539167940617 0.3915780186653137 -0.028254451230168343
v -0.014563748612999916 0.39777544140815735 -0.028509655967354774
v -0.011344017460942268 0.3893144130706787 -0.02753259241580963
v -0.03907863795757294 0.41458365321159363 -0.051301416009664536
v -0.047558292746543884 0.3861766457557678 -0.08472692221403122
v -0.012950410135090351 0.41515764594078064 -0.037764158099889755
v -0.02299828827381134 0.4179973304271698 -0.04219949617981911
v 0.00603151973336935 0.3752664029598236 -0.15360434353351593
v -0.055589932948350906 0.4054071307182312 -0.1074058786034584
v -0.058928344398736954 0.4135693609714508 -0.10600917786359787
v -0.05614590644836426 0.4137054979801178 -0.10590599477291107
v -0.05487769469618797 0.41474947333335876 -0.10213198512792587
v -0.059979960322380066 0.4145418703556061 -0.10845508426427841
v -0.061460062861442566 0.4125094413757324 -0.11070522665977478
v -0.06197866424918175 0.4104001820087433 -0.11357884854078293
v -0.06042219325900078 0.40296876430511475 -0.11592566221952438
v -0.059043869376182556 0.39809930324554443 -0.11667690426111221
v -0.05814488232135773 0.3952915072441101 -0.11667817831039429
v -0.05563867837190628 0.3959103524684906 -0.11872564256191254
v -0.05944032594561577 0.4143712520599365 -0.11274484544992447
v -0.05575286224484444 0.41527536511421204 -0.11132384836673737
v -0.05633348226547241 0.41496017575263977 -0.10814455151557922
v -0.054414745420217514 0.4110281467437744 -0.09783332794904709
v -0.052767325192689896 0.4003928005695343 -0.11212866753339767
v -0.049240026623010635 0.3934381902217865 -0.10421273857355118
v -0.04989492520689964 0.3913521468639374 -0.1070525199174881
v -0.049908559769392014 0.3955734670162201 -0.10589977353811264
v -0.04901106283068657 0.39081305265426636 -0.09899164736270905
v -0.0432712621986866 0.37449467182159424 -0.0988253578543663
v -0.047196321189403534 0.38233497738838196 -0.09529897570610046
v -0.04742938652634621 0.390338271856308 -0.11561211943626404
v -0.0520322360098362 0.3837094306945801 -0.11294671893119812
v -0.04847969487309456 0.37861400842666626 -0.10199373960494995
v -0.058847349137067795 0.41024959087371826 -0.11545851081609726
v -0.052598465234041214 0.4067285358905792 -0.11590810120105743
v -0.0575990192592144 0.406699001789093 -0.11604339629411697
v -0.051768943667411804 0.40259599685668945 -0.11612413078546524
v -0.04976807162165642 0.3805881440639496 -0.11062793433666229
v -0.04675108566880226 0.38593417406082153 -0.11287856847047806
v -0.05198119953274727 0.39178693294525146 -0.11793217062950134
v -0.052150920033454895 0.38723084330558777 -0.11597584187984467
v -0.051915958523750305 0.39775264263153076 -0.11777202785015106
v -0.05117826908826828 0.38280409574508667 -0.107200488448143
v -0.05631338804960251 0.4034460484981537 -0.11643321067094803
v -0.05611034482717514 0.40006905794143677 -0.11747200787067413
v -0.05479754880070686 0.38790008425712585 -0.11334958672523499
v -0.050203073769807816 0.38550618290901184 -0.10285365581512451
v -0.052467163652181625 0.38825494050979614 -0.10882843285799026
v -0.05021258443593979 0.3926662504673004 -0.110602468252182
v -0.04964365437626839 0.39099055528640747 -0.10448987036943436
v -0.056166525930166245 0.3912077844142914 -0.1158997118473053
v -0.05580240488052368 0.3979160189628601 -0.11263338476419449
v -0.060399699956178665 0.4050188958644867 -0.11362501233816147
v -0.05756721273064613 0.40197622776031494 -0.11195987462997437
v -0.058303069323301315 0.41011807322502136 -0.10668893158435822
v -0.012117106467485428 0.30015063285827637 -0.07798447459936142
v -0.06024870276451111 0.4080202281475067 -0.1109660267829895
v -0.06107533350586891 0.4053930342197418 -0.11570949852466583
v -0.0598040372133255 0.4006343483924866 -0.11614065617322922
v -0.051805540919303894 0.4046201705932617 -0.09884367138147354
v -0.054576415568590164 0.39308425784111023 -0.11199691146612167
v -0.049709536135196686 0.3925989270210266 -0.10597393661737442
v -0.03322571516036987 0.29869407415390015 -0.08715859055519104
v -0.032947439700365067 0.28678613901138306 -0.05980205908417702
v -0.03485121950507164 0.27918651700019836 -0.04786750301718712
v -0.03968237712979317 0.24235332012176514 -0.020949088037014008
v -0.06278612464666367 0.15856784582138062 0.018243232741951942
v -0.06939005851745605 0.2679454982280731 -0.03634260222315788
v -0.10150828212499619 0.17819778621196747 -0.027752472087740898
v -0.0907302275300026 0.10887008160352707 -0.0296523068100214
v -0.10975727438926697 0.11257030814886093 -0.1198718398809433
v -0.06107422709465027 0.23816528916358948 -0.021373361349105835
v -0.061225757002830505 0.2739660441875458 0.03855598717927933
v -0.14478357136249542 0.033866457641124725 -0.09803858399391174
v -0.0806342214345932 0.22816379368305206 -0.03629019111394882
v -0.11866562813520432 0.15730249881744385 -0.1107601523399353
v -0.11697913706302643 0.1266099065542221 -0.10302717238664627
v -0.06895120441913605 0.23857076466083527 -0.02733195200562477
v -0.060019176453351974 0.14467903971672058 0.015866989269852638
v -0.12649250030517578 0.04035952687263489 -0.042485568672418594
v -0.07850664854049683 0.12160292267799377 -0.01908198371529579
v -0.1093754991889 0.04050685092806816 -0.021021008491516113
v -0.08631541579961777 0.15579864382743835 -0.0006985726649872959
v -0.08291586488485336 0.23485654592514038 -0.03765076398849487
v -0.08885491639375687 0.23068411648273468 -0.040095794945955276
v -0.07884188741445541 0.24134889245033264 -0.03628234192728996
v -0.08628483861684799 0.2412409484386444 -0.0368572361767292
v -0.10973495990037918 0.015140706673264503 -0.01294086966663599
v -0.11761260777711868 0.2212703824043274 -0.06632106751203537
v -0.08785463869571686 0.13326995074748993 -0.01657246984541416
v -0.035342562943696976 0.14319948852062225 0.02287253551185131
v -0.035075027495622635 0.15983697772026062 0.028105478733778
v -0.032492782920598984 0.2655861973762512 -0.03756765276193619
v -0.010337167419493198 0.2752071022987366 -0.05703594163060188
v -0.0265665166079998 0.297510027885437 -0.08574463427066803
v -0.08296974748373032 0.1395472288131714 -0.004072536714375019
v -0.1239161416888237 0.022417327389121056 -0.03102564439177513
v -0.06610749661922455 0.3122541308403015 -0.10422194004058838
v -0.12959885597229004 0.21932920813560486 -0.0623900406062603
v -0.09895993769168854 0.13877499103546143 -0.163105770945549
v -0.030280882492661476 0.25108736753463745 -0.1975977122783661
v -0.11700598150491714 0.15032987296581268 -0.12202603369951248
v -0.13058575987815857 0.1849602609872818 -0.09983175247907639
v -0.061130352318286896 0.3193420171737671 -0.12810122966766357
v -0.13449327647686005 0.20350727438926697 -0.09617552906274796
v -0.10934311896562576 0.16530348360538483 -0.14733369648456573
v -0.10049495846033096 0.2341727316379547 -0.04774133861064911
v -0.09158407896757126 0.24415922164916992 -0.04047772288322449
v -0.08809110522270203 0.2284819334745407 -0.01246241107583046
v -0.08670534938573837 0.23344285786151886 -0.020587269216775894
v -0.09419804811477661 0.22624190151691437 -0.023443840444087982
v -0.11729836463928223 0.21808625757694244 -0.033873800188302994
v -0.06888210028409958 0.2890191376209259 0.04714738950133324
v -0.10160896182060242 0.2206023931503296 0.006174737587571144
v -0.10036520659923553 0.11982400715351105 -0.1557691991329193
v -0.13986292481422424 0.036790307611227036 -0.11950356513261795
v -0.05079128220677376 0.32230091094970703 -0.1373024731874466
v -0.028559962287545204 0.32111579179763794 -0.15559670329093933
v -0.1427006870508194 -0.0376480296254158 -0.10175826400518417
v -0.045609794557094574 0.31500673294067383 -0.10987816751003265
v -0.1453607976436615 -0.06128480285406113 -0.09038813412189484
v -0.04765952005982399 0.3177752196788788 -0.15165719389915466
v -0.1454833447933197 0.016629107296466827 -0.1138274297118187
v -0.07071863859891891 -0.1459667682647705 -0.16831332445144653
v -0.02855757810175419 -0.16116657853126526 -0.15274500846862793
v -0.11943221092224121 0.015311895869672298 -0.15149353444576263
v -0.14356496930122375 -0.1746349036693573 -0.08354438841342926
v -0.10027561336755753 -0.1652902364730835 -0.15027771890163422
v -0.027231378480792046 -0.009870367124676704 0.041511666029691696
v -0.03660614416003227 0.0011653742985799909 0.03839370235800743
v -0.13307490944862366 -0.06391748040914536 -0.03953056409955025
v -0.042798180133104324 -0.16454491019248962 -0.1506301462650299
v -0.139081209897995 -0.1918330043554306 -0.06941932439804077
v -0.13458134233951569 -0.18148931860923767 -0.05379985272884369
v -0.10345128178596497 -0.1890707015991211 -0.025961877778172493
v -0.017998743802309036 -0.150042325258255 -0.04208710044622421
v -0.022794773802161217 -0.13908834755420685 -0.02733583189547062
v -0.03581070154905319 -0.13712039589881897 -0.17809785902500153
v -0.08517994731664658 0.04012283682823181 -0.16968801617622375
v -0.04897337034344673 -0.202577143907547 -0.15092532336711884
v -0.03915206342935562 -0.17583347856998444 -0.14314407110214233
v -0.04213879629969597 -0.18902993202209473 -0.14570829272270203
v -0.11443872004747391 -0.1838906705379486 -0.1434059590101242
v -0.1414508819580078 -0.19618062674999237 -0.10148661583662033
v -0.10113649815320969 -0.2159036248922348 -0.028988659381866455
v -0.03335224837064743 -0.20986896753311157 -0.04633111506700516
v -0.0603351965546608 -0.09749185293912888 -0.006837819702923298
v -0.07603654265403748 -0.09946814179420471 -0.012967455200850964
v -0.029771659523248672 0.015189669094979763 0.0371064655482769
v -0.051504943519830704 0.011690523475408554 0.03523818403482437
v -0.05477685108780861 0.07304450869560242 0.021280841901898384
v -0.043063513934612274 0.093022920191288 0.01876400038599968
v -0.0392010472714901 0.1321469247341156 0.0049462211318314075
v -0.03134209290146828 0.13198284804821014 0.007159074302762747
v -0.0384780690073967 0.1360914558172226 0.013721523806452751
v -0.14729337394237518 -0.06914302706718445 -0.06801977753639221
v -0.013232192024588585 -0.2048008292913437 -0.10894117504358292
v -0.015568976290524006 -0.19092316925525665 -0.1206127405166626
v -0.008950209245085716 -0.19491669535636902 -0.10000181943178177
v -0.0113102151080966 -0.19298149645328522 -0.10960517823696136
v -0.14047576487064362 -0.05171562731266022 -0.05472610518336296
v -0.14265300333499908 0.028779100626707077 -0.07106425613164902
v -0.11554183810949326 0.12910164892673492 -0.08178411424160004
v -0.14174076914787292 -0.17315441370010376 -0.10844972729682922
v -0.1326860785484314 -0.18683400750160217 -0.12634827196598053
v -0.10778044164180756 -0.24875730276107788 -0.041194669902324677
v -0.023346178233623505 -0.2413226217031479 -0.07625263929367065
v -0.021688546985387802 -0.22778567671775818 -0.07122629880905151
v -0.0262763574719429 -0.2791597247123718 -0.08084011822938919
v -0.02295657806098461 -0.2912929058074951 -0.0934000238776207
v -0.1205727830529213 -0.20293526351451874 -0.03810347244143486
v -0.13251493871212006 -0.24819190800189972 -0.0757148414850235
v -0.09536238014698029 -0.19616851210594177 -0.15351364016532898
v -0.021257709711790085 -0.20676815509796143 -0.05752576142549515
v -0.015103311277925968 -0.1989670991897583 -0.06228389963507652
v -0.023680178448557854 -0.22481413185596466 -0.12627999484539032
v -0.02421003021299839 -0.23884303867816925 -0.12222485989332199
v -0.11966488510370255 -0.23124021291732788 -0.14117807149887085
v -0.1362786889076233 -0.2449602484703064 -0.0980917289853096
v -0.12820418179035187 -0.2830674946308136 -0.08115538954734802
v -0.1317179650068283 -0.2855284810066223 -0.10499292612075806
v -0.1274682879447937 -0.2786528170108795 -0.1298302412033081
v -0.11176537722349167 -0.2730092406272888 -0.14824049174785614
v -0.07326653599739075 -0.27697446942329407 -0.1578519642353058
v -0.03510557487607002 -0.26933640241622925 -0.13853445649147034
v -0.06034453585743904 -0.343009889125824 -0.15763014554977417
v -0.07948437333106995 -0.34752896428108215 -0.16333085298538208
v -0.10809831321239471 -0.3476262390613556 -0.1518069952726364
v -0.12108412384986877 -0.3483070433139801 -0.1397327035665512
v -0.12570221722126007 -0.3645283281803131 -0.13493894040584564
v -0.12567777931690216 -0.37198343873023987 -0.11754676699638367
v -0.12188412994146347 -0.35886624455451965 -0.10242696106433868
v -0.026925895363092422 -0.3546038269996643 -0.1155908927321434
v -0.06976288557052612 -0.36748045682907104 -0.07306203246116638
v -0.12922221422195435 -0.3074919879436493 -0.10329236835241318
v -0.11724082380533218 -0.2939504086971283 -0.1420462280511856
v -0.03894674405455589 -0.2897093594074249 -0.1428661197423935
v -0.025772064924240112 -0.30971068143844604 -0.09141703695058823
v -0.021571526303887367 -0.31557929515838623 -0.10554301738739014
v -0.10605034232139587 -0.3322382867336273 -0.07128668576478958
v -0.1275004893541336 -0.33657991886138916 -0.1262618899345398
v -0.11706261336803436 -0.3310770094394684 -0.1417684555053711
v -0.0893942192196846 -0.3179021179676056 -0.159612774848938
v -0.07583490014076233 -0.33070337772369385 -0.16051927208900452
v -0.04222330078482628 -0.3308923840522766 -0.1498483419418335
v -0.0235001128166914 -0.3395865559577942 -0.11468597501516342
v -0.1109343022108078 -0.3629790246486664 -0.08390231430530548
v -0.1002047210931778 -0.3749956786632538 -0.07867582887411118
v -0.07443243265151978 -0.38818737864494324 -0.08145266771316528
v -0.08416549116373062 -0.3634805381298065 -0.16654697060585022
v -0.09945151954889297 -0.35917380452156067 -0.16202202439308167
v -0.12689006328582764 -0.3814534842967987 -0.13435153663158417
v -0.11032283306121826 -0.3836023807525635 -0.08784745633602142
v -0.03742137551307678 -0.39027637243270874 -0.1310507208108902
v -0.05418674275279045 -0.3848811686038971 -0.15683433413505554
v -0.08127111941576004 -0.4015043377876282 -0.1775243878364563
v -0.08965353667736053 -0.3810023069381714 -0.16959208250045776
v -0.12296178936958313 -0.3852514922618866 -0.15182532370090485
v -0.12770137190818787 -0.4010241627693176 -0.1419667750597
v -0.1284680962562561 -0.42140164971351624 -0.12604816257953644
v -0.11984976381063461 -0.410289466381073 -0.11089112609624863
v -0.1260208934545517 -0.3969356119632721 -0.1241055279970169
v -0.10203222930431366 -0.5139487385749817 -0.12533403933048248
v -0.040996525436639786 -0.42215749621391296 -0.1359974592924118
v -0.05129863694310188 -0.4035247266292572 -0.1640429049730301
v -0.1313738375902176 -0.4304405450820923 -0.16095632314682007
v -0.04018096625804901 -0.4703614413738251 -0.13843920826911926
v -0.046982526779174805 -0.45008721947669983 -0.18145160377025604
v -0.12796558439731598 -0.48677200078964233 -0.18144136667251587
v -0.13272705674171448 -0.4594879448413849 -0.13449354469776154
v -0.11969064921140671 -0.46692854166030884 -0.11886709928512573
v -0.10031604021787643 -0.4718649983406067 -0.11286094039678574
v -0.04302283003926277 -0.5222529172897339 -0.14717987179756165
v -0.05006486177444458 -0.5049920082092285 -0.18683283030986786
v -0.12092862278223038 -0.5349583029747009 -0.17698992788791656
v -0.12083150446414948 -0.5464461445808411 -0.16312408447265625
v -0.11613758653402328 -0.5247965455055237 -0.1368914097547531
v -0.10372863709926605 -0.5561011433601379 -0.13653966784477234
v -0.09745503962039948 -0.5710087418556213 -0.13544856011867523
v -0.04926784336566925 -0.555831253528595 -0.14764344692230225
v -0.053786616772413254 -0.5640423893928528 -0.18448437750339508
v -0.07613670825958252 -0.5732128024101257 -0.19673234224319458
v -0.10163015127182007 -0.5795859098434448 -0.18701617419719696
v -0.10873374342918396 -0.567155122756958 -0.1826704442501068
v -0.11502369493246078 -0.5528255105018616 -0.18052437901496887
v -0.11615774780511856 -0.5626903176307678 -0.16392935812473297
v -0.11595630645751953 -0.5476728081703186 -0.14637038111686707
v -0.11127486079931259 -0.5682321190834045 -0.14821280539035797
v -0.006548186298459768 -0.1703815460205078 -0.0987897664308548
v -0.0061051626689732075 -0.1732388436794281 -0.09298267960548401
v -0.005782551132142544 -0.16994734108448029 -0.08412303030490875
v -0.00590212969109416 -0.17397789657115936 -0.07903392612934113
v -0.043861184269189835 -0.2513069808483124 -0.05227681249380112
v -0.030709942802786827 -0.23676329851150513 -0.061779752373695374
v -0.036482248455286026 -0.28750190138816833 -0.06800183653831482
v -0.028424996882677078 -0.29657378792762756 -0.0813373252749443
v -0.03794042766094208 -0.30733543634414673 -0.07246094197034836
v -0.031318869441747665 -0.3473588228225708 -0.10203660279512405
v -0.035517096519470215 -0.3668060302734375 -0.1078496128320694
v -0.04329484701156616 -0.39774850010871887 -0.11623305082321167
v -0.0460621602833271 -0.4391801953315735 -0.12613269686698914
v -0.0405014306306839 -0.4887085258960724 -0.1396850347518921
v -0.05084016174077988 -0.5387916564941406 -0.1396738886833191
v -0.04962821304798126 -0.5749470591545105 -0.15396293997764587
v -0.05754147097468376 -0.14897264540195465 -0.02048504538834095
v -0.04803411290049553 -0.16244806349277496 -0.02537539228796959
v -0.1265648603439331 -0.3428206443786621 -0.10666094720363617
v -0.11753375828266144 -0.34553414583206177 -0.088322214782238
v -0.11957907676696777 -0.3138192594051361 -0.1386411488056183
v -0.07020757347345352 -0.3111257255077362 -0.15812240540981293
v -0.026905367150902748 -0.3294510245323181 -0.09877729415893555
v -0.021184483543038368 -0.32521259784698486 -0.11514453589916229
v -0.06783270835876465 -0.3375547528266907 -0.06357862055301666
v -0.12106215953826904 -0.38740074634552 -0.10803201049566269
v -0.11648824065923691 -0.36625343561172485 -0.14956630766391754
v -0.05091140419244766 -0.3660101592540741 -0.1538766473531723
v -0.029438557103276253 -0.36700698733329773 -0.12469077110290527
v -0.03721031919121742 -0.38159677386283875 -0.11578613519668579
v -0.08683985471725464 -0.4479707181453705 -0.1059224009513855
v -0.1175280511379242 -0.431406706571579 -0.10956788063049316
v -0.10211902111768723 -0.41626057028770447 -0.09928790479898453
v -0.1335642784833908 -0.43780505657196045 -0.13979566097259521
v -0.09884373843669891 -0.3966887593269348 -0.17364229261875153
v -0.08847463876008987 -0.4351351857185364 -0.19450846314430237
v -0.07679957151412964 -0.29990094900131226 -0.053763002157211304
v -0.10200351476669312 0.0563969612121582 -0.15812982618808746
v -0.10628718882799149 0.13888190686702728 -0.036006949841976166
v -0.11341534554958344 0.16011232137680054 -0.0546666756272316
v -0.09997529536485672 0.2206745594739914 -0.04713396355509758
v -0.09638559818267822 0.23128436505794525 -0.042795684188604355
v -0.10088349133729935 0.22683200240135193 -0.04673369973897934
v -0.09201265871524811 0.2370098978281021 -0.03956247866153717
v -0.03750460222363472 0.12341135740280151 0.007039985619485378
v -0.02388237789273262 0.13338086009025574 0.009178088046610355
v -0.026890026405453682 0.12293391674757004 0.010763145983219147
v -0.05453728139400482 -0.006025433540344238 0.03677801415324211
v -0.04553535580635071 -0.1024513989686966 -0.0017218984430655837
v -0.05266198143362999 -0.09119361639022827 0.0065488144755363464
v -0.024481121450662613 -0.1441197395324707 -0.03517204150557518
v -0.01666160300374031 -0.14503280818462372 -0.03397243097424507
v -0.012597187422215939 -0.14257769286632538 -0.02680855616927147
v -0.008289745077490807 -0.15437866747379303 -0.0453522764146328
v -0.007454563397914171 -0.15682099759578705 -0.05065082758665085
v -0.0083512207493186 0.3148355484008789 -0.16865050792694092
v -0.00518921110779047 -0.1626049280166626 -0.07372238487005234
v -0.019922608509659767 -0.17986711859703064 -0.046247534453868866
v -0.14442099630832672 -0.1491948664188385 -0.09568534791469574
v -0.07562372833490372 -0.16089238226413727 -0.15786705911159515
v -0.09142067283391953 0.22833570837974548 0.05279367044568062
v -0.05531608685851097 0.3167555332183838 -0.1153760775923729
v -0.12445396184921265 0.27791258692741394 -0.1407143622636795
v -0.04886312782764435 0.05617934837937355 -0.17559859156608582
v -0.018368195742368698 0.18863791227340698 0.024294257164001465
v -0.11795593798160553 0.23218615353107452 0.004247809760272503
v -0.12361384183168411 -0.16213253140449524 -0.13633330166339874
v -0.12803326547145844 -0.13692334294319153 -0.13105283677577972
v -0.1303318738937378 0.034009356051683426 -0.138676717877388
v -0.1173514574766159 0.04711010307073593 -0.1472274363040924
v -0.10762172937393188 0.11834786087274551 -0.1381656378507614
v -0.10919421911239624 0.13440103828907013 -0.14575041830539703
v -0.1302497237920761 0.18053704500198364 -0.11237483471632004
v -0.12393943220376968 0.21647250652313232 -0.0704546645283699
v -0.033661529421806335 -0.17590108513832092 -0.035347599536180496
v -0.03973688185214996 -0.12444602698087692 -0.019483298063278198
v -0.0319749116897583 -0.13662590086460114 -0.027680406346917152
v -0.04388268291950226 -0.3091854751110077 -0.14865528047084808
v -0.022977162152528763 -0.19920288026332855 -0.12998224794864655
v -0.030742250382900238 -0.18991105258464813 -0.1378711760044098
v -0.028634095564484596 -0.1772209107875824 -0.13580793142318726
v -0.02211025357246399 -0.18517333269119263 -0.128518208861351
v -0.004797253292053938 -0.1588287204504013 -0.05636893957853317
v -0.0032163304276764393 -0.16038566827774048 -0.06252781301736832
v -0.11068439483642578 0.2180698662996292 -0.026398373767733574
v -0.11368734389543533 0.21895672380924225 -0.04296703636646271
v -0.12439577281475067 0.20694592595100403 -0.07408327609300613
v -0.11932417005300522 0.21419693529605865 -0.06832518428564072
v -0.13224120438098907 0.20630817115306854 -0.08662653714418411
v -0.07192002981901169 0.26197221875190735 -0.034958455711603165
v -0.07045198976993561 0.24425844848155975 -0.03363897651433945
v -0.0651354119181633 0.2636289894580841 -0.03949949890375137
v -0.055997513234615326 0.2714417278766632 -0.03980062156915665
v -0.05883072689175606 0.2649577260017395 -0.0377521887421608
v -0.042244963347911835 0.2991189956665039 -0.08185379207134247
v -0.03852739557623863 0.29424017667770386 -0.07191925495862961
v -0.027382105588912964 0.29021817445755005 -0.07160536199808121
v -0.02069341205060482 0.2838858664035797 -0.0647236555814743
v -0.018064653500914574 0.28848764300346375 -0.07354974746704102
v -0.0049423472955822945 0.29561737179756165 -0.18372339010238647
v -0.048655916005373 0.3039562404155731 -0.09117940068244934
v -0.03324956074357033 0.30804288387298584 -0.09536329656839371
v -0.01926565170288086 0.29896992444992065 -0.08252093195915222
v -0.029592055827379227 0.30326250195503235 -0.0903727114200592
v -0.07788857817649841 0.2946072816848755 0.034341346472501755
v -0.03572089225053787 0.32998228073120117 -0.12451435625553131
v -0.08657048642635345 0.29578855633735657 0.04935881122946739
v -0.03073699213564396 0.31770795583724976 -0.09488623589277267
v -0.14555956423282623 -0.13168960809707642 -0.08100119233131409
v -0.13599544763565063 0.04674146696925163 -0.0833294540643692
v -0.12831422686576843 -0.3534386157989502 -0.12142340838909149
v -0.01912653259932995 0.0750962346792221 0.03490371257066727
v 0.00063391646835953 0.1321064531803131 0.011797389015555382
v -0.008035300299525261 0.12599870562553406 0.013132844120264053
v -0.0030499291606247425 0.11945790797472 0.016537709161639214
v -0.016495689749717712 0.30825161933898926 -0.08023126423358917
v -0.02726002223789692 0.036517929285764694 0.0448274165391922
v -0.017753122374415398 0.013236083090305328 0.034081246703863144
v -0.03155849874019623 -0.10021708905696869 0.007457294967025518
v -0.07454685866832733 0.026480017229914665 0.025921422988176346
v -0.0953129231929779 0.21554367244243622 -0.04821882024407387
v -0.10436446219682693 0.21749050915241241 -0.05065906047821045
v -0.10106780380010605 0.21152232587337494 -0.05207940191030502
v -0.02967226505279541 0.13719148933887482 0.016102174296975136
v -0.018226277083158493 0.1267303228378296 0.011818605475127697
v -0.022241266444325447 0.14004258811473846 0.02081047184765339
v -0.035680580884218216 0.19415831565856934 0.016206901520490646
v -0.054603733122348785 0.13655570149421692 0.011014253832399845
v -0.07142279297113419 0.13409093022346497 -0.0021811346523463726
v -0.0627516433596611 0.13587398827075958 0.005699271336197853
v -0.0016717850230634212 -0.16299133002758026 -0.07125037163496017
v -0.008178490214049816 -0.19214847683906555 -0.08172382414340973
v -0.006307107396423817 -0.18193121254444122 -0.09205663204193115
v -0.007005428429692984 -0.18004447221755981 -0.07051163166761398
v -0.006704559549689293 -0.18414179980754852 -0.083912193775177
v -0.021124811843037605 -0.19396543502807617 -0.050885070115327835
v -0.014035402797162533 -0.18638814985752106 -0.05554850399494171
v -0.013457231223583221 -0.16828393936157227 -0.11885491758584976
v -0.017061956226825714 -0.16814038157463074 -0.12480100244283676
v -0.01657366007566452 -0.17688418924808502 -0.12200470268726349
v -0.011222925037145615 -0.17406614124774933 -0.11307483911514282
v -0.012070110999047756 -0.1822994500398636 -0.11552579700946808
v -0.0024127759970724583 -0.1647910326719284 -0.11199090629816055
v -0.05078080669045448 -0.21290336549282074 -0.03627445176243782
v -0.061473775655031204 -0.19690336287021637 -0.028434453532099724
v -0.06318186968564987 -0.2594100534915924 -0.04284724220633507
v -0.05455324798822403 -0.29526159167289734 -0.05645754560828209
v -0.053986284881830215 -0.31760141253471375 -0.06284303963184357
v -0.04882293567061424 -0.3332120180130005 -0.07382498681545258
v -0.054248418658971786 -0.358523964881897 -0.08434026688337326
v -0.04432210698723793 -0.3628123700618744 -0.095522440969944
v -0.04908008128404617 -0.3829564154148102 -0.10100137442350388
v -0.053343765437603 -0.40133222937583923 -0.10576984286308289
v -0.06445951759815216 -0.41692057251930237 -0.10319382697343826
v -0.06651035696268082 -0.47195038199424744 -0.11461196094751358
v -0.06634598225355148 -0.4994458258152008 -0.12035958468914032
v -0.06418359279632568 -0.5561164021492004 -0.13369682431221008
v -0.11282838881015778 0.280923992395401 0.050217512995004654
v -0.07873521000146866 0.23178979754447937 0.01626652665436268
v -0.08842770010232925 0.22475944459438324 0.02429443784058094
v -0.08556456863880157 0.2267884761095047 0.04122619330883026
v -0.10493059456348419 0.23701970279216766 0.05226590111851692
v -0.11235883831977844 0.24875542521476746 0.046537093818187714
v -0.06404376775026321 0.2504079043865204 0.036983784288167953
v -0.059290505945682526 0.25977498292922974 0.04837893322110176
v -0.07557262480258942 0.25676316022872925 -0.03423529118299484
v -0.08051031827926636 0.25329411029815674 -0.03530143201351166
v -0.08753852546215057 0.3029586970806122 -8.17120453575626e-05
v -0.06850545108318329 0.256930410861969 0.0069420598447322845
v -0.07319964468479156 0.2474522888660431 -0.0004529962898232043
v -0.07462569326162338 0.29086825251579285 -0.019305309280753136
v -0.077301524579525 0.2958754599094391 -0.029332034289836884
v -0.0948876440525055 0.20747508108615875 -0.051853518933057785
v -0.1257626712322235 0.18560728430747986 -0.0890636071562767
v -0.09702586382627487 0.1675155907869339 -0.014580984599888325
v -0.11815480887889862 0.15937012434005737 -0.08445683866739273
v -0.10832524299621582 0.1692459136247635 -0.039817702025175095
v -0.07334816455841064 0.11561254411935806 -0.013076824136078358
v -0.08181207627058029 0.10960648953914642 -0.01865256018936634
v -0.10546094924211502 0.15545175969600677 -0.029485614970326424
v -0.022640006616711617 0.2747628688812256 -0.05131850019097328
v -0.01647331193089485 0.29324641823768616 -0.07906709611415863
v -0.09477945417165756 0.1474524438381195 -0.013030744157731533
v -0.11619149148464203 0.1329808235168457 -0.12326298654079437
v -0.06973482668399811 0.2827315628528595 -0.008206806145608425
v -0.12627531588077545 0.22346240282058716 -0.03282881900668144
v -0.1401629000902176 0.2783571779727936 -0.039022378623485565
v -0.14335691928863525 -0.04195350781083107 -0.07584728300571442
v -0.1408361792564392 -0.07246169447898865 -0.1092369556427002
v -0.12722642719745636 0.003794721094891429 -0.0278888251632452
v -0.0710386112332344 -0.08669831603765488 -0.002543533220887184
v -0.08884981274604797 -0.07286856323480606 -0.005733469035476446
v -0.03443756327033043 -0.1933671534061432 -0.040075648576021194
v -0.022036148235201836 -0.1528395712375641 -0.04004204645752907
v -0.02583387680351734 -0.14963027834892273 -0.0356893427670002
v -0.02138618379831314 -0.14752048254013062 -0.03900504112243652
v -0.11639657616615295 0.307763010263443 -0.024549823254346848
v -0.01190454326570034 -0.2080281674861908 -0.08990710973739624
v -0.011093789711594582 -0.20315955579280853 -0.09949156641960144
v -0.009339038282632828 -0.19844728708267212 -0.09050296992063522
v -0.007330107036978006 -0.1898442804813385 -0.0907507985830307
v -0.14130337536334991 -0.09345128387212753 -0.1032647043466568
v -0.02015024982392788 -0.24942751228809357 -0.10414943844079971
v -0.01973152533173561 -0.23738142848014832 -0.10969945788383484
v -0.019007597118616104 -0.22584301233291626 -0.11356333643198013
v -0.04730130359530449 -0.2344430387020111 -0.15134167671203613
v -0.1329536736011505 -0.23789402842521667 -0.12164725363254547
v -0.050558798015117645 -0.2720547020435333 -0.15096308290958405
v -0.09360405802726746 -0.3162188231945038 -0.0608234629034996
v -0.059359826147556305 -0.34969228506088257 -0.07385970652103424
v -0.06673204153776169 -0.35908791422843933 -0.16072113811969757
v -0.12509825825691223 -0.30365023016929626 -0.08429278433322906
v -0.1287139505147934 -0.2994748055934906 -0.12322603166103363
v -0.082504503428936 -0.29723405838012695 -0.15852780640125275
v -0.05881716310977936 -0.2939072847366333 -0.15440168976783752
v -0.05790016055107117 -0.3234340250492096 -0.15627412497997284
v -0.06967420130968094 -0.3752084970474243 -0.16446545720100403
v -0.06794799864292145 -0.392040491104126 -0.17080636322498322
v -0.06064237281680107 -0.41462045907974243 -0.17833617329597473
v -0.08215651661157608 -0.4643072485923767 -0.10991895943880081
v -0.061370234936475754 -0.462202787399292 -0.19434921443462372
v -0.08271091431379318 -0.49535495042800903 -0.20327314734458923
v -0.0815848633646965 -0.4732484221458435 -0.2022671401500702
v -0.11648600548505783 -0.4474668800830841 -0.19160966575145721
v -0.13244080543518066 -0.4934700131416321 -0.15162627398967743
v -0.0884263664484024 -0.5317464470863342 -0.126353457570076
v -0.06506579369306564 -0.5374698638916016 -0.19517947733402252
v -0.08315835893154144 -0.5476620197296143 -0.20014552772045135
v -0.07998750358819962 -0.5254524350166321 -0.2014893740415573
v -0.0967714786529541 -0.5321490168571472 -0.20044195652008057
v -0.1235562264919281 -0.5309575796127319 -0.1539655178785324
v -0.0780264213681221 -0.5734828114509583 -0.13254518806934357
v -0.0855957567691803 -0.5540647506713867 -0.13009867072105408
v -0.06818296760320663 -0.557120144367218 -0.1954260617494583
v -0.011244460009038448 -0.17650049924850464 -0.056944798678159714
v -0.009503173641860485 -0.18254989385604858 -0.06356516480445862
v -0.008006703108549118 -0.16512079536914825 -0.12542222440242767
v -0.009059623815119267 -0.16630101203918457 -0.11461191624403
v -0.01622515171766281 -0.16531884670257568 -0.13335517048835754
v -0.14177793264389038 -0.13025857508182526 -0.05555947497487068
v -0.07589689642190933 -0.1167428120970726 -0.014670786447823048
v -0.061745692044496536 -0.11014758050441742 -0.012254391796886921
v -0.12838497757911682 -0.3204141855239868 -0.12145620584487915
v -0.12745432555675507 -0.3272950351238251 -0.10315650701522827
v -0.1043085902929306 -0.3085400462150574 -0.15190501511096954
v -0.04024260491132736 -0.3423803746700287 -0.08839216828346252
v -0.03403545171022415 -0.32219719886779785 -0.0837630107998848
v -0.031186208128929138 -0.23489727079868317 -0.13684464991092682
v -0.09819771349430084 0.03578341007232666 -0.0028615384362637997
v -0.1080300509929657 0.0827753022313118 -0.040562428534030914
v -0.12620213627815247 0.054228369146585464 -0.1278781145811081
v -0.05557389557361603 0.0992240235209465 -0.17969365417957306
v -0.008382955566048622 -0.16047504544258118 -0.06063421815633774
v -0.06640414893627167 -0.1651550978422165 -0.021840721368789673
v -0.09374473989009857 -0.16611459851264954 -0.021629055961966515
v -0.13360558450222015 -0.1574501097202301 -0.046896547079086304
v -0.13757123053073883 -0.15282070636749268 -0.11810703575611115
v -0.05576395243406296 -0.16093137860298157 -0.15862010419368744
v -0.10015469789505005 0.225391685962677 -0.03610226511955261
v -0.1022750735282898 0.22189682722091675 -0.03007739596068859
v -0.10764388740062714 0.2201189249753952 -0.036441706120967865
v -0.11642617732286453 0.3028009235858917 -0.009594959206879139
v -0.09228558093309402 0.22336193919181824 -0.00209733541123569
v -0.08003292977809906 0.2991637587547302 -0.01248948648571968
v -0.06995157152414322 0.27014780044555664 -0.012349379248917103
v -0.08358704298734665 0.3066917955875397 -0.03768394887447357
v -0.10443916916847229 0.29216283559799194 0.04184439405798912
v -0.10083494335412979 0.3074960708618164 -0.010878006927669048
v -0.04013511538505554 0.02491915225982666 0.039939410984516144
v -0.12581965327262878 -0.07987962663173676 -0.032466113567352295
v -0.11210089921951294 -0.08172331750392914 -0.025950796902179718
v -0.0028603519313037395 -0.16453254222869873 -0.10651419311761856
v -0.028538020327687263 -0.14134469628334045 -0.0315886065363884
v -0.038825541734695435 -0.13325677812099457 -0.024090731516480446
v -0.02819615975022316 -0.2840869426727295 -0.1301947832107544
v -0.021611539646983147 -0.27882787585258484 -0.11647655069828033
v -0.021216826513409615 -0.3079638183116913 -0.118996262550354
v -0.020677989348769188 -0.30182400345802307 -0.10484862327575684
v -0.031114259734749794 -0.32130202651023865 -0.1391357183456421
v -0.024201398715376854 -0.3334871828556061 -0.1284998208284378
v -0.04303377494215965 -0.34963342547416687 -0.15084198117256165
v -0.03414536640048027 -0.37592974305152893 -0.13479359447956085
v -0.0425611175596714 -0.3796844780445099 -0.14638300240039825
v -0.038725774735212326 -0.4473502039909363 -0.16420798003673553
v -0.038707539439201355 -0.4686347544193268 -0.17183810472488403
v -0.04099530354142189 -0.519802451133728 -0.16936999559402466
v -0.045507654547691345 -0.5565635561943054 -0.16616937518119812
v -0.009185340255498886 -0.1821134388446808 -0.10735680907964706
v -0.00750606507062912 -0.1867707520723343 -0.09988386929035187
v -0.007016852963715792 -0.17844867706298828 -0.09945117682218552
v -0.0057167233899235725 -0.17573632299900055 -0.08680902421474457
v -0.007886997424066067 -0.17343281209468842 -0.10545431822538376
v -0.005742909386754036 -0.1670144945383072 -0.1027577593922615
v -0.007418185938149691 -0.1673126220703125 -0.10887303948402405
v -0.041857048869132996 0.30812323093414307 -0.09958232939243317
v -0.07770005613565445 0.3155852258205414 -0.09113813191652298
v -0.11316584795713425 0.21549862623214722 -0.05938948318362236
v -0.1048533171415329 0.22328229248523712 -0.05068272352218628
v -0.072006955742836 0.27378541231155396 -0.022004764527082443
v -0.07155109941959381 0.28220638632774353 -0.02045532315969467
v -0.07318838685750961 0.2800595760345459 -0.028305280953645706
v -0.01593274436891079 -0.15561681985855103 -0.15800316631793976
v -0.05203654617071152 -0.17948764562606812 -0.15014438331127167
v -0.05052356421947479 -0.18074972927570343 -0.029009494930505753
v -0.11869083344936371 0.2772887051105499 0.03030603751540184
v -0.07324790209531784 0.265679270029068 -0.022660017013549805
v -0.08194335550069809 0.25621679425239563 -0.03165218606591225
v -0.07750094681978226 0.25663068890571594 -0.023732032626867294
v -0.0815003365278244 0.2487940937280655 -0.02562452293932438
v -0.06697048246860504 0.3079715669155121 0.196907639503479
v -0.05407153442502022 0.3075876235961914 0.19408629834651947
v -0.03447764366865158 0.27128803730010986 0.1882247030735016
v -0.0367547906935215 0.29490506649017334 0.20255441963672638
v -0.04558933153748512 0.24919594824314117 0.17600566148757935
v -0.046934109181165695 0.2498331218957901 0.18440476059913635
v -0.08363623172044754 0.2972973585128784 0.1661095917224884
v -0.04808124527335167 0.2857307195663452 0.1381758600473404
v -0.08620992302894592 0.29898834228515625 0.15066877007484436
v -0.0441688634455204 0.25579121708869934 0.20248539745807648
v -0.0524299256503582 0.2549465298652649 0.2101694643497467
v -0.03255419805645943 0.2777516543865204 0.2071293592453003
v -0.07577300071716309 0.2911422550678253 0.21426337957382202
v -0.03939518332481384 0.28085842728614807 0.1609407365322113
v -0.07362832129001617 0.3061671853065491 0.1601332575082779
v -0.08499933779239655 0.27793124318122864 0.1887451559305191
v -0.07744307070970535 0.2545244097709656 0.17440620064735413
v -0.051277030259370804 0.24579212069511414 0.14448478817939758
v -0.079794742166996 0.3070998787879944 0.12357605248689651
v -0.09216877073049545 0.30205148458480835 0.1201474517583847
v -0.08101192861795425 0.24788598716259003 0.14720945060253143
v -0.06496003270149231 0.2350512444972992 0.12487901002168655
v -0.05435604602098465 0.2466452270746231 0.07824403792619705
v -0.08623062074184418 0.24774692952632904 0.13002867996692657
v -0.06961684674024582 0.2941308617591858 0.09158559888601303
v -0.10009367018938065 0.2631845474243164 0.1111796498298645
v -0.060161132365465164 0.289425790309906 0.1145559549331665
v -0.08253408223390579 0.2322845757007599 0.08302256464958191
v -0.05609165132045746 0.2548709213733673 0.06469234079122543
v -0.05577581003308296 0.27222955226898193 0.07121945917606354
v -0.09379015117883682 0.2976154386997223 0.08151108026504517
v -0.1040385439991951 0.290670245885849 0.08743855357170105
v -0.07962853461503983 0.23012027144432068 0.0689268559217453
v -0.059089433401823044 0.2763252556324005 0.055842578411102295
v -0.08724229037761688 0.29624316096305847 0.06540989875793457
v -0.10143587738275528 0.2926306426525116 0.057530276477336884
v -0.07542364299297333 0.23080597817897797 0.0554531030356884
v -0.06789527088403702 0.2578628957271576 0.20250679552555084
v -0.0767175704240799 0.26575347781181335 0.19884197413921356
v -0.06071292608976364 0.306916207075119 0.1705009490251541
v -0.046829208731651306 0.3057357370853424 0.20343941450119019
v -0.06829555332660675 0.30140799283981323 0.12013798207044601
v -0.09954240918159485 0.2736217677593231 0.12274520844221115
v -0.08380810171365738 0.30046117305755615 0.09013916552066803
v -0.07889232784509659 0.302360862493515 0.10085974633693695
v -0.10549749433994293 0.26231908798217773 0.08881328254938126
v -0.07736311852931976 0.2959044277667999 0.07708104699850082
v -0.09310048818588257 0.2352283000946045 0.07717087119817734
v -0.10959231853485107 0.26436465978622437 0.07368773967027664
v -0.10985684394836426 0.2803449332714081 0.0664505586028099
v -0.06705226004123688 0.24669396877288818 0.17710021138191223
v -0.05045855790376663 0.24583280086517334 0.10678219050168991
v -0.035533301532268524 0.26191332936286926 0.19029627740383148
v -0.0391709990799427 0.25493308901786804 0.18817530572414398
v -0.07862957566976547 0.2778373658657074 0.2070852667093277
v -0.038259439170360565 0.2644975483417511 0.16182175278663635
v -0.0665297880768776 0.23121871054172516 0.11029694229364395
v -0.06405363976955414 0.23637433350086212 0.06874842941761017
v -0.05839012563228607 0.23445461690425873 0.10131796449422836
v -0.06265299767255783 0.24231763184070587 0.05448037013411522
v -0.09856437891721725 0.29843422770500183 0.10949119180440903
v -0.07403619587421417 0.3010701835155487 0.2048703283071518
v -0.08247973769903183 0.29371702671051025 0.18140478432178497
v -0.062057238072156906 0.25875264406204224 0.21227243542671204
v -0.037334077060222626 0.28449612855911255 0.1773495227098465
v -0.07095975428819656 0.23530903458595276 0.04176144674420357
v -0.04703289642930031 0.2929317355155945 0.15337155759334564
v -0.10243602842092514 0.29140424728393555 0.07298332452774048
v -0.0525524765253067 0.2710263133049011 0.10749578475952148
v -0.079402394592762 0.23392610251903534 0.09369508922100067
v -0.0626286193728447 0.28564462065696716 0.07987774908542633
v -0.06962738931179047 0.2311951369047165 0.09941846132278442
v -0.06969495117664337 0.2903122007846832 0.06367415934801102
v -0.05681172385811806 0.24726571142673492 0.18700966238975525
v -0.03714509680867195 0.26043978333473206 0.20589810609817505
v -0.041688237339258194 0.2598452866077423 0.2155866026878357
v -0.04788767918944359 0.2584100365638733 0.11681593954563141
v -0.07799305021762848 0.23611696064472198 0.11986002326011658
v -0.10314266383647919 0.29346156120300293 0.09895120561122894
v -0.0515206940472126 0.259391188621521 0.0825444832444191
v -0.10811369121074677 0.27780336141586304 0.08291152864694595
v -0.09818555414676666 0.2896314263343811 0.11863703280687332
v -0.09595387428998947 0.28608238697052 0.12945370376110077
v -0.11160626262426376 0.1295299082994461 -0.06483986973762512
v -0.09968395531177521 0.12629683315753937 -0.03778332471847534
v -0.09549574553966522 0.12755891680717468 -0.030137166380882263
v -0.11454043537378311 0.19161391258239746 -0.07241503149271011
v -0.11776870489120483 0.18305106461048126 -0.08635695278644562
v -0.11444417387247086 0.18651066720485687 -0.07907511293888092
v -0.0782211646437645 0.23897647857666016 -0.004959383048117161
v -0.0772520899772644 0.23657220602035522 0.004588464740663767
v -0.07125015556812286 0.23954220116138458 0.025318525731563568
v -0.07153943926095963 0.2439124435186386 0.012350162491202354
v -0.11579924076795578 0.1642678678035736 -0.07174491882324219
v -0.12028008699417114 0.2077053189277649 -0.06791144609451294
v -0.11630676686763763 0.21686428785324097 -0.06466275453567505
v -0.11660833656787872 0.2113274782896042 -0.06328529864549637
v -0.05574853718280792 0.23729613423347473 0.11328748613595963
v -0.04527759179472923 0.25079670548439026 0.1626196652650833
v -0.11240051686763763 0.14303520321846008 -0.05309199169278145
v -0.05213596671819687 0.4120620787143707 -0.11857303977012634
v -0.06160904839634895 0.407768577337265 -0.1149444729089737
v -0.03858482465147972 0.32322728633880615 -0.11455473303794861
v -0.05297931656241417 0.4188075065612793 -0.12203693389892578
v -0.03460543602705002 0.3348340392112732 -0.11151082813739777
v -0.035263486206531525 0.34891194105148315 -0.1065889522433281
v -0.03507811948657036 0.3600653409957886 -0.11581755429506302
v -0.038399774581193924 0.3685625493526459 -0.1110016331076622
v -0.019452480599284172 0.024011632427573204 0.040533822029829025
v -0.01041411142796278 0.0019028651295229793 0.035852398723363876
v -0.05506254732608795 0.405518114566803 -0.10970848053693771
v -0.051179684698581696 0.39576148986816406 -0.11185944080352783
v -0.05676726624369621 0.40772971510887146 -0.10845117270946503
v -0.054882075637578964 0.4225178062915802 -0.1100338026881218
v -0.05445399880409241 0.4217252731323242 -0.10318934917449951
v -0.026055289432406425 0.3117784261703491 -0.0882921889424324
v -0.03632878512144089 0.31596139073371887 -0.10346907377243042
v -0.04606054350733757 0.3223075866699219 -0.1241658627986908
v -0.011168531142175198 0.32859745621681213 -0.15435731410980225
v -0.015839386731386185 -0.16188949346542358 -0.14638005197048187
v -0.054747454822063446 0.4137139916419983 -0.11438179016113281
v -0.05462225154042244 0.4098324179649353 -0.1154000461101532
v -0.049380168318748474 0.4058598279953003 -0.12002640962600708
v -0.042188212275505066 0.38191425800323486 -0.11308979243040085
v -0.04720766469836235 0.394559383392334 -0.11745048314332962
v -0.055436328053474426 0.4178904891014099 -0.10916606336832047
v -0.04809936136007309 0.3997262716293335 -0.1183045357465744
v -0.04538021609187126 0.013336258009076118 -0.1810283064842224
v -0.12163865566253662 -0.008640998043119907 -0.15113557875156403
v -0.13533060252666473 -0.001161852851510048 -0.12827832996845245
v -0.14547842741012573 -0.019007142633199692 -0.08967524021863937
v -0.1379137486219406 -0.030291544273495674 -0.05098734796047211
v -0.1279296725988388 -0.044668518006801605 -0.03409719839692116
v -0.10137104988098145 -0.061824340373277664 -0.010178925469517708
v -0.06113753467798233 -0.079051174223423 0.014160413295030594
v -0.021548975259065628 -0.0726599395275116 0.027422627434134483
v -0.02366737648844719 0.3034663200378418 -0.08576650172472
v -0.020618434995412827 0.31890439987182617 -0.0819954127073288
v -0.018416715785861015 0.32873615622520447 -0.07173795253038406
v -0.025201465934515 0.33981963992118835 -0.06309916824102402
v -0.017601944506168365 0.3477047085762024 -0.03519425541162491
v -0.007033046800643206 0.37866705656051636 -0.02527810074388981
v -0.04570920765399933 0.29116472601890564 -0.057801503688097
v -0.05041469261050224 0.2966579496860504 -0.06569859385490417
v -0.0964350625872612 0.2851950228214264 -0.161923348903656
v -0.11913499981164932 0.3082193434238434 -0.1223374754190445
v -0.12774936854839325 0.31100189685821533 -0.06034107506275177
v -0.035541560500860214 0.3274523913860321 -0.1400161236524582
v -0.08300014585256577 0.19217942655086517 -0.18727421760559082
v -0.07540629804134369 0.2971378564834595 -0.03921138122677803
v -0.13859796524047852 0.22309601306915283 -0.08711528778076172
v -0.13066433370113373 0.30973386764526367 -0.08258435875177383
v -0.14599727094173431 0.2729354202747345 -0.08842313289642334
v -0.10207094252109528 0.31268414855003357 -0.03463566303253174
v -0.09663817286491394 0.31929734349250793 -0.09140855818986893
v -0.1078144907951355 0.221548929810524 -0.04449301213026047
v -0.1105598509311676 0.2234726995229721 -0.05517255887389183
v -0.11300088465213776 0.22516246140003204 -0.061893727630376816
v -0.1220329999923706 0.21157999336719513 -0.07148865610361099
v -0.11970863491296768 0.21847085654735565 -0.06848695129156113
v -0.13334016501903534 0.21803119778633118 -0.07915285229682922
v -0.12741583585739136 0.21986663341522217 -0.05137607827782631
v -0.10491188615560532 0.2319892793893814 -0.05329198017716408
v -0.12906473875045776 0.21032458543777466 -0.07958848029375076
v -0.12280166149139404 0.21863298118114471 -0.06476101279258728
v -0.11123145371675491 0.22106894850730896 -0.0498918816447258
v -0.11481132358312607 0.22137534618377686 -0.05684027075767517
v -0.11775977909564972 0.21895882487297058 -0.050657954066991806
v -0.1267470270395279 0.21390068531036377 -0.07466670125722885
v -0.07435126602649689 0.27083641290664673 -0.028336672112345695
v -0.0765129029750824 0.26341375708580017 -0.028973590582609177
v -0.07353013753890991 0.2779560387134552 -0.03449419513344765
v -0.08923304826021194 0.2508234679698944 -0.04210347682237625
v -0.08480040729045868 0.2478572577238083 -0.036772750318050385
v -0.07715189456939697 0.24757175147533417 -0.03558550775051117
v -0.07185618579387665 0.3043711483478546 -0.061198826879262924
v -0.08806952089071274 0.30625155568122864 -0.023399846628308296
v -0.08507192879915237 0.25490111112594604 -0.03909847512841225
v -0.08153513073921204 0.25971361994743347 -0.038014885038137436
v -0.11355891078710556 0.21998530626296997 -0.06153874471783638
v -0.1106218472123146 0.2270180583000183 -0.05949057266116142
v -0.11531171202659607 0.22369226813316345 -0.06433211266994476
v -0.12289399653673172 0.30949530005455017 -0.04144361615180969
v -0.07462327927350998 0.28805679082870483 -0.029318198561668396
v -0.13480274379253387 0.22683177888393402 -0.054521746933460236
v -0.13542944192886353 0.21448715031147003 -0.09520034492015839
v -0.1071353629231453 0.3156609535217285 -0.054529182612895966
v -0.14025594294071198 0.29446113109588623 -0.05049349367618561
v -0.13985522091388702 0.2507549226284027 -0.05633845552802086
v -0.1392814964056015 0.23758643865585327 -0.06193164736032486
v -0.1388511061668396 0.22586049139499664 -0.10138324648141861
v -0.06661035120487213 0.29732149839401245 -0.056250739842653275
v -0.06857997924089432 0.2871723175048828 -0.0397493913769722
v -0.06857297569513321 0.27399173378944397 -0.03742729499936104
v -0.06856828927993774 0.2807563543319702 -0.03817883878946304
v -0.07261808216571808 0.28408941626548767 -0.03472432121634483
v -0.07833930850028992 0.2628258466720581 -0.03531773388385773
v -0.0747750997543335 0.2725556790828705 -0.03467697277665138
v -0.04548699036240578 0.2745945155620575 -0.04015948250889778
v -0.04571929946541786 0.284281849861145 -0.048094164580106735
v -0.05324620008468628 0.2896523177623749 -0.05259253457188606
v -0.06460528075695038 0.2918233573436737 -0.05052131041884422
v -0.059778276830911636 0.2863866090774536 -0.051907505840063095
v -0.07377360761165619 0.2904806137084961 -0.03676772490143776
v -0.07604548335075378 0.2674829065799713 -0.0348273441195488
v -0.1102759912610054 0.2218753546476364 -0.0574287511408329
v -0.11784572154283524 0.22082370519638062 -0.06155644729733467
v -0.12170735001564026 0.21884988248348236 -0.057420119643211365
v -0.12343498319387436 0.21906907856464386 -0.042352695018053055
v -0.12053252011537552 0.22152702510356903 -0.021741779521107674
v -0.11291570216417313 0.21934805810451508 -0.012646512128412724
v -0.10772919654846191 0.2300291657447815 0.02606542780995369
v -0.0968579575419426 0.23428596556186676 0.06469765305519104
v -0.09504125267267227 0.24073058366775513 0.09229540079832077
v -0.11613090336322784 0.2397473305463791 0.01734195277094841
v -0.10352189838886261 0.2477576732635498 0.08091634511947632
v -0.022540701553225517 0.3761882781982422 -0.03558953106403351
v -0.013260689564049244 0.3588840663433075 -0.03067648410797119
v -0.09592781960964203 0.25786492228507996 0.12465095520019531
v -0.10183277726173401 0.2663465440273285 0.10021183639764786
v -0.08856259286403656 0.24521921575069427 0.11627952754497528
v -0.09270874410867691 0.2715998589992523 0.15465250611305237
v -0.09071178734302521 0.2868424355983734 0.15742726624011993
v -0.08585384488105774 0.30503690242767334 0.13204514980316162
v -0.0686563104391098 0.3063853979110718 0.14741748571395874
v -0.05738763511180878 0.30008548498153687 0.1424708515405655
v -0.04123454913496971 0.2725208103656769 0.146406352519989
v -0.042871877551078796 0.2569524049758911 0.14812669157981873
v -0.06022888049483299 0.23947879672050476 0.13761375844478607
v -0.07524183392524719 0.23956504464149475 0.135099396109581
v -0.039328839629888535 0.3187960982322693 0.2657005786895752
v -0.03425072506070137 0.314042866230011 0.2560577988624573
v -0.026152461767196655 0.30323725938796997 0.26183366775512695
v -0.036343757063150406 0.2703598439693451 0.2528000771999359
v -0.05452581122517586 0.2742841839790344 0.25590622425079346
v -0.05175634101033211 0.30994582176208496 0.2181679755449295
v -0.03238305449485779 0.3028481602668762 0.23737742006778717
v -0.031214362010359764 0.27650073170661926 0.2202000617980957
v -0.029320601373910904 0.2787715196609497 0.2568565905094147
v -0.06378653645515442 0.2947959005832672 0.2504972815513611
v -0.02897806093096733 0.29107093811035156 0.24585413932800293
v -0.029850145801901817 0.3042864203453064 0.2499784380197525
v -0.06984974443912506 0.2959364056587219 0.22882330417633057
v -0.05450144782662392 0.30747532844543457 0.27084511518478394
v -0.060102351009845734 0.2856307625770569 0.26205137372016907
v -0.05298127606511116 0.3127622604370117 0.2413051575422287
v -0.03263946250081062 0.28850042819976807 0.21565739810466766
v -0.03733270615339279 0.2675155699253082 0.23978450894355774
v -0.04853781685233116 0.26334863901138306 0.2336350530385971
v -0.04462610185146332 0.2708570659160614 0.2615501284599304
v -0.0631399005651474 0.2684575319290161 0.2286544293165207
v -0.008833922445774078 0.3185896575450897 0.32786470651626587
v -0.004108072724193335 0.32882311940193176 0.3164508044719696
v -0.01511476282030344 0.32614582777023315 0.3425370454788208
v -0.03733808547258377 0.30744653940200806 0.345085471868515
v -0.038539063185453415 0.29572051763534546 0.3400827646255493
v -0.02057601884007454 0.2943827211856842 0.28440290689468384
v -0.012749562039971352 0.325322687625885 0.2980169355869293
v -0.007226341869682074 0.33176571130752563 0.30877795815467834
v -0.007524852640926838 0.3187958002090454 0.38173115253448486
v -0.016489824280142784 0.32096099853515625 0.3817541003227234
v -0.014628869481384754 0.30196037888526917 0.3391953706741333
v -0.0360868014395237 0.2749338448047638 0.28795456886291504
v -0.03240922838449478 0.2756052613258362 0.3363387882709503
v -0.015653038397431374 0.3333602845668793 0.30629053711891174
v -0.021756397560238838 0.3294225037097931 0.30056673288345337
v -0.011857285164296627 0.31092703342437744 0.3438486158847809
v -0.01675308123230934 0.29705870151519775 0.32920321822166443
v -0.02010301873087883 0.26930564641952515 0.3337326645851135
v -0.03527284413576126 0.27535921335220337 0.294739305973053
v -0.011451165191829205 0.30621352791786194 0.30529579520225525
v -0.00852663442492485 0.317406564950943 0.3014462888240814
v -0.015625175088644028 0.29858896136283875 0.29687201976776123
v -0.020716814324259758 0.28530266880989075 0.29326778650283813
v -0.025644952431321144 0.28346818685531616 0.2818162739276886
v -0.01762789487838745 0.3190879821777344 0.2891905903816223
v -0.0028293237555772066 0.33429065346717834 0.32248780131340027
v -0.018211696296930313 0.2841271162033081 0.3041795492172241
v -0.018254229798913002 0.32196512818336487 0.3735734820365906
v -0.01597539521753788 0.28666624426841736 0.35618841648101807
v -0.031293924897909164 0.31630682945251465 0.3508383631706238
v -0.026875337585806847 0.2698822319507599 0.33002954721450806
v -0.027119725942611694 0.2706042230129242 0.3207489550113678
v -0.01625177264213562 0.29113245010375977 0.3389742076396942
v -0.020627954974770546 0.32547101378440857 0.35104334354400635
v -0.025870418176054955 0.2778724133968353 0.35147008299827576
v -0.013661886565387249 0.322370320558548 0.3586691617965698
v -0.01636236533522606 0.3113265931606293 0.37618792057037354
v -0.04105527326464653 0.2943486273288727 0.32824090123176575
v -0.03434455394744873 0.27572712302207947 0.3268795609474182
v -0.020528895780444145 0.3083566725254059 0.36243247985839844
v -0.010323847644031048 0.314623087644577 0.35659223794937134
v -0.011553805321455002 0.32226064801216125 0.37684398889541626
v -0.036656029522418976 0.2853979766368866 0.3351629674434662
v -0.029400357976555824 0.3234400451183319 0.34550321102142334
v -0.03946724161505699 0.28440436720848083 0.32365384697914124
v -0.04653273895382881 0.29026076197624207 0.3017306625843048
v -0.03417640179395676 0.2891732156276703 0.3473608195781708
v -0.046304263174533844 0.30242106318473816 0.3070782721042633
v -0.043737515807151794 0.2923840880393982 0.31524547934532166
v -0.051142618060112 0.28905925154685974 0.28874966502189636
v -0.04070229455828667 0.3149156868457794 0.32585474848747253
v -0.030749822035431862 0.3084311783313751 0.35509783029556274
v -0.012761631049215794 0.3119698464870453 0.3881179094314575
v -0.036636173725128174 0.31692302227020264 0.3382205367088318
v -0.013370366767048836 0.30003005266189575 0.3566642701625824
v -0.04272090271115303 0.31447795033454895 0.3114568293094635
v -0.02829005941748619 0.33142876625061035 0.3210720717906952
v -0.030377674847841263 0.3235626220703125 0.2860194742679596
v -0.03595197945833206 0.3244163990020752 0.3075862526893616
v -0.04069876670837402 0.3213194012641907 0.29151421785354614
v -0.005808864254504442 0.3230305016040802 0.3087655305862427
v -0.01752636954188347 0.2817564308643341 0.3138321340084076
v -0.03358317166566849 0.32105645537376404 0.2758882939815521
v -0.022883642464876175 0.30493462085723877 0.27482739090919495
v -0.02386808767914772 0.29220354557037354 0.2719200849533081
v -0.04936197027564049 0.2803706228733063 0.28139135241508484
v -0.05412273854017258 0.3004913926124573 0.2811213731765747
v -0.04303892329335213 0.3195052444934845 0.278978168964386
v -0.02354978211224079 0.3167622983455658 0.2795906066894531
v -0.01697113923728466 0.29023391008377075 0.36024901270866394
v -0.016547735780477524 0.2938772141933441 0.3088391125202179
v -0.03471372649073601 0.2746628522872925 0.3163250684738159
v -0.01180548407137394 0.32048499584198 0.3487919867038727
v -0.020398972555994987 0.3159559667110443 0.3751273453235626
v -0.017050432041287422 0.30666399002075195 0.3620053231716156
v -0.01020932849496603 0.32721489667892456 0.3330081105232239
v -0.013902495615184307 0.29696962237358093 0.3483230769634247
v -0.011932643130421638 0.31106022000312805 0.37293145060539246
v -0.02927969954907894 0.29956045746803284 0.3603358864784241
v -0.028564577922225 0.27709704637527466 0.28922075033187866
v -0.04108881205320358 0.27573341131210327 0.28396591544151306
v -0.022352829575538635 0.3227726221084595 0.35895252227783203
v -0.015322547405958176 0.28668850660324097 0.3477472960948944
v -0.02865065261721611 0.29182541370391846 0.3590600788593292
v -0.026365188881754875 0.269345760345459 0.33933261036872864
v -0.020272240042686462 0.2902337908744812 0.36262789368629456
v -0.04986800253391266 0.3014663755893707 0.29379186034202576
v -0.015039904043078423 0.3181478977203369 0.3886999487876892
v -0.0072961957193911076 0.3130316138267517 0.38554564118385315
v -0.01270715519785881 0.30898115038871765 0.3616846203804016
v -0.03612615168094635 0.32330912351608276 0.32043009996414185
v -0.01695142686367035 0.31366509199142456 0.38212281465530396
v -0.026976635679602623 0.27199700474739075 0.3113834261894226
v -0.04901143163442612 0.3121854364871979 0.2838385999202728
v -0.01729871891438961 0.29009974002838135 0.32030633091926575
v -0.02502085641026497 0.3325488865375519 0.31086426973342896
v -0.04137212783098221 0.2745460569858551 0.275517076253891
v -0.024574849754571915 0.2759530544281006 0.29959771037101746
v -0.01612912118434906 0.3374093472957611 0.3283075988292694
v -0.011734578758478165 0.3070843517780304 0.3522815406322479
v -0.028577344492077827 0.28536614775657654 0.3600560426712036
v -0.024182992056012154 0.31871551275253296 0.362719863653183
v -0.026664406061172485 0.3192799985408783 0.35648998618125916
v -0.010392377153038979 0.32204580307006836 0.3871408998966217
v -0.019361989572644234 0.32269906997680664 0.36536622047424316
v -0.01731386035680771 0.30754584074020386 0.28627827763557434
v -0.011648177169263363 0.34166818857192993 0.3212929666042328
v -0.0320652574300766 0.32581645250320435 0.3323896527290344
v -0.011002128943800926 0.3117595613002777 0.3799777328968048
v -0.018278177827596664 0.276109904050827 0.3517100214958191
v -0.03703303635120392 0.2647330164909363 0.22481781244277954
v -0.033179379999637604 0.2760263979434967 0.28052350878715515
v -0.02410498633980751 0.2790434658527374 0.35626837611198425
v -0.024057799950242043 0.2910911738872528 0.36216267943382263
v -0.011332782916724682 0.32055696845054626 0.39418119192123413
v -0.006975796539336443 0.3122027516365051 0.39115840196609497
v -0.00609056418761611 0.3200487494468689 0.4052138924598694
v -0.008310345001518726 0.3159199059009552 0.40762656927108765
v -0.00992894358932972 0.3195376694202423 0.3998015522956848
v -0.006718559190630913 0.3210863471031189 0.3943820297718048
v -0.012443870306015015 0.31441447138786316 0.394998699426651
v -0.004538656212389469 0.318477600812912 0.40913549065589905
v -0.004923904314637184 0.32033824920654297 0.39987242221832275
v -0.009619133546948433 0.3134264349937439 0.40202605724334717
v -0.005050990264862776 0.3130953013896942 0.41020750999450684
v -0.005361614748835564 0.3177453279495239 0.38884568214416504
v -0.003567395033314824 0.31553351879119873 0.396003782749176
v -0.007272566203027964 0.3114057183265686 0.39717715978622437
v -0.004113513045012951 0.31212174892425537 0.4019987881183624
v -0.0061423564329743385 0.3116809129714966 0.4063756465911865
v -0.0029030402656644583 0.3136604428291321 0.40746986865997314
v -0.0025279298424720764 0.31783527135849 0.40383726358413696
v -0.006282680202275515 0.3151680529117584 0.4113755226135254
v -0.022189131006598473 0.31821537017822266 0.3688940405845642
v -0.012490094639360905 0.3101969361305237 0.36741870641708374
v -0.008523660711944103 0.3164767026901245 0.3734438717365265
v -0.012168018147349358 0.32198566198349 0.36825621128082275
v -0.01761089451611042 0.31083834171295166 0.3705866038799286
v -0.009464003145694733 0.31597423553466797 0.36490967869758606
v -0.017198044806718826 0.30952849984169006 0.36520931124687195
v -0.02115626633167267 0.31249305605888367 0.36637669801712036
v -0.010157745331525803 0.2946033179759979 0.3831506371498108
v -0.01811218447983265 0.3039623498916626 0.3770601749420166
v -0.01781250350177288 0.30492135882377625 0.3711526095867157
v -0.012975200079381466 0.3007631301879883 0.3867713510990143
v -0.013961459510028362 0.3022059202194214 0.36356619000434875
v -0.019836552441120148 0.29176047444343567 0.37882909178733826
v -0.020841334015130997 0.2921473979949951 0.37310415506362915
v -0.014756427146494389 0.2920185625553131 0.35649698972702026
v -0.023087626323103905 0.29788970947265625 0.377916157245636
v -0.020054690539836884 0.29432713985443115 0.38492485880851746
v -0.008046525530517101 0.29065462946891785 0.3910500109195709
v -0.008881760761141777 0.2973653972148895 0.389815092086792
v -0.02302907034754753 0.3031504154205322 0.37306469678878784
v -0.015656456351280212 0.2909012734889984 0.3755687177181244
v -0.0165732242166996 0.2912456691265106 0.37021392583847046
v -0.016996635124087334 0.29796361923217773 0.39081159234046936
v -0.019232427701354027 0.3013213872909546 0.3834625482559204
v -0.016658375039696693 0.2905459702014923 0.38971641659736633
v -0.011963443830609322 0.28779739141464233 0.3938150405883789
v -0.015130249783396721 0.29009509086608887 0.3819964826107025
v -0.012144125998020172 0.2985941171646118 0.39536145329475403
v -0.026404639706015587 0.3013894259929657 0.36718785762786865
v -0.01718360185623169 0.305261492729187 0.36588531732559204
v -0.01403130404651165 0.3024613857269287 0.3687855005264282
v -0.012091200798749924 0.2890698313713074 0.3868584632873535
v -0.015182558447122574 0.2930883467197418 0.39718174934387207
v -0.011193293146789074 0.2967216372489929 0.40081387758255005
v -0.011211318895220757 0.28728678822517395 0.40011441707611084
v -0.009574986062943935 0.292756050825119 0.40988588333129883
v -0.006691430229693651 0.2918570339679718 0.4148479700088501
v -0.009074874222278595 0.295251727104187 0.4058631658554077
v -0.004994882736355066 0.2929665744304657 0.41070860624313354
v -0.012531849555671215 0.2918517291545868 0.404105007648468
v -0.0041814628057181835 0.2886475920677185 0.41442036628723145
v -0.003862696001306176 0.29113250970840454 0.40490102767944336
v -0.006299853790551424 0.29539889097213745 0.40157315135002136
v -0.009685424156486988 0.28793543577194214 0.41322028636932373
v -0.008033632300794125 0.2866029739379883 0.4167240262031555
v -0.006724888458848 0.2954360246658325 0.39569365978240967
v -0.006085976492613554 0.28902602195739746 0.3980647325515747
v -0.009893943555653095 0.2864706814289093 0.4072355031967163
v -0.006062147673219442 0.2864122688770294 0.40314343571662903
v -0.0077159530483186245 0.28484103083610535 0.4115828275680542
v -0.006585888098925352 0.28514155745506287 0.4149026572704315
v -0.004178271163254976 0.28645116090774536 0.40839073061943054
v -0.007857728749513626 0.28929856419563293 0.41736263036727905
v -0.024426808580756187 0.31310907006263733 0.3607596158981323
v -0.01158857811242342 0.2949873208999634 0.37550804018974304
v -0.016965970396995544 0.29139184951782227 0.36532261967658997
v -0.012518230825662613 0.2956444323062897 0.36831188201904297
v -0.01333265658468008 0.30166804790496826 0.38023820519447327
v -0.013302153907716274 0.30170372128486633 0.37383386492729187
v -0.025328027084469795 0.29481279850006104 0.3644566833972931
v -0.013791240751743317 0.29450705647468567 0.3613166809082031
v -0.021991437301039696 0.30587080121040344 0.3671400845050812
v -0.02153802290558815 0.2922806441783905 0.3671324849128723
v -0.02445862628519535 0.2957204580307007 0.3708447515964508
v -0.014512138441205025 0.3050950765609741 0.3601504862308502
v -0.025272399187088013 0.3067728877067566 0.3618425130844116
v -0.034260500222444534 0.2981187105178833 0.3514254093170166
v -0.04148541018366814 0.30553320050239563 0.33347171545028687
v -0.02092474326491356 0.2828034460544586 0.3810241222381592
v -0.02639373205602169 0.2882205545902252 0.36563941836357117
v -0.01727529801428318 0.2843429148197174 0.3774089813232422
v -0.01725061796605587 0.2861550450325012 0.3622024357318878
v -0.025055700913071632 0.28012731671333313 0.37051674723625183
v -0.01739921048283577 0.28542178869247437 0.3717986047267914
v -0.01711093634366989 0.27305474877357483 0.3889042139053345
v -0.020299740135669708 0.27549999952316284 0.3740966320037842
v -0.013276158832013607 0.27769333124160767 0.3790896534919739
v -0.011842288076877594 0.27772414684295654 0.38534823060035706
v -0.025439752265810966 0.28622302412986755 0.3704221248626709
v -0.01655331254005432 0.2766467332839966 0.3690621554851532
v -0.02115674689412117 0.2766605317592621 0.3671777844429016
v -0.015793388709425926 0.28090333938598633 0.3881057798862457
v -0.024570614099502563 0.28221431374549866 0.37528902292251587
v -0.013494878076016903 0.2729584276676178 0.383300244808197
v -0.01831945963203907 0.2738666534423828 0.3835507035255432
v -0.016059132292866707 0.27368518710136414 0.3784904479980469
v -0.021520469337701797 0.27733346819877625 0.3796405792236328
v -0.01599632203578949 0.2824893593788147 0.3828996419906616
v -0.01960214599967003 0.27980881929397583 0.38570764660835266
v -0.021972786635160446 0.28597334027290344 0.3753618001937866
v -0.02121683582663536 0.2874146103858948 0.3705887496471405
v -0.016057226806879044 0.2750985622406006 0.3741375803947449
v -0.016465360298752785 0.27854323387145996 0.3920784294605255
v -0.011612307280302048 0.2722899913787842 0.38830265402793884
v -0.01427123136818409 0.276656836271286 0.3992435932159424
v -0.013700686395168304 0.2737733721733093 0.40285438299179077
v -0.01228333543986082 0.2767200171947479 0.40160614252090454
v -0.014860845170915127 0.27812665700912476 0.3959508538246155
v -0.011122006922960281 0.27759838104248047 0.39804497361183167
v -0.01637468859553337 0.2740839123725891 0.39508071541786194
v -0.011029512621462345 0.275902658700943 0.40404239296913147
v -0.00835223589092493 0.27477535605430603 0.40058228373527527
v -0.011079173535108566 0.2741902470588684 0.4068160057067871
v -0.0135275200009346 0.27018335461616516 0.39919230341911316
v -0.011769278906285763 0.27843502163887024 0.3915410339832306
v -0.009271379560232162 0.27370238304138184 0.3929486870765686
v -0.01307742390781641 0.2702363133430481 0.3931163549423218
v -0.009314366616308689 0.27040719985961914 0.396876722574234
v -0.009983228519558907 0.2690146267414093 0.4014930725097656
v -0.011548618786036968 0.26969248056411743 0.4051406979560852
v -0.008603488095104694 0.27220866084098816 0.40490299463272095
v -0.01163545623421669 0.27188748121261597 0.40737026929855347
v -0.017498234286904335 0.2775556445121765 0.36390599608421326
v -0.015773115679621696 0.28235888481140137 0.3668861985206604
v -0.016636939719319344 0.28073984384536743 0.35934048891067505
v -0.018633494153618813 0.28708991408348083 0.3666151165962219
v -0.023517176508903503 0.27836668491363525 0.36202701926231384
v -0.014767652377486229 0.28006914258003235 0.3735089898109436
v -0.01885266602039337 0.27780401706695557 0.3555554151535034
v -0.026958247646689415 0.2831510603427887 0.36568987369537354
v -0.02277585119009018 0.288760244846344 0.3662908673286438
v -0.018620537593960762 0.2651713490486145 0.36755436658859253
v -0.022817151620984077 0.2692701816558838 0.35994648933410645
v -0.016548870131373405 0.2728891372680664 0.3484170436859131
v -0.021977826952934265 0.263449102640152 0.3581070005893707
v -0.014421094208955765 0.26510563492774963 0.359525591135025
v -0.0127750588580966 0.26048383116722107 0.3625929355621338
v -0.02190687693655491 0.26457479596138 0.3634284436702728
v -0.013985677622258663 0.2647235691547394 0.3658115565776825
v -0.02648509293794632 0.2720125913619995 0.35170310735702515
v -0.017666086554527283 0.2667510211467743 0.3465469181537628
v -0.018742019310593605 0.26810723543167114 0.36301541328430176
v -0.017268652096390724 0.25978776812553406 0.36182427406311035
v -0.016628488898277283 0.2620308995246887 0.35682016611099243
v -0.016344884410500526 0.2630820572376251 0.3709222972393036
v -0.028672441840171814 0.27290380001068115 0.3456666171550751
v -0.022841081023216248 0.27252137660980225 0.35578984022140503
v -0.022198740392923355 0.27629369497299194 0.35264962911605835
v -0.01873912662267685 0.26042479276657104 0.3674580156803131
v -0.013598733581602573 0.2573920488357544 0.36557209491729736
v -0.011836249381303787 0.25594237446784973 0.3690245449542999
v -0.012036299332976341 0.25821638107299805 0.38021358847618103
v -0.014463601633906364 0.2583879232406616 0.3770367503166199
v -0.011534873396158218 0.26006898283958435 0.3770349323749542
v -0.01624256931245327 0.25775212049484253 0.3717075288295746
v -0.008846363052725792 0.2571495473384857 0.3794346749782562
v -0.014775305055081844 0.2612580955028534 0.37422439455986023
v -0.012812760658562183 0.25422635674476624 0.3786441683769226
v -0.010838085785508156 0.2561945915222168 0.383041650056839
v -0.00923977978527546 0.25727206468582153 0.3732525408267975
v -0.011906057596206665 0.2541451156139374 0.37328460812568665
v -0.011073959991335869 0.2608574628829956 0.36930301785469055
v -0.009464302100241184 0.2528979182243347 0.38099703192710876
v -0.009281362406909466 0.25337398052215576 0.37692365050315857
v -0.011814406141638756 0.2539510130882263 0.38281896710395813
v -0.019664710387587547 0.26375100016593933 0.35164961218833923
v -0.01892111450433731 0.2727990448474884 0.3534095287322998
v -0.01796540431678295 0.27031832933425903 0.357178270816803
v -0.015556399710476398 0.26667389273643494 0.3526995778083801
v -0.02480260841548443 0.2674420177936554 0.3546297252178192
v -0.023947488516569138 0.26702049374580383 0.34709689021110535
v -0.009154938161373138 0.3432996869087219 0.33649957180023193
v -0.0033513593953102827 0.33493921160697937 0.32991722226142883
v 0.00027149994275532663 0.3408109247684479 0.33191293478012085
v -0.010032345540821552 0.3352752923965454 0.33319413661956787
v -0.011445325799286366 0.34288331866264343 0.32993558049201965
v -0.006115045864135027 0.3484118580818176 0.33130472898483276
v -0.0014584880555048585 0.34050285816192627 0.3249242305755615
v -0.0060923960991203785 0.3445938527584076 0.32444828748703003
v -0.0009218541090376675 0.346737265586853 0.32889169454574585
v -0.005393259692937136 0.35146135091781616 0.33681628108024597
v -0.004994882736355066 0.3535135090351105 0.3429168462753296
v 0.004532890859991312 0.3591766655445099 0.3432556986808777
v 0.0038441449869424105 0.3623393177986145 0.3466481566429138
v -0.0002900869585573673 0.35151734948158264 0.33342307806015015
v 0.005933684762567282 0.35288381576538086 0.3423888683319092
v 0.0004901466891169548 0.3554707169532776 0.33829352259635925
v 0.006103259511291981 0.3579121232032776 0.3481892943382263
v 0.00643404945731163 0.35488447546958923 0.34560468792915344
v 0.0043494608253240585 0.3492562770843506 0.343267560005188
v 0.0028191148303449154 0.3463379442691803 0.3347114622592926
v 0.004843460861593485 0.35189881920814514 0.3462926745414734
v 0.004657093435525894 0.3503551483154297 0.3387034833431244
v 0.003752167336642742 0.3610641062259674 0.3505918085575104
v -0.002191300271078944 0.3582991063594818 0.3446454405784607
v -0.000340138009050861 0.3610069453716278 0.34955668449401855
v -0.004976185970008373 0.3378932476043701 0.33592480421066284
v 0.0008161855512298644 0.34241893887519836 0.3373049199581146
v 0.003025829093530774 0.3461688458919525 0.33995693922042847
v -0.00455069774761796 0.341450572013855 0.3397233784198761
v -0.003769738832488656 0.34860533475875854 0.3458251953125
v -0.0063223764300346375 0.3468087911605835 0.3422195315361023
v -0.0010770846856757998 0.3441786468029022 0.34231266379356384
v 0.001789986272342503 0.34967800974845886 0.3470437228679657
v -0.0022976587060838938 0.35382744669914246 0.34890273213386536
v 0.0028366688638925552 0.3562663197517395 0.3508434593677521
v 0.0012858491390943527 0.3468637764453888 0.3443387746810913
v 0.0022023809142410755 0.35246193408966064 0.3492414355278015
v 0.004875957500189543 0.3544991612434387 0.34870296716690063
v -0.04361063987016678 0.30378788709640503 0.3201654255390167
v -0.016454434022307396 0.28050583600997925 0.35325807332992554
v -0.029848014935851097 0.2840093970298767 0.3531281054019928
v -0.019386643543839455 0.2777365446090698 0.35952380299568176
v -0.015923377126455307 0.28136271238327026 0.33943691849708557
v -0.020319661125540733 0.2677615284919739 0.3406060039997101
v -0.02003958448767662 0.27137812972068787 0.3249821960926056
v -0.017171261832118034 0.2783314287662506 0.32295653223991394
v -0.016278475522994995 0.27263563871383667 0.34065985679626465
v -0.020096054300665855 0.27363577485084534 0.3179204761981964
v -0.03178294748067856 0.28088128566741943 0.3444450795650482
v -0.015954794362187386 0.2790141701698303 0.34715214371681213
v -0.016518667340278625 0.27577584981918335 0.3324248492717743
v -0.01686706580221653 0.28564873337745667 0.32994043827056885
v -0.012778550386428833 0.30896350741386414 0.33061105012893677
v -0.008030603639781475 0.3141123354434967 0.31062284111976624
v -0.011309870518743992 0.3186321556568146 0.33813008666038513
v -0.016306575387716293 0.33144596219062805 0.3346845805644989
v -0.023592544719576836 0.3285292983055115 0.33979785442352295
v -0.023311324417591095 0.3324868679046631 0.329935222864151
v -0.019377557560801506 0.3369378447532654 0.319661408662796
v -0.01231230515986681 0.3378385603427887 0.3133159279823303
v -0.005990244913846254 0.32055556774139404 0.3186795711517334
v -0.009863396175205708 0.31160351634025574 0.3193904459476471
v -0.014463184401392937 0.3025324046611786 0.3173680305480957
v -0.020642662420868874 0.27566343545913696 0.3087449371814728
v -0.012537099421024323 0.31166207790374756 0.29496532678604126
v -0.021576467901468277 0.3251478672027588 0.2923910915851593
v -0.030725866556167603 0.3266890048980713 0.2973508834838867
v -0.04158870503306389 0.2803157866001129 0.3004395067691803
v -0.040662191808223724 0.2814929187297821 0.31161606311798096
v -0.033703237771987915 0.27450305223464966 0.3058584928512573
v -0.04408461973071098 0.2794513404369354 0.2907158136367798
v -0.0455438606441021 0.3133234977722168 0.2980463206768036
v -0.00518921110779047 0.3387508690357208 0.31769317388534546
v -0.0061423564329743385 0.3277616798877716 0.32635799050331116
v -0.03283863514661789 0.4158863425254822 -0.04575389623641968
v -0.031175117939710617 0.424130916595459 -0.04245343431830406
v -0.03980407118797302 0.3783721923828125 -0.11838611960411072
v -0.0403929203748703 0.3759518265724182 -0.11075842380523682
v -0.05074058473110199 0.4106549918651581 -0.12564615905284882
v -0.04771297052502632 0.4025964140892029 -0.1261884868144989
v -0.045362070202827454 0.39681124687194824 -0.1234373077750206
v -0.0672004446387291 0.2856341600418091 0.027127070352435112
v -0.08027569204568863 0.2970234453678131 0.017209425568580627
v -0.09686411172151566 0.22492584586143494 0.033177461475133896
v -0.09296649694442749 0.298289954662323 0.02953546866774559
v -0.11965496093034744 0.2877143919467926 0.014997553080320358
v -0.07912460714578629 0.2296382635831833 0.03094206564128399
v -0.09074734151363373 0.22347067296504974 0.011952473782002926
v -0.1002964973449707 0.222763791680336 0.019384976476430893
v -0.11221802979707718 0.2409660369157791 0.032196443527936935
v -0.1178484559059143 0.2549963593482971 0.030525535345077515
v -0.06654926389455795 0.25335410237312317 0.021873056888580322
v -0.0635814294219017 0.2678738236427307 0.023131893947720528
v -0.10919203609228134 0.29415878653526306 0.02502530999481678
v -0.11303014308214188 0.26514822244644165 0.05871497839689255
v -0.11742044985294342 0.2653331756591797 0.043363045901060104
v -0.10390359163284302 0.23142610490322113 0.04062385857105255
v -0.108168825507164 0.24782012403011322 0.06437747180461884
v -0.08451413363218307 0.2280832678079605 0.005441490560770035
v -0.08356612920761108 0.23081278800964355 -0.004168993793427944
v -0.10212234407663345 0.21943627297878265 -0.006908072158694267
v -0.12073016166687012 0.22779536247253418 -0.008271763101220131
v -0.07304701954126358 0.2602357566356659 -0.01590963825583458
v -0.0773019790649414 0.25152939558029175 -0.01767660304903984
v -0.0714980810880661 0.25748273730278015 -0.0069056060165166855
v -0.07658267021179199 0.2467392385005951 -0.01111148763448
v -0.06665857881307602 0.280211478471756 0.011239573359489441
v -0.11178582161664963 0.2999885678291321 0.004972824361175299
v -0.09496166557073593 0.22323434054851532 -0.013618625700473785
v -0.10270830243825912 0.22003796696662903 -0.019310876727104187
v -0.07358451932668686 0.29237356781959534 0.003002028912305832
v -0.06743738800287247 0.2691246569156647 0.0009191994904540479
v -0.09806669503450394 0.3021826148033142 0.011655831709504128
v -0.08149004727602005 0.24262823164463043 -0.01931600831449032
v -0.08958860486745834 0.2337152361869812 -0.028183963149785995
v -0.08230580389499664 0.23600126802921295 -0.013056893832981586
v -0.11055534332990646 0.22693492472171783 0.01304585300385952
v -0.11189967393875122 0.22220540046691895 -0.0001978086365852505
v -0.04766201600432396 0.0600285604596138 0.03370976075530052
v -0.08832430094480515 0.08981204032897949 -0.15421755611896515
v -0.10023079067468643 0.08370668441057205 -0.14203383028507233
v -0.11850180476903915 0.08490921556949615 -0.07968000322580338
v -0.03617136925458908 0.07822348922491074 0.028764955699443817
v -0.11357129365205765 0.05795862525701523 -0.036617573350667953
v -0.11937283724546432 0.06976660341024399 -0.11618132889270782
v -0.07077455520629883 0.07532328367233276 -0.17461758852005005
v -0.11755456030368805 0.08388092368841171 -0.1004447489976883
v -0.08249086886644363 0.10234364867210388 -0.1628599464893341
v -0.064860038459301 0.11636047810316086 -0.1847081184387207
v -0.06264090538024902 0.10713273286819458 0.0009916102280840278
v -0.05555963143706322 0.11646420508623123 0.001192322000861168
v -0.11381100863218307 0.09955333918333054 -0.08096364140510559
v -0.021898480132222176 0.09482018649578094 0.024506283923983574
v -0.10211383551359177 0.10007401555776596 -0.13454179465770721
v -0.11014053225517273 0.08609019964933395 -0.12439712136983871
v -0.030596857890486717 0.2173176407814026 -0.0006412316579371691
v -0.04808736592531204 0.22278200089931488 -0.0074696955271065235
v -0.07994819432497025 0.22321613132953644 -0.0285078976303339
v -0.08010297268629074 0.21804629266262054 -0.02152177318930626
v -0.08471357077360153 0.21905465424060822 -0.03644709289073944
v -0.0916675254702568 0.20870880782604218 -0.04511132463812828
v -0.09572650492191315 0.2020636945962906 -0.04874974116683006
v -0.1050545945763588 0.18870632350444794 -0.06272981315851212
v -0.10750462859869003 0.20182134211063385 -0.060026053339242935
v -0.1038544550538063 0.19412241876125336 -0.0651141032576561
v -0.10112982988357544 0.19842644035816193 -0.060974784195423126
v -0.11282353103160858 0.17199580371379852 -0.06290686130523682
v -0.10456893593072891 0.18371348083019257 -0.04404713958501816
v -0.10964769870042801 0.1765722930431366 -0.05300021544098854
v -0.09892342239618301 0.19091284275054932 -0.035083744674921036
v -0.04907573014497757 0.16694167256355286 0.023771096020936966
v -0.03348087519407272 0.1768806427717209 0.02544405125081539
v -0.017940424382686615 0.16924931108951569 0.030451929196715355
v -0.02438265085220337 0.1494499146938324 0.02678346075117588
v -0.012509172782301903 0.15514500439167023 0.031090587377548218
v -0.051752496510744095 0.27905645966529846 0.12146343290805817
v -0.09174471348524094 0.29637473821640015 0.13295111060142517
v -0.045956406742334366 0.2542201280593872 0.13297399878501892
v -0.08469223976135254 0.25734105706214905 0.15931840240955353
v -0.09118698537349701 0.25865790247917175 0.14199228584766388
v -0.09699182212352753 0.2720130980014801 0.1378050446510315
v -0.09286881983280182 0.2878607213497162 0.14318251609802246
v -0.08068050444126129 0.3052068054676056 0.1424838751554489
v -0.06967075169086456 0.30534628033638 0.13307566940784454
v -0.05778758227825165 0.2949866056442261 0.1287340670824051
v -0.04506184533238411 0.2685563862323761 0.13103768229484558
v -0.051496509462594986 0.24373769760131836 0.12529222667217255
v -0.06830354779958725 0.24127744138240814 0.14930002391338348
v -0.05707459896802902 0.2441701740026474 0.15886811912059784
v -0.07445479929447174 0.30480891466140747 0.1751498579978943
v -0.046040162444114685 0.29741543531417847 0.16938742995262146
v -0.03588469326496124 0.26863372325897217 0.1752946823835373
v -0.06443716585636139 0.3083701729774475 0.18396663665771484
v -0.08720932900905609 0.26784858107566833 0.17170450091362
v -0.07001257687807083 0.2529892325401306 0.18956200778484344
v -0.05741748586297035 0.303642213344574 0.1579451560974121
v -0.07218002527952194 0.2461278885602951 0.16309547424316406
v -0.037226565182209015 0.25973907113075256 0.18275268375873566
v -0.08016129583120346 0.26306530833244324 0.18504729866981506
v -0.0883585587143898 0.2831766605377197 0.17223119735717773
v -0.054661910980939865 0.24553097784519196 0.1741849184036255
v -0.03994147479534149 0.2556130588054657 0.1749376505613327
v -0.06851698458194733 0.3040199279785156 0.21788369119167328
v -0.06078927218914032 0.30893340706825256 0.2082136571407318
v -0.03319123014807701 0.2706252336502075 0.1997593194246292
v -0.04147806763648987 0.2970437705516815 0.18791115283966064
v -0.0408436618745327 0.2527605891227722 0.1819344460964203
v -0.04648946225643158 0.252401739358902 0.19328267872333527
v -0.03436267748475075 0.2822152376174927 0.19468320906162262
v -0.08069995045661926 0.29077672958374023 0.19749382138252258
v -0.07008090615272522 0.26705217361450195 0.21446605026721954
v -0.05794855207204819 0.25097107887268066 0.1998492330312729
v -0.051263436675071716 0.3047623634338379 0.1811218112707138
v -0.03262367844581604 0.2673768699169159 0.2111632227897644
v -0.07199515402317047 0.2800639271736145 0.22360768914222717
v -0.07563654333353043 0.30183184146881104 0.18960009515285492
v -0.053739648312330246 0.2598821222782135 0.22207704186439514
v -0.03388116508722305 0.26328203082084656 0.19827109575271606
v -0.03835797309875488 0.25715020298957825 0.19578726589679718
v -0.03950444236397743 0.3038433790206909 0.21523995697498322
v -0.031053826212882996 0.27416762709617615 0.23236575722694397
v -0.030566509813070297 0.28732749819755554 0.23193132877349854
v -0.06380853801965714 0.3027922213077545 0.24065876007080078
v -0.06754878908395767 0.2843811511993408 0.23749546706676483
v -0.060063622891902924 0.30912870168685913 0.2287663221359253
v -0.03390805795788765 0.299794465303421 0.22543422877788544
v -0.058728285133838654 0.2711714506149292 0.2409517765045166
v -0.047776006162166595 0.2673976719379425 0.2476411759853363
v -0.04341042786836624 0.3109704256057739 0.23013435304164886
v -0.029907241463661194 0.2782531678676605 0.24419106543064117
v -0.049526460468769073 0.3152390718460083 0.26674070954322815
v -0.04676814004778862 0.3161090910434723 0.2539583742618561
v -0.03913234546780586 0.3129814863204956 0.24355962872505188
v -0.026537030935287476 0.290370374917984 0.2588769793510437
v -0.05161967873573303 0.27750465273857117 0.26905709505081177
v -0.0621647946536541 0.28102773427963257 0.24935157597064972
v -0.02803207002580166 0.2809062898159027 0.2699810862541199
v -0.059159886091947556 0.298671156167984 0.263869047164917
v -0.028254861012101173 0.31406766176223755 0.2677108943462372
v -0.05721895769238472 0.30853939056396484 0.2546415328979492
v -0.05714339017868042 0.2894139587879181 0.2750888168811798
v -0.03500194475054741 0.27339762449264526 0.26619216799736023
v -0.07072532922029495 0.3159014880657196 -0.11758784204721451
v -0.03781856596469879 0.3025173842906952 -0.091718889772892
v -0.03153815120458603 0.2949987053871155 -0.07986044138669968
v -0.02323118783533573 0.29369086027145386 -0.08066992461681366
v -0.010685819201171398 0.28496304154396057 -0.0688430443406105
v -0.05237516015768051 0.30938366055488586 -0.10188154876232147
v -0.08508642017841339 0.30365580320358276 -0.15024539828300476
v -0.11282327026128769 0.1001184806227684 -0.10618393868207932
v -0.08942894637584686 0.11821679025888443 -0.1685444414615631
v -0.11265631020069122 0.11300379782915115 -0.09154660999774933
v -0.01598130725324154 0.11801868677139282 0.015853099524974823
v -0.033355627208948135 0.11580005288124084 0.012035166844725609
v -0.024377863854169846 0.11020869761705399 0.017561107873916626
v -0.09472566843032837 0.10483887046575546 -0.1502990871667862
v -0.109479159116745 0.11512501537799835 -0.07299551367759705
v -0.10384508222341537 0.11506553739309311 -0.05610702559351921
v -0.06484448909759521 0.11566534638404846 -0.005403023678809404
v -0.05933176353573799 0.12326765805482864 -0.005122719798237085
v -0.04288755729794502 0.1448207050561905 -0.19847027957439423
v -0.050117868930101395 0.26783978939056396 -0.18878605961799622
v -0.11246000975370407 0.29398998618125916 -0.1440955549478531
v -0.1336519867181778 0.30459094047546387 -0.10491792112588882
v -0.1409294754266739 0.3000016212463379 -0.0684959888458252
v -0.13306301832199097 0.29588714241981506 -0.03206833451986313
v -0.12849994003772736 0.2928811013698578 -0.01688973233103752
v -0.1258200705051422 0.27395516633987427 0.009913639165461063
v -0.1225212812423706 0.2582411766052246 0.017362190410494804
v -0.12733402848243713 0.23094843327999115 -0.0208456851541996
v -0.13094548881053925 0.22569772601127625 -0.04306895285844803
v -0.13279864192008972 0.21448294818401337 -0.08654938638210297
v -0.13447672128677368 0.19486860930919647 -0.10955892503261566
v -0.10409490764141083 0.1721712052822113 -0.15988808870315552
v -0.08818695694208145 0.15066862106323242 -0.17416080832481384
v -0.08145666122436523 0.1291598230600357 -0.17998293042182922
v -0.07415392994880676 0.10914376378059387 -0.17453713715076447
v -0.06980351358652115 0.09218547493219376 -0.17007091641426086
v -0.082166388630867 0.0808154046535492 -0.16495612263679504
v -0.10578296333551407 0.034494560211896896 -0.16084560751914978
v -0.019430529326200485 0.02845863066613674 -0.17234520614147186
v -0.14961659908294678 0.017383063212037086 -0.08697383850812912
v -0.08795653283596039 -0.011910997331142426 0.017024528235197067
v -0.042653441429138184 -0.01924680732190609 0.040650878101587296
v -0.146757572889328 0.009664399549365044 -0.06256106495857239
v -0.13478504121303558 0.016167622059583664 -0.13396905362606049
v -0.07356992363929749 0.017197439447045326 -0.17790727317333221
v -0.12401221692562103 0.2896031439304352 -0.001489886431954801
v -0.12306720018386841 0.24448099732398987 0.004197994712740183
v -0.03998319432139397 0.17594483494758606 -0.20318098366260529
v -0.13959743082523346 0.2425643354654312 -0.10419944673776627
v -0.1432168036699295 0.26051655411720276 -0.07050018757581711
v -0.11369606107473373 0.24591027200222015 -0.1591322124004364
v -0.10678685456514359 0.1893284022808075 -0.06947431713342667
v -0.10926192253828049 0.18448767066001892 -0.07402455061674118
v -0.11185087263584137 0.18047314882278442 -0.08170763403177261
v -0.11408767104148865 0.17685380578041077 -0.09000885486602783
v -0.1161767989397049 0.17402425408363342 -0.09901805222034454
v -0.12098380923271179 0.17989212274551392 -0.09501805156469345
v -0.12384364008903503 0.17728525400161743 -0.10389112681150436
v -0.11774027347564697 0.17245526611804962 -0.10777278989553452
v -0.12287494540214539 0.17334668338298798 -0.11566228419542313
v -0.12627333402633667 0.17531825602054596 -0.1257103830575943
v -0.12686878442764282 0.18560707569122314 -0.13654173910617828
v -0.11513956636190414 0.21919624507427216 -0.15580123662948608
v -0.08042202889919281 0.22286447882652283 -0.18598546087741852
v -0.07721446454524994 0.2913186550140381 -0.1666715145111084
v -0.06316470354795456 0.3055907189846039 -0.16018536686897278
v -0.11679022014141083 0.14826428890228271 -0.07147464156150818
v -0.11954447627067566 0.14430728554725647 -0.09025782346725464
v -0.11949848383665085 0.14406712353229523 -0.10803160071372986
v -0.11342406272888184 0.14558902382850647 -0.13461436331272125
v -0.10709594935178757 0.1501985788345337 -0.1483752578496933
v -0.09871721267700195 0.15747492015361786 -0.16036176681518555
v -0.06437548995018005 0.17769132554531097 -0.19431768357753754
v -0.057805515825748444 0.20703811943531036 -0.19797444343566895
v -0.07707572728395462 0.27111515402793884 -0.1797304004430771
v -0.036560360342264175 0.28959009051322937 -0.1820724457502365
v -0.04314713180065155 0.30656933784484863 -0.16707706451416016
v -0.13129806518554688 0.2569983899593353 -0.014447769150137901
v -0.1348423808813095 0.2754899263381958 -0.02325652912259102
v -0.14635740220546722 0.28201547265052795 -0.0693625956773758
v -0.13935360312461853 0.22983534634113312 -0.07581698894500732
v -0.13689738512039185 0.23735561966896057 -0.04869343340396881
v -0.13503265380859375 0.25943681597709656 -0.02936650812625885
v -0.13897079229354858 0.2609180212020874 -0.04383881390094757
v -0.024882853031158447 0.19756396114826202 -0.207350954413414
v -0.13406997919082642 0.22557978332042694 -0.12007693201303482
v -0.14124080538749695 0.23752078413963318 -0.08778547495603561
v -0.1425131857395172 0.25335976481437683 -0.08737068623304367
v -0.12519510090351105 0.23417317867279053 -0.1389465481042862
v -0.00475690420717001 0.21812796592712402 -0.2057473212480545
v -0.1410510540008545 0.24472682178020477 -0.07277372479438782
v -0.13587762415409088 0.2468973696231842 -0.03983458876609802
v -0.13170123100280762 0.2443123459815979 -0.02486104518175125
v -0.07021293044090271 0.29311737418174744 -0.04313673824071884
v -0.08662354201078415 0.31186220049858093 -0.0519808791577816
v -0.11207109689712524 0.31638261675834656 -0.07519903779029846
v -0.143537700176239 0.29342007637023926 -0.08792625367641449
v -0.14124463498592377 0.2614107131958008 -0.10559640824794769
v -0.07335042208433151 0.3002472519874573 -0.04725479334592819
v -0.08875054866075516 0.3147411644458771 -0.07089449465274811
v -0.11687064915895462 0.31648361682891846 -0.09890197217464447
v -0.10059245675802231 0.3083801567554474 -0.1362179070711136
v -0.06791453808546066 0.3151058256626129 -0.1430312991142273
v -0.024265475571155548 0.3050419092178345 -0.17294767498970032
v 0.011972411535680294 0.3089788854122162 -0.17544756829738617
v -0.04969223588705063 0.257316529750824 0.0977882444858551
v -0.05915654078125954 0.23632043600082397 0.08183704316616058
v -0.08950363844633102 0.30442649126052856 0.10719576478004456
v -0.10641536861658096 0.2802827060222626 0.09714628756046295
v -0.05448856204748154 0.27345770597457886 0.09017079323530197
v -0.0703587457537651 0.23042269051074982 0.08165397495031357
v -0.09475213289260864 0.3003481328487396 0.09599192440509796
v -0.09126205742359161 0.2428019642829895 0.10377583652734756
v -0.10036057978868484 0.2771928012371063 0.10959184169769287
v -0.0689217746257782 0.2965337634086609 0.10667414963245392
v -0.10062191635370255 0.2526141405105591 0.09926899522542953
v -0.060867179185152054 0.28398850560188293 0.09996343404054642
v -0.07915674149990082 0.3049815595149994 0.11225476861000061
v -0.053198136389255524 0.242259681224823 0.09350407868623734
v -0.06306508928537369 0.23176637291908264 0.0922042578458786
v -0.10308204591274261 0.2876979410648346 0.10817299783229828
v -0.09744347631931305 0.2516677975654602 0.11106794327497482
v -0.07909266650676727 0.23505152761936188 0.10593237727880478
v -0.12519748508930206 0.2571125626564026 -0.14024706184864044
v -0.03735394403338432 0.22674044966697693 -0.20099812746047974
v -0.022023625671863556 0.12015267461538315 -0.19534306228160858
v -0.024960078299045563 0.050792332738637924 -0.17233532667160034
v -0.010406785644590855 0.07716239988803864 -0.17857949435710907
v -0.01629544049501419 0.15615864098072052 -0.20390202105045319
v -0.06941372156143188 0.19887878000736237 0.00511746434494853
v -0.08152171224355698 0.205707848072052 -0.010632539168000221
v -0.09399249404668808 0.19628578424453735 -0.02699591964483261
v -0.07682111859321594 0.18541717529296875 0.005635891575366259
v -0.048355765640735626 0.1841193288564682 0.019141903147101402
v -0.09386636316776276 0.1863088756799698 -0.01716793142259121
v -0.0638669952750206 0.1749018132686615 0.016827788203954697
v -0.08545364439487457 0.24117907881736755 -0.027197502553462982
v -0.1067420020699501 0.2251308411359787 -0.05009014531970024
v -0.10249476134777069 0.227678582072258 -0.04509616270661354
v -0.1040644496679306 0.22324761748313904 -0.040390100330114365
v -0.0945686399936676 0.22994835674762726 -0.0326974019408226
v -0.09705948084592819 0.23177754878997803 -0.03988271579146385
v 0.002008687239140272 0.35636597871780396 -0.02854050323367119
v -0.006424310151487589 0.3330479562282562 -0.0459350049495697
v -0.009403153322637081 0.29270389676094055 -0.07502029836177826
v -0.012965533882379532 0.22911396622657776 -0.005841930862516165
v -0.0016748497728258371 0.3032207190990448 -0.07548940181732178
v -0.0034671842586249113 0.17933720350265503 0.031031759455800056
v -0.0013016252778470516 0.163652241230011 0.03391263261437416
v -0.011350727640092373 0.14472931623458862 0.02571871504187584
v -0.0039048404432833195 0.13845567405223846 0.01699415221810341
v 0.0002457853115629405 0.14395678043365479 0.02429567091166973
v -0.016803784295916557 0.1348578780889511 0.011170499958097935
v -0.012872613035142422 0.13851051032543182 0.017770251259207726
v -0.00855398178100586 0.13388420641422272 0.011153616942465305
v -0.10976838320493698 -0.13963614404201508 -0.14723950624465942
v -0.1309179812669754 -0.07143369317054749 -0.1346760392189026
v -0.0845901221036911 -0.12447787076234818 -0.172724187374115
v -0.13780100643634796 -0.0500970222055912 -0.12102506309747696
v -0.12828198075294495 -0.03827359527349472 -0.1475123167037964
v -0.10382619500160217 -0.1156768724322319 -0.1592818945646286
v -0.04098590090870857 -0.00931588839739561 -0.19064253568649292
v -0.03629959747195244 -0.1531250774860382 -0.16379176080226898
v -0.01846480742096901 -0.14574095606803894 -0.16977781057357788
v -0.06062471866607666 -0.129767507314682 -0.1799982339143753
v -0.11111697554588318 -0.034970588982105255 -0.1715262085199356
v -0.11804260313510895 -0.061368729919195175 -0.16048745810985565
v -0.052061777561903 -0.14695675671100616 -0.16944152116775513
v -0.06555057317018509 -0.07702359557151794 -0.19584691524505615
v -0.015106357634067535 -0.10622967034578323 -0.19103582203388214
v -0.06604686379432678 -0.05033596232533455 -0.19635944068431854
v -0.042328689247369766 0.035875532776117325 -0.17556731402873993
v -0.0682925134897232 0.05757054686546326 -0.17483627796173096
v -0.032589394599199295 0.07030178606510162 -0.17888671159744263
v -0.11641795188188553 -0.2267625629901886 -0.03987997770309448
v -0.07741078734397888 -0.2786974012851715 -0.04736077040433884
v -0.02511216327548027 -0.26013410091400146 -0.07994668930768967
v -0.02237483486533165 -0.2704383432865143 -0.09101808071136475
v -0.026249870657920837 -0.2209055870771408 -0.058796051889657974
v -0.018080148845911026 -0.21421360969543457 -0.06823839247226715
v -0.1353669911623001 -0.2281181514263153 -0.07448015362024307
v -0.11626584827899933 -0.27830034494400024 -0.05888562649488449
v -0.016462042927742004 -0.20161454379558563 -0.11892103403806686
v -0.018536021932959557 -0.21300534904003143 -0.11880696564912796
v -0.02447308786213398 -0.212671160697937 -0.13130924105644226
v -0.029757387936115265 -0.2518104612827301 -0.13169531524181366
v -0.11867015808820724 -0.20720185339450836 -0.1420554369688034
v -0.12236730754375458 -0.25522541999816895 -0.13860854506492615
v -0.1390165388584137 -0.22278456389904022 -0.09901174902915955
v -0.13348279893398285 -0.26623791456222534 -0.09658551961183548
v -0.0406128391623497 -0.22908878326416016 -0.04823008179664612
v -0.031373538076877594 -0.25276902318000793 -0.06677994877099991
v -0.03376733511686325 -0.26975691318511963 -0.06670650094747543
v -0.06112486869096756 -0.23759716749191284 -0.03784293308854103
v -0.05051182210445404 -0.274050772190094 -0.05325748771429062
v -0.023137161508202553 -0.2532333433628082 -0.11698170751333237
v -0.02605457231402397 -0.2670765817165375 -0.1248040646314621
v -0.016833771020174026 -0.2217017561197281 -0.07955307513475418
v -0.018190842121839523 -0.23156927525997162 -0.0866466611623764
v -0.014759201556444168 -0.21966391801834106 -0.09056473523378372
v -0.05856987088918686 -0.21885156631469727 -0.15672804415225983
v -0.0638706162571907 -0.25275155901908875 -0.15736271440982819
v -0.07772963494062424 -0.2106820046901703 -0.15862800180912018
v -0.13426560163497925 -0.21285979449748993 -0.12219931930303574
v -0.1328355073928833 -0.2618058919906616 -0.1183273121714592
v -0.03372783958911896 -0.20398662984371185 -0.14115993678569794
v -0.03571568801999092 -0.21969261765480042 -0.14351505041122437
v -0.041437290608882904 -0.25154706835746765 -0.1457531750202179
v -0.03917660191655159 -0.45015978813171387 -0.14216166734695435
v -0.04190337285399437 -0.48870226740837097 -0.17796382308006287
v -0.13478267192840576 -0.4736088216304779 -0.16802899539470673
v -0.1350165605545044 -0.4745916426181793 -0.1467176377773285
v -0.1253415197134018 -0.48448634147644043 -0.13025659322738647
v -0.10637319833040237 -0.4922965466976166 -0.12039554119110107
v -0.05012397840619087 -0.46019241213798523 -0.12334056198596954
v -0.05236435309052467 -0.48348745703697205 -0.12424726784229279
v -0.0848795622587204 -0.48946449160575867 -0.11620549857616425
v -0.06201114133000374 -0.4875544011592865 -0.1962098479270935
v -0.07671825587749481 -0.45071151852607727 -0.19800342619419098
v -0.0994020327925682 -0.45799899101257324 -0.20039352774620056
v -0.12155034393072128 -0.46904924511909485 -0.19097831845283508
v -0.1361001878976822 -0.4526880979537964 -0.15577617287635803
v -0.04848446324467659 -0.4732592701911926 -0.18666578829288483
v -0.12656617164611816 -0.44480016827583313 -0.12103631347417831
v -0.03900642320513725 -0.4335898458957672 -0.15137220919132233
v -0.062173690646886826 -0.43616241216659546 -0.1883789598941803
v -0.12466666847467422 -0.4076869487762451 -0.16150477528572083
v -0.049918726086616516 -0.4199812710285187 -0.11575861275196075
v -0.07879974693059921 -0.42890867590904236 -0.1019701287150383
v -0.1081710234284401 -0.451336145401001 -0.10935761034488678
v -0.0982363373041153 -0.4335613548755646 -0.10321927070617676
v -0.13074856996536255 -0.41819870471954346 -0.14615048468112946
v -0.12280146777629852 -0.4281834065914154 -0.17716476321220398
v -0.09638252854347229 -0.41466760635375977 -0.18361996114253998
v -0.06261605769395828 -0.4434463083744049 -0.11079699546098709
v -0.07743427157402039 -0.4198504090309143 -0.18619170784950256
v -0.040794454514980316 -0.4073139727115631 -0.12970633804798126
v -0.10425496846437454 -0.538126528263092 -0.1325192153453827
v -0.038998961448669434 -0.5043094158172607 -0.14890135824680328
v -0.05036033317446709 -0.5451160669326782 -0.181959331035614
v -0.12986743450164795 -0.5025615096092224 -0.17038217186927795
v -0.12572982907295227 -0.5196009278297424 -0.17225421965122223
v -0.12024468183517456 -0.5044534802436829 -0.13279546797275543
v -0.04965965822339058 -0.5057922005653381 -0.13132479786872864
v -0.059966541826725006 -0.5222142338752747 -0.12804943323135376
v -0.07027406245470047 -0.5387811660766602 -0.1279740035533905
v -0.08141366392374039 -0.5128570795059204 -0.12175514549016953
v -0.06765973567962646 -0.5115979909896851 -0.1983691155910492
v -0.09726423025131226 -0.5094822645187378 -0.20190207660198212
v -0.11071654409170151 -0.539175808429718 -0.19152086973190308
v -0.11386410146951675 -0.5200049877166748 -0.19206832349300385
v -0.12743063271045685 -0.5127378106117249 -0.15035061538219452
v -0.051670901477336884 -0.5254014730453491 -0.18618260324001312
v -0.05598175525665283 -0.12276645749807358 -0.01657751202583313
v -0.00478901993483305 -0.16473224759101868 -0.08232022821903229
v -0.006023666355758905 -0.16213074326515198 -0.06995518505573273
v -0.1474473923444748 -0.08675946295261383 -0.08164098858833313
v -0.01577790267765522 -0.15840652585029602 -0.04682997614145279
v -0.01789269410073757 -0.1545567512512207 -0.044309619814157486
v -0.020495502278208733 -0.1576453447341919 -0.04208902269601822
v -0.025828590616583824 -0.1557999700307846 -0.03680167347192764
v -0.144781231880188 -0.11060500144958496 -0.091340571641922
v -0.1330219954252243 -0.0942164808511734 -0.03716238588094711
v -0.06905259191989899 -0.13367387652397156 -0.01577584259212017
v -0.0073601012118160725 -0.16169585287570953 -0.06536689400672913
v -0.03190460428595543 -0.14902643859386444 -0.031032226979732513
v -0.03615600988268852 -0.14260713756084442 -0.02750450186431408
v -0.04433329775929451 -0.1401701718568802 -0.022518567740917206
v -0.1325877159833908 -0.09821853041648865 -0.12341143935918808
v -0.10575125366449356 -0.08541381359100342 -0.1695190668106079
v -0.040312785655260086 -0.0896802693605423 -0.1973455846309662
v -0.03497835248708725 -0.11326782405376434 -0.0055215684697031975
v -0.02882002852857113 -0.1313079446554184 -0.021117810159921646
v -0.020500190556049347 -0.11432531476020813 -4.348466609371826e-05
v -0.014983533881604671 -0.12730669975280762 -0.008794995956122875
v -0.027995357289910316 -0.16609863936901093 -0.14135155081748962
v -0.022523628547787666 -0.17259956896305084 -0.12983764708042145
v 0.0005691765109077096 -0.14599494636058807 -0.030679531395435333
v -0.1481267511844635 0.0018871970241889358 -0.10002663731575012
v -0.15023373067378998 -0.002463397104293108 -0.0771726742386818
v -0.08625641465187073 -0.03762808069586754 0.013415250927209854
v -0.0204625241458416 -0.027553753927350044 0.042098332196474075
v -0.145732581615448 -0.010564552620053291 -0.054083239287137985
v -0.04451916366815567 -0.03935810923576355 0.03436669707298279
v -0.12101437151432037 -0.010779482312500477 -0.01594211719930172
v -0.095629021525383 0.07318813353776932 -0.1565142720937729
v -0.12520815432071686 0.06490933150053024 -0.09013978391885757
v -0.028594527393579483 0.05858636647462845 0.04092149809002876
v -0.10086238384246826 0.06524946540594101 -0.025147568434476852
v -0.044159241020679474 0.043336037546396255 0.04096052423119545
v -0.11122030019760132 0.067865751683712 -0.1392793506383896
v -0.13314387202262878 0.05248674005270004 -0.1057288646697998
v -0.05318198725581169 0.07861758768558502 -0.17887063324451447
v -0.08601395785808563 0.06346169859170914 -0.1687019169330597
v -0.03159778565168381 -0.05870775878429413 -0.20098674297332764
v -0.13575264811515808 -0.023875873535871506 -0.12964795529842377
v -0.14182418584823608 -0.013579654507339 -0.11115328222513199
v -0.14408500492572784 -0.021803181618452072 -0.06969593465328217
v -0.13493850827217102 -0.018815426155924797 -0.033224061131477356
v -0.10470549017190933 -0.045936260372400284 -0.0036102000158280134
v -0.07228977233171463 -0.06101757660508156 0.017048411071300507
v -0.026919566094875336 -0.04983342066407204 0.03453759849071503
v -0.04573195055127144 -0.032616306096315384 -0.19750992953777313
v -0.07150859385728836 -0.008370069786906242 -0.18671773374080658
v -0.008932773023843765 0.33882543444633484 -0.03503962606191635
v 0.0033844916615635157 0.3417484164237976 -0.1488344371318817
v -0.00492878258228302 0.3905981183052063 -0.01711403578519821
v -0.00906441081315279 0.4377317428588867 -0.16975268721580505
v -0.00012994185090065002 0.49696892499923706 -0.11493592709302902
v -0.019830049946904182 0.4466911852359772 -0.03803305700421333
v -0.006223997566848993 0.4245379865169525 -0.03340870514512062
v -0.0174623541533947 0.46032899618148804 -0.044132933020591736
v 0.001915403874590993 0.2912791073322296 -0.07289610058069229
v 0.002574481535702944 0.2807340919971466 -0.06467064470052719
v -0.00018998494488187134 0.10158795118331909 -0.187341570854187
v -0.054158907383680344 -0.6095496416091919 -0.15610215067863464
v -0.053096264600753784 -0.5867784023284912 -0.18078021705150604
v -0.08141037821769714 -0.617120623588562 -0.18989847600460052
v -0.0959826186299324 -0.5956688523292542 -0.18593768775463104
v -0.10213729739189148 -0.604926347732544 -0.17266476154327393
v -0.10389372706413269 -0.6151240468025208 -0.16316069662570953
v -0.1068609356880188 -0.5852200984954834 -0.1468285322189331
v -0.06345265358686447 -0.6053256988525391 -0.14187413454055786
v -0.06783630698919296 -0.6106653213500977 -0.19102084636688232
v -0.05206728354096413 -0.612392246723175 -0.17140315473079681
v -0.05814264342188835 -0.6393011808395386 -0.14432136714458466
v -0.05776971951127052 -0.6355423927307129 -0.184482604265213
v -0.05711705982685089 -0.620681881904602 -0.1829625368118286
v -0.0676894262433052 -0.6258555054664612 -0.19023960828781128
v -0.09547924995422363 -0.622022807598114 -0.17801111936569214
v -0.10222538560628891 -0.6306690573692322 -0.16553565859794617
v -0.10431153327226639 -0.6374382972717285 -0.15051445364952087
v -0.10388772934675217 -0.6226049065589905 -0.14916540682315826
v -0.06266161799430847 -0.6219198703765869 -0.14040376245975494
v -0.06953122466802597 -0.6385709643363953 -0.1903294324874878
v -0.05543999746441841 -0.6258465051651001 -0.15545611083507538
v -0.15153534710407257 -0.7113875150680542 -0.04343276470899582
v -0.14067618548870087 -0.7143976092338562 -0.03361064940690994
v -0.15768156945705414 -0.709358811378479 -0.07228569686412811
v -0.1162145584821701 -0.6996171474456787 -0.034141696989536285
v -0.12145815044641495 -0.7014397978782654 -0.029204513877630234
v -0.11520320177078247 -0.7066029906272888 -0.028835151344537735
v -0.1135125383734703 -0.7113813757896423 -0.0358731746673584
v -0.12066347897052765 -0.7139882445335388 -0.03521420434117317
v -0.12759387493133545 -0.7050603032112122 -0.03684632107615471
v -0.12816014885902405 -0.7023732662200928 -0.031787652522325516
v -0.13152915239334106 -0.7076235413551331 -0.033212725073099136
v -0.1433062106370926 -0.7075070142745972 -0.04140752926468849
v -0.14435119926929474 -0.7060843706130981 -0.0360826812684536
v -0.13517731428146362 -0.7031804919242859 -0.038340307772159576
v -0.13151712715625763 -0.7107300162315369 -0.03921014815568924
v -0.13541147112846375 -0.7134650945663452 -0.0373237282037735
v -0.13625502586364746 -0.7130470871925354 -0.04748332500457764
v -0.14339067041873932 -0.7056435346603394 -0.04864666610956192
v -0.14817491173744202 -0.7039600014686584 -0.05137781798839569
v -0.14562971889972687 -0.7146512269973755 -0.0482662059366703
v -0.1432381421327591 -0.7138321399688721 -0.05442420020699501
v -0.1516951024532318 -0.7084557414054871 -0.05269297957420349
v -0.15536130964756012 -0.7028880715370178 -0.07041975855827332
v -0.15677723288536072 -0.705359935760498 -0.06585050374269485
v -0.15358670055866241 -0.7049974203109741 -0.06100127846002579
v -0.1537005454301834 -0.7083812355995178 -0.05822069197893143
v -0.15270404517650604 -0.7129582762718201 -0.06852235645055771
v -0.15146422386169434 -0.7130140662193298 -0.06352902948856354
v -0.15992194414138794 -0.7059841752052307 -0.07878748327493668
v -0.15501122176647186 -0.7062162756919861 -0.07419376820325851
v -0.1555476039648056 -0.7114788889884949 -0.07530731707811356
v -0.1532847285270691 -0.7092269062995911 -0.07715397328138351
v -0.1246943473815918 -0.7033889889717102 -0.024077964946627617
v -0.11061528325080872 -0.6974676847457886 -0.040440402925014496
v -0.12378564476966858 -0.7003094553947449 -0.03666379675269127
v -0.12049293518066406 -0.7082957029342651 -0.023883074522018433
v -0.105352982878685 -0.7036114931106567 -0.042872101068496704
v -0.118879534304142 -0.712385892868042 -0.028857039287686348
v -0.11865904927253723 -0.7135021090507507 -0.04150485619902611
v -0.13152341544628143 -0.7049338817596436 -0.022298922762274742
v -0.1307717263698578 -0.7029158473014832 -0.02681541070342064
v -0.12451975047588348 -0.712823212146759 -0.039363108575344086
v -0.1463765650987625 -0.7103723883628845 -0.03783384710550308
v -0.13669978082180023 -0.7121707797050476 -0.052718695253133774
v -0.1451413333415985 -0.7090415358543396 -0.032117098569869995
v -0.1366157829761505 -0.7010447978973389 -0.04525744915008545
v -0.1302310675382614 -0.6981469988822937 -0.0479433573782444
v -0.13119034469127655 -0.7065118551254272 -0.03960493206977844
v -0.12717726826667786 -0.7090267539024353 -0.04170188680291176
v -0.1309671401977539 -0.7011828422546387 -0.04182757809758186
v -0.12609732151031494 -0.7047155499458313 -0.042145635932683945
v -0.13801664113998413 -0.7142816781997681 -0.04247844219207764
v -0.1302693784236908 -0.7137706875801086 -0.05186429247260094
v -0.12400703877210617 -0.7123082876205444 -0.04539784789085388
v -0.1419006586074829 -0.70164555311203 -0.05175713449716568
v -0.13718494772911072 -0.6971901655197144 -0.05755074322223663
v -0.14506009221076965 -0.7003431916236877 -0.057655759155750275
v -0.1473030298948288 -0.7121661901473999 -0.04437943547964096
v -0.13606572151184082 -0.6998471021652222 -0.051571074873209
v -0.15116257965564728 -0.7148019075393677 -0.04580458253622055
v -0.13675746321678162 -0.7135303616523743 -0.05840795487165451
v -0.14376917481422424 -0.7131947875022888 -0.06034587323665619
v -0.1536458432674408 -0.7106109261512756 -0.048155494034290314
v -0.14943672716617584 -0.7082386612892151 -0.061185676604509354
v -0.14843429625034332 -0.7116683125495911 -0.05662042647600174
v -0.1549324244260788 -0.7097731828689575 -0.07103593647480011
v -0.15156206488609314 -0.7119891047477722 -0.07402200251817703
v -0.15659700334072113 -0.706447422504425 -0.07002395391464233
v -0.1518803983926773 -0.7014219164848328 -0.06512465327978134
v -0.14410950243473053 -0.695634126663208 -0.0720023363828659
v -0.15056869387626648 -0.6981978416442871 -0.07243531942367554
v -0.15249142050743103 -0.7114482522010803 -0.05946717783808708
v -0.15433508157730103 -0.7149926424026489 -0.06044120714068413
v -0.1464085578918457 -0.7125890851020813 -0.07203230261802673
v -0.1479368805885315 -0.7121320962905884 -0.07760581374168396
v -0.16043978929519653 -0.7085036635398865 -0.07471594214439392
v -0.15726524591445923 -0.7062079906463623 -0.08472705632448196
v -0.15718479454517365 -0.7001370191574097 -0.07965957373380661
v -0.1506277471780777 -0.6958324313163757 -0.08384065330028534
v -0.15850237011909485 -0.7059522867202759 -0.07282309979200363
v -0.15869642794132233 -0.7122157216072083 -0.0738297700881958
v -0.15098340809345245 -0.7114819884300232 -0.08048857748508453
v -0.13193447887897491 -0.7089990973472595 -0.02382221445441246
v -0.14548374712467194 -0.71389240026474 -0.03372970223426819
v -0.1563875675201416 -0.7118381261825562 -0.05712026730179787
v -0.11018697917461395 -0.7048466801643372 -0.035600848495960236
v -0.13043341040611267 -0.7121970057487488 -0.029829280450940132
v -0.1253206431865692 -0.7132143378257751 -0.025866888463497162
v -0.1267366111278534 -0.7138275504112244 -0.033600639551877975
v -0.1421201378107071 -0.7120538353919983 -0.04181789606809616
v -0.14000555872917175 -0.7096771597862244 -0.045500341802835464
v -0.1397293508052826 -0.7053987979888916 -0.034486960619688034
v -0.1346663385629654 -0.7089405655860901 -0.03531015291810036
v -0.14750294387340546 -0.7069066762924194 -0.046230196952819824
v -0.14384512603282928 -0.710441529750824 -0.0468655563890934
v -0.1498330980539322 -0.7140544652938843 -0.05182929337024689
v -0.15738964080810547 -0.7095611095428467 -0.06712532043457031
v -0.15634465217590332 -0.7141779661178589 -0.06439293175935745
v -0.1488204151391983 -0.7039623260498047 -0.06185167282819748
v -0.15606530010700226 -0.7109500765800476 -0.08063007146120071
v -0.15455038845539093 -0.7015158534049988 -0.07621148973703384
v -0.1268465667963028 -0.7085462808609009 -0.02111538127064705
v -0.10958505421876907 -0.7106235027313232 -0.043605439364910126
v -0.13348038494586945 -0.7071701288223267 -0.02860560640692711
v -0.12892141938209534 -0.7095019221305847 -0.03697572648525238
v -0.12449241429567337 -0.6999208927154541 -0.043467454612255096
v -0.1428406983613968 -0.7150688171386719 -0.03811614587903023
v -0.14045947790145874 -0.7035164833068848 -0.040285881608724594
v -0.13930107653141022 -0.7053927779197693 -0.04559757933020592
v -0.13764172792434692 -0.7045523524284363 -0.050485387444496155
v -0.13913486897945404 -0.710233211517334 -0.03201177343726158
v -0.1307590752840042 -0.7133735418319702 -0.04386585205793381
v -0.1514592170715332 -0.708089292049408 -0.04458310455083847
v -0.14117565751075745 -0.7117570638656616 -0.04977181553840637
v -0.13857194781303406 -0.7087064981460571 -0.04979705810546875
v -0.14978007972240448 -0.7062526941299438 -0.05656082183122635
v -0.14641906321048737 -0.6995813250541687 -0.06485461443662643
v -0.15745389461517334 -0.7144088745117188 -0.05957586690783501
v -0.15281230211257935 -0.6981351375579834 -0.07859154790639877
v -0.1582033783197403 -0.7091068625450134 -0.06104438379406929
v -0.1470436453819275 -0.7115862965583801 -0.06513579189777374
v -0.15858817100524902 -0.7121022939682007 -0.07723497599363327
v -0.1558031588792801 -0.6990064382553101 -0.08516307920217514
v -0.15793563425540924 -0.7029078602790833 -0.0749782994389534
v -0.07395590841770172 -0.6130514144897461 -0.13337667286396027
v -0.07991407811641693 -0.5954781770706177 -0.13360613584518433
v -0.08729150891304016 -0.608381450176239 -0.1333298236131668
v -0.054695725440979004 -0.5916604399681091 -0.15046291053295135
v -0.0567825548350811 -0.6029462814331055 -0.1839086264371872
v -0.0686231181025505 -0.5930900573730469 -0.193149134516716
v -0.09211573749780655 -0.6103900074958801 -0.1844552606344223
v -0.10583119839429855 -0.5888444185256958 -0.17391256988048553
v -0.10761865228414536 -0.5952658653259277 -0.15948663651943207
v -0.11121904850006104 -0.5780805349349976 -0.1642102152109146
v -0.06016310676932335 -0.5734168291091919 -0.1398463398218155
v -0.06219372898340225 -0.5780578255653381 -0.19115447998046875
v -0.04987694323062897 -0.5949837565422058 -0.1667964905500412
v -0.06732385605573654 -0.5896366834640503 -0.13792628049850464
v -0.09270462393760681 -0.5852216482162476 -0.13488727807998657
v -0.09833504259586334 -0.5984316468238831 -0.1390131115913391
v -0.0765320286154747 -0.6288052201271057 -0.12865017354488373
v -0.08939056098461151 -0.639080822467804 -0.1267687827348709
v -0.08801338821649551 -0.6241708397865295 -0.13090434670448303
v -0.09251244366168976 -0.6367836594581604 -0.18052804470062256
v -0.0919257402420044 -0.6517844796180725 -0.1818958818912506
v -0.07113966345787048 -0.653685986995697 -0.19204290211200714
v -0.0663514956831932 -0.6356051564216614 -0.13284385204315186
v -0.07550592720508575 -0.642657458782196 -0.12427674233913422
v -0.08368955552577972 -0.6502883434295654 -0.11898655444383621
v -0.09765405207872391 -0.6516087651252747 -0.1238766685128212
v -0.09819502383470535 -0.6317077875137329 -0.1362065076828003
v -0.10529263317584991 -0.6058596968650818 -0.1500157117843628
v -0.09770265221595764 -0.6154608726501465 -0.1385374814271927
v -0.10486133396625519 -0.688677966594696 -0.057756949216127396
v -0.11751244962215424 -0.6891764998435974 -0.05963735282421112
v -0.11554756760597229 -0.6831532716751099 -0.07192674279212952
v -0.12472336739301682 -0.687194287776947 -0.0704234316945076
v -0.1296202540397644 -0.6862074136734009 -0.0810868963599205
v -0.1354677677154541 -0.6877461075782776 -0.08987889438867569
v -0.13547766208648682 -0.6878652572631836 -0.10144267976284027
v -0.14399956166744232 -0.6942511796951294 -0.10375328361988068
v -0.14629115164279938 -0.7021178603172302 -0.10894996672868729
v -0.09608844667673111 -0.6972978711128235 -0.05850724130868912
v -0.09091799706220627 -0.6993972063064575 -0.0696156919002533
v -0.09846293926239014 -0.7087775468826294 -0.06368496268987656
v -0.11006392538547516 -0.7126736640930176 -0.06280267238616943
v -0.14214295148849487 -0.7101487517356873 -0.10906632989645004
v -0.11699675768613815 -0.7130354046821594 -0.07471589744091034
v -0.12623801827430725 -0.7129572033882141 -0.08355390280485153
v -0.1284763514995575 -0.7127858400344849 -0.09401237219572067
v -0.13841047883033752 -0.7128178477287292 -0.09849856793880463
v -0.14756561815738678 -0.7100657224655151 -0.10029225051403046
v -0.10492438077926636 -0.6828904747962952 -0.0686577707529068
v -0.10678031295537949 -0.6773760914802551 -0.08125187456607819
v -0.11966542899608612 -0.6796587109565735 -0.08451561629772186
v -0.11173484474420547 -0.6726069450378418 -0.09385597705841064
v -0.12510134279727936 -0.6802764534950256 -0.09716693311929703
v -0.12788867950439453 -0.6836811900138855 -0.11046729981899261
v -0.12985530495643616 -0.6889874339103699 -0.12104840576648712
v -0.13799884915351868 -0.6928758025169373 -0.11212527006864548
v -0.1359330266714096 -0.6966918110847473 -0.12128952145576477
v -0.1168617531657219 -0.6764846444129944 -0.1343042403459549
v -0.12470725923776627 -0.6879495978355408 -0.13145281374454498
v -0.13044486939907074 -0.6975480318069458 -0.12952415645122528
v -0.12389463931322098 -0.6985180377960205 -0.13948149979114532
v -0.11735416948795319 -0.6949987411499023 -0.14856229722499847
v -0.11080991476774216 -0.6893259286880493 -0.15773159265518188
v -0.0935133546590805 -0.6963255405426025 -0.18499551713466644
v -0.10038141906261444 -0.6891873478889465 -0.1744481772184372
v -0.11268221586942673 -0.6785241365432739 -0.14935316145420074
v -0.11931810528039932 -0.6872068643569946 -0.14139805734157562
v -0.10535606741905212 -0.6817156076431274 -0.16488303244113922
v -0.09249928593635559 -0.6831138134002686 -0.18354569375514984
v -0.0985562652349472 -0.6754218935966492 -0.1745825856924057
v -0.07764167338609695 -0.6930767297744751 -0.196635901927948
v -0.06706515699625015 -0.6953332424163818 -0.1982194185256958
v -0.05213736370205879 -0.7026675343513489 -0.18461112678050995
v -0.08071289211511612 -0.6766192317008972 -0.19255538284778595
v -0.06053741276264191 -0.6705883145332336 -0.19497627019882202
v -0.0698225200176239 -0.6801702976226807 -0.19769734144210815
v -0.05052164942026138 -0.6914598941802979 -0.18616798520088196
v -0.05767079442739487 -0.6858049631118774 -0.19647814333438873
v -0.05113222450017929 -0.6840051412582397 -0.17597031593322754
v -0.05229970067739487 -0.6779009103775024 -0.18715783953666687
v -0.05008001998066902 -0.6969220638275146 -0.1753852516412735
v -0.09467820823192596 -0.6885274648666382 -0.06791466474533081
v -0.09536351263523102 -0.6806086897850037 -0.07817462831735611
v -0.08786995708942413 -0.6917808055877686 -0.08015764504671097
v -0.12049661576747894 -0.6781140565872192 -0.12129795551300049
v -0.1161128357052803 -0.6723443865776062 -0.10912380367517471
v -0.10120708495378494 -0.6662532687187195 -0.10037112236022949
v -0.0969027504324913 -0.6729414463043213 -0.08856228739023209
v -0.08784539997577667 -0.6691380143165588 -0.09842026233673096
v -0.07888200134038925 -0.6799936294555664 -0.10104843974113464
v -0.08687743544578552 -0.6807728409767151 -0.08821779489517212
v -0.08171484619379044 -0.692494809627533 -0.09389135986566544
v -0.07156716287136078 -0.6871051788330078 -0.1132083386182785
v -0.09361651539802551 -0.7074955701828003 -0.07698158174753189
v -0.08777884393930435 -0.7030134201049805 -0.08789751678705215
v -0.08008231967687607 -0.6994543075561523 -0.1066926121711731
v -0.0652286633849144 -0.6925774812698364 -0.12997257709503174
v -0.05282687023282051 -0.6892755031585693 -0.16339030861854553
v -0.05673057213425636 -0.6755285859107971 -0.15163856744766235
v -0.05952341854572296 -0.6838897466659546 -0.13991667330265045
v -0.06528422981500626 -0.6750456094741821 -0.1245262622833252
v -0.07300787419080734 -0.6718660593032837 -0.11271640658378601
v -0.13527341187000275 -0.704791247844696 -0.12347304075956345
v -0.14130188524723053 -0.7016903162002563 -0.11606337130069733
v -0.12719176709651947 -0.7064056992530823 -0.13184209167957306
v -0.11762139946222305 -0.7045109868049622 -0.14637871086597443
v -0.11206675320863724 -0.7009897828102112 -0.15647564828395844
v -0.10578545928001404 -0.6977846622467041 -0.16717256605625153
v -0.099290631711483 -0.6992447972297668 -0.17724692821502686
v -0.09052658826112747 -0.7071872353553772 -0.18204501271247864
v -0.07518824189901352 -0.7037960886955261 -0.1952829360961914
v -0.06563510745763779 -0.7050485014915466 -0.194172665476799
v -0.05683570355176926 -0.6992560625076294 -0.1932099163532257
v -0.053822241723537445 -0.7064446806907654 -0.17571769654750824
v -0.05302908644080162 -0.7003954648971558 -0.16394558548927307
v -0.07510308921337128 -0.7004075050354004 -0.12152981758117676
v -0.10567886382341385 -0.6625493168830872 -0.11438361555337906
v -0.09335128217935562 -0.6583176255226135 -0.11245304346084595
v -0.08083949238061905 -0.661085844039917 -0.11087620258331299
v -0.07044226676225662 -0.6587244868278503 -0.12142795324325562
v -0.06061457470059395 -0.6666110157966614 -0.13614238798618317
v -0.05689460411667824 -0.6560465693473816 -0.1464587301015854
v -0.05284634605050087 -0.6695266366004944 -0.1761920005083084
v -0.0537591315805912 -0.6558167338371277 -0.1730961799621582
v -0.054851409047842026 -0.6632498502731323 -0.18606027960777283
v -0.062167976051568985 -0.6585692763328552 -0.19212684035301208
v -0.07165088504552841 -0.6658487319946289 -0.1942361742258072
v -0.08142443746328354 -0.6591307520866394 -0.18928760290145874
v -0.10040951520204544 -0.6607264876365662 -0.17202869057655334
v -0.0995403602719307 -0.7105084657669067 -0.08871392905712128
v -0.10527370125055313 -0.7123011350631714 -0.07534159719944
v -0.11367759108543396 -0.7122533321380615 -0.088466115295887
v -0.11949407309293747 -0.712041437625885 -0.10222850739955902
v -0.13253769278526306 -0.7125182151794434 -0.10613185167312622
v -0.12573610246181488 -0.711942195892334 -0.11343797296285629
v -0.13625717163085938 -0.7101691365242004 -0.11596594005823135
v -0.1275218427181244 -0.7105370163917542 -0.12292450666427612
v -0.12011117488145828 -0.7080187201499939 -0.13810494542121887
v -0.11787687242031097 -0.7109099626541138 -0.1274724304676056
v -0.11425373703241348 -0.7114023566246033 -0.11513174325227737
v -0.10538541525602341 -0.710723340511322 -0.128246009349823
v -0.10083810985088348 -0.7102051377296448 -0.11476432532072067
v -0.10596425831317902 -0.7110961675643921 -0.10123097896575928
v -0.09092506021261215 -0.7075142860412598 -0.10142567753791809
v -0.109100840985775 -0.7085177302360535 -0.1503480076789856
v -0.11092140525579453 -0.7101335525512695 -0.13905805349349976
v -0.09269025176763535 -0.7100624442100525 -0.13516469299793243
v -0.10115921497344971 -0.7104699015617371 -0.14434877038002014
v -0.0886571854352951 -0.70784592628479 -0.11989713460206985
v -0.07681232690811157 -0.7063997983932495 -0.13496799767017365
v -0.07671353965997696 -0.7090951800346375 -0.14715224504470825
v -0.09118391573429108 -0.710416316986084 -0.15088027715682983
v -0.09067346900701523 -0.7102139592170715 -0.164389505982399
v -0.10220526158809662 -0.7081712484359741 -0.1605096310377121
v -0.09731893241405487 -0.7070008516311646 -0.1719004362821579
v -0.08324206620454788 -0.7101619243621826 -0.17454394698143005
v -0.07917550951242447 -0.7102383375167847 -0.1595245599746704
v -0.06394276022911072 -0.7014961242675781 -0.14310452342033386
v -0.07135391235351562 -0.7091228365898132 -0.19059115648269653
v -0.06140713021159172 -0.708701491355896 -0.18696044385433197
v -0.059551943093538284 -0.7084782123565674 -0.1646612286567688
v -0.06258951127529144 -0.7097166180610657 -0.17656612396240234
v -0.07300186157226562 -0.7101660370826721 -0.1814531832933426
v -0.09977912902832031 -0.7033555507659912 -0.051522620022296906
v -0.1052786260843277 -0.7105326056480408 -0.05274112895131111
v -0.11488649249076843 -0.712709367275238 -0.05154936760663986
v -0.12333958595991135 -0.7135113477706909 -0.054662831127643585
v -0.1270912140607834 -0.7132457494735718 -0.06918869912624359
v -0.12011092901229858 -0.7133876085281372 -0.06277945637702942
v -0.13692578673362732 -0.713138222694397 -0.06678957492113113
v -0.1294281780719757 -0.7135235071182251 -0.060685764998197556
v -0.1425333172082901 -0.7126806378364563 -0.07773660123348236
v -0.13362731039524078 -0.7130661010742188 -0.0757381021976471
v -0.13914050161838531 -0.7128968834877014 -0.08453511446714401
v -0.14502716064453125 -0.7123216390609741 -0.08249076455831528
v -0.1483507603406906 -0.7119767069816589 -0.08591969311237335
v -0.1440024971961975 -0.7126834988594055 -0.0893765538930893
v -0.15090757608413696 -0.7103463411331177 -0.09232364594936371
v -0.15299594402313232 -0.7107294201850891 -0.08570101112127304
v -0.15474088490009308 -0.7043587565422058 -0.0914945900440216
v -0.1510736346244812 -0.7013310790061951 -0.09955167025327682
v -0.15221692621707916 -0.6970791220664978 -0.09134955704212189
v -0.14525757730007172 -0.6930427551269531 -0.0942462682723999
v -0.1450769007205963 -0.693185567855835 -0.08442144095897675
v -0.14736239612102509 -0.6952283382415771 -0.07801169902086258
v -0.1408054381608963 -0.6924617886543274 -0.07803936302661896
v -0.13441619277000427 -0.6916612386703491 -0.07105972617864609
v -0.1296136975288391 -0.6926350593566895 -0.061750974506139755
v -0.1390192061662674 -0.6959438920021057 -0.06401579082012177
v -0.12249729037284851 -0.6947125196456909 -0.05082794651389122
v -0.12993979454040527 -0.69533371925354 -0.054973188787698746
v -0.11809145659208298 -0.6973581314086914 -0.041317347437143326
v -0.1136019378900528 -0.6929384469985962 -0.04887963831424713
v -0.10522570461034775 -0.694557249546051 -0.048050787299871445
v -0.05406178906559944 -0.6416684985160828 -0.17399528622627258
v -0.062641441822052 -0.6475477814674377 -0.1903153955936432
v -0.05582386627793312 -0.6503265500068665 -0.18366652727127075
v -0.054940976202487946 -0.6433091163635254 -0.16055655479431152
v -0.06377803534269333 -0.650253415107727 -0.1316973865032196
v -0.1066574677824974 -0.6671794056892395 -0.15900783240795135
v -0.10952945053577423 -0.6641356348991394 -0.12698793411254883
v -0.10928687453269958 -0.6619704365730286 -0.14127260446548462
v -0.10590394586324692 -0.6519352793693542 -0.15370135009288788
v -0.10171930491924286 -0.6456379890441895 -0.1688944399356842
v -0.10234515368938446 -0.6467930674552917 -0.1362181454896927
v -0.10790446400642395 0.22743341326713562 -0.05554230138659477
v 0.005874385125935078 0.324625164270401 -0.16131459176540375
v -0.08403052389621735 -0.4078928232192993 -0.09345953166484833
v -0.10944291949272156 -0.3993697762489319 -0.09621068835258484
v -0.08773373812437057 0.03006700798869133 0.0139686968177557
v -0.09301290661096573 0.011859680525958538 0.0075037372298538685
v -0.07900135964155197 -0.18218840658664703 -0.023051520809531212
v -0.08518685400485992 -0.20310159027576447 -0.024791881442070007
v -0.07273998856544495 -0.22020937502384186 -0.02963990345597267
v -0.10444597154855728 -0.09519066661596298 -0.020988041535019875
v -0.0874364972114563 -0.08736950904130936 -0.014864715747535229
v -0.08405634015798569 -0.2557077407836914 -0.038769494742155075
v -0.08472836762666702 -0.37702107429504395 -0.07478124648332596
v -0.05959122255444527 -0.3765829801559448 -0.0861247256398201
v -0.08912068605422974 -0.33898118138313293 -0.06341665983200073
v -0.09767846018075943 -0.29190629720687866 -0.05502137169241905
v -0.10833793133497238 -0.0675121620297432 -0.022772813215851784
v -0.09892231971025467 -0.07742486894130707 -0.019327180460095406
v -0.07473655790090561 -0.32122668623924255 -0.05851675570011139
v -0.07709939777851105 -0.3533836305141449 -0.06554991006851196
v -0.09271568059921265 -0.10643850266933441 -0.017237748950719833
v -0.08134900033473969 0.049283333122730255 0.01083869393914938
v -0.11626234650611877 -0.16125300526618958 -0.02880379743874073
v -0.077118419110775 -0.07458806782960892 0.00611891970038414
v -0.07935754209756851 0.07969789206981659 -0.006021897308528423
v -0.10488777607679367 -0.003978782333433628 -0.0018985095666721463
v -0.08959691226482391 -0.23565064370632172 -0.03202708065509796
v -0.10024192929267883 -0.270281046628952 -0.046923477202653885
v -0.10569777339696884 -0.1404293030500412 -0.021681047976017
v -0.10547427833080292 -0.026358259841799736 0.00011678739247145131
v -0.08890862762928009 0.0575215145945549 -0.008514746092259884
v -0.0902072936296463 -0.057536780834198 0.005335059482604265
v -0.1365087926387787 0.022400498390197754 -0.04975094273686409
v -0.1203506737947464 -0.06405595690011978 -0.02925911545753479
v -0.12224682420492172 -0.18057382106781006 -0.03588229417800903
v -0.13973642885684967 -0.20802702009677887 -0.08091539144515991
v -0.12136255204677582 -0.2587689459323883 -0.05625186488032341
v -0.12622326612472534 -0.23719342052936554 -0.05543771758675575
v -0.11646634340286255 -0.29472482204437256 -0.06683869659900665
v -0.12042417377233505 -0.325586199760437 -0.0856117457151413
v -0.11784125119447708 -0.37322312593460083 -0.0971013531088829
v -0.09355025738477707 -0.39290204644203186 -0.08467484265565872
v -0.09179572016000748 -0.36130383610725403 -0.07005731761455536
v -0.10347337275743484 -0.3497592508792877 -0.07364846765995026
v -0.11038272827863693 -0.31233105063438416 -0.06906947493553162
v -0.1122651919722557 -0.11581353843212128 -0.023480309173464775
v -0.12318813055753708 0.06918296217918396 -0.07010186463594437
v -0.14253759384155273 -0.15576402842998505 -0.06812668591737747
v -0.14068086445331573 -0.07792907953262329 -0.04711494222283363
v -0.11425294727087021 -0.052570194005966187 -0.018604015931487083
v -0.11953204870223999 0.06783819198608398 -0.0517820343375206
v -0.1393381655216217 0.0030413444619625807 -0.042969465255737305
v -0.1314883828163147 -0.21133577823638916 -0.05624120309948921
v -0.1293219029903412 -0.2661472260951996 -0.07482027262449265
v -0.13274484872817993 -0.1140521764755249 -0.038171857595443726
v -0.11898487061262131 -0.09765150398015976 -0.02736138552427292
v -0.13165999948978424 0.04669170454144478 -0.062378957867622375
v -0.1194915622472763 -0.03387773782014847 -0.017173027619719505
v -0.06585269421339035 -0.397289514541626 -0.0934743657708168
v -0.10430475324392319 0.10075493156909943 -0.048058874905109406
v -0.08172357827425003 0.09634369611740112 -0.012921357527375221
v -0.08928383141756058 0.10006952285766602 -0.02366330288350582
v -0.09320676326751709 0.0829218253493309 -0.02249414101243019
v -0.09850221872329712 0.09618614614009857 -0.034540437161922455
v -0.11498618125915527 0.0873044803738594 -0.060366664081811905
v -0.05388438701629639 -0.1348695158958435 -0.018733695149421692
v -0.1469593644142151 -0.11032598465681076 -0.0687580332159996
v -0.14495007693767548 -0.09563249349594116 -0.05534757301211357
v -0.0034452416002750397 -0.1650131493806839 -0.09391425549983978
v -0.06635274738073349 -0.10610432177782059 -0.18988581001758575
v -0.005796568933874369 -0.16929936408996582 -0.08932624757289886
v -0.0059063187800347805 -0.1675921082496643 -0.07909642159938812
v -0.006454594898968935 -0.16653236746788025 -0.07384348660707474
v -0.1210830882191658 -0.11634965986013412 -0.13863231241703033
v -0.01736954227089882 -0.16642433404922485 -0.045566607266664505
v -0.02412497065961361 -0.16575835645198822 -0.03935514762997627
v -0.13809137046337128 -0.12304122745990753 -0.11082839965820312
v -0.08152331411838531 -0.14745454490184784 -0.01826363243162632
v -0.007263952400535345 -0.16698287427425385 -0.06787147372961044
v -0.008527196943759918 -0.16736014187335968 -0.0620388388633728
v -0.035017069429159164 -0.1610705703496933 -0.031310662627220154
v -0.04080647602677345 -0.14948444068431854 -0.026059258729219437
v -0.005820343270897865 -0.16783365607261658 -0.09422847628593445
v -0.12029249966144562 -0.09273061901330948 -0.1494535356760025
v -0.04112687706947327 -0.11792398244142532 -0.18884897232055664
v -0.12683287262916565 -0.13659605383872986 -0.0344395749270916
v -0.09082743525505066 -0.12637357413768768 -0.017069045454263687
v -0.13488352298736572 0.21063634753227234 -0.10994349420070648
v -0.09122734516859055 -0.14380601048469543 -0.15795643627643585
v -0.06524425745010376 -0.17589767277240753 -0.15439988672733307
v -0.06297332048416138 0.03908953815698624 -0.17454488575458527
v -0.06465195119380951 -0.1942669004201889 -0.15524950623512268
v -0.09049393981695175 -0.2659926414489746 -0.15880346298217773
v -0.0937662348151207 -0.339204877614975 -0.16109782457351685
v -0.10437241941690445 -0.32770588994026184 -0.15270785987377167
v -0.10685927420854568 -0.376028835773468 -0.1617974042892456
v -0.1136012151837349 -0.3922349214553833 -0.16565023362636566
v -0.09152111411094666 -0.5668380856513977 -0.1970471292734146
v -0.013286386616528034 -0.15502995252609253 -0.048541828989982605
v -0.11322784423828125 -0.4110748767852783 -0.17611892521381378
v -0.009977670386433601 -0.14928162097930908 -0.03765605762600899
v -0.014607525430619717 -0.15243089199066162 -0.04509737715125084
v -0.0036958230193704367 0.25089454650878906 -0.20011195540428162
v -0.08214201778173447 -0.18129263818264008 -0.15463688969612122
v -0.07162915170192719 0.1576310247182846 -0.1868114471435547
v -0.011043974198400974 -0.19066298007965088 -0.06541740149259567
v -0.007973716594278812 -0.18756714463233948 -0.07355449348688126
v -0.010542375966906548 -0.19605456292629242 -0.07342097908258438
v -0.08930563926696777 0.1717061698436737 -0.17498794198036194
v -0.013562084175646305 -0.20501604676246643 -0.07211603224277496
v -0.013969129882752895 -0.2115415334701538 -0.08064985275268555
v -0.010563801974058151 -0.20142988860607147 -0.08171296864748001
v -0.020821820944547653 -0.2466702163219452 -0.08804076910018921
v -0.018243640661239624 -0.2379632294178009 -0.0973207950592041
v -0.10395585745573044 -0.2486739605665207 -0.15336944162845612
v -0.09899397939443588 -0.2886890172958374 -0.15558844804763794
v -0.13075482845306396 -0.45043808221817017 -0.17590156197547913
v -0.11771173775196075 -0.500606894493103 -0.19185230135917664
v -0.0064258514903485775 -0.1805402636528015 -0.07789637893438339
v -0.006581462919712067 -0.17315436899662018 -0.0722573772072792
v -0.007977034896612167 -0.17426013946533203 -0.0647505521774292
v -0.032664742320775986 0.09529929608106613 -0.18546439707279205
v -0.009873633272945881 -0.15876467525959015 -0.05594684183597565
v -0.02093193493783474 -0.27834731340408325 -0.10043562948703766
v -0.020421059802174568 -0.2893422842025757 -0.10784763842821121
v -0.028965221717953682 -0.3031304180622101 -0.13371676206588745
v -0.022132840007543564 -0.29440751671791077 -0.12081850320100784
v -0.023691875860095024 -0.31798413395881653 -0.1276286542415619
v -0.03114338405430317 -0.34075742959976196 -0.14002740383148193
v -0.03419074788689613 -0.3609452545642853 -0.14178018271923065
v -0.026119938120245934 -0.35071250796318054 -0.129417285323143
v -0.042604733258485794 -0.3979383111000061 -0.14618845283985138
v -0.046039000153541565 -0.4282820224761963 -0.1716083586215973
v -0.036159101873636246 -0.4637795686721802 -0.15536518394947052
v -0.0381450392305851 -0.5011138916015625 -0.16642531752586365
v -0.048018861562013626 -0.5743655562400818 -0.1698698103427887
v -0.09368827193975449 0.25363677740097046 -0.17715178430080414
v -0.13252945244312286 0.21938766539096832 -0.0708577111363411
v -0.13677582144737244 0.2264375388622284 -0.06519625335931778
v -0.14337074756622314 0.27073636651039124 -0.05552452802658081
v -0.13247261941432953 0.2340008169412613 -0.03433234617114067
v -0.04603483900427818 0.11705531179904938 -0.19162701070308685
v -0.06360971182584763 0.13514970242977142 -0.19087418913841248
v -0.11378522962331772 0.19896431267261505 -0.15903322398662567
v -0.0634429082274437 0.24371550977230072 -0.19014504551887512
v -0.12681299448013306 0.24068865180015564 -0.009791973046958447
v -0.12781831622123718 0.2585107982158661 0.0009256916237063706
v -0.1300138682126999 0.2747226059436798 -0.007794791366904974
v -0.14261457324028015 0.2845957279205322 -0.10753695666790009
v -0.09313327819108963 -0.06280975788831711 -0.18445323407649994
v -0.08607298880815506 -0.03140833601355553 -0.18777742981910706
v -0.02099302038550377 -0.25916871428489685 -0.09552762657403946
v -0.020770927891135216 -0.2653947174549103 -0.10879231244325638
v -0.013506828807294369 -0.21340122818946838 -0.09878472238779068
v -0.016335418447852135 -0.22613359987735748 -0.10029271990060806
v -0.015409157611429691 -0.21589604020118713 -0.10835101455450058
v -0.10027679055929184 -0.22220781445503235 -0.1543678641319275
v -0.08031190931797028 -0.23774825036525726 -0.15977904200553894
v -0.10469937324523926 -0.4835579991340637 -0.20092113316059113
v -0.03611486405134201 -0.48317819833755493 -0.15756088495254517
v -0.10698725283145905 -0.4305221438407898 -0.18952155113220215
v -0.042231570929288864 -0.41504359245300293 -0.15385441482067108
v -0.10086707025766373 -0.5531670451164246 -0.19605451822280884
v -0.04282258823513985 -0.5382521748542786 -0.16199001669883728
v -0.011954295448958874 -0.1571069359779358 -0.05193942412734032
v -0.01295220572501421 -0.1623619645833969 -0.051612820476293564
v -0.09798622131347656 0.013247472234070301 -0.1677398681640625
v -0.10133068263530731 -0.010039525106549263 -0.17357105016708374
v -0.08660496771335602 -0.5855903625488281 -0.19482824206352234
v -0.08154544979333878 -0.6304752826690674 -0.18811385333538055
v -0.053313035517930984 -0.6283470392227173 -0.17030562460422516
v -0.08171536028385162 -0.6015377044677734 -0.1929030865430832
v -0.08059734851121902 -0.6449912190437317 -0.18821114301681519
v -0.08588137477636337 -0.6892337203025818 -0.19108684360980988
v -0.089762844145298 -0.6684337258338928 -0.18444009125232697
v -0.05681571364402771 -0.6922792792320251 -0.15154914557933807
v -0.0535428449511528 -0.6762644648551941 -0.1649034023284912
v -0.08511314541101456 -0.7012291550636292 -0.1918354332447052
v -0.058524493128061295 -0.7030494213104248 -0.15526600182056427
v -0.05462535843253136 -0.6612949967384338 -0.16125354170799255
v -0.08063331246376038 -0.7091248035430908 -0.18772852420806885
v -0.06723809242248535 -0.708829939365387 -0.15578673779964447
v -0.07014673948287964 -0.7099900841712952 -0.16787497699260712
v -0.08852602541446686 -0.09751114249229431 -0.18097592890262604
v -0.012530507519841194 -0.16933809220790863 -0.052557896822690964
v -0.010248544625937939 -0.16495414078235626 -0.057072754949331284
v -0.04629403352737427 0.2537938952445984 -0.02941507287323475
v -0.052558571100234985 0.24529770016670227 -0.024497777223587036
v -0.04830431565642357 0.15126147866249084 0.023505916818976402
v -0.08341880142688751 0.31570932269096375 -0.12888182699680328
v -0.05918235331773758 0.08970402926206589 0.010413079522550106
v -0.07058166712522507 0.09502235054969788 -0.0005725565133616328
v -0.06722154468297958 0.1241212859749794 -0.01003481075167656
v -0.06129506975412369 0.1305631399154663 -0.002858527936041355
v -0.07334917038679123 0.005011178553104401 0.025400439277291298
v -0.03911294788122177 -0.08571086078882217 0.017577283084392548
v -0.04891221970319748 0.2652375102043152 -0.03517378121614456
v -0.058416590094566345 0.03124929964542389 0.03555784001946449
v -0.04631955176591873 0.13882292807102203 0.017354846000671387
v -0.05397201329469681 0.13273672759532928 0.003222978673875332
v -0.04666731506586075 0.13459043204784393 0.008413359522819519
v -0.046846453100442886 -0.11249497532844543 -0.013377963565289974
v -0.06259749084711075 0.3086468279361725 -0.09077004343271255
v -0.05460978299379349 0.3024618327617645 -0.07887201756238937
v -0.05789100006222725 0.29361796379089355 -0.05801656097173691
v -0.05401632562279701 0.277805894613266 -0.043092742562294006
v -0.05412433296442032 0.28345787525177 -0.047803159803152084
v -0.07041909545660019 0.06841471791267395 0.009392763487994671
v -0.03761958330869675 0.10617661476135254 0.01550344843417406
v -0.05236072465777397 0.10672028362751007 0.00806258525699377
v -0.04387913644313812 0.11377864331007004 0.008522474206984043
v -0.060345351696014404 0.20741763710975647 0.002510060090571642
v -0.05792772397398949 0.28932225704193115 -0.1759675294160843
v -0.04598509520292282 0.12949973344802856 0.0017039304366335273
v -0.05298328027129173 0.1265273541212082 -0.0015063525643199682
v -0.04725237563252449 0.1209525465965271 0.0036392726469784975
v -0.06801528483629227 -0.02275393344461918 0.03083048388361931
v -0.020622415468096733 0.27574726939201355 -0.1913163959980011
v -0.050586163997650146 0.19965043663978577 0.010396613739430904
v -0.06288842111825943 0.19015634059906006 0.012053990736603737
v -0.02813853695988655 -0.12425677478313446 -0.012221604585647583
v -0.019208554178476334 -0.13520272076129913 -0.019140049815177917
v -0.06300227344036102 -0.045396581292152405 0.0250430628657341
v -0.0657811164855957 0.05017003044486046 0.027030015364289284
v -0.04725492373108864 -0.06585126370191574 0.025838766247034073
v -0.01145546231418848 -0.08251535892486572 -0.19761300086975098
v -0.048391226679086685 0.4305401146411896 -0.06891708076000214
v -0.0526115782558918 0.424776554107666 -0.08601261675357819
v -0.05448846518993378 0.4296649694442749 -0.09711525589227676
v -0.05453193932771683 0.4309808611869812 -0.10890933871269226
v -0.05386248230934143 0.42653343081474304 -0.11767140030860901
v -0.05413205921649933 0.40314438939094543 -0.11126772314310074
v -0.05693991482257843 0.41195058822631836 -0.10435833036899567
v -0.052362192422151566 0.4001966714859009 -0.10676860809326172
v -0.05205855891108513 0.39801907539367676 -0.1099487915635109
v -0.05348662659525871 0.4006194770336151 -0.10952647030353546
v -0.053780198097229004 0.40408387780189514 -0.10490340739488602
v -0.051920630037784576 0.39799782633781433 -0.11249461770057678
v -0.055792186409235 0.40787672996520996 -0.10431946069002151
v -0.05451968312263489 0.40296512842178345 -0.10823657363653183
v -0.043900564312934875 0.37896618247032166 -0.10683561861515045
v -0.045137546956539154 0.38243502378463745 -0.10951285064220428
v -0.04894007369875908 0.3780963122844696 -0.10700009018182755
v -0.049731869250535965 0.3976238965988159 -0.10121699422597885
v -0.027420159429311752 0.2521184980869293 -0.028357762843370438
v -0.058870360255241394 0.2576218545436859 -0.03306605666875839
v -0.07549946755170822 0.23571538925170898 -0.03330334275960922
v -0.06538117676973343 0.251318097114563 -0.03428717330098152
v -0.08829557150602341 0.12603019177913666 -0.024692794308066368
v -0.07726369798183441 0.1662050485610962 0.009187934920191765
v -0.07653826475143433 0.1299179196357727 -0.011707421392202377
v -0.0353681854903698 0.2291245460510254 -0.010901164263486862
v -0.07339856773614883 0.14483797550201416 0.007585505489259958
v -0.08681891113519669 0.22425568103790283 -0.04143935814499855
v -0.13128361105918884 0.19477452337741852 -0.08932697027921677
v -0.023944787681102753 0.2383538782596588 -0.016665881499648094
v -0.09843006730079651 0.13700665533542633 -0.02414149045944214
v -0.11014887690544128 0.2693019509315491 -0.15978145599365234
v -0.070535808801651 0.3090798556804657 -0.07685266435146332
v -0.10548318922519684 0.20791494846343994 -0.05558586120605469
v -0.09888936579227448 0.20344553887844086 -0.05672004073858261
v -0.09432446211576462 0.2241148054599762 -0.043618205934762955
v -0.08897027373313904 0.21647055447101593 -0.043910153210163116
v -0.1275063157081604 0.2012336552143097 -0.07931003719568253
v -0.09216149151325226 0.11915165185928345 -0.03471335023641586
v -0.08549334853887558 0.11776886880397797 -0.026667959988117218
v -0.12618106603622437 0.21369816362857819 -0.13785003125667572
v -0.10604070872068405 0.12868651747703552 -0.05000627413392067
v -0.12013107538223267 0.1986352801322937 -0.07038714736700058
v -0.11466506868600845 0.20327283442020416 -0.06338022649288177
v -0.12316645681858063 0.1909869760274887 -0.07914707064628601
v -0.1359475553035736 0.2704371511936188 -0.12311200052499771
v -0.08357948809862137 0.3180689215660095 -0.10768277943134308
v -0.10099875926971436 0.31792151927948 -0.11464967578649521
v -0.061564065515995026 0.2995251417160034 -0.06530218571424484
v -0.05967200919985771 0.2799568474292755 -0.04771760106086731
v -0.06438856571912766 0.27731794118881226 -0.04295216500759125
v -0.06437355279922485 0.28470271825790405 -0.0459514744579792
v -0.026908431202173233 0.20447014272212982 0.011172095313668251
v -0.04569957032799721 0.21148952841758728 0.0024254810996353626
v -0.05933842808008194 0.21737045049667358 -0.0055842590518295765
v -0.07673881947994232 0.21484701335430145 -0.01305074617266655
v -0.08947478979825974 0.21119046211242676 -0.03787940368056297
v -0.09877636283636093 0.19563758373260498 -0.045291196554899216
v -0.09421394020318985 0.20274555683135986 -0.039060622453689575
v -0.10220618546009064 0.19122721254825592 -0.05227010324597359
v -0.10199166089296341 0.1930106282234192 -0.058627672493457794
v -0.09871470183134079 0.19776149094104767 -0.054082728922367096
v -0.10895567387342453 0.18231458961963654 -0.06528235971927643
v -0.10613111406564713 0.18571732938289642 -0.057125452905893326
v -0.11124428361654282 0.2088625133037567 -0.05835052579641342
v -0.11129771918058395 0.19608470797538757 -0.06585521250963211
v -0.10810457170009613 0.2145807296037674 -0.05416382849216461
v -0.09693829715251923 0.10907935351133347 -0.03955339640378952
v -0.09768293052911758 0.11758912354707718 -0.04400550574064255
v -0.13151760399341583 0.29238221049308777 -0.12501750886440277
v -0.13176512718200684 0.1881154328584671 -0.12311263382434845
v -0.1149892807006836 0.17062462866306305 -0.08184674382209778
v -0.11235388368368149 0.17623519897460938 -0.07326005399227142
v -0.11947976052761078 0.15677835047245026 -0.0982964038848877
v -0.116909921169281 0.16719773411750793 -0.09257598966360092
v -0.11764488369226456 0.16523116827011108 -0.10361630469560623
v -0.1172216385602951 0.16746816039085388 -0.1147548034787178
v -0.11644803732633591 0.16070060431957245 -0.12102056294679642
v -0.11884301900863647 0.1680135577917099 -0.12516485154628754
v -0.11362405121326447 0.15968818962574005 -0.13329192996025085
v -0.11957338452339172 0.17158880829811096 -0.13725577294826508
v -0.1165555864572525 0.18051666021347046 -0.15176469087600708
v -0.10413989424705505 0.18513223528862 -0.16851016879081726
v -0.09844613075256348 0.2040196806192398 -0.1751522719860077
v -0.10141146183013916 0.22716167569160461 -0.17270994186401367
v -0.13357792794704437 0.24651610851287842 -0.12177592515945435
v -0.0849999412894249 0.19219951331615448 -0.006608998868614435
v -0.08755232393741608 0.17647284269332886 -0.003579951822757721
v -0.014172570779919624 0.21586595475673676 0.007334978319704533
v -0.006583675742149353 0.20478741824626923 0.019109588116407394
v -0.13144837319850922 0.20277145504951477 -0.12571237981319427
v -0.12414753437042236 0.19791309535503387 -0.14375075697898865
v -0.05046232417225838 0.23375941812992096 -0.016708659008145332
v -0.06094563752412796 0.2274579256772995 -0.014080257155001163
v -0.0632639080286026 0.2698350250720978 -0.04140616953372955
v -0.06659094244241714 0.2575962543487549 -0.03801367059350014
v -0.07200505584478378 0.25206315517425537 -0.03625671565532684
v -0.0746980682015419 0.23000675439834595 -0.027185896411538124
v -0.08531852066516876 0.2145034819841385 -0.028448617085814476
v -0.0844622477889061 0.209793820977211 -0.01940970867872238
v -0.089968241751194 0.20602919161319733 -0.028110573068261147
v -0.08852256089448929 0.19957652688026428 -0.017277827486395836
v -0.05942501872777939 0.27435606718063354 -0.04424476996064186
v -0.06194891408085823 0.2475186586380005 -0.02774246223270893
v -0.06807302683591843 0.2311524897813797 -0.019821543246507645
v -0.06849571317434311 0.22045572102069855 -0.01121249608695507
v -0.07381798326969147 0.22390517592430115 -0.018925974145531654
v -0.07080483436584473 0.21073339879512787 -0.004006146918982267
v -0.07730382680892944 0.20081081986427307 -0.0023467743303626776
v -0.10964933782815933 0.10222592204809189 -0.06493700295686722
v -0.07305622100830078 0.10689756274223328 -0.00770016573369503
v -0.004719946067780256 0.36713871359825134 -0.0262158140540123
v -0.009100779891014099 0.018836719915270805 0.036012161523103714
v 0.00014561074203811586 0.053858354687690735 -0.16869869828224182
v -0.021933244541287422 0.0027662815991789103 0.037133630365133286
v -0.0004188232705928385 -0.0069557297974824905 0.04023328050971031
v -0.008831165730953217 0.029814576730132103 0.044295769184827805
v 0.00017551441851537675 0.22093026340007782 0.009511162526905537
v -0.008186360821127892 0.010891593061387539 0.03150791674852371
v -0.0001484752428950742 0.004319821018725634 0.03300913795828819
v 0.01750292256474495 0.2341957986354828 -0.20391282439231873
v -0.014230211265385151 -0.015733517706394196 -0.1946532130241394
v -0.012569224461913109 -0.009713757783174515 0.04146827012300491
v -0.01909589394927025 0.006520324852317572 -0.18223081529140472
v -0.006478514056652784 -0.0470554456114769 0.037431344389915466
v -0.00488290237262845 0.06474315375089645 0.04073923081159592
v -0.014622214250266552 0.04802995175123215 0.04596896097064018
v 0.00139160908292979 0.045433830469846725 0.0466591939330101
v -0.012059873901307583 -0.09291131049394608 0.01593608222901821
v -0.0024238741025328636 0.08527545630931854 0.030371956527233124
v 0.005371227394789457 0.1130683571100235 0.019578183069825172
v -0.009810271672904491 0.10834091901779175 0.020534828305244446
v 0.13061000406742096 -0.7096400260925293 -0.06734493374824524
v 0.1295819878578186 -0.710469663143158 -0.07123488932847977
v 0.13015353679656982 -0.7065162062644958 -0.06966760754585266
v -0.09624796360731125 0.24002987146377563 -0.04489796981215477
v 0.07739784568548203 0.27636000514030457 -0.03982040658593178
v 0.12689581513404846 -0.7139329314231873 -0.0698578730225563
v -0.09158407896757126 0.24415922164916992 -0.04047772288322449
v -0.08647863566875458 0.24744538962841034 -0.03296941518783569
v -0.09097633510828018 0.23868116736412048 -0.03503411263227463
l 1 64
l 1 63
l 1 25
l 1 43
l 1 13
l 2 138
l 2 91
l 2 98
l 2 102
l 2 111
l 3 5
l 3 920
l 3 111
l 3 98
l 3 7
l 4 108
l 4 53
l 4 100
l 4 59
l 4 101
l 5 58
l 5 139
l 5 137
l 5 98
l 6 99
l 6 2569
l 6 100
l 6 2515
l 6 1792
l 7 920
l 7 9
l 7 94
l 7 111
l 8 10
l 8 921
l 8 141
l 8 844
l 8 36
l 9 845
l 9 36
l 9 132
l 9 921
l 10 1798
l 10 1624
l 10 4112
l 10 921
l 11 64
l 11 35
l 11 41
l 11 65
l 11 66
l 12 67
l 12 1315
l 12 1797
l 12 144
l 12 95
l 13 41
l 13 64
l 13 106
l 13 43
l 14 36
l 14 94
l 14 141
l 14 44
l 14 115
l 15 133
l 15 163
l 15 21
l 15 20
l 15 73
l 16 842
l 16 54
l 16 498
l 16 134
l 16 843
l 17 46
l 17 2380
l 17 25
l 17 2379
l 17 43
l 18 43
l 18 19
l 18 47
l 18 42
l 19 46
l 19 50
l 19 26
l 19 47
l 20 163
l 20 813
l 20 74
l 20 812
l 21 812
l 21 54
l 21 134
l 22 47
l 22 49
l 22 1795
l 22 51
l 22 38
l 23 80
l 23 27
l 23 103
l 23 82
l 23 77
l 24 84
l 24 31
l 24 40
l 24 85
l 24 33
l 25 37
l 25 63
l 25 2379
l 26 46
l 26 2381
l 26 77
l 26 2382
l 27 809
l 27 2382
l 27 81
l 27 819
l 28 74
l 28 1317
l 28 813
l 28 32
l 29 55
l 29 822
l 29 808
l 29 811
l 29 125
l 30 841
l 30 506
l 30 494
l 30 1626
l 30 842
l 31 85
l 31 33
l 31 69
l 31 86
l 32 69
l 32 1317
l 32 127
l 32 33
l 33 40
l 33 116
l 33 56
l 34 40
l 34 57
l 34 104
l 34 87
l 34 1793
l 35 2571
l 35 66
l 35 1796
l 35 109
l 36 921
l 36 94
l 36 845
l 37 143
l 37 63
l 37 128
l 37 68
l 38 96
l 38 48
l 38 1795
l 38 4278
l 39 79
l 39 130
l 39 78
l 39 103
l 39 76
l 40 56
l 40 87
l 41 62
l 41 106
l 41 64
l 42 106
l 42 43
l 42 48
l 44 114
l 44 68
l 44 115
l 44 129
l 45 133
l 45 54
l 45 141
l 45 92
l 46 2380
l 46 2381
l 47 48
l 47 50
l 48 117
l 48 96
l 49 50
l 49 51
l 49 76
l 49 78
l 50 77
l 50 76
l 51 97
l 51 78
l 51 1795
l 52 58
l 52 113
l 52 2567
l 52 140
l 52 920
l 53 108
l 53 139
l 53 113
l 53 137
l 54 134
l 54 92
l 55 811
l 55 127
l 55 496
l 55 107
l 56 136
l 56 57
l 56 116
l 57 2566
l 57 1793
l 57 136
l 58 139
l 58 113
l 58 137
l 59 108
l 59 60
l 59 100
l 59 2609
l 60 2609
l 60 4276
l 60 2569
l 60 100
l 61 843
l 61 2570
l 61 1625
l 61 93
l 61 842
l 62 4281
l 62 2571
l 62 4279
l 63 128
l 63 65
l 63 64
l 64 65
l 65 128
l 65 66
l 65 112
l 66 109
l 66 1315
l 66 112
l 67 95
l 67 2603
l 67 2604
l 67 102
l 68 126
l 68 143
l 68 114
l 69 164
l 69 1319
l 69 86
l 69 1317
l 70 149
l 70 157
l 70 150
l 70 830
l 70 156
l 71 158
l 71 830
l 71 148
l 71 147
l 71 149
l 72 820
l 72 75
l 72 148
l 72 830
l 73 163
l 73 89
l 73 810
l 73 192
l 74 810
l 74 2390
l 74 163
l 74 1317
l 75 148
l 75 160
l 75 820
l 76 77
l 76 103
l 77 2382
l 78 123
l 78 97
l 79 4277
l 79 123
l 79 2588
l 79 1794
l 80 82
l 80 120
l 80 119
l 80 81
l 81 806
l 81 120
l 81 809
l 81 1318
l 82 119
l 82 122
l 82 121
l 82 103
l 83 160
l 83 162
l 83 2378
l 83 148
l 84 87
l 84 121
l 84 85
l 84 119
l 85 119
l 85 120
l 86 1318
l 86 1319
l 86 120
l 86 832
l 87 104
l 87 121
l 88 121
l 88 104
l 88 118
l 88 122
l 88 131
l 89 810
l 89 166
l 89 179
l 89 192
l 89 180
l 90 192
l 90 133
l 90 162
l 90 129
l 91 111
l 91 98
l 91 114
l 91 94
l 92 843
l 92 141
l 92 844
l 93 844
l 93 4113
l 93 1624
l 93 843
l 94 111
l 95 2604
l 95 2603
l 95 1797
l 95 2650
l 96 2626
l 96 2605
l 96 117
l 96 4278
l 97 2632
l 97 2606
l 97 123
l 98 137
l 98 111
l 98 139
l 99 138
l 99 100
l 99 101
l 99 2569
l 100 101
l 100 2569
l 100 108
l 101 137
l 101 138
l 102 110
l 102 144
l 102 2603
l 102 1792
l 103 130
l 103 122
l 104 118
l 104 1793
l 105 135
l 105 263
l 105 4275
l 105 136
l 105 107
l 106 1791
l 107 136
l 107 116
l 107 496
l 107 823
l 108 113
l 108 140
l 109 1797
l 109 1315
l 109 1796
l 109 4280
l 110 1792
l 110 2603
l 112 128
l 112 2377
l 112 1316
l 112 1315
l 113 140
l 113 139
l 114 126
l 114 142
l 115 133
l 115 129
l 116 127
l 116 136
l 117 2626
l 117 1791
l 118 145
l 118 2627
l 118 1793
l 119 121
l 120 1318
l 121 122
l 122 131
l 122 130
l 123 2588
l 123 2632
l 124 2388
l 124 2385
l 124 2384
l 124 2387
l 124 2386
l 125 477
l 125 808
l 125 811
l 125 498
l 125 134
l 126 142
l 126 2377
l 126 143
l 126 1316
l 127 813
l 128 2377
l 128 143
l 129 2378
l 130 1794
l 130 131
l 131 2627
l 131 2639
l 132 920
l 132 3343
l 132 4972
l 132 845
l 134 812
l 134 498
l 135 2643
l 135 136
l 135 2566
l 137 139
l 140 2622
l 140 2568
l 142 1316
l 142 144
l 143 2377
l 144 1316
l 144 1315
l 145 2652
l 145 2613
l 145 1793
l 145 2597
l 146 187
l 146 147
l 146 816
l 146 2385
l 146 190
l 147 190
l 147 158
l 147 148
l 147 187
l 148 158
l 148 160
l 149 190
l 149 158
l 149 830
l 149 150
l 150 156
l 150 157
l 150 186
l 150 159
l 150 807
l 151 189
l 151 184
l 151 807
l 151 167
l 151 176
l 152 176
l 152 185
l 152 184
l 152 169
l 152 183
l 153 177
l 153 191
l 153 174
l 153 183
l 153 175
l 154 175
l 154 191
l 154 829
l 154 193
l 155 171
l 155 165
l 155 178
l 155 173
l 155 2392
l 156 807
l 156 186
l 156 157
l 156 159
l 157 186
l 157 807
l 158 830
l 158 190
l 159 186
l 159 190
l 159 807
l 160 2385
l 161 181
l 161 817
l 161 171
l 161 178
l 162 194
l 162 192
l 163 810
l 164 170
l 164 172
l 164 171
l 164 165
l 165 2392
l 165 171
l 165 170
l 165 2391
l 166 2390
l 166 2391
l 166 179
l 166 810
l 167 827
l 167 189
l 167 807
l 167 184
l 168 169
l 168 183
l 168 177
l 168 176
l 169 176
l 169 183
l 169 177
l 170 2391
l 170 2390
l 170 171
l 170 2392
l 171 172
l 171 181
l 171 173
l 172 173
l 172 178
l 172 829
l 173 178
l 173 181
l 173 829
l 174 177
l 174 191
l 174 175
l 174 182
l 175 191
l 175 829
l 175 193
l 176 184
l 176 185
l 176 183
l 177 183
l 177 182
l 178 181
l 178 193
l 178 829
l 179 2391
l 179 180
l 179 2392
l 179 2390
l 180 194
l 180 2392
l 180 2391
l 181 817
l 182 2389
l 182 191
l 182 2386
l 182 818
l 184 189
l 185 2383
l 186 187
l 186 190
l 187 816
l 187 188
l 187 190
l 188 816
l 188 2387
l 188 189
l 189 807
l 191 818
l 193 818
l 193 817
l 194 817
l 194 2384
l 195 230
l 195 488
l 195 821
l 195 492
l 195 493
l 196 197
l 196 847
l 196 902
l 196 489
l 196 846
l 197 577
l 197 2347
l 197 902
l 197 578
l 198 2463
l 198 2393
l 198 1393
l 198 2464
l 198 2462
l 199 2397
l 199 484
l 199 2476
l 199 2467
l 199 874
l 200 219
l 200 2457
l 200 573
l 200 579
l 200 1613
l 201 575
l 201 2416
l 201 2486
l 201 2212
l 201 2400
l 202 581
l 202 1490
l 202 1386
l 202 210
l 202 1390
l 203 2478
l 203 2480
l 203 2464
l 203 2479
l 203 2462
l 204 557
l 204 556
l 204 1327
l 204 1321
l 204 767
l 205 500
l 205 221
l 205 256
l 205 214
l 205 1777
l 206 220
l 206 1623
l 206 1616
l 206 879
l 206 2470
l 207 1618
l 207 880
l 207 1366
l 207 243
l 207 2469
l 208 2449
l 208 580
l 208 464
l 208 1548
l 208 1549
l 209 2447
l 209 1547
l 209 2449
l 209 1537
l 209 572
l 210 790
l 210 580
l 210 1548
l 210 1545
l 210 1546
l 211 212
l 211 1396
l 211 1397
l 211 247
l 211 245
l 212 1396
l 212 245
l 212 2468
l 212 2396
l 213 2404
l 213 2401
l 213 2338
l 213 2336
l 213 2349
l 214 2184
l 214 221
l 214 500
l 214 305
l 215 216
l 215 520
l 215 2402
l 215 225
l 215 2344
l 216 574
l 216 2344
l 216 224
l 216 2399
l 217 2156
l 217 646
l 217 222
l 217 1376
l 217 1773
l 218 2337
l 218 2347
l 218 487
l 218 2394
l 218 228
l 219 570
l 219 231
l 219 2401
l 219 1614
l 220 879
l 220 1616
l 220 244
l 220 884
l 221 1519
l 221 305
l 221 256
l 222 2157
l 222 234
l 222 2158
l 222 2156
l 223 865
l 223 889
l 223 871
l 223 869
l 223 906
l 224 225
l 224 2399
l 224 2409
l 224 2398
l 225 2402
l 225 231
l 225 570
l 226 1415
l 226 2336
l 226 1413
l 226 1412
l 226 2338
l 227 1415
l 227 513
l 227 2350
l 227 297
l 227 1632
l 228 577
l 228 2337
l 228 299
l 228 1628
l 229 578
l 229 490
l 229 1414
l 229 1801
l 230 1479
l 230 493
l 230 494
l 230 488
l 231 2402
l 231 570
l 231 2401
l 231 2404
l 232 660
l 232 1400
l 232 1622
l 232 886
l 232 432
l 233 1399
l 233 1358
l 233 2412
l 233 1623
l 233 1621
l 234 1524
l 234 2201
l 234 2195
l 234 587
l 235 1477
l 235 2354
l 235 453
l 235 1481
l 235 249
l 236 909
l 236 863
l 236 1559
l 236 908
l 236 910
l 237 1549
l 237 1550
l 237 255
l 237 463
l 237 464
l 238 1602
l 238 1496
l 238 1552
l 238 1542
l 238 2287
l 239 1538
l 239 2443
l 239 1536
l 239 2407
l 239 2410
l 240 1477
l 240 260
l 240 249
l 240 257
l 241 2410
l 241 2239
l 241 482
l 241 2407
l 241 862
l 242 1606
l 242 445
l 242 2497
l 242 4284
l 242 1607
l 243 880
l 243 560
l 243 707
l 243 1618
l 244 884
l 244 1616
l 244 879
l 245 247
l 245 1396
l 245 1366
l 245 2468
l 246 2469
l 246 2470
l 246 1359
l 246 1396
l 246 247
l 247 1396
l 247 1397
l 248 1367
l 248 1341
l 248 1365
l 248 2396
l 249 2423
l 249 894
l 249 1578
l 250 872
l 250 910
l 250 478
l 250 869
l 250 858
l 251 479
l 251 659
l 251 478
l 251 658
l 251 859
l 252 743
l 252 774
l 252 773
l 252 741
l 252 495
l 253 566
l 253 664
l 253 254
l 253 1345
l 253 1353
l 254 1342
l 254 1343
l 254 664
l 254 1345
l 255 1483
l 255 1511
l 255 463
l 255 1489
l 256 649
l 256 461
l 256 267
l 257 851
l 257 1579
l 257 260
l 257 1580
l 258 262
l 258 1581
l 258 446
l 258 1580
l 258 823
l 259 1782
l 259 1641
l 259 1783
l 259 835
l 259 586
l 260 261
l 260 1477
l 260 822
l 261 695
l 261 808
l 261 1477
l 261 821
l 262 1580
l 262 823
l 262 851
l 262 496
l 263 4636
l 263 823
l 263 4275
l 263 446
l 264 2299
l 264 450
l 264 2241
l 264 2255
l 264 1650
l 265 1649
l 265 273
l 265 1645
l 265 2376
l 265 266
l 266 702
l 266 273
l 266 1760
l 266 824
l 266 1645
l 267 1518
l 267 460
l 267 1763
l 267 1519
l 267 305
l 268 308
l 268 449
l 268 286
l 268 656
l 268 307
l 269 2255
l 269 317
l 269 458
l 269 2243
l 269 285
l 270 2157
l 270 293
l 270 2158
l 270 2345
l 270 1520
l 271 1523
l 271 2492
l 271 291
l 271 2491
l 271 438
l 272 2346
l 272 509
l 272 439
l 272 840
l 272 4989
l 273 274
l 273 1649
l 273 657
l 274 1760
l 274 657
l 274 704
l 274 474
l 275 2185
l 275 636
l 275 449
l 275 314
l 275 2187
l 276 287
l 276 2185
l 276 315
l 276 314
l 276 2174
l 277 1740
l 277 1749
l 277 279
l 277 441
l 277 278
l 278 1749
l 278 441
l 278 470
l 278 675
l 279 592
l 279 1740
l 279 591
l 279 442
l 280 2253
l 280 1742
l 280 591
l 280 2250
l 280 1743
l 281 2301
l 281 1780
l 281 428
l 281 1517
l 281 2242
l 282 1484
l 282 1511
l 282 455
l 282 2293
l 282 1510
l 283 473
l 283 284
l 283 704
l 283 474
l 283 1682
l 284 2244
l 284 1682
l 284 704
l 284 703
l 285 1668
l 285 458
l 285 308
l 285 317
l 286 2187
l 286 1686
l 286 1670
l 286 308
l 287 2160
l 287 288
l 287 2161
l 287 2159
l 288 315
l 288 1656
l 288 2161
l 288 2178
l 289 1672
l 289 590
l 289 319
l 289 1675
l 289 534
l 290 638
l 290 2351
l 290 588
l 290 637
l 290 639
l 291 2492
l 291 508
l 291 2340
l 291 438
l 292 438
l 292 2345
l 292 2340
l 292 2339
l 292 293
l 293 2339
l 293 510
l 293 2158
l 294 1387
l 294 1370
l 294 1772
l 294 502
l 294 295
l 295 1387
l 295 1384
l 295 2341
l 295 2360
l 295 2359
l 296 519
l 296 297
l 296 2350
l 296 2349
l 296 2364
l 297 2350
l 297 513
l 297 514
l 297 435
l 298 2363
l 298 2343
l 298 520
l 298 519
l 298 2364
l 299 2393
l 299 2403
l 299 2408
l 299 2458
l 300 3181
l 300 692
l 300 2804
l 300 301
l 300 3180
l 301 597
l 301 2804
l 301 302
l 301 2803
l 302 1665
l 302 303
l 302 597
l 302 692
l 303 529
l 303 692
l 303 472
l 304 836
l 304 1739
l 304 2199
l 304 837
l 304 585
l 305 2184
l 305 2202
l 305 1522
l 306 2418
l 306 1491
l 306 1492
l 306 1544
l 306 790
l 307 458
l 307 656
l 307 1638
l 307 459
l 308 458
l 308 1686
l 309 2179
l 309 1656
l 309 2178
l 309 2188
l 309 2163
l 310 1660
l 310 311
l 310 2265
l 310 1659
l 310 2303
l 311 2264
l 311 2265
l 311 2303
l 311 2302
l 312 395
l 312 1658
l 312 1659
l 312 313
l 312 2276
l 313 2276
l 313 342
l 313 678
l 313 2275
l 314 2185
l 314 2186
l 314 315
l 315 1656
l 315 2186
l 316 2204
l 316 2188
l 316 1662
l 316 322
l 316 1671
l 317 2307
l 317 2243
l 317 1684
l 318 2258
l 318 2261
l 318 2262
l 318 526
l 318 2263
l 319 1661
l 319 526
l 319 590
l 320 600
l 320 1688
l 320 1666
l 320 1667
l 320 1664
l 321 1668
l 321 1685
l 321 1669
l 321 2266
l 321 2307
l 322 1670
l 322 1671
l 322 604
l 322 1687
l 323 2189
l 323 2204
l 323 608
l 323 324
l 323 2196
l 324 1671
l 324 325
l 324 338
l 324 608
l 324 2204
l 325 326
l 325 1687
l 325 338
l 325 609
l 326 327
l 326 1687
l 326 339
l 326 1669
l 327 2267
l 327 1685
l 327 610
l 327 1669
l 328 340
l 328 1690
l 328 1683
l 328 677
l 328 471
l 329 348
l 329 682
l 329 418
l 329 607
l 329 612
l 330 607
l 330 347
l 330 613
l 330 353
l 330 2245
l 331 2245
l 331 2246
l 331 642
l 331 332
l 331 345
l 332 2247
l 332 333
l 332 2245
l 332 417
l 333 417
l 333 334
l 333 345
l 333 354
l 334 335
l 334 344
l 334 345
l 334 501
l 335 354
l 335 501
l 335 416
l 336 349
l 336 2281
l 336 399
l 336 400
l 336 681
l 337 606
l 337 2165
l 337 2164
l 337 2170
l 337 352
l 338 609
l 338 640
l 338 608
l 339 609
l 339 2267
l 339 411
l 339 642
l 340 679
l 340 2277
l 340 677
l 340 471
l 341 678
l 341 342
l 341 679
l 341 2277
l 342 398
l 342 413
l 342 678
l 343 2194
l 343 2190
l 343 2196
l 343 2166
l 343 409
l 344 345
l 344 640
l 344 410
l 344 501
l 345 410
l 346 347
l 346 612
l 346 2251
l 346 2246
l 346 412
l 347 2246
l 347 612
l 347 2245
l 348 680
l 348 412
l 348 2280
l 348 612
l 349 414
l 349 681
l 349 2279
l 349 644
l 350 2194
l 350 2164
l 350 351
l 350 2170
l 350 2193
l 351 2192
l 351 2164
l 351 2193
l 351 352
l 352 2164
l 352 2155
l 352 2153
l 352 2165
l 353 2245
l 353 358
l 353 2247
l 354 361
l 354 417
l 354 416
l 355 2193
l 355 2191
l 355 2208
l 355 2192
l 356 419
l 356 683
l 356 420
l 356 1719
l 356 2282
l 357 684
l 357 683
l 357 614
l 357 418
l 357 367
l 358 359
l 358 613
l 358 614
l 359 1716
l 359 614
l 359 615
l 359 2248
l 360 361
l 360 1713
l 360 2249
l 360 2252
l 360 417
l 361 364
l 361 1713
l 361 417
l 362 2208
l 362 363
l 362 422
l 362 364
l 362 2154
l 363 424
l 363 1713
l 363 364
l 363 422
l 364 416
l 365 1695
l 365 1725
l 365 1729
l 365 1699
l 365 379
l 366 1719
l 366 1707
l 366 685
l 366 2312
l 366 1710
l 367 614
l 367 615
l 367 2312
l 367 1718
l 367 1708
l 368 1693
l 368 2268
l 368 1714
l 368 1715
l 368 423
l 369 2310
l 369 1696
l 369 2284
l 369 403
l 369 1721
l 370 2283
l 370 686
l 370 1708
l 370 1718
l 370 1692
l 371 1703
l 371 1702
l 371 1693
l 371 1724
l 371 621
l 372 1704
l 372 1694
l 372 373
l 372 1703
l 372 1693
l 373 1706
l 373 1712
l 373 1704
l 373 1695
l 374 1699
l 374 616
l 374 421
l 374 1695
l 375 688
l 375 405
l 375 1728
l 375 2314
l 375 406
l 376 1735
l 376 687
l 376 1730
l 376 1722
l 376 623
l 377 378
l 377 387
l 377 386
l 377 389
l 377 627
l 378 1723
l 378 387
l 378 1733
l 378 1732
l 379 1720
l 379 627
l 379 390
l 379 1725
l 380 388
l 380 628
l 380 1954
l 380 1808
l 380 389
l 381 548
l 381 390
l 381 622
l 381 628
l 381 1720
l 382 1943
l 382 1950
l 382 1952
l 382 406
l 382 688
l 383 630
l 383 1943
l 383 1803
l 383 2286
l 383 1951
l 384 2313
l 384 1722
l 384 630
l 384 1805
l 384 623
l 385 386
l 385 1805
l 385 387
l 385 2313
l 385 1948
l 386 388
l 386 389
l 386 1948
l 387 1732
l 387 2313
l 388 1948
l 388 1808
l 388 1949
l 389 390
l 390 628
l 391 2233
l 391 4717
l 391 4703
l 391 2893
l 391 2894
l 392 3183
l 392 4705
l 392 2222
l 392 2223
l 392 2221
l 393 2894
l 393 2222
l 393 4717
l 393 4703
l 394 1673
l 394 1672
l 394 535
l 394 1674
l 394 1659
l 395 398
l 395 396
l 395 1658
l 395 397
l 396 1674
l 396 1658
l 396 397
l 396 537
l 397 398
l 397 643
l 397 537
l 398 413
l 398 643
l 399 644
l 399 541
l 399 400
l 399 540
l 400 419
l 400 420
l 400 541
l 401 420
l 401 1710
l 401 1719
l 401 543
l 402 1710
l 402 544
l 402 1717
l 402 1697
l 402 545
l 403 1727
l 403 404
l 403 1696
l 403 547
l 404 547
l 404 545
l 404 1697
l 404 616
l 405 1727
l 405 1726
l 405 1721
l 405 1728
l 406 548
l 406 688
l 406 1952
l 406 1728
l 407 2232
l 407 2215
l 407 408
l 407 1751
l 407 653
l 408 2215
l 408 2216
l 408 2228
l 408 1736
l 409 2193
l 409 2191
l 409 641
l 409 2190
l 410 642
l 410 609
l 411 2246
l 411 642
l 411 2267
l 412 612
l 412 2251
l 412 611
l 413 643
l 413 414
l 413 644
l 414 644
l 414 2279
l 415 2170
l 415 606
l 415 2169
l 415 2166
l 415 538
l 416 2191
l 416 2208
l 417 2249
l 418 683
l 418 682
l 418 2282
l 418 607
l 419 2281
l 419 2282
l 419 420
l 420 542
l 421 1717
l 421 616
l 421 545
l 421 1712
l 422 1706
l 422 1712
l 422 1711
l 423 424
l 423 1693
l 423 1704
l 423 1714
l 424 1704
l 424 1713
l 424 1706
l 425 1709
l 425 1715
l 425 2252
l 425 2248
l 425 1716
l 426 2311
l 426 1716
l 426 1701
l 426 615
l 426 617
l 427 1657
l 427 2167
l 427 537
l 427 2169
l 427 1676
l 428 1780
l 428 1776
l 428 461
l 428 1373
l 429 791
l 429 2409
l 429 431
l 429 579
l 429 2398
l 430 1408
l 430 579
l 430 431
l 430 573
l 430 1407
l 431 2418
l 431 1544
l 431 1407
l 432 433
l 432 1620
l 432 658
l 432 660
l 433 1620
l 433 1619
l 433 658
l 433 886
l 434 859
l 434 864
l 434 2151
l 434 659
l 434 512
l 435 513
l 435 2366
l 435 437
l 435 514
l 435 515
l 436 1635
l 436 515
l 436 437
l 436 503
l 436 505
l 437 515
l 437 2366
l 437 1487
l 438 2367
l 438 2340
l 438 1523
l 439 2351
l 439 509
l 439 2346
l 439 651
l 439 2352
l 440 588
l 440 2346
l 440 839
l 440 2175
l 440 2351
l 441 2373
l 441 442
l 441 468
l 442 4247
l 442 591
l 443 2274
l 443 2947
l 443 2250
l 443 476
l 443 2975
l 444 2253
l 444 2250
l 444 2946
l 444 2947
l 445 1372
l 445 2292
l 445 2293
l 445 1606
l 446 4074
l 446 491
l 446 4636
l 447 4706
l 447 1799
l 447 2896
l 447 1738
l 447 4224
l 448 2335
l 448 2226
l 448 528
l 448 633
l 448 632
l 449 656
l 449 2198
l 449 2187
l 450 657
l 450 1650
l 450 2241
l 450 1649
l 451 553
l 451 1322
l 451 1339
l 451 913
l 451 1321
l 452 1388
l 452 1607
l 452 1608
l 452 1567
l 452 455
l 453 2423
l 453 2424
l 453 2354
l 453 1572
l 454 1652
l 454 1754
l 454 2506
l 454 1651
l 454 1789
l 455 1528
l 455 852
l 455 1388
l 455 1510
l 456 2426
l 456 2427
l 456 1412
l 456 1627
l 456 517
l 457 1347
l 457 1369
l 457 1506
l 457 1332
l 457 1527
l 458 459
l 459 2240
l 459 1638
l 459 2255
l 460 1517
l 460 1518
l 460 461
l 460 834
l 461 1776
l 461 1517
l 461 649
l 462 1371
l 462 1381
l 462 1373
l 462 1378
l 462 1769
l 463 581
l 463 1490
l 463 1489
l 464 2450
l 464 1549
l 464 2451
l 464 1550
l 465 867
l 465 868
l 465 481
l 465 482
l 465 480
l 466 2225
l 466 2226
l 466 528
l 466 467
l 467 2224
l 467 2232
l 467 589
l 467 2225
l 468 2372
l 468 470
l 468 469
l 469 1757
l 469 674
l 469 470
l 469 1756
l 470 675
l 470 676
l 470 674
l 471 611
l 471 680
l 472 474
l 472 530
l 472 1689
l 472 529
l 473 1688
l 473 1689
l 473 474
l 474 1760
l 474 530
l 474 704
l 475 3145
l 475 2976
l 475 476
l 475 4820
l 475 2315
l 476 2975
l 476 2315
l 476 2274
l 476 4757
l 477 493
l 477 808
l 477 498
l 477 821
l 478 479
l 478 911
l 478 1352
l 479 858
l 479 659
l 479 859
l 479 2151
l 480 481
l 480 801
l 480 2420
l 480 800
l 480 1508
l 481 1508
l 481 863
l 481 801
l 481 483
l 482 867
l 482 483
l 482 2414
l 482 2413
l 483 1508
l 483 862
l 483 2407
l 484 2476
l 484 900
l 484 2397
l 484 874
l 485 2465
l 485 900
l 485 2356
l 485 4997
l 485 899
l 486 2356
l 486 487
l 486 903
l 486 2465
l 487 2394
l 487 2476
l 488 489
l 488 1479
l 488 2353
l 489 1479
l 489 578
l 489 846
l 490 1800
l 490 1480
l 490 4283
l 490 578
l 491 1581
l 491 1478
l 491 4074
l 492 2353
l 492 695
l 492 821
l 493 821
l 493 494
l 494 506
l 494 1479
l 494 841
l 495 741
l 495 1339
l 495 759
l 495 497
l 495 914
l 496 851
l 497 759
l 497 1340
l 497 549
l 497 918
l 497 758
l 498 841
l 499 2198
l 499 1744
l 499 2217
l 499 2227
l 499 656
l 500 1777
l 500 1377
l 500 1771
l 501 641
l 501 2191
l 502 2503
l 502 2507
l 502 1772
l 502 4990
l 503 1635
l 503 3005
l 503 1637
l 503 504
l 504 505
l 504 3007
l 504 3005
l 504 4991
l 505 4991
l 505 2509
l 505 1487
l 506 1480
l 506 1479
l 506 1800
l 507 2504
l 507 671
l 507 1775
l 507 814
l 507 2348
l 508 2496
l 508 2489
l 508 2492
l 508 814
l 509 651
l 509 2371
l 509 1758
l 510 2339
l 510 2348
l 510 2375
l 510 2173
l 511 568
l 511 659
l 511 864
l 511 658
l 511 1619
l 512 859
l 512 2151
l 512 858
l 512 866
l 513 516
l 513 515
l 514 2366
l 514 2364
l 514 2365
l 515 1635
l 515 516
l 516 1632
l 516 1636
l 516 1635
l 517 2428
l 517 2429
l 517 2369
l 517 2427
l 517 1411
l 518 519
l 518 520
l 518 2349
l 518 2404
l 518 2402
l 519 520
l 519 2349
l 520 2343
l 521 2229
l 521 4713
l 521 4225
l 521 1748
l 521 2334
l 522 1561
l 522 1530
l 522 1562
l 522 1570
l 522 2289
l 523 3093
l 523 524
l 523 595
l 523 3027
l 523 525
l 524 3183
l 524 4705
l 525 3024
l 525 3027
l 525 4753
l 525 2272
l 525 4741
l 526 528
l 526 2258
l 526 527
l 527 632
l 527 2259
l 527 2258
l 527 2257
l 527 631
l 528 632
l 529 1759
l 529 532
l 529 531
l 529 530
l 530 1759
l 530 824
l 530 1760
l 531 693
l 531 691
l 531 533
l 531 3033
l 531 532
l 532 634
l 532 533
l 532 3130
l 532 3035
l 533 693
l 533 3035
l 533 3186
l 533 3130
l 534 705
l 534 1675
l 534 2161
l 534 2177
l 535 1674
l 535 536
l 535 1676
l 535 1673
l 536 2177
l 536 1675
l 536 1676
l 536 1657
l 537 1676
l 537 2169
l 538 643
l 538 539
l 538 2169
l 539 644
l 539 540
l 539 606
l 539 643
l 540 541
l 540 2165
l 540 606
l 541 542
l 541 2165
l 542 543
l 542 2165
l 542 2153
l 543 1710
l 543 544
l 543 2209
l 544 1710
l 544 1717
l 544 2209
l 545 1717
l 545 1697
l 545 616
l 546 1726
l 546 622
l 546 1728
l 546 1729
l 546 1698
l 547 1726
l 547 1727
l 547 1698
l 548 629
l 548 1728
l 548 622
l 549 1340
l 549 555
l 549 759
l 549 1336
l 550 663
l 550 798
l 550 1329
l 550 795
l 550 794
l 551 797
l 551 1329
l 551 563
l 551 552
l 551 1334
l 552 1328
l 552 553
l 552 1329
l 552 1338
l 553 1327
l 553 1326
l 554 1336
l 554 1324
l 554 555
l 554 913
l 555 1340
l 555 1336
l 556 767
l 556 557
l 556 1327
l 556 1326
l 557 767
l 557 1326
l 557 1327
l 558 665
l 558 857
l 558 893
l 558 668
l 558 567
l 559 711
l 559 888
l 559 1621
l 559 887
l 559 2412
l 560 880
l 560 707
l 560 1618
l 560 876
l 561 877
l 561 883
l 561 882
l 561 875
l 561 1364
l 562 796
l 562 1349
l 562 667
l 562 564
l 562 794
l 563 797
l 563 1361
l 563 795
l 563 798
l 564 795
l 564 667
l 564 701
l 564 798
l 565 1330
l 565 1368
l 565 1369
l 565 1331
l 565 566
l 566 1368
l 566 663
l 566 1330
l 567 873
l 567 668
l 567 582
l 567 1571
l 567 853
l 568 658
l 568 1404
l 569 1536
l 569 793
l 569 1535
l 569 2413
l 569 792
l 570 2409
l 570 579
l 571 2445
l 571 2448
l 571 799
l 571 572
l 571 1532
l 572 1547
l 572 2446
l 572 2447
l 572 1545
l 572 2448
l 573 1408
l 573 1613
l 573 1409
l 573 1410
l 574 2415
l 574 576
l 574 2344
l 574 2399
l 575 2400
l 575 2415
l 575 2416
l 575 576
l 576 2415
l 576 1493
l 576 2487
l 576 2486
l 577 2347
l 577 1414
l 578 1480
l 579 2409
l 580 1549
l 580 581
l 580 1548
l 581 1490
l 581 1549
l 582 701
l 582 700
l 582 873
l 582 665
l 583 1507
l 583 910
l 583 911
l 583 1570
l 583 909
l 584 1560
l 584 890
l 584 1561
l 584 1557
l 584 1501
l 585 598
l 585 836
l 585 1739
l 585 1783
l 586 598
l 586 1641
l 586 1744
l 586 1639
l 587 1524
l 587 2157
l 587 1786
l 588 637
l 588 2168
l 588 2351
l 589 590
l 589 705
l 590 705
l 591 592
l 591 2253
l 591 2254
l 592 1741
l 592 1742
l 592 1740
l 593 669
l 593 1501
l 593 890
l 593 662
l 593 893
l 594 2803
l 594 596
l 594 3093
l 594 3181
l 595 4746
l 595 3024
l 595 3092
l 596 2803
l 596 3092
l 596 3091
l 596 3093
l 597 2803
l 597 2804
l 597 3091
l 598 1744
l 598 1739
l 598 2217
l 599 2183
l 599 1771
l 599 1777
l 599 1774
l 600 2302
l 600 2264
l 600 1666
l 600 1667
l 601 1679
l 601 2306
l 601 1666
l 601 2265
l 601 2305
l 602 645
l 602 603
l 602 1690
l 602 1683
l 602 1682
l 603 1684
l 603 2266
l 603 1682
l 603 2308
l 604 1669
l 604 1686
l 604 1687
l 604 1668
l 605 2166
l 605 2167
l 605 2169
l 605 2196
l 606 2170
l 607 612
l 607 613
l 608 2190
l 608 640
l 610 611
l 610 2251
l 610 2308
l 610 1685
l 611 1683
l 611 2251
l 614 615
l 615 1716
l 615 1718
l 616 1698
l 616 1699
l 617 1701
l 617 1718
l 617 618
l 617 1692
l 618 619
l 618 2309
l 618 1701
l 618 620
l 619 626
l 619 2309
l 619 1731
l 619 1700
l 620 1701
l 620 2309
l 620 2268
l 620 1702
l 621 1703
l 621 1734
l 621 1724
l 621 1694
l 621 1733
l 622 1728
l 622 1720
l 623 624
l 623 1730
l 623 1722
l 623 1731
l 624 2313
l 624 1732
l 624 1731
l 624 625
l 625 1732
l 625 2269
l 625 626
l 625 1723
l 626 1731
l 626 2309
l 626 2269
l 627 1725
l 627 1733
l 628 629
l 628 1954
l 628 1941
l 629 1952
l 629 1941
l 629 1954
l 630 1805
l 630 1951
l 630 2319
l 631 2334
l 631 4755
l 631 2259
l 631 4713
l 631 2229
l 632 633
l 632 2259
l 633 2315
l 633 2333
l 633 2976
l 634 3130
l 634 3035
l 634 3030
l 635 3129
l 635 1759
l 635 3031
l 636 2198
l 636 2238
l 636 2185
l 636 2218
l 637 2237
l 637 638
l 637 2162
l 638 1747
l 638 2216
l 638 639
l 639 2352
l 639 1737
l 639 1736
l 639 2216
l 639 2351
l 640 641
l 641 2190
l 645 1667
l 645 1688
l 645 1690
l 646 2156
l 646 2172
l 646 1773
l 646 2181
l 647 2213
l 647 2214
l 647 1771
l 647 1375
l 647 1376
l 648 1378
l 648 1774
l 648 1390
l 648 1377
l 648 1386
l 649 1777
l 649 1774
l 649 1776
l 650 1383
l 650 2273
l 650 1513
l 650 1514
l 650 2317
l 651 1756
l 651 2352
l 651 2371
l 651 1737
l 652 653
l 652 654
l 652 2228
l 653 705
l 653 2232
l 654 2160
l 654 2228
l 654 1746
l 654 2174
l 655 2174
l 655 2238
l 655 2185
l 655 2180
l 656 2227
l 657 703
l 657 1649
l 658 1620
l 658 1619
l 658 660
l 659 864
l 659 859
l 659 1619
l 659 2151
l 660 886
l 660 1620
l 660 885
l 661 1529
l 661 2455
l 661 1509
l 661 1566
l 661 2417
l 662 1526
l 662 670
l 662 1501
l 662 1556
l 662 2296
l 663 1329
l 663 1330
l 664 1357
l 664 1342
l 664 1359
l 664 2472
l 664 1345
l 665 1360
l 665 1354
l 666 699
l 666 667
l 666 709
l 666 1351
l 666 1349
l 667 700
l 667 1349
l 667 701
l 668 857
l 668 1571
l 668 853
l 668 1576
l 669 1348
l 669 670
l 669 893
l 670 1355
l 670 1362
l 670 1526
l 671 814
l 671 2340
l 672 2162
l 672 2200
l 672 838
l 672 2205
l 672 2199
l 673 3164
l 673 3186
l 673 693
l 673 3035
l 673 3184
l 674 676
l 674 1737
l 674 1736
l 675 1751
l 675 1749
l 675 676
l 676 1751
l 676 2215
l 677 2275
l 677 1678
l 677 679
l 677 1677
l 678 2275
l 678 679
l 678 2276
l 679 2275
l 679 2277
l 680 2278
l 680 2277
l 680 2280
l 681 2279
l 681 2278
l 681 2281
l 681 2280
l 682 2282
l 682 2280
l 682 2281
l 683 2282
l 683 684
l 684 1719
l 684 2312
l 685 1707
l 685 1708
l 685 2283
l 685 1691
l 686 2283
l 686 2284
l 686 1705
l 686 1692
l 687 2285
l 687 1700
l 687 1705
l 687 1730
l 688 2286
l 688 1735
l 689 3182
l 689 690
l 689 3181
l 690 3182
l 690 3184
l 690 694
l 690 3181
l 690 3185
l 691 693
l 691 3184
l 691 3180
l 691 3033
l 692 3180
l 692 3034
l 692 2804
l 693 3186
l 693 3035
l 694 3185
l 694 2234
l 694 3184
l 694 3182
l 695 1481
l 695 821
l 695 1477
l 696 2355
l 696 2353
l 696 2354
l 696 846
l 696 2424
l 697 870
l 697 906
l 697 866
l 697 2151
l 697 2439
l 698 2440
l 698 861
l 698 2439
l 698 868
l 698 802
l 699 709
l 699 700
l 699 874
l 700 701
l 700 873
l 701 1361
l 702 3321
l 702 3194
l 702 824
l 702 825
l 703 704
l 703 2241
l 703 2244
l 705 2159
l 706 1505
l 706 1503
l 706 1325
l 706 1356
l 706 1333
l 707 1618
l 707 880
l 707 878
l 708 710
l 708 875
l 708 901
l 708 1350
l 708 2467
l 709 1351
l 709 874
l 709 710
l 710 874
l 710 901
l 710 2397
l 710 875
l 711 888
l 711 887
l 711 1621
l 711 2412
l 712 724
l 712 719
l 712 1436
l 712 1434
l 712 1433
l 713 747
l 713 1447
l 713 762
l 713 1446
l 713 1444
l 714 782
l 714 749
l 714 1450
l 714 1452
l 714 720
l 715 1442
l 715 748
l 715 772
l 715 1441
l 715 771
l 716 1430
l 716 723
l 716 1435
l 716 764
l 716 1432
l 717 763
l 717 1423
l 717 722
l 717 1420
l 717 726
l 718 928
l 718 1429
l 718 929
l 718 932
l 718 926
l 719 1453
l 719 1445
l 719 1449
l 719 1446
l 720 1450
l 720 1443
l 720 770
l 720 1458
l 720 749
l 721 1438
l 721 804
l 721 775
l 721 1437
l 721 1431
l 722 726
l 722 763
l 722 932
l 722 929
l 723 1430
l 723 1435
l 723 1432
l 723 764
l 724 1436
l 724 1434
l 724 1439
l 724 771
l 725 760
l 725 766
l 725 750
l 725 1425
l 725 727
l 726 763
l 726 932
l 726 929
l 726 1420
l 727 750
l 727 733
l 727 788
l 727 766
l 727 728
l 728 788
l 728 751
l 728 733
l 728 789
l 729 1600
l 729 1598
l 729 1595
l 729 768
l 729 925
l 730 1422
l 730 1421
l 730 934
l 730 1417
l 730 1424
l 731 780
l 731 805
l 731 786
l 731 738
l 731 1588
l 732 752
l 732 769
l 732 1586
l 732 1595
l 732 1585
l 733 789
l 733 751
l 733 788
l 733 784
l 734 777
l 734 735
l 734 1594
l 734 1593
l 734 925
l 735 925
l 735 1597
l 735 1594
l 735 778
l 736 1593
l 736 924
l 736 1591
l 736 789
l 736 784
l 737 783
l 737 765
l 737 779
l 737 738
l 738 805
l 738 783
l 738 780
l 739 916
l 739 787
l 739 1589
l 739 1588
l 739 754
l 740 919
l 740 753
l 740 776
l 740 1587
l 740 755
l 741 914
l 741 774
l 741 1339
l 742 773
l 742 765
l 742 743
l 742 783
l 743 773
l 743 767
l 744 915
l 744 776
l 744 757
l 744 1587
l 745 756
l 745 758
l 745 918
l 745 915
l 746 778
l 746 1582
l 746 785
l 746 1597
l 746 1583
l 747 1447
l 747 762
l 747 1446
l 747 1449
l 748 772
l 748 1442
l 748 1441
l 748 771
l 748 1439
l 749 1450
l 749 782
l 749 770
l 750 766
l 750 784
l 750 760
l 751 789
l 751 788
l 752 1586
l 752 769
l 752 1600
l 753 919
l 753 776
l 753 1587
l 753 915
l 754 1584
l 754 1589
l 754 787
l 754 916
l 754 769
l 755 1587
l 755 779
l 755 919
l 756 758
l 756 918
l 756 915
l 757 914
l 757 774
l 757 915
l 757 781
l 758 918
l 758 915
l 759 918
l 759 1340
l 759 1339
l 760 1425
l 760 766
l 761 1592
l 761 777
l 761 1594
l 761 1599
l 762 1447
l 762 1451
l 762 1444
l 763 932
l 763 1420
l 764 1435
l 764 775
l 764 1430
l 764 1437
l 765 783
l 765 779
l 766 784
l 767 1327
l 767 773
l 768 1598
l 768 923
l 768 1600
l 768 925
l 769 1586
l 769 1584
l 770 1458
l 770 1443
l 770 1448
l 770 1450
l 771 1439
l 771 1434
l 771 1441
l 771 1436
l 772 1441
l 772 1442
l 772 1433
l 772 1439
l 773 774
l 774 914
l 774 781
l 775 1438
l 775 804
l 775 1437
l 776 919
l 776 915
l 777 1594
l 777 1592
l 777 1599
l 778 1597
l 778 785
l 778 1582
l 779 781
l 779 783
l 779 1587
l 780 805
l 780 1588
l 780 786
l 781 783
l 782 1450
l 782 1452
l 784 789
l 785 1597
l 785 1592
l 786 803
l 786 805
l 786 1583
l 787 1589
l 787 916
l 787 1584
l 788 789
l 790 1492
l 790 1546
l 790 1485
l 791 2398
l 791 2418
l 791 2441
l 791 2409
l 792 2419
l 792 793
l 792 1406
l 792 1534
l 792 1532
l 793 2419
l 793 2414
l 793 1535
l 794 796
l 794 1343
l 794 798
l 794 795
l 795 798
l 795 1361
l 796 1349
l 796 1343
l 797 1334
l 797 1335
l 797 1338
l 799 2445
l 799 1533
l 799 1407
l 799 1544
l 800 801
l 800 908
l 800 802
l 800 907
l 800 860
l 801 908
l 801 802
l 801 2420
l 802 2420
l 802 860
l 803 1583
l 803 1582
l 803 805
l 804 1438
l 804 1437
l 804 1431
l 806 826
l 806 828
l 806 809
l 806 827
l 806 1318
l 808 822
l 809 819
l 809 826
l 810 2390
l 811 812
l 811 813
l 812 813
l 814 2505
l 814 2489
l 814 2504
l 815 4980
l 815 2492
l 815 4976
l 815 2496
l 815 2491
l 816 2387
l 816 2385
l 817 818
l 818 2389
l 818 2384
l 819 831
l 819 826
l 820 831
l 820 830
l 822 851
l 824 825
l 824 1759
l 824 1760
l 825 3131
l 825 3031
l 825 1759
l 826 827
l 833 2501
l 833 1525
l 833 1605
l 833 2490
l 833 1653
l 834 1644
l 834 1518
l 834 1782
l 834 1648
l 835 1783
l 835 1763
l 835 1518
l 835 1784
l 836 837
l 836 1784
l 836 1766
l 837 1785
l 837 1766
l 837 2200
l 838 2182
l 838 2168
l 838 2162
l 838 2175
l 839 1787
l 839 2175
l 839 2346
l 839 1788
l 840 1788
l 840 3337
l 840 4985
l 840 1765
l 842 1625
l 842 843
l 844 1624
l 845 4972
l 845 921
l 845 4112
l 846 2353
l 847 902
l 847 903
l 847 2355
l 847 2425
l 848 1581
l 848 1554
l 848 1482
l 848 1543
l 848 1580
l 849 894
l 849 2442
l 849 2421
l 849 1498
l 849 1578
l 850 1499
l 850 891
l 850 1574
l 850 1573
l 850 1500
l 851 1580
l 852 2260
l 852 1563
l 852 1528
l 852 1510
l 853 899
l 853 1571
l 853 905
l 853 898
l 853 873
l 854 897
l 854 862
l 854 1559
l 854 1508
l 854 863
l 855 1573
l 855 857
l 855 1572
l 855 891
l 855 893
l 856 1564
l 856 1565
l 856 1559
l 856 1569
l 857 1576
l 858 870
l 858 866
l 858 2151
l 858 906
l 858 859
l 859 2151
l 859 864
l 860 869
l 860 865
l 860 906
l 860 872
l 860 870
l 861 868
l 861 871
l 861 865
l 862 1508
l 862 897
l 862 863
l 863 1508
l 864 1619
l 865 871
l 865 869
l 865 906
l 865 889
l 866 870
l 866 2151
l 866 906
l 867 868
l 869 906
l 869 872
l 869 870
l 870 906
l 870 2151
l 870 872
l 871 889
l 872 906
l 873 905
l 873 1571
l 873 4997
l 874 2397
l 875 901
l 875 877
l 875 883
l 876 878
l 876 2405
l 876 882
l 877 882
l 877 883
l 877 2466
l 877 1364
l 878 2405
l 878 2395
l 878 1364
l 879 884
l 879 1616
l 880 1618
l 881 1571
l 881 898
l 881 2425
l 881 904
l 882 883
l 882 1364
l 883 1364
l 884 1616
l 885 886
l 885 887
l 885 1620
l 886 1620
l 887 888
l 887 2412
l 887 1621
l 888 1621
l 888 2412
l 889 907
l 890 1500
l 890 1501
l 890 891
l 891 893
l 891 1573
l 892 1559
l 892 1569
l 892 1562
l 892 1507
l 894 2423
l 894 1577
l 894 2421
l 895 896
l 895 1575
l 895 2290
l 895 2422
l 895 2461
l 896 1566
l 896 1601
l 896 1575
l 896 2455
l 897 2239
l 897 1529
l 897 1564
l 898 904
l 898 899
l 898 1571
l 898 2425
l 899 2465
l 899 904
l 899 4997
l 900 4997
l 900 2465
l 901 2467
l 901 2397
l 902 2347
l 902 903
l 903 2356
l 903 904
l 903 2425
l 904 2356
l 904 2465
l 904 2425
l 905 4997
l 907 909
l 908 909
l 909 910
l 909 1507
l 911 1352
l 911 1347
l 912 1368
l 912 1369
l 912 1353
l 912 1352
l 912 1347
l 913 1324
l 913 1331
l 913 1339
l 914 915
l 916 1589
l 916 1584
l 917 1363
l 917 1325
l 917 1356
l 917 1505
l 917 1333
l 919 1587
l 921 4112
l 922 923
l 922 1591
l 922 924
l 922 925
l 923 1591
l 923 924
l 923 925
l 924 1591
l 924 1593
l 925 1595
l 925 1598
l 925 1600
l 926 1440
l 926 1420
l 926 929
l 927 1423
l 927 1431
l 927 1420
l 927 1440
l 928 1429
l 928 929
l 928 930
l 928 932
l 929 1429
l 929 932
l 930 1419
l 930 1418
l 930 1424
l 930 1427
l 931 1427
l 931 1426
l 931 1418
l 931 1424
l 931 933
l 932 1429
l 933 1426
l 933 934
l 933 1428
l 933 1417
l 934 1417
l 934 1422
l 934 1424
l 934 1421
l 935 1470
l 935 1475
l 935 1471
l 935 1468
l 935 1467
l 936 939
l 936 940
l 936 1473
l 936 1474
l 936 1468
l 937 1471
l 937 1468
l 937 1475
l 937 939
l 938 1469
l 938 1467
l 938 1470
l 938 946
l 938 1466
l 939 1468
l 939 1474
l 939 1475
l 940 1473
l 940 1465
l 940 954
l 940 1020
l 941 951
l 941 947
l 941 1461
l 941 1459
l 941 945
l 942 953
l 942 1448
l 942 1443
l 942 1461
l 942 1458
l 943 1476
l 943 944
l 943 949
l 943 1049
l 943 952
l 944 949
l 944 1476
l 944 1049
l 944 950
l 945 1459
l 945 951
l 945 1456
l 945 947
l 946 1466
l 946 1049
l 946 949
l 947 1461
l 947 951
l 947 1459
l 948 1462
l 948 955
l 948 1456
l 948 1464
l 948 1457
l 949 1476
l 949 1049
l 949 950
l 950 952
l 950 1455
l 950 1476
l 951 1461
l 951 1459
l 952 1455
l 952 1476
l 953 1448
l 953 1461
l 953 1443
l 953 1458
l 954 1465
l 954 1020
l 954 1019
l 954 1023
l 954 1472
l 955 1462
l 955 1456
l 955 1464
l 956 1296
l 956 1292
l 956 966
l 956 999
l 956 1295
l 957 1304
l 957 1015
l 957 963
l 957 970
l 957 1293
l 958 1295
l 958 1296
l 958 1297
l 958 966
l 959 972
l 959 1003
l 959 1301
l 959 1285
l 959 998
l 960 994
l 960 968
l 960 986
l 960 967
l 960 1280
l 961 1245
l 961 974
l 961 1025
l 961 1300
l 961 1052
l 962 1012
l 962 977
l 962 1306
l 962 1010
l 962 982
l 963 1313
l 963 1299
l 963 1312
l 963 1015
l 963 1060
l 964 1048
l 964 1308
l 964 1010
l 964 982
l 964 977
l 965 1311
l 965 978
l 965 1064
l 965 1021
l 966 989
l 966 999
l 966 1292
l 966 1294
l 967 986
l 967 1040
l 967 995
l 967 1285
l 967 968
l 968 994
l 968 986
l 968 1280
l 969 1008
l 969 1150
l 969 1062
l 969 1154
l 969 1105
l 970 1050
l 970 1293
l 970 1011
l 970 1030
l 970 1305
l 971 1007
l 971 985
l 971 989
l 971 1292
l 971 1294
l 972 1003
l 972 1285
l 972 1301
l 972 1040
l 973 1026
l 973 1000
l 973 1287
l 973 1047
l 973 993
l 974 1295
l 974 1053
l 974 1314
l 974 1297
l 975 1303
l 975 1310
l 975 1307
l 975 1016
l 975 1006
l 976 1061
l 976 1297
l 976 1295
l 976 999
l 977 1306
l 977 1010
l 977 1048
l 977 978
l 978 1064
l 978 1311
l 978 1021
l 978 980
l 979 1034
l 979 1017
l 979 1035
l 979 1021
l 979 1059
l 980 1059
l 980 1306
l 980 1064
l 980 1021
l 981 1312
l 981 1052
l 981 1025
l 981 1314
l 981 1300
l 982 1004
l 982 1308
l 982 1309
l 982 1048
l 983 1043
l 983 1089
l 983 1147
l 983 1029
l 983 1039
l 984 1152
l 984 1036
l 984 1027
l 984 1031
l 984 1288
l 985 1007
l 985 1027
l 985 1294
l 985 989
l 986 1040
l 986 994
l 986 995
l 987 1000
l 987 1291
l 987 1287
l 987 1026
l 987 1284
l 988 1290
l 988 1283
l 988 1280
l 988 1038
l 989 1294
l 989 1007
l 990 1286
l 990 1281
l 990 1203
l 990 1279
l 990 1063
l 991 1056
l 991 1151
l 991 1147
l 991 1043
l 992 1091
l 992 1088
l 992 1028
l 992 1032
l 992 1114
l 993 1047
l 993 1046
l 993 1153
l 993 1000
l 994 1280
l 995 1040
l 995 1285
l 995 998
l 995 1284
l 996 997
l 996 1062
l 996 1086
l 996 1149
l 996 1141
l 997 1086
l 997 1149
l 997 1158
l 997 1092
l 998 1284
l 998 1285
l 998 1040
l 998 1003
l 999 1292
l 999 1061
l 1000 1026
l 1000 1287
l 1000 1291
l 1001 1238
l 1001 1002
l 1001 1038
l 1001 1282
l 1001 1288
l 1002 1290
l 1002 1038
l 1002 1282
l 1002 1283
l 1003 1285
l 1003 1284
l 1003 1291
l 1004 1309
l 1004 1308
l 1004 1048
l 1005 1065
l 1005 1018
l 1005 1022
l 1005 1472
l 1005 1019
l 1006 1303
l 1006 1307
l 1006 1310
l 1006 1046
l 1007 1294
l 1007 1292
l 1008 1150
l 1008 1154
l 1008 1105
l 1008 1173
l 1009 1302
l 1009 1011
l 1009 1291
l 1009 1293
l 1010 1306
l 1010 1048
l 1011 1293
l 1011 1302
l 1011 1153
l 1011 1050
l 1012 1013
l 1012 1066
l 1013 1030
l 1014 1042
l 1014 1045
l 1014 1096
l 1014 1168
l 1014 1100
l 1015 1313
l 1015 1304
l 1016 1046
l 1016 1310
l 1016 1047
l 1016 1303
l 1016 1307
l 1017 1034
l 1017 1035
l 1017 1051
l 1017 1021
l 1018 1022
l 1018 1065
l 1018 1019
l 1018 1034
l 1019 1020
l 1019 1023
l 1019 1465
l 1019 1065
l 1020 1465
l 1020 1023
l 1020 1473
l 1021 1064
l 1021 1311
l 1022 1065
l 1022 1051
l 1023 1465
l 1023 1473
l 1024 1039
l 1024 1055
l 1024 1194
l 1024 1037
l 1024 1043
l 1025 1052
l 1025 1245
l 1025 1300
l 1026 1287
l 1026 1291
l 1027 1044
l 1027 1152
l 1027 1031
l 1028 1032
l 1028 1091
l 1028 1088
l 1028 1146
l 1029 1089
l 1029 1087
l 1029 1148
l 1029 1201
l 1029 1145
l 1030 1153
l 1030 1303
l 1031 1151
l 1031 1056
l 1031 1063
l 1031 1152
l 1031 1240
l 1032 1087
l 1032 1088
l 1032 1091
l 1033 1099
l 1033 1147
l 1033 1043
l 1033 1037
l 1033 1156
l 1034 1035
l 1034 1051
l 1035 1051
l 1036 1288
l 1036 1054
l 1036 1289
l 1036 1236
l 1036 1240
l 1037 1055
l 1037 1039
l 1037 1194
l 1037 1043
l 1038 1290
l 1038 1283
l 1038 1280
l 1039 1055
l 1039 1194
l 1039 1197
l 1039 1205
l 1040 1285
l 1041 1077
l 1041 1103
l 1041 1045
l 1041 1101
l 1041 1165
l 1042 1100
l 1042 1045
l 1042 1096
l 1042 1095
l 1043 1147
l 1044 1152
l 1045 1077
l 1045 1167
l 1045 1103
l 1045 1165
l 1045 1057
l 1046 1310
l 1046 1047
l 1046 1307
l 1047 1153
l 1048 1308
l 1048 1309
l 1049 1476
l 1050 1293
l 1052 1300
l 1052 1245
l 1052 1242
l 1053 1060
l 1053 1297
l 1053 1299
l 1053 1298
l 1054 1238
l 1054 1288
l 1054 1204
l 1054 1240
l 1054 1236
l 1055 1194
l 1055 1205
l 1055 1209
l 1056 1151
l 1056 1147
l 1056 1099
l 1057 1168
l 1057 1226
l 1057 1233
l 1057 1222
l 1058 1090
l 1058 1094
l 1058 1144
l 1058 1092
l 1058 1098
l 1059 1064
l 1059 1306
l 1060 1299
l 1060 1298
l 1060 1297
l 1061 1297
l 1061 1296
l 1061 1292
l 1062 1141
l 1062 1166
l 1062 1150
l 1063 1203
l 1063 1278
l 1063 1286
l 1063 1236
l 1063 1279
l 1064 1311
l 1065 1472
l 1066 1305
l 1067 1068
l 1067 1075
l 1067 1072
l 1067 1175
l 1067 1102
l 1068 1075
l 1068 1093
l 1068 1175
l 1068 1072
l 1069 1078
l 1069 1111
l 1069 1080
l 1069 1073
l 1069 1074
l 1070 1071
l 1070 1107
l 1070 1081
l 1070 1076
l 1070 1084
l 1071 1081
l 1071 1084
l 1071 1107
l 1071 1082
l 1072 1075
l 1072 1079
l 1072 1109
l 1072 1187
l 1073 1078
l 1073 1111
l 1073 1080
l 1073 1076
l 1074 1112
l 1074 1110
l 1074 1079
l 1074 1111
l 1075 1175
l 1075 1079
l 1076 1080
l 1076 1078
l 1076 1131
l 1077 1103
l 1077 1165
l 1077 1167
l 1078 1080
l 1078 1111
l 1079 1109
l 1079 1180
l 1079 1110
l 1080 1131
l 1081 1082
l 1081 1083
l 1081 1084
l 1081 1117
l 1082 1083
l 1082 1085
l 1082 1132
l 1082 1117
l 1083 1085
l 1083 1132
l 1083 1123
l 1084 1107
l 1084 1131
l 1085 1123
l 1085 1132
l 1085 1134
l 1086 1092
l 1086 1163
l 1086 1169
l 1087 1089
l 1088 1091
l 1088 1114
l 1089 1148
l 1089 1201
l 1090 1144
l 1090 1094
l 1090 1092
l 1090 1198
l 1091 1114
l 1092 1144
l 1092 1094
l 1093 1108
l 1093 1101
l 1093 1161
l 1094 1098
l 1094 1144
l 1095 1116
l 1095 1096
l 1095 1162
l 1095 1170
l 1096 1162
l 1096 1116
l 1096 1168
l 1096 1170
l 1097 1172
l 1098 1163
l 1098 1160
l 1098 1169
l 1099 1156
l 1099 1147
l 1099 1279
l 1100 1168
l 1101 1108
l 1101 1161
l 1101 1186
l 1101 1159
l 1102 1112
l 1102 1109
l 1102 1180
l 1103 1165
l 1103 1167
l 1104 1141
l 1104 1149
l 1104 1195
l 1104 1105
l 1105 1154
l 1105 1115
l 1105 1173
l 1105 1150
l 1106 1196
l 1106 1198
l 1106 1114
l 1106 1157
l 1106 1208
l 1107 1131
l 1108 1161
l 1108 1186
l 1109 1180
l 1109 1110
l 1109 1112
l 1109 1187
l 1110 1112
l 1110 1188
l 1110 1111
l 1111 1188
l 1111 1181
l 1113 1142
l 1113 1140
l 1113 1207
l 1113 1146
l 1113 1212
l 1114 1196
l 1114 1198
l 1115 1173
l 1115 1154
l 1115 1170
l 1116 1162
l 1116 1170
l 1116 1224
l 1117 1119
l 1117 1134
l 1118 1131
l 1118 1177
l 1118 1178
l 1118 1190
l 1119 1134
l 1119 1192
l 1120 1121
l 1120 1127
l 1120 1136
l 1120 1130
l 1120 1129
l 1121 1127
l 1121 1138
l 1121 1129
l 1121 1136
l 1122 1124
l 1122 1126
l 1122 1135
l 1122 1123
l 1122 1133
l 1123 1135
l 1123 1133
l 1124 1129
l 1124 1135
l 1124 1126
l 1125 1128
l 1125 1137
l 1125 1130
l 1125 1139
l 1125 1136
l 1126 1138
l 1126 1127
l 1127 1136
l 1127 1138
l 1127 1130
l 1128 1137
l 1128 1136
l 1128 1139
l 1128 1130
l 1129 1130
l 1129 1136
l 1130 1136
l 1130 1137
l 1132 1134
l 1133 1135
l 1136 1137
l 1137 1139
l 1140 1142
l 1140 1146
l 1140 1207
l 1140 1212
l 1141 1195
l 1141 1166
l 1141 1149
l 1141 1158
l 1142 1146
l 1142 1171
l 1142 1172
l 1143 1216
l 1143 1211
l 1143 1212
l 1144 1160
l 1145 1148
l 1145 1201
l 1145 1155
l 1145 1213
l 1145 1164
l 1148 1201
l 1148 1206
l 1148 1164
l 1149 1158
l 1149 1195
l 1150 1154
l 1150 1166
l 1152 1288
l 1153 1302
l 1154 1173
l 1155 1214
l 1155 1218
l 1155 1157
l 1155 1213
l 1156 1279
l 1156 1278
l 1156 1199
l 1156 1286
l 1157 1214
l 1157 1218
l 1157 1196
l 1158 1195
l 1158 1211
l 1159 1161
l 1159 1175
l 1159 1186
l 1160 1163
l 1160 1169
l 1160 1208
l 1160 1212
l 1161 1186
l 1162 1170
l 1162 1168
l 1163 1169
l 1164 1200
l 1164 1206
l 1164 1213
l 1164 1201
l 1164 1172
l 1165 1167
l 1165 1221
l 1166 1211
l 1166 1195
l 1167 1168
l 1168 1233
l 1168 1226
l 1170 1173
l 1171 1172
l 1171 1200
l 1171 1281
l 1171 1194
l 1172 1200
l 1172 1213
l 1174 1179
l 1174 1176
l 1174 1183
l 1174 1181
l 1174 1188
l 1176 1189
l 1176 1187
l 1176 1180
l 1177 1183
l 1177 1178
l 1177 1185
l 1177 1179
l 1178 1190
l 1178 1182
l 1178 1191
l 1179 1183
l 1179 1185
l 1180 1187
l 1181 1188
l 1181 1185
l 1182 1190
l 1182 1193
l 1182 1191
l 1182 1192
l 1183 1185
l 1184 1192
l 1184 1193
l 1184 1191
l 1187 1189
l 1190 1191
l 1190 1193
l 1191 1193
l 1191 1192
l 1192 1193
l 1194 1205
l 1194 1209
l 1195 1211
l 1196 1198
l 1196 1208
l 1197 1237
l 1197 1205
l 1197 1206
l 1198 1208
l 1199 1278
l 1199 1217
l 1199 1202
l 1199 1235
l 1199 1279
l 1200 1213
l 1200 1206
l 1200 1201
l 1201 1206
l 1202 1217
l 1202 1235
l 1202 1210
l 1202 1278
l 1203 1286
l 1203 1278
l 1203 1236
l 1204 1240
l 1204 1238
l 1204 1239
l 1204 1236
l 1205 1209
l 1205 1237
l 1206 1213
l 1206 1237
l 1207 1212
l 1207 1208
l 1209 1235
l 1209 1237
l 1210 1217
l 1210 1235
l 1210 1278
l 1211 1216
l 1211 1220
l 1212 1216
l 1213 1214
l 1214 1218
l 1215 1230
l 1215 1219
l 1215 1231
l 1216 1220
l 1217 1235
l 1217 1278
l 1219 1220
l 1219 1230
l 1221 1232
l 1221 1234
l 1221 1228
l 1221 1222
l 1221 1225
l 1222 1228
l 1222 1226
l 1222 1233
l 1222 1232
l 1223 1231
l 1223 1224
l 1223 1230
l 1223 1227
l 1223 1229
l 1224 1227
l 1224 1229
l 1224 1231
l 1224 1233
l 1225 1234
l 1225 1232
l 1226 1233
l 1226 1228
l 1227 1229
l 1227 1233
l 1227 1231
l 1228 1233
l 1228 1232
l 1229 1233
l 1230 1231
l 1232 1234
l 1236 1240
l 1236 1289
l 1238 1288
l 1238 1282
l 1238 1240
l 1239 1240
l 1241 1250
l 1241 1244
l 1241 1248
l 1241 1247
l 1241 1243
l 1242 1269
l 1242 1247
l 1242 1246
l 1242 1300
l 1243 1244
l 1243 1271
l 1243 1248
l 1243 1250
l 1244 1250
l 1244 1271
l 1244 1248
l 1245 1300
l 1245 1246
l 1246 1300
l 1246 1269
l 1247 1250
l 1247 1269
l 1248 1271
l 1248 1249
l 1248 1250
l 1249 3750
l 1249 1263
l 1249 1271
l 1249 1272
l 1250 1271
l 1251 1257
l 1251 1273
l 1251 3779
l 1251 1265
l 1251 1270
l 1252 1275
l 1252 1253
l 1252 3765
l 1252 3785
l 1252 3781
l 1253 3765
l 1253 3785
l 1253 3781
l 1253 1277
l 1253 1254
l 1254 3764
l 1254 1259
l 1254 3782
l 1254 1268
l 1254 1277
l 1255 1264
l 1255 3783
l 1255 3769
l 1255 1273
l 1255 1276
l 1256 1263
l 1256 1270
l 1256 1272
l 1256 1260
l 1256 3774
l 1257 3779
l 1257 1270
l 1257 1265
l 1257 1273
l 1258 3780
l 1258 1267
l 1258 3768
l 1258 3762
l 1258 1261
l 1259 1268
l 1259 3784
l 1259 1266
l 1259 1277
l 1260 1272
l 1260 1263
l 1260 3774
l 1261 3768
l 1261 3780
l 1261 3762
l 1261 1267
l 1262 3764
l 1262 3781
l 1262 3765
l 1263 1272
l 1263 3774
l 1264 3783
l 1264 1276
l 1264 3766
l 1264 3769
l 1265 3767
l 1265 1270
l 1265 3757
l 1266 1268
l 1266 3770
l 1266 3784
l 1267 1275
l 1267 3780
l 1267 3768
l 1267 1274
l 1268 1277
l 1268 3784
l 1270 3757
l 1272 3774
l 1273 3769
l 1273 3775
l 1273 3779
l 1274 3780
l 1274 3762
l 1274 1275
l 1275 3768
l 1275 3780
l 1276 3777
l 1276 3783
l 1276 3766
l 1276 3769
l 1277 3785
l 1278 1279
l 1279 1286
l 1280 1283
l 1280 1290
l 1281 1286
l 1282 1288
l 1283 1290
l 1284 1285
l 1284 1291
l 1287 1291
l 1288 1289
l 1293 1302
l 1295 1296
l 1295 1297
l 1296 1297
l 1298 1299
l 1298 1301
l 1303 1307
l 1303 1310
l 1304 1305
l 1306 1311
l 1307 1310
l 1308 1309
l 1312 1313
l 1312 1314
l 1315 1797
l 1316 2377
l 1317 2390
l 1317 2391
l 1320 1360
l 1320 1335
l 1320 1323
l 1320 1354
l 1322 1328
l 1322 1331
l 1322 1323
l 1323 1362
l 1323 1324
l 1324 1339
l 1324 1336
l 1324 1363
l 1325 1337
l 1325 1333
l 1325 1363
l 1325 1356
l 1326 1338
l 1326 1327
l 1328 1329
l 1328 1330
l 1329 1330
l 1330 1368
l 1331 1332
l 1332 1506
l 1332 1355
l 1333 1337
l 1333 1336
l 1334 1335
l 1334 1338
l 1335 1338
l 1336 1337
l 1341 1342
l 1341 1396
l 1342 1359
l 1344 1345
l 1344 1346
l 1344 1353
l 1344 1357
l 1345 1357
l 1346 1400
l 1346 1622
l 1346 1401
l 1347 1369
l 1347 1352
l 1348 1360
l 1348 1362
l 1349 1351
l 1349 1367
l 1350 1365
l 1350 2467
l 1352 1353
l 1353 1368
l 1354 1361
l 1354 1360
l 1355 1356
l 1355 1526
l 1355 1363
l 1355 1362
l 1356 1503
l 1356 1505
l 1357 1399
l 1357 1358
l 1357 1398
l 1358 1399
l 1358 1623
l 1358 2472
l 1359 2472
l 1359 2470
l 1359 1623
l 1362 1363
l 1364 2395
l 1364 2405
l 1364 1617
l 1364 2466
l 1365 2466
l 1365 2396
l 1365 1617
l 1366 2469
l 1366 1618
l 1368 1369
l 1370 1775
l 1370 2341
l 1370 2375
l 1370 1772
l 1371 1382
l 1371 1515
l 1371 1513
l 1371 1769
l 1372 2273
l 1372 2292
l 1372 1778
l 1372 1606
l 1373 1769
l 1373 1776
l 1373 1378
l 1374 1386
l 1374 2214
l 1374 1377
l 1374 1771
l 1374 1485
l 1375 2212
l 1375 2211
l 1375 2213
l 1375 2181
l 1375 1773
l 1376 1773
l 1376 2183
l 1376 1771
l 1377 1777
l 1377 1771
l 1377 1386
l 1378 1774
l 1378 1389
l 1379 1516
l 1379 2317
l 1379 1514
l 1379 2291
l 1379 1515
l 1380 1770
l 1380 1778
l 1380 1606
l 1380 1779
l 1380 1604
l 1381 1382
l 1381 1389
l 1381 1489
l 1381 1483
l 1382 1512
l 1382 1513
l 1382 1483
l 1383 1513
l 1383 1484
l 1383 2273
l 1383 1512
l 1384 2359
l 1384 1385
l 1384 2341
l 1384 2342
l 1385 1494
l 1385 2487
l 1385 1495
l 1385 1493
l 1385 2359
l 1386 1390
l 1386 1485
l 1387 1486
l 1387 2507
l 1387 2360
l 1388 2293
l 1388 1607
l 1389 1489
l 1389 1390
l 1390 1490
l 1391 2494
l 1391 2427
l 1391 1392
l 1391 2426
l 1391 2460
l 1392 2427
l 1392 2403
l 1392 2428
l 1392 2408
l 1393 1394
l 1393 2428
l 1393 2403
l 1393 2463
l 1394 2429
l 1394 2483
l 1394 2463
l 1394 2361
l 1395 2482
l 1395 2481
l 1395 2430
l 1395 2484
l 1395 2361
l 1396 1397
l 1396 2469
l 1398 1399
l 1398 2472
l 1398 1401
l 1399 2472
l 1400 1622
l 1401 1622
l 1402 2434
l 1402 1404
l 1403 2436
l 1403 2433
l 1403 1405
l 1403 1404
l 1403 2435
l 1404 2433
l 1405 2444
l 1405 2436
l 1405 2438
l 1405 2437
l 1406 2419
l 1406 2440
l 1406 2438
l 1406 1534
l 1407 1408
l 1407 1533
l 1407 2437
l 1408 1409
l 1408 2437
l 1409 2436
l 1409 1410
l 1409 2435
l 1410 2475
l 1410 2435
l 1410 1611
l 1410 1613
l 1411 1412
l 1411 2369
l 1411 2370
l 1411 1615
l 1412 2336
l 1412 1413
l 1413 1416
l 1413 1631
l 1413 1630
l 1413 1627
l 1414 1628
l 1414 1801
l 1415 1416
l 1415 1632
l 1415 2338
l 1416 1632
l 1416 1630
l 1416 1634
l 1417 1421
l 1417 1424
l 1417 1422
l 1418 1419
l 1418 1427
l 1418 1424
l 1419 1427
l 1419 1424
l 1420 1440
l 1421 1422
l 1421 1424
l 1422 1424
l 1423 1440
l 1423 1431
l 1424 1426
l 1425 1428
l 1426 1427
l 1430 1435
l 1430 1432
l 1431 1437
l 1431 1438
l 1432 1438
l 1433 1441
l 1433 1436
l 1433 1434
l 1433 1439
l 1434 1436
l 1434 1439
l 1434 1441
l 1435 1437
l 1436 1439
l 1437 1438
l 1439 1441
l 1443 1458
l 1443 1448
l 1443 1450
l 1444 1451
l 1444 1452
l 1445 1449
l 1445 1453
l 1445 1446
l 1445 1447
l 1446 1449
l 1446 1453
l 1447 1449
l 1448 1458
l 1449 1453
l 1451 1452
l 1454 1463
l 1454 1457
l 1454 1464
l 1454 1460
l 1454 1455
l 1455 1460
l 1455 1463
l 1456 1462
l 1456 1459
l 1457 1464
l 1457 1463
l 1457 1460
l 1457 1462
l 1459 1461
l 1460 1463
l 1460 1464
l 1462 1464
l 1463 1464
l 1465 1473
l 1467 1470
l 1467 1469
l 1467 1471
l 1468 1475
l 1468 1471
l 1468 1474
l 1469 1470
l 1470 1471
l 1470 1475
l 1471 1475
l 1474 1475
l 1477 1481
l 1478 2152
l 1478 4074
l 1478 2368
l 1478 2992
l 1479 1480
l 1481 2354
l 1481 2353
l 1482 1496
l 1482 1543
l 1482 2368
l 1482 1542
l 1483 1512
l 1483 1489
l 1484 1512
l 1484 1511
l 1484 2293
l 1485 1492
l 1485 2485
l 1485 2214
l 1486 1488
l 1486 1487
l 1486 2360
l 1486 2509
l 1487 1488
l 1488 2360
l 1488 2366
l 1488 2365
l 1489 1490
l 1491 1492
l 1491 2441
l 1491 2418
l 1491 2210
l 1492 2485
l 1493 2344
l 1493 2487
l 1493 1495
l 1494 2359
l 1494 1495
l 1494 2358
l 1494 2363
l 1495 2343
l 1495 2363
l 1495 2344
l 1496 2295
l 1496 2368
l 1496 1542
l 1497 1542
l 1497 1543
l 1497 2442
l 1497 2256
l 1497 2362
l 1498 2461
l 1498 2442
l 1498 2256
l 1498 2422
l 1499 2290
l 1499 2288
l 1499 1500
l 1499 1574
l 1500 2289
l 1500 2288
l 1501 1557
l 1502 1504
l 1502 2297
l 1502 1526
l 1502 1556
l 1502 1503
l 1503 1505
l 1503 1504
l 1504 1505
l 1504 1526
l 1506 1526
l 1509 2239
l 1509 2410
l 1509 1529
l 1510 1511
l 1510 1550
l 1510 2260
l 1511 1512
l 1512 1513
l 1514 1515
l 1514 2317
l 1515 1769
l 1515 1516
l 1516 1780
l 1516 1769
l 1516 2301
l 1517 1762
l 1517 1644
l 1518 1763
l 1519 1763
l 1520 2345
l 1520 1764
l 1520 1786
l 1520 2157
l 1521 2491
l 1521 1523
l 1521 1765
l 1521 2500
l 1522 2202
l 1522 2206
l 1522 1784
l 1522 1766
l 1522 1763
l 1523 2367
l 1523 2374
l 1524 2201
l 1524 1768
l 1524 2206
l 1525 2242
l 1525 1655
l 1525 2490
l 1525 1653
l 1527 1555
l 1527 1570
l 1527 2296
l 1528 1568
l 1528 1551
l 1528 1563
l 1529 2239
l 1529 1564
l 1529 1566
l 1530 1569
l 1530 1558
l 1530 2289
l 1530 1562
l 1531 2455
l 1531 2406
l 1531 1541
l 1531 2422
l 1531 2256
l 1532 1534
l 1532 2448
l 1532 1535
l 1532 2445
l 1533 2444
l 1533 2445
l 1533 2437
l 1533 1534
l 1534 2445
l 1535 2448
l 1536 1537
l 1536 2446
l 1536 2447
l 1537 2447
l 1537 1538
l 1537 2449
l 1538 2450
l 1538 2449
l 1538 1539
l 1539 2443
l 1539 2450
l 1539 2451
l 1539 1540
l 1540 2294
l 1540 2417
l 1540 2443
l 1540 2454
l 1541 2454
l 1541 2455
l 1541 2417
l 1542 1543
l 1542 2287
l 1543 1554
l 1543 2362
l 1544 1546
l 1545 1548
l 1545 1547
l 1545 1546
l 1547 2447
l 1547 1548
l 1550 2260
l 1550 2451
l 1551 1563
l 1551 1568
l 1551 2453
l 1551 1602
l 1551 1552
l 1552 2295
l 1552 1602
l 1552 1568
l 1553 2295
l 1553 2152
l 1553 2368
l 1553 4981
l 1554 1579
l 1554 2362
l 1554 1580
l 1555 2298
l 1555 2296
l 1555 1560
l 1555 1561
l 1556 2297
l 1556 2298
l 1556 2296
l 1556 1557
l 1557 2298
l 1557 1560
l 1558 1565
l 1558 2288
l 1558 1575
l 1558 1569
l 1560 1561
l 1560 2298
l 1561 1570
l 1562 1569
l 1562 1570
l 1563 2452
l 1563 2453
l 1563 2260
l 1564 1565
l 1565 1569
l 1565 1601
l 1566 1601
l 1567 1568
l 1567 4981
l 1567 1608
l 1567 1603
l 1568 1603
l 1572 1576
l 1572 2423
l 1573 1577
l 1573 1574
l 1574 2290
l 1574 2421
l 1574 1577
l 1575 1601
l 1575 2288
l 1576 2424
l 1577 2421
l 1578 1579
l 1578 2362
l 1579 2362
l 1581 2368
l 1582 1585
l 1582 1583
l 1584 1589
l 1585 1590
l 1586 1600
l 1588 1590
l 1591 1593
l 1592 1594
l 1592 1597
l 1595 1600
l 1595 1598
l 1596 1599
l 1598 1600
l 1602 2453
l 1602 2406
l 1602 2287
l 1603 4981
l 1603 2295
l 1604 1779
l 1604 1770
l 1604 1655
l 1604 2490
l 1605 4008
l 1605 2490
l 1605 4974
l 1605 2501
l 1606 4284
l 1606 1779
l 1607 2497
l 1608 4098
l 1608 4054
l 1609 2369
l 1609 1612
l 1609 1610
l 1609 2483
l 1609 2370
l 1610 2474
l 1610 2483
l 1610 2456
l 1610 2484
l 1611 2434
l 1611 2435
l 1611 2475
l 1611 2473
l 1612 2370
l 1612 2456
l 1612 2457
l 1613 2456
l 1613 2457
l 1613 2475
l 1614 2457
l 1614 1615
l 1614 2401
l 1614 2370
l 1615 2336
l 1615 2401
l 1615 2370
l 1617 2395
l 1617 2468
l 1617 2466
l 1617 2405
l 1619 1620
l 1621 2412
l 1622 2412
l 1623 2470
l 1624 1798
l 1624 4274
l 1624 4113
l 1625 1626
l 1625 2539
l 1625 2570
l 1626 1800
l 1626 4116
l 1627 1631
l 1627 2498
l 1627 2426
l 1628 2458
l 1628 2495
l 1629 2738
l 1629 3073
l 1629 1801
l 1629 2495
l 1629 4879
l 1630 1633
l 1630 1634
l 1630 4118
l 1630 1631
l 1631 4118
l 1631 4117
l 1632 1636
l 1632 1634
l 1633 4121
l 1633 4118
l 1633 3902
l 1633 4119
l 1634 1636
l 1634 4121
l 1634 1637
l 1635 1636
l 1636 1637
l 1637 4121
l 1637 4120
l 1637 3005
l 1638 2227
l 1638 2235
l 1638 2240
l 1639 1753
l 1639 1752
l 1639 1641
l 1639 1642
l 1640 2240
l 1640 2299
l 1640 2220
l 1640 1643
l 1641 1642
l 1642 1648
l 1642 2300
l 1642 1753
l 1643 2220
l 1643 1753
l 1643 2235
l 1643 2316
l 1644 1762
l 1644 2318
l 1645 4133
l 1645 3194
l 1646 2236
l 1646 2299
l 1646 1650
l 1646 2220
l 1646 1754
l 1647 2300
l 1647 1652
l 1647 2318
l 1647 1790
l 1647 1648
l 1648 2318
l 1648 2300
l 1649 1650
l 1650 2299
l 1650 2236
l 1651 2376
l 1651 4139
l 1651 1754
l 1651 2236
l 1652 1789
l 1652 2316
l 1652 1790
l 1653 1762
l 1653 1790
l 1653 2318
l 1654 2291
l 1654 2301
l 1654 1770
l 1654 1655
l 1655 1770
l 1655 2490
l 1656 2178
l 1656 2203
l 1657 2163
l 1657 1676
l 1657 2179
l 1658 1674
l 1658 1673
l 1659 1673
l 1659 2303
l 1660 1661
l 1660 1681
l 1660 2265
l 1660 1672
l 1661 1681
l 1661 2261
l 1662 1670
l 1662 2186
l 1662 2203
l 1663 2188
l 1663 2189
l 1663 2204
l 1663 2179
l 1664 1666
l 1664 2306
l 1664 1689
l 1664 1665
l 1665 2305
l 1665 2306
l 1665 2801
l 1665 4788
l 1666 2306
l 1667 1678
l 1667 2302
l 1668 1686
l 1668 2307
l 1669 1687
l 1669 1685
l 1670 1686
l 1671 1687
l 1671 2204
l 1672 1675
l 1673 1674
l 1674 1676
l 1677 2275
l 1677 1678
l 1677 2302
l 1677 2276
l 1678 1690
l 1678 2302
l 1679 1680
l 1679 1681
l 1679 2265
l 1679 2306
l 1680 1681
l 1680 2261
l 1680 4169
l 1680 4788
l 1681 2265
l 1681 2261
l 1682 1688
l 1683 2308
l 1683 1690
l 1684 2244
l 1684 2307
l 1685 2308
l 1688 1689
l 1691 1696
l 1691 1707
l 1691 2283
l 1691 2284
l 1692 1700
l 1692 1705
l 1693 1703
l 1693 1704
l 1694 1734
l 1694 1703
l 1694 1695
l 1695 1699
l 1696 1697
l 1696 2284
l 1697 1707
l 1698 1729
l 1698 1699
l 1700 1730
l 1700 1705
l 1701 2311
l 1702 2269
l 1702 2309
l 1702 2268
l 1704 1706
l 1705 2310
l 1705 2285
l 1706 1712
l 1708 2283
l 1708 2312
l 1708 1718
l 1709 2252
l 1709 1715
l 1709 1714
l 1710 1719
l 1711 1712
l 1711 2154
l 1711 2209
l 1713 1714
l 1715 2311
l 1715 2268
l 1716 2311
l 1720 1729
l 1721 1727
l 1721 2285
l 1721 2310
l 1722 2286
l 1723 1724
l 1723 1732
l 1723 1733
l 1724 2269
l 1724 1733
l 1725 1734
l 1725 1733
l 1726 1727
l 1730 1731
l 1732 2313
l 1733 1734
l 1735 2314
l 1735 2286
l 1736 1737
l 1736 2215
l 1736 2216
l 1737 1756
l 1737 2352
l 1738 2230
l 1738 4224
l 1738 4706
l 1738 2896
l 1739 1745
l 1739 2217
l 1740 1741
l 1740 1749
l 1741 1742
l 1741 2225
l 1742 2225
l 1742 1743
l 1743 2250
l 1743 2226
l 1743 2274
l 1744 2217
l 1744 2227
l 1745 2197
l 1745 2205
l 1745 2199
l 1745 2218
l 1746 2228
l 1746 2180
l 1746 2237
l 1746 1747
l 1747 2228
l 1747 2237
l 1747 2216
l 1748 2333
l 1748 4234
l 1748 4714
l 1748 2229
l 1749 1750
l 1750 1751
l 1750 2224
l 1751 2232
l 1752 2227
l 1752 2235
l 1753 2300
l 1753 2235
l 1754 2220
l 1754 2316
l 1755 4133
l 1755 2376
l 1755 4139
l 1755 2782
l 1756 1757
l 1757 2372
l 1757 2371
l 1758 4243
l 1758 1761
l 1758 4989
l 1758 2371
l 1761 2372
l 1761 2371
l 1761 2502
l 1761 4244
l 1762 2242
l 1763 2202
l 1763 1784
l 1764 2367
l 1764 2374
l 1764 2345
l 1764 1787
l 1765 1767
l 1765 4985
l 1765 2500
l 1765 1788
l 1766 2206
l 1766 1784
l 1766 1785
l 1767 1788
l 1767 2374
l 1767 1787
l 1768 2206
l 1768 1785
l 1768 2201
l 1768 2207
l 1769 1780
l 1770 2291
l 1770 1778
l 1771 2214
l 1772 1775
l 1772 2503
l 1772 2504
l 1773 2181
l 1774 1776
l 1775 2375
l 1775 2348
l 1778 2291
l 1778 2317
l 1778 2273
l 1779 4097
l 1779 4284
l 1780 2301
l 1781 1789
l 1781 4982
l 1781 2506
l 1781 4264
l 1781 2499
l 1783 1784
l 1785 2206
l 1785 2207
l 1786 2207
l 1786 2182
l 1787 2182
l 1787 2175
l 1787 2374
l 1788 2346
l 1789 2506
l 1789 1790
l 1789 2499
l 1790 2318
l 1790 2499
l 1791 2615
l 1791 4281
l 1792 2515
l 1792 2619
l 1792 2603
l 1793 2652
l 1794 2592
l 1794 2639
l 1794 4277
l 1795 2606
l 1795 4278
l 1796 2575
l 1796 4280
l 1796 2638
l 1796 1797
l 1797 4280
l 1798 2608
l 1798 4274
l 1798 4112
l 1799 2231
l 1799 4754
l 1799 4707
l 1799 2949
l 1800 4282
l 1801 4283
l 1801 2738
l 1802 1811
l 1802 1809
l 1802 1940
l 1802 2322
l 1802 2321
l 1803 1951
l 1803 2322
l 1803 1944
l 1803 1943
l 1804 1944
l 1804 1946
l 1804 1810
l 1804 1811
l 1804 1945
l 1805 2319
l 1805 1945
l 1806 1807
l 1806 1946
l 1806 1947
l 1806 1949
l 1806 1818
l 1807 1942
l 1807 1818
l 1807 1967
l 1807 1953
l 1808 1949
l 1808 1954
l 1808 1942
l 1809 1819
l 1809 1812
l 1809 2321
l 1809 1940
l 1810 1813
l 1810 2320
l 1810 1811
l 1810 1944
l 1810 2321
l 1811 1944
l 1811 1813
l 1811 2321
l 1812 2321
l 1812 1820
l 1812 1822
l 1812 2143
l 1813 2321
l 1813 2320
l 1813 1821
l 1814 1821
l 1814 1822
l 1814 1815
l 1814 2142
l 1814 1816
l 1815 1821
l 1815 2323
l 1815 2142
l 1815 2140
l 1816 2320
l 1816 1817
l 1816 1821
l 1816 1822
l 1817 1818
l 1817 2320
l 1817 1946
l 1818 1966
l 1818 1967
l 1819 1953
l 1819 1955
l 1819 1967
l 1819 1956
l 1820 1956
l 1820 2149
l 1820 2143
l 1820 2144
l 1821 1822
l 1821 2320
l 1822 2143
l 1823 1918
l 1823 1855
l 1823 1852
l 1823 1856
l 1823 1860
l 1824 1923
l 1824 1865
l 1824 1902
l 1824 1834
l 1824 1868
l 1825 1898
l 1825 4993
l 1825 1937
l 1825 4998
l 1825 4994
l 1826 1855
l 1826 1860
l 1826 1852
l 1826 1856
l 1826 1853
l 1827 1828
l 1827 1833
l 1827 1905
l 1827 1906
l 1827 1922
l 1828 1905
l 1828 1832
l 1828 1858
l 1828 1906
l 1829 2112
l 1829 1857
l 1829 1904
l 1829 1878
l 1829 1866
l 1830 1854
l 1830 1870
l 1830 1871
l 1830 1904
l 1830 1867
l 1831 1920
l 1831 1832
l 1831 1853
l 1831 1905
l 1831 1906
l 1832 1920
l 1832 1905
l 1832 1906
l 1832 1858
l 1833 1922
l 1833 1837
l 1833 1906
l 1833 1905
l 1834 1908
l 1834 1923
l 1834 1839
l 1834 1928
l 1835 1838
l 1835 1865
l 1835 1909
l 1835 1902
l 1835 1868
l 1836 1839
l 1836 1908
l 1836 1907
l 1836 1928
l 1837 1927
l 1837 1922
l 1837 1868
l 1837 1838
l 1838 1868
l 1838 1902
l 1838 1865
l 1838 1909
l 1839 1908
l 1839 1928
l 1839 1907
l 1840 1924
l 1840 1843
l 1840 1912
l 1840 1866
l 1840 1842
l 1841 1883
l 1841 1930
l 1841 1911
l 1841 1864
l 1841 1901
l 1842 1843
l 1842 1912
l 1842 1882
l 1842 1931
l 1843 1882
l 1843 1912
l 1843 1924
l 1844 1915
l 1844 1894
l 1844 1845
l 1844 1893
l 1844 1846
l 1845 1894
l 1845 1915
l 1845 1893
l 1845 1899
l 1846 1889
l 1846 2117
l 1846 1888
l 1846 2110
l 1846 1915
l 1847 1916
l 1847 1892
l 1847 1881
l 1847 1936
l 1847 1885
l 1848 1849
l 1848 1888
l 1848 1886
l 1848 1885
l 1848 2117
l 1849 1886
l 1849 1888
l 1849 2117
l 1849 1885
l 1850 1934
l 1850 1895
l 1850 1887
l 1850 1917
l 1850 2115
l 1851 2123
l 1851 4994
l 1851 4995
l 1851 1939
l 1851 1937
l 1852 1860
l 1852 1855
l 1852 1918
l 1853 1920
l 1853 1860
l 1853 1858
l 1854 1870
l 1854 1871
l 1854 1867
l 1854 1872
l 1855 1860
l 1855 1918
l 1856 1918
l 1857 1859
l 1857 1866
l 1857 2138
l 1857 1878
l 1858 1920
l 1859 1919
l 1859 2108
l 1859 2138
l 1859 1924
l 1860 1918
l 1861 1869
l 1861 1862
l 1861 1928
l 1861 1910
l 1861 1863
l 1862 1910
l 1862 1928
l 1862 1869
l 1862 1921
l 1863 1907
l 1863 1867
l 1863 1869
l 1864 1930
l 1864 1931
l 1864 1911
l 1864 1883
l 1865 1902
l 1865 1868
l 1866 1878
l 1866 1924
l 1866 2112
l 1866 1912
l 1867 1871
l 1867 1907
l 1867 1872
l 1867 1926
l 1868 1902
l 1868 1927
l 1869 1910
l 1869 1928
l 1870 1926
l 1870 1872
l 1870 1871
l 1870 1879
l 1871 1907
l 1871 1872
l 1872 1926
l 1872 1877
l 1872 1913
l 1873 1911
l 1873 1930
l 1873 1879
l 1874 2118
l 1874 1932
l 1874 1914
l 1874 1890
l 1874 1884
l 1875 1889
l 1875 2110
l 1875 2137
l 1875 1893
l 1876 2135
l 1876 2113
l 1876 1916
l 1876 2118
l 1877 1913
l 1877 1926
l 1877 1880
l 1877 1929
l 1878 2112
l 1878 1925
l 1878 1912
l 1879 1929
l 1879 1880
l 1879 1901
l 1879 1913
l 1879 1911
l 1880 1929
l 1880 1901
l 1880 1913
l 1881 1892
l 1881 1916
l 1881 1936
l 1881 2118
l 1882 1914
l 1882 1884
l 1883 1911
l 1883 1930
l 1883 1901
l 1883 1929
l 1884 1914
l 1884 1933
l 1884 1890
l 1884 1903
l 1884 1932
l 1885 1936
l 1885 1891
l 1885 1888
l 1885 1916
l 1886 1888
l 1886 2117
l 1887 2122
l 1887 1917
l 1887 1939
l 1888 2117
l 1889 2110
l 1889 2117
l 1889 1915
l 1890 1933
l 1890 1903
l 1890 2118
l 1890 1932
l 1891 1936
l 1891 1916
l 1892 1916
l 1892 1936
l 1892 1903
l 1893 1894
l 1893 1915
l 1893 1899
l 1894 1915
l 1894 1899
l 1895 1900
l 1895 1934
l 1895 2121
l 1895 1896
l 1896 1900
l 1896 2121
l 1896 2119
l 1897 2119
l 1897 2121
l 1897 1900
l 1897 1938
l 1898 4993
l 1898 4998
l 1898 1899
l 1898 1937
l 1899 4998
l 1899 4993
l 1899 1935
l 1900 2121
l 1900 2119
l 1901 1929
l 1901 1911
l 1902 1927
l 1903 1933
l 1903 1914
l 1903 2118
l 1904 2112
l 1905 1906
l 1906 1922
l 1907 1908
l 1908 1923
l 1908 1928
l 1909 1921
l 1910 1928
l 1911 1930
l 1912 1931
l 1913 1926
l 1913 1929
l 1914 1932
l 1914 1933
l 1916 1936
l 1917 1939
l 1917 2122
l 1917 1934
l 1919 2108
l 1919 2138
l 1919 1924
l 1922 1927
l 1924 2138
l 1925 2112
l 1932 2118
l 1932 1933
l 1933 2118
l 1934 2121
l 1934 2115
l 1935 4998
l 1935 4995
l 1937 4994
l 1937 2123
l 1937 1939
l 1938 2125
l 1938 2128
l 1938 2131
l 1938 2119
l 1939 4994
l 1939 2123
l 1940 1941
l 1940 1953
l 1940 1950
l 1941 1954
l 1941 1942
l 1941 1953
l 1942 1953
l 1942 1967
l 1942 1954
l 1943 2322
l 1943 2286
l 1944 1946
l 1945 1951
l 1945 2319
l 1945 1947
l 1946 2320
l 1946 1947
l 1947 1949
l 1947 2319
l 1948 2319
l 1948 1949
l 1950 2322
l 1950 1952
l 1953 1967
l 1955 1957
l 1955 1967
l 1955 1956
l 1955 1966
l 1956 1957
l 1956 1966
l 1956 1958
l 1957 1966
l 1957 1958
l 1957 1967
l 1958 1964
l 1958 1965
l 1958 2150
l 1958 1966
l 1959 2323
l 1959 2143
l 1959 2332
l 1959 2062
l 1959 2149
l 1960 2063
l 1960 2064
l 1960 1961
l 1960 2141
l 1960 2329
l 1961 2141
l 1961 2064
l 1961 2142
l 1961 2063
l 1962 1963
l 1962 1965
l 1962 2150
l 1962 1964
l 1962 2146
l 1963 1965
l 1963 2060
l 1963 2146
l 1963 2058
l 1964 1965
l 1964 2150
l 1964 2144
l 1965 2150
l 1966 1967
l 1968 1980
l 1968 2133
l 1968 2134
l 1968 2111
l 1968 1979
l 1969 1972
l 1969 1978
l 1969 1981
l 1969 2024
l 1969 1974
l 1970 1971
l 1970 2025
l 1970 1973
l 1970 2024
l 1970 1991
l 1971 1973
l 1971 1984
l 1971 2035
l 1971 1989
l 1972 1981
l 1972 1974
l 1972 1978
l 1972 1985
l 1973 1989
l 1973 1986
l 1973 2129
l 1974 1985
l 1974 2131
l 1974 1981
l 1974 2116
l 1975 1976
l 1975 1994
l 1975 1988
l 1975 2126
l 1975 2076
l 1976 1982
l 1976 1988
l 1976 2076
l 1976 2073
l 1977 2126
l 1977 1987
l 1977 2129
l 1977 1986
l 1978 2024
l 1978 1981
l 1978 1984
l 1979 2109
l 1979 2137
l 1979 2133
l 1979 2107
l 1979 2139
l 1980 2111
l 1980 2133
l 1980 2134
l 1980 2137
l 1981 1985
l 1981 2116
l 1982 2075
l 1982 2076
l 1982 1988
l 1982 2073
l 1983 2044
l 1983 1998
l 1983 2075
l 1983 1997
l 1984 2035
l 1984 2024
l 1984 1989
l 1985 2116
l 1985 2131
l 1985 2114
l 1986 1989
l 1986 2129
l 1986 2127
l 1986 2114
l 1987 2126
l 1987 2072
l 1987 1988
l 1988 2076
l 1988 2073
l 1988 2126
l 1989 2129
l 1990 1993
l 1990 2030
l 1990 1992
l 1990 1994
l 1990 1996
l 1991 2023
l 1991 1992
l 1991 1994
l 1991 2025
l 1992 1994
l 1992 2023
l 1993 1996
l 1993 2030
l 1993 2026
l 1994 2023
l 1995 1997
l 1995 2045
l 1995 2046
l 1995 2000
l 1995 2078
l 1996 1998
l 1996 2000
l 1997 2074
l 1997 2045
l 1997 2078
l 1997 2083
l 1998 2044
l 1998 2075
l 1999 2002
l 1999 2034
l 1999 2000
l 1999 2043
l 1999 2026
l 2000 2026
l 2000 2002
l 2001 2047
l 2001 2079
l 2001 2082
l 2001 2080
l 2001 2085
l 2002 2046
l 2002 2047
l 2003 2048
l 2003 2087
l 2003 2037
l 2003 2094
l 2003 2004
l 2004 2088
l 2004 2080
l 2004 2091
l 2004 2087
l 2004 2092
l 2005 2328
l 2005 2051
l 2005 2056
l 2005 2039
l 2005 2101
l 2006 2057
l 2006 2049
l 2006 2093
l 2006 2010
l 2006 2148
l 2007 2093
l 2007 2095
l 2007 2101
l 2007 2096
l 2007 2050
l 2008 2041
l 2008 2037
l 2008 2009
l 2008 2145
l 2009 2086
l 2009 2092
l 2009 2080
l 2010 2038
l 2010 2011
l 2010 2326
l 2010 2093
l 2011 2039
l 2011 2020
l 2011 2038
l 2011 2326
l 2012 2014
l 2012 2022
l 2012 2015
l 2012 2054
l 2012 2324
l 2013 2053
l 2013 2103
l 2013 2054
l 2013 2104
l 2013 2015
l 2014 2022
l 2014 2019
l 2014 2015
l 2014 2055
l 2015 2054
l 2015 2103
l 2015 2104
l 2016 2017
l 2016 2019
l 2016 2020
l 2016 2018
l 2016 2021
l 2017 2019
l 2017 2018
l 2017 2021
l 2017 2022
l 2018 2019
l 2018 2021
l 2018 2020
l 2019 2022
l 2020 2021
l 2020 2039
l 2021 2065
l 2022 2055
l 2022 2324
l 2023 2025
l 2023 2070
l 2024 2035
l 2025 2035
l 2026 2028
l 2026 2029
l 2026 2031
l 2027 2031
l 2027 2043
l 2027 2059
l 2027 2028
l 2027 2058
l 2028 2029
l 2028 2031
l 2028 2030
l 2029 2031
l 2029 2030
l 2029 2033
l 2030 2032
l 2030 2033
l 2031 2033
l 2032 2070
l 2032 2069
l 2033 2036
l 2034 2086
l 2034 2043
l 2036 2084
l 2036 2086
l 2036 2071
l 2037 2094
l 2038 2326
l 2038 2039
l 2038 2093
l 2039 2328
l 2039 2055
l 2040 2148
l 2040 2068
l 2040 2057
l 2040 2326
l 2040 2062
l 2041 2145
l 2041 2042
l 2041 2043
l 2042 2146
l 2042 2060
l 2042 2145
l 2042 2043
l 2042 2061
l 2043 2145
l 2044 2075
l 2044 2074
l 2045 2078
l 2045 2046
l 2045 2077
l 2045 2074
l 2046 2077
l 2046 2081
l 2046 2078
l 2047 2079
l 2047 2085
l 2047 2082
l 2047 2081
l 2048 2094
l 2048 2087
l 2048 2089
l 2048 2090
l 2049 2097
l 2049 2093
l 2049 2095
l 2050 2098
l 2050 2101
l 2050 2100
l 2050 2328
l 2051 2331
l 2051 2056
l 2051 2099
l 2051 2100
l 2052 2106
l 2052 2104
l 2052 2103
l 2052 2330
l 2052 2102
l 2053 2103
l 2053 2327
l 2053 2104
l 2053 2054
l 2054 2104
l 2054 2103
l 2055 2324
l 2055 2056
l 2056 2331
l 2056 2324
l 2057 2148
l 2058 2059
l 2058 2060
l 2058 2146
l 2059 2060
l 2059 2146
l 2060 2146
l 2061 2147
l 2061 2144
l 2062 2068
l 2062 2332
l 2062 2143
l 2062 2147
l 2063 2064
l 2063 2141
l 2063 2066
l 2063 2329
l 2064 2141
l 2064 2066
l 2065 2067
l 2065 2066
l 2066 2067
l 2066 2325
l 2067 2325
l 2068 2329
l 2068 2148
l 2069 2070
l 2069 2073
l 2071 2083
l 2071 2074
l 2071 2084
l 2071 2078
l 2072 2126
l 2073 2076
l 2073 2075
l 2074 2083
l 2074 2078
l 2075 2076
l 2077 2081
l 2077 2078
l 2077 2079
l 2078 2083
l 2079 2085
l 2079 2082
l 2079 2081
l 2080 2082
l 2080 2088
l 2080 2091
l 2081 2085
l 2082 2085
l 2084 2086
l 2084 2085
l 2086 2092
l 2087 2088
l 2087 2091
l 2087 2094
l 2088 2091
l 2089 2090
l 2089 2094
l 2089 2097
l 2090 2094
l 2090 2097
l 2093 2095
l 2093 2097
l 2095 2096
l 2095 2097
l 2096 2097
l 2098 2100
l 2098 2101
l 2098 2331
l 2099 2105
l 2099 2331
l 2099 2106
l 2099 2102
l 2100 2101
l 2100 2331
l 2101 2328
l 2102 2330
l 2102 2106
l 2102 2327
l 2102 2105
l 2103 2104
l 2103 2327
l 2103 2330
l 2104 2106
l 2105 2106
l 2105 2331
l 2105 2330
l 2106 2330
l 2107 2139
l 2107 2136
l 2107 2132
l 2107 2135
l 2107 2109
l 2108 2138
l 2108 2113
l 2108 2135
l 2109 2137
l 2109 2133
l 2109 2139
l 2110 2117
l 2111 2134
l 2111 2133
l 2111 2130
l 2113 2135
l 2113 2136
l 2114 2120
l 2114 2124
l 2114 2127
l 2115 2122
l 2115 4995
l 2116 2131
l 2116 2130
l 2119 2121
l 2119 2125
l 2120 2124
l 2120 2128
l 2120 2131
l 2120 2127
l 2122 2123
l 2122 4995
l 2123 4994
l 2124 2128
l 2124 2131
l 2125 2128
l 2125 2131
l 2127 2129
l 2128 2131
l 2130 2134
l 2130 4995
l 2132 2136
l 2132 2139
l 2133 2137
l 2133 2134
l 2135 2136
l 2136 2139
l 2140 2142
l 2140 2323
l 2140 2332
l 2142 2323
l 2142 2332
l 2143 2149
l 2144 2150
l 2144 2149
l 2147 2150
l 2149 2150
l 2152 4852
l 2152 2992
l 2152 4737
l 2153 2165
l 2153 2155
l 2153 2209
l 2154 2155
l 2154 2209
l 2154 2208
l 2155 2192
l 2155 2209
l 2156 2158
l 2156 2172
l 2157 2158
l 2158 2173
l 2159 2160
l 2159 2161
l 2160 2174
l 2161 2177
l 2161 2178
l 2162 2168
l 2162 2171
l 2163 2178
l 2163 2177
l 2164 2170
l 2166 2194
l 2166 2170
l 2167 2179
l 2167 2189
l 2168 2175
l 2171 2237
l 2171 2205
l 2171 2197
l 2172 2173
l 2172 2357
l 2172 2176
l 2173 2375
l 2175 2182
l 2176 2342
l 2176 2357
l 2176 2181
l 2176 2341
l 2177 2178
l 2179 2189
l 2180 2197
l 2180 2238
l 2180 2237
l 2181 2211
l 2183 2195
l 2183 2184
l 2184 2195
l 2184 2202
l 2186 2203
l 2186 2187
l 2188 2203
l 2189 2196
l 2190 2196
l 2191 2193
l 2192 2208
l 2193 2194
l 2195 2202
l 2197 2205
l 2197 2238
l 2198 2218
l 2199 2205
l 2199 2200
l 2200 2207
l 2201 2206
l 2201 2202
l 2210 2441
l 2210 2212
l 2210 2485
l 2210 2416
l 2210 2213
l 2211 2342
l 2211 2486
l 2212 2416
l 2212 2213
l 2213 2485
l 2213 2214
l 2214 2485
l 2215 2216
l 2217 2218
l 2218 2238
l 2219 2233
l 2219 2893
l 2219 2234
l 2219 3185
l 2219 4703
l 2220 2299
l 2221 2895
l 2221 4705
l 2221 2223
l 2221 4224
l 2222 4705
l 2222 3183
l 2222 2894
l 2223 2895
l 2223 2230
l 2224 2232
l 2224 2225
l 2225 2226
l 2226 2335
l 2229 4713
l 2229 4225
l 2229 2334
l 2229 3023
l 2230 2896
l 2230 4224
l 2230 2895
l 2230 2272
l 2231 4754
l 2231 4707
l 2231 2949
l 2231 2270
l 2233 2893
l 2233 2234
l 2233 4703
l 2234 3185
l 2234 2893
l 2235 2240
l 2236 2376
l 2240 2255
l 2241 2243
l 2241 2255
l 2242 2301
l 2243 2244
l 2243 2255
l 2245 2246
l 2247 2249
l 2247 2248
l 2248 2252
l 2248 2249
l 2249 2252
l 2250 2274
l 2251 2267
l 2253 2254
l 2254 4247
l 2256 2287
l 2256 2442
l 2257 4742
l 2257 2258
l 2257 2262
l 2257 4741
l 2257 3024
l 2258 2262
l 2259 2271
l 2259 3026
l 2259 3128
l 2259 4741
l 2260 2294
l 2260 2451
l 2260 2452
l 2261 2263
l 2261 2262
l 2262 2263
l 2262 4746
l 2263 4746
l 2263 3090
l 2263 4745
l 2264 2265
l 2264 2302
l 2266 2307
l 2266 2308
l 2270 3026
l 2270 4754
l 2270 2271
l 2270 4753
l 2271 3026
l 2271 4741
l 2271 4753
l 2272 4753
l 2272 2896
l 2272 3027
l 2273 2317
l 2273 2292
l 2274 2335
l 2275 2276
l 2277 2278
l 2277 2279
l 2278 2279
l 2278 2280
l 2280 2281
l 2284 2310
l 2285 2310
l 2285 2314
l 2287 2406
l 2288 2289
l 2291 2317
l 2292 2293
l 2294 2452
l 2294 2451
l 2296 2298
l 2296 2297
l 2297 2298
l 2300 2316
l 2302 2303
l 2304 3091
l 2304 3090
l 2304 3092
l 2304 4788
l 2305 2306
l 2305 4788
l 2305 4790
l 2306 4788
l 2315 2975
l 2323 2332
l 2325 2329
l 2325 2326
l 2326 2329
l 2327 2330
l 2333 4714
l 2333 4234
l 2333 2976
l 2334 4713
l 2334 4225
l 2334 3023
l 2334 4755
l 2336 2338
l 2337 2393
l 2337 2462
l 2337 2394
l 2338 2350
l 2338 2349
l 2339 2340
l 2339 2348
l 2341 2357
l 2342 2487
l 2343 2344
l 2345 2367
l 2349 2350
l 2351 2352
l 2354 2424
l 2355 2425
l 2355 2424
l 2356 2465
l 2357 2375
l 2358 2365
l 2358 2360
l 2358 2359
l 2358 2363
l 2359 2360
l 2360 2365
l 2361 2463
l 2361 2482
l 2361 2484
l 2361 2464
l 2362 2442
l 2363 2364
l 2363 2365
l 2364 2365
l 2365 2366
l 2369 2429
l 2369 2370
l 2372 2373
l 2373 4247
l 2378 2379
l 2379 2380
l 2380 2381
l 2381 2382
l 2383 2386
l 2383 2387
l 2383 2388
l 2383 2389
l 2384 2389
l 2384 2386
l 2384 2388
l 2385 2387
l 2385 2388
l 2386 2389
l 2386 2388
l 2386 2387
l 2387 2388
l 2388 2389
l 2390 2391
l 2391 2392
l 2393 2403
l 2393 2462
l 2394 2478
l 2394 2476
l 2394 2462
l 2394 2477
l 2395 2405
l 2396 2468
l 2396 2466
l 2396 2479
l 2397 2467
l 2397 2476
l 2398 2399
l 2398 2409
l 2398 2400
l 2399 2415
l 2399 2400
l 2400 2415
l 2400 2416
l 2401 2404
l 2402 2404
l 2403 2408
l 2406 2453
l 2407 2413
l 2407 2410
l 2407 2414
l 2408 2494
l 2411 2438
l 2411 2439
l 2413 2414
l 2416 2441
l 2417 2443
l 2419 2440
l 2421 2461
l 2422 2461
l 2426 2460
l 2426 2498
l 2426 2427
l 2427 2428
l 2428 2429
l 2429 2483
l 2430 2473
l 2430 2484
l 2430 2431
l 2430 2474
l 2431 2432
l 2431 2471
l 2431 2481
l 2431 2472
l 2432 2434
l 2432 2473
l 2433 2435
l 2433 2434
l 2433 2436
l 2435 2436
l 2437 2444
l 2438 2439
l 2438 2440
l 2439 2440
l 2445 2448
l 2446 2447
l 2446 2448
l 2449 2450
l 2450 2451
l 2452 2454
l 2452 2453
l 2453 2454
l 2456 2475
l 2456 2474
l 2458 2459
l 2458 2495
l 2459 4978
l 2459 2494
l 2459 4115
l 2460 2494
l 2460 4978
l 2460 4950
l 2462 2478
l 2463 2464
l 2463 2482
l 2464 2482
l 2464 2480
l 2465 4997
l 2466 2468
l 2467 2477
l 2469 2470
l 2470 2472
l 2471 2472
l 2471 2481
l 2473 2474
l 2474 2484
l 2474 2475
l 2476 2477
l 2478 2479
l 2479 2480
l 2480 2482
l 2480 2481
l 2481 2482
l 2483 2484
l 2486 2487
l 2488 2496
l 2488 4979
l 2488 4980
l 2488 2493
l 2488 2489
l 2489 2493
l 2489 2496
l 2489 2505
l 2490 4974
l 2491 4976
l 2491 2492
l 2492 2496
l 2492 4980
l 2493 4973
l 2493 2505
l 2493 4977
l 2494 4978
l 2495 4890
l 2495 4879
l 2496 4980
l 2497 4098
l 2497 4095
l 2497 4284
l 2498 4117
l 2498 4950
l 2499 4982
l 2499 2501
l 2500 4251
l 2500 4976
l 2500 4983
l 2500 4985
l 2501 4984
l 2501 4982
l 2502 2945
l 2502 4856
l 2502 4247
l 2503 2504
l 2503 4986
l 2503 4988
l 2504 4988
l 2504 2505
l 2505 4977
l 2505 4988
l 2506 4860
l 2506 4264
l 2507 2509
l 2507 2508
l 2508 4991
l 2508 4990
l 2508 2509
l 2508 4992
l 2509 4991
l 2510 4279
l 2510 2618
l 2510 2511
l 2510 2520
l 2510 2522
l 2511 2572
l 2511 2522
l 2511 2520
l 2511 2551
l 2512 2513
l 2512 2620
l 2512 2543
l 2512 2544
l 2512 2576
l 2513 2645
l 2513 2516
l 2513 2620
l 2513 2646
l 2514 2617
l 2514 2562
l 2514 2645
l 2514 2610
l 2514 2568
l 2515 2569
l 2515 2646
l 2515 2610
l 2516 2645
l 2516 2647
l 2516 2607
l 2516 2562
l 2516 2567
l 2517 2519
l 2517 3418
l 2517 2544
l 2517 2640
l 2517 2523
l 2518 2607
l 2518 3418
l 2518 4972
l 2518 2519
l 2518 3343
l 2519 3418
l 2519 3419
l 2519 2640
l 2520 2636
l 2520 3823
l 2520 2618
l 2520 2572
l 2520 2534
l 2521 2651
l 2521 2638
l 2521 2650
l 2521 2611
l 2521 2637
l 2522 4281
l 2522 2615
l 2522 2550
l 2523 2573
l 2523 2553
l 2523 2601
l 2523 2524
l 2524 2624
l 2524 2641
l 2524 2601
l 2524 2553
l 2525 3000
l 2525 2624
l 2525 3339
l 2525 2633
l 2525 2642
l 2526 4862
l 2526 2574
l 2526 2545
l 2526 4861
l 2526 2593
l 2527 2550
l 2527 2551
l 2527 2535
l 2527 2555
l 2527 2528
l 2528 2554
l 2528 2529
l 2528 2555
l 2528 2557
l 2529 2531
l 2529 2559
l 2529 2555
l 2529 2557
l 2530 3309
l 2530 2598
l 2530 2583
l 2530 3308
l 2530 2563
l 2531 2547
l 2531 2556
l 2531 2559
l 2531 2560
l 2532 2536
l 2532 2587
l 2532 2590
l 2532 2533
l 2532 3305
l 2533 2612
l 2533 2585
l 2533 2589
l 2533 2590
l 2534 2636
l 2534 2648
l 2534 2572
l 2534 2574
l 2535 4862
l 2535 2554
l 2535 4863
l 2535 4861
l 2535 2551
l 2536 3826
l 2536 3305
l 2536 2591
l 2536 2587
l 2537 3309
l 2537 2542
l 2537 3824
l 2537 3308
l 2537 3825
l 2538 2565
l 2538 2621
l 2538 2540
l 2538 2625
l 2538 2542
l 2539 3008
l 2539 3339
l 2539 3340
l 2539 4116
l 2540 2630
l 2540 2548
l 2540 2565
l 2540 2594
l 2541 2577
l 2541 3824
l 2541 2578
l 2541 2595
l 2541 3325
l 2542 2594
l 2543 2646
l 2543 2619
l 2544 2620
l 2544 3418
l 2544 2600
l 2545 2635
l 2545 2593
l 2545 2599
l 2545 2634
l 2546 2626
l 2546 2605
l 2546 2550
l 2546 2555
l 2547 2556
l 2547 4278
l 2547 2606
l 2547 2560
l 2548 2613
l 2548 2597
l 2548 2596
l 2548 2630
l 2549 2998
l 2549 2621
l 2549 3349
l 2549 2564
l 2549 2614
l 2550 2551
l 2550 2615
l 2551 2572
l 2551 4861
l 2552 2623
l 2552 2648
l 2552 2634
l 2552 2600
l 2552 2574
l 2553 2641
l 2553 2635
l 2553 2582
l 2553 2649
l 2554 4864
l 2554 4863
l 2554 2557
l 2555 2556
l 2556 2605
l 2557 4864
l 2557 2585
l 2557 2587
l 2557 4865
l 2558 2560
l 2558 2632
l 2558 2586
l 2558 2559
l 2558 2588
l 2559 2585
l 2559 2586
l 2560 2606
l 2560 2632
l 2561 3342
l 2561 4113
l 2561 4274
l 2561 2602
l 2561 2640
l 2562 2647
l 2562 2617
l 2562 2622
l 2562 2645
l 2563 2641
l 2563 2598
l 2563 3307
l 2563 2642
l 2564 3306
l 2564 3307
l 2564 2998
l 2564 2625
l 2565 2644
l 2565 2613
l 2565 2616
l 2566 2644
l 2566 2652
l 2566 2643
l 2567 2647
l 2567 2622
l 2568 2617
l 2568 2622
l 2568 2609
l 2568 2610
l 2569 2610
l 2569 2609
l 2570 2602
l 2571 4279
l 2571 2575
l 2572 4861
l 2573 2634
l 2573 2635
l 2573 2600
l 2574 2648
l 2574 2634
l 2575 2637
l 2575 2618
l 2575 2638
l 2575 4280
l 2576 2611
l 2576 2623
l 2576 2600
l 2577 2578
l 2577 3828
l 2577 2675
l 2577 3326
l 2577 2595
l 2578 3325
l 2578 2683
l 2578 2675
l 2578 4876
l 2579 2665
l 2579 3327
l 2579 3322
l 2579 3315
l 2579 3305
l 2580 2666
l 2580 2655
l 2580 3327
l 2580 2656
l 2580 2665
l 2581 3316
l 2581 2656
l 2581 2667
l 2581 2655
l 2582 2673
l 2582 2598
l 2582 2674
l 2582 2649
l 2582 2583
l 2583 2673
l 2583 2584
l 2583 2598
l 2583 3309
l 2583 3825
l 2584 2673
l 2584 4875
l 2584 2677
l 2584 3825
l 2585 2587
l 2586 2588
l 2586 2612
l 2587 4865
l 2587 3305
l 2588 2632
l 2588 4277
l 2589 2628
l 2589 2590
l 2589 2631
l 2589 2592
l 2589 2612
l 2590 2591
l 2590 2629
l 2590 2628
l 2591 3827
l 2591 3826
l 2591 2595
l 2591 2629
l 2592 2631
l 2592 2639
l 2592 2612
l 2593 2667
l 2593 2704
l 2593 2656
l 2593 2599
l 2594 2629
l 2594 2630
l 2595 3828
l 2595 3827
l 2596 2631
l 2596 2630
l 2596 2597
l 2596 2628
l 2597 2627
l 2597 2613
l 2598 2673
l 2598 2641
l 2599 2672
l 2599 4878
l 2599 2704
l 2599 2669
l 2599 2649
l 2600 2623
l 2601 3341
l 2601 2640
l 2602 4113
l 2602 3341
l 2602 3340
l 2603 2619
l 2603 2604
l 2604 2650
l 2604 4280
l 2605 4278
l 2606 2632
l 2607 2620
l 2607 3343
l 2607 2647
l 2608 3342
l 2608 3419
l 2608 4112
l 2608 4274
l 2609 2610
l 2609 2617
l 2610 2617
l 2611 2650
l 2611 2651
l 2612 4277
l 2613 2652
l 2613 2644
l 2614 4275
l 2614 3320
l 2614 2621
l 2614 2616
l 2614 2643
l 2615 4281
l 2615 2626
l 2616 2643
l 2616 2644
l 2616 2621
l 2617 2622
l 2618 2637
l 2618 3823
l 2618 4279
l 2620 2645
l 2620 3418
l 2621 2625
l 2622 2647
l 2623 3822
l 2623 2648
l 2624 2642
l 2624 3341
l 2624 3340
l 2625 3308
l 2627 2639
l 2628 2630
l 2628 2629
l 2628 2631
l 2631 2639
l 2633 3318
l 2633 2642
l 2633 3000
l 2633 3306
l 2634 2635
l 2635 2649
l 2636 3822
l 2636 3823
l 2636 2648
l 2637 2638
l 2637 2651
l 2637 3823
l 2638 4280
l 2638 2650
l 2640 3342
l 2640 3419
l 2642 3307
l 2642 3306
l 2643 2644
l 2643 4275
l 2644 2652
l 2645 2647
l 2648 3822
l 2649 2674
l 2649 2672
l 2649 2673
l 2651 3823
l 2653 3312
l 2653 3314
l 2653 4874
l 2653 4871
l 2653 4866
l 2654 2657
l 2654 4867
l 2654 2699
l 2654 2664
l 2654 2655
l 2655 4867
l 2655 2656
l 2655 2666
l 2656 4867
l 2656 2666
l 2656 2667
l 2657 2664
l 2657 2699
l 2657 2658
l 2657 4867
l 2658 2659
l 2658 2701
l 2658 2699
l 2658 2664
l 2659 2701
l 2659 3303
l 2659 2678
l 2659 2680
l 2660 2702
l 2660 2697
l 2660 2698
l 2660 2688
l 2660 2703
l 2661 2689
l 2661 2703
l 2661 2662
l 2661 2696
l 2661 2668
l 2662 2663
l 2662 4872
l 2662 2696
l 2662 3313
l 2663 3313
l 2663 2686
l 2663 4872
l 2664 3322
l 2664 2678
l 2665 3327
l 2665 2666
l 2666 3327
l 2667 4867
l 2667 4873
l 2667 2704
l 2668 4872
l 2668 2696
l 2668 4870
l 2668 4869
l 2668 4866
l 2669 2706
l 2669 2694
l 2669 2670
l 2669 2671
l 2669 4878
l 2670 2706
l 2670 2692
l 2670 2694
l 2670 2693
l 2671 2706
l 2671 4878
l 2671 2693
l 2672 2694
l 2672 2691
l 2672 2706
l 2673 2677
l 2673 2674
l 2673 4875
l 2674 2677
l 2674 2691
l 2674 4877
l 2675 3326
l 2675 2684
l 2675 2695
l 2675 2685
l 2675 2690
l 2676 2683
l 2676 2692
l 2676 2690
l 2676 2687
l 2676 2685
l 2677 4877
l 2677 4875
l 2677 2682
l 2678 3323
l 2678 2680
l 2678 2701
l 2679 3323
l 2679 2680
l 2679 2681
l 2679 2688
l 2680 3303
l 2680 2702
l 2680 2697
l 2681 2688
l 2681 2689
l 2681 2703
l 2682 4876
l 2682 4877
l 2682 2687
l 2682 2683
l 2683 4876
l 2683 2687
l 2683 2692
l 2684 2695
l 2684 2685
l 2684 2693
l 2684 2690
l 2685 2690
l 2685 2695
l 2685 2693
l 2686 2689
l 2686 3328
l 2687 2691
l 2687 4876
l 2687 4877
l 2688 2703
l 2688 2698
l 2688 2689
l 2689 2703
l 2689 2698
l 2690 2695
l 2690 2693
l 2690 2692
l 2691 2694
l 2691 4877
l 2692 2694
l 2692 2706
l 2693 2695
l 2693 3313
l 2694 2706
l 2695 3313
l 2696 4872
l 2696 4869
l 2696 4870
l 2697 2702
l 2697 3303
l 2697 2698
l 2698 4866
l 2698 2703
l 2699 4873
l 2699 3314
l 2699 4867
l 2700 3074
l 2700 2995
l 2700 4114
l 2700 3008
l 2700 2991
l 2701 3314
l 2701 3303
l 2702 3303
l 2704 4871
l 2704 4873
l 2704 4878
l 2705 3313
l 2705 4869
l 2705 4872
l 2707 2996
l 2707 3972
l 2707 3971
l 2707 2739
l 2707 2987
l 2708 2989
l 2708 2988
l 2708 2990
l 2708 2709
l 2708 3344
l 2709 3401
l 2709 3073
l 2709 3400
l 2709 2737
l 2710 4822
l 2710 4821
l 2710 4953
l 2710 4879
l 2710 4890
l 2711 2723
l 2711 4105
l 2711 4823
l 2711 3898
l 2711 4884
l 2712 3406
l 2712 2984
l 2712 3395
l 2712 2982
l 2712 3399
l 2713 3897
l 2713 3067
l 2713 3895
l 2713 3069
l 2713 4104
l 2714 4899
l 2714 4900
l 2714 4696
l 2714 4928
l 2714 4698
l 2715 2963
l 2715 3977
l 2715 3881
l 2715 3076
l 2715 2721
l 2716 4965
l 2716 4964
l 2716 4822
l 2716 4954
l 2716 2722
l 2717 3056
l 2717 2757
l 2717 3057
l 2717 3267
l 2717 2997
l 2718 2806
l 2718 2767
l 2718 2961
l 2718 4013
l 2718 3143
l 2719 3862
l 2719 2728
l 2719 5001
l 2719 2936
l 2719 4999
l 2720 4936
l 2720 4938
l 2720 4937
l 2720 4934
l 2720 2746
l 2721 3979
l 2721 4038
l 2721 2807
l 2721 3076
l 2722 3376
l 2722 3851
l 2722 4881
l 2722 3861
l 2722 2983
l 2723 3020
l 2723 3022
l 2723 4833
l 2723 4887
l 2724 4691
l 2724 2741
l 2724 4667
l 2724 3002
l 2724 3871
l 2725 3070
l 2725 4885
l 2725 3071
l 2725 2734
l 2725 4900
l 2726 3871
l 2726 3141
l 2726 2741
l 2726 2732
l 2727 2740
l 2727 3075
l 2727 4884
l 2727 4948
l 2727 4887
l 2728 5001
l 2728 3862
l 2728 4999
l 2728 2752
l 2729 4110
l 2729 2936
l 2729 4996
l 2729 4111
l 2729 4888
l 2730 4881
l 2730 3374
l 2730 5000
l 2730 4106
l 2730 3376
l 2731 2752
l 2731 4999
l 2731 4106
l 2731 4881
l 2732 2741
l 2732 4660
l 2732 3082
l 2732 4640
l 2733 3409
l 2733 3297
l 2733 3408
l 2733 2980
l 2733 3361
l 2734 4883
l 2734 3075
l 2734 4885
l 2734 2740
l 2735 3016
l 2735 2799
l 2735 3901
l 2735 4833
l 2735 4823
l 2736 3901
l 2736 3899
l 2736 3898
l 2736 4823
l 2737 4879
l 2737 3400
l 2737 4831
l 2737 3073
l 2738 3974
l 2738 3073
l 2738 2990
l 2738 4283
l 2739 3973
l 2739 3338
l 2739 3972
l 2739 2995
l 2740 4885
l 2740 3021
l 2740 3075
l 2741 4667
l 2741 3082
l 2742 3970
l 2742 2954
l 2742 3975
l 2742 4837
l 2742 3188
l 2743 4772
l 2743 3363
l 2743 3361
l 2743 3386
l 2743 3366
l 2744 2964
l 2744 4040
l 2744 4041
l 2744 4002
l 2744 3978
l 2745 4737
l 2745 4094
l 2745 3989
l 2745 4852
l 2745 4779
l 2746 4938
l 2746 4039
l 2746 4038
l 2746 3076
l 2747 2965
l 2747 3066
l 2747 4027
l 2747 4889
l 2747 4026
l 2748 3970
l 2748 2761
l 2748 2954
l 2748 4072
l 2748 3319
l 2749 3387
l 2749 2981
l 2749 4889
l 2749 4000
l 2749 3999
l 2750 4941
l 2750 4001
l 2750 4940
l 2750 4040
l 2750 4041
l 2751 2934
l 2751 3151
l 2751 2935
l 2751 4108
l 2751 4111
l 2752 4999
l 2752 5001
l 2752 3862
l 2753 2754
l 2753 3847
l 2753 3862
l 2753 2755
l 2754 3862
l 2754 4999
l 2755 4111
l 2755 3856
l 2755 3887
l 2755 2934
l 2755 4110
l 2756 3369
l 2756 2978
l 2756 3367
l 2756 3411
l 2756 3358
l 2757 3057
l 2757 3235
l 2757 3267
l 2757 3056
l 2758 3836
l 2758 3864
l 2758 3052
l 2758 3865
l 2758 3848
l 2759 2963
l 2759 3983
l 2759 2964
l 2759 3978
l 2759 3881
l 2760 4261
l 2760 3002
l 2760 4009
l 2760 3143
l 2760 4248
l 2761 2766
l 2761 3349
l 2761 3319
l 2761 4072
l 2762 3320
l 2762 2766
l 2762 3349
l 2762 4046
l 2762 2948
l 2763 3080
l 2763 3332
l 2763 4128
l 2763 4265
l 2763 2765
l 2764 3304
l 2764 3318
l 2764 2954
l 2764 3975
l 2764 3187
l 2765 2800
l 2765 3081
l 2765 4226
l 2765 4128
l 2765 3080
l 2766 3349
l 2766 4046
l 2766 4072
l 2767 4013
l 2767 4009
l 2767 2806
l 2767 2961
l 2768 4137
l 2768 2952
l 2768 3150
l 2768 4134
l 2768 4723
l 2769 4245
l 2769 3194
l 2769 2776
l 2769 4132
l 2769 3321
l 2770 4013
l 2770 2961
l 2770 4007
l 2770 4801
l 2770 2962
l 2771 2777
l 2771 2808
l 2771 4682
l 2771 2788
l 2771 2951
l 2772 2787
l 2772 4723
l 2772 4738
l 2772 2952
l 2772 2959
l 2773 4983
l 2773 2774
l 2773 4011
l 2773 4975
l 2773 4251
l 2774 2794
l 2774 2940
l 2774 4011
l 2774 4975
l 2775 4668
l 2775 4683
l 2775 2805
l 2775 3162
l 2775 3334
l 2776 2785
l 2776 3150
l 2776 4132
l 2776 4245
l 2777 4670
l 2777 2778
l 2777 4687
l 2777 2788
l 2778 4669
l 2778 3148
l 2778 4687
l 2778 2815
l 2779 4642
l 2779 3147
l 2779 4669
l 2779 2815
l 2779 2789
l 2780 4736
l 2780 4228
l 2780 3088
l 2780 3086
l 2780 4735
l 2781 3165
l 2781 2969
l 2781 2943
l 2781 4856
l 2781 2944
l 2782 4719
l 2782 4132
l 2782 4137
l 2782 4133
l 2782 4134
l 2783 4725
l 2783 4142
l 2783 4007
l 2783 4014
l 2783 4801
l 2784 4726
l 2784 4170
l 2784 2786
l 2784 4176
l 2784 4175
l 2785 2786
l 2785 2973
l 2785 4245
l 2785 2972
l 2786 3195
l 2786 2972
l 2786 4175
l 2787 4156
l 2787 2959
l 2787 2809
l 2787 2817
l 2788 2808
l 2788 4670
l 2788 2809
l 2788 4158
l 2789 4144
l 2789 4642
l 2789 4661
l 2789 2815
l 2790 4148
l 2790 3085
l 2790 2818
l 2790 4160
l 2790 3036
l 2791 2942
l 2791 2792
l 2791 2941
l 2791 3134
l 2791 3083
l 2792 3083
l 2792 3134
l 2792 4645
l 2792 3133
l 2793 3010
l 2793 4975
l 2793 3310
l 2793 4973
l 2793 3161
l 2794 3161
l 2794 2940
l 2794 4829
l 2795 4825
l 2795 4842
l 2795 3866
l 2795 2796
l 2795 3870
l 2796 4843
l 2796 3870
l 2796 4844
l 2796 4845
l 2796 4825
l 2797 2937
l 2797 2798
l 2797 4848
l 2797 4835
l 2797 2799
l 2798 2938
l 2798 2799
l 2798 2939
l 2798 2937
l 2799 4833
l 2799 3016
l 2799 4835
l 2800 4683
l 2800 4226
l 2800 2805
l 2801 4152
l 2801 4790
l 2801 3091
l 2802 2804
l 2802 4152
l 2802 3034
l 2802 3032
l 2803 2804
l 2805 3080
l 2805 3333
l 2805 3334
l 2806 4667
l 2806 4012
l 2806 3002
l 2806 4009
l 2807 4037
l 2807 3984
l 2807 3285
l 2807 3979
l 2808 3149
l 2808 2809
l 2808 2951
l 2809 4173
l 2809 2959
l 2810 4662
l 2810 4671
l 2810 4661
l 2810 4144
l 2810 4646
l 2811 4747
l 2811 2812
l 2811 2898
l 2811 4146
l 2811 4168
l 2812 4148
l 2812 4149
l 2812 4168
l 2812 4167
l 2813 4147
l 2813 2900
l 2813 2899
l 2813 4146
l 2813 4162
l 2814 4758
l 2814 2900
l 2814 3170
l 2814 4759
l 2814 2842
l 2815 4669
l 2815 4687
l 2815 4144
l 2816 4688
l 2816 4150
l 2816 4672
l 2816 2823
l 2816 4671
l 2817 4738
l 2817 4172
l 2817 4726
l 2817 4156
l 2818 4149
l 2818 3028
l 2818 4148
l 2818 2819
l 2819 4740
l 2819 4744
l 2819 4742
l 2819 3029
l 2819 3128
l 2820 4154
l 2820 2821
l 2820 3097
l 2820 4153
l 2820 3096
l 2821 4165
l 2821 3095
l 2821 3096
l 2821 3140
l 2822 4156
l 2822 3099
l 2822 4791
l 2822 4157
l 2822 4749
l 2823 4159
l 2823 4158
l 2823 3099
l 2823 4174
l 2824 4688
l 2824 3104
l 2824 4673
l 2824 4159
l 2824 4151
l 2825 2839
l 2825 4159
l 2825 3105
l 2825 4174
l 2826 3105
l 2826 2840
l 2826 4174
l 2826 4157
l 2826 2913
l 2827 4750
l 2827 2840
l 2827 4157
l 2827 4727
l 2828 4727
l 2828 3107
l 2828 3100
l 2828 3106
l 2828 4171
l 2829 4166
l 2829 3167
l 2829 4155
l 2829 3100
l 2829 4177
l 2830 3108
l 2830 3103
l 2830 3173
l 2830 2848
l 2830 2849
l 2831 2848
l 2831 4728
l 2831 2854
l 2831 3103
l 2832 2855
l 2832 2846
l 2832 4729
l 2832 4728
l 2832 2833
l 2833 2845
l 2833 2919
l 2833 2834
l 2833 2846
l 2833 3003
l 2834 3003
l 2834 2856
l 2834 2835
l 2834 2919
l 2835 2836
l 2835 2918
l 2835 2856
l 2835 3003
l 2836 4675
l 2836 2911
l 2836 2912
l 2836 3003
l 2837 4765
l 2837 2902
l 2837 2921
l 2837 2850
l 2837 2903
l 2838 4654
l 2838 4648
l 2838 4647
l 2838 3102
l 2838 2853
l 2839 3136
l 2839 3135
l 2839 3104
l 2839 3105
l 2840 3137
l 2840 2913
l 2840 4750
l 2841 4760
l 2841 3167
l 2841 2970
l 2841 3100
l 2842 3170
l 2842 3139
l 2842 2900
l 2842 2915
l 2843 2916
l 2843 3170
l 2843 3169
l 2843 4762
l 2843 2915
l 2844 4678
l 2844 4679
l 2844 3101
l 2844 4649
l 2844 4674
l 2845 3135
l 2845 3003
l 2845 2911
l 2845 3136
l 2846 2913
l 2846 4729
l 2847 2848
l 2847 3106
l 2847 3137
l 2847 2914
l 2847 4728
l 2848 2914
l 2848 3108
l 2849 3171
l 2849 3173
l 2849 2970
l 2849 4763
l 2849 3108
l 2850 2915
l 2850 2902
l 2850 3172
l 2850 4765
l 2851 4678
l 2851 2852
l 2851 4675
l 2851 2912
l 2851 2857
l 2852 2857
l 2852 4677
l 2852 4676
l 2852 4647
l 2853 4647
l 2853 4693
l 2853 4676
l 2853 4648
l 2854 2855
l 2854 3109
l 2854 3103
l 2854 2861
l 2855 4730
l 2855 4728
l 2855 2861
l 2856 2862
l 2856 2866
l 2856 2863
l 2857 4675
l 2857 4638
l 2857 4676
l 2858 3174
l 2858 2922
l 2858 4766
l 2858 2904
l 2858 3175
l 2859 3175
l 2859 2920
l 2859 2869
l 2859 3109
l 2859 4766
l 2860 2927
l 2860 4205
l 2860 3110
l 2860 4203
l 2860 2861
l 2861 4730
l 2861 2927
l 2862 4731
l 2862 2919
l 2862 2863
l 2862 4196
l 2863 4201
l 2863 2866
l 2863 4196
l 2864 2865
l 2864 4201
l 2864 2926
l 2864 2924
l 2864 2866
l 2865 2924
l 2865 2866
l 2865 4638
l 2865 2918
l 2866 2918
l 2867 4183
l 2867 4216
l 2867 4212
l 2867 3118
l 2867 2881
l 2868 4206
l 2868 4796
l 2868 2905
l 2868 4194
l 2868 4197
l 2869 4796
l 2869 4766
l 2869 3111
l 2869 3110
l 2870 4202
l 2870 4201
l 2870 4196
l 2870 2926
l 2870 4751
l 2871 2906
l 2871 4184
l 2871 4178
l 2871 4768
l 2871 4185
l 2872 3177
l 2872 3176
l 2872 4192
l 2872 4767
l 2872 4195
l 2873 4180
l 2873 4752
l 2873 4210
l 2873 4190
l 2873 4793
l 2874 4181
l 2874 4193
l 2874 2926
l 2874 2875
l 2874 4191
l 2875 4199
l 2875 2876
l 2875 4193
l 2875 4182
l 2876 3112
l 2876 4199
l 2876 4183
l 2876 4186
l 2877 4208
l 2877 2907
l 2877 4798
l 2877 3178
l 2877 4213
l 2878 4222
l 2878 4179
l 2878 4187
l 2878 3178
l 2878 4217
l 2879 4211
l 2879 4219
l 2879 2889
l 2879 2880
l 2879 4220
l 2880 3123
l 2880 2891
l 2880 2890
l 2880 2889
l 2881 4207
l 2881 4212
l 2881 3123
l 2881 4221
l 2882 2891
l 2882 2883
l 2882 3125
l 2882 2892
l 2882 4207
l 2883 3124
l 2883 2892
l 2883 4444
l 2883 3125
l 2884 3179
l 2884 3049
l 2884 4440
l 2884 2907
l 2884 2908
l 2885 4770
l 2885 4441
l 2885 3126
l 2885 4209
l 2885 3179
l 2886 4441
l 2886 4732
l 2886 4803
l 2886 3126
l 2886 2887
l 2887 2888
l 2887 4437
l 2887 4803
l 2887 4732
l 2887 4439
l 2888 2889
l 2888 4732
l 2888 4439
l 2888 2890
l 2889 4797
l 2889 2890
l 2889 4219
l 2890 4439
l 2890 2892
l 2891 3123
l 2891 2892
l 2892 4439
l 2892 4291
l 2893 3185
l 2894 4717
l 2894 4703
l 2895 4224
l 2896 4706
l 2896 4224
l 2897 4161
l 2897 4160
l 2897 4164
l 2897 3038
l 2897 2898
l 2898 4161
l 2898 4160
l 2898 4148
l 2899 4162
l 2899 2901
l 2899 2900
l 2899 4164
l 2900 2901
l 2901 3139
l 2901 3040
l 2902 3138
l 2902 2915
l 2902 2903
l 2903 3043
l 2903 2922
l 2903 2921
l 2904 3045
l 2904 4206
l 2904 2922
l 2904 3044
l 2905 4178
l 2905 4184
l 2905 4204
l 2905 4197
l 2906 4208
l 2906 4185
l 2906 4213
l 2906 4794
l 2907 3049
l 2907 4215
l 2907 4214
l 2908 4440
l 2908 4770
l 2908 4433
l 2908 4443
l 2908 4442
l 2909 4700
l 2909 4237
l 2909 2910
l 2909 4716
l 2909 3146
l 2910 4715
l 2910 4716
l 2910 3196
l 2910 3146
l 2911 3136
l 2911 3003
l 2911 2912
l 2912 4674
l 2912 4678
l 2913 3105
l 2913 3135
l 2913 4729
l 2914 3108
l 2914 3106
l 2914 3107
l 2915 3139
l 2916 4762
l 2916 3172
l 2916 3169
l 2916 3170
l 2917 3102
l 2917 4654
l 2917 4653
l 2917 3041
l 2917 3040
l 2918 4675
l 2918 4638
l 2919 4730
l 2920 3173
l 2920 3175
l 2920 3103
l 2920 4764
l 2921 3174
l 2921 4765
l 2921 2922
l 2922 3044
l 2923 3112
l 2923 4200
l 2923 4199
l 2923 4198
l 2923 4204
l 2924 4193
l 2924 4200
l 2924 4199
l 2925 4200
l 2925 4638
l 2925 4637
l 2926 4201
l 2926 4193
l 2927 4731
l 2927 4734
l 2927 4203
l 2928 4795
l 2928 4188
l 2928 4205
l 2928 4203
l 2928 4189
l 2929 4653
l 2929 4145
l 2929 4650
l 2929 3101
l 2929 3039
l 2930 4260
l 2930 4263
l 2930 2962
l 2930 4255
l 2930 3143
l 2931 3286
l 2931 4891
l 2931 3072
l 2931 3287
l 2931 4902
l 2932 3894
l 2932 3301
l 2932 3896
l 2932 3295
l 2932 4036
l 2933 4109
l 2933 3190
l 2933 4108
l 2933 3153
l 2933 3152
l 2934 4111
l 2934 3151
l 2934 4110
l 2934 4108
l 2935 4108
l 2935 3364
l 2935 3151
l 2935 4109
l 2936 4996
l 2936 4110
l 2936 5001
l 2936 3862
l 2937 3981
l 2937 4848
l 2937 4845
l 2938 3017
l 2938 2939
l 2938 4122
l 2938 3016
l 2939 3017
l 2939 3981
l 2940 4829
l 2940 4011
l 2940 4851
l 2941 3011
l 2941 4836
l 2941 4241
l 2941 2942
l 2942 4830
l 2942 3336
l 2942 3083
l 2943 3087
l 2943 3088
l 2943 3165
l 2943 2944
l 2944 3088
l 2944 4735
l 2944 2945
l 2944 3087
l 2945 4247
l 2945 4856
l 2946 4733
l 2946 4736
l 2946 2947
l 2946 4799
l 2947 4799
l 2947 4733
l 2947 4757
l 2948 4073
l 2948 4636
l 2948 3320
l 2948 4074
l 2948 2992
l 2949 4707
l 2949 4754
l 2949 3023
l 2950 4709
l 2950 4819
l 2950 3028
l 2950 4710
l 2950 3029
l 2951 3149
l 2951 3001
l 2951 4682
l 2952 4724
l 2952 3150
l 2952 4738
l 2952 4723
l 2953 3054
l 2953 3414
l 2953 3238
l 2953 3237
l 2953 2999
l 2954 3319
l 2954 3970
l 2955 4906
l 2955 4930
l 2955 4892
l 2955 3990
l 2955 4093
l 2956 4141
l 2956 4262
l 2956 4142
l 2956 4143
l 2956 4725
l 2957 3019
l 2957 4950
l 2957 4117
l 2957 4913
l 2957 3900
l 2958 3864
l 2958 4016
l 2958 3416
l 2958 4780
l 2958 3849
l 2959 3149
l 2959 4125
l 2959 2960
l 2960 4708
l 2960 3149
l 2960 4125
l 2960 4711
l 2961 2962
l 2961 4013
l 2961 4007
l 2962 4007
l 2962 3143
l 2962 4260
l 2963 2964
l 2963 3983
l 2963 3076
l 2964 4040
l 2964 4039
l 2965 4027
l 2965 4029
l 2965 4030
l 2965 4931
l 2966 3366
l 2966 3370
l 2966 3360
l 2966 2979
l 2966 2980
l 2967 4710
l 2967 4715
l 2967 3085
l 2967 4230
l 2968 3166
l 2968 4855
l 2968 4242
l 2968 4836
l 2968 4237
l 2969 4236
l 2969 3165
l 2969 3166
l 2969 4242
l 2970 3171
l 2970 3108
l 2970 4760
l 2971 4154
l 2971 2974
l 2971 2972
l 2971 4152
l 2971 4153
l 2972 2973
l 2972 4175
l 2972 2974
l 2973 4246
l 2973 4245
l 2973 2974
l 2974 4246
l 2974 3032
l 2975 4757
l 2975 4820
l 2975 3145
l 2976 3145
l 2976 4234
l 2976 4714
l 2977 2978
l 2977 3153
l 2977 3857
l 2977 4109
l 2977 3367
l 2978 3367
l 2978 3358
l 2978 3369
l 2978 4635
l 2979 3360
l 2979 3296
l 2979 2980
l 2979 3370
l 2980 3361
l 2980 3360
l 2980 3297
l 2980 3296
l 2981 3365
l 2981 3999
l 2981 3370
l 2981 4898
l 2982 3406
l 2982 3372
l 2982 3398
l 2982 4956
l 2983 3376
l 2983 4957
l 2983 3201
l 2983 3059
l 2983 3379
l 2984 4956
l 2984 2986
l 2984 4880
l 2985 4963
l 2985 4840
l 2985 4955
l 2985 2986
l 2985 4831
l 2986 4880
l 2986 4955
l 2987 3971
l 2987 2988
l 2987 2993
l 2987 3972
l 2988 3972
l 2988 2989
l 2989 3973
l 2989 2991
l 2989 3972
l 2989 2990
l 2990 2991
l 2990 3974
l 2990 3073
l 2991 3074
l 2991 3974
l 2991 4114
l 2992 4073
l 2992 4074
l 2992 4852
l 2993 3187
l 2993 3971
l 2993 4838
l 2993 3975
l 2994 3971
l 2994 2996
l 2994 3187
l 2994 3000
l 2995 3973
l 2995 3338
l 2995 3074
l 2996 3317
l 2996 3338
l 2996 3971
l 2997 3829
l 2997 3832
l 2997 3840
l 2998 3319
l 2998 3304
l 2998 3349
l 2999 3238
l 2999 3237
l 2999 3159
l 3000 3317
l 3000 3318
l 3001 4701
l 3001 4231
l 3001 3132
l 3001 4682
l 3002 4691
l 3002 4261
l 3002 4256
l 3004 4986
l 3004 4257
l 3004 4990
l 3004 3870
l 3004 3880
l 3005 4120
l 3005 4124
l 3005 3006
l 3006 4124
l 3006 3007
l 3006 3017
l 3006 3980
l 3007 4991
l 3007 4992
l 3008 3338
l 3008 3339
l 3008 3074
l 3009 3310
l 3009 4259
l 3009 4987
l 3009 4977
l 3009 3161
l 3010 4979
l 3010 4973
l 3010 4975
l 3010 3311
l 3011 4241
l 3011 4989
l 3011 4830
l 3011 4243
l 3012 4639
l 3012 4832
l 3012 4656
l 3012 4858
l 3012 4829
l 3013 3065
l 3013 3015
l 3013 3014
l 3013 4896
l 3013 3888
l 3014 3015
l 3014 4927
l 3014 3357
l 3014 4107
l 3015 3065
l 3015 4895
l 3015 4927
l 3016 3018
l 3017 3980
l 3017 4122
l 3018 4122
l 3018 3901
l 3018 4123
l 3019 4913
l 3019 4103
l 3019 3899
l 3019 4853
l 3020 4834
l 3020 4835
l 3020 3022
l 3020 4833
l 3021 4828
l 3021 4885
l 3021 3022
l 3021 4827
l 3021 4887
l 3022 4834
l 3022 4828
l 3022 4887
l 3023 4225
l 3023 4713
l 3024 3027
l 3024 4741
l 3024 4753
l 3025 4717
l 3026 4741
l 3026 4753
l 3026 4754
l 3027 4753
l 3028 3029
l 3028 3085
l 3029 3127
l 3029 3128
l 3029 4740
l 3030 3129
l 3030 3130
l 3030 3033
l 3030 3035
l 3031 3032
l 3031 3131
l 3031 3129
l 3031 4246
l 3032 3034
l 3032 3033
l 3032 4246
l 3033 3186
l 3033 3035
l 3033 3034
l 3034 3180
l 3035 3186
l 3035 3130
l 3036 3037
l 3036 4160
l 3036 4643
l 3036 4163
l 3037 3196
l 3037 4641
l 3037 4642
l 3037 4643
l 3038 4646
l 3038 4163
l 3038 4164
l 3038 4145
l 3039 4164
l 3039 3040
l 3040 3041
l 3040 4653
l 3041 3102
l 3041 3138
l 3041 3139
l 3042 3102
l 3042 3043
l 3042 4648
l 3042 3138
l 3043 3138
l 3043 3044
l 3044 3045
l 3044 4648
l 3045 4693
l 3045 4197
l 3045 3046
l 3046 4198
l 3046 4197
l 3046 4693
l 3046 4637
l 3047 4185
l 3047 3112
l 3047 4184
l 3047 4186
l 3047 3048
l 3048 4213
l 3048 4185
l 3048 4216
l 3048 4214
l 3048 4186
l 3049 3125
l 3049 4215
l 3049 3124
l 3050 3842
l 3050 3054
l 3050 3843
l 3050 3055
l 3050 3237
l 3051 3835
l 3051 3846
l 3051 3294
l 3051 3293
l 3051 3052
l 3052 3834
l 3052 3831
l 3052 3836
l 3052 3053
l 3053 3267
l 3053 3831
l 3053 3834
l 3053 3238
l 3054 3055
l 3054 3842
l 3054 3845
l 3055 3843
l 3055 3844
l 3055 3842
l 3056 3267
l 3056 3834
l 3056 3057
l 3056 3293
l 3057 3261
l 3057 3235
l 3057 3267
l 3058 3398
l 3058 4957
l 3058 4882
l 3058 3200
l 3058 3372
l 3059 3379
l 3059 3199
l 3059 3380
l 3059 3201
l 3059 4957
l 3060 3858
l 3060 3156
l 3060 3160
l 3060 3860
l 3060 3830
l 3061 3859
l 3061 3854
l 3061 3062
l 3061 3294
l 3061 3292
l 3062 3291
l 3062 3852
l 3062 3292
l 3062 3859
l 3063 3385
l 3063 3192
l 3063 3156
l 3063 3064
l 3063 3193
l 3064 3385
l 3064 3351
l 3064 3405
l 3064 3158
l 3065 4895
l 3065 3889
l 3066 4026
l 3066 3289
l 3066 4905
l 3066 4889
l 3067 3075
l 3067 4948
l 3067 4104
l 3068 4935
l 3068 4932
l 3068 3295
l 3068 4934
l 3068 4037
l 3069 3895
l 3069 3072
l 3069 3896
l 3070 4971
l 3070 4885
l 3070 4827
l 3070 3071
l 3071 4900
l 3071 4696
l 3071 4695
l 3072 4891
l 3074 4114
l 3074 3973
l 3075 4891
l 3076 4039
l 3076 4038
l 3077 3157
l 3077 3192
l 3077 3858
l 3077 3859
l 3078 3410
l 3078 3411
l 3078 3363
l 3078 3998
l 3079 4774
l 3079 4048
l 3079 4053
l 3079 3993
l 3079 3389
l 3080 3333
l 3080 4267
l 3080 3332
l 3081 3094
l 3081 4126
l 3081 4226
l 3081 4128
l 3082 4686
l 3082 4268
l 3082 4667
l 3082 4254
l 3083 4645
l 3083 4658
l 3083 3336
l 3084 4658
l 3084 4652
l 3084 4645
l 3084 4270
l 3084 3335
l 3085 3196
l 3086 4230
l 3086 4229
l 3086 3088
l 3086 4228
l 3087 3088
l 3087 4230
l 3087 4235
l 3089 3154
l 3089 3160
l 3089 3384
l 3089 3355
l 3089 3993
l 3090 3092
l 3090 4746
l 3090 4745
l 3092 3093
l 3094 4231
l 3094 4238
l 3094 4226
l 3094 4711
l 3095 3096
l 3095 4165
l 3095 4748
l 3095 4747
l 3096 4748
l 3096 3097
l 3096 4789
l 3097 4153
l 3097 4790
l 3097 4789
l 3097 4748
l 3098 4170
l 3098 4177
l 3098 4176
l 3098 3140
l 3098 4171
l 3099 4174
l 3099 4173
l 3099 4158
l 3100 4177
l 3100 4171
l 3101 4649
l 3101 4679
l 3101 4653
l 3101 4650
l 3102 4654
l 3103 3109
l 3104 4674
l 3104 4673
l 3104 4679
l 3105 3135
l 3106 4750
l 3106 3107
l 3109 3110
l 3110 3111
l 3111 4767
l 3111 4205
l 3111 4195
l 3112 4186
l 3112 4199
l 3113 4192
l 3113 4188
l 3113 4195
l 3113 4187
l 3114 4218
l 3114 4217
l 3114 3115
l 3114 4793
l 3114 4187
l 3115 4188
l 3115 4189
l 3115 4187
l 3116 4795
l 3116 4189
l 3116 4751
l 3116 4202
l 3116 4190
l 3117 4181
l 3117 4221
l 3117 4210
l 3117 4182
l 3117 4180
l 3118 4215
l 3118 4207
l 3118 4216
l 3118 3125
l 3119 4209
l 3119 3126
l 3119 3121
l 3119 3120
l 3119 4222
l 3120 4797
l 3120 3126
l 3120 4732
l 3120 3122
l 3121 4217
l 3121 3122
l 3121 4218
l 3122 4219
l 3122 4797
l 3122 4220
l 3123 4221
l 3124 4440
l 3124 4444
l 3124 4443
l 3125 4215
l 3126 4732
l 3127 4714
l 3127 4819
l 3127 4755
l 3127 3128
l 3128 4740
l 3128 4755
l 3130 3186
l 3131 4246
l 3131 3321
l 3132 4689
l 3132 4701
l 3132 4720
l 3132 4682
l 3133 3134
l 3133 4233
l 3133 4223
l 3133 4721
l 3134 4223
l 3134 4836
l 3135 3136
l 3136 4674
l 3137 4729
l 3137 4750
l 3138 3139
l 3140 4176
l 3140 4155
l 3141 4639
l 3141 4665
l 3141 4640
l 3141 4656
l 3142 4694
l 3142 4699
l 3142 4698
l 3142 4685
l 3142 4258
l 3143 4261
l 3143 3872
l 3143 4260
l 3144 4005
l 3144 3876
l 3144 4262
l 3144 4776
l 3144 4756
l 3145 4820
l 3145 4714
l 3145 4234
l 3146 4641
l 3146 3196
l 3146 4712
l 3147 4712
l 3147 4641
l 3147 4657
l 3147 4663
l 3148 4682
l 3148 4720
l 3148 4657
l 3148 4669
l 3149 4711
l 3150 4137
l 3150 4724
l 3150 3195
l 3151 4108
l 3151 4111
l 3152 4109
l 3152 4108
l 3152 3153
l 3153 4109
l 3153 3190
l 3153 3357
l 3153 4107
l 3154 3855
l 3154 3160
l 3154 3994
l 3154 4015
l 3155 3848
l 3155 3846
l 3155 3292
l 3155 3856
l 3155 3847
l 3156 3378
l 3156 3858
l 3157 3850
l 3157 3852
l 3157 3198
l 3157 3191
l 3158 3351
l 3158 4064
l 3158 4068
l 3158 3378
l 3159 3844
l 3159 3237
l 3160 3378
l 3161 4259
l 3161 4832
l 3162 3163
l 3162 4232
l 3162 4668
l 3162 4690
l 3163 4690
l 3163 4651
l 3163 4668
l 3163 4644
l 3164 3186
l 3164 3184
l 3165 4236
l 3166 4237
l 3166 4242
l 3166 4236
l 3167 4761
l 3167 4166
l 3167 4760
l 3167 3168
l 3168 4787
l 3168 4758
l 3168 4166
l 3168 4147
l 3169 3170
l 3169 4761
l 3169 4759
l 3170 4759
l 3170 4761
l 3171 4762
l 3171 3172
l 3171 4763
l 3171 4760
l 3172 4762
l 3172 4763
l 3173 4764
l 3173 4763
l 3174 3175
l 3174 4764
l 3175 4764
l 3176 4194
l 3176 4768
l 3176 3177
l 3176 4767
l 3177 4768
l 3177 4179
l 3177 4794
l 3178 4769
l 3178 4798
l 3178 4222
l 3179 4770
l 3179 4798
l 3179 4209
l 3180 3184
l 3180 3181
l 3181 3182
l 3182 3185
l 3183 4705
l 3187 3971
l 3187 3318
l 3187 3975
l 3188 4907
l 3188 4893
l 3188 4837
l 3188 4069
l 3188 3356
l 3189 3297
l 3189 3358
l 3189 3407
l 3189 3368
l 3189 3408
l 3190 4107
l 3190 3357
l 3190 3364
l 3190 4109
l 3190 4635
l 3191 3371
l 3191 3198
l 3191 3192
l 3191 3193
l 3192 3193
l 3192 3371
l 3193 3373
l 3193 3397
l 3193 3399
l 3194 3321
l 3194 4133
l 3195 4724
l 3197 3838
l 3197 3996
l 3197 3843
l 3197 3841
l 3198 3371
l 3198 3372
l 3198 3850
l 3198 3406
l 3199 3380
l 3199 4957
l 3199 3201
l 3199 3379
l 3200 3851
l 3200 3398
l 3200 3201
l 3200 3372
l 3201 3376
l 3201 5000
l 3202 3203
l 3202 3211
l 3202 3256
l 3202 3936
l 3202 3945
l 3203 3211
l 3203 3945
l 3203 3936
l 3203 3256
l 3204 3254
l 3204 3939
l 3204 3935
l 3204 3240
l 3204 3946
l 3205 3242
l 3205 3213
l 3205 3938
l 3205 3214
l 3205 3941
l 3206 3929
l 3206 3918
l 3206 3241
l 3206 3917
l 3206 3926
l 3207 3934
l 3207 3275
l 3207 3266
l 3207 3925
l 3207 3922
l 3208 3923
l 3208 3921
l 3208 3216
l 3208 3300
l 3208 3927
l 3209 3219
l 3209 3427
l 3209 3915
l 3209 3210
l 3209 3426
l 3210 3423
l 3210 3426
l 3210 3427
l 3210 3424
l 3210 3906
l 3211 3945
l 3211 3936
l 3211 3256
l 3212 3276
l 3212 3263
l 3212 3265
l 3212 3932
l 3212 3256
l 3213 3941
l 3213 3277
l 3213 3242
l 3213 3214
l 3214 3277
l 3214 3941
l 3214 3931
l 3215 3257
l 3215 3218
l 3215 3928
l 3215 3927
l 3215 3252
l 3216 3268
l 3216 3923
l 3216 3924
l 3216 3300
l 3217 3922
l 3217 3275
l 3217 3266
l 3217 3934
l 3218 3927
l 3218 3921
l 3218 3257
l 3218 3252
l 3219 3915
l 3219 3427
l 3219 3423
l 3220 3243
l 3220 3904
l 3220 3284
l 3220 3223
l 3220 3225
l 3221 3420
l 3221 4087
l 3221 3244
l 3221 3279
l 3221 3225
l 3222 3909
l 3222 3910
l 3222 3911
l 3222 3905
l 3222 3430
l 3223 3228
l 3223 3225
l 3223 3278
l 3223 3284
l 3224 4076
l 3224 3272
l 3224 3231
l 3224 3281
l 3224 3248
l 3225 3284
l 3225 3228
l 3226 4088
l 3226 4079
l 3226 3273
l 3226 3260
l 3226 4089
l 3227 4090
l 3227 4091
l 3227 4083
l 3227 4092
l 3227 3273
l 3228 3278
l 3228 3243
l 3229 3232
l 3229 3415
l 3229 3233
l 3229 4080
l 3229 3247
l 3230 3259
l 3230 3274
l 3230 3231
l 3230 3235
l 3230 3261
l 3231 3272
l 3231 3259
l 3231 4076
l 3232 3233
l 3232 3415
l 3232 4080
l 3232 3247
l 3233 3415
l 3233 3247
l 3233 4085
l 3234 3236
l 3234 3249
l 3234 3259
l 3234 3269
l 3235 3261
l 3235 3274
l 3236 3269
l 3236 3259
l 3236 3274
l 3236 3249
l 3237 3251
l 3237 3414
l 3237 3845
l 3237 3842
l 3238 3261
l 3239 3946
l 3239 3937
l 3239 3939
l 3239 3933
l 3239 3240
l 3240 3943
l 3240 3939
l 3240 3254
l 3240 3935
l 3241 3917
l 3241 3918
l 3241 3929
l 3241 3926
l 3242 3938
l 3242 3265
l 3243 3914
l 3243 3904
l 3243 3431
l 3244 3420
l 3244 3283
l 3244 3279
l 3244 4087
l 3245 4089
l 3245 4081
l 3245 3271
l 3245 4082
l 3245 3280
l 3246 3260
l 3246 4077
l 3246 4075
l 3246 4086
l 3246 3262
l 3247 3282
l 3247 3415
l 3248 4080
l 3248 4076
l 3248 3272
l 3249 3417
l 3249 3269
l 3249 3282
l 3249 3250
l 3250 3251
l 3250 3417
l 3250 3269
l 3250 3845
l 3251 3845
l 3251 3414
l 3251 3842
l 3252 3928
l 3253 4084
l 3253 3299
l 3253 3258
l 3253 4086
l 3253 3270
l 3254 3935
l 3254 3939
l 3254 3946
l 3255 3940
l 3255 3920
l 3255 3935
l 3255 3925
l 3255 3943
l 3256 3936
l 3256 3932
l 3257 3928
l 3257 3927
l 3258 4086
l 3258 4077
l 3258 3422
l 3258 4084
l 3259 3274
l 3259 4080
l 3260 4075
l 3260 3273
l 3260 4088
l 3260 4092
l 3261 3267
l 3262 4077
l 3262 3422
l 3262 4083
l 3262 4090
l 3263 3265
l 3263 3276
l 3263 3932
l 3264 3926
l 3264 3917
l 3264 3918
l 3264 3922
l 3265 3276
l 3265 3938
l 3266 3925
l 3266 3934
l 3266 3275
l 3266 3922
l 3267 3834
l 3268 3923
l 3268 3300
l 3268 3924
l 3268 3916
l 3269 3417
l 3269 3282
l 3270 3299
l 3270 4084
l 3270 4087
l 3270 3279
l 3271 3421
l 3271 4085
l 3271 4078
l 3271 3280
l 3272 3281
l 3272 4076
l 3273 4092
l 3273 4088
l 3273 4091
l 3275 3922
l 3275 3934
l 3275 3919
l 3276 3932
l 3276 3938
l 3277 3941
l 3277 3931
l 3279 4087
l 3279 3420
l 3279 3283
l 3279 4084
l 3280 4082
l 3280 4081
l 3280 3421
l 3281 4076
l 3281 4089
l 3281 4079
l 3282 3417
l 3283 3420
l 3283 4087
l 3283 4084
l 3284 3904
l 3285 4902
l 3285 3984
l 3285 3985
l 3285 3301
l 3285 4036
l 3286 4929
l 3286 3287
l 3286 4899
l 3286 4902
l 3287 4899
l 3287 4883
l 3287 4891
l 3287 4900
l 3288 3290
l 3288 4926
l 3288 4021
l 3288 4022
l 3288 4903
l 3289 3290
l 3289 4026
l 3289 4024
l 3289 4023
l 3290 4022
l 3290 4023
l 3290 4905
l 3291 3847
l 3291 3863
l 3291 3853
l 3291 3852
l 3292 3294
l 3292 3846
l 3292 3847
l 3293 3839
l 3293 3834
l 3293 3840
l 3294 3846
l 3294 3840
l 3295 4932
l 3295 4933
l 3295 3894
l 3295 4036
l 3296 3360
l 3296 3298
l 3296 3297
l 3297 3408
l 3297 3361
l 3298 3381
l 3298 4925
l 3298 4904
l 3298 3383
l 3299 4084
l 3299 4087
l 3300 3923
l 3300 3921
l 3301 4902
l 3301 4036
l 3302 3322
l 3302 3323
l 3302 3324
l 3302 3826
l 3304 3319
l 3304 3306
l 3304 3318
l 3305 4865
l 3305 3826
l 3306 3307
l 3307 3308
l 3308 3309
l 3309 3825
l 3310 4973
l 3310 4977
l 3311 4979
l 3311 4980
l 3311 4975
l 3311 4976
l 3312 4874
l 3312 4866
l 3312 3314
l 3313 4872
l 3313 4869
l 3314 4873
l 3315 3327
l 3315 3316
l 3316 3327
l 3317 3338
l 3317 3339
l 3320 4636
l 3320 4275
l 3321 4245
l 3322 3323
l 3324 3827
l 3325 4876
l 3325 4875
l 3326 3328
l 3329 4141
l 3329 4984
l 3329 4131
l 3329 4014
l 3329 4008
l 3330 4265
l 3330 4266
l 3330 3331
l 3330 4013
l 3331 4248
l 3331 4009
l 3331 4266
l 3332 4267
l 3332 4249
l 3332 4266
l 3332 4252
l 3333 4267
l 3333 4252
l 3333 4268
l 3334 4684
l 3334 4692
l 3334 4668
l 3334 4269
l 3335 4666
l 3335 4651
l 3335 4652
l 3335 4658
l 3336 4658
l 3336 4270
l 3336 4859
l 3337 4830
l 3337 4271
l 3337 4989
l 3337 4859
l 3338 3973
l 3339 3340
l 3340 3341
l 3342 4274
l 3342 3419
l 3344 3402
l 3344 3345
l 3344 3401
l 3344 4839
l 3344 4841
l 3345 4839
l 3345 4838
l 3345 4909
l 3345 3402
l 3346 4034
l 3346 3990
l 3346 4892
l 3346 3976
l 3346 4044
l 3347 4930
l 3347 4071
l 3347 4908
l 3347 3991
l 3347 4070
l 3348 3384
l 3348 3353
l 3348 3992
l 3348 4065
l 3348 3388
l 3350 4944
l 3350 4042
l 3350 4743
l 3350 4943
l 3350 4033
l 3351 3405
l 3351 4063
l 3351 4068
l 3351 3394
l 3352 4050
l 3352 3999
l 3352 3387
l 3352 3392
l 3352 3362
l 3353 3991
l 3353 3992
l 3353 4070
l 3353 4065
l 3354 4049
l 3354 4067
l 3354 4019
l 3354 4057
l 3354 4066
l 3355 3378
l 3355 3388
l 3355 3384
l 3356 4069
l 3356 4907
l 3356 4065
l 3356 4070
l 3357 4107
l 3357 3364
l 3357 4635
l 3358 3367
l 3358 4635
l 3358 3369
l 3359 3383
l 3359 3382
l 3359 3368
l 3359 3381
l 3360 3361
l 3360 3366
l 3361 3408
l 3362 4772
l 3362 3999
l 3362 3370
l 3362 4773
l 3363 3410
l 3363 3998
l 3363 3408
l 3364 4107
l 3364 4109
l 3365 3370
l 3365 3999
l 3365 4898
l 3366 3409
l 3367 4635
l 3367 3369
l 3368 3381
l 3368 3407
l 3368 3383
l 3368 3409
l 3369 3408
l 3371 3406
l 3371 3399
l 3371 3372
l 3372 3398
l 3372 3406
l 3373 3399
l 3373 3395
l 3373 3397
l 3373 3396
l 3374 5000
l 3374 3375
l 3374 4106
l 3375 5000
l 3375 3379
l 3375 3376
l 3376 5000
l 3377 3393
l 3377 4068
l 3377 4909
l 3377 4893
l 3377 3403
l 3379 5000
l 3380 4957
l 3381 3383
l 3381 3409
l 3382 3407
l 3382 4635
l 3383 3409
l 3384 3993
l 3384 3388
l 3385 3405
l 3385 3397
l 3386 4773
l 3386 4051
l 3386 4772
l 3386 3998
l 3387 3999
l 3387 4722
l 3388 4065
l 3388 4064
l 3389 3993
l 3389 3992
l 3389 4049
l 3389 4774
l 3390 4053
l 3390 3391
l 3390 4060
l 3390 4019
l 3390 4051
l 3391 4051
l 3391 4060
l 3391 4050
l 3391 4773
l 3392 4055
l 3392 4722
l 3392 4056
l 3393 3403
l 3393 4068
l 3393 4909
l 3393 4839
l 3394 3405
l 3394 4063
l 3394 4912
l 3394 3397
l 3394 3396
l 3395 3399
l 3395 4955
l 3395 3396
l 3396 3397
l 3396 4911
l 3397 3405
l 3398 3406
l 3398 4882
l 3399 3406
l 3400 4840
l 3400 4831
l 3400 3401
l 3400 4841
l 3401 4841
l 3401 3402
l 3402 4839
l 3402 3404
l 3402 4841
l 3403 3404
l 3403 4912
l 3403 4063
l 3403 4839
l 3404 4841
l 3404 4912
l 3404 4910
l 3405 4063
l 3407 4927
l 3410 3411
l 3412 3865
l 3412 3848
l 3412 3849
l 3413 3837
l 3413 3416
l 3413 3844
l 3413 3831
l 3413 3864
l 3414 3845
l 3415 4085
l 3416 3837
l 3416 3864
l 3416 4016
l 3419 4972
l 3419 4112
l 3420 4087
l 3421 4078
l 3421 4085
l 3421 4082
l 3422 4077
l 3423 3915
l 3423 3910
l 3424 3906
l 3424 3426
l 3424 3427
l 3424 3429
l 3425 3908
l 3425 3431
l 3425 3907
l 3425 3904
l 3425 3914
l 3426 3427
l 3426 3906
l 3426 3429
l 3427 3429
l 3428 3429
l 3428 3916
l 3428 3924
l 3429 3916
l 3429 3906
l 3430 3912
l 3430 3911
l 3430 3905
l 3430 3909
l 3430 3913
l 3431 3908
l 3431 3904
l 3431 3914
l 3432 3517
l 3432 3549
l 3432 3958
l 3432 3966
l 3432 3518
l 3433 3969
l 3433 3962
l 3433 3961
l 3433 3965
l 3433 3959
l 3434 3964
l 3434 3968
l 3434 3445
l 3434 3958
l 3434 3549
l 3435 3436
l 3435 3442
l 3435 3960
l 3435 3441
l 3435 3438
l 3436 3960
l 3436 3442
l 3436 3441
l 3436 3446
l 3437 3452
l 3437 3563
l 3437 3439
l 3437 3947
l 3437 3448
l 3438 3957
l 3438 3447
l 3438 3963
l 3438 3955
l 3438 3441
l 3439 3563
l 3439 3448
l 3439 3947
l 3439 3452
l 3440 3443
l 3440 3451
l 3440 3959
l 3440 3446
l 3440 3967
l 3441 3963
l 3441 3442
l 3441 3957
l 3442 3960
l 3443 3451
l 3443 3446
l 3443 3959
l 3443 3967
l 3444 3450
l 3444 3952
l 3444 3452
l 3444 3563
l 3445 3968
l 3445 3958
l 3445 3964
l 3445 3549
l 3446 3451
l 3446 3967
l 3446 3959
l 3447 3955
l 3447 3963
l 3447 3957
l 3448 3947
l 3448 3563
l 3448 3942
l 3449 3956
l 3449 3949
l 3449 3954
l 3449 3950
l 3449 3953
l 3450 3952
l 3450 3948
l 3450 3953
l 3451 3959
l 3451 3967
l 3452 3563
l 3452 3947
l 3453 3800
l 3453 3528
l 3453 3560
l 3453 3809
l 3453 3821
l 3454 3460
l 3454 3820
l 3454 3808
l 3454 3478
l 3454 3466
l 3455 3804
l 3455 3802
l 3455 3525
l 3455 3468
l 3455 3560
l 3456 3485
l 3456 3463
l 3456 3457
l 3456 3798
l 3456 3470
l 3457 3799
l 3457 3798
l 3457 3470
l 3457 3495
l 3457 3485
l 3458 3521
l 3458 3532
l 3458 3471
l 3458 3818
l 3458 3539
l 3459 3467
l 3459 3473
l 3459 3472
l 3459 3511
l 3459 3801
l 3460 3513
l 3460 3466
l 3460 3801
l 3460 3548
l 3461 3655
l 3461 3740
l 3461 3729
l 3461 3736
l 3461 3730
l 3462 3544
l 3462 3738
l 3462 3657
l 3462 3721
l 3462 3599
l 3463 3468
l 3463 3485
l 3463 3506
l 3463 3469
l 3464 3502
l 3464 3818
l 3464 3546
l 3464 3476
l 3464 3520
l 3465 3537
l 3465 3790
l 3465 3470
l 3465 3798
l 3465 3796
l 3466 3548
l 3466 3509
l 3466 3806
l 3466 3543
l 3467 3511
l 3467 3508
l 3467 3814
l 3467 3786
l 3468 3525
l 3468 3486
l 3468 3496
l 3468 3482
l 3469 3799
l 3469 3654
l 3469 3506
l 3469 3490
l 3470 3798
l 3470 3485
l 3470 3799
l 3471 3532
l 3471 3539
l 3471 3815
l 3471 3521
l 3472 3473
l 3472 3801
l 3472 3474
l 3472 3513
l 3473 3801
l 3473 3513
l 3473 3812
l 3474 3477
l 3474 3812
l 3474 3813
l 3474 3479
l 3474 3523
l 3475 3498
l 3475 3550
l 3475 3815
l 3475 3510
l 3475 3512
l 3476 3515
l 3476 3546
l 3476 3520
l 3476 3516
l 3477 3813
l 3477 3814
l 3477 3479
l 3477 3500
l 3477 3501
l 3478 3559
l 3478 3551
l 3478 3805
l 3478 3806
l 3478 3803
l 3479 3501
l 3479 3816
l 3479 3811
l 3479 3817
l 3479 3545
l 3480 3526
l 3480 3645
l 3480 3600
l 3480 3596
l 3480 3660
l 3481 3601
l 3481 3536
l 3481 3553
l 3481 3565
l 3481 3651
l 3482 3496
l 3482 3486
l 3482 3525
l 3482 3493
l 3483 3495
l 3483 3792
l 3483 3799
l 3483 3491
l 3483 3793
l 3484 3793
l 3484 3491
l 3484 3795
l 3484 3792
l 3484 3497
l 3485 3798
l 3486 3525
l 3486 3496
l 3487 3747
l 3487 3717
l 3487 3797
l 3487 3710
l 3487 3562
l 3488 3542
l 3488 3527
l 3488 3652
l 3488 3640
l 3488 3492
l 3489 3602
l 3489 3595
l 3489 3494
l 3489 3669
l 3489 3607
l 3490 3654
l 3490 3547
l 3490 3793
l 3490 3792
l 3490 3491
l 3491 3792
l 3491 3793
l 3491 3795
l 3492 3554
l 3492 3527
l 3492 3651
l 3492 3557
l 3492 3647
l 3493 3552
l 3493 3555
l 3493 3534
l 3493 3504
l 3493 3529
l 3494 3602
l 3494 3544
l 3494 3726
l 3494 3595
l 3495 3799
l 3495 3792
l 3495 3798
l 3496 3525
l 3497 3795
l 3497 3514
l 3497 3793
l 3498 3815
l 3498 3550
l 3498 3510
l 3499 3796
l 3499 3791
l 3499 3794
l 3499 3653
l 3499 3722
l 3500 3816
l 3500 3817
l 3500 3501
l 3500 3550
l 3501 3811
l 3501 3524
l 3501 3545
l 3501 3816
l 3502 3818
l 3502 3546
l 3502 3520
l 3503 3543
l 3503 3654
l 3503 3786
l 3503 3547
l 3504 3552
l 3504 3653
l 3504 3529
l 3504 3555
l 3505 3618
l 3505 3540
l 3505 3611
l 3505 3675
l 3505 3671
l 3506 3560
l 3506 3800
l 3507 3601
l 3507 3652
l 3507 3787
l 3507 3565
l 3507 3651
l 3508 3511
l 3508 3523
l 3508 3814
l 3508 3786
l 3509 3548
l 3509 3806
l 3509 3543
l 3509 3805
l 3510 3512
l 3510 3819
l 3510 3815
l 3511 3814
l 3511 3813
l 3511 3523
l 3512 3819
l 3512 3550
l 3513 3801
l 3513 3809
l 3514 3795
l 3514 3523
l 3514 3786
l 3514 3547
l 3515 3520
l 3515 3546
l 3515 3516
l 3516 3546
l 3516 3520
l 3516 3564
l 3517 3549
l 3517 3966
l 3517 3518
l 3517 3958
l 3518 3966
l 3518 3564
l 3518 3533
l 3519 3533
l 3519 3564
l 3519 3966
l 3520 3546
l 3521 3532
l 3521 3539
l 3521 3815
l 3522 3647
l 3522 3566
l 3522 3538
l 3522 3598
l 3522 3658
l 3523 3811
l 3523 3524
l 3523 3786
l 3524 3545
l 3524 3811
l 3524 3816
l 3525 3802
l 3526 3645
l 3526 3600
l 3526 3596
l 3526 3660
l 3527 3652
l 3527 3651
l 3527 3542
l 3528 3821
l 3528 3803
l 3528 3807
l 3528 3805
l 3528 3820
l 3529 3653
l 3529 3552
l 3529 3794
l 3530 3588
l 3530 3641
l 3530 3645
l 3530 3659
l 3531 3536
l 3531 3640
l 3531 3601
l 3531 3553
l 3532 3818
l 3532 3539
l 3533 3564
l 3533 3966
l 3534 3555
l 3534 3542
l 3534 3552
l 3535 3797
l 3535 3722
l 3535 3653
l 3535 3747
l 3536 3553
l 3536 3601
l 3536 3565
l 3536 3651
l 3537 3790
l 3537 3796
l 3537 3794
l 3537 3791
l 3538 3566
l 3538 3658
l 3538 3647
l 3538 3598
l 3539 3815
l 3540 3675
l 3540 3618
l 3540 3611
l 3540 3670
l 3541 3556
l 3541 3663
l 3541 3672
l 3541 3674
l 3541 3603
l 3542 3652
l 3542 3640
l 3543 3548
l 3543 3786
l 3544 3725
l 3544 3726
l 3544 3721
l 3545 3811
l 3545 3816
l 3547 3793
l 3547 3795
l 3548 3806
l 3549 3958
l 3549 3964
l 3550 3817
l 3550 3819
l 3551 3803
l 3551 3559
l 3551 3749
l 3551 3805
l 3552 3555
l 3552 3653
l 3553 3565
l 3553 3601
l 3553 3787
l 3554 3557
l 3554 3647
l 3554 3592
l 3556 3674
l 3556 3663
l 3556 3672
l 3556 3732
l 3557 3592
l 3557 3598
l 3558 3819
l 3559 3806
l 3559 3807
l 3559 3805
l 3560 3800
l 3560 3804
l 3560 3802
l 3561 3678
l 3561 3644
l 3561 3673
l 3561 3655
l 3561 3737
l 3562 3724
l 3562 3710
l 3562 3716
l 3562 3717
l 3562 3743
l 3563 3947
l 3564 3966
l 3565 3787
l 3565 3601
l 3565 3716
l 3566 3658
l 3566 3647
l 3566 3598
l 3567 3568
l 3567 3604
l 3567 3679
l 3567 3691
l 3567 3693
l 3568 3604
l 3568 3679
l 3568 3691
l 3568 3693
l 3569 3584
l 3569 3576
l 3569 3575
l 3569 3621
l 3569 3570
l 3570 3582
l 3570 3574
l 3570 3629
l 3570 3583
l 3570 3687
l 3571 3575
l 3571 3619
l 3571 3579
l 3571 3576
l 3571 3685
l 3572 3614
l 3572 3579
l 3572 3612
l 3572 3632
l 3572 3580
l 3573 3632
l 3573 3612
l 3573 3692
l 3573 3684
l 3573 3686
l 3574 3582
l 3574 3629
l 3574 3583
l 3574 3687
l 3575 3576
l 3575 3619
l 3575 3584
l 3576 3581
l 3576 3620
l 3576 3633
l 3576 3584
l 3576 3621
l 3577 3585
l 3577 3626
l 3577 3635
l 3577 3583
l 3577 3624
l 3578 3668
l 3578 3680
l 3578 3664
l 3578 3661
l 3579 3619
l 3579 3580
l 3579 3614
l 3580 3619
l 3580 3690
l 3580 3614
l 3580 3684
l 3581 3633
l 3581 3620
l 3581 3584
l 3581 3621
l 3582 3629
l 3582 3583
l 3582 3687
l 3583 3629
l 3583 3626
l 3584 3633
l 3584 3621
l 3584 3629
l 3585 3626
l 3585 3689
l 3586 3589
l 3586 3591
l 3586 3643
l 3586 3592
l 3586 3649
l 3587 3648
l 3587 3616
l 3587 3615
l 3587 3650
l 3587 3656
l 3588 3641
l 3588 3607
l 3588 3676
l 3588 3595
l 3589 3591
l 3589 3643
l 3589 3617
l 3589 3649
l 3590 3617
l 3590 3608
l 3590 3665
l 3590 3677
l 3590 3700
l 3591 3592
l 3591 3643
l 3591 3617
l 3592 3642
l 3592 3598
l 3592 3643
l 3593 3615
l 3593 3616
l 3593 3646
l 3593 3648
l 3593 3706
l 3594 3663
l 3594 3603
l 3594 3674
l 3594 3610
l 3594 3672
l 3595 3669
l 3595 3676
l 3595 3607
l 3595 3602
l 3596 3660
l 3596 3677
l 3596 3645
l 3597 3618
l 3597 3668
l 3598 3647
l 3598 3658
l 3598 3642
l 3599 3657
l 3599 3704
l 3599 3721
l 3599 3725
l 3600 3645
l 3600 3660
l 3600 3677
l 3602 3669
l 3602 3713
l 3603 3610
l 3603 3672
l 3603 3663
l 3603 3613
l 3604 3679
l 3604 3691
l 3604 3609
l 3605 3609
l 3605 3679
l 3606 3641
l 3606 3645
l 3607 3676
l 3607 3669
l 3607 3659
l 3607 3713
l 3608 3617
l 3608 3665
l 3608 3702
l 3608 3700
l 3609 3679
l 3610 3613
l 3610 3663
l 3610 3672
l 3611 3671
l 3611 3675
l 3611 3670
l 3612 3632
l 3612 3614
l 3612 3684
l 3612 3686
l 3612 3694
l 3613 3655
l 3613 3672
l 3614 3632
l 3614 3684
l 3614 3686
l 3615 3616
l 3615 3646
l 3615 3648
l 3615 3706
l 3616 3646
l 3616 3648
l 3617 3702
l 3617 3665
l 3617 3700
l 3618 3675
l 3618 3671
l 3619 3685
l 3619 3681
l 3620 3633
l 3620 3683
l 3620 3621
l 3621 3683
l 3621 3633
l 3621 3682
l 3622 3638
l 3622 3625
l 3622 3636
l 3622 3634
l 3622 3630
l 3623 3637
l 3623 3627
l 3623 3630
l 3623 3631
l 3623 3639
l 3624 3626
l 3624 3635
l 3624 3628
l 3625 3638
l 3625 3636
l 3625 3630
l 3626 3689
l 3627 3637
l 3627 3631
l 3627 3630
l 3627 3639
l 3628 3634
l 3628 3638
l 3629 3687
l 3630 3636
l 3630 3637
l 3630 3631
l 3631 3639
l 3631 3637
l 3632 3684
l 3632 3686
l 3632 3694
l 3633 3683
l 3634 3638
l 3634 3636
l 3636 3638
l 3637 3639
l 3640 3652
l 3640 3651
l 3641 3676
l 3642 3643
l 3642 3658
l 3642 3656
l 3643 3649
l 3643 3707
l 3643 3702
l 3644 3662
l 3644 3678
l 3644 3727
l 3644 3657
l 3645 3660
l 3645 3677
l 3646 3658
l 3647 3658
l 3648 3706
l 3649 3707
l 3649 3702
l 3649 3656
l 3650 3677
l 3650 3665
l 3651 3652
l 3653 3722
l 3654 3799
l 3655 3673
l 3655 3736
l 3655 3737
l 3656 3706
l 3656 3707
l 3657 3704
l 3657 3721
l 3657 3662
l 3659 3676
l 3659 3669
l 3660 3677
l 3661 3680
l 3661 3668
l 3661 3693
l 3661 3691
l 3662 3678
l 3662 3727
l 3663 3672
l 3663 3674
l 3664 3668
l 3664 3670
l 3664 3680
l 3665 3700
l 3665 3702
l 3666 3715
l 3666 3708
l 3666 3669
l 3667 3714
l 3667 3719
l 3667 3718
l 3668 3680
l 3669 3676
l 3669 3713
l 3670 3675
l 3670 3671
l 3671 3675
l 3671 3674
l 3673 3737
l 3673 3736
l 3673 3731
l 3679 3691
l 3679 3693
l 3679 3692
l 3680 3691
l 3681 3685
l 3681 3695
l 3681 3688
l 3681 3690
l 3682 3683
l 3682 3696
l 3684 3686
l 3684 3694
l 3685 3695
l 3685 3688
l 3685 3690
l 3686 3694
l 3687 3696
l 3687 3697
l 3687 3698
l 3688 3695
l 3689 3698
l 3689 3697
l 3689 3696
l 3690 3695
l 3691 3693
l 3691 3692
l 3692 3693
l 3696 3697
l 3696 3698
l 3697 3698
l 3699 3712
l 3699 3700
l 3699 3718
l 3699 3702
l 3700 3702
l 3701 3789
l 3701 3723
l 3701 3744
l 3701 3746
l 3701 3711
l 3702 3707
l 3703 3720
l 3703 3709
l 3703 3711
l 3703 3789
l 3704 3721
l 3704 3725
l 3705 3742
l 3705 3743
l 3705 3745
l 3705 3746
l 3705 3724
l 3706 3707
l 3708 3715
l 3708 3713
l 3709 3720
l 3709 3711
l 3709 3789
l 3709 3712
l 3710 3716
l 3710 3724
l 3710 3788
l 3711 3789
l 3711 3720
l 3713 3715
l 3714 3719
l 3714 3718
l 3716 3787
l 3716 3788
l 3717 3747
l 3717 3724
l 3720 3789
l 3721 3738
l 3721 3725
l 3722 3747
l 3722 3791
l 3723 3744
l 3723 3746
l 3723 3745
l 3723 3789
l 3724 3743
l 3724 3742
l 3725 3726
l 3727 3731
l 3727 3738
l 3727 3733
l 3727 3737
l 3728 3732
l 3728 3739
l 3728 3741
l 3728 3734
l 3728 3735
l 3729 3730
l 3729 3740
l 3729 3734
l 3729 3736
l 3729 3737
l 3730 3734
l 3730 3740
l 3730 3732
l 3731 3733
l 3731 3737
l 3731 3736
l 3732 3739
l 3732 3741
l 3732 3734
l 3732 3735
l 3733 3737
l 3733 3736
l 3734 3740
l 3735 3741
l 3735 3739
l 3736 3737
l 3739 3741
l 3742 3743
l 3742 3745
l 3742 3746
l 3743 3745
l 3744 3746
l 3744 3745
l 3744 3789
l 3745 3746
l 3747 3797
l 3748 3756
l 3748 3753
l 3748 3773
l 3748 3752
l 3748 3755
l 3749 3803
l 3749 3751
l 3750 3773
l 3750 3754
l 3750 3755
l 3751 3752
l 3751 3755
l 3751 3754
l 3751 3773
l 3752 3755
l 3752 3773
l 3752 3754
l 3753 3756
l 3753 3773
l 3753 3776
l 3754 3773
l 3754 3755
l 3755 3773
l 3756 3773
l 3757 3761
l 3757 3779
l 3758 3777
l 3758 3766
l 3758 3763
l 3758 3783
l 3759 3771
l 3759 3785
l 3759 3781
l 3759 3765
l 3760 3772
l 3760 3764
l 3760 3770
l 3760 3782
l 3761 3779
l 3761 3775
l 3761 3778
l 3762 3780
l 3762 3768
l 3763 3780
l 3763 3777
l 3764 3782
l 3764 3772
l 3765 3781
l 3765 3785
l 3766 3777
l 3768 3780
l 3769 3783
l 3769 3775
l 3770 3772
l 3771 3781
l 3771 3785
l 3772 3782
l 3774 3776
l 3775 3778
l 3775 3783
l 3778 3783
l 3778 3779
l 3781 3785
l 3788 3797
l 3790 3796
l 3790 3794
l 3790 3791
l 3791 3794
l 3791 3796
l 3792 3793
l 3793 3795
l 3794 3796
l 3798 3799
l 3802 3804
l 3803 3805
l 3804 3805
l 3805 3807
l 3805 3806
l 3806 3807
l 3808 3809
l 3809 3810
l 3811 3816
l 3812 3813
l 3813 3814
l 3816 3817
l 3820 3821
l 3822 3823
l 3824 3825
l 3824 4875
l 3825 4875
l 3825 4877
l 3826 3827
l 3827 3828
l 3829 3840
l 3829 3839
l 3830 3854
l 3830 3860
l 3830 3858
l 3831 3836
l 3831 3834
l 3832 3841
l 3832 3835
l 3833 3995
l 3833 3841
l 3833 4015
l 3833 4782
l 3833 4781
l 3835 3846
l 3836 3864
l 3837 3844
l 3837 3838
l 3838 3843
l 3838 3996
l 3839 3840
l 3841 3995
l 3842 3845
l 3847 3856
l 3848 3857
l 3848 3865
l 3849 3997
l 3849 3865
l 3849 4780
l 3849 4016
l 3850 3852
l 3850 3851
l 3851 3853
l 3851 3861
l 3852 3859
l 3852 3853
l 3853 3861
l 3853 3863
l 3853 4106
l 3854 3859
l 3854 3858
l 3855 3860
l 3855 4015
l 3856 3857
l 3856 4111
l 3857 4109
l 3858 3859
l 3861 4106
l 3862 5001
l 3862 4999
l 3863 4958
l 3866 4259
l 3866 4257
l 3866 3870
l 3867 3868
l 3867 3875
l 3867 3983
l 3867 4255
l 3867 3881
l 3868 3882
l 3868 4255
l 3868 3881
l 3868 4260
l 3869 3874
l 3869 4699
l 3869 3879
l 3869 4681
l 3869 4970
l 3870 4257
l 3870 3880
l 3871 4685
l 3871 4258
l 3872 4256
l 3872 4260
l 3872 4681
l 3872 3874
l 3873 4006
l 3873 4142
l 3873 4005
l 3873 4262
l 3873 4263
l 3874 3882
l 3874 3977
l 3874 4681
l 3875 3983
l 3875 4004
l 3875 3978
l 3876 4004
l 3876 4777
l 3876 4776
l 3876 4003
l 3877 3986
l 3877 3878
l 3877 4971
l 3877 4844
l 3877 4826
l 3878 3987
l 3878 4849
l 3878 4850
l 3878 4844
l 3879 3979
l 3879 4970
l 3879 3984
l 3879 3977
l 3880 3982
l 3880 4992
l 3880 4843
l 3881 3983
l 3881 3882
l 3882 3977
l 3882 4260
l 3883 4886
l 3883 4914
l 3883 4913
l 3883 4949
l 3883 4115
l 3884 4915
l 3884 4914
l 3884 4886
l 3884 4953
l 3884 4954
l 3885 3887
l 3885 3886
l 3885 4959
l 3885 4888
l 3886 4959
l 3886 4916
l 3886 3887
l 3886 4960
l 3887 4888
l 3887 4897
l 3887 4959
l 3888 4917
l 3888 4897
l 3888 4919
l 3889 4918
l 3889 4922
l 3889 4895
l 3889 4919
l 3890 4924
l 3890 4921
l 3890 4021
l 3890 4923
l 3890 3892
l 3891 4926
l 3891 4904
l 3891 4925
l 3891 3892
l 3891 3893
l 3892 3893
l 3892 4921
l 3892 4926
l 3893 4922
l 3893 4895
l 3893 4894
l 3894 4923
l 3894 4933
l 3894 3896
l 3895 4920
l 3895 4918
l 3895 3897
l 3895 3896
l 3895 4924
l 3896 4924
l 3896 4923
l 3897 4918
l 3897 4919
l 3898 4823
l 3898 4105
l 3898 4103
l 3899 3900
l 3899 4103
l 3900 3902
l 3900 4117
l 3900 4118
l 3901 3902
l 3901 4119
l 3902 4119
l 3902 4118
l 3903 3914
l 3904 3908
l 3905 3913
l 3905 3912
l 3905 3911
l 3907 3908
l 3907 3909
l 3907 3911
l 3909 3911
l 3909 3912
l 3910 3915
l 3911 3912
l 3912 3913
l 3916 3924
l 3917 3926
l 3917 3918
l 3918 3929
l 3918 3926
l 3919 3934
l 3919 3922
l 3919 3929
l 3920 3940
l 3920 3943
l 3920 3935
l 3921 3927
l 3921 3923
l 3922 3934
l 3925 3934
l 3926 3929
l 3930 3944
l 3930 3942
l 3930 3931
l 3930 3947
l 3931 3941
l 3931 3944
l 3932 3936
l 3933 3946
l 3933 3939
l 3933 3937
l 3935 3943
l 3936 3945
l 3937 3939
l 3937 3946
l 3939 3946
l 3940 3943
l 3942 3944
l 3942 3947
l 3948 3953
l 3948 3951
l 3948 3954
l 3948 3952
l 3949 3956
l 3949 3950
l 3949 3954
l 3949 3953
l 3950 3956
l 3950 3954
l 3950 3955
l 3951 3954
l 3951 3953
l 3951 3952
l 3952 3953
l 3953 3954
l 3954 3956
l 3955 3963
l 3955 3957
l 3957 3963
l 3958 3968
l 3958 3964
l 3959 3967
l 3959 3961
l 3961 3969
l 3961 3962
l 3961 3967
l 3962 3969
l 3962 3965
l 3964 3968
l 3965 3969
l 3970 4907
l 3970 4824
l 3972 3973
l 3974 4114
l 3975 4837
l 3976 4034
l 3976 4071
l 3976 4035
l 3976 4072
l 3976 4824
l 3977 3979
l 3978 4003
l 3978 4004
l 3979 3984
l 3980 4992
l 3980 3982
l 3981 4843
l 3981 3982
l 3981 4845
l 3982 4843
l 3982 4992
l 3984 4970
l 3984 3985
l 3985 4902
l 3985 4929
l 3985 4694
l 3985 4970
l 3986 4827
l 3986 3987
l 3986 4971
l 3987 4828
l 3987 4849
l 3987 4827
l 3988 4777
l 3988 4776
l 3988 4095
l 3988 4098
l 3988 4739
l 3989 4847
l 3989 4045
l 3989 4044
l 3989 4852
l 3990 4071
l 3990 4930
l 3991 4930
l 3991 4070
l 3991 4066
l 3992 4066
l 3992 4049
l 3993 3994
l 3994 4015
l 3994 4048
l 3995 4781
l 3995 4782
l 3995 4047
l 3995 3996
l 3996 4781
l 3996 4016
l 3997 4775
l 3997 4780
l 3997 3998
l 3997 4062
l 3998 4775
l 4000 4931
l 4000 4951
l 4001 4942
l 4001 4041
l 4001 4943
l 4001 4743
l 4002 4041
l 4002 4003
l 4002 4743
l 4002 4739
l 4003 4777
l 4004 4005
l 4005 4006
l 4005 4262
l 4006 4142
l 4007 4801
l 4008 4096
l 4008 4141
l 4008 4984
l 4008 4974
l 4009 4012
l 4009 4249
l 4009 4667
l 4010 4660
l 4010 4640
l 4010 4851
l 4010 4664
l 4010 4250
l 4011 4253
l 4011 4851
l 4012 4249
l 4012 4667
l 4012 4686
l 4014 4801
l 4014 4725
l 4014 4273
l 4015 4782
l 4015 4048
l 4016 4780
l 4016 4781
l 4017 4042
l 4017 4054
l 4017 4098
l 4017 4043
l 4018 4056
l 4018 4946
l 4018 4057
l 4018 4067
l 4019 4774
l 4019 4060
l 4019 4057
l 4019 4053
l 4020 4093
l 4020 4058
l 4020 4892
l 4020 4032
l 4020 4945
l 4021 4022
l 4021 4926
l 4021 4923
l 4022 4933
l 4022 4923
l 4023 4024
l 4023 4933
l 4024 4025
l 4024 4932
l 4024 4026
l 4025 4936
l 4025 4026
l 4025 4028
l 4025 4935
l 4026 4027
l 4027 4028
l 4027 4029
l 4028 4937
l 4028 4936
l 4028 4029
l 4029 4937
l 4029 4030
l 4030 4939
l 4030 4941
l 4030 4031
l 4031 4931
l 4031 4952
l 4031 4942
l 4031 4941
l 4032 4901
l 4032 4778
l 4032 4058
l 4032 4945
l 4032 4952
l 4033 4945
l 4033 4043
l 4033 4779
l 4033 4944
l 4034 4847
l 4034 4035
l 4034 4044
l 4035 4072
l 4035 4046
l 4036 4037
l 4037 4934
l 4037 4038
l 4038 4934
l 4039 4940
l 4039 4040
l 4040 4041
l 4042 4739
l 4042 4743
l 4042 4043
l 4043 4094
l 4044 4771
l 4044 4847
l 4045 4847
l 4045 4073
l 4045 4852
l 4045 4046
l 4046 4073
l 4046 4847
l 4047 4782
l 4047 4062
l 4047 4781
l 4047 4052
l 4048 4052
l 4048 4782
l 4048 4053
l 4049 4774
l 4049 4066
l 4050 4773
l 4050 4056
l 4051 4773
l 4051 4061
l 4052 4061
l 4052 4782
l 4052 4062
l 4053 4061
l 4053 4774
l 4054 4059
l 4054 4094
l 4055 4722
l 4055 4058
l 4055 4901
l 4055 4946
l 4056 4060
l 4056 4057
l 4057 4060
l 4057 4067
l 4058 4901
l 4058 4946
l 4058 4093
l 4059 4981
l 4059 4094
l 4059 4737
l 4061 4062
l 4061 4775
l 4062 4775
l 4062 4780
l 4063 4068
l 4064 4069
l 4064 4068
l 4065 4070
l 4066 4783
l 4067 4906
l 4067 4946
l 4069 4893
l 4070 4908
l 4071 4908
l 4071 4824
l 4072 4824
l 4074 4636
l 4075 4086
l 4075 4079
l 4076 4080
l 4077 4086
l 4078 4085
l 4079 4088
l 4081 4082
l 4081 4091
l 4083 4090
l 4083 4091
l 4083 4092
l 4084 4087
l 4088 4089
l 4090 4091
l 4090 4092
l 4091 4092
l 4093 4946
l 4093 4906
l 4094 4779
l 4095 4776
l 4095 4284
l 4095 4756
l 4096 4143
l 4096 4141
l 4096 4974
l 4097 4143
l 4097 4974
l 4097 4756
l 4097 4284
l 4099 4969
l 4099 4846
l 4099 4968
l 4099 4854
l 4099 4102
l 4100 4960
l 4100 4916
l 4100 4969
l 4100 4962
l 4100 4968
l 4101 4961
l 4101 4919
l 4101 4962
l 4101 4104
l 4102 4947
l 4102 4969
l 4102 4854
l 4102 4948
l 4103 4853
l 4103 4854
l 4104 4962
l 4104 4948
l 4104 4947
l 4105 4854
l 4105 4884
l 4106 4881
l 4106 5000
l 4107 4635
l 4108 4109
l 4110 4996
l 4110 4111
l 4111 4996
l 4113 4274
l 4114 4282
l 4115 4949
l 4115 4890
l 4115 4978
l 4116 4282
l 4117 4118
l 4119 4123
l 4119 4121
l 4119 4120
l 4120 4123
l 4120 4121
l 4120 4124
l 4122 4124
l 4122 4123
l 4123 4124
l 4125 4723
l 4125 4130
l 4126 4136
l 4126 4128
l 4126 4718
l 4126 4238
l 4127 4130
l 4127 4723
l 4127 4818
l 4127 4134
l 4128 4129
l 4129 4265
l 4129 4135
l 4129 4136
l 4130 4708
l 4130 4818
l 4130 4239
l 4131 4272
l 4131 4982
l 4131 4984
l 4131 4273
l 4132 4137
l 4132 4133
l 4134 4137
l 4134 4719
l 4134 4704
l 4135 4802
l 4135 4785
l 4135 4136
l 4135 4784
l 4136 4239
l 4136 4784
l 4138 4140
l 4138 4240
l 4138 4704
l 4138 4784
l 4138 4818
l 4139 4860
l 4139 4240
l 4139 4719
l 4140 4272
l 4140 4785
l 4140 4784
l 4140 4264
l 4141 4725
l 4142 4725
l 4142 4262
l 4143 4262
l 4143 4756
l 4144 4672
l 4144 4687
l 4145 4646
l 4145 4662
l 4145 4650
l 4146 4147
l 4146 4161
l 4146 4786
l 4147 4758
l 4147 4786
l 4147 4787
l 4148 4149
l 4149 4167
l 4149 4744
l 4149 4745
l 4150 4670
l 4150 4687
l 4150 4672
l 4150 4158
l 4151 4673
l 4151 4671
l 4151 4650
l 4151 4662
l 4152 4153
l 4152 4790
l 4153 4790
l 4153 4154
l 4154 4175
l 4155 4166
l 4155 4177
l 4155 4165
l 4156 4173
l 4156 4791
l 4157 4174
l 4157 4749
l 4158 4670
l 4158 4173
l 4159 4688
l 4159 4174
l 4161 4162
l 4162 4164
l 4163 4643
l 4165 4787
l 4165 4786
l 4166 4787
l 4167 4169
l 4167 4168
l 4167 4745
l 4167 4789
l 4168 4748
l 4168 4169
l 4168 4789
l 4168 4747
l 4169 4789
l 4169 4788
l 4170 4172
l 4170 4726
l 4170 4176
l 4171 4792
l 4171 4177
l 4172 4726
l 4172 4791
l 4175 4176
l 4178 4194
l 4178 4768
l 4178 4184
l 4179 4769
l 4179 4192
l 4179 4794
l 4180 4181
l 4180 4191
l 4180 4210
l 4180 4190
l 4181 4191
l 4181 4182
l 4182 4212
l 4182 4183
l 4183 4186
l 4183 4212
l 4184 4204
l 4184 4185
l 4185 4213
l 4186 4216
l 4187 4217
l 4187 4192
l 4188 4189
l 4188 4195
l 4189 4190
l 4190 4793
l 4190 4751
l 4191 4751
l 4193 4199
l 4194 4796
l 4194 4767
l 4195 4205
l 4196 4201
l 4196 4731
l 4196 4734
l 4197 4206
l 4198 4200
l 4198 4637
l 4198 4204
l 4199 4200
l 4202 4795
l 4202 4734
l 4202 4751
l 4203 4734
l 4203 4795
l 4203 4205
l 4206 4766
l 4208 4794
l 4208 4213
l 4208 4769
l 4209 4222
l 4210 4211
l 4210 4752
l 4211 4220
l 4211 4221
l 4212 4221
l 4213 4214
l 4214 4215
l 4214 4216
l 4217 4222
l 4218 4220
l 4218 4752
l 4219 4220
l 4219 4797
l 4220 4752
l 4223 4700
l 4223 4233
l 4223 4836
l 4224 4706
l 4225 4713
l 4226 4702
l 4226 4231
l 4227 4733
l 4227 4228
l 4227 4736
l 4227 4799
l 4227 4229
l 4228 4229
l 4228 4736
l 4229 4710
l 4229 4230
l 4230 4710
l 4231 4701
l 4231 4711
l 4232 4690
l 4232 4689
l 4232 4683
l 4232 4702
l 4233 4712
l 4233 4700
l 4234 4714
l 4235 4236
l 4235 4716
l 4235 4715
l 4236 4237
l 4236 4716
l 4237 4716
l 4237 4700
l 4238 4718
l 4238 4711
l 4238 4708
l 4239 4718
l 4239 4818
l 4239 4784
l 4240 4860
l 4240 4719
l 4240 4704
l 4241 4243
l 4241 4836
l 4241 4855
l 4242 4856
l 4243 4855
l 4243 4244
l 4244 4856
l 4244 4855
l 4245 4246
l 4247 4735
l 4248 4249
l 4249 4252
l 4249 4267
l 4250 4851
l 4250 4270
l 4250 4857
l 4250 4666
l 4251 4983
l 4251 4985
l 4251 4271
l 4252 4267
l 4252 4686
l 4253 4857
l 4253 4271
l 4253 4851
l 4253 4859
l 4254 4660
l 4254 4664
l 4254 4268
l 4254 4692
l 4255 4263
l 4255 4260
l 4256 4681
l 4256 4691
l 4256 4685
l 4257 4987
l 4258 4665
l 4258 4697
l 4259 4832
l 4261 4691
l 4264 4860
l 4264 4272
l 4265 4266
l 4268 4692
l 4268 4686
l 4269 4684
l 4269 4666
l 4269 4664
l 4269 4692
l 4270 4658
l 4270 4666
l 4271 4985
l 4272 4982
l 4273 4785
l 4273 4802
l 4279 4281
l 4282 4283
l 4285 4294
l 4285 4292
l 4285 4442
l 4285 4305
l 4285 4434
l 4286 4442
l 4286 4441
l 4286 4435
l 4286 4770
l 4286 4434
l 4287 4293
l 4287 4297
l 4287 4436
l 4287 4299
l 4287 4298
l 4288 4803
l 4288 4806
l 4288 4437
l 4288 4289
l 4288 4436
l 4289 4436
l 4289 4290
l 4289 4438
l 4289 4457
l 4290 4457
l 4290 4302
l 4290 4299
l 4290 4458
l 4291 4438
l 4291 4444
l 4291 4445
l 4291 4439
l 4292 4430
l 4292 4431
l 4292 4432
l 4292 4443
l 4293 4434
l 4293 4294
l 4293 4436
l 4293 4297
l 4294 4434
l 4294 4297
l 4295 4452
l 4295 4627
l 4295 4305
l 4295 4300
l 4295 4633
l 4296 4304
l 4296 4624
l 4296 4804
l 4296 4298
l 4296 4807
l 4297 4298
l 4297 4805
l 4298 4804
l 4298 4805
l 4299 4436
l 4299 4300
l 4299 4804
l 4300 4302
l 4300 4449
l 4300 4633
l 4301 4456
l 4301 4452
l 4301 4453
l 4301 4446
l 4301 4447
l 4302 4458
l 4302 4448
l 4302 4430
l 4303 4430
l 4303 4446
l 4303 4305
l 4303 4448
l 4303 4452
l 4304 4624
l 4304 4807
l 4304 4804
l 4304 4625
l 4305 4805
l 4306 4365
l 4306 4419
l 4306 4363
l 4306 4420
l 4306 4418
l 4307 4397
l 4307 4350
l 4307 4321
l 4307 4398
l 4307 4416
l 4308 4386
l 4308 4328
l 4308 4372
l 4308 4379
l 4308 4385
l 4309 4355
l 4309 4343
l 4309 4311
l 4309 4354
l 4309 4356
l 4310 4314
l 4310 4341
l 4310 4343
l 4310 4311
l 4310 4338
l 4311 4343
l 4311 4314
l 4311 4341
l 4312 4352
l 4312 4359
l 4312 4391
l 4312 4364
l 4312 4358
l 4313 4340
l 4313 4319
l 4313 4347
l 4313 4353
l 4313 4320
l 4314 4353
l 4314 4347
l 4314 4410
l 4314 4340
l 4315 4394
l 4315 4316
l 4315 4392
l 4315 4409
l 4315 4346
l 4316 4394
l 4316 4416
l 4316 4392
l 4316 4409
l 4317 4395
l 4317 4413
l 4317 4357
l 4317 4348
l 4317 4412
l 4318 4389
l 4318 4412
l 4318 4353
l 4318 4319
l 4318 4348
l 4319 4353
l 4319 4412
l 4319 4347
l 4319 4348
l 4320 4321
l 4320 4410
l 4320 4397
l 4320 4398
l 4321 4397
l 4321 4398
l 4321 4410
l 4322 4396
l 4322 4414
l 4322 4363
l 4322 4395
l 4322 4357
l 4323 4415
l 4323 4399
l 4323 4352
l 4323 4359
l 4323 4368
l 4324 4327
l 4324 4401
l 4324 4360
l 4324 4358
l 4324 4364
l 4325 4419
l 4325 4400
l 4325 4420
l 4325 4365
l 4325 4418
l 4326 4349
l 4326 4368
l 4326 4401
l 4326 4399
l 4327 4401
l 4327 4360
l 4327 4358
l 4327 4370
l 4328 4386
l 4328 4372
l 4328 4379
l 4328 4385
l 4329 4332
l 4329 4374
l 4329 4422
l 4329 4599
l 4329 4402
l 4330 4426
l 4330 4425
l 4330 4404
l 4330 4403
l 4330 4333
l 4331 4377
l 4331 4378
l 4331 4390
l 4331 4362
l 4331 4367
l 4332 4374
l 4332 4402
l 4332 4599
l 4332 4422
l 4333 4404
l 4333 4423
l 4333 4426
l 4333 4425
l 4334 4387
l 4334 4380
l 4334 4405
l 4334 4601
l 4334 4383
l 4335 4336
l 4335 4381
l 4335 4385
l 4335 4427
l 4335 4429
l 4336 4427
l 4336 4381
l 4336 4385
l 4336 4429
l 4337 4429
l 4337 4427
l 4337 4406
l 4337 4376
l 4337 4375
l 4338 4393
l 4338 4341
l 4338 4407
l 4338 4409
l 4338 4392
l 4339 4391
l 4339 4364
l 4339 4619
l 4339 4360
l 4340 4410
l 4340 4353
l 4340 4347
l 4341 4393
l 4341 4407
l 4342 4622
l 4342 4408
l 4342 4595
l 4342 4620
l 4342 4619
l 4343 4354
l 4343 4347
l 4343 4356
l 4344 4621
l 4344 4351
l 4344 4411
l 4344 4359
l 4345 4388
l 4345 4346
l 4345 4407
l 4345 4409
l 4345 4392
l 4346 4409
l 4346 4388
l 4346 4392
l 4346 4407
l 4347 4353
l 4347 4354
l 4348 4412
l 4348 4413
l 4349 4368
l 4349 4401
l 4349 4399
l 4349 4418
l 4350 4397
l 4350 4389
l 4350 4398
l 4351 4411
l 4351 4400
l 4351 4621
l 4352 4359
l 4352 4415
l 4352 4364
l 4354 4413
l 4354 4356
l 4355 4411
l 4355 4356
l 4355 4414
l 4355 4413
l 4356 4413
l 4356 4395
l 4357 4395
l 4357 4417
l 4357 4412
l 4358 4364
l 4358 4360
l 4358 4401
l 4359 4415
l 4359 4399
l 4360 4364
l 4360 4401
l 4361 4620
l 4361 4596
l 4361 4404
l 4361 4362
l 4361 4369
l 4362 4369
l 4362 4377
l 4362 4378
l 4362 4367
l 4363 4400
l 4363 4419
l 4363 4365
l 4363 4420
l 4365 4418
l 4365 4419
l 4365 4420
l 4366 4370
l 4366 4421
l 4366 4390
l 4366 4367
l 4367 4390
l 4367 4377
l 4367 4378
l 4367 4421
l 4368 4399
l 4368 4401
l 4368 4418
l 4369 4377
l 4369 4378
l 4369 4423
l 4370 4421
l 4370 4390
l 4371 4373
l 4371 4379
l 4371 4386
l 4372 4385
l 4372 4386
l 4372 4381
l 4373 4379
l 4373 4386
l 4374 4422
l 4374 4599
l 4374 4402
l 4375 4376
l 4375 4429
l 4375 4427
l 4375 4406
l 4376 4429
l 4376 4427
l 4377 4378
l 4377 4390
l 4378 4390
l 4379 4386
l 4380 4406
l 4380 4405
l 4380 4387
l 4380 4602
l 4381 4385
l 4381 4386
l 4382 4604
l 4382 4608
l 4382 4428
l 4382 4605
l 4382 4383
l 4383 4424
l 4383 4387
l 4383 4601
l 4383 4614
l 4384 4428
l 4384 4605
l 4384 4603
l 4384 4604
l 4384 4615
l 4385 4386
l 4387 4601
l 4387 4424
l 4388 4407
l 4388 4409
l 4388 4392
l 4389 4397
l 4390 4421
l 4392 4409
l 4392 4394
l 4393 4407
l 4393 4409
l 4394 4416
l 4394 4409
l 4395 4412
l 4395 4417
l 4396 4414
l 4397 4398
l 4397 4410
l 4398 4410
l 4398 4416
l 4399 4415
l 4399 4418
l 4400 4419
l 4400 4420
l 4402 4599
l 4402 4422
l 4403 4425
l 4403 4426
l 4403 4404
l 4404 4426
l 4404 4425
l 4405 4406
l 4405 4602
l 4406 4429
l 4407 4409
l 4408 4619
l 4408 4622
l 4408 4620
l 4408 4596
l 4411 4414
l 4411 4621
l 4418 4420
l 4418 4419
l 4419 4420
l 4422 4599
l 4422 4618
l 4424 4614
l 4424 4601
l 4425 4426
l 4427 4429
l 4428 4605
l 4428 4604
l 4428 4603
l 4430 4432
l 4430 4458
l 4430 4448
l 4431 4443
l 4431 4445
l 4431 4444
l 4431 4432
l 4432 4458
l 4432 4457
l 4432 4445
l 4433 4443
l 4433 4442
l 4434 4442
l 4434 4435
l 4434 4806
l 4435 4806
l 4435 4441
l 4435 4803
l 4436 4806
l 4437 4439
l 4437 4438
l 4437 4803
l 4438 4457
l 4438 4445
l 4440 4443
l 4441 4770
l 4443 4444
l 4444 4445
l 4445 4457
l 4446 4448
l 4446 4452
l 4446 4456
l 4447 4453
l 4447 4634
l 4447 4456
l 4447 4454
l 4448 4456
l 4448 4458
l 4448 4452
l 4449 4804
l 4449 4627
l 4449 4633
l 4450 4807
l 4450 4553
l 4450 4814
l 4450 4625
l 4450 4626
l 4451 4626
l 4451 4557
l 4451 4625
l 4451 4553
l 4451 4555
l 4452 4456
l 4452 4453
l 4453 4634
l 4453 4456
l 4453 4454
l 4453 4628
l 4454 4634
l 4454 4455
l 4454 4549
l 4455 4547
l 4455 4548
l 4455 4634
l 4455 4549
l 4457 4458
l 4459 4471
l 4459 4616
l 4459 4593
l 4459 4460
l 4459 4462
l 4460 4593
l 4460 4594
l 4460 4471
l 4460 4597
l 4461 4478
l 4461 4470
l 4461 4473
l 4461 4560
l 4461 4468
l 4462 4470
l 4462 4468
l 4462 4616
l 4462 4615
l 4462 4614
l 4463 4560
l 4463 4478
l 4463 4613
l 4463 4469
l 4463 4474
l 4464 4612
l 4464 4477
l 4464 4523
l 4464 4610
l 4464 4475
l 4465 4466
l 4465 4467
l 4465 4472
l 4465 4482
l 4465 4559
l 4466 4467
l 4466 4472
l 4466 4476
l 4466 4475
l 4467 4472
l 4467 4563
l 4467 4562
l 4468 4470
l 4468 4615
l 4469 4511
l 4469 4478
l 4469 4523
l 4469 4560
l 4470 4615
l 4470 4614
l 4471 4616
l 4471 4602
l 4472 4563
l 4472 4562
l 4473 4560
l 4473 4613
l 4473 4603
l 4473 4474
l 4474 4606
l 4474 4607
l 4474 4611
l 4474 4609
l 4475 4476
l 4475 4561
l 4475 4610
l 4475 4477
l 4476 4610
l 4476 4561
l 4476 4477
l 4476 4612
l 4477 4610
l 4477 4612
l 4478 4511
l 4478 4560
l 4479 4512
l 4479 4480
l 4479 4513
l 4479 4482
l 4479 4523
l 4480 4512
l 4480 4523
l 4480 4513
l 4481 4517
l 4481 4520
l 4481 4483
l 4481 4482
l 4481 4515
l 4482 4512
l 4482 4524
l 4482 4559
l 4482 4513
l 4483 4485
l 4483 4484
l 4483 4520
l 4483 4517
l 4484 4486
l 4484 4532
l 4484 4573
l 4484 4564
l 4484 4489
l 4485 4533
l 4485 4563
l 4485 4562
l 4485 4565
l 4486 4532
l 4486 4564
l 4486 4565
l 4486 4572
l 4487 4522
l 4487 4496
l 4487 4519
l 4487 4514
l 4487 4488
l 4488 4525
l 4488 4489
l 4488 4534
l 4488 4514
l 4489 4569
l 4489 4566
l 4489 4534
l 4489 4568
l 4489 4532
l 4490 4567
l 4490 4578
l 4490 4571
l 4490 4535
l 4490 4570
l 4491 4535
l 4491 4545
l 4491 4575
l 4491 4576
l 4491 4578
l 4492 4579
l 4492 4536
l 4492 4526
l 4492 4497
l 4493 4590
l 4493 4539
l 4493 4817
l 4493 4544
l 4493 4812
l 4494 4810
l 4494 4813
l 4494 4538
l 4494 4587
l 4494 4816
l 4495 4526
l 4495 4545
l 4495 4522
l 4495 4496
l 4496 4545
l 4497 4529
l 4497 4587
l 4497 4526
l 4497 4499
l 4498 4527
l 4498 4544
l 4498 4808
l 4498 4813
l 4498 4810
l 4499 4528
l 4499 4810
l 4499 4529
l 4499 4809
l 4499 4811
l 4500 4501
l 4500 4542
l 4500 4506
l 4500 4540
l 4500 4543
l 4501 4542
l 4501 4506
l 4501 4502
l 4501 4540
l 4502 4541
l 4502 4540
l 4502 4589
l 4502 4588
l 4503 4509
l 4503 4508
l 4503 4505
l 4503 4504
l 4503 4507
l 4504 4509
l 4504 4556
l 4504 4505
l 4504 4508
l 4505 4507
l 4505 4509
l 4505 4508
l 4505 4506
l 4506 4507
l 4506 4542
l 4506 4510
l 4507 4542
l 4507 4510
l 4508 4509
l 4508 4510
l 4510 4808
l 4510 4543
l 4510 4542
l 4511 4523
l 4511 4560
l 4512 4513
l 4512 4524
l 4513 4524
l 4514 4515
l 4514 4519
l 4514 4518
l 4514 4516
l 4514 4521
l 4515 4516
l 4515 4517
l 4515 4518
l 4515 4520
l 4516 4518
l 4516 4519
l 4516 4517
l 4517 4520
l 4517 4521
l 4518 4519
l 4518 4546
l 4519 4521
l 4520 4521
l 4521 4573
l 4522 4531
l 4523 4561
l 4524 4559
l 4525 4573
l 4525 4571
l 4526 4545
l 4526 4529
l 4527 4544
l 4527 4810
l 4527 4813
l 4528 4811
l 4528 4529
l 4528 4558
l 4528 4809
l 4529 4587
l 4530 4629
l 4530 4631
l 4530 4531
l 4530 4550
l 4531 4548
l 4531 4630
l 4531 4631
l 4531 4547
l 4532 4564
l 4532 4566
l 4532 4565
l 4533 4565
l 4533 4563
l 4533 4562
l 4534 4568
l 4534 4571
l 4534 4569
l 4534 4566
l 4535 4575
l 4535 4570
l 4535 4578
l 4535 4567
l 4536 4579
l 4536 4574
l 4536 4577
l 4536 4576
l 4537 4580
l 4537 4587
l 4537 4583
l 4537 4581
l 4537 4582
l 4538 4816
l 4538 4813
l 4538 4584
l 4538 4586
l 4539 4817
l 4539 4585
l 4539 4815
l 4539 4590
l 4540 4589
l 4540 4541
l 4540 4588
l 4540 4812
l 4541 4589
l 4541 4588
l 4543 4591
l 4543 4812
l 4543 4589
l 4544 4590
l 4544 4808
l 4544 4813
l 4545 4578
l 4546 4630
l 4546 4547
l 4546 4548
l 4547 4548
l 4547 4630
l 4548 4630
l 4548 4631
l 4549 4634
l 4549 4631
l 4550 4629
l 4550 4551
l 4550 4632
l 4550 4628
l 4551 4633
l 4551 4627
l 4551 4628
l 4551 4558
l 4552 4554
l 4552 4556
l 4552 4811
l 4552 4809
l 4552 4555
l 4553 4626
l 4553 4814
l 4553 4625
l 4554 4555
l 4554 4556
l 4554 4557
l 4554 4809
l 4555 4557
l 4555 4556
l 4556 4557
l 4557 4809
l 4558 4814
l 4559 4562
l 4560 4613
l 4562 4563
l 4562 4572
l 4564 4566
l 4564 4565
l 4564 4572
l 4565 4572
l 4566 4569
l 4567 4570
l 4567 4578
l 4567 4575
l 4568 4571
l 4568 4569
l 4570 4575
l 4570 4578
l 4574 4577
l 4574 4576
l 4574 4579
l 4574 4575
l 4575 4578
l 4575 4576
l 4576 4577
l 4577 4579
l 4580 4582
l 4580 4583
l 4580 4581
l 4580 4584
l 4581 4583
l 4581 4582
l 4582 4584
l 4582 4586
l 4582 4816
l 4584 4586
l 4584 4816
l 4585 4817
l 4585 4815
l 4585 4592
l 4586 4816
l 4587 4810
l 4588 4589
l 4588 4591
l 4588 4812
l 4588 4592
l 4589 4812
l 4590 4817
l 4590 4591
l 4591 4812
l 4591 4592
l 4592 4815
l 4592 4812
l 4592 4817
l 4593 4594
l 4593 4617
l 4594 4617
l 4594 4598
l 4594 4623
l 4595 4622
l 4595 4620
l 4596 4620
l 4596 4619
l 4596 4622
l 4597 4598
l 4598 4617
l 4598 4618
l 4603 4605
l 4603 4613
l 4603 4609
l 4604 4605
l 4604 4615
l 4606 4609
l 4606 4607
l 4606 4611
l 4606 4613
l 4607 4611
l 4607 4609
l 4607 4613
l 4609 4611
l 4609 4613
l 4610 4612
l 4611 4613
l 4614 4615
l 4617 4618
l 4617 4623
l 4619 4620
l 4619 4622
l 4620 4622
l 4624 4807
l 4624 4627
l 4624 4625
l 4625 4626
l 4625 4807
l 4626 4807
l 4626 4814
l 4627 4805
l 4628 4632
l 4629 4632
l 4630 4631
l 4632 4634
l 4637 4676
l 4637 4693
l 4638 4676
l 4639 4640
l 4639 4656
l 4639 4858
l 4640 4660
l 4641 4642
l 4642 4643
l 4643 4661
l 4644 4655
l 4644 4652
l 4644 4645
l 4644 4680
l 4644 4690
l 4645 4652
l 4646 4661
l 4646 4662
l 4647 4677
l 4647 4676
l 4648 4693
l 4649 4654
l 4649 4677
l 4649 4678
l 4650 4662
l 4650 4673
l 4651 4652
l 4651 4666
l 4651 4668
l 4654 4677
l 4655 4680
l 4655 4721
l 4656 4858
l 4656 4665
l 4656 4842
l 4657 4669
l 4657 4663
l 4657 4720
l 4659 4695
l 4659 4826
l 4659 4842
l 4659 4697
l 4659 4696
l 4660 4664
l 4663 4721
l 4663 4680
l 4663 4720
l 4664 4692
l 4665 4697
l 4667 4686
l 4668 4684
l 4670 4687
l 4671 4688
l 4671 4672
l 4672 4687
l 4673 4679
l 4674 4679
l 4677 4678
l 4680 4721
l 4680 4690
l 4681 4685
l 4681 4699
l 4683 4702
l 4684 4692
l 4685 4699
l 4689 4690
l 4689 4720
l 4694 4698
l 4694 4928
l 4694 4970
l 4695 4696
l 4695 4826
l 4695 4971
l 4696 4900
l 4696 4698
l 4697 4698
l 4698 4928
l 4699 4970
l 4701 4702
l 4703 4717
l 4704 4818
l 4704 4719
l 4707 4754
l 4708 4718
l 4708 4711
l 4709 4800
l 4709 4710
l 4709 4819
l 4709 4733
l 4712 4721
l 4715 4716
l 4722 4951
l 4724 4738
l 4724 4726
l 4726 4738
l 4727 4749
l 4727 4750
l 4728 4729
l 4730 4731
l 4731 4734
l 4732 4797
l 4732 4803
l 4733 4736
l 4733 4799
l 4734 4795
l 4735 4736
l 4737 4981
l 4737 4852
l 4739 4743
l 4739 4777
l 4740 4741
l 4740 4742
l 4741 4753
l 4742 4744
l 4743 4943
l 4744 4745
l 4744 4746
l 4745 4746
l 4747 4748
l 4747 4786
l 4748 4789
l 4749 4792
l 4749 4791
l 4752 4793
l 4756 4776
l 4757 4800
l 4757 4820
l 4757 4799
l 4758 4787
l 4758 4759
l 4759 4761
l 4760 4761
l 4760 4762
l 4763 4764
l 4766 4796
l 4767 4796
l 4768 4794
l 4769 4794
l 4771 4945
l 4771 4892
l 4771 4779
l 4772 4773
l 4775 4780
l 4776 4777
l 4778 4952
l 4778 4943
l 4778 4944
l 4778 4942
l 4781 4782
l 4783 4906
l 4783 4930
l 4784 4785
l 4785 4802
l 4786 4787
l 4788 4790
l 4791 4792
l 4799 4800
l 4800 4819
l 4801 4802
l 4803 4806
l 4804 4805
l 4809 4811
l 4810 4813
l 4813 4816
l 4815 4817
l 4819 4820
l 4821 4822
l 4821 4831
l 4821 4880
l 4821 4964
l 4822 4964
l 4822 4953
l 4823 4833
l 4824 4907
l 4824 4908
l 4825 4826
l 4825 4844
l 4826 4971
l 4827 4885
l 4827 4828
l 4828 4849
l 4828 4834
l 4829 4851
l 4829 4832
l 4830 4859
l 4831 4880
l 4832 4858
l 4833 4835
l 4834 4849
l 4834 4848
l 4835 4848
l 4836 4855
l 4837 4893
l 4837 4838
l 4838 4909
l 4839 4909
l 4840 4963
l 4840 4910
l 4840 4841
l 4841 4910
l 4842 4858
l 4843 4845
l 4844 4845
l 4844 4850
l 4845 4850
l 4846 4968
l 4846 4914
l 4846 4915
l 4846 4853
l 4848 4850
l 4848 4849
l 4849 4850
l 4853 4854
l 4853 4914
l 4857 4859
l 4862 4863
l 4863 4864
l 4864 4865
l 4866 4870
l 4866 4874
l 4867 4873
l 4868 4870
l 4868 4874
l 4868 4869
l 4869 4872
l 4869 4870
l 4871 4874
l 4871 4873
l 4875 4877
l 4876 4877
l 4879 4890
l 4880 4956
l 4880 4964
l 4880 4882
l 4882 4956
l 4882 4957
l 4883 4900
l 4883 4891
l 4883 4899
l 4884 4887
l 4884 4948
l 4886 4890
l 4886 4953
l 4888 4896
l 4889 4898
l 4889 4905
l 4893 4909
l 4894 4927
l 4894 4925
l 4896 4897
l 4897 4917
l 4898 4905
l 4898 4903
l 4899 4900
l 4899 4928
l 4901 4951
l 4901 4952
l 4902 4929
l 4903 4904
l 4903 4926
l 4903 4905
l 4904 4925
l 4904 4926
l 4906 4930
l 4907 4908
l 4910 4912
l 4910 4911
l 4910 4963
l 4911 4963
l 4911 4912
l 4911 4955
l 4913 4949
l 4913 4950
l 4914 4915
l 4915 4966
l 4915 4954
l 4915 4968
l 4916 4960
l 4916 4966
l 4916 4968
l 4917 4959
l 4918 4920
l 4918 4922
l 4920 4921
l 4920 4924
l 4921 4924
l 4923 4924
l 4925 4927
l 4928 4929
l 4931 4951
l 4932 4933
l 4932 4935
l 4934 4936
l 4934 4935
l 4936 4937
l 4937 4938
l 4937 4939
l 4938 4939
l 4938 4940
l 4939 4941
l 4940 4941
l 4941 4942
l 4942 4943
l 4943 4944
l 4944 4945
l 4947 4962
l 4947 4969
l 4947 4948
l 4949 4978
l 4949 4950
l 4950 4978
l 4951 4952
l 4953 4954
l 4954 4966
l 4954 4965
l 4955 4963
l 4959 4961
l 4960 4962
l 4960 4961
l 4965 4967
l 4966 4967
l 4966 4968
l 4968 4969
l 4973 4979
l 4975 4983
l 4975 4979
l 4976 4983
l 4976 4980
l 4977 4987
l 4979 4980
l 4982 4984
l 4986 4988
l 4986 4987
l 4986 4990
l 4987 4988
l 4993 4998
l 4999 5001
