OFF
5000 9996 0
0.034191702099991575 0.0046358313107937345 -0.22144053437921132
0.023397716899804945 0.037103346833346554 -0.21623339995312724
0.041983311855697862 0.039546400804302634 -0.19518495203606495
0.051351769760530644 0.043740251195544505 -0.19805368429660589
0.06114519884815494 0.041060316448822798 -0.20228006160034093
0.044700723262466095 0.076358380465076758 -0.20634309723481667
0.024966786874204821 0.074893255189296376 -0.20836330134336126
0.011349324248250414 0.10822909785405886 -0.21531133269462452
0.00042523139809100193 0.10850133396949091 -0.22685343688215462
0.01167459337318235 0.19918353757333856 -0.21335688951785961
0.025837942443587728 0.19956042549418368 -0.21048391461655877
0.042936491813107061 -0.033523893898067786 -0.2059280255471318
0.05669679001131419 -0.015709752453698267 -0.20495009685195606
0.065651590442048782 -0.013965319994552482 -0.19619611475052723
0.074395673048370942 -0.0058335918712542883 -0.17717423490314957
0.071859988087488572 0.0019269051855454352 -0.16927160938089042
0.062777908433954546 -0.013525499569101044 -0.15206770109916484
0.066186163177806456 -0.018574949180272495 -0.15556151576500971
0.06610131036260683 -0.016399888683988596 -0.15892239435370853
0.070459916636694625 -0.0074769080589538392 -0.15908007916862116
0.035137103882674138 -0.027377721650441104 -0.20937092852385686
0.027228821506068354 -0.033806736615399943 -0.19982215838672487
0.021491356984986526 -0.017309228020211335 -0.20207500063027514
0.035181651610653945 -0.014786978088402259 -0.18605125358661778
0.038728499285998592 -0.0094285228085453834 -0.18142606805144446
0.042593545018341873 0.0065994668758719253 -0.15688663389571067
0.04089648871434922 0.001103832878109037 -0.16196012513785538
0.046280399838765932 -0.0080595640566580185 -0.16671683253658812
0.039497124370348607 -0.013013554250729885 -0.15876188111162254
0.043015687773960053 -0.0085439322100892105 -0.15738372997142186
0.044243225167181398 0.00027298239594593913 -0.15488693588417266
0.049222671205813202 -0.0081458310854442793 -0.16244449329128663
0.044704965903226077 -0.0041209792178084192 -0.16253571006762621
0.046260600848552685 -0.003904604539049335 -0.15677844655633111
0.025965221666387168 -0.025571770900275546 -0.20498262376444923
0.027170838749015273 -0.016855265458893279 -0.21243340804577029
0.020882538035929158 0.0032216177241331857 -0.20058795504390156
0.032880018998363902 -0.0055083227463223515 -0.18421560435113241
0.034485858526016967 -0.02076910155997631 -0.18387619309033387
0.025748846987628103 -0.024308171060594356 -0.18853956239234707
0.047621074318920119 0.019912873580694289 -0.22587621529377214
0.047249843252421729 0.032081474387114992 -0.22991520929727466
0.051686938380569196 0.090352023905082859 -0.24172530695947689
0.051682695739809215 0.13563160741598698 -0.23303072182868786
0.036962853623052905 0.099205000957577796 -0.21039340494701247
0.035075585591654419 0.068802944378342751 -0.20359457312914186
0.027028710283555902 0.061397414931794826 -0.20711737917351333
0.018937287247477574 0.064314230454282154 -0.21570943381926946
0.013897030024619386 0.067884412653806681 -0.22703940596880046
0.022791726377920905 0.044433215853008162 -0.22873575516599975
0.038480304801539675 -0.016004615986516989 -0.21438078015460185
0.026769202090403687 -0.040706684704716709 -0.1915610297202473
0.047738454046612942 -0.043798862711950048 -0.19743708717282191
0.067116008611035768 -0.042732545667607945 -0.18680785785548118
0.070867210149652873 -0.040911745674782493 -0.18507332489144204
0.064122825554868715 -0.045286615405116935 -0.17247833868864318
0.066965394864056435 -0.039650974262274631 -0.15364525635508469
0.066929332417596576 -0.037133674078018854 -0.14602688776374434
0.061703813214885862 -0.0347966861260623 -0.14031417198042906
0.057844424336889216 -0.038759312595885186 -0.14579566384232531
0.053775024741273506 -0.018384030346073325 -0.14261651169951239
0.055479152113199461 -0.025890676064067482 -0.14110896001613224
0.068866097924528205 -0.029676525835557827 -0.14265610967993891
0.082173140668210617 -0.026992348448076093 -0.16350373926769537
0.071147224439811654 -0.042538798406235458 -0.17315574699665359
0.073047927500283452 -0.040771031422909811 -0.17920221718642076
0.074349711106804467 -0.034661628728536259 -0.18399074439085339
0.030109574582095903 -0.0066778773824906551 -0.21658978177696564
0.024704450253879285 0.016092375576330784 -0.20541395890838071
0.05149743375995669 0.022535532677156245 -0.1775207172318814
0.041069022771921808 0.017779532385216817 -0.169058770236098
0.031028106306631928 0.0062091439259536162 -0.18116585275149896
0.027508835796227149 0.013676191663521237 -0.21896283217538207
0.02632301770381229 0.012788065531098469 -0.19305231794738087
0.039067910546797133 0.010460269967455155 -0.16495684372798908
0.059939581765526835 0.019207181000950715 -0.17055359399719819
0.062298490028076609 0.024932624706545878 -0.19296110117104123
0.061604111157026291 0.0091259594484409488 -0.20491615572587615
0.055803714131338049 0.029248097466240595 -0.22174388319355001
0.055964934480217353 0.05326568680849663 -0.22790066204307671
0.024960422913064845 -0.030023008164289655 -0.18477351161106997
0.019376400566135682 -0.03194775285573466 -0.17383315530466401
0.031844814652928384 -0.043673704809530596 -0.16478430967041649
0.039350753264129248 -0.043325808267212072 -0.15681450900279098
0.055341266288500057 -0.045321970744783446 -0.17901554099298156
0.040808807471976259 -0.045321970744783446 -0.19114525092576906
0.025480146406162606 -0.043308130597378855 -0.18302130097719757
0.021009817258728598 -0.032398179883086041 -0.18107958572271263
0.035924113743650732 -0.039087410147990449 -0.20330465934387648
0.021655405761039137 -0.006984761730796026 -0.20760457575411784
0.044862650718138733 -0.040821943112029559 -0.20242360427938694
0.051166507780678126 -0.034110085429738639 -0.20126677756549863
0.060861649024029511 -0.032695871843078095 -0.19546072368546374
0.048808306624921659 -0.010727477987893159 -0.2115240687095476
0.03319963126894919 -0.04520246969671065 -0.18491139743576943
0.021477214849119925 -0.040644459306903663 -0.17261481029975592
0.027760565814652721 -0.036937098389473039 -0.16337716715168923
0.034321809749964335 -0.02043464004673113 -0.16178759108028279
0.031986236011594442 -0.041941293165871384 -0.15818417486147171
0.041257820285741001 -0.044606378669933201 -0.18022822914354297
0.026119370947333163 -0.041741889050152241 -0.16939606017651651
0.024218667886861389 0.0040206484005963694 -0.212582607579163
0.024806273632118847 -0.03106669779124516 -0.19070825892749096
0.041112863393108288 -0.044412631408560707 -0.1991200013409479
0.047440762086620895 -0.023784204926736632 -0.20795176518964303
0.034086343187785355 -0.04363693525627739 -0.19544799576318378
0.034219986371724777 -0.044175043526001732 -0.17340889122866585
0.025972999841113786 -0.043969275449142593 -0.17535697044429074
0.020495750619977507 -0.039115694419723609 -0.1785184449172704
0.023131844745512751 -0.036017859558143704 -0.16918392813851746
0.034934164232988361 0.037829545510096742 -0.23428371506646911
0.013315081133708558 0.085161860042038559 -0.24656828138699594
-0.0051488914537315463 0.14177848677040694 -0.26354167285409585
0.00011198308864571103 0.18074572793725177 -0.27785563567148058
0.0096614603325710698 0.19992387838595535 -0.27756147924545516
0.029455500798265415 0.23085767927377485 -0.25772289105178103
0.021335086383660554 0.26517357195409297 -0.24407502283371341
0.046995991913616184 0.27952571853831754 -0.23057847546941845
0.057876951249382441 0.26025140156572096 -0.22359155324452204
0.041829869681545194 0.19408176205946065 -0.25648191862948638
0.039740369107254231 0.16652934585734661 -0.26392775316325418
0.024650710137586188 0.16902401862421579 -0.27215918334441186
0.015842280813070972 0.15112643857823316 -0.27214574831533861
0.021407211276580216 -0.0086238352777355514 -0.19569477603405608
0.038604755597165807 -0.019202152905956428 -0.18343354423770913
0.052904576278683932 0.0022634880191706682 -0.21380873075879772
0.037326306514824673 0.014843624979309569 -0.22710587400737348
0.031996842613494392 0.049695504608972096 -0.23813673998332574
0.023597828122317397 -0.035422475638159603 -0.18577760325759898
0.023126187891166106 -0.024883048883571915 -0.19602853044050794
0.023757634257610044 -0.017428021961490781 -0.19221863903804443
0.041621273177512755 -0.0035878206956373696 -0.21765185618054772
0.057347328261178047 0.041779444057639635 -0.22331578159512322
0.020535348600403999 -0.02618058984933291 -0.17871784903298951
0.029710059243864294 -0.019956635854439859 -0.16773294499860372
0.037756227445169474 -0.015968553540057131 -0.1631332153079903
0.044870428892865355 -0.013400341666681598 -0.16434731767213839
0.047003062981549472 -0.011896325517268035 -0.15963869353535209
0.051121960052698312 -0.011564692431196177 -0.16281289593061168
0.049122262041160297 -0.0075271126412803195 -0.15716381975869614
0.040304640328331781 -0.0052184089610570021 -0.15344585223936555
0.038509296180066224 -0.006834855090609937 -0.14587273848279833
0.037034271409179274 -0.017415294039210865 -0.15797557835743928
0.052927910802863833 0.015630634840286185 -0.15191072339104553
0.061172776013094829 0.0010211013832893711 -0.14447620256597105
0.042336158145569666 0.00075735054937720969 -0.1482662949782213
0.035518941551072492 -0.018512016675666099 -0.15278753581477506
0.040051496096319548 -0.023508433277337822 -0.14967414460374187
0.037836837619609133 -0.029627028360024697 -0.15499865875751884
0.024881226952211854 0.025451641092850308 -0.21510415040417874
0.033756124315300125 0.025285470996417703 -0.19425510660283563
0.029734100874837528 0.022224405688090927 -0.22559125125606005
0.026585354324137809 0.03282959337445842 -0.22712920853155341
0.02636685832499875 -0.022731322911467879 -0.18235379216429379
0.023682680937517037 -0.023115281900246192 -0.17417468788584253
0.036690617507620746 -0.017166392447958593 -0.17131585512040823
0.035941084306690657 -0.012109164662060521 -0.15414730217834918
0.051113474771178342 -0.010330083970041501 -0.1591741243721341
0.038244838239360694 0.026032175770174512 -0.23091788673021701
0.046773960380510446 0.044248660979948992 -0.23403976322277012
0.040974977568408885 0.083243479311733551 -0.25038453675059946
0.037374389776771121 0.12633386019048715 -0.26352753071822921
0.033293676472462112 0.15329584222017048 -0.26799573854528325
0.042602030299861843 0.14228123970046486 -0.26208291153945551
0.050540011161787503 0.15151817574173809 -0.23834321516697821
0.043236305093479102 0.14628558547109419 -0.22235411635619406
0.029309129692046017 0.14059196157119885 -0.21441613549426838
0.038357268219500223 0.18807559695691331 -0.22694536076528751
0.046501724265078315 0.21452704788181226 -0.20024995799668968
0.05431949697213783 0.23824623815728296 -0.17538242628885062
0.040259385493558654 0.25576339474845378 -0.1615775803626637
0.022846880707800683 0.24344064466108706 -0.17570769541378256
0.022570401951608542 0.21962811628889672 -0.194401477709055
-0.0016741686713065607 0.20677715742691241 -0.2198700501912248
-0.021503564476667434 0.19788528950078421 -0.24406583044540012
-0.015501642014880074 0.14506724046618602 -0.25150459391123459
-0.0025219897165095827 0.11154047896722452 -0.24420937312444613
0.036221098596849466 0.20559558197525754 -0.20639400892393647
0.020465345027864294 0.057003453318040465 -0.23479141774408024
-0.010265516210269401 0.12872953800629008 -0.24724003284065968
-0.02005611687072039 0.16900351252720916 -0.23624027956361399
-0.015647306014306101 0.20970811508526643 -0.2341161307564498
0.016483626674621544 0.17043823221087634 -0.21782297602453365
0.030302614736675067 -0.019540857059961635 -0.18771861140529059
0.037805724920702589 -0.018742533490291799 -0.17824903722901156
0.043401768083118374 -0.017245588408811584 -0.18091129430590006
0.043124582220132907 -0.015518833619499097 -0.16882754631467897
0.055160954056200834 -0.041574304740133017 -0.19560992321885645
0.060046354891319695 -0.0049808210784980282 -0.20423874741786574
0.044243225167181398 0.05655726893144903 -0.23914153873664806
0.033154376434176049 0.10846739284341118 -0.26097699651468692
0.027129119448208804 0.075862698602952194 -0.24867545963112017
0.018858798393417912 0.10426152163668267 -0.25990714393637826
0.029106190042360244 0.062447468519890248 -0.24230301320962772
0.01712143700220542 0.070516971245375315 -0.23952903325939306
0.058345763053360387 -0.02445171373964045 -0.20033622502547602
0.068798922779161817 -0.024785468146092279 -0.19140405201212798
0.028288067482477103 -0.01173015542083543 -0.18877432184773271
0.029658440447951191 0.040626152877718001 -0.20561336302409985
0.0065735249660977373 0.11397080501590061 -0.25919367318190795
0.031248016519357644 -0.02046928827960429 -0.17707170441811662
0.024828901049505418 -0.028294839161390462 -0.16802568721104247
0.063058629830906668 -0.039646024514721337 -0.19180568867073958
0.025754503841974752 0.090833563631340722 -0.25567581688508983
0.0034841753860377633 0.095939581785978736 -0.23643544103857314
-0.0044566339030612028 0.13909925913047849 -0.2208727276241671
0.016546559179227923 0.12382009554019806 -0.21294888889810809
0.041401362964787032 0.11412212586967324 -0.21352376672108558
0.049482179398965397 -0.045384196142596492 -0.18831540953886136
0.022344127777742823 0.049315788260953737 -0.21438360858177519
0.017762075756962661 0.054887082685602939 -0.22381146345724776
0.0077105526897728168 0.099023981618485371 -0.25115174762136278
-0.0085316903530235442 0.17159576603155791 -0.27149026031792145
-0.010964844828873015 0.21630471436024451 -0.26584896232073252
0.013448724317648016 0.2381868411866431 -0.26045727302158922
0.0097703547787439029 0.13425062784861289 -0.26787411617683043
0.032580205717991882 -0.034224636730258141 -0.15774223311564028
0.038082203676894723 -0.03787613621101564 -0.1537060675393111
0.037260545583044952 -0.0037667187143498918 -0.175757899996109
0.047130342204348911 -0.016790918740700257 -0.17745212787292836
0.020777886230516272 0.12064306471776508 -0.2653843931575145
0.0092909363728659686 0.081453792017814747 -0.23127285434046882
0.055940892849244118 -0.044563952262333423 -0.16990446996092101
0.041312974615620758 0.069174882551634495 -0.24475667378248381
0.040892246073589239 0.032304213027013993 -0.19192165418484575
0.04216857383555038 0.020151875676839882 -0.17623590418840027
0.049497735748418675 0.02031309602571919 -0.16768132620269063
0.024742634020719117 -6.4307544472565835e-05 -0.19044875073433878
-0.0021330809801779157 0.12557584170803712 -0.25898295535749555
0.070092928210956224 -0.044097968885528714 -0.18242945259118015
0.05909953889505045 -0.044500312650933675 -0.18759203928928447
0.047287319912468227 -0.045963316606334001 -0.17165950902196675
0.048915079750714519 -0.043914121119262899 -0.16166667581862332
0.042346764747469616 -0.039262065525943024 -0.14993648122406739
0.063307531422158919 0.01986620453233448 -0.20244128194922023
0.040933965374395725 -0.014736066399282427 -0.18311888171467713
0.052266058844306698 0.07669637751228861 -0.23838776289495803
0.031165992131331331 -0.0269711352442762 -0.16096310455925969
0.042014424554604385 0.09773563304103762 -0.25418382155116304
0.014877080040175144 0.07938621175411692 -0.21703808748393705
0.0646687119993197 -0.045012965076098102 -0.18127545430446512
0.069790993610204202 -0.044845380766078795 -0.17785376453153995
0.054559913281870105 0.065264581984518052 -0.23248129985027022
-0.0070792929995231813 0.12281388257328911 -0.23147084424260125
-0.01837037427542098 0.15308583150255139 -0.23870878937912995
0.027424690087820839 0.13774019987369773 -0.26837686910688824
-0.013656093284288059 0.15804759987134998 -0.26239828116928082
-0.0011975786926019505 0.19314272423791803 -0.27911004312284848
0.068980649225047708 -0.035437324880819576 -0.18892493559471202
0.055019532697534776 -0.042731838560814674 -0.15297350490142092
0.039680972136614485 -0.045836037383534582 -0.16394285258635347
0.035318123221766688 0.017385673901331913 -0.18368103161537472
0.029446308409952091 0.029317393931986912 -0.20328839588762984
0.056331215799162428 0.015371833753927241 -0.21683161230028461
0.061202474498414691 0.026533514486645648 -0.21221137651266461
0.06171795535075246 0.039028798631584906 -0.21224178210477782
0.059929682270420198 0.060406051207545768 -0.21838300460485122
0.056467687410275171 0.082571727858069793 -0.22749973249125846
0.054463039651183862 0.095549965942853615 -0.22988338949157483
0.053746740469540283 0.090936094116373656 -0.21854846759449054
0.046890633001409963 -0.013068001473816312 -0.17447025852545459
0.046036447995066981 -0.016368775985082032 -0.172679157017949
0.059046505885550687 0.071996945763815587 -0.22242553414232041
0.044055134760155552 0.024852014532106264 -0.18626550694499688
0.0091693140044131777 0.16830701233577883 -0.27620595552264104
-0.00023025659932615007 0.15571768298732669 -0.27092174645608391
0.049159031594413476 -0.011492567538276457 -0.16570708403571249
0.037476213155010686 -0.022886179299207186 -0.15655146527567212
0.040986291277102162 -0.0043953366536205254 -0.16904109256626473
0.036048564539276864 0.0036854797805578377 -0.17008336797963355
0.046189183062426316 0.0080278225983990148 -0.14905896169354454
0.046353231838478948 0.015753671422325657 -0.15928372592510029
0.058284951869133989 0.01838693712068756 -0.15943646099245962
0.061906045757778305 0.014434917252764693 -0.15227417628281728
0.068819428876168404 0.0016228492644134666 -0.1583545875986643
0.066017871760993857 0.011590933729990276 -0.16166950424579662
0.067889583442939078 0.0056328518893894357 -0.18262744249331259
0.035690061395058412 0.013961155701233368 -0.17417468788584253
0.065067520230757958 0.0011292887226688737 -0.19481442807635985
0.046486167915625036 0.11420839289845966 -0.25490577758715316
0.035503385201619227 0.035328508782087556 -0.19687210884495096
0.046344039450165644 0.064145231930676228 -0.20346305126558242
0.029292159129006096 0.052033906774515276 -0.20562255541241309
-0.020982426769983031 0.16408204924563041 -0.25096860696189022
0.060928117062602545 -0.043905635837742922 -0.16207821197234151
0.0023273486721494367 0.12326430960064048 -0.21834482083801138
-0.0087713995559625113 0.20285130051034272 -0.27640465253156687
0.077417847483064531 -0.038706279586385388 -0.17152728005161397
0.044238275419628104 -0.0086768682872353561 -0.17134626071252143
0.03623665494630271 0.058389382632967772 -0.20159699643798387
0.045590970715268915 0.089396015520500319 -0.21049098568449204
-0.013320924664249509 0.13819769796898246 -0.23398673021327041
0.069624116406978256 -0.0061171416953797169 -0.18781902056994351
0.073850493710713311 -0.016459285654628321 -0.18493897460070927
0.078967118467251157 -0.016107146471549844 -0.17478067840772657
0.081507753175686828 -0.033508337548614542 -0.17661208500245199
0.036902749545619826 0.047352152695875546 -0.19940072273790002
0.016200076850496094 0.18489503060051382 -0.27613524484330798
0.064110804739382105 0.013901758730593645 -0.19171235057401997
0.060904075431629311 0.049824198045358217 -0.21439633650405515
-0.014305217320565273 0.18871482149808388 -0.27298366986543499
0.079051264175657457 -0.026592126003051188 -0.18037813578372899
0.078031616179675203 -0.029325093759272624 -0.15525675273708439
0.061826142690131987 -0.029150438381320046 -0.13926765392630022
0.083196324198159533 -0.026405449809611965 -0.1724295483199034
0.052179084708727071 0.10528046252587162 -0.24363308108788198
0.071126011236011769 -0.040276056667578594 -0.16330221383159624
0.07531632609328695 -0.03648030740098173 -0.15567818838590922
0.053979378604545943 0.12148381469503484 -0.23997026789843115
0.021207807160861077 0.093501477562575874 -0.21097181830395664
0.026618588343424347 0.10924945295683434 -0.21120940618651562
-0.0178584289570499 0.20265755324897031 -0.26868799609595356
-0.018736655594366075 0.17751283567814574 -0.26227170905327463
-0.021544576670680594 0.19284786070509941 -0.25920215846342792
-0.009738721649238332 0.21890828157328654 -0.22443301032858504
0.00046341516493085528 0.23731002876291363 -0.20179145080614971
0.011062945996951661 0.27437232422852653 -0.16937908961347661
0.019486002119101883 0.2851175190599734 -0.15803143979411238
0.024424435963720511 0.28799120106806769 -0.15480703281652633
0.02805260092029814 0.28541521101996542 -0.15357383856895834
0.016720507450387185 0.29691559590668903 -0.15685198566283748
-0.00012914032787989831 0.33340584197649775 -0.12993879400189395
0.0013946748117468347 0.35807043403465116 -0.11472327002301309
-0.004315212544395125 0.38744365022959065 -0.078722341854188874
-0.012294912707127275 0.4262334075913094 -0.034617262727006395
-0.0081781369563584064 0.4485086857947998 -0.012103689534163806
0.0019334901882644925 0.45810766051425822 0.013830866324810653
0.01184500611037494 0.45717003690630231 0.031930678913685694
0.036139074208823153 0.44438766740327101 0.049660674649648927
0.050043622192869668 0.4091779917361833 0.087557356131391637
-0.0096220490283388371 0.42338659564136183 0.12011962396425077
-0.065918356379328566 0.41858180498068254 0.12265743024551309
-0.055821578477365567 0.4385992911930694 0.057624818462927815
-0.033586605361095111 0.44017189670143592 0.025042044533062149
-0.035618123178332996 0.44954530435382195 0.057484811317848404
-0.040444834149605438 0.42116062345595801 0.12606922052333164
0.083641094371164265 -0.034261406283511271 -0.16976022017508163
0.062898823695614017 0.031201833536212111 -0.20301615977219772
0.049534505301671854 0.035173652394348248 -0.19325879313103328
0.043801283421349986 -0.032796988114524327 -0.14732584294309203
0.0082981584350302721 0.094411524005591954 -0.22101980583717984
-0.022820904432641738 0.18191881810738658 -0.24772369388729762
-0.020418862655698811 0.2073626418517899 -0.25654272981371279
-0.014790292580789816 0.22527931378119229 -0.23702658231779722
-0.019670036561562028 0.21376620097218882 -0.24571551059423963
-0.0046468456304670207 0.24959813061740718 -0.23336306202155307
0.0057921719594678086 0.288929531782817 -0.20090686020769355
0.014768185594002291 0.30376251098650614 -0.2001636909679034
0.033964013712539237 0.28832919811527952 -0.22963236657994257
-0.013539420663388545 0.22436361048382969 -0.25351843405863922
-0.005767609897895507 0.24553155944896474 -0.21574054651817598
0.05694427738897978 0.058356855720474589 -0.20693777404800742
0.058407281344380127 0.049603580725839189 -0.20398984582661353
0.046996699020409489 0.053122851236243891 -0.20093938712018672
0.056075243139976867 0.069489545074666398 -0.20985812510446147
0.07974069329915448 -0.036001596101897113 -0.16227195923371401
0.076819635135907116 -0.0086415129475688468 -0.1673214088448855
0.07984675931815402 -0.017548230116356933 -0.16571344799685248
0.074238695340251626 -0.020942342724342266 -0.15764465237816072
0.065583708189889067 -0.020520199968724121 -0.14904269823729793
0.048691634004022162 -0.040015134260839753 -0.14680682655678759
0.054735982873409347 0.080651932914178076 -0.21378327491423779
9.3598312019125158e-05 0.21160881814573823 -0.27445940174311528
0.027629751057886648 0.19715131264930733 -0.27118054754244281
0.069333495514919519 -0.017249831049571611 -0.15944636048756625
0.055813613626444679 -0.013946228111132566 -0.14351877996780182
0.051312171780104152 -0.01275404605757767 -0.13909936250948765
0.016661110479747443 0.21173185472777761 -0.27350692889249939
0.061691085292605904 0.019447597310682935 -0.18218267232030785
0.053867655731199761 0.1084723425909644 -0.2299088453361347
0.034142204624458466 0.18255874975535061 -0.26725186219869979
0.073687859148247339 -0.013468931025634566 -0.16076723597750719
0.066778718670617229 -0.013305589356375287 -0.15825276422042475
0.049459551981578843 0.12947129303249361 -0.25332539390406
0.048882552838221335 0.16836499509283201 -0.24280010928533891
0.044103925128895355 -0.0016319633052858001 -0.13887733097638191
-0.011425171351331033 0.17478481766947745 -0.22548377102347381
0.066267480459039435 0.012056210000001628 -0.17368254155768464
0.060436677841238004 -0.0083699839389299851 -0.15163919438240669
0.064257175845601477 -0.0037900532385298342 -0.15240216261241005
0.06334147254823877 -0.0090657770235669632 -0.15506583390288523
0.0045490782167931804 0.22473272022994803 -0.26803462941891637
0.063180252199359466 -0.022983052929893395 -0.14221275372052083
0.058788411905985133 -0.011440241635570081 -0.1472480611958257
0.057316215562271504 -0.0082610894927571312 -0.14160393477146346
0.049371163632412549 0.10335996047518647 -0.21718304437656977
0.03377450909192671 0.08479557872309347 -0.20757629148238468
0.060517995122470983 -0.0059481431717737891 -0.14750898360256456
0.071999288125774635 -0.02482082348575879 -0.14939908006113639
0.07375362008002706 -0.033204281627482575 -0.14899037233459148
0.065509461976589398 0.006945242097810402 -0.15079561597796368
0.055325002832253466 0.0091089888854010044 -0.14463388738088367
0.047033468573662661 0.0050749446294518219 -0.14220144001182752
0.034072908158712105 0.20982832324013259 -0.26328923572887691
-0.0093123362528601816 0.2371148672879545 -0.24318477538091057
0.051071048363578522 0.14226851177818486 -0.24899365768811879
0.043709359538217078 0.20659401676743985 -0.24723154755913973
0.073327941790442233 0.26244979658618478 -0.19636511327413314
0.077754430316689757 0.27749278650749304 -0.19503645960946558
0.05738409781443124 0.29549926099964852 -0.21871534479771645
0.002694337097887882 0.24721730204426406 -0.24927791461903759
0.04361177880073748 0.13018971353451708 -0.21830451575079157
0.030809610307492869 0.12445295612022855 -0.21244260043408358
0.045143372115090875 0.177502936183039 -0.25505709844092589
0.045826437277447916 0.18554061910282429 -0.24189571969666951
0.021473679315153291 0.22374135650569907 -0.26660273816242258
-0.017717714705177173 0.18599316745055566 -0.23390753425241742
0.047903917036252235 0.15675571575993555 -0.25468303894725419
-0.011058890032385978 0.15647711568336342 -0.22514082422870865
0.050941647820399089 0.11960715326553618 -0.22392460054418059
0.04565036768590866 0.16124442968399613 -0.22878595974832625
-0.0024138023771300208 0.23392015879568831 -0.25766278697434797
0.011289927277610671 0.13880368849086658 -0.21389499778758397
-0.012273699503327367 0.19844248965392847 -0.23045331756699899
0.044350705399767633 0.19832016017868234 -0.23573116267241617
0.074662959416249799 0.25627392585323816 -0.17435429301134842
0.07983049586190745 0.28602332286222953 -0.14768151766013715
0.063010546568960227 0.286756592606913 -0.13659408314071847
0.053990692313239254 0.28183866485930092 -0.134623376507707
0.039244687245129722 0.27452223086871264 -0.13902653050977462
0.032223823894153437 0.26971673310124011 -0.13512683654455815
0.022165936865823615 0.27346227778551047 -0.13603688298757421
-0.014623415377563861 0.28030919286532757 -0.095731088660955296
-0.030082891200143649 0.29432334240234032 -0.064233723658851563
-0.03927669372702388 0.27034888657447731 -0.023873482109146187
-0.05586683331213875 0.25205320540384984 0.010812227424083699
-0.060096039043047125 0.24406289863921768 0.040913763616153447
-0.038520089458160475 0.24902678832839623 0.096472558581699702
0.00065645531951001677 0.21579135482828671 0.12905108987080541
-0.054835871607463199 0.16498290330033316 0.1325328837211637
-0.0027829121232484395 0.15435013844902587 0.15154557118022813
0.025151341747264012 0.14405183511096376 0.14272158550625963
0.041991090030424484 0.087708858711614282 0.11683723422961162
0.029068713382313739 0.091394299318451666 0.13053530703000563
0.034177559964124957 0.076509701318849391 0.12851227449428779
0.041196301994721268 0.051473878194197686 0.11304784892415468
0.041024475043941994 0.034760702027043344 0.12151898830825135
0.047285905698881567 0.014441988320697964 0.1099139516161149
0.051422480439863687 0.022421688483430097 0.067383599317678886
0.051660775429215967 0.033330932090929556 0.04928520094239059
0.057981603054795286 0.047259521705949284 0.043711785197361332
0.048724160916515352 0.044161686844369379 -0.0040080238573255112
0.043422981286918287 0.015063535192035248 -0.025300423618086692
0.0371799354086053 0.015337185521054083 -0.03469858000823936
0.037483991329737322 0.0088537233330088158 -0.03390167065215615
0.034739002758029207 -0.0037313633746833821 -0.047675403879436529
-0.012569270142939442 0.018507852382347062 -0.059769051365764221
-0.080049885644034119 0.042697268675382351 -0.045083857481881096
-0.060112302499293717 0.062030982618618676 -0.048778490477031762
-0.089533601956179737 0.094745278412043873 0.012169872467277848
-0.12030264696115325 0.083124685370454102 0.053853110827304172
-0.14400203824641075 0.050071685423023787 0.10570030223465977
-0.13816628588105598 -0.003607619685850637 0.099371696434353812
-0.11978080214767554 -0.016348976994868845 0.068461937177507634
-0.10963947651773275 -0.026959821535582906 0.058964785836288676
-0.095719372184232987 -0.040822650218822913 0.07130167805952195
-0.095274602011228254 -0.043444602208491598 0.083976567329967167
-0.090440112865229141 -0.046783560486597153 0.066515979282262661
-0.087373390702555759 -0.049645928785998057 0.072454969239443667
0.038703043441438739 0.22078635721637174 -0.2525136353053169
0.00048250704835077214 0.17215438039828887 -0.21907384794193488
0.041023767937148681 0.23760772072290567 -0.24506638655796245
0.003052133135312966 0.15486137666060368 -0.21639674162238651
0.04232484443687639 0.17531019801692196 -0.22945205434764335
-0.0099982298423905453 0.23484505448136422 -0.22626512403010379
0.033851583732399708 0.16039731574558644 -0.21986792887084483
0.035565610599432314 0.2560441161454059 -0.2454439815856008
0.020276547514045118 0.15474965378725758 -0.21546689618915718
0.011119514540418081 0.18593235626632923 -0.21711021237685674
0.019651465108741179 0.20872452953574391 -0.20378407774975443
0.028133918201531126 0.22979701908377953 -0.18414347945821272
0.016702829780553933 0.25271647157599358 -0.25117508214554268
-0.0010377725573093059 0.26273971037145022 -0.22205995993016867
0.032097958884940637 0.27383492306559565 -0.23947105050233999
-0.0017675067680261521 0.19103342467341386 -0.22146457601018457
0.029913706000343439 0.17537949448266829 -0.22149427449550446
0.04925590522509974 0.24760338235342236 -0.23480555987994686
0.0057518668722479818 0.26019624723584134 -0.23934730681350716
0.015562266522912198 0.29313964563030548 -0.21625673447730709
0.045895026636400944 0.22223168350193892 -0.23897678285380214
0.028263318744710577 0.24443200838533619 -0.25298174000250151
0.059424808019982407 0.23237513045226157 -0.21218733488169139
0.051864422185695119 0.2308081817982417 -0.22765176045182445
0.046275450091212637 0.26427625343335692 -0.23650756593149283
0.046418285663465356 0.21217026093964245 -0.22758953505401139
0.058978623633391007 0.24442352310381613 -0.21919971295114768
0.025188818407310534 0.18922676681645495 -0.21826916041112507
0.0058268201923409877 0.27893811279306024 -0.2191509225824079
0.016477262713481565 0.31524309688301644 -0.18816691711226197
0.014225127576724648 0.31607677579235283 -0.16539242151268052
0.0090109220827072154 0.29915146758719946 -0.18570759968505929
0.012630601757764875 0.3105910412896965 -0.1751200896685251
0.01391400058765933 0.31018940463108496 -0.16017043784393645
0.0093418480619857809 0.31820516724027692 -0.15540029541613043
0.079242183009856595 -0.6011927631175783 -0.32284318407673923
0.086982173969649773 -0.6035339937102947 -0.31844568692901826
0.088530030740249746 -0.60565248566311225 -0.31262195537915016
0.090536092712927715 -0.5994716651826123 -0.31678540017827878
0.095577764149372593 -0.60018796436425592 -0.31174302163504058
0.10197071666787159 -0.60428494112481146 -0.31108824074441677
0.093908992117113121 -0.60460950314295014 -0.31399374255821089
0.072002823659741255 -0.59873627411754882 -0.32184192085738356
0.073537952508061291 -0.60342651347770848 -0.32189424676009004
0.068895796409848026 -0.60298457173187714 -0.32076499721114154
0.066163535760419848 -0.60074799294457348 -0.31826749601709903
0.071355113837050732 -0.60378713794230698 -0.31628476856860094
0.071782913447015539 -0.60533287339252695 -0.30912036253857861
0.084018689398802596 -0.60905225512544425 -0.29234496097361118
0.073713314992807186 -0.6103745448289718 -0.28997968874992142
0.077766451132176312 -0.60513205506322121 -0.31364584601589235
0.082980656626193749 -0.60397593545612616 -0.32065822408534866
0.079171472330523573 -0.59421574038778835 -0.32043760676582966
0.067072875096642587 -0.59619846783628649 -0.31976939084613254
0.064256468738808109 -0.60213180093912089 -0.31114551639467652
0.055946549703590726 -0.60318963270194292 -0.30422576931514644
0.046085945470600069 -0.60009462626753629 -0.3066157902766028
0.020941227899775532 -0.59209512711459089 -0.30455669529442503
0.012818692164790681 -0.59634978869005917 -0.29872447846303696
-0.0074872936192748041 -0.60030958673270873 -0.29383554209395141
-0.017836508646456698 -0.60119559154475144 -0.29451153618837517
-0.028800199477042585 -0.60280638081995785 -0.2948155921095072
-0.057748444489190663 -0.59381551794276344 -0.29034243453489988
-0.063221451069566961 -0.59684405633859694 -0.28438435269429896
-0.065179429780298503 -0.60238635938471974 -0.27987371845964515
-0.064330901628302156 -0.60177754043566234 -0.27139621511440853
-0.064180287881322823 -0.58543559533500633 -0.27227727017889802
-0.048324832254478083 -0.56062675349101376 -0.2434959023699759
-0.047626917849461131 -0.55188974195262486 -0.23941589617246023
-0.044855059219606433 -0.51894987909212742 -0.22903556844637177
-0.036920613891647441 -0.47152351935667258 -0.19629723102197344
-0.0084659294212438806 -0.42661940955302685 -0.21520243824845164
-0.036155524341264067 -0.4817991952773481 -0.22186479845520951
-0.010778875742227223 -0.49553191631061538 -0.24153155969810439
0.016006329589123545 -0.49297713946631311 -0.22437573467832528
0.027261348418561541 -0.44828516170066646 -0.2007244266550143
0.036481313896794973 -0.42704720916299177 -0.18072744653963416
0.008004709115798191 -0.45085125225366213 -0.15770758488276712
0.017571864029556804 -0.46854942818392548 -0.21896141796179541
0.085917271138894385 -0.5943953455132942 -0.31615253959824818
0.091211379700558134 -0.60369662827276072 -0.31735603536049628
0.094434372464557534 -0.60615735991355002 -0.30324501219279737
0.088528616526663079 -0.60652434833928848 -0.30705914623602087
0.085708674634861953 -0.60711195408454588 -0.30074821810554819
0.094146579999672089 -0.60604139439944382 -0.30874206040414692
0.083451589750551711 -0.60520417995614084 -0.31509824336939274
0.084044145243362484 -0.6111566049423951 -0.28366593219227543
0.097876568334489308 -0.60684466771666712 -0.29370967708473861
0.092390126725039712 -0.6088818423882516 -0.28778765769059761
0.097338460064764959 -0.60954015881284207 -0.27953854983960663
0.10701450942469642 -0.6066212219699747 -0.28082477709667442
0.11242175507329302 -0.60244363503497944 -0.28434334050028581
0.11734958231601171 -0.60452747875492374 -0.29158057853002117
0.11721735334565894 -0.60177966175604225 -0.29822808949411905
0.10930412122149985 -0.60335580279837553 -0.3019000950718832
0.10386859130117004 -0.59477647607489936 -0.29531198107842505
0.10603799494310732 -0.59141064773864727 -0.29125813783226256
0.10954878017199214 -0.59049282312090456 -0.28526894329275515
0.1140933555327258 -0.59856303295318292 -0.28893812044334594
0.037332670475964669 0.19996064793920851 -0.2193446698437804
0.084150918369155364 -0.59947590782337223 -0.31938472475056084
0.082092530493770924 -0.60663748542622131 -0.30877458731664009
0.066284451022079319 -0.6065837453099282 -0.3003635520099765
0.037114881583618885 -0.6024160578700396 -0.29781584623360752
0.046766889312577116 -0.60567864861446541 -0.29308318046584797
0.029262460643686195 -0.60475304582199607 -0.28647173194820996
0.038845879013691381 -0.60797886701316883 -0.28008867892481759
0.033833906062566414 -0.61053576517785113 -0.26586310445659916
0.078359006624987085 -0.60507760784013465 -0.32016466354360418
0.065995244343607248 -0.58636049102068233 -0.31528209113565864
0.072570630414785467 -0.58528286026764709 -0.30830082576510881
0.072276473988760068 -0.58233776047342645 -0.29722541206117675
0.055702597859891775 -0.57519244632682398 -0.29041738785499288
0.04512569444525754 -0.5716519626126193 -0.28618818212408453
0.019947035748353156 -0.55891555505115442 -0.27469203987812096
0.071379155468023953 -0.59350297674011143 -0.32085409266710119
0.061281670459267641 -0.59789340281989911 -0.31656478285875972
0.055504607957759314 -0.59461949836677996 -0.31723158456487022
0.041150340053154752 -0.59356732345830454 -0.3123101212832915
0.020683133920209981 -0.58120709671089132 -0.30377251386062176
-0.0066331086129318229 -0.58005946238531625 -0.29909995217029528
-0.021714282301079909 -0.56943730413590887 -0.28787180339900387
-0.025599834130429745 -0.53806509703622463 -0.2688725509690128
-0.016279459487543408 -0.52409832365436504 -0.25648969680421302
0.044924169009158486 0.21009136696725147 -0.21360649821590524
-0.0030820182968271303 0.22526800007249898 -0.21302242800461443
0.028334029424043599 0.30337006671620781 -0.21467564368742059
0.024926481786985016 0.33224123708788283 -0.18847521567415396
0.056650828069747736 0.3713223224484537 -0.17120908199461535
0.039382573069829126 0.3464335775368147 -0.19166285309848688
0.012103100089940493 0.27297508120490593 -0.23349387677831915
0.093346135109622252 -0.59387279359302325 -0.31125158241367606
0.095850000264804724 -0.58975884626942776 -0.30336451324087016
0.10135199822370761 -0.59231927996807665 -0.29387301875399796
0.081381888166474001 -0.58898597854431767 -0.31233911266181802
0.074300920738064644 -0.58821947478034764 -0.31631375994712752
-0.001662854962613265 0.25521962962438283 -0.2020163107664287
0.088696200836682351 -0.58746923447262422 -0.30756119205928534
0.097838384567649483 -0.60458121887121685 -0.31144674388863525
0.10166666074673956 -0.60052454719788106 -0.30974898047784921
0.066476784069865208 0.25309618792401195 -0.20739173660932544
0.10196011006597162 -0.59266788361718836 -0.29896843030673587
0.042318480475736435 0.29856174052156198 -0.22145609072866462
0.060762654072963232 -0.59090860191538264 -0.31793869135820046
0.039478032486928646 -0.58415219650511196 -0.31030335220382016
0.025218516892630358 -0.57319204120849265 -0.29612020414320156
0.057657041036656663 -0.58435089351403768 -0.31334461852193368
0.061015798304975465 -0.57839422588702349 -0.29666396926727251
0.049184487438973329 -0.59519649751013748 -0.31437063047905595
0.047829670822952523 -0.5866383839904612 -0.31369251506425216
0.063096813597746521 0.25114245185404049 -0.16837358375336098
0.0076900465927662578 0.21175943189271759 -0.21002783073486075
0.0047138340996391425 0.28281588644768335 -0.18470775067929027
0.013098706454949514 0.29686114868360253 -0.16362960427690815
0.013240834920408904 0.30621829287974206 -0.16541504893006709
0.10461883160889346 -0.60557328970225921 -0.2946720494304611
0.10981535943307764 -0.60529398251889377 -0.29759805734126182
0.10549210849865635 -0.6037927947966536 -0.30872438273431368
0.1008874290604896 -0.60589290197284451 -0.30636618157855716
0.099825354656907533 -0.6058978517203979 -0.30042224187382294
0.10090652094390952 -0.59622958053519293 -0.30599070787129878
0.09041305613088825 -0.58626008185602951 -0.29729188009974977
0.09574959110015184 -0.58710719579443915 -0.29010060401158089
0.10588667408933465 -0.58768914468534994 -0.28687761124758149
0.1073807907436415 -0.58802431330538851 -0.28321550516492405
0.081141471856741712 -0.5849957749095549 -0.30196656311045622
0.064206971263274987 -0.58154721507848317 -0.30537057521354816
0.053445512975581561 -0.58031826347167526 -0.30827042017299561
0.055929579140550807 -0.57914729462192027 -0.30528006554400189
0.050945890461159035 -0.57879232701166849 -0.30562371944556038
0.05268608027954489 0.22025885554854741 -0.21442815630975501
0.047445711834174176 -0.58035220459775505 -0.30778605201956438
0.046835478671530144 -0.57503122597794476 -0.29668023272351912
0.054247372079218086 -0.59000067679274659 -0.31692611443015151
0.028947798120654223 -0.58781147416059609 -0.30825415671674899
0.0030804174070461461 -0.57710870573674911 -0.29807959706751974
-0.007432139289395027 -0.5692520421560564 -0.28966078358612951
0.017580349311076736 -0.56682383742776032 -0.28793261458323033
0.10561726640107581 -0.59990158611295707 -0.30519167719483564
0.10737018414174156 -0.60431676093051134 -0.30569513723168679
0.11856580600053977 -0.60280567371316462 -0.29423576453897637
0.098676306117745846 -0.588232909809421 -0.2959441345516623
0.10038184770325846 -0.58893153132123133 -0.29123692462846268
0.098439425341980177 -0.58968954980368127 -0.27483628966396029
0.091941821018068318 -0.59343509448795173 -0.25659364150283254
0.1091322942707206 -0.59732983870561485 -0.25998280436326454
0.11229164742332026 -0.59339549650752532 -0.26727731804325966
0.13050671841950812 -0.59929418137748647 -0.28182533320923675
0.1229435041580475 -0.60183410897912881 -0.26311670167130435
0.12807144262327866 -0.60091628436138611 -0.26555975564226048
0.12692380829770361 -0.59596441548769419 -0.27043525698227266
0.041337016246593951 -0.57707122907670261 -0.30327400357132395
0.11234185200564673 -0.59933731489187958 -0.29892176125837605
0.10997587267516362 -0.59557126411060257 -0.2935032019010862
0.065391375142103261 0.23992349547106226 -0.20081422921776723
0.058027564996361782 0.22539103665453852 -0.19950820297048624
0.058902256099711323 0.27671850456879649 -0.22126375768087878
0.032079574108314052 0.21129415562270623 -0.19765063342440761
0.051465613954256834 0.22516476248067277 -0.18758072558059119
0.014015823965898892 0.25906275504613291 -0.17192396696267226
0.02104729391877512 0.26685719322901252 -0.16144252296513761
0.043496520393424651 0.26473799416940158 -0.1563032707912132
0.051872200360421755 0.27190098598583723 -0.15200052595379848
0.068131413966258061 0.28196311565492699 -0.14568606228935913
0.10665600628047797 -0.59848383699232999 -0.29980635185683224
0.010275936135975064 0.22234764901604498 -0.20176599496158981
0.057178329737572121 0.33022386140651155 -0.20732738989113242
0.003945916122082462 0.26702902017979174 -0.18503796955177548
0.013638228938260522 0.28531975160286582 -0.16356525755871509
0.016767883605540303 0.29082033534818202 -0.16061096537618122
0.030916383433285708 -0.57880788336112177 -0.30444426531428548
0.0047866660993520953 -0.56536790454029318 -0.28725944891597988
0.014129668159625063 0.23328871242924434 -0.1897458865817685
0.020412312018364548 0.28443162547044309 -0.22975681737556866
0.053671787149447238 -0.57718224484325542 -0.30036991597111645
0.049728959669837633 -0.57672050410721076 -0.30204363775092924
0.07069326187849366 0.2881474716693937 -0.21028026786007961
0.047404699640161016 -0.57811633291724474 -0.30490388472995023
0.036706880963867303 -0.57316375693675947 -0.29510904142873923
0.099776564288167752 -0.58756540099651722 -0.28394453226884753
0.10405668170819588 -0.5881918976154078 -0.2805567836220022
0.11006143259715656 -0.59254201860797562 -0.27461284391726798
0.11404315095039934 -0.59423483227120832 -0.27916519745272822
0.11660004911508161 -0.60031241515988198 -0.2846770949067377
0.11911947061971738 -0.60460879603615669 -0.28244122322622739
0.11397526869823964 -0.60679587734792728 -0.27840010790234487
0.10668924029976451 -0.60990361170461382 -0.27189543251049969
0.12360252768943131 -0.60622807059288308 -0.26769663237170449
0.11686097152182048 -0.59907568537834732 -0.26209563946173542
0.078132025344328129 0.26330893134008104 -0.18383871643028737
0.098032131829022012 0.30207747549800013 -0.1464306457427359
0.082338603657849924 0.29805898759150407 -0.1361910322685202
0.082825800238454483 0.30124803922942361 -0.12841427175547385
0.11552878232318625 -0.59924326968836672 -0.29368775677414544
0.11169626350333617 -0.59567733012960211 -0.28662941676312259
0.011392457762643506 -0.58531468007334686 -0.30298974664040512
0.00021734200085192905 0.27219797083903602 -0.20361437211935515
0.0065685752185444405 0.24832109574865258 -0.18643521257539614
0.037764005619896138 0.21973559652148303 -0.18939940425303667
0.01316588160031584 -0.57463595328047312 -0.2973272354394163
0.11361817976760787 -0.59837211411898372 -0.28475204822683076
0.11027568595553564 -0.59475314155071934 -0.28194059161654955
0.062544563192155581 0.23470716865666486 -0.18776810888082368
0.031203468791377795 -0.56703809078613931 -0.28344036512520304
0.12606679486418731 -0.60326034338127588 -0.28236344147896109
0.11593890426331781 -0.60830342903130741 -0.27002018529458782
0.12189698610391871 -0.60016180141290265 -0.2848100309838838
0.071738365719035788 0.25005775003307174 -0.19017297908493996
0.081138643429568447 0.26839444339771246 -0.16920443423552403
0.12307714734198692 -0.60655051129064164 -0.27612888088216803
0.12580870088462176 -0.59803977392611851 -0.28386675052158122
0.070190508948435759 -0.57949377695065207 -0.28647314616179664
0.090478817062667971 -0.58721043338626533 -0.26667344884175564
0.047763202784379531 0.31398444679088844 -0.21351669565315232
0.11960313166635528 -0.59604643987572048 -0.28192503526709628
0.067405215289507811 -0.57665969292298436 -0.27510993999297911
0.029959667941909834 -0.56822390887855423 -0.23969591046261901
0.017255787292938151 -0.54649239579913489 -0.23563641036210992
0.013921778762385912 -0.52701796760402586 -0.22411339805799974
0.0078385390193655476 -0.51809357276540446 -0.24014421616959042
0.0087323220061350237 -0.54386761538229289 -0.25607533222332146
0.06811656472359813 0.26976340214959982 -0.20824945714963508
0.073903526720213095 0.33172787755592503 -0.20230127480414081
0.10718704348226907 0.36941949806760194 -0.1597419311271783
0.11409971949386581 0.34130351775120371 -0.15581607421060861
0.085203093277630856 0.31644447132488451 -0.19806994775285247
0.13248096058648623 -0.59733903109392816 -0.27445586620914858
0.13086663577731322 -0.59812745516849142 -0.26931378560805086
0.11950837935604904 -0.59383248850580339 -0.27374027413429841
0.12140837530972748 -0.59694092996928327 -0.26661970872546253
0.080597706732670735 -0.58272171946220475 -0.27667971707417233
0.076492244690595165 -0.58145104855459029 -0.26505700271220262
0.092055665211794549 0.29259375918585451 -0.1564015586354861
0.06867800751750236 0.31051043111525684 -0.21087706599365041
0.041759159002212116 -0.56696172325245964 -0.27233596004274446
0.054861140775828751 -0.57141296051647372 -0.27496144756637975
-0.02795025711145957 -0.58862535407971928 -0.30032324692275669
0.10616315284552677 -0.59190986513473842 -0.27627878752235407
0.061369351701640602 -0.57413249324362192 -0.26187077950145637
0.10556776892554276 0.33634669912995835 -0.17339121355883258
0.0068054559943100243 -0.55255088680438869 -0.27021322544916693
-0.0081350034419653341 -0.58882970794299172 -0.30222889973078176
0.10260923410224884 -0.59093971461428918 -0.26679082856944847
0.032066846186034059 -0.56146821057507679 -0.26515599766326886
0.042268275893409916 -0.57157347375855971 -0.24533508713942795
0.018430998783453122 0.33789879854131843 -0.17309210738525388
0.012959406416663467 0.34406406267236506 -0.1582464002592848
-0.017726907093490493 -0.58676283478608726 -0.30110601414297328
0.068076966743171582 -0.58272171946220475 -0.25363934932029869
0.057333186125311388 -0.59004027477317311 -0.24643180977588319
0.042074528632037422 -0.59839403442957706 -0.24388693242668755
0.039458940603508734 -0.61132489635920773 -0.25694153804515107
0.048464652723363096 -0.61330691670091242 -0.25641969323167335
0.04382886058628984 -0.61175198886237925 -0.26673567423956868
0.025010627495391246 -0.59976582160863767 -0.29772462945726791
0.033370751112935068 -0.56245108901780583 -0.25193027220081937
0.039525408642081844 0.33095500983081505 -0.20236491441554053
0.081891712164465197 0.29651890899563071 -0.20052219411212185
0.041607131041646171 0.23149266117418546 -0.17910463644894123
-0.01655876667090889 -0.57703516663024268 -0.29606151427935512
-0.034974655996402509 -0.56921880813676984 -0.28471527867357754
0.054478596000637085 -0.57675090969932397 -0.24983582187897516
0.082899339344960826 0.27445859125731281 -0.18089785927682678
0.087731707170579917 0.28202251262556688 -0.17111927943186242
0.11677611870662093 0.31002535585503233 -0.12961352487696201
0.13862571862052636 0.32153917577082919 -0.098639418901922696
0.12923321908472035 0.36137757250705688 -0.076320300077245953
0.12536958756596372 0.35598022635356691 -0.093839577988796788
0.11053307282830792 0.36620499058512257 -0.11587656120293477
0.086830853115877155 0.28739298872091035 -0.18535051075442752
0.10926593745466008 0.32308915386180914 -0.15955525493373912
0.11788132662459613 0.32288055735777677 -0.12819294732916151
0.12870006056254932 0.33780616755139209 -0.10419232854994533
0.099924349607973834 0.31974312451577031 -0.1808589684031936
0.020571411046863802 -0.55454068532082013 -0.25740752142195572
0.077253091600218593 0.34919412245797621 -0.19304312555906752
0.046858813195710051 -0.5676949929971431 -0.25919720871587465
0.090711455197673679 0.33522169222177001 -0.18941637481607657
0.058013422860495184 0.34849691515975256 -0.19731263637719573
0.092192843929700619 0.37014074699679883 -0.16900856565377154
0.1167386420465744 0.35725867543590789 -0.14784768775656976
-0.038420387400300945 -0.58609391175959691 -0.29783281679664747
-0.023188599965173532 -0.5968200147076238 -0.30020869562223718
0.11774273369310334 -0.60565036434273223 -0.26278577569202577
0.10397112178620294 -0.61095012975874263 -0.25735378130566261
0.089227238038473392 -0.60329074897338908 -0.25232483779149767
0.081093388594795243 -0.59782410635415273 -0.25024452960552002
-0.02885393959333566 -0.5781799725286445 -0.29537208515585811
-0.042778993674388754 -0.57780237750100605 -0.29096186008585717
-0.04862393842805679 -0.57059554506338395 -0.27972239760587247
-0.03546609521776705 -0.55973579893141756 -0.27504912880875271
0.028159374046091021 0.31662831909115047 -0.20313000396592387
-0.015556796344759892 -0.54443259371016373 -0.27471678861588744
-0.0062335932747002113 -0.55519546621144389 -0.2779800864671067
0.081700793330265947 -0.58799956456762192 -0.25604351241762163
0.093709588001394062 0.30317136970728203 -0.18586669871355863
0.1177031357126769 0.35249348275565529 -0.12763362585563723
0.027571061194040236 0.25596916282531296 -0.16417619782815243
0.032493938689205595 0.26571097311702407 -0.15675864756611788
0.034986490135694812 0.2717850204717312 -0.15329382427879953
0.029403882002352312 0.28025757406941448 -0.15353706901570516
0.031356910965530518 0.28392887254038518 -0.15121351609282188
0.034095535576098679 0.27852304110537529 -0.15170141978021975
0.030144929921762435 0.28120721849285696 -0.14626730407347663
0.022482013602442247 0.28156218610310874 -0.14482127068111619
-0.0047451334747399881 -0.54343133049080816 -0.26762380037199152
-0.019708927435195249 -0.55780469027883262 -0.28079790703852781
0.013433875074988005 -0.53914060646888007 -0.24289839712961184
-0.0031831345682734216 -0.51903756033450033 -0.24879354646560631
-0.0041320718849226562 -0.53211691469073041 -0.25773774029444096
0.015793490444331194 0.32291237716347654 -0.17462794334036724
0.0065289772381179447 0.33083197324877567 -0.1489670378104116
0.02089738727858911 0.36280168558882403 -0.15409073363488276
0.049074178779213856 0.40728223842326489 -0.12933492480038988
0.050220398891202236 0.41812784241936451 -0.11365129612432442
0.089483210697659007 0.39749658751036709 -0.092870841681934324
0.095077132539694797 0.39692595232814959 -0.082195650423027164
0.10523472162588419 0.42182530384168859 -0.059073258281127243
0.10641134732998578 0.44952267693643538 -0.055568837013382395
0.10154291705790683 0.47257718682617567 -0.067469444345130913
0.07210676835836087 0.46680648828580723 -0.1014162272793307
0.059577543087341742 0.45912023744230723 -0.10327238261182264
0.014890515069248433 0.45856233018236953 -0.10108388708646544
-0.00045865209357182139 0.4532477155236993 -0.072168168986810555
-0.015721552227605753 0.47810676195001839 -0.054293923465007915
-0.018098138159988807 0.48247102507845285 -0.05357833139015767
-0.015650134441479384 0.4900151474564936 -0.050243615752812096
-0.023718222953377829 0.48492539275810226 -0.059332766474279423
-0.024156629165242607 0.48003787060260339 -0.067753701276049655
-0.023909848894370311 0.47526984949517737 -0.071201554000328099
-0.017135765814266304 0.47136308446202763 -0.10377513554188049
-0.024653018134160445 0.50033395689156213 -0.12109359512412551
-0.018320169693094499 0.49487509244705247 -0.12829618492098771
0.0024800837395088111 0.47870497429717573 -0.12532704349579388
0.028442216763423157 0.50225233762186716 -0.13608284492914066
0.01532185021317992 0.536070427119681 -0.14347069670585536
-0.0011183827317489397 0.50109763222835879 -0.13958443776971219
0.11345200967117525 -0.60331054796360239 -0.25911801275502166
0.10628831074794624 -0.60441292745440423 -0.25662051156097909
0.01758388484504339 -0.55001237341633291 -0.24572258166217292
0.014869301865448464 -0.53702706426361591 -0.22852220891441405
-0.015279610481774421 -0.53459390978776633 -0.26521044488635531
-0.046986279094703889 -0.56327416132524233 -0.27116216276581617
-0.058468279204800855 -0.57609330038152684 -0.27759612747832835
-0.056437468494356317 -0.56783146460825584 -0.26939580999607721
-0.061000428631716563 -0.57645887459367851 -0.26473597622803069
0.10021850603399916 -0.59722589400699533 -0.25735448841245595
0.0020218785374307279 -0.50512169864176049 -0.24123952459245898
0.040646172909510295 -0.39531013495794909 -0.18234742820315383
0.032215338612633426 -0.3791506234099723 -0.18874320914882614
0.035460958794019393 -0.4122156441728892 -0.18919151485579755
-0.0026195704539891795 -0.41053626553872979 -0.21012611857913366
0.0056189307951018553 -0.46054922192418674 -0.22560539339192667
0.014133203693591679 -0.38466464218436175 -0.19967013042615889
-0.016876257621114166 -0.38296122191922916 -0.19728576631904918
0.012107342730700439 -0.35084231004578814 -0.18668128573947507
0.013476301482587844 -0.33597680392960577 -0.17681926729289776
0.049183073225386689 -0.34812348442543323 -0.16490239650490263
0.013805106141486398 -0.51284542614530715 -0.21648442286475947
0.032552628553051972 -0.35851795428738831 -0.18249945616371982
0.056823362127320282 -0.36283979100822283 -0.15597305191872793
-0.01059856350992798 -0.33007599773926466 -0.099491482587885677
-0.029762571822765087 -0.34013388476759449 -0.14324937227954299
-0.007793470860786785 -0.33378830840424861 -0.1726586509209424
0.0084537219295629119 -0.29313744596248448 -0.13982768250661781
0.007062842867082266 -0.26892610935885586 -0.11782605463214633
-0.0075092139298680053 -0.26780534509142745 -0.093192575272899592
-0.026068645934407695 -0.22393643963321727 -0.054464336202200501
-0.060751527040464298 -0.1390807960064111 -0.030150469113539042
-0.056775465541568135 -0.098746717408058959 0.036656273613511911
-0.060012600441434145 -0.078193244246327842 0.048759113488152893
0.053144992588416207 -0.37850079226690181 -0.1609213852584532
0.049110241225673652 -0.39113466934333385 -0.14879026111207902
0.041201958849067875 -0.36697636574920506 -0.11248103438136281
0.059824323358213964 -0.36087969097711131 -0.13991819217616408
0.043998566216689114 -0.37692818675853523 -0.17714453641782971
0.0043659375573205745 -0.49072641854314292 -0.23583157183706907
0.00043371667961093443 -0.47535250264255607 -0.23267928975240273
-0.026473111020192661 -0.4726068069640546 -0.22761711221895128
-0.0074788083377548128 -0.45108813302942774 -0.22381287767083441
-0.013482852119922185 -0.48168605819041532 -0.23605148204979479
0.069950092638703457 -0.59364722652595081 -0.24880839570826627
0.046969828962262913 -0.36273513920281003 -0.1715605140709005
0.024456255769420347 -0.40365965197359288 -0.12819153311557485
-0.0083796623924575799 -0.42897478228161001 -0.1367397471401445
0.04843283291766326 -0.39196339850511691 -0.1680080095412092
0.018643130821452161 -0.36737517398064323 -0.19274896913304215
0.027986839988518399 -0.39768742799712542 -0.19540627646237732
0.014044108237632054 -0.40443676233946291 -0.20478463386231671
0.0060842070651131504 -0.53041349442559782 -0.24735104860721255
0.013159517639175861 -0.50446126089679 -0.23048867290666553
0.015878343259530792 -0.47093237807744853 -0.1826741115416724
0.020837283201155996 -0.43569936788618102 -0.20900040456415184
0.012770608902844214 -0.47951806876206471 -0.22700263641554727
0.017510345738537068 -0.45190837690969088 -0.21547820989785044
-0.0016126503802868634 -0.36850513063638507 -0.19577397199490909
-0.020850197799630314 -0.36486989461187413 -0.18651582274983577
-0.038614841768466787 -0.40526124886048603 -0.17572113044285584
-0.011815494301249381 -0.4656375624089914 -0.22935093807619714
0.021818747430298397 -0.56483050337736218 -0.23374914233071142
0.034207258449444819 -0.34184720452783374 -0.17373628167397775
0.042039173292370932 -0.41189815322268397 -0.17237934373757696
0.01012320106861569 -0.42326418781867475 -0.21174822156303327
-0.0037283139059310385 -0.39261605807536076 -0.2042960230681255
-0.01372821817720778 -0.51020084673825195 -0.24822361839018212
-0.042544941325796455 -0.5549493930473649 -0.2646157680731645
-0.028371692760284443 -0.53027419438731171 -0.25951611387966661
-0.027338609735228881 -0.54899767516790399 -0.27461142970368124
0.055344801822466733 0.26087365554385161 -0.16006012918417692
0.050409903511814742 0.24953802653997403 -0.1661674105581705
0.043729865635223616 -0.31614033705631162 -0.15099714141406281
0.0089175839859875847 -0.32125696181284946 -0.16593689374354484
0.054378893942777534 -0.30983860131415225 -0.13827841152243117
0.068278492179270733 -0.31533494241870841 -0.089570067170668607
0.046743554788397236 -0.31199174149984288 -0.067753701276049655
0.028886279829634504 -0.32442762867414243 -0.16456086392372413
0.025547321551528949 -0.29235609295585452 -0.1418528363627157
0.054647594524243032 -0.29517462063406896 -0.12921754507269706
0.047310654436648114 -0.2508581165756808 -0.11367533775529763
0.010505745843807377 -0.23763380532681802 -0.11230425768303022
-0.01968559291101531 -0.23836566085791477 -0.069797947015567491
0.009109917033773415 -0.2654966414112041 -0.036047032663120183
0.041777543778838723 -0.26125470775801574 -0.034517560669146824
-0.022172487503157874 -0.22077991490779092 -0.033679639119050454
0.032064017758860752 -0.20406108188628991 -0.0037265953535800555
0.068158284024404575 -0.1955114536481336 -0.021760647010675337
0.076944085931533235 -0.23077981917906762 -0.057575606092853719
0.069465017378478919 -0.2170704326699803 -0.082506070305299162
0.055538549083839185 -0.21010755207605708 -0.09606484306740716
0.02493708838888492 -0.41810937929529701 -0.20143082634155127
0.023795818024449855 -0.4651277384110003 -0.20567912395587956
-0.042870210450728349 -0.54715990461203867 -0.25737782293663586
-0.053159321400477189 -0.55998752894984316 -0.262039070918269
-0.053458427574055903 -0.58268070726819166 -0.28961835717852968
0.067476633075634243 0.24475444908309479 -0.17894624452723523
0.10814375897364492 0.35466359350438587 -0.16699967525392023
0.064174444350781817 -0.34004478931163484 -0.11942906573262609
0.05952380297104861 -0.32844328815346502 -0.09371936983393063
0.032877190571190575 -0.31191042421860993 -0.061628742232222818
0.0040576389954286004 -0.31756374303128548 -0.079054682047054084
-0.0038789276529103806 -0.28382484949432479 -0.072658193994588435
0.033517829325947796 -0.32510220855497951 -0.072330803549276512
0.017913396610735315 -0.33083260200812803 -0.077510360810420786
0.069818570775144098 0.26209553608272645 -0.16327251534627635
0.046155949043139778 -0.33140677272431224 -0.15923776398353381
0.019447818352261993 -0.60838828184650706 -0.25938883465686713
0.0012101199386875664 -0.60394835829118632 -0.28337036155266337
0.00018622930194532665 -0.60745065823855116 -0.26758137396439169
-0.012331682260380507 -0.60712892464758583 -0.26234878369374764
0.031099524092758256 -0.43252233706374804 -0.19497564842523918
0.0049139453221515739 -0.44032101788738759 -0.21873302246754972
-0.034174211106352659 -0.54498130858178806 -0.26491770267391657
0.079964846152640129 -0.60826524526446757 -0.25046443981824573
0.056178480731803052 -0.6089461891064446 -0.24896466630959224
0.053791995304313389 -0.61341298271991196 -0.26521539463390859
0.063853417866609849 -0.60420291673678517 -0.24770248068349773
0.063583303071557684 -0.61170744113439934 -0.24998219298519453
0.071447037720183654 -0.61157874769801324 -0.24966187360781589
0.076229200963476296 -0.61361167972883779 -0.25546934170143742
0.081789181679432235 -0.61331045223487912 -0.26488941840218333
0.088395680449516983 -0.61225262047205697 -0.27281325712824239
0.075968985663530761 -0.61270234039261506 -0.27503710799326608
0.072998430024750274 -0.60363228155456761 -0.24836079710808817
0.093869394136686699 0.29554593004800828 -0.17155202878938056
0.05656102550699476 -0.28186899210397326 -0.1219053537228687
0.026146241005479701 -0.30839044660141185 -0.15319058668697333
0.093909699223906518 0.38213327821168036 -0.1535052492100053
0.080618212829677377 0.36263692970597794 -0.18163820008944359
0.095553015411606088 0.38474603781303574 -0.13465731763378685
0.064289702758094688 0.36312200496620267 -0.18557749203508653
0.012958699309870078 -0.5290452427805038 -0.23609885820494791
0.013976225985472338 -0.51703361968220241 -0.22969459197775563
0.015828845783997642 -0.50033599986450128 -0.21231037146373086
-0.0089870671279282839 -0.31916109727741854 -0.15798901338651256
-0.034361594406585198 -0.36678615402179915 -0.16838631167564092
0.0089310190150608919 0.28850243927964547 -0.17302493223988752
0.031816530381195147 -0.5812120464584446 -0.23765590736386119
0.032062603545274071 -0.59487759234634552 -0.24085273717650735
0.025816022132994429 -0.60321862408046945 -0.24686385202660799
0.027749959212752737 -0.60505922306350812 -0.24934791819157726
0.027242963641934934 -0.60676830018298744 -0.25162975181365405
0.057490870940224058 -0.32717827410019718 -0.1445525700996507
0.065491077199962791 -0.30656611107461973 -0.12565443394110579
0.065184899958450768 -0.33160971237399806 -0.13034113776729886
0.024367867420254031 -0.55775731412367946 -0.24311265048799088
0.019224372605569619 -0.55542527591927626 -0.23323295437158031
0.030794761064832917 -0.44479983231634157 -0.18250652723165314
0.046643852730537706 0.36058278447135356 -0.18172517422502321
0.039420049729875624 0.37131878691448705 -0.16359071340327497
0.10217224210397076 0.30823071881356012 -0.16469167868049023
0.025969464307147114 -0.60935843236695619 -0.26051949841940225
0.040456668288897768 -0.38997501420227215 -0.13269438917550203
-0.020600589101584733 -0.38202854805882652 -0.12020829741887604
-0.03784055982977013 -0.37902263708037953 -0.14973000604041498
0.025912895763680693 -0.46018718324600166 -0.1905548167533383
0.019954106816286465 -0.4834283693291811 -0.21178711243666642
-0.017488612104138167 -0.4403478879455342 -0.21813339590680567
-0.025923689041775021 -0.50259662028277807 -0.24323356574965038
-0.027840655558493407 -0.51682714449854994 -0.25051393729377885
-0.045298415179024505 -0.52598771300614355 -0.23984935263677171
-0.048805664873942674 -0.53482796213635864 -0.23950711294879987
-0.038175021343015349 -0.5379003411533787 -0.25461162116112779
0.044019072313695673 -0.58539599735457992 -0.24187097095890295
-0.01937517302874334 -0.40919276263140225 -0.20541537312196734
0.057862809113515781 -0.3442633884406433 -0.15122129426754852
0.028810619402748209 0.35451439397099305 -0.17405306551738972
-0.024825552191733127 -0.45677185743421644 -0.22108203123499293
-0.039062440368644848 -0.51642197230597164 -0.24107971845716636
-0.062153012704844926 -0.58761065583129024 -0.28365673980396211
-0.065400047099817532 -0.59662343901907799 -0.27727580810094971
0.067925645889398908 -0.61497568873317188 -0.25481385370402027
0.071423703196003746 -0.61425161137680173 -0.26354025864050917
0.057522690745923914 -0.61388886559182332 -0.25410603980389662
0.03105073372401846 -0.60970279337530797 -0.25600957129154178
0.026841326983323331 -0.60842787982693358 -0.25456424500597469
0.024349482643627445 -0.6044355548717909 -0.25124225729090904
0.030328777688028233 -0.60808846856613508 -0.25242595406294394
0.019583582856581405 -0.60417816799901858 -0.25005078234414752
0.023082347269979604 -0.6040374537471459 -0.24971914925807565
0.063654720857684061 -0.31910452873395212 -0.13176312952868605
0.024886883806558461 -0.60645010212598882 -0.25226331950047798
0.018064717464507968 -0.60263596808276532 -0.24647352907668968
0.017638332068129817 -0.57541306364634304 -0.23292465580968832
-0.0057838733541421593 -0.5887526333025187 -0.2379132942366334
-0.011867113097162504 -0.60318539006118299 -0.24643393109626319
0.0081107751347977396 -0.30719826454785698 -0.15338574816193248
0.032135435544987101 -0.26781736590691402 -0.12827072907642784
-0.0075445692695345346 -0.34915939587766209 -0.18446945568993797
-0.027883789072886536 -0.48946635423742829 -0.23515840616981865
0.045281257939790223 -0.60748742779180431 -0.24904174095006523
0.069887867240890439 -0.28052902473061236 -0.11342219352328538
0.061408242575273789 -0.24104206007066989 -0.10384372490083349
0.06771917070574647 -0.29309077691412466 -0.11979958969233112
0.062951149598320433 -0.25536309395598789 -0.10779150212799642
0.069514514854012041 -0.32344969997896666 -0.11856568833796979
0.062751038375807963 -0.34358527302583958 -0.13595627281313455
0.035480050677439305 -0.38145154891546901 -0.12002232833223016
0.041201958849067875 -0.29939251265628408 -0.14090248483247983
0.010730605804086434 0.3007085167461126 -0.1717988090602528
-0.037283359676625862 -0.50522140069962018 -0.23642836997063982
0.054397278719404099 -0.60117720676812492 -0.24664747734784892
0.050666583277793595 -0.37154993248846518 -0.12689894189736706
0.057372784105737901 -0.17210126904134823 -0.092781746225974696
0.074928124463748635 -0.18881939495605587 -0.061135888797271658
0.041011747121662036 -0.16809338773675225 -0.1018701898406487
0.022382311544582638 -0.1608639278817435 -0.10382392591062027
0.013284675541595365 -0.11830953395233429 -0.097838974011872804
0.072729729443284818 -0.1168005680553675 -0.058971434902887664
0.078182229926654551 -0.13186123564650898 -0.037706612307066331
0.064913370949811963 -0.11785486428422295 0.0025892825244459459
0.022154623157130317 -0.10704885826854969 0.033974924653203502
-0.0048759482315060623 -0.090326489713082034 0.049651482261335686
0.01522214815532031 -0.076716805261854246 0.045278733851381217
0.0037161064142501093 -0.062878725316380807 0.054632342513554089
0.01394935592732582 -0.056685884020394241 0.04989048435748128
0.021133560947561403 -0.058585172867279406 0.04417069750623269
0.032595054960651806 -0.034793150592095701 0.059647143891852383
0.042676983619954846 -0.027108313962182214 0.065533807946326933
0.041060537490401852 -0.029173065798706637 0.093588269971705551
0.036266353431622593 -0.017329027010424602 0.11293754026439512
0.03278597379485098 -0.015779048919444583 0.11621003050392768
0.029805518660963877 -0.024598791952653135 0.11794809900193347
0.030238268018482006 -0.030594350453300535 0.11852863367925759
0.026687884809170705 -0.028596066655349108 0.10987293942210175
0.028120483172457838 -0.028663948907508882 0.11424993047281616
0.026422719761671841 -0.042306160271229853 0.11215053040341859
0.023166492978385932 -0.048487687858523053 0.10856762028161406
0.014367256042184017 -0.056781343437493824 0.10098602124352686
0.0042648212858744008 -0.057661691395190048 0.093923438591744082
0.0028308087090006045 -0.053213989665142618 0.091952731958732617
0.020745359318023085 -0.038287672364733918 0.10356625393238904
0.020666163357170093 -0.04394947645892941 0.10447488616181842
0.024917996505465025 -0.036757493263967163 0.10865883705795369
0.027993911056451711 -0.024643339680632891 0.11232235735419784
0.023601363656284052 -0.033943208226512686 0.10630982829051049
0.032981842376603461 -0.032203725514920199 0.10148948128037805
0.027771879523346019 -0.038817295352938291 0.09895096789232237
0.020351500834138121 -0.051587644040483008 0.071118537400049406
0.017920467678668645 -0.049994532435109859 0.059734825134225344
0.010750404794299661 -0.054464861582543884 0.057846142889240199
0.0086029214629556316 -0.060089189016692891 0.052757095297642213
0.024725663457679195 -0.13743323717795153 -0.10107752312532549
0.064040094060049069 -0.15122323386147854 -0.082206964131720461
0.046368081081138879 -0.14514565097280482 -0.095864024738101364
0.040412120560917975 -0.28267014410081642 -0.13171928890749957
0.020085628679845889 -0.47763716469180617 -0.19631420158501339
-0.0063120821287598518 -0.30443064855876228 -0.14230892024441372
-0.024104303262536233 -0.33686422295523527 -0.16127635286870501
-0.025775196615175671 -0.42720347976431766 -0.20741648534709201
-0.031433465175404525 -0.38201582013654661 -0.18367042501347475
0.076436383253922088 -0.30572323977697002 -0.10028909905076221
0.037749156377236165 -0.12005467351827342 -0.091359754464587523
0.021141339122288005 -0.58857090685663283 -0.23706264476425706
0.022298872942969662 -0.59930690929976638 -0.24222735278274138
0.021881679934904794 -0.60228100047251354 -0.24652939051336278
0.033218016045575734 -0.60477001638503602 -0.24768268169328445
-0.015735694363472413 -0.18982702213655153 -0.091939582035118345
-0.032903540198738125 -0.15049208543717504 -0.079857248257483984
-0.054180383610046068 -0.10539634969253682 -0.055051234840664633
-0.048853748135889108 -0.17095009918180651 -0.045457209868759459
0.016861928809053187 -0.6047212260162963 -0.25068222871059148
0.012243107235019831 -0.56396359044873923 -0.22857382771032714
-0.0018884220296856908 -0.5640413721960057 -0.22396207720422712
-0.03431492535822539 -0.58412886198093206 -0.24484789055882339
-0.032525238064306461 -0.60382390749556014 -0.25081021504018425
-0.046225432185080496 -0.60431110407616473 -0.25462081354944111
-0.063292868855693324 -0.60458334019159687 -0.26914620129803157
-0.061433885096028047 -0.59956288195895191 -0.26390300442548759
-0.064465959025828273 -0.5950628543261981 -0.26879901186250638
0.02194107690554456 -0.27821607840962903 -0.13293126995126764
-0.015392747568707222 -0.30652863441457323 -0.12368796994885432
-0.034432305085918213 -0.35612934753951853 -0.15115765465614878
0.013079614571529537 -0.49258115966204813 -0.19910090945752798
0.0067375737421503292 -0.48375222424052639 -0.18589498298529181
-0.012902317442598019 -0.44566250260420448 -0.15152888572264717
-0.025467605160076987 -0.45374544035876285 -0.16592699424843821
-0.02224814793004427 -0.4948538008958116 -0.19007822677463371
-0.0019973164758585443 -0.4969963344796024 -0.19184245822399273
-0.025152235530251685 -0.34956598228382696 -0.17239772851420354
0.081591898884093114 -0.25027333925759665 -0.083086604982623338
0.079527147047568719 -0.27690368820120803 -0.070242717188572237
0.073595228158321049 -0.30780001242898103 -0.11427142878207505
0.058610928100859237 -0.12494926674170556 -0.080393235206828312
0.084958434327138579 0.27928176669461874 -0.15999224693201722
0.045467227026436088 -0.26675175596936535 -0.12196192226633511
-0.021293553759048348 -0.096213860874349938 -0.086887303996773524
-0.075547029584106945 -0.047214188523735268 -0.04265565275358494
-0.094291016461705818 0.017586492230637678 -0.0391533528062201
0.0041446131310082322 -0.1938384389751141 -0.10265224995407199
-0.0072426346687824812 -0.1322932778972338 -0.096971353976456579
0.005548927222562128 -0.50686895952807975 -0.20262300839510608
-0.032016828279901981 -0.50432973903323064 -0.20088352568351361
-0.028300982080951383 -0.47958595101422435 -0.1847586623684101
0.059001251050777526 -0.26838870819592486 -0.11443123491736769
0.079539167863055329 -0.27937361223031071 -0.10109873632912537
0.074090910020445558 -0.23648687810803631 -0.089045393930017522
0.080580736169630823 -0.29226275485913494 -0.094067266376249126
0.1168927913275204 0.33856206471346217 -0.13702329696426996
0.026255842558445906 -0.097060267705966277 -0.089318337152243008
0.00077878479475613908 -0.058634670342812535 -0.083624713252347674
-0.0049410020564924348 -0.022285845631669795 -0.070154328839405963
0.030099675086989269 -0.014415039915110516 -0.057315390792908157
0.056586481351554654 -0.038454549567959788 -0.044661007619469596
0.041508136090579913 -0.035560361462859048 -0.059175081659366788
0.035216299843527123 -0.075654023751478894 -0.079717241112404566
0.0051168849718373696 -0.09578535415759179 -0.093089337681073386
0.045431871686769598 -0.097479582034411094 -0.080864168331186273
0.023310742764225293 -0.18403157485841662 -0.10483791705225587
-0.0052478864047977858 -0.077911108635789109 -0.088361621660867154
0.016102496113016496 -0.076353352370082478 -0.086696385162574358
0.022403524748382569 -0.057091056212972516 -0.078935888105774635
0.033761781169646753 -0.25419000378585299 -0.12180353034462912
0.021091841646754893 -0.24637010975841347 -0.11919713470441376
0.036090990946876664 -0.41942176950371807 -0.15611305906380735
-0.0047960451638597596 -0.29270611081855302 -0.12720865467284576
-0.031470234728657696 -0.44579685289493726 -0.20964104331890906
-0.048138863167832252 -0.54407621188632538 -0.25118144610668264
0.070862260402099544 -0.31966455731426968 -0.1038274614445869
0.0449326542906784 -0.19175105972120318 -0.10124935007610474
-0.0058383205772285854 -0.21141074989616479 -0.098988022551034532
-0.025215168034858043 -0.2206929407722113 -0.073200544905072759
0.022866679698013891 -0.44484155161714806 -0.1653408027167674
0.013040723697896373 -0.5988699173014882 -0.2422040182585615
-0.015324158209754215 -0.59592269618688765 -0.24393289436825402
0.0058360125806542311 -0.55477261634903241 -0.22309021452805086
-0.01623208333239029 -0.56010702999791595 -0.22174246897996339
-0.028292496799431452 -0.57001713170643975 -0.23257180951981651
-0.051503984397290994 -0.56927537668023631 -0.24894981706693231
0.0074255886520607061 -0.28085995070989095 -0.12727582981821212
-0.038841823049125777 -0.4948849135947182 -0.22665191144605545
-0.050635657255081408 -0.55233451212562967 -0.25619129773742766
-0.05441867859939839 -0.55985176444552376 -0.25203421689943895
-0.037631256218944351 -0.52684684776003987 -0.24845696363198111
0.076800543252487183 -0.29318411501084429 -0.10894196488074476
0.054431926952277297 -0.37783681898796467 -0.14198718665344845
0.034036845712252226 -0.23997079327877449 -0.11454720043147386
0.038169177812474336 -0.21309083563711748 -0.10678458205429411
0.019595603672068029 -0.2070768923598435 -0.10775897521550323
0.026171696850039596 -0.037849973259662453 -0.069873607442453814
0.013133354687822653 -0.54885201116847793 -0.22627431641841711
0.0074821571955271064 -0.53959456903019809 -0.2196593323668124
-0.015991667022657953 -0.15381124472506733 -0.092204039975823854
0.012310282380386275 0.32718259508839814 -0.16235681204891367
0.075120457511534455 -0.25091609933273384 -0.098320513738130749
0.068846298934314931 -0.1754126501545139 -0.077782596925852932
0.045235295998223762 -0.23083850904291409 -0.10749734570197104
0.024189676508334819 -0.22678890843751159 -0.11156250265682678
0.0040753166652618359 -0.57564004492700205 -0.23038048556728602
0.0073824551376675748 -0.039332776205276046 -0.076186656893306531
0.082048689872584471 -0.2645788167934614 -0.094332431423747989
0.06224050727102353 -0.10021325689742595 -0.069510154550682088
0.094884092385115637 0.35239519491138233 -0.17943202689425314
0.033005884007576675 -0.4320761526771566 -0.16675925894418794
0.073594521051527764 0.37513292095771061 -0.1698578009125612
0.0012270905017274904 -0.59914710316447373 -0.24282910066386545
0.018809300917884766 -0.26164432360114076 -0.12419425841287879
-0.035514178479713519 -0.46565099743806465 -0.21246664206505683
0.072770034530504624 -0.26634304824282046 -0.10556199440862608
0.025735411958554815 -0.41836040220692933 -0.14156009415027698
0.0080365289214980266 -0.58937276596026933 -0.23641493494156657
-0.010298750229555918 -0.11188264030775542 -0.094154240511828774
0.014142396081905002 0.30362321094822009 -0.15798052810499258
0.061822607156165332 -0.22672456171931848 -0.096518098521931869
0.053258836782142396 -0.076453054427942091 -0.068579602010659407
0.10694450585215678 0.31195151476006394 -0.1482104335415482
0.04514478632867748 -0.40426634960227026 -0.1575442432135078
-0.020067430579413646 -0.20968894485440559 -0.08603241188363725
-0.0061798531584071155 -0.59939317632855271 -0.24384026337832776
0.0050362747973977159 -0.14785316288446643 -0.10127692724104462
0.020665456250376784 0.2915366345298257 -0.15590304834618826
0.020857082191369284 0.28807463966968067 -0.15015285590282645
0.014901828777941729 0.27987078665346277 -0.13850115016233022
-0.021462552282654278 0.30154007433506902 -0.08736177265509816
-0.040733333721284209 0.35842752296528291 -0.026575337166461176
-0.058895371707972259 0.39127616904944074 0.027690159474084024
-0.067486719246935112 0.39151163561161978 0.042523138677773194
-0.072115440316075086 0.41213723366627053 0.059064487894148282
-0.092975090719318143 0.40528678305248678 0.082545383180266677
-0.11506227851578256 0.38317272519787576 0.096716510425398666
-0.13293793825117189 0.34488501365942148 0.11918341456988149
-0.16921393096260162 0.35253308073608164 0.14119282061907959
-0.16613023823688833 0.32693086506997254 0.14037045541843646
-0.16624196111023451 0.31564049090086799 0.14306099676705811
-0.18156355110811484 0.34371899455721983 0.16629794020947761
-0.1822494446976452 0.33812507271518405 0.1770226289439179
-0.1784077334894818 0.34858106086815888 0.17771135096062152
-0.14801699061894 0.32637295781003484 0.20838776497566883
-0.052469892276980172 -0.55173417845809225 -0.24788491423617692
-0.045143558791285197 -0.53527485362974336 -0.24725063944255962
-0.050502014071141993 -0.54358053002420081 -0.24300658446899137
0.0046530229154126976 -0.22410260972964988 -0.10609161739683046
0.0039600582579490031 -0.51916342534371307 -0.20873523951665296
-0.01600368783814456 -0.043364699140845252 -0.076729714910584168
-0.046521002824692577 -0.53162618257615923 -0.23059898156642508
-0.060487069099758782 -0.5891882110872102 -0.26084052490357418
-0.054902339646036309 -0.59883314774823515 -0.25746055443145549
0.065382182753789916 -0.19588480603501196 -0.083486827427648277
0.075544014480739302 -0.1769407079349006 -0.038855660846228053
0.064470722097187211 -0.33270431369007331 -0.1069832790632199
0.025509137784689117 -0.37144457357625904 -0.10564614011703238
0.004594333051566285 -0.33587993029891955 -0.08758168286782389
0.058920640876337887 -0.35390903220846154 -0.12419779394684542
0.0080839050766511617 -0.52773002414490933 -0.21566559319808301
-0.040255329528992974 -0.054852356105288873 -0.068910527989938006
-0.0009444344605897538 -0.17147477242245757 -0.099132272336873897
0.041062658810781846 0.27800473182586416 -0.14484884784605609
0.045519552929142566 0.27651556491911061 -0.14705997078879984
0.03477860073845572 0.28237182338147204 -0.14954757248773576
0.034959620077548256 0.27784563279736491 -0.14342119923032229
0.037616220300090097 0.28051354672860002 -0.14759525063135084
0.046151706402379832 0.27846081570756215 -0.14198223690589518
0.025901582054987458 0.28496761241978746 -0.1494648409929161
0.015581358406332114 0.29330510861994463 -0.15050145955193828
-0.012683821443458922 0.29697145734336211 -0.11141542444381405
0.0076957034471129056 0.34882077007109774 -0.13790081649479283
-4.4287512680278735e-05 0.38019651270474869 -0.098877006784481664
-0.022514727191129756 -0.32620175961860809 -0.14732725715667869
-0.02916011683484768 -0.39909881315661266 -0.19383154963363078
0.0846678134350798 -0.26634375534961374 -0.081357021766137474
0.041597938653332847 -0.055924330003977535 -0.068349085196033749
-0.026779995368497955 -0.12633236762945954 -0.085658352389965539
0.014801419613288827 0.28695104697507884 -0.14516846011664133
0.011675300479975682 0.30031890090298763 -0.151569190809867
0.009197598276146397 0.30890812712157056 -0.15240994078713671
-0.015300823685574273 0.31715016390462814 -0.10331056637866248
-0.0030056507631474631 0.29977654999250331 -0.13305006389254712
0.0045236223722332847 0.30462447416757565 -0.14500511844738206
-0.040341596557779316 -0.49747504577868695 -0.21179489061139309
0.072507697910179109 -0.075219860180374104 -0.035974200663407195
0.026203516655739473 -0.084024046864129343 0.03767380028911415
0.0041071364709617496 -0.080640540858043952 0.049777347270548479
0.074904789939568714 -0.30295774510825535 -0.085780681865211664
-0.012162683736774539 -0.23048707696662887 -0.091269244795041241
-0.031940460746222268 -0.19881788501374589 -0.071014170700095566
0.0080464284166046791 -0.25389584735982762 -0.1139108043174766
-0.012863426568964855 -0.25402100526224708 -0.062941132440643824
-0.012109650727274794 -0.57501920516245819 -0.22993005853993462
-0.024414016038014848 -0.069274506262053115 -0.080599003283687409
-0.063096293167147516 -0.60099265189506579 -0.26776805015783089
0.069636137222464853 -0.086792369960017365 -0.052794149956354418
0.073364711343695377 -0.15501474048731545 -0.024034702458025494
0.052914475773790562 -0.10628871846571962 0.016377864994386294
0.059599463397934961 -0.060283643384858733 -0.053041637334019981
-0.026953943639657179 -0.014861931408495224 -0.064134728707785346
-0.096811852179928229 -0.0085835301905157445 -0.034808888667998875
-0.003243945752499827 -0.53315353324975268 -0.21258402179274966
-0.0013170797406748078 -0.26418354409598982 -0.1054827984477731
-0.027868232723433216 -0.17581357970633216 -0.082426167237652864
-0.03605652939019785 -0.43592422784645996 -0.1941023715354763
-0.057293067714285939 -0.56815461241280785 -0.25795906472075331
-0.055494188032053735 -0.57950296933896539 -0.25460384298640121
0.077195815949958821 -0.23048636985983562 -0.074206050765188436
0.072337285172986501 -0.24575846238218285 -0.051167804331694766
0.055001855027701496 -0.26743764955889571 -0.047241240308331774
0.028927999130440994 -0.28976101102433244 -0.045492565208426004
0.077351379444491483 -0.094883792996095673 -0.024562204125849894
0.056331215799162407 -0.34431571434334968 -0.10780069451630973
0.003816515578902991 0.008383497315444164 -0.05724680143395515
0.044412223690787345 -0.017935017532308646 -0.047932083645415416
0.058166865034647831 -0.019072752362777036 -0.01823642675271726
0.05647475847820848 -0.015943804802290566 -0.0070082779814258601
0.056228685314129556 -0.025926031403734073 0.0080134987360825031
0.061472589293466849 -0.040737090296829918 0.0078685418434497889
0.025888854132707501 -0.050647899112147059 0.041425001827731255
0.0072997236428479287 -0.0062486635589391621 -0.062258774385080116
-0.030493720247068538 0.0076905326579805103 -0.059305189309339569
-0.0077510444531869848 -0.51711988671098863 -0.20356558175061537
-0.0018071047484526869 -0.24434000615476228 -0.1021685889074341
-0.038958495670025288 -0.61147126746542702 -0.25528195840120493
-0.034136027339512827 -0.6119011883957719 -0.25791310277918689
-0.022592508938396087 -0.60435423759055784 -0.28495428076972318
-0.021030510031929538 -0.5854313526942464 -0.24038180405214934
-0.02839219885729102 -0.61033141131457869 -0.25444898659866183
-0.039849450229621421 -0.60643878841729548 -0.25335155685541327
-0.026128042905047458 -0.60573097451717184 -0.25038453675059946
-0.011108387507919126 -0.60740540340377802 -0.2530743709924278
-0.045717022400676051 -0.57912678852491373 -0.24788420712938355
-0.02915870262126102 -0.55275382645407445 -0.22475898656031032
-0.01666483268990842 -0.52889816456749095 -0.21007662110360051
-0.039399023202270039 -0.53907979528465366 -0.22485798151137654
-0.016225012264456981 -0.54372548691683353 -0.21653462744708588
-0.040697978381617775 -0.57012673325940599 -0.24149125461088458
-0.038793032680385996 -0.55983055124172387 -0.23511951529618549
-0.039754697919315192 -0.54944668798166885 -0.23093980704081024
-0.046426957621179654 -0.54231198043696627 -0.23374207126277813
-0.034133906019132819 -0.41798139296570425 -0.19264643864800926
-0.035968141041031576 -0.44340117507913429 -0.17898725672124838
0.08358452582769782 -0.2798261605780421 -0.0860663530097171
-0.0032616234223330821 -0.54773831796898276 -0.21791136437369993
0.028546161462042675 0.27630413998790482 -0.14120512654002518
0.049914221649690213 0.26132620389158312 -0.12264145189472549
0.053764418139373556 0.27441616484971304 -0.12564948419355249
0.03563844259914533 0.25883365244509388 -0.12611900310432381
0.036464343333755089 0.23353832112728998 -0.11134047112372106
0.062506379425315742 0.18864340371195759 -0.079221559250280044
0.041716732594612338 0.13289368991221209 -0.065309233091506907
0.0044925096733267412 0.095530166952640438 -0.062119474346794046
-0.040439884402052186 0.10262598362370974 -0.038190980460497598
-0.072481014528226875 0.097644416264697984 -0.0058521583743308646
-0.02075261706215072 -0.60373127650563396 -0.24840463772927465
-0.026656958786458521 -0.59604431855534046 -0.24772015835333097
-0.038063298469669174 -0.59727114884176846 -0.25112841309718287
0.0076306496221265141 0.29423566115996735 -0.14383485670442045
-0.039044762698811589 -0.51394427010214239 -0.21297858738342795
-0.030570087780748243 -0.52529969809623323 -0.2118839860673527
-0.039210225688450881 -0.48164151046243547 -0.2082056165284486
0.016518274907494704 -0.020158161290538972 -0.065871382992204464
-0.011094952478845838 -0.25018919354919034 -0.086931144617960004
-0.029058293456608139 -0.53801842798786492 -0.21804147202367272
0.072765791889744677 0.26299497592384252 -0.107503709663111
0.047001648767962825 0.27513246403135655 -0.13381798187010382
0.081438456709940488 0.2909009455226218 -0.11490782489607231
0.12092259294270964 0.27592583785347319 -0.099670380606598247
0.1340231605027396 0.23860049866074134 -0.052618080364815176
0.16118596086172873 0.27740934790588001 -0.025216277909680406
0.15666118449120833 0.30018667193263493 -0.016809485243776755
0.13612892453327718 0.36093138812046544 -0.053366906458951924
0.12785789637169298 0.37243813696832895 -0.065250543227660496
0.12237145476224338 0.37667512087396393 -0.076755877861937397
0.11472197347199647 0.36634287640982194 -0.13147462995700726
0.023319935152538638 0.26418715797739739 -0.12727441560462543
-0.00073088820900397424 0.26906053799702956 -0.10860538204711957
-0.01097474432397965 0.18119756917818969 -0.064794459345962466
-0.036340079214323237 0.16900846227476254 -0.012931004482360229
-0.039843793375274737 0.16680936014750528 0.0028466693972181876
-0.073138623846024015 0.13287035538803224 0.04122842613918544
-0.10792898518466681 0.10616081048356776 0.065325918549087814
-0.037308815521185701 -0.094389525347557804 -0.075151452547870992
-0.04775419707226055 -0.59206754994965105 -0.25244433883957051
-0.03690435043540085 -0.45474811779170521 -0.19706797742670348
0.072579115696305471 -0.13912322241401087 -0.063457320399774933
0.0081404736201176019 -0.46406142136665823 -0.16968526685498861
-0.0026223988811624834 -0.28072984305991816 -0.11472397712980645
0.02768914802852639 0.2483401876320725 -0.11733320119719513
0.097643930199483697 0.2279323784697676 -0.079477531909465618
0.091776358028429081 0.17575779661709995 -0.05323892012935915
0.071382691001990656 0.23730790744253363 -0.1002275807597425
0.084752666250279468 0.24971056059754657 -0.096743665589004241
-0.034809900113556565 -0.61035686715913862 -0.2533055949138468
-0.043446502487292531 -0.61013483562603288 -0.25585400779700912
-0.047718841732594039 -0.61013978537358615 -0.25862586642686375
-0.055052246286222323 -0.60672233824142097 -0.26133054991135207
-0.058233519749415208 -0.60766208316975689 -0.27032565542930648
-0.062126849753491697 -0.60572248923565186 -0.2748829587123201
-0.054789202559103474 -0.60779431214010959 -0.27819999667983242
-0.051626313872537154 -0.60037393345090173 -0.29170785775282065
-0.045687323915356154 -0.60703417233727963 -0.28354218850344265
0.011004256133105248 0.27242000237214165 -0.12604546399781746
0.0049669783316513777 0.28583735377558356 -0.13464600392509357
-0.040461804712645461 -0.52680300713885342 -0.2202370386169632
-0.018578970779453481 -0.31555414552464084 -0.13739735645794163
0.050597993918840567 -0.35563225146380745 -0.11230637900341023
0.020532520173230678 -0.00056281783377045596 -0.055054770374631266
-0.010312892365422538 -0.0018815720033314204 -0.062072805298434244
-0.081744113520853451 -0.025486210978282634 -0.042915868053530468
-0.04274010280075561 -0.50740848201139066 -0.22399884675748025
0.016704951100933924 0.23579045626404688 -0.10598696559141756
-0.021312645642468268 0.1604849969879594 -0.046256240545222684
-0.051351249329931618 0.13322108035752409 -0.0016957846431354803
-0.085256312963324921 0.11217475376084173 0.033158923413700372
-0.033001828043011071 -0.46171382681280165 -0.18145435232317769
0.075358752500886764 -0.2099102692807179 -0.065215894994787332
0.021173158927987878 -0.45645790201797781 -0.1752579754932245
0.0043998786834004615 -0.43873709867032784 -0.14464520108957696
0.062202323504183712 0.25146984229935232 -0.1120793977227512
0.10331846221595914 0.25025361861482431 -0.08675790345359409
-0.007008582320190181 -0.29657469208486298 -0.096411325396138989
-0.010446535549361976 -0.2957261639328666 -0.11103853652296906
-0.059467421103776494 -0.035811384374491294 -0.055315692781370142
0.013959255422432473 0.25734731396551364 -0.11511217875934474
-0.0030395918892273111 0.28349046632852049 -0.12070680770817388
-0.03208824606602835 -0.369359315642728 -0.13317310047458661
0.0799330263469403 -0.24542470797573096 -0.068049979022455034
0.076944085931533221 -0.29093197987408737 -0.077432579063154469
0.054795379844049072 -0.29747342481918571 -0.063421965060108415
0.06574351432518169 -0.2599550454718747 -0.051833191824218576
0.068287684567584009 -0.27296793178953177 -0.060074521500482897
0.075601997237792373 -0.25869639537974681 -0.060463430236814539
0.037383582165084403 -0.40452585779542249 -0.14248074719519296
0.021149824403807974 -0.4336438084379699 -0.1516250522465401
0.060974079004169034 0.28511469063280015 -0.12615294423040366
0.069603610309971697 0.28845223469731907 -0.11853811117302991
0.09621981711771653 0.29129621822009344 -0.11743219614826139
0.042470508436302436 0.26748298274110965 -0.13123845628803496
-0.0073939555225551734 -0.28106430457316339 -0.10192746549090846
-0.0015221407107405569 0.23229169185064874 -0.091417030114847281
0.029352970313232519 0.21744527761788629 -0.1012161160568182
0.0019688455279310221 0.31724986596248766 -0.14285834222283136
-0.038654439748893279 -0.3877992465991949 -0.16762192923205088
0.048570718742362663 -0.34114858301602341 -0.095444003302863192
-0.01424087060237225 -0.50579345009542431 -0.196165709158414
0.082022526921231256 -0.26195545059020608 -0.070140186703539345
0.11309774916771684 0.32586171959845717 -0.14401658315030633
0.12023245671241929 0.33482641952429837 -0.12024011722457591
0.10381131565091034 0.29751734378781308 -0.12530795161237396
0.092399319113353071 0.29987978758432954 -0.12658427937433511
0.10559181055651597 0.30423627253803742 -0.13543867064041679
0.092336386608746671 0.30113631635607735 -0.13527391475757083
0.085186122714590931 0.29656062829643726 -0.12133259722027116
0.037449343096864124 -0.35413035663477394 -0.099420064801759314
0.11393779203819319 0.29020303111760476 -0.11775039420526001
0.10707744192930289 0.28243687720645838 -0.10906288014240426
-0.011817615621629394 -0.48625043254136224 -0.18179871333152955
-0.02429451498994209 -0.51565758986238164 -0.20361649343973512
-0.084546377742821324 -0.058465671819206533 -0.02696990275713947
0.073776954604206926 -0.16440724002312151 -0.062248167783180167
0.11213820524916764 0.31519359940748332 -0.13793687894125264
0.12513553521737142 0.31151169433461257 -0.1210978377648855
0.028603437112302406 0.0060571159653875538 -0.045148911306867462
0.075573712966059192 0.29749118083645998 -0.12269307069063863
0.063345008082205445 0.2788454818031339 -0.11748098651700117
-0.050875366458020356 -0.014369785080337332 -0.056739805863137323
-0.047483375170415038 -0.079548060862348668 -0.064891332976648702
-0.030517761878041789 -0.3937622781873491 -0.13465095367264684
0.077338651522211532 -0.10644074642628569 -0.040653833421666917
0.068996912681294292 -0.054664265698263027 -0.028930002788250989
0.053941901944499437 -0.018764453800885043 -0.034254516942027934
0.11568222449733898 0.3001541450201417 -0.12608789040541726
0.12858126662126981 0.28710095361526494 -0.10865770794982602
0.13704321361705321 0.27537712298184897 -0.091245910270861333
0.14608710950374743 0.32219466376824629 -0.080629408875800626
0.14640884309471269 0.3056108881442714 -0.092278286189123551
0.14182184132637921 0.29111307756062088 -0.099029034745047692
0.016150579374962965 0.013292939781536279 -0.05142448409767366
0.026591011178484458 0.014818169134749653 -0.044209873485324867
0.032433127504979169 0.011245158508051798 -0.03880121362314163
-0.0070594940093099334 0.037108296580899848 -0.059055580611293991
-0.017308299871838944 0.05102062273967306 -0.057746018830046306
-0.061013863660789792 0.043644084671651567 -0.053976432514802601
0.044918512154811838 0.24813583376880005 -0.11893833361805485
0.056079485780736876 0.3832109089647156 -0.15588749199673499
0.035494899920099278 0.41214006209344378 -0.11803040849541878
0.045197819338177299 0.393205863488439 -0.14391829530603342
-0.034853740734743045 -0.48963818118820757 -0.19697888197074384
-0.040634338770217986 -0.11543231641027341 -0.072363330461769709
-0.036840003717207755 -0.032113922952167265 -0.066101899806830136
-0.038037842625109258 -0.40188481392233388 -0.15340696136573237
0.12623367206741332 0.29861901617182174 -0.1185678096583498
0.036530811372328102 0.0033863736069791668 -0.039821568725917196
0.019290840644142691 -0.38945387649558771 -0.1145479075382672
-0.0054642610835568695 -0.41465869814384526 -0.12646053568550233
0.07342552252792181 0.29196443413979051 -0.13796092057222589
0.075507244927486158 0.27893740568626679 -0.11018788705059274
0.090813985682706572 0.28239798633282515 -0.10842789824199367
-0.045147801432045144 0.025766303615882297 -0.059357515212045985
-0.024305121591841995 0.035491850451346917 -0.061007195360885537
0.051300150964617562 0.22024966316023409 -0.1019281725977018
0.064603658174333292 -0.30365848794044564 -0.074372927968414354
0.056414654400775387 -0.31810750815535643 -0.079681178665944749
0.016856271954706559 -0.35338577318139713 -0.093535522067664773
-0.0011523238578288464 -0.38769247347340202 -0.11233395616835012
0.10523542873267751 0.37639793501097851 -0.12616496504589025
0.0063019959574589154 0.024291278844995323 -0.056416658058585402
0.060680629684936975 0.26649374033724066 -0.11605050947409402
0.021817333216711775 0.026316432701093212 -0.047867736927222397
0.0161746210059362 0.052382510423627154 -0.047525497239250515
-0.021953991504018819 0.081684308832440294 -0.053984210689529258
0.0073357860893077699 0.11584817355219254 -0.06519821732495408
0.056248484304342802 0.11954351365413653 -0.055987444235033906
0.071392590497097272 0.11427839647099926 -0.04039644654889471
0.013872988393646153 0.16117159768428316 -0.070494447206997823
-0.025312748772337641 0.13580767700752619 -0.04375378960362683
0.048263834394057376 0.17072390335538182 -0.075688853710801987
0.034883959650661919 0.19768376406468502 -0.090255253653405629
-0.012400271619333474 0.21130405511781283 -0.075005081441651619
-0.015181322637501514 -0.31416397356895348 -0.10827021342708104
-0.0058630693149951309 -0.31269107011844655 -0.092547693877382403
0.0070274875274157567 -0.30391304638604455 -0.066454038989908648
0.028052600920298102 -0.27167746189170405 -0.035287599967083499
-0.031504175854737547 -0.4370195362693286 -0.16083370401608024
-0.038088047207435735 -0.42425908707689047 -0.17427509705049543
-0.0027129085507087902 -0.47515521984721687 -0.17407003608042965
-0.038463520914694072 0.043523169409992145 -0.059243671018319836
0.010405336679154515 0.21341406178911027 -0.091747248987332511
-0.060364739624512623 -0.062206973862717042 -0.05304022312043332
0.067378345231361297 -0.28751948248947545 -0.066483030368435156
0.054657494019349703 0.23653221129025023 -0.10975160215910792
0.076538913738955008 0.38599832394402361 -0.15427104586718199
-0.043387812623446077 0.066266552310667054 -0.052722025063434694
-0.033350431692122831 0.07182299749265636 -0.050276849772098633
-0.030117539433016847 0.057419232112518689 -0.057429234986634346
-0.052288872937887559 0.0058414483934218202 -0.055939360973087437
0.076221422788749701 -0.15389892596744031 -0.04483283457024885
0.075745539916838439 0.22049361500393308 -0.089485214355468967
0.083036518062866896 0.2014780991176954 -0.074688297598239653
0.12832600106887759 0.20504262446287322 -0.017194858446141766
0.13725251722787898 0.22344720007967353 0.0033055817060895429
0.13894674510469832 0.26592946911616305 0.034776783756840006
0.12330837126340598 0.3070420722939719 0.090059807072987455
0.10342169980778537 0.27992876941051592 0.10215274745252183
0.10114269461288188 0.22446684807565589 0.09992818948070481
0.099683226191448204 0.13835396857030846 0.045517735947526894
0.08418415238844193 0.12288883589338208 0.068737708826906371
0.07555815661660592 0.11114944891051287 0.081110663496599511
0.06554905995701589 0.086081805980161241 0.094670143365500892
0.055332781006980081 0.059551159094409459 0.082296481589014397
0.057969582239308703 0.20593357902246939 -0.090680931942990456
-0.019847520366687965 -0.47067004145712299 -0.17294715049262116
-0.040585548401478211 -0.18739952451504868 -0.056715764232164109
-0.0071888945524893654 0.31546866395008877 -0.12529098104933403
0.044199384545994938 -0.004897382476885012 -0.038222093159404127
0.1186563156700861 0.3528456219387337 -0.11059093792279096
0.092044351503101265 0.38943839849357531 -0.11892419148218827
0.09738937175388479 0.38922343802840303 -0.10769392139051685
0.10746069381128789 0.38868745107905867 -0.092875084322694312
0.1096753522879983 0.39293857712056018 -0.069843908957133952
0.11156757006695012 0.40153275308669634 -0.043379023003161807
0.012768487582464259 0.038370482206994412 -0.051091436798015102
0.031271351043537531 0.11287478948623873 -0.065143770101867615
0.030117352756822525 0.052709900868939064 -0.038414426207189954
-0.0073769849595152299 0.077020232423633928 -0.057299834443454913
-0.0083329933440977732 -0.46058033462309322 -0.16230802168017389
0.0029679874269066971 0.25067505426364917 -0.10268406975977186
0.031125687044111523 0.38073674229485305 -0.14619588628735025
0.080188291899332562 0.3923226871035696 -0.13434689775151484
0.07933552110657624 0.3975510347334536 -0.11760967995338729
0.030930525569152351 0.03569408299423938 -0.03681141510671021
0.086842166824570438 0.267973714855681 -0.1022697051788803
0.057174794203605446 0.070261705692983123 -0.023654986110007131
0.010004407127336223 0.078814162358312692 -0.05791784578082556
-0.0013715269637612148 0.050330486509382655 -0.053941784281929438
-0.0088824153225153767 0.062629902072569452 -0.054150380785961863
-0.034418162950051553 0.08330782602992666 -0.047593379491410251
0.11479975521926278 0.19216691686312232 -0.036921016659676412
0.10901774297020114 0.16087885547184433 0.035785825150922358
0.13525211210954763 0.23990369648084905 0.027811074735743485
-0.020382800209238949 0.067310241937622556 -0.053621464904550796
-0.0091504087971875838 -0.26755361507300185 -0.076939018521409913
-0.057591466781071306 0.11395524866644738 -0.0084627966553062154
-0.048130377886312241 0.15321098940497077 0.012732022367975408
-0.024835451686839718 -0.41336964245960428 -0.13571444228981558
0.044069276896022157 0.009420822981259673 -0.024568568086989855
0.046439498867265248 0.0084888562276504223 -0.01996388864882314
0.050810125956839661 0.018087830947108891 0.0070723395941598901
0.042471215543095749 0.011483453497404122 -0.02780075323930253
0.10398667813565625 0.2688370922503372 -0.097229447956022133
0.025396707804549626 0.091061252018793032 -0.060550404372394152
0.010879098230685762 -0.42197866766840036 -0.13286692323307459
0.005016475807184468 0.06500648800495254 -0.054183614805248401
-0.01221288831910098 0.093126710962110879 -0.057553685782260479
-0.044579287570207585 -0.13717019345083273 -0.067954519605355451
-0.046878798862117661 0.054945065442656038 -0.055475498916662785
0.063212779111852663 -0.033028212035943298 -0.023976719700972433
0.045519552929142525 -0.33000316573955163 -0.082308787509960041
0.023270437677005488 0.067935324342926512 -0.049826422744747252
0.056949227136533095 0.053045069488977602 0.010355436435592356
0.070138890152522698 0.064351000007535367 0.045103371366635371
0.043764513868096815 0.053226088828070173 -0.02295070774385018
-0.042182902647611306 -0.16722576770133593 -0.066460402951048603
0.068330818081977163 -0.2333650016154831 -0.038396041430563348
0.049560668253025054 0.097722198011964356 -0.053518227312724591
0.042213121563530194 0.036034201361831206 -0.019831659678470344
0.036679303798927476 0.079423688414163487 -0.050519387402210909
0.025695813978128357 0.17696907055407476 -0.078947908921261245
-0.004328647573468433 0.15644458877087022 -0.060933656254379194
0.0069235428287962395 0.19239248393019465 -0.08066688553584711
-0.056348373038396654 -0.12681107892854418 -0.049495496765468668
-0.073221355340843647 -0.07294156209226392 -0.034184513369488266
-0.069907145800504653 0.020673013383524366 -0.052374128521116205
0.076162025818109949 -0.19823169348207512 -0.041846015475221772
0.032044218768647527 0.021090206391589213 -0.039436195523552181
0.018013805775388234 0.1377239364174512 -0.067169631064758845
-0.0068296843014776197 -0.28351867225281274 -0.087518043256424136
-0.023262139071679878 -0.32812791852363976 -0.12348785872634183
-0.072541118605659941 -0.094279923794591602 -0.021299613381424009
-0.069060031862095 -0.11225316426746054 -0.0055905288607986372
0.035576217201332222 -0.15307868208717715 0.011703889090473183
-0.0044043080003547692 -0.13553253411747973 0.030861533442170273
0.12806649287572539 0.32198960279818056 -0.11362089053221121
0.10867621038902263 0.37518241843324379 -0.14428528373177188
0.062845790686114261 0.39642461361167852 -0.13927543210102689
-0.014648164115330426 0.11230344719722793 -0.056207354447759622
-0.043346800429432925 0.088512839135630766 -0.040793133459952981
-0.029019402582974953 -0.3491551532369021 -0.12932078266452326
-0.018784738856312582 -0.34238743411793804 -0.11112763197892865
-0.074090389589846567 -0.0041025944411817745 -0.048596056924352565
0.12167919721157303 0.26232534579055872 -0.085136507576487788
0.12266066144071544 0.2453243771585189 -0.071230545378854607
0.039118115129123596 0.024328048398248536 -0.029262342981116234
0.0076928750199395423 -0.4038929972153919 -0.11958321501357208
-0.0064124912934127335 0.1351960296312954 -0.058723947525222052
-0.028247241964658269 0.09636738139594353 -0.049747226783894261
-0.048102093614578997 0.075188825828908457 -0.045800863770318001
-0.09812848502910923 0.043069913955467443 -0.030909901809575771
-0.1254723047271909 -0.0022330040796165449 0.0084957455691337218
-0.1157672639887329 -0.021486814955206608 0.049915940202041195
-0.12012587026282071 -0.011638938644495871 0.056658203476445332
0.076528307137055038 -0.1193242322007632 -0.018271782092383771
0.051444400750456906 -0.13394437225965997 0.0090529457222779854
0.075853727256217945 -0.21657616502144245 -0.04611481918655664
0.035938255879517329 -0.22497235108544608 -0.012421887591162433
0.15078936967939374 0.28412049848137777 -0.081439046154163794
0.13661117136632842 0.34102421056783816 -0.086776288230220697
0.14969688968369846 0.3224704354176452 -0.060914564370959275
0.13858824196047986 0.26237625747967852 -0.076233325941666291
0.13626115350362994 0.30639789800524797 -0.10886276891989181
0.069896352522410402 0.16574445731675003 -0.064713849171522814
-0.023354062954812824 -0.43106640417628095 -0.14570303285239905
-0.064649099685300734 0.073541974107242225 -0.040228155132082097
0.060252122968178792 -0.1536486101626014 -0.003426074966414683
0.050491220793047707 -0.0060252178122468074 -0.0268984849710131
0.04238212008713612 0.0033333405974793626 -0.032408261104642608
0.053078524549843173 0.08013079520749368 -0.039649741775137942
0.039741783320840891 0.15263823290237327 -0.069864415054140525
-0.035507814518573558 -0.41889780336986032 -0.15453267538071419
-0.013753674021767696 -0.39976773618310307 -0.12192585981987528
0.021414282344513546 0.38597286809946363 -0.13186919554768556
0.020989311161722039 0.40016238012122224 -0.11905005649140103
0.03701871505972603 0.4270776931025459 -0.095197930138784248
0.056059686790523623 0.42553620029308581 -0.10155199178365008
0.01393592089825257 0.36837085869309322 -0.13394808952007656
0.074318598407897937 -0.076776909339287325 -0.013359511199118372
0.057568652687490389 -0.24897579829183558 -0.036838285164856786
0.045260044735990351 0.0034330426553388937 -0.025276381987113478
0.048530413655142858 0.0017338650309662933 -0.017637507298766529
0.040966492286888909 0.066060784233807915 -0.036551906913557995
-0.021537505602747323 -0.36110667225777038 -0.11654689844301187
-0.063127405866054004 -0.090319418645148766 -0.04377429570063341
-0.10502489758445939 -0.043704817508437084 -0.0017268973420420436
0.060913974926735941 -0.027407420135760967 -0.0043743051762705669
0.044966595416758286 0.011963579010075368 -0.022315725843439625
0.045065590367824523 0.016454414254515933 -0.020651196451940145
0.030016943592169606 -0.34143001151976882 -0.08535288225524687
-0.053167099575203769 -0.15032591534074244 -0.051018604798302072
-0.018789688603865838 0.23681858954154916 -0.075451972935036374
-0.032297549676854082 0.17277734148321278 -0.028695243332865338
0.063105298879266455 0.14177212280926701 -0.056709400271024113
-0.012406635580473453 0.25668829043412972 -0.089077920842510747
-0.025191833510678142 0.27157147422014544 -0.075055993130771409
-0.024702515609693613 0.32644791113012794 -0.07773380655711315
-0.019518715707789316 0.35138968905126661 -0.070879113302569491
-0.012893125054284678 0.37270542333620776 -0.064269078998518067
-0.010410473102902097 0.36183153506837479 -0.088924478668358065
0.053535315538334537 -0.0086146428894223089 -0.013780946847943204
0.052129587233193962 -0.0083282646381234761 -0.0040051954301521869
0.04470567301001941 -0.017971079978768425 0.033755014440477744
0.041210444130587866 -0.021404790567180296 0.03885961838152905
0.033900374101139483 -0.046511324371164939 0.036413028876606288
0.027278318981601483 -0.037682388949643146 0.04458576919391756
0.039461061923888763 -0.022010073982270985 0.03189108093325916
0.033099222104296291 -0.036866387710140017 0.036014927751961356
0.046289592227079214 0.013283040286429683 -0.017906914987025336
0.10059256552767094 0.38019509849116201 -0.11323622443663955
0.0087294935789617202 -0.37185610972997724 -0.10347178672754179
-0.094150302209833087 -0.041275905673347615 -0.027855907569182308
0.072638512666945196 -0.099950920277100411 -0.0040433791969920214
0.069923222580556957 -0.059412487815475833 -0.0038213476638862894
0.054421320350377354 -0.28243892017939742 -0.056496561126231699
-0.00091402886847656096 -0.29873066069772691 -0.0806548647203605
0.017618533077916589 -0.31671733619966913 -0.067466615917957592
0.040651122657063589 -0.29714815569425379 -0.054177250844108397
-0.033983292272153451 -0.20562661632672319 -0.046695353863880767
0.011243258229250885 0.40010651868454922 -0.10381897616306697
-0.081515718026607759 0.06350812870988562 -0.034655446493846227
-0.10763695007902141 0.072187157491221413 0.00955428443874916
0.066810538476317086 -0.041821085011005232 -0.0090617161092569481
-0.030070870384657042 0.11480165549806363 -0.04395248661255266
0.15943728576182298 0.26727155780990403 -0.045515192625812557
0.054603046796263238 -0.23089861312034715 -0.023234257567975647
0.047999376453351825 0.011431127594697671 -0.010272990046231721
0.033369336899348491 0.39944395961919876 -0.13237548401171004
0.067161970552602229 -0.17520617497086141 -0.015632152432881869
0.10192121919233851 0.19953143411565716 -0.058808800340421692
0.062924986646967246 0.41570600165220828 -0.10847668861073345
0.0020791541876904979 -0.27686621154116153 -0.047436401783290928
-0.0061084353722807459 -0.27122915618473264 -0.060125433189602687
0.0021604714689234823 -0.24883013429240949 -0.031496800448039895
-0.0084942136929770807 -0.36939113544842789 -0.10808283012684851
0.022799504552647544 0.42141942454231696 -0.083125495856256476
0.012089665060867224 0.42323456768079576 -0.064042804824652397
0.0068132341690367243 0.42780247756570944 -0.053155481527746171
0.0060842070651132094 0.44165611386063602 -0.037290126405794835
-0.0098051896878113658 0.43993430881887685 -0.023052531122089763
0.025809658171854526 0.45117023576489484 0.024990425737149047
0.016253109859995878 0.41230976772384309 -0.091197827008914906
0.019547520410121623 0.42596824254381055 -0.072558491936728864
-0.053813395184307618 0.10033566472011299 -0.024413711699250547
0.069793114930584182 -0.1363881333374094 -0.010382591599197926
0.043811890023249936 0.023669024866864688 -0.020473712646814246
0.08034385539386521 0.13277631018451935 -0.034536652552566743
-0.003417894023659052 -0.35155860922743171 -0.099292785578959847
-0.065303880575924594 -0.1148708736163692 -0.030434018937664474
-0.10142430979282162 -0.050304245210588551 0.019469335894826242
-0.070839819660907299 -0.075491389189012895 0.036877598039824294
-0.040888897215816906 -0.12154171910464696 0.032075635806318406
0.012308161060006243 -0.1676309398939142 0.012480999456343166
-0.073216405593290346 0.083610467737472077 -0.024194508593318138
0.052429400513565982 -0.08198121533819816 0.022349381864060443
0.067676744298146657 -0.21550843376351372 -0.027728628346382848
0.049358435710132612 0.0075052706781279892 0.001055567889712599
0.080237082268072343 0.098353644378408156 -0.016079751033059926
0.11765363823714377 0.17826449019945587 -0.012771198347067584
0.02211290385632381 -0.30375041182357859 -0.056022092467907104
-0.056399284727516444 0.085261562099898255 -0.034424929679220562
-0.11300318353360486 0.0085595669069834408 -0.020828680257066044
0.066454156652478641 -0.084652664803399891 0.0076267113201308294
0.067113887290655774 0.091821391821623188 -0.033374168984331744
-0.063212965788046943 -0.13124605273631168 -0.0085787621694123784
-0.0046843222905135632 -0.15415560573341919 0.02131700594579827
-0.075058418789915718 -0.093334522011909005 0.0019005605077422772
0.14551293878756325 0.25370359265948272 -0.058802436379281738
0.061708762962439163 -0.061172476624074858 0.013769348033790917
0.02537761592112971 -0.067510274812694143 0.04062950668523467
0.050382326346874853 -0.00076575748345627083 -0.00734910345581104
0.051158022499158157 -0.008758185568468321 0.024467873816877941
0.051076705217925171 -0.0077915705819858313 0.018844960596315633
0.049180951905006716 -0.010154014378502304 0.058330511042671472
0.046952151292429682 -0.021430246411740132 0.07727107360881616
0.050711131005773423 0.021903379203919018 0.057182169610303056
-0.0055279006949565798 -0.25934905494999066 -0.046045522720810243
-0.081873514064032885 -0.074965301734775197 -0.010362792608984657
-0.10389281960833761 -0.042910029472733847 0.038544248751703709
-0.094479813975525018 -0.057179444562138831 -0.0098416549023002554
-0.11484802515740353 -0.011219624316050973 -0.014281578457621029
-0.03041735271338887 0.22733487322940338 -0.056500803766991688
-0.036122290321977529 0.24187581732744715 -0.03914345331111347
-0.033554078448601962 0.27074486637874234 -0.055026486102898065
-0.037018901735920311 0.21299757588783877 -0.019142937661766675
-0.044691717550347114 0.18882371594425673 0.015517316026903335
-0.070800928787274148 0.16022336747442723 0.073474617235425879
-0.080695474146344648 0.13882843722863314 0.072590026636969701
-0.035844397352198715 0.1908036149655816 -0.019289308767986051
-0.036906471755780788 0.18408327200177055 -0.0066059342160209051
-0.11527158212660837 -0.026388479246572023 0.0012542648986383887
0.05079881224814637 -0.0021064319636103974 0.00018299810674303211
-0.042728081985268923 0.12412132303415678 -0.025550032316132273
0.0093991237122455305 0.38153011611696963 -0.11689196655815703
-0.11362473040494218 0.031401237651931251 -0.017045658912749066
0.037605613698190134 -0.095206233693854281 0.02922458121561072
0.047575112377353665 0.023314764363406241 -0.0099130726884266249
0.096192239952776648 0.14485935106894707 -0.018909592419967685
0.082614375307248716 0.15198133069136949 -0.04530942454895346
0.074740034056722804 0.40712313939476547 -0.1060110072223908
0.087411387793201303 0.39555133672191556 -0.10536541872008028
-0.089629768480072661 0.079949775868401102 -0.0098968092321800316
-0.1194717964789902 0.045442964353883855 0.0028692968146047395
0.14911564789958098 0.24822987897231311 -0.036234415963352716
0.11677399738624092 0.22146376552438216 -0.058332210361717082
0.049149839206100172 0.0073207158050687402 0.013604592150944976
0.051238632673597809 -0.00040301169847777203 0.0064875622760757774
0.049180951905006716 0.031374367593784716 0.0048803085348360477
0.049239641768853128 0.024682308901706983 0.025990981849711384
0.051385710886610494 0.014876151891802754 0.018222706618184998
0.049568446427751697 0.022246325998684167 0.03707488083516338
0.050934576752465779 0.037925004927196325 0.018767178849049306
0.11421144236721201 0.36534727004481288 -0.10139501407553075
0.041736531584825563 -0.27920814924067139 -0.044890817327301914
0.11060802614840093 0.3780780207519312 -0.095927664349501104
0.10450993716272067 0.37632793143843879 -0.10479690485824271
0.06467649017404635 0.4063863341161153 -0.1224144706140665
-0.042015318337592041 -0.18714001632189647 -0.034113095583361897
-0.042566861636389654 -0.17788964525154979 -0.016647557788104134
0.016383217509968604 -0.19032199689188267 0.0024103845057333846
-0.10339643063941978 -0.027699455241406365 -0.020936160489652238
0.051314293100484125 -0.19062958834698138 -0.0049802956981546088
0.05455354932073013 -0.01670818724588059 0.0023177535158071241
0.039850677767013724 -0.24402463652493703 -0.023873482109146187
0.001461142850319829 -0.28886086407642297 -0.060102805772216092
-0.02828471862470475 0.18477623665923421 -0.043944708437826038
-0.027362651366202095 0.20434471005785634 -0.054223212785674893
0.027860974979305623 -0.041502179847213293 0.040208778143203144
0.10334603938089901 0.16604073506315536 -0.030229665074392034
0.098217393808874551 0.39302484414934646 -0.089268132569916572
0.10655064736827184 0.39216429518186363 -0.081810984327455497
-0.0040500474968963212 -0.23148197622484462 -0.02384873337137966
-0.0535022681952423 -0.16147840368514754 -0.028217946247367415
-0.0074476956388482493 0.33716340747625484 -0.11012566165277965
0.15673189517054134 0.30391807448103875 -0.056490904271885058
0.1532501013201831 0.26994583570227909 -0.067401562092971171
0.16147163200623418 0.29132238117144654 -0.040385839946994767
0.15874149267718599 0.28572916643620416 -0.061302766000497569
0.12713311190852941 0.19506110496822304 0.0060533987049709867
0.070524970461681019 0.07797906923538972 -0.010689475947503257
0.08968261481337815 0.097705934555717688 0.030462725210731994
0.087898584373805863 0.11907187342298525 -0.014428656670633755
0.13228084936397383 0.22271746586895674 -0.035520945208882486
0.05043465224958129 -0.0071056769924554477 0.012261089243617447
0.10370171409794417 0.38560800099410525 -0.10167856389965622
0.012574033214298416 -0.29287157380819234 -0.051320539399054101
-0.054933452344942797 -0.15196498888768198 -0.010801905927642746
-0.1031362153394742 0.059621162666949126 -0.01409136673021521
0.050878008208999362 -0.0085149408315626993 0.0039688478782333352
0.016337255568402129 -0.28017900686791392 -0.040880107595532629
-0.034493823376937911 0.14908997101344199 -0.026513111768648127
0.15325787949490971 0.30239001670065196 -0.075097712431577882
0.14008589414875339 0.34476056286379536 -0.067455302209264295
0.050436773569961277 -0.00073818031851638217 0.015675000841816007
0.050689210695180183 -0.0024168518458824429 0.022444841281160026
0.049668855592404602 -0.0029577885427801132 0.049615419814875827
0.049972204406743277 -0.0058675329973341753 0.066950849960160805
0.051795125719948737 0.0071262614369029757 0.045208023172048195
-0.014996767764442264 -0.24033141774337294 -0.04487526097784867
0.14455480908260071 0.23646715746526387 -0.016080458139853239
0.05026494661918203 -0.014515449079763397 0.010180781057639782
-0.030429373528875477 -0.2003954402696658 -0.023260420519328875
-0.11373362485111504 -0.033795422906706646 0.021972493943215442
-0.093114390757604248 -0.048335659897957066 0.05130186951696851
-0.080403439040699257 -0.058634670342812535 0.050926395809710166
-0.084890031644379832 -0.053643910595487461 0.061933927261482537
0.052175549174760416 -0.030286051891408466 0.017454788640628299
0.049940384601043421 -0.020383728357611378 0.015103658552805163
0.045887955568467635 -0.024444642671707099 0.022726269784905485
0.097076123444439485 0.39190902962947138 -0.099077118006994119
0.050323636483028421 -0.16929971192617368 0.00092899577370649075
0.11927008436669681 0.37097937565368849 -0.088265455136974258
0.02241908109783583 -0.25587079663359902 -0.027928739568895338
0.054156862409671838 -0.045610470316462176 0.020359583347629065
0.04705114624349592 -0.034958613581734951 0.025249933930301262
0.039586926933101563 -0.036946290777786356 0.031606116895547112
0.022405646068762563 -0.043353385432151961 0.046248884371830383
0.049929070892350144 0.024391688009648207 0.016822635167391031
0.057387633348397873 0.060761725924590837 -0.0067325063320270526
0.052973872744430286 -0.2109992137424466 -0.012719579551154481
0.080594878305497442 0.080149887090913599 0.021274579538198453
0.074274757786711457 0.079483792491596483 0.070680131188184669
0.04744571183417421 -0.012358066253312714 0.021681165944363354
0.018109265192487799 -0.23866759545866686 -0.019905198784976725
-0.035835912070678738 0.22098576133209097 -0.03649958101085158
-0.031418615932744559 0.2506587908074025 -0.059183566940886757
-0.10272043654499602 0.096150299610391093 0.037529550503274792
0.15460774636337724 0.31413647475145451 -0.038176838324630979
0.043871286993889674 -0.047866140987185765 0.029955022533120858
0.068724676565862147 0.063100835196927454 0.025450045152813714
0.05079739803455971 0.031810652485269479 0.061795334329989744
0.04953238398129186 0.037071527027646718 0.078091317489079243
0.050192114619468993 0.046473218951766017 0.087307747433346017
0.042139582457023851 0.039250830164690644 0.11220922026726496
0.049348536215025982 0.030552709499934938 0.080655993828488176
0.049209236176739911 0.027454167531561682 0.088094757294322631
0.1158158676812784 0.38329859020708856 -0.086737397356587517
-0.066820624647618038 -0.10362928981600446 0.017919357803846302
0.12759838817854074 0.21318071654731133 0.02684021710850101
0.032740718960077832 -0.1784284606280675 0.0047226237199234156
-0.011539722651850574 -0.21404825823528673 -0.016880195923109811
0.045953009393454022 0.42746801605246409 -0.10063133873873409
0.10878722615557547 0.15533089557137497 -0.00099787023811852846
0.045203476192523913 -0.01773985605734945 0.021132451072739061
0.051798661253915412 0.50791414171606275 -0.13760878138914742
0.052429400513566024 0.5006726610455674 -0.13939634736268633
0.048424347636143346 0.49536865298879706 -0.13356625185167822
0.059926146736453585 0.49032132469800555 -0.12605819192009737
0.065485420345616205 0.49050163693030469 -0.12715208612937931
0.078775492526258692 0.49375008553886396 -0.11471266342111315
0.089839592521497466 0.50243759960171974 -0.10603575596015738
0.08928946343628652 0.48052153164924122 -0.089108326434623922
0.043373483811385213 0.51239366325181002 -0.13444872112975442
0.038157864103781122 0.51997243386272385 -0.13703461067296321
0.041220343625694517 0.50580696347193854 -0.13398273775294978
0.043899571265622939 0.50185777203118898 -0.13310451111563354
0.043117511152199653 0.49639183651874597 -0.13259680843802241
0.051341163158630743 0.52010466283307666 -0.13137068525838774
0.050012509493963145 0.53922553763152059 -0.13430447134391502
0.04605059013093362 0.50569877613255898 -0.13605385355061414
0.0498477536111172 0.50389282538239344 -0.13874015225847586
0.048454753228256563 0.49970038920473825 -0.13733725238050859
0.056459202128755256 0.49698651333193666 -0.13540048687357695
0.055047816969268033 0.50070518795806063 -0.13671641261596459
0.059729571047907763 0.49112742644240198 -0.13097470545412279
0.072808218297344518 0.49067982784222403 -0.12201849080980154
0.076095557779536957 0.49192362869169182 -0.11890722091914832
0.072876100549504191 0.48989140376766077 -0.11467518676106662
0.059523095864255318 0.48259547587407897 -0.11468155072220662
0.066044034712347099 0.48136157451971756 -0.1097551376930746
0.045431871686769619 0.4640042240638394 -0.10934289443256305
0.055172267764894166 0.50606859298547069 -0.13554473665941635
0.057957561423822114 0.51303571622015387 -0.13070388355227727
0.053630067848640828 0.51176009556498603 -0.1353545249320105
0.057099840883512477 0.5077543355807701 -0.13089126685250982
0.062518400240802366 0.51016556974602634 -0.12561766438785263
0.052684666065958251 0.49723895045715566 -0.13806627948443206
0.048269491248404024 0.51140937059549418 -0.13528310714588412
0.05344480586878831 0.50377191012073408 -0.13823739932841803
0.057815432958362722 0.50195747408904856 -0.13044932510667839
-0.092086964586895373 -0.062619217123228585 0.0096363088267754759
-0.024660796308887064 0.3391652268081729 -0.057603890364586921
-0.0056360880343360818 0.3968913040952764 -0.060068157539342935
0.14494371781893237 0.34030366874543472 -0.045323566684820044
0.097870204373349395 0.13125390925847921 0.0041427961493925606
0.050350506541174976 -0.0040269340142954574 0.029148213681931052
0.050349799434381649 -0.0077632863102525922 0.034882142669046268
0.050250804483315405 -0.013900973276359382 0.035106295522531895
0.049245298623199776 -0.015126389349200737 0.0497886609792417
0.050911949335079226 -0.010619997755306929 0.029646016864435555
0.046137564266513213 -0.014963047679941456 0.02797300219141614
0.069100150273120525 0.068030076653232754 0.0070956741183397926
0.060531430151544295 0.49608919481120056 -0.13072226832890388
0.061990191466184653 0.49617616894678024 -0.12527683891346744
0.066708007991284249 0.49431647808032153 -0.12616142951192361
0.06531147207445695 0.49716611845744252 -0.12147119015176391
0.063597445207424372 0.50206495432163467 -0.12085459302797988
0.053350053558482033 0.49290367870724766 -0.13365746862801783
-0.080457179156992367 -0.078072328984668427 0.0093350813328167519
0.048522635480416215 -0.062204145435543715 0.026926484137287311
0.015928547841857252 -0.14293947777761437 0.022368473747480359
0.055698355219131884 0.49164290729473975 -0.12964463757586853
0.056482536652935157 0.49186635304143211 -0.12341997647418212
0.064576788116186778 0.4896036113027753 -0.12234163861435346
0.053865534410819808 0.49335057020063239 -0.12567494003811236
0.051145294576878234 0.47715146067222908 -0.11561846722336921
0.035099627222627675 0.51019031848379293 -0.13612456422994718
0.0040456181799419936 -0.20487920444617302 -0.0058641791898174714
-0.034912430598589422 0.20181256063094058 -0.031911165028931418
-0.13040013196990957 0.025068389210865346 0.022345846330093809
0.14472663603337999 0.28071295084431908 0.01898284642101504
0.13237206614031344 0.35163717642893227 0.029004671002885
0.1166919729982146 0.39244148104484905 0.01528609210548436
0.12317260675908658 0.38762679088906321 -0.021529423089256362
0.12154979666839359 0.38666795407730742 -0.065603389517532321
0.15512110589533498 0.25881809609564049 -0.016325117090345523
0.047727140337919666 -0.013118206056142792 0.015855313074115231
0.014088655965611867 -0.22028564725925304 -0.011329407595467147
0.064870944542212164 0.48606878444291729 -0.11173857224836603
0.06644708558454536 0.48941552089574936 -0.11402747693837612
0.06859598312947604 0.48950744477888247 -0.11011222662370637
0.048899523401261295 0.51549291232697658 -0.13346513558023199
0.062748209948634698 0.49182180531345232 -0.12977262390546129
0.069259249301619863 0.4898553413212009 -0.12487237382768251
0.06931511073829294 0.48912914264445062 -0.11973736429451808
0.058775683983705217 0.48980513673887432 -0.12047134114599488
0.062922865326587279 0.4886207328600462 -0.11627041968681975
0.059016100293437533 0.49957593840911213 -0.12505268605998174
0.081480883117540301 0.40814137317716115 -0.093727148008657293
0.038080082356514749 0.42058715984656725 -0.10546936341869979
-0.017834387326076607 0.34027326315332146 -0.089346621423976244
0.09085216944954641 0.10778291346746742 0.0076175189318175461
0.10223163907461053 0.40113889460281144 -0.065178418334740806
0.11059812665329431 0.39555982200343559 -0.058392314439150161
0.070977518809412429 0.49585302114222818 -0.12257851939011913
0.068347788645017143 0.4997074602726716 -0.11920067023838039
0.071476029098710286 0.50189666290482216 -0.1179703044179857
0.069263491942379837 0.50509985667860824 -0.12051306044680139
0.059144793729823633 0.51902278943928126 -0.12755230857440425
0.050543546695754178 0.49347148546229197 -0.12873954088040579
0.05708711296123254 0.49209969828323119 -0.13288035826214789
0.14685219905413077 0.25390087545482182 0.0071918406422327276
0.14540333723459706 0.30170058757715501 0.008497866889513735
0.058630727091072483 0.049762679754338443 0.02805007683188912
0.042146653524957139 -0.01965965100124116 0.027078512097853332
0.059021757147784161 0.50450235143824407 -0.12538502625284698
-0.12828234712388542 0.0016695183127731937 0.031970276894112151
0.051848865836241834 0.016203391342883691 0.025931584879071622
0.05293427476400385 0.51558200778293628 -0.13122572836575505
0.090265977917875634 0.43513305369216426 -0.082945183623957253
0.077013382397279645 0.43678344094779714 -0.092042819626944591
0.095769390090365142 0.40511990584926089 -0.075491570915462866
0.044852751223032138 0.52743948160029153 -0.13534745386407718
0.03642333113974195 0.49401807901353623 -0.13263852773882892
0.037793704105216021 0.50149785467338381 -0.13413193728634246
0.080712258033190307 0.4228378807697375 -0.08803776674952192
0.064064135691022317 0.43507931357587115 -0.095171060080637707
0.051289544362717598 0.43682233182143038 -0.096492642677371995
0.041602181294092856 0.44391814849249972 -0.09661497215261812
-0.017218497309085968 -0.19725871453445271 -0.0075774989500567306
0.082624274802355333 0.089507031287053146 0.0057387361819389946
0.050390104521601475 0.0053266746478774158 0.025497421307966828
0.034172610216571656 -0.058119896597268052 0.036459697924966096
0.080341734073485244 0.51979848559156472 -0.11690823001440366
0.086601750514838149 0.54747040284175164 -0.11227738762488368
0.079899792327653832 0.57384760755335074 -0.096117168970113617
0.079491791707902271 0.57768083347999422 -0.099242580996633412
0.07698721944592643 0.57818924326439858 -0.10459962206290359
0.075857262790184649 0.58209600829754837 -0.10085902712618643
0.073450978372481726 0.58602610785487796 -0.097551181546987401
0.06059789819011735 0.59432683450178225 -0.091208433610814849
0.022486256243202253 0.5893565808514637 -0.11789535109789269
0.0037627754626099346 0.5761181274667343 -0.12808263866940195
0.00091949904662890619 0.56093300907996668 -0.13538917316488369
0.092708324782038415 0.51557564382179621 -0.10905510196767763
0.10128411597154795 0.50292762460949758 -0.10067588646671388
0.065744928538768413 0.52591990910142483 -0.12446720163510427
0.074465676620910665 0.50733148571835862 -0.1178387825544263
0.082273549832863543 0.50844447181106045 -0.11267053900197531
0.077368350007531436 0.49116348888886185 -0.10873195416312567
0.069482695048312226 0.51409991194411597 -0.12124420887110487
0.068680128837882368 0.56475350708433003 -0.12013829384633633
0.041444496479180221 0.55568769088704262 -0.13682318574175747
-0.0041695485449690798 0.53980465809525802 -0.14097602393898617
-0.012892417947491326 0.54767687802540399 -0.13369989503561766
-0.016378454438609587 0.51140795638190772 -0.13418638450942888
0.074653059921143197 0.49791635876516593 -0.11920491287914037
0.036112911257469966 0.53942989149479303 -0.13940907528496629
0.073295414877949078 0.5511607931961422 -0.12103985500783244
0.077692204918876712 0.57687261041521765 -0.091412787474087293
0.076015654711890632 0.58506514972274226 -0.091803110424005602
0.069829177377044083 0.59050350807024532 -0.087872303759882628
0.053991399420032608 0.59374488561087135 -0.057660458908053359
0.046499602944698341 0.57683442664837781 -0.036894146601529877
0.015932790482617278 0.55900048621379494 -0.034191584437421575
0.015067291767581021 0.54660631834030193 -0.031561147166232956
0.0073810409240809526 0.52732210187259876 -0.029395986165055652
0.0024680629240222038 0.51675509795307106 -0.023139505257669373
0.0063479578990254101 0.51625517345018657 -0.021759232797088673
0.010123908175409079 0.52231790709620041 -0.0231939524807558
0.020063001262459416 0.53382041330330399 -0.027934396423241949
0.01367287717113372 0.53482379784303957 -0.029818128920673797
0.0048495986039585725 0.56746031188919843 -0.1340725403157027
0.01259878195206504 0.56478532689002992 -0.13718663863352923
0.0061775451618328201 0.58470876789890369 -0.11888530060855508
-0.0275790260449611 0.56143010515567782 -0.11372412812403741
-0.036999809852500357 0.53762252653104081 -0.071002149884608956
-0.0023289495619303619 0.56673906296000154 -0.045296696626673502
-0.035172645898534909 0.55223418130841762 -0.075256811460077219
-0.017654075093777383 0.57261512041257612 -0.11748240073058783
-0.0081746014223917519 0.5586101632638768 -0.1325614530983559
0.04607958150946017 0.51901218283738138 -0.13394101845214329
0.069609267164318339 0.42134447122222402 -0.0966588127738046
0.02986420852481033 0.52751372781359118 -0.14036579077634215
0.024588484739773139 0.4122645128890699 -0.10553512435047951
0.030532424444507419 0.42868918948454549 -0.086740225783760838
0.025878247530807554 0.43118103382424144 -0.078160191953491318
0.023829759150529765 0.43895355169652772 -0.078310098593677324
0.017487011214357202 0.44187319564618849 -0.070623847750177257
0.0087358575401017373 0.44696860719892645 -0.066093414525310201
0.0049337443123648609 0.48266901498058523 -0.037384878716101064
0.0028583858739405126 0.49530854891136394 -0.035716813790634953
0.0056535790279750933 0.50407879446903925 -0.032438666696755818
0.0096055988958979807 0.50655013271172855 -0.029118093195276831
0.013389327347008291 0.50346714709280871 -0.027639532890423223
0.012105221410320506 0.50965221021406859 -0.019967424182789774
0.024996485359524725 0.51371241742137097 -0.022085209028813921
0.031887948167321573 0.51565483978264925 -0.020745948762246419
0.0456015773171689 0.52639084222578281 -0.020398052219927888
-0.069395200482133532 0.11559785774735365 0.013322456540406169
-0.1294872570997202 0.061235487476122168 0.048575972828680342
0.095840100769698164 0.11844042705654129 0.022847185046564984
0.09405394900974591 0.53252570076471617 -0.10946946654856916
0.12499411385870536 0.50567968424913901 -0.064836178646768966
0.12852045543704343 0.50862831957732624 -0.05375652230207692
0.11798597843000902 0.5104844749098183 -0.030629180412623629
0.099396847940149469 0.54184819672798257 -0.026855351456619971
0.086914291717490127 0.56008518803476359 -0.041423872719603586
0.070959134032785851 0.57028661774213962 -0.044598782221656509
0.070037773881076501 0.57292695450843478 -0.050553328528290753
0.069903423590343752 0.57713211860836988 -0.052734752985714652
0.070809934499393171 0.57923646842532084 -0.05661394085392453
0.069721697144457861 0.58245592565535353 -0.059894209268183667
0.07700843264972633 0.53373980312886438 -0.12029385734086899
0.062987212044780333 0.53779152505464667 -0.1275862497004841
0.06888660402153482 0.58286816891586513 -0.10777523867174982
0.07356906520696789 0.57352658106917875 -0.11209495407220449
0.056470515837448533 0.58745304936381859 -0.11189272152931203
0.0075924658552866996 0.5938297384260709 -0.10591837623246456
-0.0042289455156088234 0.58886160609613247 -0.094516986296807201
0.037016593739346057 0.58397903368818693 -0.042621711627505089
0.031590256207329526 0.57151698356253411 -0.035296792355396782
-0.0015228478175338485 0.53719896956183599 -0.035414879189882918
-0.0010031243244361075 0.52836579149955432 -0.034047334651582176
0.007452458710207303 0.54047994508288844 -0.032719388093707925
0.058646283440525783 0.55241802907468351 -0.13034608751485216
0.011003549026311897 -0.12292199156522771 0.032745973046395475
-0.025358003607110744 -0.11393890686275987 0.04238171731910715
-0.033788130797194296 -0.090246586645435695 0.052046452970345262
-0.015815597431118718 -0.074909440298102065 0.056125752061067631
0.05378563134317349 0.56843894769116743 -0.12822193870768803
0.055035089046988096 0.52768060501681724 -0.13007173007904002
0.099918692753627178 0.39633976079647881 -0.07450798536594043
0.11670823645446121 0.38826955096420046 -0.077717543100866551
0.054443240660970629 0.4862547535295631 -0.12040911574818183
-0.0012923310029081842 0.55309190184872725 -0.13699147715857007
0.044642033398619718 0.49054406333790462 -0.12860094794891308
0.051323485488797463 0.48912772843086411 -0.12424446299520524
0.046110694208366679 0.48352956394806818 -0.12284580575799796
0.037136801894212187 0.47517933982563099 -0.11889237167648839
-0.0030770685492738136 0.46420150685917849 -0.099218539365660205
-0.0080239876754124098 0.46539298180593996 -0.056155735651846519
0.041952906263584666 0.43487637392618544 -0.093728562222243961
-0.041536607038507416 -0.16504010060315208 8.6124476056785861e-05
-0.0037771042746708372 -0.18597046168572817 0.003892480344553668
-0.037449529773058432 0.23330214745831762 -0.02117445547900456
0.099720702851494716 0.54670177775740159 -0.10137380087173087
0.041730167623685643 0.58059977032286147 -0.12569332481473897
0.041916843817124808 -0.027278726699374846 0.027903705725669744
0.035889465510777555 -0.028813148440901541 0.033528033159818789
0.028382819792783377 -0.033258728850569005 0.042686480347032471
0.027765515562206078 0.5693829352602634 -0.13433770536320155
0.077364107366771448 0.50169160193475637 -0.11524652905007751
0.021070628442955042 0.55387608328253046 -0.1409201625023131
0.027150332652008714 0.46575714180450511 -0.11092469232924287
-0.0002740972205125924 0.52632295997362299 -0.14342119923032229
0.012166032594546912 0.51883611324584222 -0.14267449445656552
0.0052307291655635593 0.4010257575158786 -0.088045544924248542
0.013207600901122387 0.4159464179619406 -0.076527482367691704
-0.12493773199143322 0.019358501854723348 0.0016071111885102144
0.049984225222229901 0.0010889836354490668 0.036405957808672937
0.12189698610391876 0.5077168589207236 -0.077507532383247466
0.091990611386808169 0.4923125374280235 -0.098691744804629153
0.082987727694127128 0.49333006410362579 -0.10454022509226382
0.072023329756747898 0.47855436055019651 -0.1052360181769008
0.075667758169572136 0.48668679578028795 -0.10483226019790923
0.08242204225946291 0.48655598102352182 -0.098386981776703783
0.083308047071505742 0.46501467967150834 -0.092296670965750158
0.081263094225194593 0.49882145546062878 -0.11022465660384591
0.072951053869597215 0.48940137875988282 -0.10934784418011635
0.069799478891724179 0.4852619755917274 -0.10840809925178044
0.089740597570431235 0.40419288884320487 -0.08483598718932242
0.090449825684141491 0.41508799031483778 -0.080184638702795893
0.085985860497847483 0.45081809658181649 -0.088915286280044775
0.10179606128991907 0.43891183239572124 -0.066964570094693102
0.035691475608645093 0.48576826405575185 -0.12717400643997256
0.023662174840510499 0.49189251599278533 -0.13221709209000404
0.025330239765976613 0.51425901097261517 -0.13910996911138759
-0.0049120106779658645 0.51364877780997131 -0.14142362253916424
-0.054515552230084599 -0.11215911906394757 0.029360345719930112
-0.058054621730702603 -0.12464733214095357 0.013926325741910238
-0.042185731074784627 0.15084076743372785 -0.007444562872910624
-0.020702412479824198 0.36005811123070247 -0.051024968759442069
-0.035898137468491791 0.42374651299916688 0.0078367220377499151
-0.021279411623181692 0.41078878101138966 -0.032004503125651028
0.080577200635664217 0.56165567222275015 -0.1111679370661485
0.078042929888368529 0.5819107463176959 -0.087544913314570719
0.078981967709911116 0.47728581096296196 -0.098201719796851272
0.057468243522837546 0.44626079329880286 -0.098531938669336502
0.020507771435464131 0.4801022173207965 -0.12441063309163783
0.034458281361077099 0.43728336545068164 -0.089019230978664335
0.028437974122663155 0.43679263333611046 -0.082451623082212738
0.012342809292879479 0.50441537730266461 -0.13897703303424147
0.0040024846655488822 0.40672574537691386 -0.072082609064817602
0.11753343008227764 0.17025226312423039 0.012622420815009205
0.094831766482409194 0.11956755528510982 0.039471265757759742
0.11682985882291402 0.52175575719550282 -0.086267878445816223
0.037668546202796513 -0.073604121157614374 0.033231755413413368
0.10599486142871424 0.4078380243628224 -0.054556967192126764
0.046491824769971699 0.45151813230721349 -0.1017153334529094
0.020408776484397893 0.44919033674357017 -0.092917510730294126
0.0076638836414130501 0.54785436183052993 -0.14163363325678333
-0.072032001714462154 -0.086394268835372351 0.025249933930301262
-0.12320107770701406 -0.016795161381460203 0.021774504041082964
-0.12853973399665763 0.0029451389679410272 0.056151207905627547
0.1197374819570881 0.18625196853691461 0.02879041764450593
0.10145240738836057 0.55440075652318155 -0.088592138475492813
0.079214605844916797 0.57051006348883193 -0.086441826716975478
0.10691127183287029 0.56024994391760963 -0.069519346938995363
0.11340958326357549 0.55517645267546478 -0.06567904994441863
0.12113189655353541 0.54911725456341787 -0.047886121703848962
0.11810830790525516 0.54420003392259897 -0.038458973935169748
0.090818935430259914 0.55846874190521067 -0.099367031792259544
0.084769636813319421 0.5665849136790555 -0.093613303814931104
0.075737761742111831 0.5774948643933483 -0.079618953268131662
0.082873883500400966 0.57405337563020986 -0.072663143742141764
0.076384057351215701 0.57825571130297171 -0.084814773985522521
0.085875551838087968 0.57610398533086771 -0.059110027834380414
0.080676195586730462 0.56998680446176753 -0.054433930610087292
0.093015916237137078 0.57712999728798986 -0.065111950296167773
0.10055933150838442 0.57227853757895086 -0.051590654194106265
0.10812890973098502 0.56344040976911569 -0.049045776844910634
0.11448933533699081 0.56075340395446083 -0.052992846965280206
0.12576061762267537 0.54328928037278967 -0.053283467857338944
0.12454085840418068 0.54219397194992103 -0.044337152708124321
0.12159575860996007 0.54915331700987768 -0.061117504020645051
0.1254084784395969 0.51951140023347253 -0.075313380003543609
0.039779967087680765 0.59240845377147722 -0.11342148641649206
0.052005136437567823 0.011777609923429497 0.034703951757127018
0.060913267819942614 0.054024412397740008 0.056104538857267738
0.027940170940158614 -0.035612687365565422 0.040286559890469517
0.071304202147930998 0.44947530078128223 -0.097202577897875592
0.061039839935948761 0.47284164476688112 -0.1084540611933469
-0.04931902440590042 -0.14489674938155256 0.0078869266200763555
-0.081549659152687609 -0.068667808633375793 0.02495153486351586
-0.11646376418016323 0.073780976203387902 0.031165589363302319
0.10503814593733839 0.51986353941655106 -0.10004726852744328
0.035577631414918903 -0.025802287714901249 0.043757040032134514
0.034536770215136743 -0.12433337672471492 0.022024819845921858
-0.013793272002194152 -0.10323684554570617 0.047025287630907055
-0.027852676373979972 -0.18173135645971319 -0.0017219475944887071
0.10709441249234281 0.53594526921726138 -0.095347836778970255
0.11645792064962229 0.5464090355449629 -0.070944874234349212
0.10746210802487455 0.18084330867473133 0.051213481167802194
0.10213405833713095 0.49087357510359642 -0.090697902506030395
0.035728952268691577 -0.023280037783092171 0.037692892172534069
0.0028286873886206117 -0.10569757718649554 0.04256627219216632
0.030678795550726775 -0.030843252044552728 0.040068063891330462
-0.013217687072423323 -0.17060856660062798 0.011515798683447338
-0.0032022264516932599 0.57145970791227441 -0.13092874351255629
0.0060184461333334868 0.49004555304860664 -0.13395586769480322
-0.040098351820873651 -0.13620075003717691 0.022142906680408032
0.028242105540910667 0.41978600784972403 -0.095007718411378422
-0.099457845800570141 -0.038819416673318265 0.060159796317016893
-0.10871033819129677 -0.032371309824939506 0.049668452824375549
-0.036349978709429874 0.26029241375973422 -0.03914203909752681
-0.12433456989672251 0.05212795197802824 0.02374167514012775
0.11931109656070996 0.55612680420570071 -0.056623133242237812
0.10738786181157489 0.56826217099283494 -0.067219835647085335
0.10026588218915236 0.572238232491731 -0.068148266866727952
0.10824133971112453 0.54892562862242522 -0.082998216633457064
0.10217082789038412 0.55689967193081069 -0.078673551485449092
0.049847753611117158 -0.0088204109662813682 0.041846437476556128
0.10019517150981934 0.48175543300360263 -0.07829666356460406
0.092064150493314512 0.46758289154488392 -0.080401013381554934
-0.011807716126522681 0.50455397023415727 -0.13668176438309143
-0.1148352972351236 -0.029627735466818048 0.038907701643475477
0.081405929797447305 0.5703594497418526 -0.10408979806491243
0.11321442178861633 0.50578857869531191 -0.090171107944999343
0.11985910432554092 0.49635789539266606 -0.051887639047304999
0.10270045087858849 0.48356138375376811 -0.031996724950924371
0.071854331233141971 0.5045419494186707 -0.018196121665497451
0.066852257777123614 0.49659336195484499 -0.022346838542346151
0.042389191155069471 0.49756775511605422 -0.02224713648448658
0.0401476626202125 0.49256073191248245 -0.020528159869900673
0.033191145987429255 0.4892295518091036 -0.021987628291334365
0.026554948732024655 0.4915608829067134 -0.025550032316132273
0.027906936920872136 0.50047113560946821 -0.025690746568005001
0.024360089245527489 0.50063023463796752 -0.025713373985391592
0.095951823643044359 0.45371794154126388 -0.075251861712523876
0.016028249899716861 0.57665270020249193 -0.12896369373389149
-0.017657610627744059 0.50200202181702824 -0.13263852773882892
-0.01694201855289381 0.52741331864893837 -0.13503349844783855
0.11140493550448417 0.49338804686067894 -0.078340504185790541
0.11051963779923465 0.48407969303327925 -0.061592679785763001
0.11035558902318204 0.460706277979747 -0.046961226018172986
0.099714338890354748 0.47035616438832523 -0.02751083945403714
0.082792566219167973 0.45391734565698311 -0.010256019483191778
0.051992408515287886 0.036138146060450765 0.03401098709966336
0.10034932079076533 0.41202268236575107 -0.0676214723056969
-0.010550480247981454 0.56776436781033046 -0.12805294018408209
0.051418944905897032 0.0074126396882017286 0.05726277978474275
0.050204135434955624 0.016653111263441725 0.04717236584391974
0.12849429248569019 0.37870098183685513 -0.052389684870569483
0.013756315772746658 -0.065468857500349573 0.048349698654814588
-0.029665698192078802 -0.15751082746777134 0.014522416768687646
0.010152192447142279 0.47039010551440513 -0.11430466280136159
-0.0097323576880983323 0.49424647450778192 -0.13471742171121992
-0.062711627071575807 -0.086126982467493521 0.039340451000993565
0.15454622807235749 0.27931500071390519 -0.0028618037453371097
0.11803547590554213 0.49710318595283609 -0.066576368465154773
0.10922563236744025 0.47135742760768096 -0.03861595164328907
0.04869587664478215 -0.016737178624407101 0.041101854023179292
0.031407822654650273 -0.031548944624296381 0.048399196130347717
-0.018506845886533722 0.55905281211650149 -0.1254019968158869
0.11468661813232998 0.53847034757624379 -0.082182215393953886
0.14072653290351061 0.35580557097561422 -0.027891262908848816
0.08151128870965349 0.079546724996202883 0.039520056126499517
0.061779473641772241 0.57736263542299548 -0.11793565618511254
0.03248757472806562 0.4541513980055753 -0.10148410953149038
-0.010302285763522554 0.48439718398348447 -0.1285995337353264
-0.038189163478881925 0.25242655779072815 -0.021227488488504326
0.14803589582616564 0.33038861728935759 -0.023552455624974274
0.097851819596722803 0.42410218771621211 -0.072791130071734531
0.14682320767560422 0.31951897166228455 -0.005629419734431821
0.10396334361147636 0.14114279776320304 0.023829356382500715
0.04841939788859001 -0.016935168526539618 0.066422641185543044
0.12122099200949502 0.38828510731365368 -0.0036332572568604448
0.039547328952675063 -0.026483938663671606 0.053776743293624509
0.029877643553883559 -0.041727039807492351 0.069832310142981704
-0.026801915679091157 0.48202413358506818 -0.10622031083321655
-0.12128411119029568 -0.017745512911696099 0.03768723531818742
-0.13544675315390775 0.00090584297597651935 0.078104752518152507
0.13319301712736989 0.37452905175620649 -0.035235981171170355
0.043631577790950726 -0.022190386214570208 0.046576274817142292
0.024384837983293994 -0.043962911488002673 0.05916065441804122
0.02604653894762015 -0.03943106404954895 0.051970085436665599
0.013203358260362381 -0.051134388585958299 0.053688354944458193
0.0099761228556030229 -0.054222323952431616 0.053988168224830213
-0.038342605653034538 0.54452813147470425 -0.089464001151669068
-0.022598165792742656 0.53413719714671593 -0.04976631866731418
-0.014109348738812727 0.51853559285867679 -0.04203127745507429
-0.012433505638619991 0.49708762960338287 -0.044711919308589351
-0.010365218268128933 0.54304037878153744 -0.041824095164628532
0.07847072949833335 0.58075533381739419 -0.095687955146562129
0.078081820762001694 0.58242269163606697 -0.090735379166076879
0.13001952183890361 0.52632083865324308 -0.063669452437773985
0.10861186367082959 0.54652358684548241 -0.034234717951814708
0.11430548757072495 0.55722494105574272 -0.045584489091558919
0.047290855446434889 -0.019974313524273153 0.056970037572303997
0.10363948870013111 0.4610428608133722 -0.061183972059218085
-0.0084440091106506195 -0.11895724377502484 0.039665720125925501
-0.0069025163011905734 0.57783286144056023 -0.12279065142811818
0.017368924379871049 0.44388632868679978 -0.081992710773341387
0.032117050768360557 0.4446464684896298 -0.093922309483616448
-0.031009908206199605 0.52735745721226523 -0.1219548511984018
-0.0154981064809134 0.47698529057579647 -0.11819375016467809
-0.13307794539625131 0.039917631870801031 0.039846032358224724
-0.14477490597152071 0.017941459840889476 0.086732869610368538
0.1232171544870664 0.53130028469187485 -0.074328380240434561
0.10875257792270232 0.55255379357900281 -0.073413384049865166
0.097486952491364395 0.56497907415140258 -0.073684913058503998
0.08509844147221797 0.092720831662739256 0.052714668890042435
0.077197230163545488 0.10344410618359291 0.06860901539052032
0.076256071021622893 0.10091407807705714 0.076823475008638106
0.079432394737262491 0.12069044087291823 0.077652911277214506
0.08271266315152162 0.11426284012154601 0.063452792653555912
0.018981834975457388 -0.044838309698145527 0.052431826172710277
0.017942387989261885 -0.050635171189867136 0.047723202035924006
-0.021890351892619109 -0.14379012724999071 0.02551156344383345
-0.040534636712358414 -0.10828275962291102 0.041153472819092395
0.026137048617166439 0.44257747401234543 -0.087034382209786251
-0.021791356941552809 0.50560190250187265 -0.12716622826524593
-0.13858701442308752 0.041664185650326861 0.060451124315868944
0.099670498269168267 0.15614972523805143 0.059459053484826538
0.066174142362319846 0.066321706640546832 0.066223237069823984
0.064482035805880494 0.074710114529823832 0.082207386133054811
0.011436298383830026 -0.091901216541828534 0.043625518168575073
0.0054923586790957477 -0.070504872082447836 0.051910688466025874
-0.026473818126985894 0.54467379547413031 -0.12449902144080414
-0.028267748061664807 0.5696650708708022 -0.096568303104258318
0.0081701721054375422 0.58298625575035123 -0.051832484717425222
-0.017378303444378573 0.57949102687091958 -0.087142569549165758
-0.017557908569884487 0.5806160337791082 -0.10317268055396307
-0.034767473705956668 0.55423458642674894 -0.10188291776292867
-0.020211680365253008 0.46926227017904332 -0.089246919366116673
-0.020133191511193329 0.4758928105801013 -0.065568741284659116
-0.0045351227571208443 0.4712732818992747 -0.11363927530883777
-0.031970159231542096 0.49614717756825355 -0.10787281940922942
-0.037521654665978149 0.19431510730125959 0.002859397319498106
-0.05225776023898103 0.19917858782578535 0.021020021092599532
-0.059108917959558055 0.23763671210143217 0.062373040580140628
0.12998770203320376 0.51486075885373939 -0.065956942914197458
0.12210487550115787 0.39003661084073282 -0.038740402438915203
0.10522128659681093 0.41098111405917553 -0.015774280898341257
0.083580990293731228 0.42344457839841487 0.011032137636809419
0.05962421213570155 0.43484667544086547 0.016843848371190961
0.055924629392997548 0.44450928977172371 0.0045847378952240114
0.070500928830707799 0.46439383990696437 -0.010093384920725848
0.11933301687130318 0.39121747918559424 -0.052205837104303626
-0.038591507244286845 0.18058167916119913 0.0072576015740124103
-0.035921471992671733 0.28172694198595483 -0.040647469460526955
0.051771084088975544 0.59529415659505802 -0.10073740475773361
0.028792234626121641 0.60046734989506223 -0.079698856335778001
0.059510367941975381 0.59533587589586434 -0.079493795365712216
0.13217336913138764 0.37290624166551356 -0.012873728832100478
0.11257166171347911 0.39820581562407742 -0.012684224211487932
0.1093833171823529 0.40309687331354299 0.0014833674996774303
-0.023948739768003532 -0.12837944179615077 0.034165136380609321
0.0071865865559151091 0.45214038628534409 -0.087821392070762838
-0.023799540234610794 0.5155395813753364 -0.12794333863111587
-0.036628578786002002 0.20360790477920604 -0.0069135256711195872
-0.043500242603585607 0.20312990058691485 0.010082493213366872
-0.053824001786207602 0.2151012185979963 0.019501862807319428
-0.03893445403905204 0.22356245848698647 -0.006557143847281126
-0.12335805541513338 -0.0081833077454908417 0.046015539130031355
0.12516381948910463 0.53848307549852381 -0.063453784865808258
0.11988385306330748 0.55455844133809429 -0.049401451561955745
0.11129816237869129 0.55255379357900281 -0.039438316843932196
0.09161230925237647 0.56270006895649904 -0.085430664002513201
0.07754229827869065 0.077038617200260423 0.056585371476732337
0.0065883742087576684 -0.055888267557517753 0.056064233770047933
-0.023267795926026447 0.48807272509521527 -0.11964544041138513
0.088801559748888606 0.10714439603309012 0.050328183462552745
0.038598391636025832 -0.033746632537966871 0.078675387700370039
0.033722183189220274 -0.037975131162081899 0.091833230910659827
-0.0017102311177664212 -0.066863979203590204 0.055671789499749574
-0.013472952624815532 -0.067710386035206557 0.063022164616417797
0.0069532413141161018 -0.057245912600711824 0.060237578064283183
-0.0056070966558095514 -0.077042781493579529 0.053223785781240186
-0.0080777277917055256 -0.068339003974477189 0.05762552556972117
-0.037274874395105816 0.53905300357394792 -0.10872912573595235
-0.028894951787348779 0.31870438463636802 -0.060474743945507836
0.046801537545450377 0.59939466888958026 -0.085204389828647475
0.13841075815535397 0.34902865946833683 -0.00097241439355861311
0.054233229943351509 0.041418112486247917 0.05846344711981754
0.1093175562505732 0.41722628125786848 -0.045227400160927148
-0.018353403712381075 -0.08784171644131944 0.052255756581171077
-0.027905709383479738 -0.10022669192649923 0.048391417955621095
-0.030736964983974119 0.51060539017147777 -0.11693792849972352
-0.038156636566388666 0.5206837832968142 -0.10625425195929639
0.076694477233487698 0.58052976675032186 -0.077209133316462064
0.076804078786453886 0.5812983918346718 -0.082426874344446177
0.077341479949384909 0.58301100448811782 -0.085206511149027497
0.13377708733866067 0.52535846630752059 -0.046970418406486268
0.13095643834006623 0.52548503842352667 -0.03877222224461508
0.12622165125192672 0.51847407456765704 -0.03381681783695651
0.13356636951424827 0.51955099821389905 -0.054557674298920118
0.11196567119159508 0.48416525295527207 -0.044708383774622718
0.064219699185554965 0.10127045990089564 0.10502642946061604
0.020944056326948936 0.59838845592267131 -0.1012161160568182
0.11260348151917897 0.3996893256764843 -0.026795247379186895
0.0033229550371584766 -0.060038984434366414 0.061896450601435976
-0.00053784805442483232 -0.061370466526207298 0.058486781643997399
0.0030394052130330281 -0.058078884403254899 0.057139036095909923
-0.0090330290694947187 0.46220180884764045 -0.083037107507090202
-0.059349334269290357 0.13734775560339951 0.022256043767340871
-0.034107035960986236 0.30481185746780814 -0.042992942694003486
0.12354313071879164 0.50681034801167424 -0.041167192953624698
0.095714235760485392 0.49716470424385595 -0.025243855074620253
0.080946310381782627 0.495906054151728 -0.021444570274056721
0.069349758971166145 0.52065762034546093 -0.016694226836463939
0.059583199941688411 0.55278713882080199 -0.023369314965501729
0.073702001284113972 0.56476835632698996 -0.037575090443506924
0.067261672610461842 0.57455895698744097 -0.043683078924293815
0.065221669511703995 0.58989186069401467 -0.10056062805940107
0.10818689248803808 0.43462747233493326 -0.050781016915743098
-0.043850260466284069 -0.09644084215500888 0.046432025031302927
-0.098386579008674785 0.12361574167692561 0.085457956061994064
0.11162838125117652 0.56264986437417253 -0.061614600096356241
0.11014557830556296 0.57271199404326234 -0.06148590665997012
0.10423557972690853 0.57400599947505671 -0.057413678637181061
0.10013011768483297 0.57643915395090617 -0.062221297725033591
0.091265826923644669 0.57191154915321252 -0.071446920057613689
0.08565705583894892 0.57813055340055231 -0.067346407763091434
0.077931914121815674 0.5735987059620985 -0.059924614860296883
0.077726853151749889 0.57780528427562028 -0.074401919346940903
0.050274139007495312 0.03038229676274231 0.071498253748067772
0.11036902405225532 0.4318435928895919 -0.036257043380739269
0.013563275618167496 -0.055290055210360331 0.064215053776765965
0.022813646688514145 0.43586985897081454 -0.07310579259476653
0.017949459057195194 0.43321820849582593 -0.06501861219944817
-0.027600239248761028 0.47532995357261038 -0.08050142254620786
-0.032770604121591981 0.48401817474225939 -0.080939828758072596
-0.033785302370020934 0.49822465732705801 -0.067357014364991391
-0.039620347628582339 0.51333694371411254 -0.08130893850419102
-0.090759725135814429 0.12079367846474444 0.057092367047550122
0.13111129472780558 0.53166232337005992 -0.053364078031778596
0.074949337667548577 0.5829480719835114 -0.07281022195515445
0.074013128273179296 0.58590448548642526 -0.080458289031814692
0.075805643994271546 0.5854392092164139 -0.087753509818603137
0.077912822238395754 0.57157638053317383 -0.077820780692692756
0.061401171507340535 0.59338638246665287 -0.067664605820090068
0.0076355993696798109 -0.059635226455374835 0.0681918223824554
0.01036503159193467 -0.058156666150521265 0.078953280670148895
0.0097569197496706339 -0.056641336292414482 0.086705999552221996
0.0032699220276586924 -0.060297785520725275 0.082520634442500101
0.003648931268883725 -0.057040851630646039 0.088084857799216043
-0.00033844393870569202 -0.056088378780030167 0.091381389669721744
-0.00053572673404483938 -0.063202580227726041 0.064946202201069447
-0.006872817815870751 -0.065451179830516362 0.066683563592281961
-0.014822112386489689 -0.065906556605421038 0.077371482773469044
-0.0087537218861292766 -0.064146567796822013 0.082832468538358781
-0.0059146881109082335 -0.060722756703516824 0.089477151075283354
-0.0074420387845016214 -0.064937113191765233 0.075646142197743182
-6.1965182513553255e-05 -0.063155911179366239 0.074692962240333963
-0.0037905393037440866 -0.061824429087525355 0.083723423097954872
-0.0010483791592092902 -0.058931655196011234 0.08751210129661853
-0.0050527249298386312 -0.064027773855542494 0.06081740563481404
-0.029378612833986698 -0.080401538761898358 0.055570673228303342
0.011402357257750198 0.43975258237299103 -0.047677525199816544
0.0090887038299735448 0.44924619818024319 -0.032570188560315225
0.019763187982087354 0.46103720395902553 -0.019360726554112383
0.026518179178771462 0.46402755858801931 -0.017330622950461196
0.041533591935139808 0.46460031509061678 -0.0084472403058529349
-0.044856473433193052 0.24241251138358494 -0.0047950337183020886
-0.1155197766110673 -0.018942644712804213 0.060274347617536396
-0.12638942223814026 -0.0068970804884230632 0.067728667432824102
-0.1405259012503991 -0.0044434199155669535 0.13861541635739072
-0.10806050704822626 0.043424174458925886 0.17058866423140567
-0.12297480353314838 0.067623490247067847 0.14572678937791328
-0.1382058838614825 0.018633010284766507 0.066228186817377285
-0.13372070547138856 0.01777458263766352 0.04491174542564285
0.12405366182357611 0.53184970667029241 -0.034057941253482119
0.052075847116900845 0.038920611292205406 0.068401833100074569
0.10878156930122884 0.41372115288333022 -0.030754338315043112
-0.039024963708598245 0.50243972092209988 -0.088749116183612142
-0.056837690939381222 0.16052318075479924 0.031260341673608555
-0.045997743797628117 0.17163324269160446 0.018681618927056314
-0.067576521809688053 0.33180990194395138 0.044343938670598639
-0.069433384248973329 0.36281512061789728 0.033026694443347576
-0.053076589905657487 0.32950756222486804 -0.0101725808815788
-0.071733602647676711 0.35118887072196087 0.042496975726419924
-0.069369744637573616 0.34361858539256701 0.054713659794787053
-0.021183245099288834 0.28450516457694935 0.10511835334374903
-0.070612838380248219 0.36828954141186021 0.046465966157382736
-0.044803440423693289 0.31495389020454428 -0.024411590378870533
-0.048464132292764105 0.26115225562042371 -0.0070719175928255704
-0.06294709363375478 0.32135886353852988 0.027449743164351725
0.11208941488042785 0.56699008587163369 -0.055559644625069113
0.070505171471467815 0.58584013876823215 -0.066393934912475569
0.0024312933707690124 0.41461140033613314 -0.058499087564943035
-0.041964406648472244 0.29125096338532025 -0.02421006494277142
0.12228660194704374 0.55120816935129535 -0.053014060169080092
0.11697835124951339 0.55146131358330763 -0.043427813371901582
0.085254004966750646 0.56739030831665871 -0.078900532766108089
0.10644882399003228 0.42762640797417006 -0.02276615287079101
0.068937515710654582 0.44796704199110876 -0.00016277711519548389
0.010000871593369588 0.44629756285205596 -0.075688146604008674
-0.034896167142342789 0.49149795040210703 -0.093359452476125537
-0.063438532855119315 0.19797297074315717 0.058324147081531469
-0.05319396963335031 0.21152325822374524 0.091783026328333336
0.073955852622919538 0.58087624907905366 -0.064992449248094941
0.13852743077625346 0.30232496287566557 0.032963761938741176
0.090559427237107679 0.12212869609055207 0.056182320604534028
0.10930694964867325 0.47225828166238376 -0.053258719119572376
0.027994618163245041 -0.045816238393321315 0.083666147447695113
0.025598940347442072 -0.044625470553353121 0.093177440924780627
0.0099209685257232449 -0.048854676284261496 0.09727441768533629
0.012676563699331331 -0.052602342288911925 0.091809896386479878
0.01532185021317988 -0.048887203196754679 0.095476952216690697
0.007738129854712705 -0.054270407214378043 0.090990359613010163
-0.013553562799255165 -0.065923527168460991 0.083765142398761372
-0.0086320995176764649 -0.064456280572300628 0.087666957684357838
-0.00035895003571227084 -0.061752304194605714 0.091737771493560244
-0.0046199755723205027 -0.066332234895005865 0.090072534995267448
0.010269572174835085 -0.088292143468670828 0.10760100529513157
0.0082458325323238393 -0.11008022509155653 0.11344877847597293
0.010928595706218873 -0.17824602707538831 0.17021036209697402
0.00029795217529156271 -0.13973628400382829 0.19857877953859129
-0.0097160942318517979 -0.15889109992835201 0.20011107995973793
-0.035645700343272919 -0.070627908664487316 0.079410778765433551
0.01387086707326618 0.44295648325357051 -0.054403525017974116
0.01186551220738152 0.44718781030485888 -0.041435893535090196
0.012982033834050019 0.45473476111007283 -0.030395835170824639
0.016984965391092698 0.46166299347112283 -0.028225017315300725
0.032276149796859874 0.46882457107397196 -0.015759431655681326
-0.029268304174227145 0.47840091837604376 -0.091532995628953437
-0.059871886189561421 0.2003184439766337 0.035608341345796456
-0.042622723073062745 0.21503262923904343 0.0046879754870502166
0.11104713946705905 0.57270492297532904 -0.056044012778500345
0.13056682249694124 0.51667943752618484 -0.044061381058725514
0.049373284952792543 0.0063661216340728972 0.088915001174585784
0.10831912145839086 0.45959541320742514 -0.032586452016561816
0.086649126669991278 0.46647131966576866 -0.020236124764255271
0.056000289819883885 0.45703780793594956 -0.0024007701160857812
0.013547719268714254 0.43415371078340181 -0.056705864737057479
0.0083929107453365459 0.45408210153982898 -0.024099756283011906
0.0028894985728470366 0.45829221538731746 -0.0042696533708576996
0.015326092853939885 0.45813665189278469 -0.024790599620095586
-0.04114981962255574 0.52875328602229921 -0.093179847350619668
0.12974728572347147 0.53300158363662753 -0.043540950458834424
0.084547605280213683 0.13464660765287778 0.07858063539006381
0.056548297584714823 0.051125981651879239 0.067923121800989944
0.052715778764864753 0.045706715187796017 0.077011565415663952
0.110445391585935 0.44813886894188804 -0.041232246778611106
0.015736921900864773 0.44174308799621576 -0.061754607241435618
0.0045448355760331948 0.46332964418300226 -0.04155610168995634
0.017641160495303201 0.47276457012640816 -0.02711910229053217
0.01319558008563578 0.46604139873542388 -0.030718275868583254
0.01499445976786799 0.45960814112970499 -0.031731559903425549
0.010826065221186017 0.46087810493052628 -0.036162291070433041
0.0099959218458162899 0.45506568708935136 -0.042917989373910476
0.0099280395936565749 0.44804623795196169 -0.05666768097021764
0.0077473222430260082 0.45305396826232675 -0.05035251019898495
-0.019943686890580823 0.47993534011757044 -0.058020376265858452
-0.020024297065020475 0.47017302372885267 -0.076021901010460552
-0.029795098735258194 0.37141283211800008 -0.036703934874124017
-0.054314026793985483 0.2967345765675965 -0.0059136766653505616
0.10529129016935064 0.57486513422895313 -0.06349338284623475
0.13720372685913917 0.28624040464778194 0.050932052664056815
0.081840093368552067 0.1051729822932853 0.061848367339489549
0.019513579284041755 -0.049825533911503933 0.0915963501348942
-0.040688785993304374 0.51553463162778312 -0.09194877442343162
0.049369749418825888 -0.0061503757146662537 0.097742522382520888
0.045664509821775258 0.0051520192699248402 0.11824366964154553
0.041069729878715135 0.023302743547919596 0.12469319070351093
0.025843599297934356 0.061316804757355133 0.15552728953347086
0.01854342876359261 0.039296792106257097 0.179078188392129
-0.008993431089068242 0.085330858565644568 0.18043724764890978
-0.013200009402590028 0.10699802492687085 0.16962134213812993
0.015519133008519027 0.11299075500034493 0.15109372993929004
0.026149069432653025 0.099928371207154656 0.13611720805655486
0.07639466395311563 0.11127531391972566 0.067230157143526287
0.077998382160388693 0.11545219374792751 0.07099337949762996
-0.018837771865812269 0.3889738293303574 -0.045389327616599764
-0.030341692286502474 0.34827205519947352 -0.039865409347103677
0.10598142639964096 0.55738969693858864 -0.042880512713863957
0.10739705419988818 0.57074765137139083 -0.051178410933594716
0.11603436368041746 0.20256633647263067 0.046272926002803597
0.049600266233451554 -0.0081069402118111745 0.080892167497460449
0.035837846714864452 0.044769798686633389 0.13316150166043436
0.023657225092957142 0.041966120251078862 0.16491978906927693
0.032306555388973063 0.03838462434286103 0.14301857035945834
0.043336007151338674 0.014916456979022561 0.12200406356847589
0.039394593885315708 0.0087462431004225842 0.12767788847815803
0.038080082356514736 0.02258220172551605 0.1318971947139598
0.044158372351981778 -0.014726166904175832 0.10819214657435572
0.037252060301524996 -0.012722226251877834 0.11630407570744057
0.050717494966913405 0.021004646469596221 0.080149705364463669
0.10731078717110187 0.44526235850662049 -0.026810803728640177
0.089017934427647688 0.42398339377493249 0.0044348312550379614
-0.0028430162006814947 0.42461130460740976 -0.045209722491093889
-0.0033012214027595189 0.43621987683351293 -0.034410787543353943
0.0008898005613090246 0.44631736184226933 -0.026646754952587545
-0.032698479228672341 0.32826022584143338 -0.040771920256153088
0.070018681997656582 0.5747237128702869 -0.056500803766991688
0.069465017378478974 0.58952911490903626 -0.075331057673376861
0.049101048837360391 0.0032463664618997503 0.10566918953575329
0.13780547474026325 0.32633548114998845 0.016119771014820743
0.11248327336431282 0.34238114850423895 0.091295829747728832
0.079332692679402933 0.35164707592403888 0.11266954678972302
0.027651671368479888 0.33878621756694793 0.098999051154268797
0.0016916596649455523 0.31458336624483924 0.10327209750636365
-0.040740404789217519 0.35081339701470243 0.086164355748530985
-0.043664291379638197 0.34330392286953504 0.086162234428151005
-0.045755913274309119 0.3493815057582087 0.084106674979939913
-0.056779001075534768 0.34703886095190556 0.079181676164394546
-0.063861382717530765 0.35996760156115626 0.071303092273108659
-0.076371516105130002 0.3720669059018305 0.06788140250018343
-0.074414951607985128 0.36733070460010442 0.071908375688199341
-0.093631285823528629 0.37125161176912069 0.077965452479866443
-0.039987336054320748 0.53230084080443729 -0.081525313182950102
-0.049261748755640669 0.27812352576714372 -0.011195057304734378
0.04566592403536196 0.59841320466043779 -0.068880829504618143
0.13580153408796525 0.32603849629678966 0.038519500013937141
0.11443488811390438 0.32220385615655961 0.098583272359790572
0.04785512666751246 0.33532917245435612 0.10635508312528368
0.13515453137206807 0.31303550947423925 0.059020647272961801
0.00078373454230947555 0.4541047289572156 -0.059544898512278517
-0.10647800204475309 -0.032071496544567403 0.081463509786471336
-0.098561234386627353 -0.038489197800833028 0.079965150491404499
-0.11426961180045937 -0.033731076188513627 0.09967858078265919
-0.12594111653116888 -0.01413431851815841 0.082979546751371466
-0.11042436505832935 -0.03247313320317901 0.091515032853661152
-0.10180331903404666 -0.039197011700956574 0.088036067430476261
-0.1215853386842544 -0.036881236952799989 0.11002708870304778
-0.12597010790969543 -0.04662516856489117 0.14201306449934264
-0.10334127630954 -0.069787158687217535 0.18213006131214246
-0.069330853763940506 -0.091041374681138931 0.20263615831872034
-0.11073407783380801 -0.040148070337985821 0.096958340948717595
-0.11595888992972542 -0.040673450685430247 0.10309249238085778
-0.109038435743402 -0.090491245595928013 0.10613163737859124
-0.089317934384213996 -0.12572920553474884 0.10102986186471334
-0.03267443759769912 -0.15333182631918943 0.10104117557340662
-0.12438689579942892 -0.046810430544743688 0.12147302636668489
-0.12949503527444683 -0.02549611047338923 0.10940412761812381
-0.11302227541702478 -0.024399387836933996 0.069777155813101926
-0.05364863930146168 0.18292290975391556 0.028077653996829009
-0.058723544757193047 0.26445020170451611 0.054781542046946831
-0.052389989209333791 0.28206493903316665 0.073395421274572881
0.017660252378723117 0.30200676481866706 0.10940200629774374
0.064910542522638656 0.29354411071609021 0.11412406546360337
-0.039003043398005047 0.31112561402545413 0.091812724813653199
-0.048151591090112092 0.33297379972577301 0.084841358938210071
-0.03758388006379116 0.3394374629236051 0.089267847464457539
-0.043486807574512301 0.33914896335192635 -0.026387953866228643
-0.059911484169987879 0.3595023252911449 0.013673888616691334
-0.062406156936857103 0.37546879668454253 0.025580859909579808
-0.067865728488160137 0.37897958191342723 0.03949177185476628
0.095470991023579782 0.57621075845666059 -0.05750701673390067
0.089867169686437362 0.56900463312583172 -0.051008705303195477
0.098496700992240005 0.56339515493434267 -0.045903394255350893
0.078861052448251645 0.56570315150777262 -0.046971125513279574
0.073633411925160944 0.56931505300810381 -0.051407513534633714
0.069454410776579031 0.57294958192582135 -0.053987039116702586
0.079181371825630273 0.57986862189855803 -0.068880829504618143
0.048139383598431215 0.05651625673743587 0.097607464984994841
0.074147478563912017 0.10954007384889321 0.072541943375023274
0.012619288049071599 0.44723447935321858 -0.049343468804902646
-0.067038413539963745 0.15581455661801297 0.051936851417379137
-0.12557554231901713 0.088490918825037596 0.077796453956260517
-0.10475690410978721 0.10898428790933548 0.13448874111151521
-0.10306904019410783 0.096333440269863638 0.15114464162840979
-0.066800825657404778 0.078406868845354513 0.18051220096900272
-0.023467200041745625 0.055595603692519917 0.19616966669371499
-0.0012831386145949403 0.044332806688355278 0.19347276138395336
0.034017753828832313 -0.0037744968890765129 0.15177820931523373
0.033088615502396342 0.0030250420355873689 0.14278168958369269
0.031601569916022781 -0.001998244624230895 0.1283545896793751
0.029811175515310526 6.6507212293528248e-05 0.12608619108637159
0.030357769066554824 -0.0029450606205001163 0.12391466612405436
0.03341317752053493 -0.00043765993135100973 0.12566404833075343
0.035594601977958829 0.0038325579935705248 0.12732857772225287
0.12991628424707738 0.2535112596116969 0.056851243631024471
-0.049667628055012257 0.23017319989783122 0.0076012554755709536
0.077599573928950449 0.57803085134269261 -0.063039420284916728
0.070588610073080787 0.57554890649810342 -0.059606416803298257
0.072789126413924599 0.57172558006656671 -0.056691722601190854
0.1301920558964762 0.3369625891469491 0.059089943738708121
0.050541425375374149 0.0088650370417021115 0.071947973668625875
-0.081787247035246591 -0.089015513718247688 0.08462781268662431
-0.079697746460955635 -0.068336882654097209 0.07907561014539502
-0.089366017646160464 -0.055176211016634107 0.081671399183710441
-0.08447001020914166 -0.053391473470268513 0.078115359120052533
-0.056055630825957943 -0.084190924067355288 0.077626748325861319
-0.073318228971529925 -0.11797153690512242 0.092115366521198547
-0.036069257312477766 -0.13339919292200234 0.095825555865802492
-0.017917825927689621 -0.097869197877536049 0.090852473788310711
0.0036192327835638436 -0.079122382572763855 0.098319521525878417
-0.0055243651609899243 -0.074243345698784949 0.090647412818244927
-0.01064806098546107 -0.068944994496361225 0.087369265724365791
-0.023639734099318188 -0.075528158742266108 0.083958889660133873
-0.030172693762896587 -0.07373422880758719 0.081640993591597225
-0.040871219545983647 -0.078621043856292719 0.077964745373073172
-0.096964587247287612 -0.084116677854055605 0.091321285592288665
-0.11305621654310463 -0.053043576927950066 0.09973514932612558
-0.050840718225147158 -0.091385028582697439 0.08056477705214854
-0.038105017770475598 -0.083164205003439726 0.079884540316964806
-0.059707837413508789 -0.095128451946587922 0.08195707032821585
-0.034411091882118244 -0.10154544609606019 0.086365881184630094
-0.045161943567911728 -0.083879797078289894 0.07811818754722577
-0.067736327944980732 -0.087729286461179917 0.080803779148294216
-0.072659205440146077 -0.1007549007011169 0.085679280488306434
-0.090740633252394523 -0.10357059995215807 0.093760096922484798
-0.089716035508858968 -0.163442746357019 0.1117630358806736
-0.044421602755294956 -0.17947497868219633 0.10329331071016355
-0.069645516286972464 -0.16596216786165474 0.10310239187596439
-0.082429300003590486 -0.18556741081352993 0.11201971564665249
-0.076144534824471019 -0.23367259307058175 0.11134301444543535
-0.077130948801166735 -0.25525207818943507 0.11475268340287401
-0.023110818217907166 -0.2531427786249309 0.12746787776053894
-0.029532055008139383 -0.23862375483748038 0.11891471398841595
-0.012748168161651963 0.46569067376593204 -0.067960176459702107
-0.010380774617582213 0.41047694691553105 -0.046411096932962026
-0.064620815413567539 0.17253409674630724 0.11045913095377252
-0.063758852232497956 0.1969398877181017 0.080132734801423799
-0.083820886172864442 0.13792404763996371 0.099651003617719294
-0.036535240689282392 0.16103300475279037 0.14663542160734266
0.07371826474036057 0.5742450015712024 -0.060920221225305923
0.11140493550448417 0.49669801376025791 -0.034259466689581269
0.047370051407287873 -0.018361402928686734 0.09383080760181782
0.074429614174450792 0.088403944689457906 0.080786808585254263
0.017996128105554982 -0.053502489236821341 0.083930605388400636
-0.031239717914031996 -0.068925902612941306 0.080419113052722549
-0.035454781509073753 -0.076978434775386434 0.079939694646844583
-0.02941467528044656 -0.08125360244786127 0.082109805395575178
-0.038938696679811986 -0.074025556806439241 0.077971109334213085
-0.075667944845766402 -0.077936564480348955 0.07965755903630585
-0.10808101314523283 -0.069843020123890667 0.09718815065654994
-0.011188997682358721 0.47439727971220769 -0.052625858539541798
-0.036165423836370621 0.49487792087422572 -0.078120593973064825
-0.10528723420478489 -0.04738742968810114 0.091895456308472873
-0.1038341297444912 -0.057130654193398973 0.090679232623944755
-0.13623517722847098 0.065263874877724698 0.073663414749245065
0.099015717378544435 0.55269521493766893 -0.036947886717822953
0.044400202875300721 0.026457146952965981 0.11273389350791603
0.092143346454167482 0.13616900857891789 0.064743969658176984
0.075867869392084578 0.14011183605852753 0.093552914632039047
0.070993075158865659 0.15552322861916085 0.099467155851453479
0.031973508089314505 -0.026244229460732661 0.10810305111839605
0.028743444257381803 -0.021727231264938827 0.11398830095928397
0.047937151055538751 0.036686860932075058 0.086928031085327734
-0.02019824533617974 -0.085749387439855204 0.086335475592516961
-0.039005871825178368 -0.11637913240654263 0.090209713713173462
-0.0011593949257621364 -0.096907532638606936 0.10043872058548926
-0.0088194828179089975 -0.11175182555098932 0.1002767931298166
0.016059362598623367 -0.15003670866227037 0.14797680319429021
-0.010912518926166601 -0.11749423981962451 0.20699971434036146
-0.055798951059979049 -0.17991479910764777 0.1989012202363499
-0.09892468727839912 -0.19915800338133779 0.165281827747462
-0.082579206643776507 -0.21767359476469103 0.18470675846703796
-0.0005166348506249422 -0.17727729076852583 0.1895108420209238
0.015052442524921031 -0.15773993006881035 0.16656310525697646
0.011568527354182762 -0.17641037783990288 0.14899715829706578
-0.003540223498905194 -0.15371366398758779 0.11555242118613053
-0.05373349211666132 -0.12399184414353639 0.091215219573289139
-0.04102819725410297 -0.076564070194494904 0.072488910365523476
-0.033131935692983776 -0.089919903306917126 0.082996517314411405
-0.034886974754029507 0.55884916536002238 -0.087941600225628982
-0.0030487842775406139 0.47377502573407704 -0.045757730255924833
-0.086700932142098688 -0.075694328838698713 0.082812669548145507
-0.022926263344847916 0.48120813234556498 -0.063193569565862723
-0.037682167908064064 0.52243670103747986 -0.067544397665223924
-0.041029611467689596 0.52119007176083865 -0.081658249260096169
-0.065391561818297528 0.17887825889606643 0.065907160333205289
-0.060482119352205446 0.17869441112980061 0.045604002976313153
-0.058118968448895664 0.2752958057006159 0.0061743139666304474
-0.060522424439425293 0.26760319089597578 0.029883604746994488
0.064979131881591726 0.58670775880364856 -0.059375192881879243
0.041416919314240332 0.59274432949830902 -0.052189573648056993
-0.0031166665297003289 -0.058432437799920071 0.091676253202540456
0.0062638121906190818 -0.05085083876183287 0.094772673850533742
-0.042296746841337454 -0.091192695534911647 0.081587253475304156
-0.047376602044622157 -0.1026329763442021 0.084422044609765171
-0.088367582853978138 -0.064500121193487123 0.081691905280716987
-0.096853571480734743 -0.067411279861627885 0.086739233571508534
-0.028151075440765293 0.47956057351710546 -0.072716176751641534
-0.026677464883465021 0.4824172849621598 -0.065485302683046143
-0.088234646776832029 -0.04885962603181479 0.079798980394971894
-0.098530828794514136 -0.048047160326278336 0.086877119396207902
-0.092280004741474519 -0.048283333995250609 0.083069349314124394
-0.051199928476158944 0.1861374172363951 0.12169435079299727
-0.023591650837371723 0.21644896414608394 0.11917987903591482
0.10793940511037249 0.51147301020689406 -0.024294210651177709
0.080360118850111809 0.092959126652091578 0.066556284369482549
0.12892704184320833 0.37232358566780943 0.0092177016051239267
0.099065921960870884 0.42509850118801445 -0.0095892177770813495
-0.018152585383075272 -0.070778522411466593 0.085494018508453923
-0.013783372507087518 -0.07737724300682472 0.087328960637145986
0.00057160250431037758 -0.06861124008990932 0.092864192615335336
0.11801426270174224 0.52352564549920855 -0.02652725390451471
0.082348503152956554 0.51008495957158662 -0.016595231885397681
0.11580879661334509 0.2330249615953322 0.080008284005797625
0.073776247497413627 0.09988240926558821 0.088943992553112305
0.021338621917627192 -0.042238278019070083 0.099182191813741341
0.022779705562434277 -0.039255701564803028 0.10156089906650441
0.019150126392269984 -0.040501623734651 0.10206153067618219
0.013645300006193812 -0.045943517616120734 0.099120673522721567
-0.05919164945437768 -0.1083428637003441 0.086300827359643728
-0.018091067092055498 0.57334768305046624 -0.072685064052735004
-0.031097589448572566 0.48656800183900839 -0.071266607825314465
-0.095654318359246579 -0.054744875872702638 0.084946010743622971
-0.05899719508621188 0.3120229325461904 0.0085791841707466999
0.12246267153858297 0.22782560534397472 0.053068929393500879
0.047937151055538751 0.017900447646876316 0.096252648368974014
0.097581704801670624 0.17750788593059236 0.073582097468012114
0.099263204756210005 0.19893605019567306 0.088458210186094413
0.022200585098696792 -0.036379191129535499 0.10486096647097679
0.093209663498509551 0.41703111978290935 0.013120931104307055
-0.028537862856716969 0.56744051289898512 -0.079650773073831532
-0.015327693743720811 0.4738365440250969 -0.059822084375263991
-0.037352656142372147 0.50466357178712351 -0.072018262346624534
-0.038418266079920889 0.51275499482320175 -0.074182009134215188
-0.034679085356790394 0.52315724285988352 -0.062326656637239811
-0.034215223300365742 0.51753008699856107 -0.062504847549159068
-0.031463870767517624 0.50988272702869419 -0.058511815487222993
-0.034893338715169461 0.50883196633380545 -0.066226350602456269
-0.11575312185286628 -0.024385952807860725 0.083183193507850556
-0.12794152164950021 -0.020058459232679442 0.097507055820341887
0.11346190916628193 0.53574515799474898 -0.029510537465575155
0.11077136781766023 0.20768083990878858 0.070752963187897658
0.098310024798800827 0.41540760258542297 0.0015774127031903526
-0.024486848037727878 -0.11090966136013301 0.092518417393396862
-0.020633823120871191 -0.12573556949588882 0.098857629795602767
-0.038986779941758413 0.52465984479571026 -0.074651528044986482
-0.027888738820439754 0.4888052877331055 -0.063307413759588926
-0.038392810235360973 0.50458649714665038 -0.07896629369788781
-0.028059151557632386 0.51499793757164547 -0.055696823342975169
-0.03760438616079774 0.5180823374041521 -0.067890879993955738
0.073093889441849941 0.57934041312394025 -0.060866481109012806
0.038898912023191207 -0.023694402363983694 0.10496561827638962
0.096393765388875799 0.44213482515972069 -0.013940045876442498
0.016735356693047099 -0.074914390045655366 0.11011476994542067
0.018880718704011153 -0.054212424457324937 0.10511057516902232
0.033481059772694645 -0.033765017314593436 0.12819336933049577
-0.0025432029203094728 -0.019840670340333735 0.20400299575022779
-0.032348461365973837 0.021042830236436057 0.20550064793850129
0.020318266814851604 -0.090170219111756031 0.12257257743031345
0.027871581581205587 -0.07640214273882226 0.16592458782259925
-0.025265372617184485 -0.10117492213635507 0.21056706811271267
-0.035124562636588516 -0.16983569887551797 0.20110739343154027
0.0045476640032064792 -0.19480081132083665 0.13901068905486233
-0.082562236080736554 -0.14716726929493612 0.10372606006768172
0.013331344589955191 0.45479415808071255 -0.036291691613612467
-0.11809647376596284 -0.027549548601220355 0.093960915251790567
-0.14434498504117591 0.042794849412861984 0.083380476303189718
0.04627615719800595 0.031493161535064165 0.097835860479240491
-0.0077970063947534205 -0.086341235825872623 0.092680344849069438
-0.067778047245787204 -0.13745445038175141 0.096383463125740115
-0.051257911233212043 -0.14355183226063839 0.09627810421353393
0.004744239691752335 0.43426826208392133 -0.043944001331032691
-0.05742812511181198 0.23314446264340491 0.024055630556366392
-0.099462088441330115 0.12321764055228061 0.11264974779950974
0.096942480260500064 0.39310262589661282 0.062527896967879928
0.079273295708763195 0.40716839422953865 0.065791194819099175
0.069550577300471927 0.42922659064747659 0.034560409078080924
0.086685189116451122 0.42170368147323578 0.020245032047109562
0.10413587766904896 0.3981669247504443 0.037447526115248472
0.11144877612567064 0.38075795549865293 0.051327325361528425
0.043657033635510607 0.078408283058941208 0.11123765553322917
-0.015622557276539535 0.56698513612408052 -0.059059823252053938
0.0042952268779875942 -0.063430975721971775 0.094193553386796247
-0.0045252232620141908 0.57976467719993852 -0.061045379127725369
0.0012108270454809563 0.4595268238484721 -0.048923447369664474
-0.040397457994452324 0.51809577243322535 -0.075340250061690192
0.08738876037581475 0.55051732601421166 -0.029264464301496207
0.074754883299382749 0.54164454997150335 -0.020188041502308806
0.045681480384815183 0.0428075773351419 0.097760200052354182
-0.023124960353773705 0.4927000319507685 -0.057158413084788834
-0.01745184255088492 0.49589403333624144 -0.050651616372563664
0.11999274750948032 0.2584709066601153 0.082672662403066088
0.088020913849052015 0.48230485498202025 -0.025952376081537189
0.026232508034266001 -0.035795120918244702 0.10337462799139652
0.081721299427272603 0.44124669902729791 -0.0017990222349617252
0.089586448289485254 0.43218017572321704 -0.0026963407556978175
0.019583582856581443 -0.12771971115797356 0.14517029633156237
0.019609038701141338 -0.13329949086414272 0.16461714736173158
0.019290133537349381 -0.11606871252427066 0.17953285806024033
-0.1171475364493136 -0.067796653063992893 0.11134230733864207
-0.06147136175607449 0.21923355069821857 0.044527786436864461
0.12586668364167491 0.32617567501469574 0.07936835235783378
0.12150949158117376 0.37842874572142304 0.030693949132151045
0.032475553912578989 -0.021406911887560269 0.11204163595724573
0.028491007132162897 -0.03165713196367588 0.10579222611779276
0.098290932915380907 0.45673375201481747 -0.021462247943889977
-0.020932929294449863 0.4892458152653501 -0.053912792903402888
-0.018815851555219025 0.50228981428191377 -0.049467919600528779
-0.028791007088729184 0.50339572930668219 -0.057908653392512277
-0.027598825035174367 0.50877893332430568 -0.055013051073824794
-0.031335177331131538 0.52169777443844978 -0.058873147058614753
-0.03105657725455941 0.52696713426234698 -0.058422720031263371
-0.0045641141356473746 0.51980555665949801 -0.035905611304454146
0.067764425540519674 0.57693978556058412 -0.047398218016451096
0.061364401954087364 0.56530505038312762 -0.032466243861695672
0.038799917072125004 0.53591769205232165 -0.022994548365036661
0.073656746449340851 0.55705240699817005 -0.027702465395029623
0.087756455908346465 0.1553945351827748 0.080969949244726822
0.053465311965794828 0.084772244198913604 0.10618962013564434
0.064663055144973072 0.47849496357955662 -0.016735239030477099
0.076205159332503131 0.47510650782591801 -0.02071200763616653
0.053086302724569837 0.48298226329003069 -0.015383957948422948
0.047196810242922001 0.49245961564103624 -0.020105310007489177
0.047616831678160193 0.50020455634838268 -0.022628267046091607
0.0092633592079261005 -0.060128786997119349 0.097463215199155476
0.0094337719451186904 -0.054301519913284607 0.097703631508887695
0.008605042783335605 -0.068429513644023471 0.098871771931469385
-0.011642960243676758 0.48094367440485936 -0.050542014819597456
0.023348926531065167 0.46449990592596396 -0.021595891127829395
-0.027812371286760087 0.49568685104579557 -0.059357515212045985
0.10488046112242573 0.5270371378348867 -0.02203429733969417
0.053084181404189822 0.072244433141481157 0.097393918733409079
0.01978157275871394 0.46254758406957908 -0.024676048319576045
0.025294884426310085 0.47087800920180289 -0.020972930042905409
-0.026637159796245174 0.55835772613865775 -0.06649363697033514
-0.02372458691451779 0.49559209873548943 -0.055073155151257873
-0.11144966990865825 -0.1264136849106926 0.12426397687995951
-0.11571210965885312 -0.11242640543182641 0.16363144049182918
-0.1216652417519007 -0.070672456392467067 0.14604145190094528
-0.10498742092441288 -0.11334210872918915 0.1089445082024591
-0.11928087764479103 -0.05076598594663323 0.10945574641403691
-0.062807793595468703 0.32244497957308521 0.058428091780151029
-0.057454288063165208 0.30562573738693138 0.06666093617489538
-0.11778534677689752 0.099069943560051832 0.11794527057476015
0.075614018053279011 0.12490621157475335 0.090723073245131236
0.04981876223259063 0.20718091540590405 0.12453762720897826
0.016225532695055989 0.27025625558455113 0.11818568688449244
0.025038911767124524 0.48215282702145418 -0.024504221368796795
0.041515914265306555 0.48497701155401535 -0.017403454950174188
-0.049667628055012257 -0.1616629585582067 0.10007456058692414
-0.060793953448064118 -0.22125862620687553 0.10705299753030062
-0.0060023693532811574 0.48723409643832549 -0.043768638846286803
-0.035684591216906029 0.52887561549754536 -0.065887646448451062
-0.030195321180283136 0.54086461117846019 -0.060015831636636478
0.065859479839287915 0.58180750872586962 -0.052305539162163198
0.060737905335196747 0.58103888364151957 -0.046964761552139619
0.029549546001778355 0.55174769183460637 -0.028565135682892553
0.095500689508899644 0.51426820336092849 -0.018609072032802314
0.030523939162987488 0.59689221794798442 -0.061000831399745534
0.10273934175222166 0.40757144510173687 0.019194271352220786
0.012154011779060284 0.45855243068726292 -0.015282134570183365
0.027368828651147769 0.4577215802050999 0.00092192470577318096
0.042303631233076483 0.44280586950659118 0.022112501088294819
0.071452694574530365 0.42938356835559588 0.021961887341315458
0.078869537729771608 0.42606511617449683 0.018279982268444749
-0.022663219617729068 0.49858598889844968 -0.054494034687520364
-0.036871823522907583 0.52051337055962144 -0.064047047465412385
-0.10066275577640491 -0.14172608252025964 0.11445357722929525
-0.11329521863925027 -0.13404266010393287 0.16232117160378817
-0.084822149392220131 -0.14725495053730908 0.19261645505723041
-0.070564048011508479 -0.1968881905747476 0.19484879120377407
-0.030989402109193025 0.39294847661566679 -0.024856360551875269
-0.059615206423582492 0.33721502627216793 0.0097176261080084408
0.065081662366624618 0.57132747894192171 -0.039879551482970295
0.072664675618298424 0.11215566187742181 0.094396493036482051
0.015552367027805544 -0.063860896652316534 0.10432710084201238
0.073414915926021868 0.43613785244548664 0.0051787076016214075
0.062880438918987452 0.43622694790144628 0.00993753632073416
-0.064363428540795339 -0.18901950617856836 0.10551433314801391
-0.020756859702910625 0.49474003504952635 -0.054196342727528317
-0.022161173794464542 0.43735973298436132 -0.0072345521552915383
-0.014950098716082421 0.45187592834463852 0.022694449979205649
-0.024737163842566735 0.44169359052068258 0.010280483115499351
-0.11515703082608887 0.10621596481344754 0.09501238305347269
-0.079909878498954742 0.13645750815059662 0.12250964492570705
-0.089786039081398636 0.11156452059819766 0.15291806546608216
-0.049100528406761365 0.086943062054437636 0.18248078628163422
-0.073320350291909905 0.11193928719866281 0.16357840748232935
0.059536530893328603 0.58671624408516843 -0.052893852014213982
0.050948718888332439 0.58614702311653755 -0.044954456938701662
0.044835780659992171 -0.0065583763344178566 0.11438710919072217
0.01335255779375512 0.59387145772687744 -0.067212057472358672
0.082323754415189992 0.43038836710891809 0.0045373617400708555
0.0077176237577061459 0.47092114271619612 -0.03593813821694733
0.0195821686429948 0.46680507407222055 -0.025077684978187652
0.030930525569152368 0.4619309869457951 -0.0097815508248671797
0.053691586139660546 0.43915224870545355 0.013922790207943602
-0.12138027771418862 -0.030254939192501981 0.10215204034572849
0.064193536234201751 0.12036305042760624 0.10722694580145985
0.022975574144186762 -0.040631024277830392 0.10640033796005678
0.072386075541726311 0.48710540300193944 -0.023188295626409155
0.05579169331585148 0.49812919790995841 -0.023075865646269664
0.055549862792532496 0.47077830714394336 -0.0091564684195632219
-0.13452680721578505 0.075968764621951804 0.10034821091594298
0.050853259471232815 0.095583199962140236 0.11396284511472406
0.052470412707579142 0.11019061209875691 0.11744039632432234
0.042809919697100934 0.14213486859424543 0.12801022867102324
0.042333329718396345 0.066677381357591978 0.11085157522407088
0.029449136837125415 -0.0085962581127956642 0.12113502931947304
0.034460402681457072 -0.0041450208487816328 0.12336312282525674
0.030394538619807995 -0.0058951101622740643 0.12261217541073999
0.031653895818729218 -0.010653231774593465 0.12416710324927323
0.031926839040954703 -0.00577065936664789 0.1262877165224707
0.033196095734982535 -0.011784602643921857 0.11900239523078891
0.02987835066067689 -0.013932085975265946 0.11768859080878125
0.037870778745688977 -0.0066206017322309046 0.12028013720633672
0.032878604784777256 -0.0084251382688097631 0.1211760415134862
0.02979279073868394 -0.019250943274696286 0.1158741547770958
0.0301145243296492 -0.016875064449106546 0.1178568822255939
0.030951031666158927 -0.020024518106599554 0.12064146877772852
0.031345597256837221 -0.014944662903314891 0.12205638947118234
0.060173634114119169 0.48869073643258598 -0.021211932139051044
-0.049011432950801737 -0.20384329299394421 0.10611395970875802
-0.0045280516891875733 -0.21275425280349233 0.13073683246610482
0.032478382339752337 0.47915115868376718 -0.018899692924861052
0.021493478305366538 0.46058819114526084 -0.010769379015149559
0.044548695301900108 0.44612785722165671 0.0082609861137480714
-0.024311485552981914 0.50541734762881363 -0.054817182492072333
0.0026497893699080895 0.50925410908942359 -0.033469628401431334
0.0014943768696064244 0.51529067978408416 -0.033569330459290898
0.006729088460630436 0.50914450753645746 -0.024722010261142541
-0.0039708515360432706 0.51209243575785124 -0.036317854564965696
0.0040314760440754325 0.52518522514315458 -0.031651656835779203
-0.022358456589803708 0.51139240003245434 -0.050228059403358817
-0.067530559868121606 0.17804316577314347 0.087168447395059953
0.063424204043058457 0.57587983247738195 -0.044272098883137954
0.02315942191045264 -0.061055096896382034 0.11360434197050559
0.033331153132508617 -0.052086861436574171 0.15936970784842761
0.031426914538070207 0.0036020411789449 0.16533061811620176
-0.013566997828328453 0.00284826533725482 0.20560317842353421
-0.0044043080003547692 0.021178594740755449 0.19978934636877266
0.011683078654702302 0.02605268186718105 0.18984388932058235
0.024286550139021087 0.016262081206730065 0.17830461356022564
0.035408632891312977 -0.017256902117504882 0.14726616086699326
0.035991288889017113 -0.032531115960232108 0.15545162910658455
-0.017417194318011798 -0.14369608204647777 0.10479803396637039
0.041904823001638218 0.47473103411865958 -0.012916862346493609
-0.050405140440455666 0.3797404288230507 0.0093096254882568761
-0.0402800782667595 0.3980806577216579 0.0001511783010431576
-0.062187660937718083 0.30856093768604537 0.044737090047690276
0.087396538550541386 0.53022406815242618 -0.018848074128947949
-0.020616852557831286 -0.16946800334298626 0.10802173383716308
-0.076750525346355056 -0.20809441903544584 0.11096824784497036
0.039847142233047105 0.45556702580582253 -0.00055875691946040136
-0.097360567051552521 -0.17652492914042237 0.12319695272882406
-0.088598099668603811 -0.24391149943800414 0.12367000717356204
-0.069502680714719767 -0.16034844702940576 0.1980427925892469
-0.12254841813677021 -0.06221828757141034 0.12836095364051509
-0.12390464896637771 0.0090502990215546326 0.16789458734881735
-0.13861247026764739 -0.014403019099623869 0.11747858009116216
0.12330271440905935 0.35974062028049725 0.052967106015261299
0.081412293758587259 0.17639419273109727 0.094590947404647893
0.062092721951217511 0.13726148857461326 0.10864823045605375
0.041752087934278849 0.099678055402315766 0.12169859343375722
-0.0027864476572150945 -0.12898189678406813 0.10976121654875558
0.010858592133679203 -0.13519382996347459 0.12572344530139315
0.011407307005303534 0.49166694892571305 -0.03229017427015643
0.010186133573222147 0.50034809902742883 -0.030711911907443292
-0.030637970032907861 0.41442260282231391 -0.011135660334094655
0.056902558088173329 0.57400175683429677 -0.039655398629484591
0.12963273442295195 0.27583108554316699 0.070465877829805554
0.095850000264804794 0.35266035995888118 0.10382859055271457
0.02712770523462216 0.35661096561321742 0.09747452890784869
0.010968193686645407 0.35678844941834331 0.08865620008822693
0.0037804531324431697 0.35462399552395935 0.086194054233850848
-0.0027708913077618131 0.35760798619181305 0.085487654547313913
0.00093010564852885125 0.36661935516601413 0.093231888147867051
0.015735507687278112 0.37416701307802147 0.096737723629198566
0.041888559545391606 0.39853815581694263 0.097863437644180387
0.058844273342658258 0.53479480646451305 -0.018917370594694307
0.039945430077319995 0.00043278853123854456 0.12349605890240281
0.024826072622332135 0.5881014662933024 -0.048637069118365718
0.03646929308130839 0.078771028843919635 0.119447872510587
0.091798278339022321 0.41399551031914239 0.030446461754485399
0.079175714971283617 0.41948124482179877 0.040954775810166606
0.042725773988694683 0.50316026274450332 -0.020733220839966461
0.034786378913182363 0.4968040797792575 -0.023017175782423252
-0.023413459925452511 -0.20912962338088129 0.11602971827162846
-0.04124315771927535 -0.25465033030831097 0.11853994738795089
-0.063429340466806025 -0.2432524759066203 0.1088250071543863
-0.058054621730702603 -0.25890782031095261 0.11282157475028899
0.019845212370113691 0.49206858558432454 -0.028336033081853552
0.015250432427053548 0.48234586717603334 -0.030974955634562144
-0.024129052000302718 0.52187879377754232 -0.050677779323916892
-0.094070399142186789 -0.21235261614488071 0.13007003075999435
-0.094752050090957149 -0.24885700435055613 0.14211983762513553
-0.09377482850257475 -0.32646904598648696 0.13870592602693702
-0.071307217251298655 -0.36779165988191481 0.12566051279678675
-0.089063375938615158 -0.36418046548837713 0.13266652690510314
-0.083719769901418259 -0.43407655779548798 0.15314787517391451
-0.084817199644666871 -0.43578351359458728 0.17396934181031776
-0.059847844558588242 -0.45449568066648627 0.19502203236813995
-0.062794358566395481 -0.43371027647654287 0.19869828058666408
-0.044558074366407734 -0.42640374198106112 0.20302294573467203
-0.015259811491561154 -0.4160672548761592 0.18651200211041016
-0.012100458338961471 -0.39554418730654139 0.18025622830981719
-0.09437162663614547 -0.19544215718238722 0.12546959396258758
-0.14669328670182574 0.022852316520568211 0.10759039869323161
0.038298578355653791 0.031271837108751782 0.12928019247184441
0.038227160569527442 0.039581049037175874 0.1285688430377542
0.027619144455986681 -0.034090286439525372 0.11306269816681465
0.041054173529261911 0.50807819049211533 -0.017815698210685738
0.033785822800620022 0.51048588912340487 -0.016603717166917654
0.025739654599314838 0.50176584814805592 -0.018442901936369709
0.019478223944375265 0.50328047089936945 -0.019723472339090841
0.034137254876905165 0.50079569762760689 -0.022814943239530788
0.038161399637747756 0.5013564333147178 -0.02179246681637521
0.030998407821312083 0.50122561855795156 -0.019724886552677501
0.03109528145199833 0.50037214065840196 -0.024596852358723054
0.027174374282981965 0.50018829289213618 -0.022140363358693699
0.018867283674937924 0.50166190344943651 -0.022720898036017866
0.029993609067989781 0.49579857391914184 -0.024478765524236917
-0.038840408835539075 -0.22097224795557677 0.11137624846472188
0.01751953812685041 0.5020387913702814 -0.025739536936744783
0.049844218077150525 0.43844726323250333 0.020864457598066873
0.069295311748079694 0.43026745184725868 0.013978651644616692
-0.013014040315944138 0.50696379018582682 -0.042712928403844691
-0.086717902705138586 -0.22429777120460898 0.11954474614127321
-0.10441325020822874 -0.31942838364529741 0.16877847084048017
-0.083507637863419193 -0.34528091511624553 0.13033802423466656
-0.021296382186221714 -0.38631149390602798 0.15014549972943411
-0.040980113992156543 -0.40849201979921196 0.20591925516015283
-0.03172550028104993 -0.47281257504091367 0.19422017326450344
-0.017854893423083263 -0.46564534058371798 0.1859144968700461
-0.018677258623726389 -0.49259247337074147 0.15272785373867637
-0.029321337183726988 -0.46344623845646088 0.14425812856816631
-0.024673524231167102 -0.40828766593593957 0.14627833267671089
-0.12914289609136834 -0.03160480606096943 0.12419750884138643
-0.1287426736463434 0.078116955060089088 0.12426326977316615
0.046046347490173653 0.56338454833244267 -0.030281283870305136
0.03916407707069005 0.016023079110584468 0.12957859153862983
0.034719203767815954 0.0084761283053704246 0.12981617942118878
0.035410047104899638 0.018173390869101802 0.13464784014001455
0.035050836853887851 0.024731099270446762 0.13723443679001671
0.027666520611139798 0.033555792051208615 0.14755890307943204
0.030980023044685459 0.049667927444032207 0.14532515271930169
0.019653586429121132 0.070199480295170008 0.16614661935570491
-0.074098874871366543 0.093226413019970408 0.17197530065312633
0.026370393858965408 -0.071974947105781437 0.12588325143668586
0.027234478360415003 -0.089702114414571432 0.1459410427362923
0.04100609026731545 0.51592495457770138 -0.019980152105069732
0.061143784634568314 0.50751250505745105 -0.020115916609389124
0.052714364551278134 0.51774221903656015 -0.019601142863844678
0.048547384218182825 0.50903066334273128 -0.020789082276639548
-0.01797085893718935 0.55286633478165492 -0.051589239980519598
-0.020655036324671083 0.4285053417182797 -0.021590234273482747
0.066347383526685788 0.19342556695525012 0.11517482615849214
0.032323525952012988 0.0046025972915071977 0.13415498670506337
0.035620057822518723 0.012793015278651764 0.13217791611091192
0.080109803045272918 0.42561893178790539 0.029313676671570307
0.020532520173230717 0.498670134606856 -0.027387802871997668
0.016061483919003378 0.49777352319291335 -0.029012734283070614
0.025097601630970957 0.49644699084862576 -0.026093090333409917
-0.051374583854111484 0.35479157983397869 -0.0070499972822323292
0.015790662017157887 0.57439844374535509 -0.040255732297021986
0.031665916634215821 0.0049236237756791097 0.12938696559763729
0.031711878575782296 0.014695132552710181 0.13427943750068946
0.028338979171596893 0.025564071072989834 0.14646359465656342
0.029394689614038988 0.01822218123784158 0.14143747956957184
0.030584043240420501 0.013172024519876778 0.13719978855714349
0.033331153132508617 -0.0017076237321721954 0.13395133994858421
0.031326505373417309 0.0092935437584602543 0.13252651976002372
0.03181794459478185 0.0088028116438890625 0.13740060688644931
0.029905220718823448 0.017343954600525405 0.13659238382167282
0.064515269825167032 0.43108698862072858 0.019401453642666548
0.022797383232267571 0.50037001933802205 -0.022415427901299197
-0.047804401654586992 -0.23796473130609652 0.11020881514893363
-0.0027228080458153261 0.5029990423956241 -0.037018597397155975
-0.10559694698026359 -0.15747122948734479 0.12784476568138398
-0.01128799263342496 0.45208381774187761 0.0036457000736813718
-0.0047932167366863971 0.45738216894430134 0.033827139333397462
-0.016179050322890447 0.45565399994140227 0.05247708100748346
-0.0067589736221445613 0.43586632343684784 0.11071651782654476
-0.096021306784985022 -0.18302889742547426 0.17712162389498406
-0.094640327217610967 -0.21795855880240309 0.16941769538165075
-0.094445872849445167 -0.25553845644073381 0.17587145908437615
-0.043205379070766881 -0.29868964850371377 0.20086839133539469
-0.015548311063239919 -0.32081360585343138 0.18372953687865551
-0.040592619469411555 -0.31592396237755255 0.20368904033398916
-0.076402628804036601 -0.32498270750690667 0.20660939139044315
-0.091205909522405829 -0.29055438484644897 0.19211935898151922
-0.092792657166638981 -0.27138542678605865 0.18344810837491007
-0.098326474931241706 -0.21562864191837988 0.1501553992245408
-0.041670957329240144 0.37608256538115309 -0.014382694729067261
0.04397876722647593 0.54717058956137954 -0.023820449099646424
0.056100698984536783 0.23101889962265421 0.12483390495538368
0.039169733925036698 0.043219113488860102 0.12179334574406353
0.031774103973595362 0.0012141415378685129 0.13066895021394515
-0.02830663893529799 -0.19095768589908665 0.10935038750183064
0.033722183189220316 0.52346271299460212 -0.021692764758515639
0.0044189705668204373 0.51783343581289976 -0.031495386234453235
0.0012751737636740362 0.52110309762525897 -0.032983846034413442
-0.010297336015969218 0.52939463188384983 -0.03918587971871329
0.01436937736256403 0.45964703200333829 -0.001990648175954205
0.0023153278566628494 0.45437837928623431 -0.016323702876758859
-0.10987494307991175 -0.042809620308080963 0.17739880975796959
-0.11919743904317806 -0.084203651989635211 0.12699835884976765
0.13206376757842142 0.29895489189865365 0.074132933660016373
0.029859965884050304 0.011643966739490079 0.13351859059106613
0.024526966448753424 0.52763605728883733 -0.024499271621243497
0.027400648456847664 0.51915218998246071 -0.02299313415145
0.020699397376456652 0.50122279013077842 -0.024653420902189492
0.016258059607549197 0.50413748433288574 -0.021499017497143148
0.045517431608762572 0.44225786174176024 0.01677879454620455
0.046639610089777718 0.44005946672129637 0.022557978368092906
0.034779307845249054 0.44911184788951053 0.015284677891897698
-0.060331505605226085 0.21522284096644917 0.070370418412705971
0.03701871505972601 0.051596914776237165 0.12523200608002863
0.033524900393881125 0.059579443366142619 0.13603659788211517
0.025724098249861539 0.086077563339401295 0.14883381662780651
0.027841175989092373 0.09247405139186704 0.14024246908884369
0.029896735437303475 0.10719742904258991 0.13240772581874427
0.019981683981226392 0.12679489381973841 0.14325403692163732
0.010636560600573492 0.14117461756890295 0.14834662004720192
0.036940933312459678 0.066630712309232176 0.12295724352588511
0.019886224564126809 -0.11041680792518177 0.13283976806946901
0.058080598005861545 0.43566621221433538 0.024197759021825783
0.0047011061773592037 0.52121552760539847 -0.030482102199610939
0.0057688374352879252 0.51420739217670208 -0.031544176603193017
-0.11668720992685558 -0.1052372506640375 0.12752091077003874
0.085092077511078001 0.20047117904399303 0.10514663761548218
0.033124677948856186 -0.0078212690673056928 0.13029701204065339
0.034120284313865205 -0.0090841618001936079 0.13846409550361802
0.029281552527106191 0.53747332699764816 -0.026151073090463019
0.021725409333578884 0.54139847680742448 -0.028719284963838552
0.0051190062922174019 0.51291267963811449 -0.027429522172804137
0.0027756543791208664 0.51653094509958553 -0.0268984849710131
0.00750690593329373 0.50978019654366136 -0.030369672219471414
-0.066030786359468102 -0.2733193638658169 0.1172134150436633
-0.031374068204764724 -0.26821475992476568 0.12749545492547884
-5.3966390471532909e-06 -0.24928409685372757 0.15018085506910064
-0.0013382929444747177 -0.24402039388417701 0.16660270323740292
-0.011269607856798413 -0.28566969111812346 0.17224895098214518
-0.01488009514354279 -0.31526281752578872 0.1679744904164637
-0.011215160633711987 -0.37214955904920927 0.18252179847564737
-0.052834052275545253 -0.34955466857513368 0.21180733342821401
-0.076872147714807909 -0.40369642152684609 0.2002030038428709
-0.074760726829923713 -0.44461457033648905 0.18806268730818346
-0.080995994533510057 -0.45061225015751644 0.1597536668372059
-0.057232256530059554 -0.4846757057126157 0.14178679032547697
-0.099807863663268631 -0.31069702896125517 0.1505054170872393
-0.089962815779731226 -0.26143926263107498 0.13059046135988542
-0.094913270439836453 -0.26864185242793709 0.14752142641938554
-0.069746632558418689 0.1529309751148121 0.11695532106409778
-0.12373847886994506 0.032007935280608642 0.16290453470828561
0.11951120778322241 0.2843566721503501 0.090155973596880379
0.031738748633928858 -0.054073831525832228 0.12909351627840529
0.030714857997186616 -0.040189789638792328 0.12046186365222257
0.032968407347530197 -0.024331505584774298 0.12703795683019417
0.035582581162472218 -0.027037603282849196 0.13910402715158193
0.033609753209080745 -0.01601805101559026 0.13150757887083478
0.088588720604096199 0.40783024618809582 0.047697039084570819
0.035223370911460439 0.091599360288517381 0.12394295039578751
0.026940321934389649 0.5117629239921595 -0.017792363686505837
0.019685406234821044 0.51138320764414114 -0.018949897507187494
0.006074307570006595 0.53184051428197909 -0.031459323787993376
-0.080632541641738248 -0.27126733995157248 0.12219993215022844
-0.060867492554570461 0.29301943747543929 0.02482072010674977
-0.13632851532519061 0.056988604075380492 0.12892876039555931
0.030374032522801415 0.0020654981170381503 0.12773092148765783
0.0098976340015434015 0.52934442730152342 -0.027649432385529856
0.0071208256241354064 0.52598849846037787 -0.024840097095628677
0.0050115260596312102 0.52118512201328526 -0.022778173686277617
0.029976638504949839 0.50484317691262937 -0.015722662102428155
0.020677477065863412 0.51750958090155463 -0.023490937333954538
0.0012716382297073814 0.55169395171831337 -0.037313460929974694
0.010734848444846439 0.5060636432379173 -0.022994548365036661
0.0076066079911532997 0.51149493051748718 -0.021023134625231889
0.012134919895640387 0.51607486121788748 -0.021986921184541014
0.018339782007113503 0.45741823139076121 0.011764700274699608
0.046143221120859883 0.44103527409609211 0.027326706582312253
-0.051461557989691133 0.25858687217422149 0.077143087279223393
0.02800098212438502 -0.050913064159645922 0.1176991974106812
0.035496314133685918 -0.043350557004978633 0.13982810450795216
-0.0014090036238077373 -0.1772214293318527 0.12403840981288711
0.023786625636136632 0.50661023678916173 -0.016994040116835963
0.05454011429165688 0.43594481229090748 0.020889913442626789
0.00380944451096974 0.52177909171968284 -0.026556952389834611
0.0065204919565980124 0.52416840557434563 -0.029055867797463785
0.0039041968212759934 0.51301026037559405 -0.023104857024796175
-0.042066230026711789 -0.28716168645205037 0.12812124443757614
-0.079209135666764463 -0.32422822455842326 0.13033166027352655
-0.070981241019573371 -0.3055210072340776 0.12701603651960094
-0.097217731479299824 -0.28873146353324358 0.15114888426916984
-0.023527304119178662 0.44995330497357355 0.038721025450036257
-0.07256233180945984 0.15667086294473584 0.094779037811673739
-0.13281136613516584 -0.024979922514258124 0.14106483428948682
-0.14225407025329828 0.031344669108464854 0.12951707324761005
0.10864014794256278 0.30201242167301373 0.10349766457343598
0.035699253783371715 0.034256534883398887 0.13593689582425564
0.030861936210199302 0.02122950642987528 0.13711917838270388
0.01586207980328426 0.53020144073503972 -0.025609429286772036
0.011526808053376351 0.52767141262850392 -0.023879846070286186
0.016587571373241117 0.524344475165885 -0.023811256711333138
-0.088990543938902086 -0.28088682076803745 0.13593760293104901
-0.096963880140494257 -0.23588725154729218 0.15822843748399254
0.1044243772407277 0.25383087188228209 0.10077318209873444
-0.010047020211130363 -0.19501294335883571 0.12113078667871301
-0.04865222269978995 -0.27209465489976892 0.12090168407767402
-0.047894911324133274 -0.33978103847772262 0.13223094912041164
-0.077250449849239566 -0.28842952893249152 0.12567182650548006
-0.14328786038514715 0.0074621371637348579 0.1221617483833886
0.10829720114779759 0.37148212858374641 0.071701900504546931
0.085744029974528513 0.36969951235776077 0.10147038939695813
0.030651218385786886 0.083713705329298282 0.1359262892223557
0.062608909910348634 0.17190760012741665 0.10997264147996128
-0.11304278151403135 -0.14044268369036519 0.13891027989020946
-0.027591753967241096 0.13201263484772252 0.15736011034178296
-0.059726929296928709 0.28786887159282154 0.051100344080869393
0.1186655080583994 0.35038913293870433 0.074615180493067673
0.030637783356713619 0.071001339398806582 0.13858925340603745
-0.059529646501589581 -0.28904895448344886 0.12201537727716918
-0.09383988232756113 -0.094812375209969296 0.18972438827250956
-0.12007707989408094 -0.095880813574691373 0.14923333196603814
0.094078697747512458 0.3794851632706584 0.085916161264072061
0.087662410704833549 0.24273919472210351 0.11444367773418866
0.029568637885198232 0.024069247311889672 0.1411086749106733
0.03155490086766298 0.030440986626588763 0.14212903001344887
0.061778766534978886 0.41550942596366247 0.07024596761707988
-0.088187270621678915 -0.30243236476081098 0.1365669279771129
-0.11054315899960883 -0.15671533232527476 0.15038238050519984
0.027909058241252092 0.040086630394407033 0.14857784396862098
0.028111290784144535 0.075178219227008514 0.14648834339432998
0.052709414803724798 0.43791269049674564 0.025993103170091358
0.049354193069372644 0.43777975441959949 0.032699303998035667
0.041168724829781393 0.44115689646454498 0.035920882548448399
0.065776748344468255 0.43245594737261595 0.026242004761343626
-0.026265928729746823 -0.28282853602252245 0.13381628255105818
-0.01942537761106982 -0.34763982337879529 0.15527485240825201
-0.019129806971457747 -0.36604652031597568 0.15402256627726402
-0.020061066618273726 -0.36457149554508872 0.19804915655038691
-0.027328003133328935 -0.42166471225216168 0.19886232936271672
-0.047867334159193385 -0.44332339333186799 0.20018674038662432
-0.060781932632577508 -0.49792547280603833 0.18333638550156389
-0.035505693198193543 -0.53409752081884854 0.18511829462075616
-0.016955453581967157 -0.51877663792776152 0.1835329611901097
-0.012741804200512062 -0.4951232085840705 0.17783721596983432
-0.018626346934606599 -0.43650334831019749 0.18931780186634467
-0.04295506326592799 -0.32007185082722794 0.13458702895578811
-0.060977094107536663 -0.32332171364937384 0.12859429888231405
-0.053970372892426982 -0.39891567249714011 0.12703724972340083
-0.069440455316906721 -0.38916396271032233 0.1260034595915519
-0.067581471557241424 -0.4361589873018456 0.1368441138400984
-0.09993090024530811 -0.37274706428957333 0.14536050805896819
-0.10360644135703889 -0.37856018923754153 0.16353951660869617
-0.092173938722475021 -0.39168479842854476 0.19123052574230304
-0.087460364838135421 -0.38418098113772386 0.13286027416647564
-0.11579201272649947 -0.079416538998789227 0.16533556786375506
-0.11004889135107097 -0.095232396645207468 0.17474998771015438
0.1024996325492827 0.33561484359886162 0.10538776103200784
0.031800974031741903 -0.066547195360178252 0.14425035039343967
0.030229782736962054 0.064022902455430103 0.1472060567895602
0.039427827904602246 0.11025495881695002 0.12649419170612319
0.03272162707665794 0.11932006790744416 0.13356596674621921
0.032212510185460119 0.098982262317678871 0.1281459931753427
0.032128364477053833 0.085248127070824978 0.12653096125937632
0.053109637248749716 0.1543812511479325 0.11675945248234525
-0.0035798214793316897 -0.23158733513705079 0.13813387663113277
-0.00042753939466531708 -0.22443070728175513 0.16645421081080361
-0.051009716748753091 -0.30425670028760304 0.12786173624442393
-0.052916783770364878 -0.35841754512273533 0.12757960063388513
-0.049652778812352326 -0.37758438186274579 0.12721897616928668
-0.094833367372190155 -0.23105700504205315 0.13736454443998947
-0.081844522685506377 -0.40386471294365878 0.13362960635761895
-0.10464588834323434 -0.17558023446453314 0.14062289254365531
-0.10000090381784778 -0.30813235262184629 0.18474282091349781
-0.097979285495716564 -0.34750547308806257 0.14121615514325944
-0.10153886109334115 -0.35031480837796375 0.18967771922414978
-0.1374966557477722 0.016694123457454881 0.14850006222135459
0.029934212097349998 0.019413656184603126 0.14946455588745711
0.034715668233849299 0.15959969928270989 0.13521706110864545
0.071998581018981336 0.4170035426179694 0.054781542046946831
0.036741529196740563 0.44519376914766745 0.027469542154564954
0.0291330601005068 0.44817917402910784 0.036767996486858086
-0.067008715054643925 -0.34347142883211335 0.126986338034281
0.059291164836042992 0.43362762332916421 0.032842139570288406
-0.097639874234918003 -0.25509156494734914 0.1596907343325995
-0.068306256020404882 0.34374232908139968 0.027486512717604897
0.031211246966104455 0.012841098540598193 0.14207953253791572
-0.016596243330955333 -0.22466758805752077 0.12278753789548583
-0.017998436102129277 -0.29280722708999923 0.14725343294471335
-0.063429340466806067 -0.41590957006124663 0.12995123681871484
-0.039725706540788636 -0.44947875796780806 0.13802427507816659
-0.0794318743066635 -0.42248212770525151 0.13968880446966611
-0.091233486687345766 -0.41938075730970492 0.16712454805088067
-0.044400389551495022 0.20551426469402448 0.10876490307695322
-0.13176060544027701 0.04341993181816594 0.14707453492600076
0.025400950445309614 0.071006996253153237 0.15479543400237403
0.0016923667717388636 0.098654164765573607 0.17045926368822628
-0.050754451196360857 0.12389858439425769 0.16054986908649577
0.04588088450053434 0.43586703054364112 0.045229236375848088
-0.0017597285932995112 0.4599348244682237 0.049809874183041669
-0.11757180052531176 -0.11969404905367498 0.14461521749879808
-0.059918555237921223 0.19283725410319938 0.10100157759298009
0.07648163808869525 0.21976670922038952 0.11641509147399347
0.066167071294386565 0.42480505186878231 0.044015841118493382
-0.014127026408646022 -0.24011645727820055 0.12927594983108448
0.044174635808228391 0.43716315729581551 0.062818517859938708
-0.03390126788412718 -0.35654017658644349 0.13999144617721143
-0.10120722800726922 -0.19494293978629604 0.14606125089115846
-0.064040987843036759 -0.46902460394904344 0.14254480880792708
-0.061007499699649796 0.40678372813396707 0.034822745698406467
-0.13122461849093267 -0.0095593375653115573 0.15814358466879289
-0.091258235425112286 -0.048643958459849056 0.19225653769942525
0.013634693404293846 -0.043286917393578886 0.1941395630900638
0.031794610070601942 0.010269351133255987 0.15130798329766915
0.045614305239448837 0.18197680086443976 0.12556010363213388
-0.032059961794295148 -0.3748365648638643 0.13923625612193466
-0.042013197017212067 -0.41454697527049916 0.1325350050415437
-0.091867054374169685 -0.41154954957357209 0.15050753840761927
-0.1045221446544016 -0.35651825627585026 0.15588720689127597
-0.11614273769599127 0.087464199761122033 0.13994901976961158
0.007766414126445886 -0.19887657487759236 0.16035824314550334
0.025700763725681634 0.029686503678105332 0.16677806572214884
0.02931690786677266 0.018030555296849139 0.16155891048057813
0.023875013985302868 0.10024232662339337 0.14688220187821496
-0.012328146726413832 -0.27889277961084613 0.14133777751171231
-0.003967316002076675 -0.2653439063438448 0.14498715567208981
-0.031653375388130248 -0.33721424081793377 0.14365567358024894
-0.049373471628986886 -0.43290700315931974 0.13342949513510646
-0.12449791156598179 -0.03348076038367466 0.16043107514521632
0.10377454609765717 0.36137827961385011 0.089659584627962544
0.055688455724025233 0.43027452291519203 0.041258124624505302
-0.015159402326908234 -0.26562250642041685 0.13282562593360248
-0.056899916337194309 -0.45254194459651476 0.13704351795581754
-0.051703388513010096 0.23247553961691456 0.083787062709354612
0.025680257628675054 0.047140020657876487 0.15470704565320778
0.047041246748389304 0.12530148427222496 0.12336948678639666
-0.029152338660121058 -0.3174194932454461 0.14424610775267965
-0.089556229373566318 0.12536370967003807 0.13498866561439971
0.057559460299177148 0.39493191117095833 0.09447144635657502
0.022903449251267083 0.11216485426573514 0.1402926736711701
-0.032027434881801924 -0.30028417432267357 0.13809286443711963
-0.073138623846024056 -0.45130309349460013 0.14507200848728946
-0.062484645790916782 0.14491379829203341 0.13578416075689631
-0.097658966118337964 -0.39314780238394509 0.14868532420120711
-0.07029746875042292 0.3742702506698477 0.054284445971235641
0.08936229543599955 0.29467901711938538 0.10949958703522339
0.083861004583889995 0.39502454216088451 0.079392393988806986
0.025652680463735186 0.036618978679915357 0.15497786755505322
0.020708589764769914 0.055836020002252212 0.16754032684535891
0.016891627294373088 0.099125804996724881 0.15877432392844351
-0.016403203176376193 0.23938892273530457 0.11536998763345126
-0.075712492573746279 -0.46832456822364643 0.15515464425338585
-0.045193763373611598 0.14202031729372594 0.1491520146848051
-0.10765533485564802 0.078116955060089088 0.15814146334841292
0.066450621118512007 0.37946960692120518 0.1042266916773595
0.0090646621990002705 -0.16129738434605495 0.13304412193274151
0.0038356074623229078 0.11227304160511471 0.16042612539766302
-0.1030853036503545 -0.33251339485587411 0.15347950825998638
-0.10562098861123684 -0.34196741268269987 0.16951527611913031
-0.11749543299163209 -0.017211647282731779 0.17445795260450897
0.027568232766866891 0.027964698636346139 0.15458542328475494
0.03280789410544422 0.13204233333304247 0.13630105582282076
0.010133807670515693 0.241068301369464 0.12484521866407698
-0.0062675344007800202 0.45842797989163686 0.065465218587373877
0.0119581431973078 0.45907215418036079 0.049124687700304634
0.023638840316330574 0.45381410806515687 0.051362680701194929
-0.037963596411809561 0.22615895463209515 0.10315613199225745
-0.048836070466055849 0.31801354129928433 0.082947726945671554
-0.056605759911168896 0.32413284348876464 0.07313237754745408
-0.066879314511464408 0.34981213379534687 0.064304149232725552
-0.066450100687912919 0.36438489769909038 0.068466886925060935
-0.057307209850152481 0.33755726596013991 0.076260618001147196
-0.070175139275176796 0.3660430631294499 0.056684366427798595
-0.071684105172143617 0.38259289762734505 0.058530622265183879
-0.082160599422124947 0.40192519735699467 0.066219701535857309
0.077225514435278711 0.30857295850153194 0.11216537964607848
0.083870904078996625 0.27181896159781094 0.11280743261442237
0.055913315684304271 0.42539760736159304 0.055051656841998989
0.024210182605341437 0.20382781499193189 0.13125655595920252
-0.046900012065917589 -0.47054912619546346 0.13898735453068248
-0.044773034831580114 -0.49234781442024911 0.14116524345413969
-0.054974464538955992 -0.51773931226194603 0.14432106107277271
-0.018054297538802402 -0.52623590749060245 0.14803266463096326
-0.0077008398708605444 -0.56555740916090569 0.13884381185163638
0.013887130529512712 -0.57307536858759323 0.16434137571233276
0.034556569205349948 -0.59048150941221123 0.17214854181749228
0.059940288872320127 -0.59991997088958371 0.16123576267602616
0.069583811319758382 -0.6068425463962871 0.16535678106755503
0.090787115624559961 -0.61313933239089324 0.16045935941694955
0.10828093769155096 -0.6212738889413647 0.16916313693605184
0.11403183724170605 -0.6240004927364462 0.16623430059807787
0.10825548184699105 -0.62557946220595273 0.15706666102255085
0.11283541254739124 -0.62443889894831095 0.15550536922287761
0.10674863727040423 -0.61999119721826357 0.15530030825281183
0.10992496098604382 -0.62157087379456333 0.15602155718200872
0.11062570381823414 -0.62091821422431948 0.16532849679582179
0.11354959040865482 -0.62313216559423656 0.16234097059400135
0.1119890057157749 -0.6238576571641935 0.16947779945908384
-0.058584951825700365 -0.5011364447545511 0.14425388592740629
-0.053160028507270501 -0.53132141954823386 0.14449147380996524
-0.053396202176242816 -0.54603489770385016 0.1451151420016826
-0.10449527459625502 -0.17565943042538612 0.1614401165392986
-0.046214825583180554 -0.62313499402140993 0.13398315975428413
-0.011659223699923411 -0.61627464391251963 0.13572829932022318
-0.029441545338593136 -0.62796948316740897 0.14876734858923343
-0.016212284342177023 -0.62718035198605238 0.15087594104694435
-0.04293455716892141 -0.62771209629463687 0.13827600509659216
-0.068405250971471224 -0.61724550153976199 0.14701584506215437
-0.067520660373015046 -0.59584632865320797 0.15469290351734116
-0.062168569054298205 -0.57510122955048448 0.15039652264106637
-0.056818599055961344 -0.58331427495501553 0.14656824646197633
-0.029617614930132374 -0.60013493135475615 0.13529696417629172
-0.0049098893575859502 -0.60159157134901642 0.13208740644136563
0.015263867456126758 -0.62674972394891426 0.16265492601024001
0.050229591279515456 -0.62927268098751665 0.1728761547078291
0.038649303325145566 -0.62843546654421367 0.17095211712317746
0.057526933386683902 -0.62797655423534238 0.15518999959305235
0.053970893323025952 -0.62069618269121385 0.13373425816303186
0.01737033859345765 -0.61510862481031803 0.13846055996965143
-0.052518682645719947 -0.6267306320654944 0.13711281442156387
-0.064980732771372673 -0.62284932287690453 0.14258652810873351
-0.07167420567703707 -0.62038081306138848 0.15574224999864325
-0.070412020050942534 -0.62590119579691794 0.16282038899987933
-0.063600460310792015 -0.61812372817707828 0.17606803477292199
-0.058819711281086019 -0.58533801459752677 0.16883645359753327
-0.06147348307645454 -0.57402430590424247 0.16631278945213751
-0.065359034905804372 -0.56549306244271269 0.16181346892617704
-0.067369339519242372 -0.53481664842766541 0.15629308619064758
-0.061609954687567282 -0.55268170156115481 0.14896463138457261
-0.041969356396025587 -0.54010792856215584 0.14217640616860194
-0.039780860870668379 -0.52511160768920739 0.1427661332342394
-0.059373375900263606 -0.62315196458444988 0.13772304758420795
-0.042135526492458185 -0.6030517468772435 0.13770678412796133
0.040575462230177231 -0.59310982536301982 0.14462511699390476
0.065071055764724578 -0.60438393607587781 0.14115675817261972
0.038768804373218384 -0.61630363529104615 0.13649692440457323
0.046643145623744317 -0.60996512999563357 0.13544757792327108
0.029831681612317064 -0.62219312777269398 0.14254622302151371
-0.0066875558360182498 -0.62896155399845144 0.17021601895132066
0.012001983818494202 -0.62854153256321321 0.17604964999629541
-0.002531182104822905 -0.62926207438561677 0.18424006798343998
0.00060342231001019324 -0.62893821947427142 0.17685787306107192
0.0057518668722479228 -0.6289198346976449 0.18423582534267996
-0.0082361197134115469 -0.6293752114725496 0.1789721223731294
-0.01267533616193901 -0.62862214273765282 0.18720496676787382
-0.024443007416541436 -0.62805787151657533 0.1897576222917961
-0.020961920672976492 -0.62902307228947107 0.1878795466487109
-0.034534128464157758 -0.6271075199863394 0.1875069013686258
-0.045549438090656785 -0.6284057680588937 0.18031279685328361
-0.0054911311417034274 -0.62323469607926951 0.14479199419713062
-0.048157955051252088 0.40583054817655773 0.017982997415246012
-0.061462169367761242 -0.61492760547122538 0.13992214971146505
0.033442876005854813 -0.015258618319553531 0.16465320980819134
0.03749671925201728 0.38063704023699352 0.10456893136533138
0.066375667798418997 0.40345325513738145 0.082177687647734948
-0.0065701761083254047 -0.25131490756417207 0.13630317714320073
0.00057513803827701285 -0.23392927283656065 0.15300433249486844
0.06731824115392826 0.2514443864547925 0.12177849650140356
-0.024350376426615177 -0.444631540899529 0.1476190071568651
-0.031967330804368886 -0.48145907690975626 0.14358991264846921
-0.029843889103998052 -0.49970031085729733 0.14488533229385023
-0.044760306909300197 -0.50890471998607756 0.14240409455605432
-0.016278752380750095 -0.51076087531856951 0.15292867206798211
-0.027876010898159914 -0.53742587249505414 0.14208165385829571
-0.065293981080818006 -0.51164970855778558 0.14940657313040401
-0.069355602501707081 -0.4837303039299331 0.14888967806447956
-0.071372978183078375 -0.49468692369258571 0.1699494396902351
-0.074475055685418276 -0.48414396140403138 0.16231622185623479
-0.05352843114659557 -0.61799786316786554 0.1355472799811307
-0.040065824908380468 0.27313488734019864 0.091724336464486966
-0.037735200917563869 0.29172967468440486 0.093014806362314698
-0.053976736853566978 -0.60664879913491465 0.13929211755860779
-0.045866221934068717 -0.57946125003815885 0.14234186915824126
-0.053288721943656622 -0.57097808983857556 0.14586467520261265
-0.042879402839041673 -0.55382650745955642 0.14153364609346475
-0.028906972602835465 -0.51528423747550323 0.14457420530478493
-0.098508201377127624 -0.39810179257801698 0.16983913103047563
0.021958047468584502 0.081253680795302249 0.15865411577357735
-0.035519128227266855 -0.39479818963957791 0.135079175283946
-0.031173249875458962 -0.42898043913595663 0.14150041207417824
-0.10290428431126188 -0.29817487475816939 0.16554840700854748
-0.099764023042082151 -0.28732714944168963 0.17762225550466193
-0.10346926263913277 -0.11541393163364684 0.18109061432594689
-0.069950986421691175 -0.60946803391992233 0.155026657923793
-0.066433130124873049 -0.59104083088573545 0.16433430464439941
-0.090158684361483735 -0.34394306906326466 0.2023299810772084
-0.10396494450125729 0.063822791232917619 0.16631703209289753
-0.0074236540078750548 -0.27946341479306364 0.15619267702599463
-0.0038004387988507201 -0.25971392205534916 0.17103626283158374
0.0059555136287270686 0.12560483308656364 0.15113120659933654
0.030651218385786907 0.22632795315570117 0.12832135566008857
-0.038271894973701592 -0.62111125437889869 0.13432044969470264
-0.035381242402567452 -0.61193795794902506 0.13432398522866931
-0.045206491295891597 -0.6143654555705278 0.13509756006057258
-0.061853906531266219 -0.53993610161137662 0.14873270035636027
-0.11870387850143355 -0.056044538158843686 0.1617222521498374
0.096302548612536162 0.31668700895499674 0.11090177980639729
0.012889402844123739 0.085596023613143432 0.16985468737992887
0.025551564192288975 0.18077401220898484 0.13724645760550327
-0.099428854422043592 -0.27410566662000013 0.1649523159817701
-0.033602868817341779 -0.58485223223050886 0.13728110583837652
-0.059878957257494765 -0.59457424353200683 0.14591700110531911
-0.07110427760161285 -0.61490073541307888 0.16343698612366334
-0.11815799205698257 0.054423927735971635 0.15813934202803287
0.024273115109947816 -0.10951100412292571 0.15765214544742837
0.075674829237505431 0.3877802330632158 0.093549379098072372
-0.019662258386835406 -0.30833387805794538 0.15320444371738093
-0.020612609917071339 -0.3275643544093555 0.15538233264083814
0.0049089955745982962 0.18823823151937924 0.14179315428661698
-0.1068167061987583 -0.15397953614187992 0.17002015036956813
-0.063379135884479632 -0.52521625949462025 0.14875957041450683
-0.069888053917084775 -0.49826559117363023 0.15379487788981172
-0.067382067441522295 -0.50695734787724589 0.17318021062896116
-0.060083311120767209 -0.54212601135032046 0.17115364255927656
-0.064044523377003393 -0.55322829511239902 0.16489786875868367
-0.064751630170333668 -0.6068142621245538 0.14578052949420636
-0.065701274593776254 -0.58503890842394812 0.15373830934634525
-0.065957954359755142 -0.58251948691931232 0.16281614635911931
-0.10888782199642268 0.022524218968463027 0.17684585224558527
0.087211983677482174 0.33612254627647276 0.11306835502116129
0.040854769413542755 0.30075235736729905 0.11281945342990903
0.038970329809317576 0.25293426046833944 0.12457439676223148
-0.026808986747024505 -0.61725752235524867 0.13429075120938277
-0.017272944532172436 -0.59099133341020238 0.13448096293678857
-0.0091398021952876374 -0.52560092559019189 0.16042329697048971
-0.0011289893336489827 -0.54886403198396461 0.163205055095451
-0.0056551799177560575 -0.5366020930808244 0.16890362874289963
-0.0095379033199325877 -0.52491220357348822 0.17516223097066591
-0.0909435729020803 -0.23594735562472527 0.17634239220873416
-0.075619154477026621 -0.23271234204523927 0.19105374904397049
-0.032241688240180998 -0.21408644200212656 0.19440826367152927
-0.010983229605499641 -0.25153693909727781 0.17807763227956663
-0.080038571935340821 -0.1778231772129768 0.19218229148612562
-0.040029762461920644 -0.56810087229651474 0.13938686986891402
-0.023153244625507025 -0.57062524354870381 0.13454248122780835
0.0034848824928310554 -0.57512032143390435 0.14036055592332985
-0.033491145943995604 -0.62608504356318384 0.13929706730616109
-0.071143168475245988 0.12935603462518067 0.14757799496285195
-0.052457164354700214 -0.55928183637009954 0.14508049376880944
-0.049618837686272399 0.42495142297500177 0.027936232638162969
-0.060778397098610874 -0.56331517351925542 0.14912514462665855
-0.047731569654873997 -0.59224008400722361 0.1415251608119448
-0.089576735470572946 -0.4115120729135256 0.18465655388471147
-0.070811535389174049 0.35665692755478384 0.054258283019882371
-0.06969784218967888 0.38192326749406125 0.04909357500139807
0.069353294505132779 0.36442096014555025 0.11112522555308964
0.002861214301113778 -0.2153076154342079 0.14900776489896572
-0.018262894042834828 -0.60593603548723762 0.13248409335242395
-0.0086653335369630408 -0.57952488964955862 0.13531181341895168
-0.015413960772507151 -0.55500596159083138 0.13950000695584691
-0.086860031170597984 -0.19901516780908507 0.18309172655107156
-0.10502419047766608 -0.36053603707555282 0.17532627974671855
0.028156545618917679 -0.032000785865234388 0.17705374164282439
0.035574802987745596 0.28076951938778555 0.11795517006986682
0.0011210244827280199 0.28799190817486092 0.11120159308676932
-0.026038947449087833 0.304162733431531 0.10005546870350422
-0.0082446049949314801 0.13745523583598568 0.15293008628156873
-0.014585938717517417 -0.39812300578181686 0.16111272609398669
-0.02963529259996563 -0.5539707572453958 0.13812114870885286
-0.04880849330111596 0.30022697701985473 0.081128341166432805
-0.068564349999970506 -0.52179386261490179 0.15736435298254289
-0.066811432259304762 -0.55812359544262458 0.15624500292870108
-0.066828402822344701 -0.54755729862989033 0.15583275966818952
-0.10667811326726558 -0.00022764921373192429 0.18256281066966054
-0.057379334743072205 -0.015507519910805801 0.20759085561958562
-0.084550620383581312 -0.0058936959486873631 0.19624603422739467
0.065948575295247502 0.33789597011414502 0.11267661785765629
0.074904082832775429 0.3245500364968294 0.11305916263284797
0.056663555992027693 0.3172173390499945 0.11010416334352073
0.058639919479385808 0.27250344097375467 0.11987001526620515
-0.015388504927947235 0.1958537716835464 0.13710432914004389
-0.025285878714191065 0.26356773242643999 0.10549029151704069
-0.075845428650892346 -0.4727772197012472 0.17159982694586801
-0.078876088367105898 -0.45611212679603924 0.17469059073951465
-0.065766328418762621 -0.56732588325102473 0.15417035159707007
-0.066787390628331542 -0.57505314628853799 0.15834652431847865
0.049383891554692506 0.42541811345859964 0.074628615522140937
-0.018466540799313952 -0.4754790747585621 0.1539066007631579
0.0036213541039437974 -0.61384856050460346 0.13699402048028442
0.0098792492249167377 -0.60303477631420355 0.13287583051592886
0.054796794057635712 -0.60648970010641523 0.13796346389394024
-0.094730836887157263 -0.16338688492034595 0.18361922821889595
-0.09142157709437157 0.092288789412014516 0.16412853656754037
-0.088132116291799137 0.075063667926489011 0.172293498710125
-0.065687132457909636 -0.5312719220727008 0.16659138952870964
0.056421725468708737 0.35244398528012216 0.11185354555021981
0.033622481131360724 0.32003515962141571 0.10571373726373304
-0.021421540088641118 0.1505105485612426 0.15211762057603229
-0.014716753474283511 -0.5412392994314843 0.14546869539834775
-0.054659094909130651 0.10444324808256851 0.17348426655009319
-0.10074407305763795 -0.37719759444679407 0.1829071716780124
-0.069690064014952299 -0.62095286245719261 0.16878978454917348
0.024116844508621827 -0.094605192919523545 0.17401742507226417
-0.00039501248217213125 -0.26313561182827427 0.15859754723011096
-0.016179050322890527 -0.45857568686400196 0.15775255461208124
-0.024782418677339955 -0.4545140654431129 0.19337164511250712
-0.034193302989772537 0.19888867404051991 0.12525534060420856
-0.082530416275036725 -0.24693650229987107 0.18713425608854078
-0.060726071195904383 -0.28585212467080268 0.20229109020357519
-0.060587478264411666 -0.23408059369033335 0.19926043048736164
-0.044475342871588032 -0.26357826068089901 0.19793248392948734
-0.019368809067603344 -0.2861703227278013 0.18468908079720467
-0.01439572699011156 -0.33418216688813357 0.16813005391099636
-0.073702895067101593 0.062836377256221862 0.1829990955611453
-0.092012718373595676 0.054936580161136069 0.17614581652018835
-0.075997456611458319 0.027988740267319352 0.19334901769512053
-0.062249179228737822 0.048820106398829249 0.19368489342195241
-0.068088467128059174 0.40384428519409299 0.047512484211511566
-0.064410097589155141 -0.62929884393886992 0.17186923463412682
-0.060144829411786942 -0.63062679049674419 0.17552568386243769
-0.048478981535424077 -0.63001443601372009 0.15424318359678305
-0.059470956637743204 -0.62740167641236477 0.14364718829872897
-0.057675612489477633 -0.62955269527767543 0.1604119832617964
-0.067044070394310429 -0.62505832449926835 0.14854814548330111
-0.045750963526755901 -0.63126672214470814 0.1737812514032919
-0.029392047863060006 -0.63097610125264936 0.17865392431613081
-0.026321790166419948 -0.63052001737095131 0.18519890479519585
-0.022815954685088478 -0.6303411193522388 0.1812532488884129
-0.012580583851632757 -0.62414120698831899 0.19098586679181079
0.0062475487343724495 -0.62026343333369571 0.19377045334394541
0.025167605203510565 -0.61932651683253304 0.19750185589234923
0.033179832278735902 -0.62593725824337787 0.19824219670496604
0.04551601739517587 -0.61585603669086808 0.19640513325589401
0.045268530017510265 -0.60945177046367582 0.18853786307330139
0.038324034200213644 -0.59984006782193744 0.17993873735961188
-0.0072992032122489395 -0.58937276596026933 0.18624683706291129
-0.0046129045043872318 -0.60507407230616805 0.18896849111043951
0.018109265192487779 -0.61589068492374133 0.19419188899277026
0.013474180162207833 -0.62159350121194989 0.19560610257943081
0.033166397249662631 -0.61889235326142822 0.19873222171274388
0.037249231874351633 -0.6139065432616565 0.194709491165488
-0.0059974196057278996 -0.62325378796268949 0.19221906103937875
-0.0011572736053821829 -0.62142662400872395 0.19286818507565592
0.049323080370466066 -0.60428140559084487 0.17997197137889842
0.047868561696585689 -0.59577278954670165 0.16873745864646703
0.076614574165841304 -0.61197826303624492 0.1704528997270863
0.069908373337896998 -0.60373622625318724 0.15402822313161069
0.049641985534258005 -0.59386147988432991 0.15511787470013264
0.023743492121743402 -0.57984025927938398 0.15263098010799006
0.0015332677432395106 -0.55941477244724558 0.17144426345133534
-0.0061409622847739508 -0.56303869476306334 0.17986095561234558
-0.042605045403229527 -0.56831017590734045 0.18435179085678616
-0.052822738566851955 -0.57511254325917771 0.17297727097927534
-0.050888094380300314 -0.56199076249534785 0.17594004844332919
-0.0054373910254103316 -0.54873604565437184 0.17561477931839728
-0.0153913333551206 -0.55407823747798202 0.18227572531156844
-0.028730195904502875 -0.56138972172101709 0.1861096583450052
-0.050617979585248156 -0.58917548316493018 0.17608712665634188
-0.04816926875994542 -0.60264516047107852 0.17989913937918542
-0.023211227382560085 -0.61691033291972353 0.18858736054883446
0.025088409242657615 -0.0057918725704477802 0.1818790384005102
0.0092810368777593542 0.0026460327943623558 0.19570439042370372
0.0110127414146252 0.056873345668067718 0.18231178775802828
0.016051584423896745 0.32333946966664801 0.10109067304893976
-0.026540286165558927 0.34190880116629441 0.091124709903742843
-0.028448767400757382 0.32009102105808879 0.096876316560691358
0.01385672493739956 0.16271733313450298 0.14694866991678796
-0.012429970104653375 0.12234931341007102 0.16020409386455731
-0.031878942455202536 0.11460578691631125 0.16770932536896482
-0.012753825015998671 -0.48432215231595055 0.16715141810902723
-0.034335431455231928 0.18051308980224609 0.1398712380223453
-0.086666283909225483 -0.12392608321175667 0.19247927633932432
-0.054718491879770376 -0.11332796659332253 0.20476030712588447
-0.050334429761122651 0.44532316969084695 0.075411382742357536
-0.090869326688780644 0.014033987700946361 0.18916223837181201
-0.078443339009587776 -0.42522570206337296 0.19162579843977465
-0.066167965077374227 -0.54311454664739611 0.16332809167749046
-0.013253749518883163 -0.29742251313006596 0.16285079459199256
0.017583884845043449 0.34868995531433172 0.092850050479468718
0.010005821340922904 0.33603345082051306 0.09495157186924634
-0.021085664361809198 0.34913896812809642 0.088232643119022083
-0.016321885895143148 0.33362504508243018 0.094648930161700923
-0.010659374694154346 0.30333683269692119 0.10538351839124781
0.0029736442812532664 -0.5896400523281482 0.13451914670362841
0.012047238653267347 -0.5717608570587922 0.15120828123980956
-0.012514822919852975 0.17161273659459786 0.14956425794531664
-0.086357278240540139 -0.30942282251967401 0.19994703118368529
-0.050963754807186595 0.34277642120171059 0.082903886324485143
-0.061310848513988492 0.3454245361427325 0.072399814909563889
-0.063001540856841162 0.35368637191600344 0.072110608231091805
-0.10327410116417365 -0.33147324076288531 0.18397490293594113
-0.079726737839482184 0.045840358371735439 0.18673544785710253
-0.093971404191120531 0.034424119193418194 0.18197025517684975
-0.059038914387018387 -0.56322254252932924 0.16842208901664174
0.050094533881989436 0.38579467718754445 0.10333432290417671
0.018805058277124836 0.3925701744812351 0.10649084762960306
0.0057568166198012985 0.34584385047117727 0.089931113636601404
-0.005747103800888928 0.34052004342419367 0.090898435729877172
0.022185028749243472 -0.60405866695094579 0.13420377707380315
-0.0058800398780350155 0.26397856147336485 0.11490046872267996
0.0026250406321414459 -0.56347144412058137 0.14705332172220087
-0.01037794619040895 -0.51436358443058716 0.16550173796018774
-0.0069421142816171481 -0.53821571078320396 0.15601165768690214
-0.070238071779783279 -0.50907796115044346 0.16087089557066778
-0.068650617028756813 -0.60152368909685672 0.16480453066196407
0.039831585883593847 0.35256631475536826 0.10465236996694433
0.02206269927399741 0.45076577067910995 0.084373961347818743
-0.0089510046814684028 0.4558406761348413 0.08110359242866623
0.018402007404926569 0.36277905817143741 0.09270792201400932
0.023899762723069453 0.38052107472288726 0.10116209083506614
0.0094521567217452952 0.3665401592051612 0.090664383381284866
-0.0029073629188745547 0.32919007127466282 0.096939249065297675
-0.011896104475688994 0.3476370732990629 0.08730562611296605
-0.0093328423498667597 0.35458439754353283 0.086502352795742837
-0.029062536097368044 0.35037923344359773 0.088996318455818749
-0.01446007370830454 0.35817862137403056 0.093130064769627541
-0.0055639631414164002 0.36169011370970872 0.090286081246853125
-0.0066430081080383983 0.36398891789482551 0.099684944743799186
-0.0065143146716522774 0.37009619926881909 0.10968202058790258
0.0068980869842363438 0.39759699667502008 0.1143043776959026
0.0025408949237351965 0.36188810361184126 0.086836107202194743
0.030006336990269639 -0.61158228323197994 0.13579476735879625
0.017508224418157053 -0.59335448431351212 0.13600124254244866
-0.013118692121357084 -0.43079346095405546 0.17431158149828963
-0.014715339260696849 -0.44160795225124877 0.16142880283060529
-0.10110611173582303 -0.13702311523781996 0.18160468096469803
-0.098771245104246438 -0.024319484769287653 0.18879878548004023
-0.067133165850270057 -0.48317310377678885 0.18216258822463563
-0.06613685237846767 -0.60971764261796801 0.17185084985750024
0.024400394332747277 -0.056212829575656341 0.1792719356535015
-0.0034384001206655915 0.34931715904001559 0.086966214852167573
0.014353821013110689 -0.5823137188424532 0.14169203801517075
-0.027821563675073449 0.075181047654181835 0.18834835845268885
-0.045060827296465454 0.44010472155606939 0.041366311963884808
-0.050379684595895792 0.44114063300829831 0.096353764640420253
-0.048308568798231408 0.43209603001481078 0.11417780557989644
-0.063766630407224537 0.33640892452777149 0.064868420453803158
-0.055423477352720713 -0.55151497535215976 0.17329829746344733
-0.049585603666985986 -0.53910878666318018 0.18075756702628834
0.013553376123060863 -0.13843662171768722 0.18293474884295227
0.050304544599608543 0.36933959499995561 0.10914886206573153
0.02570571347323497 0.43137973083316722 0.098632769835323708
0.035105991183767629 0.36746505489083708 0.1035181706704426
0.018495345501646162 0.45770814517602665 0.066922565688427568
-0.016155008691917196 0.35278693207488726 0.08757715512160491
0.0062977533166989497 0.46077698865908007 0.063401880964436164
-0.050256648013856361 0.066473734601112819 0.19119587750942987
-0.019109300874451129 0.035507406800800154 0.20127639195514629
0.036713952031800674 0.44065909328204039 0.081675641824470388
0.024922239146225031 0.36984659057077346 0.098422052010911268
-0.012986463151004308 -0.412739610306747 0.16913555977111203
-0.01786620713177656 -0.42421878198967067 0.15538869660197815
-0.07965956269411581 -0.26181756476550666 0.19195884573943328
-0.07684881319062796 -0.10861722113615621 0.19787945091998763
-0.044761721122886823 -0.092537612655825788 0.20914436924453222
-0.094076055996533473 -0.36690424085628531 0.19720487103915055
-0.071688347812903688 -0.34348910650194664 0.20945832466077088
-0.012137227892214664 -0.34097958449241744 0.17995924345661848
-0.064274333084835752 -0.62877629201859886 0.16492403171003686
-0.067447121266508703 -0.62767391252779703 0.15727667174016993
-0.058588487359667006 -0.63025414521665912 0.16921899837272497
-0.043005974955047745 -0.23496235586161621 0.19771398793034831
-0.0013736482841412274 -0.21171692713767681 0.17680766847874543
0.04093608669477574 0.4254548830118528 0.088745295544186503
0.038828908450651456 -0.60539297746996001 0.13613417861959481
0.0069532413141161018 0.073944317872647186 0.17858887049114444
0.010410286426707754 -0.62281396753723794 0.14753839698242541
0.032667179853571454 -0.62703398087983309 0.16169467498489751
-0.0019322626508721725 -0.62700286818092654 0.15739900121541614
-0.040799094653064007 -0.62882154685337199 0.14716221616837372
0.03193108168171465 -0.59881193454443515 0.13734120991580959
-0.01513536069593498 0.32050185010501359 0.099971322995097936
-0.017611648686177563 0.34300481669595628 0.090067585247714146
-0.038463520914694037 0.3459987068589167 0.087340274345839283
-0.052555452198973042 0.3561739736149393 0.081208244234079144
-0.060600206186691583 0.36304139479176289 0.076228798195447353
-0.058804154931632657 0.36062026113140011 0.079198646727434499
-0.056756373658148181 0.35687118091316289 0.083594729661568751
-0.052003201793382116 0.35510624235701066 0.088176074575555596
-0.059504897763822971 0.3543927716025404 0.088630744243667015
-0.055861883564585414 0.35228488625162274 0.095288154702871497
-0.04981187784085158 0.35070520967532304 0.10179424430830336
-0.042409883928270296 0.34996911150346616 0.10811436482708935
-0.058145838507042205 0.33897006533321378 0.13516332099235229
-0.074863964421749848 0.34074136785050607 0.15496089699201335
-0.086458394511986336 0.33874449826614145 0.16252835389423392
-0.11269134943774615 0.36929646148556255 0.16815904528952286
-0.10187615103375962 0.40270584325683129 0.13675643259772544
-0.095166414671848679 0.41026905751829196 0.10139685029045178
-0.033381544391029361 0.34490269132925466 0.089133497173724846
-0.027873182470986552 0.095064890682629077 0.17877413247099694
-0.028298153653778021 0.33254175747504827 0.094054960455303524
-0.067836030002840275 0.35949737554359151 0.064082824806413252
-0.068818201338776003 0.36827610638278691 0.062938018908011512
-0.045333063411897703 -0.52215519418629353 0.18526254440659551
0.057622392803783486 -0.62406130392067261 0.13612215780410816
0.09575878348846513 -0.62365966726206101 0.13289280107896881
0.11304400905142366 -0.62496003665499533 0.14554294161164738
0.11704976903563968 -0.62287336450787767 0.14014700967174409
0.1153336208482271 -0.62524853622667409 0.15164173770412098
0.041778250885632036 -0.62329055751594253 0.14133353487095227
0.038308477850760386 -0.62569189218609222 0.15094099487193072
0.048154232841091112 -0.62599948364119085 0.14758435892399194
0.04703558989404262 -0.62787685217748268 0.16126121852058609
0.059446021223782258 -0.62924086118181688 0.16651007224747666
0.07048042273370117 -0.62983341667462767 0.16901464450945253
0.075751903877978366 -0.63025485232345246 0.18593005321949935
0.061242779585634476 -0.62998615174198702 0.17751618948566242
0.067142171562388955 -0.63020040510036601 0.1857949958219732
0.050363234463454899 -0.62990836999472055 0.1928137378525695
0.041697640711192384 -0.62948269170513582 0.19025118283354062
0.032456462029159035 -0.6287289158634457 0.19046048644436636
0.038809816567231536 -0.6273861200629115 0.19759943662982879
0.047274591990188256 -0.62453294415182392 0.20276131622113985
0.052187569990246999 -0.62353945910719488 0.20366853423698253
0.056725781389840683 -0.62526692100330072 0.20288859544393928
0.081904440086745078 -0.62833717869994077 0.19781510420179452
0.096981371134133174 -0.61892700149430147 0.18162023731415125
0.092700546607311696 -0.6155187467504496 0.1751558670095259
0.083621295380950991 -0.61667840189151113 0.18432138526467295
0.05099326661631215 -0.62994160401400712 0.18284706760057931
0.031523788168756416 -0.62885902351341849 0.18096404220994081
0.041577432556326233 -0.62936743329782296 0.18124193517971959
0.058514761576966279 -0.63020252642074603 0.18752387193166575
0.071231370148217926 -0.63012333045989299 0.17791287639672065
0.08163503239848624 -0.63004484160583329 0.17084180846341798
0.091681605718122769 -0.62910297535711746 0.17164508178064111
0.091695747853989387 -0.62662810158046145 0.14777457065139776
0.085995759992954043 -0.62798362530327556 0.15542546615523128
0.099148653455690475 -0.62604615268955066 0.14986760675965535
0.10149129826199366 -0.62637778577562253 0.15743506366187593
0.10493773677268542 -0.6261790887666967 0.16233955638041475
0.079911106036347032 -0.63034677620658541 0.17904848990680905
0.084915300812745384 -0.62985321566484087 0.18584732172467966
0.093296637634089116 -0.62930450079321654 0.18479443970941092
0.095424321975219897 -0.62763360744057706 0.19021370617349415
0.09702309043493966 -0.62441344310375102 0.18821542237554278
0.090773680595486697 -0.61862506689354946 0.1894125541766509
0.075736347528525094 -0.61688275575478357 0.18859018897600777
0.080032021298006503 -0.61851192980661662 0.20057635622974929
0.072265160280066798 -0.61686437097815705 0.20241624810599465
0.073950902875366167 -0.62580078663226513 0.20409350541977408
0.07625536391482951 -0.62794897707040243 0.19859857852880447
0.042126854534743852 -0.62478184574307616 0.20192551599142344
0.037399845621330974 -0.62343480730178191 0.20101264112123404
0.040566269841863949 -0.61931308180345979 0.1999838007369385
0.026648993935537497 -0.62612039890285032 0.19594904937419597
0.019797836214960476 -0.62275386345980488 0.1963054311980344
0.01559832896937198 -0.62602423237895743 0.19186975028347361
0.012751517019424296 -0.62794261310926247 0.18592793189911935
-0.01756002989026454 -0.62930167236604317 0.18378398410174193
0.054690728038636165 -0.61387472345595662 0.13365223377500554
0.047706634240913051 -0.61734732491800159 0.13462450561583467
-0.0038301372841706214 -0.55185721504013174 0.14935919697525085
-0.05786935975085012 -0.51391598583040921 0.18100646861754061
-0.066447272260739682 -0.51917686037278643 0.16941840248844411
-0.059468835317363189 -0.59753843520964733 0.1723613809622847
0.073878777982446464 -0.61208432905524446 0.13564698203899023
0.085404618713729938 -0.62172360886192268 0.13325483975715388
0.091050159351678844 -0.62389866935820659 0.13364445560027891
0.10449084527930068 -0.62280477514892463 0.13149272962817488
0.088060511829478438 -0.62540622104158672 0.13888411693885619
0.099822526229734213 -0.62782452627477625 0.17511768324268609
0.10149978354351362 -0.62707782150101954 0.17044370733877295
0.096521751718468482 -0.62803382988560208 0.16986387976824219
0.099341693610269635 -0.62710044891840611 0.16474018394377105
0.10392021009708315 -0.62644778934816225 0.17851391717105139
0.10558332527499596 -0.62540622104158672 0.17215631999221892
0.09475257052155614 -0.61539641727520344 0.168135710765343
0.084182031068061894 -0.61486043032585902 0.17612813885035505
0.061356623779360644 -0.61981088498596437 0.13277330003089602
0.066442135836991975 -0.62508590166420819 0.13784113441869403
0.074223138990798312 -0.62615999688327684 0.14300301401000509
0.064014638215489153 -0.61176966653221243 0.13440671672348889
0.032026541098814289 0.3928254400336274 0.10324947008897707
0.046491117663178309 -0.60039373244111494 0.14076431390232144
-0.015280317588567694 -0.30186455800576673 0.17902374116904257
-0.055780566283352449 0.027846611801859964 0.20150408034259859
0.013077493251149604 -0.096650145765834694 0.19285475004658267
0.07067134156790035 -0.61891285935843487 0.13327676006774714
0.088629732798109317 -0.61189482443463183 0.15312029800897464
0.080482448325357905 -0.60827868029354093 0.15016247029247407
0.099867781064507347 -0.61602574232126739 0.15439874709131571
0.10139442463130741 -0.61518074970323766 0.15016812714682071
0.11107047399123887 -0.6187580029706955 0.15270734764166974
0.11717209851088581 -0.61918792390104038 0.15394266320961777
0.11651661051346864 -0.61614948601010011 0.1476769899139182
0.10844215804043025 -0.61637858861113914 0.1362862065801608
0.097329974783244996 -0.61819868149717128 0.13270471067194298
0.091504121912996866 -0.61897013500869469 0.1327846137395893
0.0026794878552278923 -0.19401238724627343 0.17993520182564529
-0.013364058178642679 -0.19883768400395915 0.19192631882694
-0.0059691353339946795 -0.27271761598469285 0.16874240839402038
-0.01214217763976798 -0.500470350155234 0.16421551070311996
-0.094417588577711972 -0.3260617524735287 0.19722891267012374
-0.069964421450764369 0.39105838015709499 0.053236513703520109
-0.077107614276986786 0.39176124430966525 0.061181565633379079
-0.066516568726486036 -0.62473941933547628 0.17325092130829417
-0.055740261196132679 -0.62073295224446701 0.18139254892669895
-0.056206244572937304 -0.61089073278810291 0.17832229123005885
0.078979846389531067 -0.61845889679711685 0.13355323882393927
0.094338913047457923 -0.61358834520465788 0.13784396284586736
0.10867196774826259 -0.62146975752311717 0.1317508236077404
0.11094107344805944 -0.61497639583996522 0.14301432771869838
0.10693602057063677 -0.61643374294101894 0.15025085864164037
0.087665239132006828 -0.61033565395533862 0.14377446752152839
0.10024961873290569 -0.62242293748052635 0.13151111440480145
0.10612567618548027 -0.62486881987865572 0.13676986762679871
0.11875601772794563 -0.62450678120047065 0.14576073050399316
0.12870218188292926 -0.62230343643245356 0.14817337888283605
0.12215013033593093 -0.62013756832448286 0.13686461993710494
0.086192335681499865 -0.61465678356937992 0.13535211850617149
0.096306791253296109 -0.61261041650948211 0.14706109989692748
0.096054354128077196 -0.61460940741422676 0.15299089746579517
0.12181849724985903 -0.61806857384719849 0.15167497172340752
0.12610497863102715 -0.6237006794560741 0.1527066405348764
0.12447509747240088 -0.62436182430783793 0.14719545018766025
0.074242937981011572 -0.62378906780524046 0.13616316999812131
-0.017535988259291285 -0.17830471693923466 0.19868979530514411
0.031356203858737185 0.45036059848653176 0.066636894543922159
-0.0074024408040751256 0.065112554023952066 0.18934891456525124
-0.068606069300776978 -0.24943117506674026 0.19683717550661883
-0.066237261543120554 -0.13486431819778263 0.2002935135124172
-0.059530353608382887 -0.073351684032395503 0.20759792668751889
-0.058148666934215602 -0.52854390406403251 0.17714990816671733
-0.040932030730210074 -0.55118051383891453 0.18346083629718998
0.080973887546722426 -0.62460436193795021 0.13710291492645726
-0.014829183454422998 -0.21922074442849765 0.18725941399096024
-0.067131044529890008 -0.21621129791608398 0.19590025900545618
-0.039426600367209887 0.32761039469836289 0.090850352467930745
-0.022441895191416723 -0.081467855806240372 0.21149196379838875
0.11290824454710427 -0.62003503783945002 0.13302644426290822
0.11016820572294944 -0.62481790818953598 0.14104362108568685
0.11775051186782996 -0.61985684692753074 0.1346032924120347
0.11202860369620139 -0.62318307728335642 0.13642904215241353
0.12318745600174645 -0.62288609243015769 0.14122605463836613
0.024873448777485232 0.40636158537834877 0.10537786153690117
0.028401911676203255 -0.58834816821673375 0.14326040088277725
0.0051076925835240473 -0.56185287667064843 0.16025854108764373
-0.068954672949888815 -0.46611556660128267 0.18644341275145712
-0.063657028854258418 -0.36857159867495809 0.21087395246101806
0.081076418031755332 -0.61010443003391968 0.13976234357617245
0.0094302364111520549 0.44314881630135622 0.098979959270848877
-0.067005886627470562 0.0083955181309308107 0.20151468694449853
-0.031677417019103385 0.45121831902684145 0.086732869610368538
-0.065570459837010042 0.36704503345559891 0.072179197590044861
0.035434795842666206 0.41233310224802294 0.09775242187762756
-0.027538720957741333 -0.23426797699056584 0.18990399339801545
-0.013043738801264058 -0.4687177196007381 0.17069543735719855
-0.070001191004017568 0.37532101136473639 0.060662549247074649
-0.072632335381999508 0.39937466315345227 0.057038626931257046
-0.053275286914583352 -0.63117409115478174 0.17533759345541183
-0.029430231629899842 -0.62848920666050678 0.1883589650545888
-0.047736519402427291 -0.61550884725534294 0.18327062456978416
-0.046557065271152394 -0.62356915759251474 0.18516567077590931
-0.052197656161547999 -0.62716126010263251 0.18224602682624857
0.0072169921480282626 -0.15902403600549814 0.18575327652116677
-0.012231273095727586 -0.37910112593443918 0.16686857539169514
-0.02182105542687279 -0.40262161920098405 0.19724588323316369
-0.01746103493919832 -0.38460665942730865 0.19442452712777586
-0.013805999924474109 -0.450951661418315 0.17703747818657778
-0.050766472011847502 -0.20082748252039054 0.19772035189148829
-0.049701569181092108 -0.15545597512635359 0.20178409463275743
-0.084397885316221985 -0.072750643258064754 0.19684141814737877
-0.049285083279820611 -0.48823810973741361 0.1905191763082128
-0.034205323805259188 -0.48717462112024484 0.19263413272706364
-0.052385039461780532 -0.47259690746894795 0.19311708666690819
0.01502981510753448 -0.020454439036944397 0.19274514849361646
0.010524130620434002 0.3822626787548597 0.10414042464857323
-0.023235976120326612 -0.25289246282009192 0.18473362852518449
-0.010887770188400056 -0.23562208649979333 0.17941264990537417
-0.037262146472825934 -0.25054062562547547 0.19363610305321263
-0.028831312175949069 -0.2698828248502318 0.18898758299385943
0.019754702700567325 -0.58429149654339796 0.17590681442404266
0.02718922352564182 -0.5813011419144043 0.16482715807935067
-0.033070417401964043 -0.19180197141032293 0.19728760253397021
-0.078163324719428939 -0.27756059041221193 0.19705425729217119
-0.075264893973568142 -0.2962465945327577 0.20188026115665028
-0.052126945482214901 0.35089330008234881 0.081423204699251517
-0.049483073181953011 0.3543991355636803 0.082856510169331987
-0.055439033702173915 0.35842823007207619 0.079438355930373447
-0.062790823032428764 0.36538969645241282 0.073782915797317869
-0.066846787598971183 0.36420882810755123 0.075365420800791075
-0.069859769645351497 0.36633014848754197 0.072868626713541829
-0.071343986804551757 0.36903624618561692 0.069766549211201984
-0.067392674043422154 0.36846985364415952 0.070270009248053086
-0.061295292164535248 -0.30951333218922028 0.20561095659826084
-0.045193763373611598 -0.038594556713039206 0.21104012255745067
-0.057559646975371387 0.35328544236418519 0.078012828635019599
-0.076134635329364375 -0.029072656634053756 0.20164408748767801
-0.060680816361131276 -0.4143440356208134 0.20368550480002248
0.10174939224155921 -0.61507821921820471 0.13705553877130411
0.10238437414196978 -0.6135119776709782 0.14423903668474639
0.12035266486728538 -0.61514327304319116 0.14089583576588088
0.11501542279122848 -0.6157902757590884 0.13771456230268797
0.12446802640446757 -0.61660839831897152 0.14662905764620268
0.12743221808210808 -0.61964754331670502 0.15138788636531542
-0.0021401520481112062 0.383684670516247 0.11354777342703919
-0.014559068659370839 -0.26839507215706487 0.1803559303676768
-0.012968785481171053 -0.3541423774502605 0.18785833344491093
-0.011560935855650482 -0.35675796547878919 0.16955628831314348
-0.042284726025850851 0.045938646216008343 0.20005733984344484
-0.011278800245111716 -0.50977587555546044 0.17654391764483326
-0.060119373567226991 0.35778052024938573 0.07565321326567645
-0.062458482839563519 0.42192429879275484 0.045818256334692262
0.12523594438202423 -0.61836202316643063 0.14030257316627676
-0.031026878769239586 -0.28722108342269009 0.19345720503450012
-0.062269685325744402 -0.26625607410724078 0.20037270947327018
-0.079731687587035444 0.41643927139689191 0.0754927000235905
-0.03043220195604884 -0.51795003008635843 0.18743336226211946
-0.019844691939514641 -0.5068519889650398 0.18642290665445049
-0.03191854043562907 -0.4397701816953834 0.19886940043064999
-0.057025074239613796 -0.62953148207387555 0.17925567219725488
-0.038006729926202729 -0.63029727873105235 0.17969337130232629
0.0065247345973579391 -0.11884198536771198 0.19630330987765443
0.017158206555458612 -0.074526188416117106 0.18910849825551893
0.038061697579888108 -0.58666383983502102 0.15733111896325636
0.0067446448100836782 0.45621332141492649 0.080559827304595238
-0.04941236250262003 -0.2195813688930961 0.19870252322742402
-0.053275994021376623 -0.24950895681400662 0.20045897650205646
-0.010424615238768696 0.44908427072457058 0.096537612406686152
-0.04599208694328151 -0.50553464900906542 0.18798631977450378
-0.040990013487263173 -0.45914490783263279 0.19761216455210878
6.2485613112581615e-05 -0.052703458560358157 0.20460615784493852
-0.045601763993363159 -0.27856680337912088 0.19904476291539591
-0.071257012668972136 0.37306251226683956 0.065345717539301088
-0.035405991140333971 -0.59348388485669157 0.18553902316278767
-0.018871005885098883 -0.59885294673844836 0.18708405150621432
-0.032627061442546006 -0.61797099310971892 0.18751114400938584
-0.032028141988595271 -0.5756301454318955 0.18911698353703882
-0.018605133730806668 -0.038047963161794887 0.21092981389769117
-0.040690200206891076 0.0015733517888803373 0.20815583394745651
-0.068410200719024442 0.36983386264849349 0.068049693916996085
-0.079644713451455837 0.38422207167917793 0.063749777506754687
-0.068147156991905586 0.42720143679137867 0.066444561496136298
-0.033010313324531006 -0.50286602797103697 0.19028795238679383
0.074095152661205532 -0.60578683595384497 0.14386214876390135
-0.033703985088787969 -0.11850186700012015 0.20843584823761527
-0.022924849131261256 0.45579542130006828 0.069814632473148411
-0.041344273990721589 -0.064321223174774594 0.21168853948693456
-0.075906239835118683 0.37722312863879487 0.064531837620177931
-0.03948387601746968 -0.60984987158832071 0.1846721102341648
0.0068125270622433343 -0.57273525022000127 0.17522516347527231
-0.017231932338159277 -0.57159397985556626 0.18603824055887883
-0.012693720938565595 -0.53884150029530131 0.17974286877785942
-0.021669027466306768 -0.49259388758432809 0.18843391837468185
-0.024995964928925717 -0.54459310695224983 0.18373943637376211
-0.080208984672533443 -0.36014854255280787 0.20665040358445633
-0.039873491860594676 -0.62058092428390099 0.18649432444057687
0.058294144257447229 -0.59921144988266672 0.14798316715543014
-0.025123951258518445 -0.30390173267735121 0.19273242057133655
-0.034978898637162491 -0.39240534025094831 0.20674374168117593
-0.043021531304500982 -0.13549364324384663 0.20508911178478309
-0.067121145034783378 -0.051687346098342538 0.20537690424966853
-0.054443427337164958 -0.32896159743297615 0.20934094493307806
-0.021504978690254136 -0.53028409388241826 0.18416794309052026
-0.040340182344192656 -0.62714923928714594 0.18577590393855331
-0.028037938353832493 -0.15127273133701166 0.2049370838242171
-0.0042784429911419727 -0.097109058074706045 0.20535781236624862
-0.01689959214529407 -0.47983697392585661 0.18418632786714689
-0.078727595940506559 -0.38209784452457296 0.20459767256341854
-0.036902229115020842 -0.3574403235343529 0.20888981079893332
-0.043150931847680492 -0.5816476242431361 0.18448260561355226
0.12475016201500636 -0.62054556894423452 0.15506767011780614
0.12116654478640854 -0.62247314206285287 0.15626975166646764
0.11291955825579754 -0.6212095422231716 0.1548265467012806
0.10360979021481118 -0.6180579672452986 0.15426651812096301
0.059090346506737126 -0.60435848023131788 0.1730649522216483
-0.017997021888542613 -0.13548940060308659 0.20686182851566212
-0.027327296026535584 -0.017253366583538206 0.21056918943309272
-0.028089557149745637 -0.60805028479929524 0.18662867473130965
0.0081595655035374987 -0.6016071276984698 0.18806339441497671
0.027087400147402275 -0.61244283219946294 0.1931588059677147
0.02353560272450431 -0.59690911016358339 0.18307334177444501
0.019816220991587061 -0.60725761808397194 0.18930931658482469
-0.014848982444636267 -0.61149389488281358 0.18863402959719425
0.00076252133850954619 -0.075993435012277386 0.20392450689616815
-0.035979454749724832 -0.3351692879716226 0.20610663846038532
-0.018538665692233634 -0.33537010630092839 0.19420390980825683
-0.058054621730702645 -0.39326023236408453 0.20879505848862709
-0.016414516885069411 0.37795922681065175 0.12247075405207386
-0.029695396677398626 0.38736586848232429 0.13083653452396435
-0.064468080346208156 0.38266431541347135 0.14461026775124478
-0.025563771683969845 0.36787659104455539 0.12617811496950457
-0.024892020230306081 0.35436095179684046 0.11132180124163546
-0.035158503762668325 0.349690511426894 0.11601840456293516
-0.029119811747627795 0.35597951924677346 0.12318634612692411
-0.054547372035784435 0.35020811359961174 0.14193104011131635
-0.036682318902295043 0.360712185014533 0.13198275463595271
-0.072890429361565062 0.36813539213091417 0.15271300449601638
-0.10159047988925421 0.38121262516676424 0.15925657076149471
-0.10669013408275214 0.33759332840659978 0.17794964594997384
-0.13894198203333927 0.33914684203154621 0.20017330535755104
-0.14645923435323341 0.2697344107710733 0.23752622171522278
-0.16313846939430796 0.25793633392435766 0.23803604571321388
-0.1668444160981519 0.28157067138462882 0.22451474961115239
-0.13925805876995792 0.30797191772720117 0.21717710241676411
-0.025663473741829493 -0.32045368849562628 0.19772954427980161
-0.0038138738279240286 -0.57642210504042535 0.18212723288496913
-0.066691224104438535 0.43168590807467916 0.084640540608904233
-0.027646201190327561 -0.62387321351364677 0.18892889313001299
-0.021516292398947433 -0.6242218171627586 0.18965226337958985
-0.023520940158038742 -0.58527508209292045 0.18822815029782269
0.10519370943187097 -0.61754602192692742 0.16569689943514687
0.10014991667504612 -0.61359965891335122 0.16526768561159536
-0.02157781068996709 0.4130225313715199 0.12780446059416417
-0.024608470406180732 -0.34834127331777892 0.20125659296493301
-0.029298709766340435 -0.37589581084027307 0.20527508087142896
0.0075033703993270156 -0.58725922375500517 0.18300333820190534
-0.016076519837857631 -0.62064668521568067 0.18986863805834894
-0.017299814590319013 -0.62677447268668085 0.18924991961418497
-0.0080904557139855216 -0.61775744685813316 0.19064221289025227
0.11698825074461995 -0.62364269669902106 0.1555230468927109
-0.020194002695419794 -0.059977466143346717 0.21192754158308016
-0.046569086086639039 -0.37574095445253375 0.21164682018612804
0.12063692179820416 -0.62511065040197478 0.15244713234172416
0.085881915799227868 -0.61363006450546442 0.16755941872877883
0.079806454230934146 -0.61019069706270601 0.16026490504878371
0.06742147874575441 -0.61056829209034424 0.17648098514022686
0.067840085967405928 -0.61428272407570828 0.18578156079289995
0.070578003471180747 -0.61603493470958071 0.19470171299076139
-0.034947785938255892 0.37420802527203456 0.13257389591517688
0.10914290087262055 -0.61975997329684451 0.16032783755339011
0.11232134590864014 -0.62279628986740465 0.15855936346327104
0.10482459968575258 -0.62634738018350944 0.1673098100307332
0.1094851405605924 -0.62601716131102414 0.16631915341327749
-0.082396773091097261 0.36742969955117066 0.073903123952184013
0.11011022296589637 -0.62554410686628614 0.1617752851593372
-0.086046858358268141 0.37826823247933711 0.06927793841701077
0.05793422689964213 -0.6106531449055439 0.18416440755655367
0.033213066298022419 -0.60643666709691557 0.18777843037726466
0.00050866999970393986 -0.61476143537479278 0.19116759323769664
-0.081270351969322127 0.36033246866651464 0.080315875460896344
-0.090072417332697385 0.34863621519803867 0.097392504519822384
-0.081212369212269028 0.33273409052283398 0.12334615226221679
-0.056670813736155227 0.34007880878515562 0.12254217183820024
-0.072584959226846393 0.36194891479606767 0.077647961529661205
-0.070905580592686979 0.35632741578909188 0.08390444243704745
-0.074827901975290018 0.3472594782714245 0.10014880680022384
-0.066968409967423995 0.35266106706567446 0.091160065243409361
-0.062988812934561239 0.34797719166665475 0.10329118938978357
-0.06550894154599031 0.36060399767515344 0.079244608669000946
-0.0629718423715213 0.35715968048484176 0.08318177929426393
0.012665957097431405 0.42017420947926243 0.11102198796126343
-0.048611210505776797 0.34317664364673556 0.1299081033043217
-0.088181613767332273 0.32793424960970824 0.15704403360516433
-0.11816859865888252 0.31126562117053364 0.1553137432818851
-0.10719571543998331 0.31479196274887178 0.14988952707024858
-0.1217112036934672 0.31193383709023076 0.14876876280282014
-0.13044467969788942 0.31010101628191872 0.14833318501812864
-0.12457145067248813 0.31574938534704083 0.14093896928027402
-0.11727905831287297 0.33569191823933453 0.12047954132205586
-0.079361163627330408 0.3528357224436271 0.089455230764690113
-0.10680822091723828 0.36947111686351508 0.088335880710848289
-0.1279160658049403 0.37866209096322201 0.10880945080493305
-0.03885737939857898 0.34900956758491691 0.12643762316265669
-0.10157421643300762 0.38708231865819892 0.082546090287060017
-0.089614919237412702 0.39164103615479912 0.070822259653644054
-0.078385356252534635 0.32974090746666701 0.14979548186673569
-0.0012788959738349937 -0.62587573995235801 0.19368206499477908
-0.09233940171211423 0.35835469096556993 0.085981215089058427
0.098273255245547572 -0.61796462914857897 0.17481645574872742
-0.12011102102016075 0.3489225934493374 0.10840498571914813
-0.12232497239007786 0.3246695375449023 0.13095391425165717
-0.068313327088338191 0.34093157957791198 0.11501431291640619
0.10314522105159317 -0.62161400730895644 0.17186357777978017
0.10877661955367547 -0.62482285793708925 0.17068695207567858
-0.026701506514438235 0.43031129246844518 0.11907876276446859
0.010357253417207989 -0.61320509332267281 0.19165196139112789
0.099522005842568831 -0.61842778409821031 0.1699444899426818
0.1028121737519346 -0.62251910400441923 0.17783226622228102
0.097962835363275588 -0.6280932268562418 0.18644341275145712
0.094440029318904162 -0.62031293080922878 0.18535729671690182
0.10459973972547354 -0.62606878010693723 0.17536517062035173
0.10179464707633235 -0.62667335641523458 0.18073211118172849
0.098348208565640582 -0.62851607671865328 0.18245957307783434
-0.10746865866220875 0.35441752034030694 0.096803484560978287
-0.12067034249368498 0.36539818173393268 0.09967645946227921
0.091073493875858738 -0.61753258689785417 0.18237259894225472
-0.048340388603931285 0.37600761206106015 0.13832055282457201
-0.083755125241084721 0.34075126734561267 0.11090460823357061
-0.067226503946989549 0.42771550343012976 0.10490127155819659
0.05334722513130865 -0.61421979157110185 0.19340134359782699
0.062509914959282334 -0.61497356741279197 0.19326133645274757
0.05813645944253458 -0.61822837998249114 0.20018886170700428
0.065512997510556004 -0.61709842332674936 0.20113709191686022
-0.09903075329739866 0.31983646261248994 0.14228530061477487
-0.087836545652187098 0.32323198943406189 0.14634975046283727
-0.079176608754271238 0.32760685916439625 0.13633570405569392
-0.096578506938129249 0.3203081028436412 0.15429692371307621
-0.10619657354100763 0.32478903859297514 0.13062652380634526
-0.10283145231154885 0.40612258328220313 0.11902219422100219
-0.12295995429048842 0.38076502656658628 0.15915757581042847
-0.0034751696739187634 0.4091984978331899 0.12119584050369939
-0.02987712312328451 0.44240423284797947 0.10613800133973124
0.099098448873364012 -0.62408605265843919 0.18329395909396404
-0.044584237317760879 0.35173829270037849 0.13484300161497373
-0.059164779396231104 0.36484522422154836 0.14522474355464879
-0.081994429325692314 0.35327978550983857 0.16074220213428164
-0.098187881999748955 0.32922966925508917 0.16555972071724076
-0.10252315374965681 0.34242216069825221 0.1094076631520904
-0.080950032591943527 0.41936032956013919 0.093722620262438314
-0.03445493250330469 0.40395530096064597 0.13247914360487056
0.046472732886551724 -0.62087295938954645 0.20168085704093114
0.051527132245276511 -0.61980310681123774 0.20076373952998178
-0.047353974627235569 0.36246580986199212 0.13877380827909672
-0.097144192372793439 0.33261812500872795 0.12113007957191974
0.087356233463321484 -0.62220373437459398 0.19506870141649973
0.084136069126495419 -0.62569542772005882 0.20040806481293671
0.076349409118342454 -0.62082204770042659 0.20553176063740786
0.083732311147503832 -0.61818595357489137 0.19184217311853372
-0.013987019263566606 0.3949679736174182 0.12489825167357671
0.092599430335865485 -0.62404716178480601 0.19263413272706364
0.089795044793517603 -0.62836404875808727 0.19142073746970892
0.078132732451121401 -0.6188096217666087 0.19475828153422778
0.085835246750868066 -0.62660052441552161 0.19613996820839513
0.069568254970305124 -0.62711388394747936 0.19952064578730722
0.080282337102845436 -0.62953996735539552 0.19218087727253894
0.07245395779388597 -0.62916661496851722 0.19307748868648175
0.063161160315939505 -0.62680699959917408 0.20070434255934205
0.064612850562646554 -0.62954633131653559 0.19407521637187072
0.051379346925470498 -0.62748228658680449 0.20119719599429328
0.06178866603008544 -0.62204746377326803 0.20326831179195765
-0.069069931357201589 0.33305228857983266 0.14165173292795094
-0.091398242570191662 0.32479186702014839 0.13360627183343909
0.083372393789698726 -0.62144925142611063 0.19743326653339618
0.080517803665024409 -0.62613454103871691 0.2035334768394565
0.068108079442078098 -0.62278992590626481 0.20407017089559415
-0.10641365532655998 0.39847451620554297 0.097364220248089217
-0.063941285785177118 0.34270995316313752 0.14641126875385696
0.082852670296600969 -0.62140046105737079 0.20262272328964706
-0.067660667518094339 0.35383274302222273 0.15166365801471424
-0.053017900041811034 0.40965599592847463 0.13230590244050469
-0.083973621240223784 0.41570458743862176 0.11490895400419993
-0.08060142894283169 0.39690827465831635 0.14517878161308234
-0.1447289440299542 0.35732797190165438 0.12159464873513766
-0.12983798206921199 0.38630308697194904 0.12429013983131269
-0.049176188833647681 0.39144163203908006 0.13714887686802374
-0.095686138164946408 0.39510868786929076 0.14958334982873656
-0.11706409784770058 0.39392004134970254 0.11277773412910251
-0.13278591029060588 0.36059409818004684 0.11053620559424554
-0.1398661706122219 0.37241338823056241 0.11946272175324689
-0.11232153258483446 0.31756877112627963 0.13956293946045331
-0.0881038320200659 0.3686126892164121 0.16062835794055549
-0.15358333529603591 0.31885358416976084 0.13916908097656833
-0.085705325777089614 0.40872615049524519 0.13200326073295934
-0.067884113264786702 0.40220096900639341 0.13719413170279682
-0.13828932246309542 0.33078954684117584 0.12969314283914932
-0.11690853435316792 0.39537597423716964 0.13121837219236271
-0.13712259625410048 0.31761614728143278 0.13860905239625074
-0.17218872924214207 0.30688085194509251 0.14840106727028834
-0.14711542945744388 0.34428326577829743 0.1272232188100467
-0.11753998071961189 0.31323137805599183 0.16640895597603042
-0.11265599409807965 0.39126131980678075 0.14812458851409627
-0.11451709917812494 0.35420609540910114 0.17822541759937266
-0.082654159963869461 0.38345698212879453 0.15359547377409258
-0.12703713206083081 0.30825051780377333 0.15527980215580528
-0.1153147156410015 0.31044042754271711 0.18050725122144945
-0.11783837978639729 0.28574755121283063 0.19171065125497427
-0.16990194587251201 0.26489497187752087 0.17025773825212709
-0.18540172678231159 0.28305276722344896 0.19919537666237527
-0.18267441588043673 0.25133549200861965 0.20115123405272675
-0.17563799618000719 0.22462736131774186 0.21494759469739377
-0.16477683583445416 0.21479999110403775 0.20856383456720803
-0.13379707300506824 0.22192267783325359 0.223987247943328
-0.13527704752350847 0.19183740509743036 0.23701074086288493
-0.13534846530963485 0.19617267684733833 0.22518437974443611
-0.16302108966661513 0.20265684614217688 0.21546802529728482
-0.16662945563297948 0.19501160749268992 0.22509316296809656
-0.16846793329563819 0.18948768922319387 0.25033899681036725
-0.169054124827309 0.18053642432642597 0.24352178021587009
-0.16729201469832997 0.16787426297826066 0.25709540222063804
-0.16421751436092993 0.12600222710441522 0.24678437096029598
-0.15614942584903152 0.099472287325456779 0.26067406970168261
-0.15342140784036329 0.079133774628898049 0.25613373698170888
-0.15029316738667017 0.072716073372632514 0.25288175283918296
-0.14683895070125177 0.069297212026880606 0.25219939478361925
-0.14628387186848751 0.069143062745934583 0.25828263452663963
-0.12992495620479164 0.074826080043930043 0.25593645418636973
-0.1312550240830459 0.069885524878931363 0.24058657991675619
-0.1260606175792417 0.072239483393927856 0.23503862001628686
-0.13042841624164278 0.069791479675418475 0.23306649916968869
-0.1352169434460754 0.070864867787693853 0.23062556651911256
-0.11803212704776977 0.081502582386554445 0.22793219674331761
-0.11289287487384535 0.087048420966643808 0.22996088613338217
-0.12631941866560059 0.10339955845561301 0.22322286549973797
-0.12688227567309146 0.1078755444573936 0.22111780857599375
-0.12805890137719303 0.10191604840320614 0.21804189402500701
-0.134537413817685 0.096993170908040841 0.21131872263402279
-0.13802415741559659 0.10508883658487901 0.20883677778943352
-0.14245488858260408 0.30774210801936891 0.14686381710158833
-0.15582769225806617 0.33428972546816071 0.13451419695607511
-0.14666358821650588 0.2987059903074013 0.15408479167507708
-0.16664501198243276 0.28494710632278081 0.15652289589847987
-0.18527656887989211 0.27199078854859016 0.18786611161963765
-0.18114989363401668 0.2737217859786627 0.21500911298841346
-0.18200549285394629 0.32655256293554086 0.18288949400817917
-0.18140020943885557 0.30029627348560101 0.16669604133412252
-0.15797093294865025 0.35208336081552372 0.13205982927642573
-0.17591447493619927 0.35405336034174184 0.16693857896423481
-0.16628721594500762 0.34788385356993512 0.18848058742304166
-0.099299453878864116 0.36026458641435488 0.16833582198785541
-0.17625317909020446 0.3501331602795188 0.15440935369321573
-0.1564768162943434 0.36948172346541508 0.15538021132045818
-0.15117987930550628 0.36723665939659134 0.1305324786028324
-0.15913907337123187 0.30519440224299993 0.14611074836669158
-0.16905766036127565 0.29789706013583145 0.15077482477549811
-0.17881007725488679 0.28558491665036473 0.16708070742969419
-0.1793665703012377 0.30973897760373359 0.15811812882423298
-0.17973780136773609 0.32282257460072356 0.15764083173873505
-0.10692984328569113 0.31884297756786084 0.16102716617199378
-0.13083005290025437 0.3035369439194337 0.16236218379780132
-0.15143302353751859 0.28563370701910457 0.15843986241519825
-0.14727452848594322 0.27393533223024846 0.16652209306296331
-0.13598274010325209 0.26919842382172893 0.17702121473033119
-0.11943219849856371 0.29711075738164816 0.17870412889845727
-0.14814497694853279 0.37565123023722163 0.14477714495447072
-0.13095167526870716 0.38607964122525651 0.14311685820373124
-0.1232838092018337 0.30461457467246905 0.16970124520577617
-0.096876906004914609 0.34581273777227078 0.17039774539720651
-0.12497732997185972 0.30884590172375742 0.16202842939134943
-0.14175838839117372 0.37921646268919285 0.13299038181644837
-0.16018559142536068 0.36493856231826799 0.14087886520284093
-0.10991100552637156 0.3222250693603595 0.17359528231664603
-0.17547111897678119 0.33036952540593767 0.14607610013381844
-0.16740090914450279 0.33931301212797899 0.13853480618295103
-0.13549554352264753 0.30438405785784339 0.15603287089070203
-0.1653227222789051 0.36154091417631606 0.16603065384159876
-0.15928049472989797 0.2940730265975014 0.15204620278990591
-0.17899251080756595 0.33562120756000152 0.15569063120273013
-0.13927361511941119 0.29499297253562407 0.16134607133578571
-0.1757186063544468 0.31876943846135458 0.14799377375733017
-0.13688925101230148 0.28422302896641072 0.16641390572358372
-0.12498510814658634 0.26970046964499339 0.19010551883411456
-0.12895056304358252 0.29489044205059117 0.16858472357910767
-0.15996426699904834 0.27531560469082911 0.16091968593940753
-0.14739756506798271 0.25830615077726943 0.17783085200869433
-0.15902027942995239 0.23359276835037632 0.19318001917151459
-0.15355010127674942 0.19598600065389912 0.21479980937758772
-0.14630932771304739 0.17706452997117433 0.22403391699168781
-0.16435398597204268 0.17028196160955031 0.23670739204854624
-0.16700917198099785 0.16788911222092062 0.24712307511430118
-0.16317594605435443 0.14364383449121229 0.27272104813965042
-0.1679149757832539 0.13711228904122044 0.26742976800516
-0.15805012890950326 0.11054416549542218 0.24433353881461328
-0.15237701110661447 0.10503438936179267 0.24544086805296844
-0.14930321787600778 0.10126833858051568 0.21609169348900215
-0.14842216281151824 0.092335458460374234 0.21215805839770585
-0.1473862513592894 0.10124500405633564 0.21175995727306093
-0.1566231874005628 0.1071295467904303 0.23581785170253677
-0.15102007317021368 0.095984129513958488 0.2444410190471995
-0.14865550805331729 0.087660775449667855 0.23816049650883997
-0.14743433462123587 0.090142720294257045 0.23502942762797352
-0.15047206540538274 0.10193372607303935 0.2389475063698166
-0.16182254365192031 0.11755654356487846 0.23713660587209773
-0.15406204659512054 0.10394403068647744 0.2282129181402697
-0.15297663766735856 0.10875377109470993 0.2204071662486968
-0.15104270058760028 0.11768170146729799 0.2187228378669841
-0.14532291373635167 0.13953059427440997 0.22862657561436789
-0.14091198155955742 0.15871723000463375 0.23104275952717743
-0.13630942344177069 0.1809387680918309 0.23856849712859157
-0.14631993431494739 0.20436380194127626 0.25591877651653644
-0.14905926603230885 0.23046099236271653 0.25073356240104561
-0.13819739857996252 0.28009140397298188 0.22980037289129612
-0.11392666500569418 0.32512208589263364 0.18745669678629942
-0.1598122390384823 0.11545360796151422 0.25024212317968109
-0.17192780683540324 0.27584664189262026 0.16363356181220914
-0.12592768150209563 0.28330379013508128 0.17742992245687608
-0.18010549690026786 0.27281881060357993 0.17477261512754094
-0.17614711307120495 0.34170939705057518 0.14596084172650559
-0.17668663555451597 0.30216091409961299 0.15504292138003967
-0.15665147167229601 0.26535671261356553 0.1687636215978203
-0.16915594820554855 0.22768206266492855 0.20200046931151641
-0.17538697326837491 0.29334894924113109 0.15807711663021984
-0.16815539209298616 0.360872698256619 0.15204761700349262
-0.11721966134223324 0.34016578292073518 0.18787530400795088
-0.13475449560323741 0.25428342023001343 0.18960771565161008
-0.16298926986091525 0.25462495281119196 0.17675463546924572
-0.1801557014825943 0.23952468723962397 0.20966904248518323
-0.17140949755589213 0.21462462861929182 0.24058304438278952
-0.18546678060729799 0.26521741257527948 0.20193824391370338
-0.13566100651228682 0.2161512721860919 0.23747813845327626
-0.16667471046775262 0.24518861265419953 0.18526820126094215
-0.13390808877162105 0.23067241729392232 0.21093900628600443
-0.1398895051364018 0.37743667489038063 0.15786144905825408
-0.14964121492321961 0.36873996843921159 0.1686455347633341
-0.14305663646372815 0.099031759793211993 0.20957782570884367
-0.14296117704662856 0.09316630894253726 0.21005158726037493
-0.1470143131859977 0.087437329702975505 0.21179955525348737
-0.15132059355737906 0.084251813599022632 0.22206745299943628
-0.14323129184168071 0.068988913464988616 0.24285002876220632
-0.13733897093285957 0.067587427800607988 0.24107731203132737
-0.14192597270119303 0.068189882788525433 0.24814272311028349
-0.11035011884502965 0.089423592685440131 0.25977321564697986
-0.11157129227711106 0.098213637233328821 0.25962118768641379
-0.10562169571803011 0.092479001139420258 0.2450364029671836
-0.10998737306005123 0.084888209713019802 0.2379547284319809
-0.12266933339842971 0.074258273288885832 0.2300860440358016
-0.13464489405027119 0.068389994011037847 0.23637929449644104
-0.1423636718062645 0.11780544515613066 0.21582440712112333
-0.14715149190390375 0.124053440781997 0.21942853044672775
-0.13106481235564002 0.10838819688255812 0.21318619167520805
-0.11634921287964373 0.10497994213870616 0.2324385883372114
-0.11518672931140873 0.095480669477107302 0.22719114882390742
-0.1223801267199576 0.084252520705815903 0.22353894223635659
-0.13114895806404636 0.090817300175094207 0.22713882292120099
-0.12670549897475891 0.11384211157951457 0.22518367263764277
-0.14452317595309513 0.10418091146224305 0.20912103472035229
-0.13820941939544912 0.11227869845946137 0.21064414275318569
-0.11526026841791508 0.30240133040934525 0.19451291547694219
-0.12799596887258663 0.099014082123378616 0.22308356546145192
-0.12951907690542008 0.09314721705911734 0.22376592351701563
-0.12970646020565257 0.085293381905598001 0.22390734487568165
-0.13140139518926527 0.088690322940756669 0.21601179042135582
-0.13092692653094062 0.093654212629935202 0.22749237631786615
-0.12886217469441624 0.094932661712276364 0.21865212718765106
-0.13134129111183218 0.12326148117346709 0.2304106060539402
-0.11913379943177835 0.29046819616510366 0.20756893530899237
-0.13457418337093818 0.082766889333029059 0.21537892984132523
-0.14193587219629966 0.081646125065600456 0.21266929660928358
-0.12763393019440156 0.24600885653446267 0.21572541217005706
-0.14902744622660893 0.35035802023979784 0.1918195457011472
-0.1692118096422216 0.35486936158124488 0.17746315647616262
-0.13825184580304894 0.08853475944622409 0.21087041692705139
-0.13169908714925732 0.083720776397231481 0.22014695094875122
-0.1346816636035244 0.08023756833328656 0.22350782953745002
-0.12974464397249241 0.088308485272358322 0.22573663015002707
-0.13178040443049027 0.082431720712990458 0.22361177423606959
-0.13817194273540265 0.077522278246898418 0.22548843566556817
-0.13984637162200872 0.070811834778194041 0.23632201884618131
-0.1289463204028225 0.3504011537541909 0.18817370307473627
-0.15756363943569202 0.35900169368146712 0.17989843227239208
-0.14303330193954825 0.23262120361634053 0.19782146816293453
-0.12951200583748673 0.36788790475324867 0.1721676337009122
-0.12939816164376058 0.088466170087271034 0.2213348903615461
-0.12563423218286354 0.087476220576608602 0.22510518378358313
-0.1247623695066873 0.25875445648424084 0.20343023924763029
-0.14682127303141851 0.10676397257827848 0.21135832061444931
-0.14987173173784535 0.092481122459800225 0.22369591994447588
-0.1200438458747944 0.08865850313505691 0.22488032382330414
-0.13003738618493116 0.078186958632628839 0.22263525975448051
-0.13229234974886139 0.2431882075358682 0.20082455071420821
-0.14851762222861786 0.10729783820724288 0.21479556673682779
-0.14795405811433363 0.11203969636331561 0.21409906654539745
-0.14044458396916609 0.36099290641148513 0.18123344989819962
-0.12175363010106698 0.10746754383764216 0.22659717911751004
-0.12388484997616443 0.075675315302719703 0.2256185433155409
-0.12597505765724873 0.071916335589375976 0.22828433592639608
-0.12641912072346015 0.081740877375906767 0.22301921874325881
-0.12789555970793376 0.073196905992097022 0.22480324918283112
-0.13335795968641009 0.11600727258069179 0.2183176656744058
-0.12277115677666926 0.11421617107318628 0.23396028215645817
-0.1175194746226053 0.10771008146775443 0.25742491398633
-0.11181312280043001 0.10202918549013894 0.24993028908382239
-0.14550181175506424 0.11307207228157783 0.21150964146822196
-0.13898370133414578 0.12502146998206612 0.22288486845252611
-0.15016518105707741 0.089581984607146115 0.21575369644179029
-0.15279491122147268 0.22122334921464987 0.20149559506107861
-0.17869906148833392 0.25720235707288092 0.18492171893221035
-0.18474058193054779 0.28852718801741206 0.18076463809422169
-0.10661518076265918 0.088309899485945031 0.23524297387955928
-0.10834122844517836 0.087655825702114484 0.24468002114334511
-0.11661791346110922 0.079539653928269685 0.23541480083033853
-0.1219452560420595 0.099941099129434649 0.22565814129596745
-0.12038042870841958 0.27429312826767366 0.20551691139474787
-0.12488187055476013 0.26251060777041124 0.21906649176854259
-0.14793638044450036 0.081675823550920401 0.21625644937184807
-0.17507089653175628 0.24091839472927806 0.19545195329848478
-0.1102871863404233 0.099551483286309694 0.23298023214090244
-0.13386990500478121 0.26600512954304945 0.23193795672753353
-0.13193879635219627 0.2363087655435579 0.22721801888205398
-0.13467317832200443 0.203937416544898 0.23625625791440158
-0.13984849294238869 0.18592528519839588 0.24987584186073597
-0.1407316693272582 0.21695808103728162 0.21065262803470566
-0.1500718429603578 0.09996796918758119 0.22374400320642238
-0.10843951628945127 0.093750379153828056 0.23194573490226025
-0.10401585619037708 0.093606129367988775 0.23909104904886261
-0.10711227683837032 0.097234294324566414 0.24331247660504435
-0.11550917000916734 0.081990486073952387 0.24507246541364339
-0.13121613320941269 0.25196623126827017 0.23011149988036145
-0.15213588769008887 0.20817652177091298 0.20904537429346598
-0.11146805468528485 0.10179089050078662 0.23938096283412802
-0.10482902900270689 0.089229845424067714 0.24041475296597686
-0.1186070048707473 0.11110065854177301 0.24337682332323737
-0.12394212562642419 0.3062260710544687 0.21009472077476807
-0.14401618038227731 0.1889311961768429 0.21944125836900766
-0.15158293017770461 0.087968366904766504 0.22972259114402985
-0.10657346146185268 0.097263992809886193 0.23681345806754583
-0.1824552127745043 0.33025921674617814 0.16810247674605647
-0.13453812092447837 0.20896423873868294 0.22414493275824063
-0.14937817119610081 0.095861800038712364 0.2159976482854892
-0.15751838460091891 0.11615647211408446 0.2264027247493442
-0.15631276751829079 0.12751684985572873 0.22881678734177377
-0.16488360896024704 0.14243397476782418 0.24642021096173095
-0.15257429390195365 0.1364080106750635 0.23020908061784107
-0.14291238667788878 0.1495884813027398 0.23050394415065981
-0.17137343510943231 0.20977104758987283 0.22103154154720742
-0.16552636903538426 0.1825771345319771 0.23175057342730104
-0.17299553809333193 0.20455118524150875 0.23301488037377557
-0.12513855032073898 0.33280621541575373 0.19864595468395763
-0.1420440595356792 0.20275654820003641 0.21564975174317075
-0.11865155259872709 0.31727320048666768 0.19909001775016902
-0.18521858612283906 0.3045707340512826 0.18235279995204146
-0.14710906549630393 0.096620525627955672 0.22719256303749413
-0.15855358894635438 0.3385260022670023 0.19948458334084734
-0.13906360440179208 0.1327550969807193 0.22910457980665916
-0.14611558045167491 0.16013568623205426 0.26897055370782669
-0.15926493838044467 0.16219053857347193 0.26936016955095166
-0.16474360181516767 0.16480046974765405 0.26362553345704315
-0.16765405337651504 0.17810609827774987 0.25357047485588669
-0.13765929031023816 0.18245692637711095 0.22820584707233635
-0.14894754315896269 0.099641992955855907 0.23218827253237251
-0.1510497716555336 0.081259337649648905 0.22976784597880295
-0.12658316949951276 0.12119814355052937 0.24195978130940357
-0.12408778962585021 0.1179468665147967 0.2536171439042465
-0.14713664266124382 0.093302780553650086 0.231071750905704
-0.1479575936483003 0.094031807657573588 0.23759763950134907
-0.18382487863318508 0.31475236476844526 0.17045502104746627
-0.11870034296746687 0.081328634115395218 0.2569143828815455
-0.12418819879050313 0.074835979539036632 0.24461850285232539
-0.13429204776039941 0.070082807674270525 0.24814555153745679
-0.13967171624405614 0.070236249848423207 0.25440910351277629
-0.13855519461738763 0.17038024945382316 0.23212180449379943
-0.15688057427333502 0.17361597014010258 0.22705043457203475
-0.13051114773646244 0.12883843245246293 0.25083750709966518
-0.13505289467002279 0.13382989930658146 0.26050719249845666
-0.1188481282872729 0.10240395209060409 0.26656568350371046
-0.13771727306729126 0.14136695061668883 0.23450758281449577
-0.15121594175196618 0.14527371564983857 0.23070405537317221
-0.1606296544915721 0.13072004362951481 0.23728014855114382
-0.16670935870062584 0.14613497172411483 0.25859446862249819
-0.13325755052175722 0.13229052781750136 0.23856920423538486
-0.15147615705191173 0.079809768723321767 0.23599887104162934
-0.1460823464323884 0.079198828453884429 0.22349227318799678
-0.15208639021455575 0.085204993556431768 0.23485689357040093
-0.13259640566999339 0.32141967472275634 0.20851575130526159
-0.17591023229543931 0.21957720459977706 0.22800573584982395
-0.18198003700938639 0.25473455436415826 0.21704699476679135
-0.17433762678707279 0.25269030862464048 0.23069486298485897
-0.15462773202978475 0.24889455935804353 0.24561693764450773
-0.11033668381595639 0.085820176466629053 0.25330177427442113
-0.15789315120138395 0.14101976118116363 0.23572309939223055
-0.15820357108365596 0.15192688346828312 0.23424241776699692
-0.14680995932272525 0.076215544892824019 0.24026343211220422
-0.10755563279778844 0.09397877464807379 0.25355986825398674
-0.13622739905374437 0.16181647907980021 0.24080154038192858
-0.14037953014417973 0.1563406440722506 0.26296580281886595
-0.13840740929758161 0.16420508582766996 0.2535280484482868
-0.1441788149447433 0.16693239672954482 0.26316944957534516
-0.14631286324701406 0.071900072133129378 0.24694276288200195
-0.17266036947329336 0.33242720617452876 0.19416855446859033
-0.16012407313434099 0.29624243023943858 0.21998855902704526
-0.17079997150004145 0.30597363392924987 0.20764883837663864
-0.15010578408643765 0.083391971738332946 0.24102710744900091
-0.15035680699806989 0.089946851712504661 0.24243424996772819
-0.15189476427356322 0.087233682946496333 0.2490442842717796
-0.15636085078023726 0.090326568060523027 0.25813697052721357
-0.15850762700478796 0.099332987287170715 0.2675556330143728
-0.15688340270050832 0.107722102283241 0.26908934764910614
-0.15556323431736072 0.11295327834029838 0.25645405635908747
-0.15889158599356631 0.11293913620443183 0.26396423761104831
-0.15378839626610172 0.10834789179533831 0.26273952864500028
-0.16285845510414915 0.11428546753893261 0.26992444077202921
-0.15715563881594047 0.10331541274720672 0.27788080641058144
-0.14664591054667264 0.097465518245985386 0.29055852410819993
-0.14001466303882132 0.093625221251408694 0.28998576760560241
-0.13285096411559233 0.09487114342125666 0.28604081880561283
-0.1216815052081473 0.087217419490249665 0.27528501737226602
-0.11658609365540935 0.086151809552700992 0.26649497282437734
-0.1213336086658288 0.081835629686213079 0.26590312443835995
-0.13700168099244103 0.24277879270252989 0.23877780073941732
-0.17669512083603589 0.34111047759662444 0.18641795690689719
-0.13594526344320559 0.15071490242451505 0.23854091996365168
-0.137926576678117 0.14576727619158303 0.26150350597025901
-0.14992688606772508 0.13911552258672516 0.27671478730837984
-0.14944110370070721 0.11836123109568837 0.28611930765967247
-0.15099603153924046 0.11140047182214503 0.28860478803822842
-0.13002395115585788 0.29288296586432649 0.22017311390010449
-0.17340353871308348 0.22761276619918225 0.23703266117347818
-0.16370415482897213 0.23445119599747929 0.24535247970380222
-0.15949333387469036 0.23027290195569075 0.24918429141685894
-0.14846105368515145 0.21542436640254836 0.25503489302487364
-0.14779849461980096 0.17676683801118229 0.26256982301460102
-0.15036246385241653 0.17075572316108156 0.26672548963900305
-0.15356707183978932 0.18867310219727737 0.26187756546393071
-0.1792958596219047 0.31539512484358251 0.19426825652644994
-0.17591730336337263 0.29076800944547565 0.21216583657243249
-0.13614961730647804 0.22888131578641679 0.23832454528489261
-0.15718816572843369 0.082082409957085295 0.26349330448669039
-0.15225114609740167 0.072215441762954649 0.2593249099400084
-0.14750292398018891 0.071956640676595782 0.26470245710328516
-0.14313795374496116 0.076050789009978123 0.27096388775822478
-0.15163737740079103 0.075992806252924941 0.27095964511746473
-0.15239044613568775 0.079314086861197203 0.27663983398828679
-0.15378910337289506 0.09074729660255447 0.27810708058444711
-0.15646833101282345 0.10326025841732694 0.27152108791136892
-0.15970405169910282 0.089613804412846026 0.27115622080601054
-0.15706017939884087 0.077062658831233713 0.26912399588197933
-0.14950757173928023 0.078247062710061835 0.24773613670411856
-0.15043883138609621 0.10618343790095436 0.25158562608700857
-0.18288442659805582 0.29893226448126703 0.19745165131002285
-0.14166858582842082 0.17562839607392047 0.25489559298658754
-0.15228508722348158 0.15867197516986059 0.27264326639238406
-0.15430599843881948 0.075443384274507377 0.26474276219050497
-0.15963546234014975 0.082853863468608596 0.26944502236615131
-0.15713866825290057 0.085050844275485732 0.27650265527038076
-0.15991476952351522 0.092083021335155377 0.26484812110271122
-0.1563686289549639 0.10434071759753558 0.26707975014246149
-0.15760111609573854 0.16146716832389507 0.23117852403149688
-0.16476764344614087 0.15686036756534846 0.24352531574983677
-0.13718057901115357 0.17233186420341476 0.24417585399970063
-0.13943907810905046 0.19811792763578989 0.2487960897873206
-0.12543694938752439 0.27768229112810566 0.22040080228755679
-0.16561263606417057 0.32156604582897574 0.2045191837093589
-0.14015679150428073 0.2104512843250565 0.24835273382790257
-0.14265641401870321 0.22252654703475758 0.248721843574021
-0.13394132279090759 0.14116401096700293 0.24733803557947365
-0.14618063427666131 0.14948736503129356 0.27110035936933752
-0.11943078428497704 0.083932908435230533 0.27086701412753844
-0.12443002931382209 0.082414750149950505 0.27200687027838688
-0.1510115878886937 0.10940572355816036 0.25532056416937909
-0.15370283634410875 0.11045082739870256 0.25094003758469802
-0.16372961067353201 0.11926774200473779 0.25964805774456029
-0.15736706374714624 0.1242966855189027 0.28542139325465549
-0.15779557046390438 0.10914550825821487 0.28343018052463742
-0.15302401382251168 0.10204191341241894 0.28671893422041655
-0.15235509079602125 0.09959885944146285 0.25208908612385972
-0.12714390518662369 0.095946652853911935 0.28027577711959112
-0.13431396807099266 0.10546077475817076 0.2816362505899585
-0.11461962966315788 0.093613200435922125 0.26714197554027452
-0.14251357844645049 0.23500556772345033 0.24576543007110713
-0.14526563808609194 0.24590208340866979 0.24537793554836204
-0.14073944750198486 0.25643656041570428 0.23971613145416656
-0.13963989643835625 0.10224980280965805 0.28823002143776333
-0.15165151953665765 0.10439657903420879 0.25736763833607024
-0.14511078169835259 0.29436011195559342 0.22512074013303646
-0.15963334101976975 0.26984613364441956 0.23480103213372788
-0.11720764052674668 0.087937254205860016 0.272604375518751
-0.120210015971227 0.094859829712563362 0.27418970894939743
-0.12532876204814486 0.11297307733051157 0.26592150921498658
-0.12672600507176549 0.10450830190755489 0.27438628463794323
-0.13509744239800259 0.15282137356184583 0.25064870958584595
-0.15027973235759692 0.069519950666779615 0.25562674141089103
-0.13971838529241595 0.072076848831461926 0.26203949291960327
-0.13014203799034402 0.077298832500205902 0.26714338975386126
-0.12918956513972815 0.087776033856980629 0.28119218752374714
-0.17078300093700149 0.19170446902028437 0.2388746743701036
-0.14638498813993375 0.18465602850436805 0.25922379366856219
-0.15151929056630489 0.16554788162820422 0.27017475657686818
-0.16811225857859308 0.13245599080714071 0.25674750567831955
-0.16646682107051353 0.15849873400549463 0.25552208960547823
-0.15288400667743229 0.28246445437139822 0.23099043362447105
-0.15167697538121752 0.23755327349981917 0.24940844427034464
-0.15683956207932184 0.2151705150637428 0.25518974941261291
-0.15971960804855606 0.22449159681342246 0.25025909374272098
-0.16445156670952227 0.21277978699549308 0.24993594593816904
-0.1723803551831346 0.24002178331533525 0.23612473605084214
-0.17227782469810171 0.26684092977276586 0.22756450121078581
-0.17886381737117987 0.23777671924651167 0.22369591994447588
-0.13388546135423451 0.081683601725647023 0.2754596727502186
-0.13740473186463928 0.086320100969513577 0.28417122844404757
-0.14581435295771622 0.087493191139648555 0.28622325235829199
-0.15176041398283049 0.25939650945258463 0.24244556367642148
-0.13003738618493116 0.12294399022326186 0.26241143109289505
-0.14461015008867475 0.1303445699222564 0.27546745092494523
-0.14247468757281737 0.13911622969351845 0.26971867269517014
-0.14606042612179518 0.19415954380672701 0.25736834544286352
-0.16389719498355132 0.24601734181598256 0.24200432903738334
-0.15481087268925728 0.23232634008352188 0.25103620410859095
-0.15800487407473013 0.2369585966866285 0.24784149561632476
-0.13671106010038228 0.12521238881626529 0.2701931413534947
-0.13408486546995366 0.11502368703116944 0.27490388681066097
-0.1676038487941886 0.1252215812045786 0.26908086236758616
-0.1640138676044508 0.13332078241538362 0.27575595049662394
-0.15776021512423788 0.13071933652272155 0.28252013408162141
-0.16195406551547972 0.17466531662140472 0.26249204126733472
-0.15439580100157241 0.18017862828900075 0.26478660281169142
-0.16871471356651044 0.20236056839577152 0.24707499185235476
-0.16474784445592766 0.22586621241965649 0.24651849880600385
-0.16105603988795025 0.18433641623378283 0.25994574970455236
-0.16103482668415037 0.19427833774800646 0.25683094427993253
-0.16099593581051719 0.20419056077691031 0.25465234824968191
-0.15380395261555499 0.22630886127228125 0.25246031719035811
-0.15449621016622533 0.098243335718648753 0.27310430002163549
-0.15475854678655088 0.097430870013112222 0.27864943149493143
-0.15395880900329428 0.20799267400464716 0.25783645014004819
-0.15391426127531449 0.19911848374835217 0.25947269525981448
-0.15799143904565685 0.09518439173070195 0.27081115269086531
-0.15571667649151338 0.16959606802002 0.26849749926308875
-0.15400618515844744 0.14616254888905461 0.27612435313594902
-0.15082915433601451 0.093495820708229219 0.28497308754768408
-0.16498048259093329 0.1547362187581843 0.26507793081054354
-0.15448560356432534 0.093495113601435947 0.27370039104841287
-0.15148534944022499 0.085217014371918337 0.28188373796762417
-0.15872188036316703 0.15301794925039164 0.27231021909272551
-0.15648388736227672 0.078425253621981161 0.27389060277581878
-0.15239893141720773 0.13311360012493778 0.28037760049783061
-0.16271279110472309 0.11741300088583245 0.27981757191751311
-0.15996709542622164 0.10979321808090534 0.27510187671279351
-0.14289753743522884 0.12070529011557821 0.27968605005395364
-0.14250085052417055 0.11178655213130347 0.28482813065505136
-0.15781536945411762 0.13821608274560912 0.27904046155164308
-0.14697754363274454 0.10595009265915541 0.28974817972304345
-0.16337252174290023 0.12562251075639685 0.27996111459655915
-0.15098118229658053 0.12647598865594648 0.28248902138271487
-0.15711179819475402 0.11688903475197465 0.28685611293832258
0.045670166676121907 -0.042894473123280603 -0.1545355038078875
0.053590469868214294 0.00035147125000557989 -0.13843963187131048
0.058493548373166407 0.034927579230269304 -0.19500463980376573
0.04557541436581565 -0.017537623514456986 -0.14268015131091211
0.050800226461733031 -0.006882231245763093 -0.13544998434911007
0.038288678860547175 -0.014900115175335057 -0.14678702756657436
0.050549910656894119 -0.035084478590947751 -0.14351100179307522
0.054268585283018041 0.027762466093453675 -0.18743647579475181
0.056065343644870251 -0.032818201318324212 -0.14062176343552768
0.059410665884115789 -0.017497318427237181 -0.14441892691571129
0.048188173967170997 -0.026954164681236258 -0.14386667651012033
0.043153573598659456 -0.010052191000262721 -0.13850115016233022
0.045611476812275495 0.0080815627146921688 -0.22216531884237489
0.042167159621963719 -0.017679751979916378 -0.17554364663772992
0.04742379152358097 -0.01266212217444476 -0.16937908961347661
0.04459889988422653 -0.013503579258507804 -0.17930616188504034
0.041900580360878216 -0.0090056729461338893 -0.17596932492731474
-0.021073643546322671 -0.60806442693516172 -0.25406856314385018
-0.023502555381412174 -0.60881961699043852 -0.26269173048851285
0.085221478054257394 -0.6117548172895525 -0.25654060849333282
0.10186252932849206 -0.61304740850776018 -0.26337550275766325
0.097670093150836856 -0.61190825946370508 -0.27041757931243943
0.10773505124709998 -0.5908739536825095 -0.28074345981544141
-0.035087085976542039 -0.59641201408787226 -0.29928379993656118
0.11230932509315351 -0.60460808892936335 -0.29207413907176571
0.1129393572460108 -0.60137731799063743 -0.28774664549658446
0.10929280751280655 -0.60360611860321434 -0.28834697916412183
0.11618992717495005 -0.6020285633472946 -0.28988847197358186
0.13099957185445929 -0.60311538648864316 -0.27772552802150779
0.0020883465760037812 -0.58907365978669068 -0.3023250662546747
-0.0036816448575712527 -0.59607472414745366 -0.30039961445643631
0.1083007366817642 -0.5935093407012515 -0.27886609127914952
-0.060650410769018101 -0.6045642483081769 -0.26535540177898798
0.097112892997692601 -0.60611351929236357 -0.25443484446279524
-0.04735043909326897 -0.59245292315201603 -0.29572563855252321
-0.060718293021177802 -0.60533004496535359 -0.28251759075990701
0.092050008357447838 -0.6112923694467145 -0.25532084927483806
-0.060591013798378342 -0.60103366408907888 -0.28830031011576202
0.11580950372013836 -0.60594734919593096 -0.2956655344750902
0.11391445751401323 -0.60349368862307495 -0.30043850533006949
0.06245688194978255 -0.61452738302620047 -0.26093951985464042
0.063287732431945631 -0.61289255212002092 -0.27107377441664993
0.065698259490408528 -0.61124287197118132 -0.28230687293549467
-0.040670401216677886 -0.60310336567315659 -0.2934353196489265
0.10550130088696964 -0.60613261117578354 -0.30175655239283711
0.003631960705843762 -0.59954803271629198 -0.29491034441981345
0.016019764618196833 -0.60302699813947691 -0.28755926219635192
0.01101910537576512 -0.60668344736778779 -0.27507812018727923
-0.012552299579899538 -0.59601391296322725 -0.30087832575552098
-0.040837278419903839 -0.61177108074579911 -0.26250717561545367
-0.04920588731896762 -0.61025999352845228 -0.26856920215467406
0.083096622140299919 -0.58403905941817913 -0.28938996168428399
0.12964121970447187 -0.60373127650563396 -0.27092174645608391
0.025307612348589963 -0.60800078732376206 -0.27192442388902621
0.09106783702151211 -0.58665323323312113 -0.2802548490212502
0.058635676838625757 -0.60790744922704254 -0.29197938676145946
0.051826238418855225 -0.6101638270045594 -0.27973512552815244
0.092337093715539942 -0.61377572850489037 -0.26226605219892801
0.097284719948471848 -0.61319448672077292 -0.25711336499593029
-0.011717206456976492 -0.60291103262537071 -0.28551289513645411
-0.010937974770726536 -0.60567511308049882 -0.27375936601771828
-0.025691050906769344 -0.60716074445328572 -0.27438656974340225
-0.031514075349844184 -0.61039363671239166 -0.265126299177949
0.033744103499813459 -0.59665879435874447 -0.30651679532553655
-0.054994970635962571 -0.60460950314295014 -0.2856769439125067
0.077413604842304501 -0.60809341831368835 -0.29971442797369929
0.091375428476610746 -0.60729297342363853 -0.29587766651308922
-0.039288007435717212 -0.60988664114157387 -0.27287901806002213
-0.0657634999915893 -0.60237009592847313 -0.28469689389695096
0.055889274053330974 -0.59928498898917315 -0.31123956159818944
0.11029407073216224 -0.60957409993892187 -0.26289396303140528
-0.033504580973068868 -0.60641191835914898 -0.28444728519890539
0.10180313235785231 -0.60680577684303394 -0.28718661691626685
0.039485103554862018 0.27688184623805573 -0.14933261202256334
0.024392616158020654 0.28180048109246109 -0.1556145487745095
0.018910417189331036 0.27744258192516663 -0.15928301881830698
0.037982501619035172 0.24347317157358025 -0.17098210071395634
0.041650264556039325 0.27164996307420508 -0.15234983670970362
0.067770789501659628 0.29246011600191507 -0.12842912099813378
0.056227978207336243 0.27963532009128383 -0.14484884784605609
0.087739485345306553 0.29476881968213831 -0.14374363992808084
0.062413748435389479 0.27193916975267707 -0.1534097897929057
0.074724477707269532 0.29874063854027444 -0.13087288207588321
0.075105608268874552 0.27315327211682511 -0.15706199638045656
0.027001133118616034 0.27348278388251707 -0.15577506201659547
0.12706876519033633 -0.59468243087138639 -0.27799776413693994
0.035958054869730638 0.5985991737470836 -0.097706745041520049
-0.0037877108765707232 0.56462622786153072 -0.1338314168991771
0.010343818388134798 0.59617379744596077 -0.087114285277432563
0.0071080977018554686 0.55924443805749402 -0.13855489027862333
-0.0025813866871492869 0.58661300649334225 -0.077759969508466378
-0.0060200470231143929 0.58645037193087624 -0.11065952728174401
-0.1041657628305631 -0.032998513550623436 0.071234502914155604
-0.025864292071135258 -0.06829657756687732 0.081839690600523027
0.025004970641044656 -0.031341762333850616 0.10805779628362294
0.017752176261856028 -0.048513143703082962 0.10281601362466562
0.016837180071286661 -0.042756587298581242 0.10102420501036669
-0.090561735233681953 -0.056512642856028361 0.0352639803374446
0.019246292916162897 -0.04515297222117752 0.097828082304513869
0.013916121908039304 -0.051332378488090739 0.099920411305978188
-0.067889770119133386 -0.068077374460945 0.047938162501096386
-0.077360051402205768 -0.063710990012130528 0.038669406654123155
-0.091692398996217075 -0.044426773544427325 0.077971816441006439
-0.081922304432772666 -0.055707955325218529 0.071626240077660538
-0.036971525580767155 0.50591020106376472 -0.10084559209711316
0.030207862426368814 -0.011286799461417396 0.11975970660644568
0.0770614656592261 0.42785056082765588 0.0099495571362207668
0.035847039103177769 0.50329814856920263 -0.017569625046606831
0.008066227406817908 -0.62584604146703815 0.19351518779155313
-0.058869208756619149 -0.62895872557127808 0.15170679152910743
0.12709846367565619 -0.62142591690193061 0.14438470068417245
0.10368191510773085 -0.61857981205877632 0.13214680341200535
-0.0052379869096911913 -0.62723692052951885 0.19033108590118697
0.049878159203230313 -0.62355784388382141 0.13846692393079135
0.057432181076377625 -0.62620666593163665 0.14389467567639452
0.068221216529010961 -0.62891134941612492 0.15880897216131667
0.076307689817535954 -0.62818232231220139 0.15231278205099147
0.0879169691504324 -0.62981291057762101 0.17867230909275736
0.094966116773141901 -0.6288236681737519 0.17754023111663564
0.023900469829862724 -0.62514247020767455 0.15192599463503978
-0.021181830885702212 -0.62514812706202127 0.1408908860183275
0.044557180583420002 -0.62804797202146867 0.19890829130428317
-0.031881770882375898 -0.63069537985569724 0.18398126689708111
-0.049828141297098255 -0.63089054133065636 0.1663948138401638
-0.03703162965820031 -0.63086296416571641 0.16891706377197296
-0.037053549968793509 -0.62964179073363513 0.15863078124939742
-0.026132992652600794 -0.62890003570743158 0.15816338365900617
-0.027249514279269294 -0.63017353504221951 0.16816540925066287
-0.017367696842478707 -0.62992675477134719 0.17424087081895653
-0.015920249236531622 -0.62890639966857165 0.16286281540747913
0.004750603652892255 -0.62807625629320185 0.16742789686521939
0.024685358370459327 -0.62782735470194961 0.17081635261885805
0.020972340598682058 -0.62864194172786614 0.1812518346748262
0.023008808163473241 -0.62756218965445076 0.18957306741873686
0.002765754884014174 -0.62451880201595722 0.19403278996427092
0.09956018960940867 -0.62491690314060222 0.13530474235101833
0.10021921314079249 -0.62566855766191232 0.14274986977799278
0.10443710516300758 -0.62574846072955859 0.15234106632272465
0.10559817451765589 -0.62553562158476617 0.14575790207681985
0.10959898475431858 -0.62554976372063287 0.15069138617388508
0.0016598398592456189 -0.62815191672008819 0.19048806360930626
-0.050265840402169679 -0.62930096525924994 0.14451692965452517
0.057369248571771246 -0.62924934646333686 0.19742902389263625
0.07577523840215826 -0.61446798605556074 0.17992105968977867
0.094492355221610605 -0.62536167331360704 0.13824064975692565
0.089184811630873564 -0.62867305442677268 0.16396731621866104
0.094106982019245597 -0.62720934336457901 0.15728091438092998
0.066867814126576816 -0.62725106266538544 0.14735242789577963
0.083035103849280187 -0.62680204985162069 0.14591275846455914
0.078787513341745233 -0.62938723228803617 0.16223278325462187
-0.068483739825530784 0.33409951374075481 0.12791123371995705
-0.047028705502303626 0.3535216160331574 0.093899396960770862
-0.039600548638369114 0.35290572601616682 0.098276388011485277
-0.039461955706876356 0.35418134667133461 0.091125417010536197
-0.035106884966755222 0.35063803452995651 0.088056573527482807
-0.045415794906717252 0.35467066457231911 0.087196024559999849
-0.024162286019589214 0.35541100538493592 0.10019901138255023
-0.023217591343699967 0.35484673416385842 0.092474576772210368
-0.045538831488756724 0.34518482693979347 0.11955888827713983
-0.054844356888983127 0.34601638452874994 0.11180758360865335
-0.031887427736722471 0.35440832795199362 0.093582613117358909
0.0040731953448819016 0.37369042309931683 0.10066853029332154
-0.01715485769768622 0.36332635882947506 0.11687258956927812
-0.0326588812482458 0.35305563265635276 0.10326856197239698
-0.015311430287474179 0.35874572102228158 0.10398839668800718
0.10382050803922357 -0.6166564815809179 0.15824187251306582
0.098092943013248349 -0.61294629223631403 0.1579180176017205
-0.14436831956535581 0.081339240717295244 0.2791854184442758
-0.14963555806887305 0.24502668519852686 0.18670362805140261
-0.13877581193690666 0.079543896569029632 0.21936771926250132
-0.15715281038876719 0.1854748581710445 0.22098699381922765
-0.14560929198765044 0.076731732851955045 0.23225120503697891
-0.14736008840793621 0.13113794374437301 0.22466394914454507
-0.14779425197904097 0.097401171527792291 0.21200037358279314
-0.14880895022746993 0.15551332912405424 0.22912367169007905
-0.14769949966873475 0.16507694850384622 0.2277999677729648
-0.1470546182732175 0.10976846934313877 0.2117924841855541
-0.14386768795567798 0.10957613629535307 0.20898314889565292
-0.12963504241952625 0.070771529690974236 0.22756379410399252
-0.13388899688820113 0.075825929049699065 0.22505215077408339
-0.15265490407639332 0.12377908334618482 0.22218836826109578
-0.12730371132191634 0.091219643940499015 0.22713316606685433
-0.12766857842727472 0.095647546680333179 0.22651586183627709
-0.12352917525911933 0.093439959271556169 0.22639565368141093
-0.15478824527187074 0.31113692773414742 0.21478071749416783
-0.061588034376974042 -0.62594645063169108 0.17802389216327355
-0.068244030622591906 -0.62743703175203125 0.16818662245446275
0.017388723370084236 -0.60856364433125298 -0.26611624868861139
0.022769098960534292 -0.60808493303216837 -0.25583208748641584
0.021942491119131199 -0.60569137653674543 -0.25197835546276587
0.017948751950401805 -0.60657384581482154 -0.25420503475496292
-0.00042471096749201279 -0.60433231727996461 -0.24724922522897302
0.0082465396391171314 -0.60512427688849446 -0.25076778863258442
-0.0057166982087757945 -0.60520771549010755 -0.24754479586858505
-0.0011063619162624111 -0.6075461176556507 -0.25598906519453518
0.010458369688654221 -0.60794209745991568 -0.25918377368680134
-0.052041385560221989 -0.086917527862436811 0.049425208087470009
-0.081635219074680604 -0.060593356160337355 0.078487297293344194
-0.020148747860646649 -0.066530224797138299 0.082693875606865988
-0.02292202070408797 -0.067545630152360647 0.076452243942139717
-0.018004092956475922 -0.067596541841480395 0.07084983681858395
-0.025333254869344221 -0.069223594572933353 0.07060022812053833
-0.076045539873404788 -0.062421227221096151 0.075071971481558974
-0.030002988132497348 -0.069119649874313807 0.075576138625203515
-0.064252412774242471 -0.078181223430841273 0.076638213028785582
-0.069597433025025995 -0.065800490586421512 0.05956016975627277
-0.048634545029956698 -0.08245639110331611 0.072987420654821361
-0.061852492317679517 -0.073560987643221235 0.059124591971581354
-0.056649600532355376 -0.078904593680418147 0.068121818809915732
-0.025358710713904095 -0.072483356890185924 0.061882308465569434
-0.037539332335811401 -0.075881005032137849 0.063834630321954244
-0.077640772799157876 -0.060281522064478683 0.064082824806413252
-0.036541604650422395 -0.072266982211426842 0.074093335679589922
-0.032955158994651228 -0.071207736235018082 0.070121516821453775
-0.071006696864133245 -0.069779380512490927 0.076360320059006725
-0.070851840476393896 -0.064901757852098715 0.069651290803889127
-0.053877741902500678 -0.08160291320376642 0.058775988322469476
-0.043044865828680889 -0.083974549388596206 0.05690003399976433
-0.046761419134424831 -0.080208498607319142 0.066068380682084607
-0.064161903104696189 -0.071506842408596838 0.069051664243145003
3 67 35 89
3 101 0 67
3 72 0 101
3 126 0 72
3 72 68 149
3 252 1 149
3 198 1 252
3 280 198 252
3 282 198 296
3 338 2 224
3 3 2 338
3 4 3 4782
3 352 255 299
3 352 4 255
3 352 299 351
3 361 5 354
3 281 5 45
3 45 5 386
3 45 6 46
3 340 239 309
3 8 7 285
3 243 8 285
3 291 179 243
3 376 180 408
3 468 9 474
3 486 9 468
3 10 9 486
3 50 35 67
3 104 20 50
3 93 12 104
3 104 12 195
3 195 12 13
3 13 12 188
3 278 13 188
3 292 13 278
3 15 14 276
3 377 15 276
3 356 14 15
3 19 15 274
3 356 15 19
3 378 16 380
3 17 16 359
3 18 17 364
3 372 364 371
3 371 19 372
3 34 20 21
3 129 21 102
3 34 21 129
3 102 21 51
3 129 39 130
3 102 39 129
3 183 23 197
3 37 23 24
3 288 27 268
3 32 26 268
3 33 26 32
3 30 26 33
3 268 27 32
3 266 27 4794
3 31 27 266
3 138 31 266
3 136 28 137
3 137 28 29
3 29 28 156
3 137 29 139
3 157 137 139
3 139 29 33
3 33 29 140
3 140 30 33
3 157 31 138
3 139 31 157
3 32 27 31
3 33 31 139
3 32 31 33
3 129 22 34
3 123 22 130
3 130 22 129
3 35 22 89
3 123 36 89
3 197 37 227
3 197 23 37
3 130 39 183
3 131 0 4792
3 126 40 4792
3 158 40 126
3 41 40 158
3 242 189 223
3 242 223 236
3 305 279 308
3 308 43 409
3 290 44 386
3 289 45 46
3 289 46 282
3 282 46 209
3 209 46 47
3 209 47 210
3 210 47 48
3 178 48 194
3 21 20 88
3 20 11 88
3 50 20 35
3 34 22 35
3 35 20 34
3 105 21 88
3 51 21 105
3 103 52 85
3 208 52 187
3 208 187 230
3 229 53 54
3 229 54 65
3 229 65 241
3 64 55 241
3 284 55 306
3 306 55 64
3 306 56 284
3 57 56 389
3 389 56 307
3 58 57 62
3 59 57 58
3 4786 59 4788
3 59 58 4788
3 303 61 4788
3 382 61 303
3 4789 61 382
3 4789 60 61
3 303 58 62
3 62 57 389
3 388 62 389
3 355 302 307
3 355 63 302
3 336 63 355
3 287 64 65
3 306 64 287
3 65 64 241
3 65 54 66
3 66 54 248
3 196 66 248
3 196 13 293
3 89 36 101
3 101 67 89
3 68 36 73
3 150 73 251
3 226 69 225
3 225 70 226
3 277 70 225
3 227 37 71
3 269 71 218
3 71 37 218
3 101 68 72
3 73 36 227
3 227 71 73
3 269 218 268
3 277 71 269
3 269 74 277
3 269 26 74
3 4787 69 368
3 234 76 298
3 298 77 234
3 253 78 254
3 102 51 128
3 133 80 87
3 201 81 109
3 96 82 98
3 100 82 96
3 98 82 250
3 250 83 98
3 240 84 230
3 208 84 99
3 99 85 208
3 106 82 100
3 86 51 94
3 128 86 108
3 87 80 128
3 88 11 90
3 89 22 123
3 105 88 103
3 103 88 90
3 91 52 90
3 187 52 91
3 187 92 202
3 202 92 248
3 93 50 131
3 104 50 93
3 94 85 99
3 128 51 86
3 108 86 107
3 107 95 108
3 109 95 100
3 109 96 201
3 201 96 237
3 142 97 267
3 98 83 217
3 100 96 109
3 106 100 107
3 100 95 107
3 101 36 68
3 150 68 73
3 73 71 251
3 80 39 102
3 128 80 102
3 90 52 103
3 90 11 91
3 91 11 104
3 104 11 20
3 94 51 105
3 103 85 105
3 105 85 94
3 85 52 208
3 106 99 231
3 108 87 128
3 108 81 87
3 95 81 108
3 87 81 133
3 67 0 131
3 126 72 151
3 152 49 110
3 110 49 127
3 127 49 178
3 194 111 191
3 215 199 228
3 220 199 215
3 212 113 264
3 363 114 367
3 393 363 367
3 393 367 405
3 214 115 405
3 480 115 214
3 471 116 466
3 348 117 473
3 720 118 655
3 370 119 403
3 162 120 407
3 121 120 162
3 370 120 121
3 370 121 297
3 297 121 264
3 122 121 162
3 227 123 197
3 197 130 183
3 38 23 183
3 124 23 38
3 235 23 124
3 131 50 67
3 4792 125 131
3 253 125 4792
3 4792 0 126
3 110 41 158
3 159 41 110
3 107 94 106
3 106 94 99
3 107 86 94
3 158 126 151
3 197 123 130
3 227 36 123
3 253 40 78
3 132 41 159
3 159 79 132
3 4792 40 253
3 153 133 154
3 200 134 155
3 154 134 200
3 155 135 186
3 186 136 4794
3 186 135 136
3 4794 136 266
3 266 136 137
3 266 137 138
3 138 137 157
3 145 30 140
3 145 140 141
3 141 140 156
3 156 146 4785
3 142 28 135
3 270 30 145
3 270 25 30
3 391 143 270
3 273 143 391
3 384 144 4781
3 4781 375 4784
3 392 375 4781
3 392 145 375
3 145 141 375
3 156 142 146
3 146 142 267
3 156 28 142
3 147 146 267
3 339 147 148
3 339 148 217
3 339 217 233
3 339 233 360
3 4786 339 360
3 149 68 252
3 252 150 280
3 224 150 263
3 151 72 149
3 152 1 49
3 151 149 152
3 149 1 152
3 78 40 41
3 78 41 132
3 153 39 80
3 153 80 133
3 109 81 95
3 133 81 154
3 154 81 201
3 201 134 154
3 155 134 135
3 134 97 135
3 135 97 142
3 140 29 156
3 158 151 152
3 152 110 158
3 125 93 131
3 188 77 278
3 159 110 127
3 193 191 223
3 238 42 160
3 305 238 279
3 279 161 373
3 245 122 162
3 245 162 163
3 163 162 407
3 395 163 407
3 374 164 407
3 165 43 164
3 165 164 410
3 401 43 165
3 465 165 410
3 412 166 467
3 475 182 465
3 475 167 486
3 486 167 558
3 701 169 657
3 757 169 4856
3 4856 169 908
3 4856 170 796
3 908 170 4856
3 470 171 671
3 671 172 470
3 664 172 671
3 469 172 664
3 413 173 181
3 181 173 314
3 181 174 413
3 344 174 181
3 341 174 313
3 244 180 283
3 283 175 244
3 244 175 291
3 291 175 179
3 179 176 243
3 199 176 228
3 177 10 558
3 193 127 178
3 194 48 221
3 221 111 194
3 228 176 179
3 283 180 341
3 341 180 406
3 406 174 341
3 413 174 406
3 406 376 474
3 474 376 460
3 178 49 210
3 183 39 153
3 153 38 183
3 200 38 153
3 124 38 184
3 185 124 184
3 184 38 200
3 200 155 184
3 261 186 4794
3 194 191 193
3 188 12 93
3 159 127 189
3 189 79 159
3 191 160 223
3 238 160 203
3 238 190 279
3 237 134 201
3 189 127 193
3 191 111 203
3 211 192 203
3 203 111 211
3 220 190 192
3 223 189 193
3 193 178 194
3 187 91 92
3 92 91 195
3 248 92 196
3 195 13 196
3 196 92 195
3 301 66 196
3 195 91 104
3 209 1 198
3 209 198 282
3 200 153 154
3 4793 155 186
3 184 155 4793
3 185 184 4793
3 210 48 178
3 230 187 202
3 202 53 230
3 203 160 191
3 204 176 211
3 340 8 204
3 412 205 285
3 285 206 412
3 402 206 310
3 310 207 402
3 310 44 207
3 207 44 385
3 250 82 106
3 250 106 231
3 230 84 208
3 188 93 125
3 268 26 269
3 210 49 209
3 49 1 209
3 220 192 199
3 211 176 199
3 179 112 228
3 175 112 179
3 381 213 411
3 381 214 405
3 199 192 211
3 228 112 215
3 216 96 98
3 237 96 216
3 24 23 235
3 268 218 4796
3 288 268 4796
3 37 24 218
3 235 185 4795
3 4795 185 219
3 192 190 203
3 203 190 238
3 220 161 190
3 245 161 220
3 231 84 222
3 99 84 231
3 160 42 236
3 280 150 224
3 338 263 4787
3 338 224 263
3 225 69 263
3 277 225 251
3 251 225 263
3 272 75 226
3 75 69 226
3 368 69 75
3 211 111 204
3 248 53 202
3 54 53 248
3 240 53 229
3 230 53 240
3 84 55 222
3 240 55 84
3 232 222 284
3 249 232 284
3 4780 232 249
3 360 233 4780
3 337 234 254
3 337 76 234
3 4782 76 337
3 235 124 185
3 223 160 236
3 216 98 217
3 217 148 216
3 216 148 237
3 237 148 267
3 267 97 237
3 231 222 232
3 250 231 232
3 125 77 188
3 237 97 134
3 252 68 150
3 220 215 245
3 221 48 239
3 340 221 239
3 48 47 239
3 204 111 221
3 241 55 240
3 240 229 241
3 242 79 189
3 190 161 279
3 215 112 265
3 265 122 215
3 243 205 291
3 264 122 265
3 215 122 245
3 253 77 125
3 246 212 265
3 265 212 264
3 300 113 212
3 247 113 300
3 286 247 300
3 284 56 249
3 59 56 57
3 233 83 4780
3 217 83 233
3 251 71 277
3 271 70 74
3 226 70 271
3 163 161 245
3 234 77 253
3 254 234 253
3 255 78 132
3 254 78 255
3 337 254 255
3 255 4 337
3 299 256 351
3 256 242 262
3 262 236 257
3 242 236 262
3 259 257 258
3 259 258 385
3 354 256 262
3 354 262 361
3 361 259 290
3 385 258 369
3 369 258 305
3 4794 260 261
3 260 219 261
3 132 79 299
3 256 79 242
3 361 257 259
3 257 42 258
3 236 42 257
3 263 150 251
3 264 113 297
3 370 297 363
3 204 8 176
3 176 8 243
3 265 112 246
3 299 79 256
3 148 147 267
3 135 28 136
3 26 25 74
3 30 25 26
3 271 25 270
3 270 143 271
3 271 143 272
3 272 226 271
3 74 25 271
3 272 143 273
3 379 274 390
3 275 273 390
3 275 272 273
3 278 276 292
3 74 70 277
3 278 77 298
3 298 276 278
3 305 42 238
3 296 198 280
3 281 45 289
3 354 5 281
3 289 282 296
3 246 112 175
3 246 175 283
3 313 300 312
3 222 55 284
3 340 204 221
3 206 7 310
3 310 7 309
3 286 114 247
3 362 114 286
3 312 212 246
3 312 246 283
3 287 65 295
3 4794 27 288
3 353 289 296
3 353 281 289
3 290 5 361
3 408 244 291
3 293 13 292
3 292 14 293
3 276 14 292
3 301 293 294
3 293 14 294
3 301 196 293
3 255 132 299
3 224 2 280
3 264 121 122
3 247 114 297
3 297 113 247
3 297 114 363
3 295 65 66
3 368 276 298
3 377 276 368
3 311 213 286
3 300 212 312
3 295 66 301
3 301 294 304
3 304 294 357
3 357 63 304
3 302 63 358
3 382 62 388
3 388 359 382
3 303 62 382
3 304 295 301
3 304 63 336
3 258 42 305
3 308 279 373
3 307 302 389
3 307 56 306
3 307 306 355
3 262 257 361
3 373 161 163
3 373 163 395
3 309 7 340
3 386 44 309
3 309 44 310
3 311 286 300
3 4785 141 156
3 375 141 4791
3 313 312 341
3 313 174 342
3 343 181 314
3 584 350 464
3 595 315 696
3 666 595 696
3 974 316 667
3 4855 317 667
3 668 317 1208
3 318 317 4854
3 1208 317 318
3 319 318 4854
3 612 320 1200
3 1262 492 1200
3 1426 321 810
3 810 321 1253
3 1254 322 1671
3 1671 322 1805
3 1962 1669 1671
3 2155 323 1914
3 2595 324 1711
3 1711 324 3137
3 1711 325 2596
3 2540 325 3161
3 327 326 3162
3 3449 327 3448
3 3365 327 3449
3 3449 328 3365
3 3389 328 3993
3 3382 328 3389
3 3660 3389 3822
3 3837 329 3660
3 3164 330 4217
3 4179 330 4241
3 4306 331 4320
3 4307 331 4255
3 4307 4255 4275
3 3747 332 4108
3 3276 333 3807
3 3276 334 3163
3 4094 4018 4268
3 3809 335 4241
3 3809 331 335
3 335 331 4306
3 336 287 295
3 336 295 304
3 298 76 368
3 337 4 4782
3 4787 76 4782
3 4782 338 4787
3 286 213 362
3 362 213 381
3 4790 147 339
3 340 7 8
3 312 283 341
3 342 311 313
3 342 174 344
3 344 181 343
3 343 314 464
3 464 314 584
3 344 343 349
3 394 343 464
3 350 315 595
3 666 611 695
3 611 346 695
3 347 346 490
3 478 346 347
3 478 347 585
3 585 347 790
3 601 585 712
3 601 348 585
3 342 213 311
3 349 213 342
3 411 349 394
3 311 300 313
3 352 3 4
3 351 256 354
3 368 76 4787
3 296 2 3
3 296 3 353
3 4782 3 338
3 353 3 352
3 354 281 351
3 351 281 353
3 403 120 370
3 355 287 336
3 306 287 355
3 294 14 356
3 357 294 356
3 356 19 371
3 357 356 371
3 358 357 371
3 358 17 388
3 364 17 358
3 388 17 359
3 359 16 4789
3 249 56 59
3 360 59 4786
3 368 75 377
3 352 351 353
3 367 362 381
3 239 6 309
3 309 6 386
3 386 6 45
3 367 114 362
3 372 18 364
3 364 358 371
3 4791 141 4785
3 4785 4783 4791
3 366 60 365
3 366 365 384
3 275 75 272
3 377 75 275
3 369 305 308
3 369 308 409
3 363 119 370
3 372 19 380
3 372 16 17
3 380 16 372
3 372 17 18
3 373 43 308
3 395 43 373
3 407 120 403
3 403 374 407
3 404 374 403
3 270 145 392
3 408 180 244
3 406 180 376
3 275 15 377
3 274 15 275
3 383 378 387
3 387 378 379
3 383 16 378
3 379 378 380
3 380 19 379
3 393 119 363
3 405 367 381
3 382 359 4789
3 4789 16 383
3 383 365 4789
3 384 365 383
3 4784 366 384
3 4784 384 4781
3 290 259 385
3 385 44 290
3 386 5 290
3 285 205 243
3 358 63 357
3 384 383 387
3 389 302 388
3 388 302 358
3 379 19 274
3 387 144 384
3 379 144 387
3 390 144 379
3 390 273 391
3 391 144 390
3 391 270 392
3 4781 391 392
3 4781 144 391
3 285 7 206
3 411 213 349
3 411 394 400
3 400 214 411
3 471 214 400
3 480 214 471
3 390 274 275
3 479 396 459
3 485 481 482
3 761 398 768
3 768 398 756
3 768 756 794
3 164 43 395
3 409 43 401
3 401 165 166
3 401 166 402
3 206 166 412
3 402 166 206
3 409 207 385
3 385 369 409
3 414 167 404
3 411 214 381
3 291 205 408
3 462 205 412
3 349 342 344
3 349 343 394
3 407 164 395
3 403 119 404
3 460 376 408
3 401 207 409
3 402 207 401
3 408 205 462
3 462 412 467
3 413 406 474
3 410 164 374
3 414 119 396
3 404 119 414
3 558 484 583
3 4861 942 4863
3 942 707 4863
3 1122 416 4863
3 662 416 1480
3 1480 417 662
3 662 417 4859
3 4859 417 418
3 418 417 1419
3 1249 419 1244
3 1349 419 1249
3 1328 419 420
3 1247 419 1328
3 1328 421 803
3 803 421 1210
3 1408 1360 1386
3 1666 422 1360
3 1667 422 1666
3 2384 423 2409
3 2409 2353 2494
3 2615 424 2489
3 2677 425 2467
3 2882 426 2854
3 3655 3434 3773
3 2785 428 3434
3 3654 2785 3680
3 3744 3654 3680
3 3680 2784 3744
3 3759 2720 3671
3 3759 430 3740
3 3205 431 3740
3 3045 432 2986
3 2862 432 3064
3 3244 432 3045
3 3064 432 3244
3 3347 3064 3244
3 3244 433 3347
3 3346 433 3244
3 3347 434 3064
3 3064 434 3206
3 3200 3199 3206
3 2586 437 2738
3 2591 1867 2807
3 2807 2534 2591
3 2429 438 1862
3 440 439 2250
3 1590 441 1768
3 443 442 1573
3 1617 442 443
3 444 443 1573
3 1464 443 444
3 1464 444 1477
3 1477 1447 1464
3 1539 445 1477
3 1462 1296 1491
3 1484 446 1304
3 1622 447 1126
3 1621 448 1637
3 1732 1621 1637
3 1773 449 1337
3 1858 449 1693
3 1858 1693 2197
3 2062 450 2197
3 2985 2663 2736
3 2985 451 3250
3 3279 451 3089
3 3089 452 3293
3 2310 452 3089
3 2468 453 1625
3 1835 457 2215
3 457 455 2215
3 4882 456 2623
3 2783 456 4882
3 4882 2781 2783
3 4883 458 1837
3 2686 458 4883
3 458 457 1837
3 476 461 466
3 460 408 462
3 462 182 460
3 396 119 393
3 396 393 459
3 393 115 459
3 405 115 393
3 463 374 404
3 404 167 463
3 410 374 463
3 465 410 463
3 465 463 475
3 461 115 480
3 350 345 464
3 467 166 465
3 166 165 465
3 483 466 473
3 473 117 483
3 467 182 462
3 465 182 467
3 474 460 468
3 460 182 468
3 610 9 469
3 656 172 469
3 4856 171 470
3 796 171 4856
3 459 115 461
3 477 116 471
3 471 400 477
3 477 345 472
3 487 472 695
3 589 116 477
3 672 348 473
3 474 9 173
3 173 9 610
3 474 173 413
3 486 182 475
3 468 182 486
3 584 315 350
3 463 167 475
3 558 167 414
3 471 466 480
3 466 116 473
3 394 345 400
3 487 478 672
3 589 487 672
3 400 345 477
3 479 459 461
3 479 461 482
3 466 461 480
3 476 466 483
3 464 345 394
3 414 396 484
3 482 481 629
3 654 481 653
3 484 396 479
3 484 479 482
3 483 118 476
3 482 461 476
3 482 476 485
3 476 118 485
3 653 485 599
3 720 397 599
3 398 397 720
3 469 177 656
3 469 10 177
3 469 9 10
3 487 346 478
3 488 347 490
3 809 488 491
3 491 489 809
3 492 489 613
3 490 346 611
3 666 316 611
3 491 490 1037
3 491 488 490
3 1181 489 493
3 493 489 492
3 810 493 1426
3 558 414 484
3 559 494 511
3 510 494 559
3 496 495 539
3 539 497 500
3 498 497 590
3 500 497 498
3 500 498 597
3 619 498 590
3 619 590 591
3 637 598 619
3 616 598 637
3 616 499 598
3 500 496 539
3 544 495 496
3 511 494 501
3 501 494 502
3 503 501 502
3 504 503 505
3 513 504 505
3 575 504 513
3 513 505 506
3 561 506 4845
3 513 506 561
3 506 505 509
3 508 507 545
3 4845 507 508
3 4846 507 542
3 547 507 4846
3 544 509 567
3 567 510 544
3 510 495 544
3 503 502 505
3 504 501 503
3 512 501 504
3 575 513 4849
3 514 513 561
3 4849 513 514
3 4843 515 562
3 577 515 4843
3 753 516 4843
3 4826 517 753
3 4825 517 4826
3 4825 518 4810
3 519 518 4839
3 4810 518 4828
3 520 519 1309
3 781 519 520
3 4803 520 4823
3 4814 780 4803
3 1384 521 4814
3 4814 521 932
3 522 521 4817
3 1007 521 522
3 1008 522 523
3 523 522 4848
3 1008 523 524
3 844 525 1233
3 1233 525 1107
3 1289 844 1233
3 527 526 1321
3 1266 1168 1394
3 1266 531 1168
3 1344 531 1266
3 1287 1154 1368
3 850 530 1002
3 1005 877 1195
3 1027 532 996
3 879 532 1027
3 996 532 903
3 903 532 846
3 846 532 875
3 875 533 889
3 893 534 929
3 949 891 893
3 928 891 901
3 900 535 849
3 1418 1152 1197
3 1402 536 1418
3 1401 890 993
3 559 511 538
3 538 511 593
3 538 497 559
3 497 495 559
3 539 495 497
3 618 540 617
3 541 540 542
3 543 540 541
3 617 540 543
3 560 541 542
3 617 543 597
3 543 496 500
3 541 496 543
3 560 496 541
3 544 496 560
3 543 500 597
3 548 545 547
3 959 545 548
3 547 546 4852
3 4846 546 547
3 548 547 4852
3 545 507 547
3 685 548 549
3 549 548 4852
3 4805 550 4806
3 4806 4804 4805
3 4819 552 4818
3 651 553 663
3 4819 553 651
3 651 552 4819
3 555 554 592
3 652 554 555
3 556 555 622
3 692 557 4807
3 558 10 486
3 559 495 510
3 560 509 544
3 560 506 509
3 505 502 567
3 509 505 567
3 4845 508 561
3 562 515 563
3 515 514 563
3 4836 563 4835
3 563 514 4835
3 753 564 4826
3 565 562 563
3 564 562 565
3 752 565 4836
3 4833 564 565
3 566 565 752
3 4833 565 566
3 4833 566 989
3 502 494 567
3 567 494 510
3 511 501 574
3 594 511 574
3 574 568 594
3 574 512 568
3 594 568 569
3 594 569 593
3 624 569 570
3 710 570 606
3 606 571 710
3 631 571 673
3 572 571 631
3 702 572 677
3 677 604 702
3 636 573 702
3 739 573 670
3 574 501 512
3 568 512 602
3 602 512 575
3 512 504 575
3 602 575 576
3 607 515 577
3 4849 515 607
3 4849 514 515
3 4843 516 633
3 633 516 578
3 4810 4809 4825
3 4809 517 4825
3 4809 579 634
3 740 579 4809
3 758 580 635
3 805 759 789
3 950 581 906
3 997 582 905
3 903 582 997
3 996 903 997
3 583 177 558
3 584 173 610
3 314 173 584
3 664 584 610
3 664 315 584
3 672 473 589
3 473 116 589
3 478 348 672
3 585 348 478
3 755 712 790
3 712 585 790
3 755 586 588
3 790 586 755
3 1004 745 811
3 968 774 777
3 777 588 986
3 589 472 487
3 477 472 589
3 590 497 538
3 591 590 596
3 620 591 596
3 640 591 620
3 640 621 641
3 596 538 593
3 590 538 596
3 593 511 594
3 472 345 350
3 695 595 666
3 596 593 624
3 593 569 624
3 598 499 597
3 597 498 598
3 598 498 619
3 599 118 720
3 485 118 599
3 600 591 640
3 592 554 600
3 640 592 600
3 483 117 655
3 655 118 483
3 619 600 663
3 602 576 632
3 608 605 632
3 608 577 603
3 650 603 669
3 633 578 669
3 669 578 604
3 605 602 632
3 605 568 602
3 625 568 605
3 569 568 625
3 673 606 627
3 627 606 625
3 673 571 606
3 632 576 607
3 632 607 608
3 607 577 608
3 608 603 630
3 583 168 177
3 933 415 609
3 908 169 609
3 610 469 664
3 695 346 487
3 974 490 611
3 1037 490 974
3 974 612 1037
3 667 612 974
3 1037 612 613
3 613 612 1200
3 1200 492 613
3 613 489 491
3 638 553 4824
3 4824 614 618
3 615 614 4824
3 4804 614 615
3 4806 614 4804
3 617 499 616
3 597 499 617
3 617 616 638
3 4824 617 638
3 618 617 4824
3 619 591 600
3 624 570 4831
3 640 620 621
3 4831 620 624
3 621 620 4831
3 4834 621 4831
3 641 621 678
3 678 622 641
3 623 556 622
3 4802 679 736
3 4802 623 679
3 678 642 679
3 678 621 4834
3 620 596 624
3 570 569 625
3 606 570 625
3 627 605 626
3 625 605 627
3 627 626 628
3 583 484 629
3 484 482 629
3 629 168 583
3 629 481 654
3 626 605 608
3 626 608 630
3 676 628 630
3 628 626 630
3 650 631 674
3 676 650 674
3 677 631 650
3 674 631 673
3 669 603 633
3 694 634 698
3 634 579 635
3 635 579 758
3 670 634 635
3 670 573 636
3 702 604 636
3 638 616 637
3 637 553 638
3 663 553 637
3 637 619 663
3 615 553 4819
3 4818 552 639
3 641 592 640
3 641 555 592
3 622 555 641
3 4834 642 678
3 711 642 4834
3 711 643 741
3 645 644 687
3 727 645 728
3 726 648 4832
3 728 647 648
3 728 648 649
3 649 648 726
3 725 649 726
3 4865 649 725
3 727 649 4865
3 697 168 657
3 630 603 650
3 676 630 650
3 663 554 652
3 652 651 663
3 692 651 652
3 692 552 651
3 654 168 629
3 653 481 485
3 654 653 701
3 657 168 654
3 694 517 4809
3 697 172 656
3 470 172 697
3 657 169 757
3 399 117 601
3 655 117 399
3 696 658 666
3 658 316 666
3 4855 316 659
3 659 316 658
3 796 170 797
3 797 170 660
3 661 660 907
3 4857 660 661
3 4859 661 4861
3 4861 662 4859
3 639 552 692
3 600 554 663
3 674 628 676
3 755 665 712
3 777 665 755
3 755 588 777
3 695 472 595
3 472 350 595
3 611 316 974
3 667 317 668
3 668 612 667
3 668 320 612
3 177 168 656
3 656 168 697
3 698 578 694
3 604 578 698
3 698 634 670
3 670 636 698
3 671 315 664
3 667 316 4855
3 652 557 692
3 693 557 652
3 693 555 556
3 652 555 693
3 693 556 700
3 673 628 674
3 673 627 628
3 655 399 675
3 675 398 720
3 756 398 675
3 720 655 675
3 677 650 669
3 669 604 677
3 679 622 678
3 623 622 679
3 679 642 736
3 4811 680 681
3 736 680 4811
3 681 680 727
3 713 682 699
3 699 681 713
3 700 681 699
3 682 550 699
3 683 550 682
3 684 549 550
3 685 549 684
3 684 550 683
3 685 684 704
3 4850 704 782
3 4850 685 704
3 704 686 782
3 686 647 782
3 648 647 686
3 4832 648 686
3 653 599 706
3 599 397 706
3 707 688 761
3 731 689 4860
3 4860 689 1436
3 4862 690 691
3 1436 690 4860
3 691 690 1436
3 4862 691 1448
3 601 117 348
3 4807 639 692
3 4807 551 639
3 699 557 693
3 578 516 694
3 4809 634 694
3 696 315 671
3 659 658 796
3 757 470 697
3 677 572 631
3 636 604 698
3 4802 556 623
3 700 556 4802
3 699 693 700
3 4811 700 4802
3 933 701 706
3 701 653 706
3 734 571 572
3 733 572 702
3 733 702 742
3 709 646 703
3 703 646 4808
3 704 684 708
3 708 686 704
3 709 703 705
3 683 682 705
3 703 683 705
3 705 682 713
3 706 415 933
3 707 415 688
3 942 415 707
3 4863 707 1122
3 684 683 708
3 708 683 703
3 4865 646 709
3 709 705 713
3 714 571 734
3 710 571 714
3 793 711 730
3 729 711 4834
3 4831 729 4834
3 4865 709 713
3 734 733 775
3 737 734 775
3 743 715 975
3 898 715 983
3 984 898 983
3 984 716 1178
3 1178 716 839
3 1178 839 1179
3 839 717 1179
3 1129 857 971
3 1241 717 857
3 969 718 970
3 808 719 804
3 804 719 739
3 804 739 792
3 792 635 805
3 635 580 805
3 712 399 601
3 732 399 712
3 732 665 721
3 776 721 774
3 1190 778 934
3 934 722 779
3 779 723 934
3 794 724 772
3 725 646 4865
3 4832 725 726
3 4808 646 725
3 4865 713 727
3 713 681 727
3 680 645 727
3 728 649 727
3 728 645 687
3 741 644 645
3 729 710 714
3 729 714 730
3 688 397 398
3 962 762 768
3 962 731 762
3 697 657 757
3 609 169 933
3 756 675 732
3 675 399 732
3 741 680 736
3 734 572 733
3 706 397 688
3 712 665 732
3 781 520 4803
3 657 654 701
3 736 642 741
3 737 714 734
3 739 670 792
3 670 635 792
3 746 579 740
3 758 579 746
3 746 740 4828
3 781 746 4828
3 741 642 711
3 741 643 845
3 741 645 680
3 775 733 742
3 775 742 754
3 671 171 696
3 696 171 658
3 790 347 488
3 790 488 586
3 744 586 809
3 586 488 809
3 810 745 1181
3 781 735 746
3 730 714 737
3 793 730 747
3 747 730 737
3 748 747 760
3 880 747 748
3 749 748 1001
3 1039 748 749
3 1039 749 1028
3 1028 749 1094
3 1028 750 751
3 1094 750 1028
3 953 751 752
3 751 750 752
3 1012 566 750
3 753 562 564
3 4843 562 753
3 732 724 756
3 702 573 742
3 754 742 773
3 687 647 728
3 756 724 794
3 933 169 701
3 732 721 724
3 4856 470 757
3 758 746 786
3 786 580 758
3 759 580 786
3 805 580 759
3 747 737 760
3 688 398 761
3 762 761 768
3 1435 689 1203
3 1435 763 1456
3 1459 764 1631
3 1631 765 1824
3 1843 765 766
3 1843 766 1784
3 1540 767 1784
3 795 779 1358
3 1203 769 1431
3 1445 1203 1431
3 1607 770 1432
3 1446 770 1607
3 1432 771 1607
3 771 764 1607
3 1631 764 771
3 772 724 776
3 742 573 773
3 983 773 838
3 983 754 773
3 774 721 777
3 773 573 739
3 760 737 775
3 775 743 760
3 724 721 776
3 934 738 1190
3 721 665 777
3 1190 774 966
3 776 774 1190
3 966 778 1190
3 965 722 778
3 779 722 1608
3 1358 779 1608
3 786 735 780
3 746 735 786
3 780 735 4803
3 4803 735 781
3 687 644 836
3 782 687 836
3 782 647 687
3 4800 783 4838
3 4838 4813 4816
3 4813 784 4816
3 951 784 785
3 739 719 773
3 787 759 786
3 786 780 787
3 788 759 787
3 788 787 932
3 789 788 841
3 789 759 788
3 906 789 950
3 845 644 741
3 773 719 838
3 805 791 792
3 791 581 840
3 840 581 905
3 905 582 840
3 793 643 711
3 793 747 880
3 880 785 793
3 785 643 793
3 784 643 785
3 1431 723 1136
3 1136 795 1432
3 888 719 808
3 658 171 796
3 797 659 796
3 4864 797 798
3 4864 659 797
3 4864 798 801
3 801 798 4853
3 1246 800 801
3 800 799 801
3 800 319 799
3 1250 319 800
3 1250 318 319
3 1328 802 1247
3 1250 802 803
3 803 802 1328
3 792 791 804
3 808 804 840
3 906 791 805
3 906 581 791
3 840 582 808
3 808 582 807
3 808 807 888
3 807 582 903
3 804 791 840
3 809 489 1181
3 1181 493 810
3 745 744 1181
3 1004 744 745
3 987 811 1552
3 1699 1471 1552
3 1699 1645 1646
3 1646 1470 1699
3 1961 813 1470
3 1873 813 1961
3 1771 1702 2044
3 2133 814 1960
3 815 814 2133
3 1801 814 815
3 1983 1964 2094
3 2251 1964 1983
3 2160 1964 2251
3 2160 816 2388
3 2388 816 2418
3 2226 1883 2225
3 2129 1883 2226
3 2194 819 820
3 2194 820 1902
3 1902 820 2161
3 2116 1902 2271
3 2271 821 2116
3 2116 821 2258
3 2361 821 2162
3 2361 2162 2305
3 2361 2305 2500
3 2500 822 2361
3 2715 822 2621
3 2621 2103 2715
3 2813 2103 2732
3 2732 823 2813
3 826 824 2888
3 2557 824 826
3 2557 826 2764
3 2764 827 2338
3 2338 827 828
3 828 827 2779
3 2434 828 2779
3 2529 2337 2434
3 2501 2282 2529
3 2340 830 2374
3 2259 831 2243
3 2374 831 2272
3 2374 2272 2308
3 2212 2138 2151
3 1938 833 2139
3 2045 1885 2139
3 2244 2015 2117
3 2227 2017 2140
3 2259 2212 2272
3 836 644 837
3 4813 837 845
3 4850 836 837
3 837 783 4850
3 4813 783 837
3 838 719 806
3 806 716 838
3 1179 717 1241
3 842 788 932
3 931 843 1288
3 1288 843 844
3 843 842 844
3 1288 844 1289
3 787 780 4814
3 932 787 4814
3 837 644 845
3 845 784 4813
3 845 643 784
3 754 743 775
3 805 789 906
3 874 847 848
3 848 847 886
3 885 848 852
3 949 530 901
3 949 851 878
3 894 852 902
3 894 853 895
3 806 719 888
3 969 806 888
3 807 718 888
3 885 852 894
3 874 848 858
3 874 858 881
3 1035 872 1238
3 1238 872 1438
3 1612 861 1110
3 1110 861 1086
3 1086 861 1255
3 910 862 972
3 1024 910 972
3 1085 863 1024
3 1194 1108 1167
3 1167 864 1194
3 1273 864 1285
3 1537 1272 1690
3 1789 1537 1690
3 1789 1098 1537
3 1804 867 1662
3 1736 1604 1720
3 1738 1604 1869
3 1869 1604 2142
3 1869 868 2164
3 2260 869 1722
3 4880 869 4987
3 874 870 884
3 884 870 871
3 990 871 1173
3 1040 872 1035
3 1390 1040 1240
3 1390 872 1040
3 1173 859 873
3 870 859 1173
3 846 718 807
3 875 532 879
3 892 533 875
3 897 851 876
3 878 851 897
3 995 878 1005
3 1154 995 1005
3 1027 877 879
3 876 875 879
3 892 875 876
3 846 807 903
3 983 715 754
3 899 856 881
3 881 858 899
3 884 847 874
3 884 871 1204
3 990 882 1417
3 1618 882 1478
3 1113 883 1636
3 1576 883 1402
3 899 854 855
3 852 848 886
3 858 848 885
3 885 854 858
3 858 854 899
3 886 847 849
3 849 847 900
3 928 849 948
3 887 852 886
3 901 887 928
3 888 718 969
3 851 537 892
3 876 851 892
3 889 718 846
3 970 718 889
3 1111 971 994
3 1111 994 1084
3 1111 1084 1112
3 1084 890 1112
3 889 846 875
3 893 537 851
3 893 851 949
3 894 854 885
3 1026 854 894
3 973 895 1088
3 1110 973 992
3 992 973 1427
3 1088 896 1427
3 1324 896 1256
3 879 877 897
3 897 876 879
3 897 877 1005
3 776 738 772
3 754 715 743
3 943 856 899
3 1003 856 943
3 899 855 914
3 943 899 914
3 900 884 1204
3 1152 900 1204
3 886 849 928
3 887 886 928
3 901 891 949
3 901 850 887
3 887 850 902
3 902 850 1002
3 901 530 850
3 1002 853 902
3 1256 853 1002
3 902 852 887
3 950 904 930
3 930 904 1169
3 1169 904 931
3 905 581 950
3 1227 1000 1155
3 609 415 942
3 660 170 907
3 908 609 907
3 907 170 908
3 914 909 943
3 964 909 914
3 914 855 910
3 862 855 1026
3 855 854 1026
3 980 909 911
3 1018 911 981
3 1120 1031 1172
3 1089 912 1156
3 1270 912 1089
3 1487 912 1486
3 1486 912 1270
3 1661 1428 1582
3 914 910 964
3 964 910 1024
3 1024 863 915
3 1024 915 964
3 915 863 1108
3 964 915 1036
3 916 911 1036
3 981 911 916
3 1031 916 963
3 963 916 1083
3 1123 963 1083
3 1132 963 1123
3 1123 917 1132
3 1273 918 1151
3 1229 918 1306
3 1271 1229 1306
3 919 866 1159
3 1830 866 919
3 1748 1705 1830
3 1507 921 1844
3 1844 921 1795
3 1795 921 1651
3 922 866 1830
3 1803 922 1830
3 1830 1705 1803
3 1791 1724 2106
3 1871 1793 1842
3 1598 924 1727
3 1628 1598 1727
3 1727 1588 1628
3 1291 925 1588
3 1400 925 1290
3 1290 926 1400
3 1235 926 927
3 1184 927 1201
3 1175 927 1184
3 1030 917 1184
3 891 534 893
3 929 537 893
3 950 930 1000
3 904 841 931
3 931 841 843
3 932 521 1007
3 842 525 844
3 688 415 706
3 762 707 761
3 1190 738 776
3 881 856 859
3 859 856 1003
3 1156 936 1237
3 1156 912 936
3 936 912 1487
3 1689 1293 1731
3 1688 937 1731
3 1687 939 1601
3 941 940 1688
3 941 938 1239
3 4861 907 942
3 4861 661 907
3 907 609 942
3 900 847 884
3 4833 989 4967
3 4826 945 4825
3 4839 945 4840
3 946 945 4827
3 4840 945 946
3 4975 946 4827
3 4974 946 4975
3 1314 947 4974
3 947 946 4974
3 993 985 1401
3 1418 1160 1191
3 948 534 891
3 948 891 928
3 949 878 995
3 995 530 949
3 950 789 904
3 1107 525 1008
3 841 788 843
3 843 788 842
3 951 785 961
3 961 880 954
3 952 751 1011
3 750 566 752
3 4821 953 4836
3 953 752 4836
3 961 785 880
3 954 748 1039
3 880 748 954
3 1039 952 954
3 961 954 956
3 954 952 955
3 956 954 955
3 957 951 956
3 4799 957 958
3 4837 958 959
3 4837 959 4801
3 960 958 1010
3 959 958 960
3 960 545 959
3 962 768 794
3 962 794 988
3 981 916 1031
3 911 909 1036
3 1036 909 964
3 1192 778 966
3 1516 778 1192
3 965 778 1516
3 1469 987 1552
3 1469 587 987
3 1553 965 1516
3 967 965 1553
3 1490 967 1541
3 1787 767 1681
3 968 587 1192
3 1192 966 968
3 970 717 969
3 969 717 839
3 857 717 970
3 994 533 892
3 971 533 994
3 892 537 994
3 972 862 1086
3 1255 972 1086
3 1026 895 1117
3 1026 894 895
3 902 853 894
3 613 491 1037
3 1001 743 975
3 1001 975 976
3 976 749 1001
3 1094 977 978
3 1014 978 1017
3 978 977 1017
3 4969 1014 1017
3 943 909 980
3 1033 981 1120
3 1018 981 1033
3 1120 1089 1156
3 982 980 1018
3 982 935 1034
3 881 859 870
3 881 870 874
3 871 870 1173
3 983 838 984
3 838 716 984
3 985 534 948
3 985 535 1191
3 1160 985 1191
3 948 535 985
3 889 857 970
3 986 588 1004
3 1004 586 744
3 588 586 1004
3 987 587 986
3 987 986 1004
3 968 777 986
3 4968 989 1013
3 1013 989 1012
3 989 566 1012
3 1204 871 1417
3 1417 871 990
3 1478 1238 1682
3 1489 991 1644
3 1475 992 1427
3 839 806 969
3 839 716 806
3 929 534 993
3 993 534 985
3 1084 929 993
3 993 890 1084
3 994 537 929
3 994 929 1084
3 1168 531 1027
3 1171 998 1006
3 998 528 1006
3 999 998 1227
3 1323 999 1228
3 997 905 1171
3 1000 905 950
3 904 789 841
3 1001 748 760
3 760 743 1001
3 910 855 862
3 1002 530 1087
3 1324 1002 1087
3 1003 943 980
3 971 857 889
3 889 533 971
3 1005 878 897
3 1006 996 997
3 1038 996 1006
3 1038 528 1394
3 1006 528 1038
3 1007 525 842
3 1008 525 1007
3 1007 522 1008
3 956 955 1009
3 955 952 1011
3 4820 1009 1011
3 1009 955 1011
3 1015 750 1094
3 1012 750 1015
3 1015 979 1013
3 1013 1012 1015
3 4968 1013 1019
3 1013 979 1019
3 1094 978 1015
3 1015 978 979
3 1019 1014 4969
3 980 911 1018
3 1019 979 1014
3 979 978 1014
3 1017 1016 4969
3 1093 1016 1017
3 1020 1016 1093
3 1092 1020 1093
3 1161 1020 1092
3 976 975 1091
3 1091 975 1021
3 1275 1022 1186
3 1206 1022 1162
3 1193 1022 1206
3 1162 1023 1206
3 849 535 948
3 1036 915 1083
3 1108 1025 1083
3 1150 1025 1194
3 1117 862 1026
3 1287 1087 1154
3 1027 996 1038
3 1006 997 1171
3 1171 905 1000
3 1028 751 952
3 1133 1029 1196
3 1031 1029 1172
3 1031 963 1029
3 1029 963 1132
3 1134 1030 1201
3 1196 1029 1132
3 1132 1032 1196
3 1032 917 1030
3 1033 982 1018
3 1033 935 982
3 873 859 1003
3 1034 873 1003
3 1003 980 1034
3 1034 980 982
3 1040 990 1173
3 1035 990 1040
3 1083 916 1036
3 895 853 1088
3 1007 842 932
3 1028 952 1039
3 1132 917 1032
3 1040 873 1240
3 1183 1041 1081
3 1521 1236 1444
3 1598 1042 1236
3 1235 1042 1400
3 1082 1044 1080
3 1044 1043 1146
3 1146 1043 1157
3 1080 1044 1207
3 1090 1045 1137
3 1121 1090 1145
3 1189 1046 1121
3 1626 1047 1453
3 1279 1047 1716
3 1716 1047 1626
3 1626 1048 1716
3 2329 1049 1268
3 1268 1049 1767
3 2329 1050 2208
3 2381 1050 1269
3 2330 1051 2256
3 2406 1052 1079
3 2256 1053 1079
3 2289 1053 2320
3 2320 1848 2319
3 1848 1302 1799
3 1799 1677 1848
3 1848 1677 2288
3 2286 1920 2301
3 2301 2280 2286
3 1056 1055 2280
3 1746 1057 2376
3 1074 1057 2833
3 2833 1057 2723
3 2885 2742 2833
3 2885 1059 2999
3 2885 1058 1059
3 2999 1059 3000
3 3001 1060 2999
3 3001 2999 3000
3 3240 1060 3001
3 1063 1062 1072
3 1063 1060 1061
3 1072 1060 1063
3 2743 1060 1072
3 3264 1064 3239
3 1065 1064 3264
3 4875 2836 4879
3 4875 1065 2836
3 2836 1066 4879
3 2957 1066 2836
3 2774 2510 2907
3 2906 1067 2907
3 2774 1067 1068
3 2907 1067 2774
3 2864 1067 2906
3 1070 1069 2981
3 2799 1069 1070
3 4876 1070 4875
3 2799 1070 4876
3 4874 1071 1073
3 2886 1073 2875
3 4874 1073 2886
3 2798 1075 2875
3 2875 1074 2886
3 1075 1074 2875
3 2797 1075 2798
3 2509 1075 2797
3 4878 2509 2797
3 2377 1075 2509
3 2508 1076 2281
3 2725 1076 2508
3 1078 1077 2431
3 2289 1077 1078
3 2289 1078 2290
3 2406 2373 2380
3 2406 2380 2404
3 2373 1079 2290
3 2406 1079 2373
3 1079 1053 2290
3 1080 1045 1090
3 1082 1043 1044
3 1369 1046 1047
3 1207 1045 1080
3 1128 1045 1207
3 1024 972 1085
3 1153 1085 1109
3 1109 1085 1389
3 1110 1086 1117
3 1086 862 1117
3 1087 530 995
3 1088 853 1256
3 1427 973 1088
3 1172 1133 1135
3 1135 1089 1172
3 1082 1080 1090
3 1121 1082 1090
3 975 715 1021
3 1021 715 898
3 1092 976 1091
3 1094 749 976
3 1092 1091 1161
3 977 976 1092
3 1094 976 977
3 1093 977 1092
3 1017 977 1093
3 1207 1044 1243
3 1662 1579 1587
3 1587 1096 1286
3 1473 1259 1579
3 1720 1097 1595
3 1656 1097 1720
3 1662 1098 1804
3 1804 1098 1789
3 1099 1016 1020
3 1100 898 984
3 1186 1100 1101
3 1101 1100 1163
3 1275 1101 1164
3 1275 1165 1310
3 1310 1102 1339
3 1340 1103 1339
3 1340 1104 1312
3 1367 1104 1340
3 1234 1104 1367
3 1379 1104 1380
3 1380 1104 1234
3 1277 524 1105
3 1277 1105 4812
3 4812 1106 1277
3 1107 524 1277
3 1008 524 1107
3 1083 915 1108
3 1167 1153 1371
3 1153 1109 1406
3 1117 973 1110
3 966 774 968
3 1116 1111 1112
3 1112 890 1510
3 1370 536 1550
3 1325 1114 1508
3 1508 1113 1636
3 1536 1114 1399
3 1536 1441 1510
3 1429 1115 1130
3 1129 1111 1116
3 1257 1118 1430
3 1257 1119 1326
3 1326 1119 1412
3 1120 981 1031
3 1082 1041 1043
3 1081 1041 1082
3 1122 707 762
3 1043 1041 1157
3 1157 1041 1235
3 1235 927 1157
3 1083 1025 1123
3 1276 1124 1366
3 1451 1242 1276
3 1513 1242 1451
3 1513 1125 1407
3 1243 1044 1146
3 1129 971 1111
3 1129 1116 1429
3 1305 1129 1429
3 1429 1130 1442
3 1130 1115 1472
3 1399 1131 1536
3 1108 863 1167
3 1256 1002 1324
3 1196 1182 1188
3 1182 1118 1188
3 1135 1133 1326
3 1196 1032 1182
3 1134 1118 1182
3 1188 1133 1196
3 1172 1029 1133
3 1412 1135 1326
3 794 772 988
3 772 738 769
3 772 769 988
3 738 723 769
3 1136 723 779
3 1201 1030 1184
3 1145 1090 1137
3 1144 1045 1199
3 1199 1124 1144
3 1147 1124 1276
3 1276 1138 1147
3 1187 1139 1345
3 1345 1140 1177
3 1140 445 1297
3 1454 1267 1281
3 1258 1142 1281
3 1297 1141 1142
3 1145 1143 1202
3 1148 1144 1147
3 1137 1045 1144
3 1189 1121 1145
3 731 416 1122
3 1176 1146 1157
3 1176 1157 1175
3 1146 1127 1243
3 1144 1124 1147
3 1145 1137 1143
3 1148 1137 1144
3 1149 1143 1148
3 1281 1202 1258
3 1123 1025 1150
3 1150 917 1123
3 1151 1150 1194
3 1021 898 1100
3 1191 535 900
3 1191 900 1152
3 1153 863 1085
3 1167 863 1153
3 1087 995 1154
3 1117 895 973
3 1226 1155 1169
3 1032 1030 1182
3 1237 1033 1156
3 1143 1137 1148
3 1157 927 1175
3 1176 1127 1146
3 1158 1095 1127
3 1205 1095 1158
3 1127 1095 1243
3 1401 985 1160
3 1193 1161 1198
3 1338 1023 1162
3 1163 1100 1178
3 1100 984 1178
3 1327 1101 1163
3 1164 1101 1327
3 1319 1164 1327
3 1316 1164 1319
3 1320 1102 1165
3 1315 1102 1320
3 1320 1166 1315
3 1320 526 1166
3 1194 1025 1108
3 1273 1151 1194
3 1199 1045 1128
3 1168 1038 1394
3 1168 1027 1038
3 1000 930 1155
3 1227 1155 1228
3 1155 930 1169
3 1170 526 1226
3 1171 1000 1227
3 1227 998 1171
3 1201 926 1134
3 1156 1033 1120
3 1202 1143 1258
3 1173 873 1040
3 1174 917 1150
3 1174 1150 1151
3 1184 1174 1185
3 1185 1175 1184
3 1174 1151 1185
3 1151 918 1185
3 1258 1149 1177
3 4972 1161 1193
3 4972 1193 4971
3 1179 1163 1178
3 1327 1163 1179
3 1442 1130 1342
3 1342 1130 1266
3 1147 1138 1148
3 1180 1128 1207
3 1181 744 809
3 1368 1154 1195
3 1027 531 877
3 1121 1081 1082
3 1183 1042 1235
3 1236 1042 1444
3 1184 917 1174
3 1229 1176 1185
3 1198 1021 1186
3 1148 1138 1149
3 1177 1149 1187
3 1208 320 668
3 1326 1133 1188
3 1270 1135 1412
3 1172 1089 1120
3 1258 1143 1149
3 762 731 1122
3 778 722 934
3 1176 1175 1185
3 1149 1138 1187
3 1091 1021 1198
3 1186 1021 1100
3 1198 1022 1193
3 1194 864 1273
3 1306 918 1273
3 986 587 968
3 1154 1005 1195
3 1232 528 998
3 769 723 1431
3 1418 536 1160
3 1186 1022 1198
3 1161 1091 1198
3 1230 857 1129
3 1243 1180 1207
3 1187 1138 1231
3 1366 1097 1451
3 1004 811 987
3 1195 531 1344
3 877 531 1195
3 1182 1030 1134
3 1189 1145 1202
3 1278 1189 1202
3 1235 1041 1183
3 1203 689 988
3 1435 1203 1445
3 988 731 962
3 988 689 731
3 988 769 1203
3 1390 1240 1295
3 1271 1159 1205
3 1271 919 1159
3 1271 1158 1229
3 4971 1206 4973
3 4971 1193 1206
3 1206 1023 4973
3 1231 1138 1276
3 1208 318 1209
3 1209 318 1250
3 1260 803 1210
3 1260 1210 1387
3 1386 1360 1409
3 1409 422 1252
3 1360 422 1409
3 2597 2384 2409
3 2648 1212 2578
3 3145 3029 3175
3 3145 2649 3029
3 2651 1213 2650
3 1214 1213 2651
3 3969 1214 3628
3 3691 1214 3969
3 4024 3691 3969
3 3458 1215 4024
3 4108 1215 4082
3 3458 1216 4082
3 4302 1216 4230
3 3862 1216 4302
3 4230 1217 4302
3 4228 1217 4251
3 4251 4236 4314
3 4372 4309 4325
3 4372 4325 4365
3 4399 1219 4372
3 4443 1219 4399
3 4399 4398 4443
3 4365 1220 4399
3 4318 1220 4365
3 1221 1220 4318
3 4398 4383 4403
3 4405 4382 4383
3 4562 1222 4403
3 4403 4383 4562
3 1223 1222 4562
3 1224 1222 1223
3 4496 1224 4374
3 1228 1155 1226
3 1228 999 1227
3 1170 931 1288
3 1226 526 527
3 1226 527 1228
3 1185 918 1229
3 1230 1129 1305
3 1242 1231 1276
3 1199 1128 1259
3 1232 998 999
3 1169 931 1170
3 1226 1169 1170
3 1107 1106 1233
3 1277 1106 1107
3 1233 1106 1234
3 1188 1118 1257
3 927 926 1201
3 1628 1400 1598
3 1400 1042 1598
3 1279 1236 1521
3 934 723 738
3 1295 935 1237
3 1438 1428 1661
3 1488 1238 1438
3 1488 1239 1719
3 1240 873 1034
3 1034 935 1240
3 1284 1179 1241
3 1231 1139 1187
3 1407 1242 1513
3 1241 857 1230
3 1259 1128 1180
3 1180 1096 1259
3 4853 1244 1248
3 1245 1244 4853
3 1249 1245 4859
3 1245 661 4859
3 1247 802 1248
3 1248 802 1246
3 1244 419 1247
3 1248 1244 1247
3 4859 418 1249
3 802 800 1246
3 1250 800 802
3 1259 1124 1199
3 1366 1124 1473
3 1251 1208 1209
3 1251 320 1208
3 1387 1264 1341
3 1409 1252 1264
3 1264 1252 1538
3 1389 972 1255
3 1085 972 1389
3 1253 745 810
3 1649 811 1253
3 1765 1254 1691
3 1691 1254 2119
3 1254 323 2119
3 1256 896 1088
3 1288 1166 1170
3 1326 1188 1257
3 1177 1142 1258
3 1191 1152 1418
3 1345 1177 1187
3 1250 803 1209
3 1209 803 1260
3 1261 320 1251
3 1200 320 1261
3 1262 1200 1261
3 493 492 1262
3 1265 1264 1426
3 1426 1264 1538
3 1341 1264 1265
3 1265 1261 1341
3 1262 1261 1265
3 1324 1087 1287
3 1342 1266 1394
3 1400 926 1235
3 1734 1685 1740
3 1734 1650 1685
3 1741 1051 1268
3 1741 1268 2159
3 1269 1051 2330
3 2329 1051 1269
3 1269 1050 2329
3 1270 1089 1135
3 1205 1158 1271
3 1229 1158 1176
3 1158 1127 1176
3 1272 1095 1205
3 1186 1101 1275
3 1346 1271 1306
3 1371 864 1167
3 1748 1274 1704
3 1830 1274 1748
3 1310 1022 1275
3 1162 1022 1310
3 1451 1276 1366
3 1134 926 1290
3 1369 1081 1121
3 1369 1047 1521
3 1047 1046 1453
3 1236 924 1598
3 1700 1236 1279
3 1627 1048 1280
3 1627 1280 2200
3 1304 1282 1450
3 1520 1304 1450
3 1520 1450 1614
3 1597 1520 1614
3 1614 1126 1597
3 1283 1126 1614
3 1393 1283 1614
3 1327 1179 1284
3 1284 1230 1305
3 1241 1230 1284
3 1346 919 1271
3 1243 1095 1286
3 1286 1180 1243
3 1286 1096 1180
3 1166 526 1170
3 1228 527 1323
3 1289 1166 1288
3 1289 1233 1367
3 1367 1233 1234
3 1290 1118 1134
3 1411 1118 1290
3 1290 925 1411
3 1411 925 1291
3 1416 1291 1414
3 1651 1292 1414
3 1414 1291 1651
3 1651 921 1292
3 1686 1292 1785
3 1785 1293 1689
3 1689 1686 1785
3 1689 913 1413
3 937 913 1689
3 1278 1046 1189
3 1453 1046 1278
3 1237 935 1033
3 1177 1140 1142
3 1345 1139 1303
3 1303 1139 1392
3 1392 1282 1304
3 1392 446 1296
3 1391 1140 1345
3 1345 1303 1391
3 1297 445 1539
3 1455 1297 1539
3 1639 1298 1455
3 1672 1298 1639
3 1673 1299 1672
3 1299 1298 1672
3 1794 1299 1673
3 1658 1299 1794
3 1794 1300 1658
3 1658 1300 1301
3 1301 1300 1838
3 1845 1301 1838
3 1860 1845 1846
3 1860 1846 1847
3 1799 1676 1679
3 1676 1302 1994
3 2320 1053 1054
3 1392 1296 1303
3 1483 1304 1520
3 1597 1483 1520
3 1442 1305 1429
3 1317 1305 1442
3 1282 1139 1231
3 1282 1231 1474
3 1377 1308 1311
3 1377 1307 1308
3 4841 4798 4842
3 4840 947 4798
3 4840 4798 4841
3 1339 1162 1310
3 1312 1307 1377
3 1377 1103 1312
3 1313 1311 4797
3 1338 1313 4797
3 4798 947 4797
3 4973 1023 1314
3 1339 1102 1340
3 1165 1102 1310
3 1315 1289 1367
3 1321 1316 1322
3 1347 1316 1319
3 1343 1317 1442
3 1318 1316 1347
3 1322 1316 1318
3 1388 1232 1318
3 1343 1342 1388
3 1327 1284 1319
3 1319 1284 1317
3 1320 1165 1321
3 1321 1165 1316
3 1165 1164 1316
3 1321 526 1320
3 1322 527 1321
3 1323 527 1322
3 1322 1318 1323
3 1318 1232 1323
3 1509 896 1324
3 1643 896 1509
3 1399 1114 1325
3 1315 1166 1289
3 1232 999 1323
3 1392 1139 1282
3 1275 1164 1165
3 1259 1096 1579
3 1403 1329 1492
3 1492 1330 1449
3 1449 1330 1419
3 1349 418 1330
3 1422 419 1349
3 1331 420 1422
3 420 419 1422
3 1515 1332 1468
3 1502 1425 1485
3 1535 1333 1502
3 1501 1333 1635
3 1642 1501 1635
3 1642 1635 1665
3 1665 1334 1642
3 1497 1334 1665
3 1620 1336 1695
3 1611 1336 1620
3 1764 1336 1715
3 1337 449 2061
3 1328 420 421
3 1338 1162 1339
3 1339 1103 1313
3 1339 1313 1338
3 1312 1103 1340
3 1474 1231 1242
3 1251 1209 1260
3 1342 528 1388
3 1442 1342 1343
3 1347 1343 1388
3 1388 1318 1347
3 1344 1266 1472
3 1266 1130 1472
3 1317 1284 1305
3 1306 1273 1285
3 1306 1285 1346
3 1285 865 1346
3 1346 865 1566
3 1274 919 1346
3 1347 1317 1343
3 1319 1317 1347
3 1331 1329 1468
3 1422 1329 1331
3 1330 1329 1422
3 1349 1330 1422
3 1330 418 1419
3 1249 418 1349
3 1449 1419 1420
3 1420 1350 1481
3 1574 1351 1615
3 1776 1352 1814
3 1814 1775 1831
3 1775 1696 1947
3 1696 1353 1947
3 2261 1353 1354
3 2274 1354 1859
3 2276 1354 2274
3 1915 1355 2268
3 2268 1355 2285
3 2285 1355 2255
3 2255 1355 1356
3 2255 1356 1946
3 2255 1946 2351
3 1868 1357 1843
3 1843 1786 1868
3 1843 1784 1786
3 1786 1784 1787
3 795 767 1540
3 1681 767 1490
3 1359 420 1331
3 421 420 1359
3 1408 1359 1372
3 1551 1360 1408
3 1503 1361 1798
3 1822 1362 1664
3 1760 1362 1761
3 1363 1362 2143
3 1761 1363 2352
3 1761 1362 1363
3 2352 1363 2480
3 2480 1363 1568
3 2719 1759 2420
3 2420 1365 2965
3 2197 450 1858
3 1473 1124 1259
3 1311 1103 1377
3 1313 1103 1311
3 1367 1102 1315
3 1340 1102 1367
3 1324 1287 1509
3 1509 1287 1325
3 1325 1287 1368
3 1234 1106 1380
3 1380 1106 4812
3 1121 1046 1369
3 1183 1081 1444
3 1444 1081 1369
3 1444 1369 1521
3 1278 1202 1281
3 1281 1267 1278
3 1510 890 1370
3 1510 1370 1550
3 1192 587 1469
3 1516 1192 1469
3 1371 1153 1406
3 1372 1331 1468
3 1468 1332 1372
3 1468 1403 1515
3 1616 1404 1615
3 1776 1373 1616
3 1776 1562 1701
3 1665 1635 1770
3 1635 1374 1770
3 1376 1373 1522
3 1522 1375 1376
3 1404 1373 1376
3 1574 1376 1556
3 1378 1307 1312
3 1312 1104 1378
3 1378 1104 1379
3 4830 1379 1380
3 4830 1380 1381
3 4812 1105 1381
3 1381 1380 4812
3 1381 1105 1382
3 4844 1383 4815
3 4830 1381 1383
3 1382 523 4815
3 1383 1382 4815
3 1383 1381 1382
3 1385 1384 4823
3 4844 1384 1385
3 1341 1251 1260
3 1261 1251 1341
3 1409 1264 1387
3 1341 1260 1387
3 1388 528 1232
3 1344 529 1195
3 1255 861 1602
3 1389 1255 1602
3 1142 1141 1281
3 1142 1140 1297
3 1240 935 1295
3 1391 445 1140
3 1447 445 1391
3 1303 1296 1391
3 1391 1296 1462
3 1116 1112 1441
3 1441 1115 1116
3 1450 1407 1614
3 1407 1393 1614
3 1394 528 1342
3 1359 1331 1372
3 1372 1332 1395
3 1396 1361 1593
3 1822 1396 1500
3 1822 1764 2143
3 1764 1397 2143
3 2061 1397 1567
3 2408 1397 2061
3 2061 449 1398
3 2438 1398 1858
3 2438 1364 1398
3 1195 529 1368
3 1399 1325 1368
3 1430 1118 1411
3 1628 925 1400
3 1444 1042 1183
3 1401 536 1370
3 1160 536 1401
3 1113 536 1402
3 1402 883 1113
3 1114 1113 1508
3 1376 1348 1556
3 1423 1371 1406
3 1423 1405 1601
3 1704 939 1796
3 1566 939 1704
3 1406 1405 1423
3 1407 1125 1393
3 1386 421 1359
3 1210 421 1386
3 1386 1359 1408
3 1387 1386 1409
3 1387 1210 1386
3 1410 992 1452
3 1452 991 1410
3 1430 1411 1416
3 1415 1119 1430
3 1416 1415 1430
3 1514 1119 1415
3 1486 1412 1514
3 1486 1270 1412
3 1514 1413 1486
3 1686 1413 1514
3 1415 1292 1686
3 1414 1292 1415
3 1514 1415 1686
3 1416 1414 1415
3 1417 1152 1204
3 1197 1152 1417
3 1417 882 1197
3 1418 1197 1576
3 1420 1419 4858
3 1448 1420 4858
3 1421 1350 1437
3 1482 1350 1421
3 1482 1440 1574
3 1440 1351 1574
3 1468 1329 1403
3 1423 1285 1371
3 1285 864 1371
3 1423 865 1285
3 1601 865 1423
3 1408 1372 1395
3 1551 1395 1424
3 1424 1395 1512
3 1512 1425 1502
3 1502 1485 1535
3 1535 1485 1522
3 1426 493 1262
3 1426 1262 1265
3 1427 896 1475
3 1412 1119 1514
3 1295 936 1428
3 1237 936 1295
3 1370 890 1401
3 1403 1375 1515
3 1602 1109 1389
3 1504 1109 1602
3 1430 1119 1257
3 1431 770 1445
3 1136 770 1431
3 1432 770 1136
3 1456 1433 1435
3 1433 1421 1434
3 1437 691 1434
3 1448 691 1437
3 1436 1433 1434
3 1435 1433 1436
3 1434 691 1436
3 1434 1421 1437
3 1438 1295 1428
3 1390 1295 1438
3 1439 1433 1456
3 1482 1421 1440
3 1439 1421 1433
3 1440 1421 1439
3 1304 446 1392
3 1485 1332 1515
3 1441 1112 1510
3 1395 1332 1425
3 1451 1097 1656
3 1602 861 1612
3 1136 779 795
3 770 763 1445
3 1446 763 770
3 1476 1446 1634
3 1463 1447 1462
3 1447 1391 1462
3 1437 1350 1448
3 1556 1348 1481
3 1481 1348 1492
3 1492 1449 1481
3 1492 1329 1330
3 1403 1348 1375
3 1375 1348 1376
3 1116 1115 1429
3 1472 529 1344
3 1131 529 1472
3 1399 529 1131
3 1368 529 1399
3 1452 992 1475
3 1644 991 1452
3 1453 1278 1294
3 1278 1267 1294
3 1294 1267 1650
3 1650 1267 1454
3 1650 1454 1685
3 1454 1141 1581
3 1411 1291 1416
3 1281 1141 1454
3 1455 1141 1297
3 1457 1439 1476
3 1458 1351 1457
3 1615 1351 1458
3 1630 1460 1823
3 1476 1439 1456
3 1634 1457 1476
3 1458 1457 1461
3 1634 1460 1461
3 1608 722 965
3 1464 1447 1463
3 1464 1463 1599
3 1599 443 1464
3 1493 1491 1546
3 1491 1465 1546
3 1546 1465 1559
3 1466 1465 1484
3 1559 1465 1466
3 1559 1494 1546
3 1559 1466 1560
3 1519 1511 1580
3 1467 448 1580
3 1493 1462 1491
3 1484 1304 1483
3 1425 1332 1485
3 1471 1469 1552
3 1609 1469 1471
3 1471 812 1609
3 1470 812 1699
3 813 812 1470
3 1450 1282 1474
3 1472 1115 1131
3 1536 1131 1441
3 1131 1115 1441
3 1595 1097 1473
3 1595 1473 1579
3 1474 1407 1450
3 1474 1242 1407
3 1475 896 1643
3 1445 763 1435
3 1456 1446 1476
3 1456 763 1446
3 1440 1439 1457
3 1457 1351 1440
3 1477 445 1447
3 1035 882 990
3 1478 882 1035
3 1618 1478 1489
3 1618 1489 1644
3 1463 1462 1493
3 4858 1480 4862
3 4862 1448 4858
3 1449 1420 1481
3 1481 1350 1482
3 1296 446 1491
3 1491 446 1465
3 1483 1467 1511
3 1465 446 1484
3 1511 1466 1484
3 1519 1466 1511
3 1689 1413 1686
3 1487 913 1582
3 1428 936 1582
3 1661 1239 1488
3 1661 941 1239
3 1706 1682 1719
3 1489 1478 1682
3 1490 1358 1608
3 1681 1490 1541
3 1492 1348 1403
3 1515 1375 1485
3 1599 1463 1493
3 1599 1555 1617
3 1555 1494 1548
3 1577 1559 1560
3 1560 1549 1577
3 1578 1495 1620
3 1610 1578 1620
3 1496 1335 1610
3 1547 1496 1600
3 1600 1334 1547
3 1547 1334 1497
3 1498 1497 1665
3 1718 1498 1665
3 1718 1665 1770
3 1589 1497 1498
3 1593 1499 1600
3 1619 1593 1600
3 1610 1500 1619
3 1695 1500 1610
3 1701 1373 1776
3 1512 1502 1594
3 1594 1502 1592
3 1594 1361 1503
3 1406 1109 1504
3 1687 938 1506
3 1796 1506 1817
3 1817 1506 1731
3 1817 1293 1821
3 1731 1293 1817
3 1821 1293 1507
3 1507 1293 1785
3 1292 921 1785
3 1509 1325 1508
3 1643 1508 1636
3 1536 1510 1550
3 1484 1483 1511
3 1511 1467 1580
3 1504 1405 1406
3 1505 1405 1504
3 1504 860 1505
3 1595 867 1720
3 1473 1097 1366
3 1596 1125 1513
3 1443 1125 1596
3 1110 992 1410
3 1581 1141 1455
3 1478 1035 1238
3 1448 1350 1420
3 1485 1375 1522
3 1565 1466 1519
3 1517 448 1621
3 1519 1517 1518
3 1725 1715 1732
3 1509 1508 1643
3 1538 1252 1263
3 1535 1522 1523
3 1522 1373 1523
3 1814 1562 1776
3 1831 1524 1814
3 1525 1524 1831
3 1810 1525 1870
3 1870 1525 1564
3 1973 1526 1564
3 3189 2562 2620
3 2883 1527 3189
3 3280 1527 2618
3 3429 3280 3580
3 3429 1528 3280
3 3460 1528 3429
3 3043 2809 3212
3 2899 2808 3043
3 2739 1530 2326
3 2506 1530 2739
3 2739 1531 2506
3 2576 1531 2317
3 2926 1532 2317
3 2956 1532 2926
3 2956 2401 2796
3 2401 1533 2796
3 2913 1533 2900
3 2659 1534 2913
3 1864 1534 2659
3 2546 1534 1864
3 1523 1333 1535
3 1286 1095 1272
3 1286 1272 1537
3 1587 1286 1537
3 1537 1098 1587
3 1538 321 1426
3 1539 1477 1640
3 1477 444 1640
3 1540 771 1432
3 1540 766 771
3 1772 1541 1554
3 1542 1541 1772
3 1841 1543 1816
3 1801 1543 1841
3 1946 1544 1965
3 1965 1545 2351
3 2388 1545 2160
3 1608 965 967
3 1546 1494 1555
3 1576 1402 1418
3 1610 1335 1578
3 1558 1335 1575
3 1654 1583 1591
3 1549 1335 1558
3 1578 1335 1549
3 1549 1495 1578
3 1550 536 1113
3 1566 1274 1346
3 1205 1159 1272
3 1597 1467 1483
3 1408 1395 1551
3 1552 811 1649
3 1453 1294 1626
3 1438 872 1390
3 1553 1516 1609
3 1541 967 1553
3 1554 1541 1553
3 1599 1493 1555
3 1555 1493 1546
3 1556 1481 1482
3 1735 1729 1811
3 1850 1557 1811
3 1560 1466 1565
3 1565 1549 1560
3 1565 1495 1549
3 1518 1495 1565
3 1874 1730 2156
3 1563 1530 2277
3 2326 1563 2205
3 2823 2205 2581
3 1575 1496 1547
3 1575 1335 1496
3 1704 1274 1566
3 1699 1552 1645
3 1699 812 1471
3 1715 1337 1567
3 1579 1096 1587
3 1580 1517 1519
3 1636 1569 1643
3 1639 1539 1640
3 1652 1639 1640
3 1653 1639 1652
3 1571 1570 1659
3 1680 1571 1659
3 1653 1571 1698
3 1742 1698 1728
3 1556 1482 1574
3 1576 882 1618
3 1197 882 1576
3 1591 1575 1589
3 1575 1547 1589
3 1589 1498 1735
3 1523 1373 1701
3 1547 1497 1589
3 1577 1494 1559
3 1577 1558 1583
3 1583 1494 1577
3 1577 1549 1558
3 1550 1114 1536
3 1550 1113 1114
3 1519 1518 1565
3 1561 1518 1621
3 1518 1517 1621
3 1569 1452 1475
3 1569 1475 1643
3 1644 1452 1569
3 1580 448 1517
3 1582 936 1487
3 1404 1376 1574
3 1583 1558 1575
3 1583 1575 1591
3 1654 1557 1586
3 1850 441 1586
3 1584 441 1850
3 1861 1584 1923
3 1861 1585 1975
3 1585 440 1975
3 2191 1585 2327
3 2545 2191 2327
3 1586 1548 1654
3 1521 1047 1279
3 1694 1454 1581
3 1617 443 1599
3 1591 1589 1641
3 1641 1589 1735
3 1641 1557 1654
3 1654 1591 1641
3 1701 1374 1523
3 1635 1333 1523
3 1523 1374 1635
3 1502 1501 1592
3 1502 1333 1501
3 1500 1396 1619
3 1619 1396 1593
3 1499 1361 1594
3 1595 1579 1662
3 1683 1125 1443
3 811 745 1253
3 1253 321 322
3 322 321 1805
3 1461 1457 1634
3 1486 913 1487
3 1413 913 1486
3 1642 1334 1600
3 1642 1499 1592
3 1592 1501 1642
3 1566 865 1601
3 1601 939 1566
3 1611 1561 1621
3 1602 860 1504
3 1613 1602 1612
3 1613 860 1602
3 1512 1395 1425
3 1603 1596 1656
3 1604 1603 1720
3 1596 1513 1656
3 1513 1451 1656
3 1700 924 1236
3 1737 1606 2321
3 2210 1724 1737
3 1639 1455 1539
3 1607 764 1634
3 1608 967 1490
3 1490 767 1358
3 1554 1553 1788
3 1788 1553 1609
3 1600 1496 1619
3 1619 1496 1610
3 1715 1336 1611
3 1715 1611 1732
3 1561 1495 1518
3 1612 1110 1410
3 1612 1410 1655
3 1706 991 1489
3 1613 1612 1655
3 1719 860 1613
3 1719 1613 1655
3 1597 447 1467
3 1126 447 1597
3 1455 1298 1581
3 1615 1404 1574
3 1615 1458 1633
3 1616 1615 1633
3 1616 1373 1404
3 1593 1361 1499
3 1592 1499 1594
3 1664 1396 1822
3 1695 1610 1620
3 1594 1503 1512
3 1503 1424 1512
3 1732 1611 1621
3 448 447 1692
3 1467 447 448
3 1692 447 1622
3 1766 1733 2121
3 2165 1623 1762
3 2228 1624 2283
3 2367 1624 1625
3 1625 1624 2468
3 1625 453 2469
3 1626 1294 1684
3 1716 1627 1638
3 1716 1048 1627
3 1932 1605 2200
3 1588 925 1628
3 1697 1588 1727
3 1795 1629 1855
3 1855 1629 1949
3 1630 1458 1461
3 1461 1460 1630
3 1634 764 1460
3 1460 1459 1823
3 1460 764 1459
3 1633 1458 1630
3 2274 1859 1915
3 1807 1630 1809
3 1634 1446 1607
3 1432 795 1540
3 1358 767 795
3 1548 1494 1583
3 1770 1374 1800
3 1600 1499 1642
3 1620 1495 1561
3 1700 1279 1638
3 1672 1653 1742
3 1640 1570 1652
3 1573 1570 1640
3 1640 444 1573
3 1682 1238 1488
3 1654 1548 1583
3 1687 1405 1505
3 1569 883 1479
3 1636 883 1569
3 1569 1479 1644
3 1587 1098 1662
3 1765 1645 1649
3 1645 1552 1649
3 2046 1470 1646
3 1961 1470 2046
3 2214 1961 2046
3 2214 1647 1961
3 1873 1647 2104
3 1702 1648 2044
3 1253 322 1649
3 1637 448 1692
3 1694 1581 1658
3 1795 1651 1697
3 1651 1588 1697
3 1652 1571 1653
3 1652 1570 1571
3 1617 1555 1590
3 1582 913 940
3 1601 1405 1687
3 1410 991 1655
3 1749 1596 1603
3 1749 1443 1596
3 1762 1657 1834
3 1834 1657 1721
3 1581 1298 1658
3 1658 1298 1299
3 1651 1291 1588
3 1570 442 1659
3 1573 442 1570
3 1659 442 1660
3 1717 442 1617
3 1660 442 1717
3 1582 940 1661
3 1661 940 941
3 1618 1479 1576
3 1479 883 1576
3 1662 867 1595
3 1551 1424 1666
3 1666 1424 1663
3 1666 1360 1551
3 1663 1503 1753
3 1798 1797 1940
3 1739 1616 1633
3 1739 1352 1616
3 1617 1590 1717
3 1488 1438 1661
3 1682 1488 1719
3 1667 1663 1857
3 2409 423 2353
3 1755 1667 1857
3 2353 423 1755
3 1538 1263 1805
3 1805 321 1538
3 1805 1263 1962
3 1913 1668 2384
3 1669 1668 1913
3 2144 1669 1913
3 1670 1669 2144
3 1914 323 1670
3 1633 1630 1807
3 1672 1639 1653
3 1673 1672 1742
3 1875 1854 1922
3 2264 1674 1919
3 1675 1674 2264
3 1679 1676 1847
3 1799 1302 1676
3 2112 1677 2192
3 2110 1678 2111
3 1846 1840 2110
3 2111 1679 1847
3 2192 1679 2209
3 2192 1677 1799
3 1680 1659 1660
3 1681 1541 1542
3 1706 1489 1682
3 1506 938 1688
3 1731 1506 1688
3 1792 1283 1393
3 1792 1393 1683
3 1684 1294 1650
3 1685 1454 1694
3 1685 1301 1740
3 1694 1301 1685
3 1793 924 1700
3 1555 1548 1586
3 1590 1555 1586
3 1644 1479 1618
3 1505 938 1687
3 1687 1506 1796
3 1796 939 1687
3 1688 938 941
3 940 937 1688
3 1731 937 1689
3 1272 866 1690
3 1159 866 1272
3 1789 1690 1833
3 1646 1645 1765
3 1691 1646 1765
3 1620 1561 1611
3 1252 422 1211
3 1774 1693 1819
3 1733 1126 1283
3 1663 1424 1503
3 1739 1633 1807
3 1807 1696 1739
3 1814 1352 1775
3 1851 1697 1727
3 1727 924 1851
3 1851 1629 1697
3 1697 1629 1795
3 1698 1571 1680
3 1505 860 1239
3 1239 938 1505
3 1793 1700 1842
3 1700 1638 1842
3 1562 1374 1701
3 940 913 937
3 1771 1554 1788
3 1788 1702 1771
3 1821 920 1703
3 1855 1705 1844
3 1949 1803 1855
3 1705 920 1844
3 1830 919 1274
3 1655 991 1706
3 1719 1655 1706
3 2120 2119 2155
3 2120 1707 1713
3 1714 1707 2120
3 2433 1708 2538
3 2538 1708 1709
3 2538 1709 2462
3 2462 1709 2853
3 2595 1710 2853
3 2463 1710 2596
3 2596 325 3186
3 3186 325 2540
3 3161 326 2540
3 3261 326 327
3 2046 1646 1691
3 2046 1691 1713
3 2046 1713 2214
3 2155 1708 2120
3 2493 1708 2155
3 2120 1708 1714
3 1709 1708 2493
3 2594 1709 2493
3 1393 1125 1683
3 1638 1279 1716
3 1658 1301 1694
3 1616 1352 1776
3 1717 1590 1768
3 1586 441 1590
3 1817 1703 1796
3 1796 1703 1704
3 1239 860 1719
3 1738 1603 1604
3 2196 1722 4881
3 4881 1722 4880
3 1722 869 4880
3 2322 868 2141
3 2213 1723 2142
3 2106 1724 2210
3 1764 1500 1695
3 1822 1500 1764
3 1725 1637 1692
3 1684 1650 1734
3 1767 1280 1726
3 1735 1498 1729
3 1729 1498 1813
3 1963 1813 1916
3 1800 1730 1874
3 1690 922 1833
3 1720 1603 1656
3 1732 1637 1725
3 1766 1126 1733
3 1762 1623 1752
3 1622 1126 1766
3 1740 1726 1734
3 1684 1048 1626
3 1851 924 1793
3 1811 1557 1735
3 1735 1557 1641
3 1720 867 1736
3 2142 1736 2195
3 2321 2213 2257
3 2257 1737 2321
3 2210 1737 2257
3 2142 1604 1736
3 1931 1740 1845
3 1931 1726 1740
3 1994 1741 2159
3 1994 1054 1741
3 1763 1673 1742
3 1826 1743 1744
3 1922 1743 1921
3 1854 1743 1922
3 1920 1745 2301
3 1827 1745 1920
3 2582 1746 2278
3 2278 1828 2582
3 2723 1746 2582
3 2582 1828 2682
3 2254 439 1747
3 1680 1660 1768
3 1768 1660 1717
3 1690 866 922
3 1749 1603 1738
3 1751 1443 1749
3 1834 1750 2228
3 2283 2165 2228
3 2165 1834 2228
3 1912 1657 1751
3 1721 1657 1912
3 1733 1283 1752
3 1753 1503 1798
3 1754 1753 1856
3 2273 2107 2467
3 1857 1663 1753
3 2217 1755 1857
3 2353 1755 2217
3 2217 424 2353
3 2341 1757 2364
3 2352 1757 2341
3 2364 1757 2342
3 2640 2479 2768
3 2768 2662 2767
3 2662 1758 2767
3 2767 1758 3016
3 3277 1758 1759
3 1759 1364 2438
3 2366 2363 2531
3 2363 1761 2341
3 2363 1760 1761
3 1683 1443 1751
3 1751 1657 1683
3 1683 1657 1792
3 1692 1622 1819
3 1742 1653 1698
3 1800 1374 1562
3 1800 1562 1730
3 1567 1397 1764
3 1649 322 1765
3 1765 322 1254
3 1725 1692 1773
3 1773 1692 1819
3 1726 1280 1734
3 1767 1726 2159
3 771 766 1631
3 766 765 1631
3 1698 1680 1768
3 1698 1572 1728
3 1768 1572 1698
3 1813 1769 1916
3 1800 1769 1770
3 1769 1718 1770
3 1813 1718 1769
3 1787 1681 1816
3 1772 1554 1771
3 1772 1771 1960
3 1960 1771 2044
3 1609 812 1788
3 1788 813 1702
3 1788 812 813
3 1752 1283 1792
3 1762 1752 1792
3 1792 1657 1762
3 1819 1766 1774
3 1819 1622 1766
3 1774 1766 2121
3 1739 1696 1775
3 1809 1630 1823
3 1775 1352 1739
3 1742 1728 1763
3 1763 1728 1778
3 1778 1728 1777
3 1778 1777 1825
3 1815 1778 1825
3 1728 1572 1777
3 1777 1572 1781
3 1779 1572 1768
3 1849 1572 1779
3 1993 1781 1979
3 1993 1777 1781
3 2190 1782 2254
3 2254 1829 2190
3 1782 1780 2250
3 2250 1780 1783
3 1783 1780 1849
3 1979 1781 1849
3 1849 1780 1979
3 1586 1557 1850
3 1784 767 1787
3 1785 921 1507
3 1786 1543 1868
3 1681 1542 1816
3 1816 1542 1841
3 1818 867 1804
3 1804 1789 1790
3 2195 1736 1818
3 1736 867 1818
3 2195 1818 2105
3 2202 1790 1833
3 2202 1833 1991
3 1939 1791 2106
3 1798 1361 1797
3 1793 923 1851
3 1871 1724 1791
3 1851 923 1629
3 1871 923 1793
3 1794 1673 1820
3 1832 1300 1794
3 1839 1300 1832
3 1832 1794 1820
3 1784 766 1540
3 1844 1795 1855
3 1821 1703 1817
3 1797 1361 1396
3 1695 1336 1764
3 1725 1337 1715
3 1740 1301 1845
3 1847 1676 1860
3 1874 1769 1800
3 1802 815 2094
3 1801 815 1802
3 1802 1543 1801
3 1704 1703 1748
3 1703 920 1748
3 1748 920 1705
3 1803 1705 1855
3 1280 1048 1684
3 1734 1280 1684
3 1667 423 1211
3 1211 422 1667
3 1962 1671 1805
3 1806 1632 1859
3 1809 1696 1807
3 1808 1696 1809
3 1808 1353 1696
3 1354 1353 1808
3 1859 1354 1808
3 1808 1806 1859
3 1809 1806 1808
3 1730 1524 1810
3 2156 1730 1810
3 1992 1812 1852
3 2157 1812 2063
3 2375 1812 2157
3 2375 2157 2506
3 2157 1530 2506
3 1813 1498 1718
3 1252 1211 1263
3 1820 1673 1763
3 1832 1815 1948
3 1820 1815 1832
3 1816 1786 1787
3 1819 1693 1773
3 1733 1623 2121
3 1752 1623 1733
3 1820 1763 1778
3 1820 1778 1815
3 1768 441 1779
3 2143 1397 1568
3 2143 1362 1822
3 1715 1567 1764
3 1823 1632 1806
3 1823 1806 1809
3 1823 1459 1632
3 1915 1632 1824
3 1632 1459 1824
3 1824 1459 1631
3 1355 765 1356
3 1826 1744 1825
3 1825 1744 1815
3 1825 1777 1993
3 1917 1826 1993
3 2224 1918 2122
3 1918 1917 2122
3 2122 1827 2224
3 2278 1745 1828
3 1826 1825 1993
3 2253 1827 1829
3 1829 1827 2122
3 1816 1543 1786
3 1814 1524 1562
3 1841 1542 1772
3 1790 1789 1833
3 2165 1762 1834
3 1834 1721 1750
3 1750 1721 4877
3 1835 1750 4877
3 1836 1835 4877
3 4883 1837 4991
3 1837 457 1835
3 1837 1835 1836
3 1837 1836 4991
3 1840 1838 1839
3 1838 1300 1839
3 1839 1832 1948
3 1840 1839 1875
3 1875 1839 1948
3 2110 1840 1976
3 1638 1605 1842
3 1849 1779 1783
3 1779 441 1783
3 1507 920 1821
3 1567 1337 2061
3 1666 1663 1667
3 1357 765 1843
3 1844 920 1507
3 1872 922 1803
3 1845 1838 1846
3 1846 1838 1840
3 1847 1846 2110
3 2111 1847 2110
3 1799 1679 2192
3 2320 1302 1848
3 1302 1054 1994
3 1781 1572 1849
3 1627 1605 1638
3 1975 1584 1861
3 1992 1852 1923
3 2787 1853 2372
3 2796 1533 2724
3 1744 1743 1854
3 1948 1744 1854
3 1797 1396 1664
3 1797 1664 1760
3 1797 1760 1940
3 1664 1362 1760
3 2107 1754 1856
3 1856 1756 2107
3 1773 1337 1725
3 1398 449 1858
3 1263 1211 1668
3 1859 1632 1915
3 1931 1845 1860
3 1860 1676 1994
3 1923 1852 1861
3 2269 1585 1861
3 2387 440 2191
3 1862 439 2387
3 2476 1862 2387
3 2546 1863 2476
3 2744 1863 1864
3 1864 1863 2546
3 2744 1864 2870
3 2659 435 2870
3 1865 435 3178
3 3178 435 3199
3 2870 1865 2849
3 2849 1867 2744
3 1867 1866 2744
3 2591 1866 1867
3 1850 1811 1923
3 1356 765 1357
3 1868 1543 1802
3 1868 1802 2095
3 1818 1790 2105
3 1804 1790 1818
3 1856 1753 1798
3 1857 1753 1754
3 1562 1524 1730
3 2167 1810 1870
3 1767 1049 2200
3 2200 1280 1767
3 1791 923 1871
3 1991 1833 1872
3 1833 922 1872
3 1702 813 1648
3 1749 1738 1930
3 1693 449 1773
3 1916 1769 1874
3 1948 1854 1875
3 1629 923 1949
3 1892 1876 1910
3 1893 1877 1908
3 1892 1877 1893
3 1929 1878 1908
3 1908 1878 1893
3 1936 1933 1934
3 1933 1879 1934
3 1880 1879 1954
3 1954 1879 1896
3 2018 1898 1966
3 2018 1881 1898
3 2010 1882 2130
3 2124 1882 2007
3 2206 1883 2124
3 1905 1876 1909
3 1909 1876 1891
3 1891 1876 1892
3 1953 1884 2043
3 1885 1884 1938
3 2043 1884 1885
3 2139 1885 1938
3 1938 1886 1986
3 1986 1887 1888
3 1986 1886 1887
3 1893 1878 1888
3 1888 1887 1893
3 1953 1905 1909
3 2043 1889 1953
3 2087 1890 2014
3 2019 1984 2045
3 2014 1890 2019
3 1891 1884 1909
3 1886 1884 1891
3 1893 1887 1891
3 1887 1886 1891
3 1893 1891 1892
3 1895 1894 1908
3 1911 1895 1903
3 1954 1896 1924
3 1966 1897 1955
3 1955 1926 1966
3 1898 1897 1966
3 1955 1897 1956
3 1899 1897 1898
3 1956 1897 1899
3 1898 1881 1899
3 1899 1881 2011
3 1901 1900 1950
3 2132 1901 1950
3 2126 1901 2132
3 2132 1950 1952
3 2194 1900 1901
3 1937 1900 2194
3 2194 1902 1937
3 1937 1902 2101
3 1910 1876 1903
3 1903 1895 1910
3 1906 1904 1907
3 1977 1906 1907
3 1911 1894 1895
3 1910 1877 1892
3 1908 1894 1929
3 1929 1894 1972
3 1895 1877 1910
3 1908 1877 1895
3 1911 1903 1906
3 1911 1906 1977
3 1872 1803 1949
3 1751 1749 1912
3 1668 1211 2384
3 1211 423 2384
3 1962 1263 1668
3 2577 1670 2144
3 1914 1670 2577
3 1824 1355 1915
3 1824 765 1355
3 1811 1729 1992
3 1923 1811 1992
3 1917 1743 1826
3 1921 1743 1917
3 1921 1917 1918
3 1921 1918 1919
3 2224 1827 1920
3 2264 1919 2224
3 2224 1920 2264
3 1815 1744 1948
3 1919 1674 1922
3 1921 1919 1922
3 2286 1675 2264
3 1923 1584 1850
3 1972 1894 1924
3 1924 1894 1911
3 1954 1924 1925
3 1925 1924 1959
3 1924 1911 1959
3 1926 1925 1927
3 1954 1925 1926
3 1966 1926 1927
3 1967 1927 1928
3 1977 1928 1959
3 1924 1896 1972
3 1912 1749 1930
3 2196 1930 2164
3 2164 1722 2196
3 2159 1726 1931
3 1842 1605 1871
3 1871 1605 1724
3 1724 1605 1932
3 1906 1903 1905
3 1903 1876 1905
3 1905 1904 1906
3 1972 1896 1933
3 1896 1879 1933
3 1957 1879 1935
3 1957 1935 1958
3 1936 1934 2099
3 2096 1934 1957
3 2099 1934 2096
3 2096 1900 1937
3 1909 1884 1953
3 1938 1884 1886
3 1991 1872 1939
3 1991 1939 2106
3 1856 1798 1940
3 1940 1756 1856
3 2121 1623 1941
3 2284 452 2310
3 2261 1942 1973
3 2601 1974 2276
3 2386 1943 2601
3 2884 1943 2788
3 2884 1944 2860
3 2941 1944 2359
3 2359 1944 2279
3 2359 2279 2358
3 2279 1945 2358
3 2345 2255 2351
3 2351 1946 1965
3 1973 1831 1947
3 2095 1357 1868
3 1946 1357 2095
3 1949 923 1939
3 1939 923 1791
3 1926 1880 1954
3 1952 1950 1951
3 2131 1899 2011
3 1956 1899 1951
3 1952 1899 2131
3 1951 1899 1952
3 1980 1905 1953
3 1953 1889 1980
3 1935 1880 1955
3 1935 1879 1880
3 1956 1935 1955
3 1934 1879 1957
3 1950 1900 1958
3 1951 1950 1958
3 1957 1900 2096
3 1958 1900 1957
3 1959 1911 1977
3 1960 814 1772
3 1939 1872 1949
3 1648 813 1873
3 1961 1647 1873
3 1963 1812 1992
3 1963 1729 1813
3 1965 1964 2160
3 1955 1880 1926
3 2018 1967 1968
3 2018 1966 1967
3 1968 1967 1969
3 1966 1927 1967
3 1967 1928 1969
3 1928 1907 1969
3 1977 1907 1928
3 2012 1907 1970
3 2012 1970 2008
3 1970 1904 1980
3 1970 1889 2093
3 1980 1889 1970
3 1980 1904 1905
3 1933 1929 1972
3 1971 1929 1933
3 1971 1878 1929
3 1973 1947 2261
3 2562 1526 1942
3 2562 1942 2505
3 2505 1942 1974
3 1831 1775 1947
3 1783 441 1584
3 1783 1584 1975
3 1922 1674 1976
3 1976 1875 1922
3 1976 1674 1678
3 1978 1623 2165
3 2474 1941 1978
3 2094 815 1983
3 1907 1904 1970
3 1987 1981 2134
3 2135 1981 1982
3 2135 1982 2193
3 1983 815 2133
3 2251 1983 2134
3 2019 1890 1984
3 1984 1890 2093
3 1984 1885 2045
3 1888 1878 2098
3 2098 1878 1971
3 1985 1888 2098
3 1986 1888 1985
3 1985 833 1986
3 2138 833 1985
3 1986 833 1938
3 1982 1981 1987
3 1988 1982 2044
3 2150 1988 1989
3 2150 1990 2161
3 2150 1989 1990
3 2271 1990 2306
3 2161 1990 2271
3 2306 2162 2271
3 2162 821 2271
3 1810 1524 1525
3 2167 1870 2581
3 2122 1917 1993
3 2122 1993 2190
3 1931 1860 1994
3 2159 1931 1994
3 2320 1054 1302
3 2198 2006 2064
3 2064 1996 2108
3 2296 1997 1998
3 2021 1997 2296
3 1999 1998 2229
3 2000 1998 1999
3 2000 1999 2077
3 2296 2022 2297
3 2296 2001 2022
3 2296 2000 2001
3 2022 2001 2023
3 2385 2002 2354
3 2354 2189 4866
3 2036 2003 2242
3 2242 2004 2036
3 2042 2005 2097
3 4867 2005 2042
3 4869 2115 2163
3 2019 834 2115
3 2010 1995 2006
3 2006 1882 2010
3 2007 1882 2006
3 2225 2206 2245
3 2064 1995 2075
3 2075 2008 2076
3 2009 1969 2012
3 2009 1968 1969
3 1946 1356 1357
3 2009 1995 2010
3 2012 1995 2009
3 2130 1881 2114
3 2095 1544 1946
3 2075 1995 2008
3 2008 1995 2012
3 2270 2013 2092
3 2147 2013 2078
3 2078 1999 2229
3 2174 1996 2147
3 2115 2014 2019
3 2163 2097 4869
3 2097 2005 4869
3 2331 2016 2244
3 2362 2017 2324
3 2324 2017 2243
3 2243 831 2324
3 1969 1907 2012
3 2147 1996 2020
3 2020 1996 2075
3 2229 1997 2175
3 2175 2174 2229
3 2169 1997 2021
3 2175 1997 2169
3 2169 2021 2178
3 2178 2021 2148
3 2297 2022 2442
3 2442 2148 2297
3 2442 2022 2023
3 2599 2444 2492
3 2492 2444 2771
3 2082 2025 2971
3 2083 2025 2082
3 2083 2026 2938
3 2938 2026 2027
3 3216 2027 2033
3 3252 2033 3247
3 3270 3014 3209
3 2030 2029 3271
3 3254 2029 2030
3 3259 2030 3271
3 3254 2030 2031
3 2031 2030 3260
3 3285 2031 3260
3 3285 3283 3284
3 3285 3191 3283
3 3215 2032 3191
3 2033 2032 3216
3 2033 2027 2086
3 2113 2014 2115
3 2113 2035 2242
3 2035 2034 2242
3 4869 2034 2035
3 4869 2005 2034
3 2211 2004 2034
3 2036 2004 2304
3 2304 2004 2211
3 2542 2291 2383
3 2935 2038 2934
3 3136 2916 2935
3 2916 2040 2935
3 2291 2040 2761
3 2266 2041 2252
3 2252 2042 2266
3 2266 2016 2331
3 2093 1889 1984
3 1984 1889 2043
3 2134 1960 1987
3 2133 1960 2134
3 1987 1960 2044
3 2043 1885 1984
3 2045 834 2019
3 1971 1933 1936
3 2047 1707 2048
3 2153 2047 2048
3 2153 2048 2049
3 2049 2048 2432
3 2050 2049 2432
3 2433 2050 2432
3 2548 2050 2433
3 2500 2050 2051
3 2051 2050 2548
3 2621 822 2051
3 2621 2051 2555
3 2866 2549 2762
3 3074 2929 3073
3 3073 3048 3074
3 2929 2238 3073
3 3159 2053 2054
3 3219 2054 2055
3 3010 2054 3219
3 3258 2055 2056
3 3194 2056 3105
3 3258 2056 3194
3 3194 2057 3258
3 3260 3256 3285
3 3245 2058 3246
3 2059 2058 3245
3 3094 2059 3245
3 3132 2060 3181
3 3181 2060 2897
3 3181 2897 3215
3 3191 3181 3215
3 3216 2032 3215
3 1755 423 1667
3 1941 1774 2121
3 2218 1774 1941
3 2736 450 2062
3 1992 1729 1963
3 2006 1995 2064
3 2007 2006 2198
3 2230 2007 2198
3 2344 2123 2188
3 2344 2065 2123
3 2066 2065 2344
3 2533 2066 2399
3 2533 2398 2410
3 2398 2067 2410
3 2793 2067 2398
3 2822 2068 2912
3 2299 2068 2822
3 2737 2068 2299
3 2868 2068 2737
3 2416 2071 2895
3 2416 2070 2071
3 2072 2071 2657
3 2895 2071 2072
3 2598 2072 2657
3 2073 2072 2598
3 2074 2073 2832
3 2936 2073 2074
3 2936 2072 2073
3 2504 2074 2832
3 2970 2024 2971
3 2076 2020 2075
3 2076 1890 2087
3 2087 2020 2076
3 2087 2013 2020
3 2020 2013 2147
3 2001 2000 2077
3 2417 2001 2077
3 2077 1999 2078
3 2270 2077 2078
3 2078 2013 2270
3 2417 2077 2079
3 2081 2080 4871
3 4870 2973 4868
3 2973 2355 4868
3 2772 2616 2940
3 2772 2082 2971
3 2039 2026 3146
3 3247 2084 2085
3 2894 2085 3184
3 3183 2085 2894
3 3014 2085 3183
3 3247 2085 3014
3 3247 2033 2086
3 2114 2009 2010
3 2114 2010 2130
3 2092 2013 2087
3 2200 1605 1627
3 2088 1932 2200
3 2088 1606 1932
3 2360 1606 2303
3 2390 2089 2201
3 2389 2090 2390
3 2461 2090 2389
3 2389 2091 2461
3 2379 2091 2382
3 4989 2091 2379
3 2087 2014 2092
3 2076 2008 2093
3 2008 1970 2093
3 1964 1544 2094
3 1802 1544 2095
3 2094 1544 1802
3 2093 1890 2076
3 1928 1927 1959
3 1927 1925 1959
3 2115 834 2163
3 2163 2015 2097
3 2016 2015 2244
3 2098 1971 2099
3 2100 2098 2099
3 1971 1936 2099
3 2137 2098 2100
3 2137 2100 2101
3 2151 2101 2116
3 2137 2101 2151
3 2151 2116 2258
3 2258 2102 2339
3 2337 2102 2407
3 2715 2103 2813
3 1989 1873 2104
3 1989 1648 1873
3 2152 2047 2153
3 2420 1759 2438
3 2273 1754 2107
3 1941 1623 1978
3 1947 1353 2261
3 2075 1996 2064
3 2270 2092 2109
3 2242 2003 2109
3 2242 2109 2113
3 1976 1678 2110
3 1976 1840 1875
3 2111 1678 2207
3 2209 2111 2207
3 2207 2199 2209
3 1678 1675 2207
3 2109 2092 2113
3 2092 2014 2113
3 2114 1968 2009
3 2018 1968 2114
3 2114 1881 2018
3 1958 1935 1956
3 1956 1951 1958
3 2115 2035 2113
3 4869 2035 2115
3 2096 1937 2100
3 2099 2096 2100
3 2118 834 2045
3 2154 2138 2212
3 2151 832 2212
3 2139 833 2154
3 2154 2118 2139
3 2119 323 2155
3 1713 1691 2119
3 2120 1713 2119
3 2196 1912 1930
3 2107 1756 2366
3 2366 1756 2363
3 1979 1782 2190
3 1979 1780 1782
3 2158 2123 2230
3 2188 2123 2158
3 2209 1679 2111
3 2125 1882 2124
3 2130 1882 2125
3 2127 2011 2125
3 2127 2125 2128
3 2127 2126 2132
3 2149 2126 2127
3 2194 1901 2126
3 2126 819 2194
3 2124 1883 2128
3 2125 2124 2128
3 2149 2127 2128
3 2149 819 2126
3 2129 819 2149
3 1965 1544 1964
3 2125 2011 2130
3 2011 1881 2130
3 1737 1724 1932
3 2132 1952 2131
3 2131 2011 2127
3 2131 2127 2132
3 2134 1983 2133
3 2251 2134 2275
3 2136 1981 2241
3 2241 2135 2226
3 2135 2129 2226
3 2134 1981 2275
3 2136 816 2275
3 2418 816 2136
3 2137 1985 2098
3 2138 1985 2137
3 2138 2137 2151
3 2140 2118 2154
3 2154 835 2140
3 2118 2045 2139
3 2117 834 2118
3 2154 833 2138
3 2105 1790 2202
3 2213 2142 2195
3 2164 868 2260
3 2260 868 4976
3 4976 869 2260
3 2578 1913 2597
3 2144 1913 2578
3 3050 2146 2953
3 3623 333 2145
3 2594 2493 2716
3 2953 2559 3175
3 1861 1852 2269
3 2297 2021 2296
3 2148 2021 2297
3 2200 1049 2088
3 2193 1982 1988
3 2193 1988 2150
3 2044 1982 1987
3 2044 1648 1988
3 1988 1648 1989
3 2015 834 2117
3 2163 834 2015
3 2202 1991 2106
3 1990 1989 2104
3 2323 2152 2153
3 2153 2049 2323
3 2141 1869 2142
3 2218 1693 1774
3 2197 1693 2218
3 1916 1874 2277
3 2203 2158 2198
3 2124 2007 2206
3 2128 1883 2149
3 2149 1883 2129
3 2150 820 2193
3 2258 821 2102
3 2140 2117 2118
3 2164 1738 1869
3 1930 1738 2164
3 1962 1668 1669
3 2283 1978 2165
3 2367 1978 2283
3 2166 1978 2367
3 2166 1625 2469
3 2367 1625 2166
3 2203 2064 2108
3 2222 2168 2223
3 2497 2313 2371
3 2313 2170 2223
3 2312 2170 2171
3 2312 2171 2204
3 2495 2187 2219
3 2495 2172 2185
3 2173 2172 2496
3 2186 2172 2173
3 2793 2475 2822
3 2168 2108 2174
3 2108 1996 2174
3 2371 2168 2174
3 2371 2174 2175
3 2176 2169 2178
3 2443 2169 2176
3 2428 2176 2393
3 2443 2176 2428
3 2428 2177 2443
3 2425 2313 2497
3 2658 2177 2428
3 2181 2179 2652
3 2426 2179 2181
3 2678 2179 2426
3 2653 2179 2180
3 2652 2179 2653
3 2680 2180 2427
3 2426 2177 2658
3 2425 2177 2426
3 2426 2181 2425
3 2532 2423 2580
3 2423 2182 2580
3 2184 2183 2300
3 2491 2183 2184
3 2369 2184 2300
3 2219 2184 2369
3 2495 2219 2369
3 2187 2185 2368
3 2495 2185 2187
3 2185 2172 2186
3 2543 2185 2186
3 2439 2185 2543
3 2267 2204 2311
3 2311 2204 2368
3 2188 2158 2311
3 2198 2064 2203
3 2109 2079 2270
3 2109 2003 2189
3 1993 1979 2190
3 1963 1916 2063
3 2191 440 1585
3 2241 817 2136
3 2302 817 2241
3 2225 818 2226
3 2193 819 2129
3 2193 2129 2135
3 2241 818 2302
3 820 819 2193
3 2100 1937 2101
3 4877 1721 1912
3 4877 1912 2196
3 4877 2196 4881
3 1671 323 1254
3 1670 323 1671
3 2218 1941 2309
3 2218 2062 2197
3 2147 2078 2229
3 1852 1812 2269
3 2198 2158 2230
3 2207 1675 2199
3 2280 1055 2265
3 2265 2199 2280
3 2159 1268 1767
3 1268 1051 2329
3 2390 2201 2389
3 2161 820 2150
3 2257 2105 2202
3 2257 2202 2210
3 2267 2158 2203
3 2311 2158 2267
3 2204 2187 2368
3 2312 2204 2222
3 2156 1810 2167
3 2205 1563 2167
3 2205 2167 2581
3 2063 1812 1963
3 2254 1747 2253
3 2206 2007 2230
3 1678 1674 1675
3 2199 1675 2286
3 2265 1055 2288
3 2208 1049 2329
3 2208 1050 2201
3 2209 2112 2192
3 2241 1981 2135
3 2202 2106 2210
3 4867 2042 2252
3 2097 2015 2016
3 2244 2117 2140
3 2259 835 2212
3 2212 835 2154
3 2195 2105 2257
3 1713 1707 2214
3 2214 1707 2047
3 2215 1750 1835
3 2216 1750 2215
3 2215 454 2216
3 2228 1750 2216
3 2216 1624 2228
3 2216 454 1624
3 1857 1754 2217
3 2217 1754 2273
3 2273 424 2217
3 1973 1525 1831
3 2204 2171 2187
3 2220 2170 2313
3 2221 2220 2313
3 2561 2220 2221
3 2425 2181 2221
3 2187 2171 2219
3 2219 2171 2421
3 2203 2108 2168
3 2203 2168 2222
3 2312 2222 2223
3 2223 2168 2371
3 1919 1918 2224
3 2250 439 1782
3 2225 1883 2206
3 2243 2227 2259
3 2140 835 2227
3 1671 1669 1670
3 2174 2147 2229
3 1998 1997 2229
3 2079 2077 2270
3 2354 2079 2189
3 2231 2065 2066
3 2722 2231 2410
3 2400 2231 2722
3 2722 2232 2400
3 2411 2232 2722
3 2874 2232 2411
3 2874 2412 2982
3 2412 2234 2982
3 3135 2905 2983
3 3135 2983 3133
3 3067 2235 2905
3 3103 2237 3068
3 2930 2236 2237
3 2236 2235 3068
3 2237 2236 3068
3 3144 2238 3103
3 3073 2238 3144
3 2238 2237 3103
3 3142 2240 3193
3 3193 3105 3142
3 2250 1783 1975
3 1975 440 2250
3 2275 1981 2136
3 2136 817 2418
3 2034 2004 2242
3 2101 1902 2116
3 2258 832 2151
3 2212 832 2272
3 2243 2017 2227
3 2244 2017 2362
3 2152 1647 2047
3 2104 1647 2152
3 2246 2225 2245
3 2246 818 2225
3 2507 818 2246
3 2507 2247 2302
3 2547 817 2247
3 2547 2535 2592
3 2592 2535 2887
3 2887 2248 2536
3 2902 2350 2536
3 2063 1916 2277
3 2245 2206 2230
3 1782 439 2254
3 2209 2199 2265
3 2265 2112 2209
3 2275 816 2251
3 2271 1902 2161
3 2252 2211 4867
3 2140 2017 2244
3 1858 450 1365
3 2190 1829 2122
3 2682 1828 2253
3 2253 1829 2254
3 2285 2255 2345
3 1741 1054 2256
3 1054 1053 2256
3 1079 1052 2330
3 2256 1079 2330
3 2256 1051 1741
3 2160 1545 1965
3 2306 1990 2152
3 2152 1990 2104
3 2097 2016 2042
3 2339 832 2258
3 2227 835 2259
3 2141 868 1869
3 2230 2123 2245
3 2123 2065 2262
3 2262 2065 2231
3 2246 2231 2400
3 2507 2246 2400
3 2263 2232 2248
3 2263 2248 2535
3 2535 2248 2887
3 2264 1920 2286
3 2189 2079 2109
3 2265 1677 2112
3 2226 818 2241
3 1932 1606 1737
3 2213 2195 2257
3 2142 1723 2141
3 2047 1647 2214
3 2267 2203 2222
3 2222 2204 2267
3 1564 1525 1973
3 2274 2268 2386
3 2601 2276 2386
3 2269 1812 2314
3 2787 2316 2724
3 2042 2016 2266
3 2260 1722 2164
3 1760 1756 1940
3 2363 1756 1760
3 2276 2274 2386
3 2387 439 440
3 2251 816 2160
3 2272 831 2259
3 2245 2123 2262
3 2262 2231 2246
3 2156 1563 2277
3 2277 1874 2156
3 2301 1745 2278
3 2357 1945 2279
3 2280 2199 2286
3 2301 1056 2280
3 2278 1056 2301
3 2287 1055 2281
3 2088 1049 2208
3 2374 2282 2340
3 4991 1836 4985
3 2474 1978 2166
3 2473 2166 2284
3 2473 2284 2310
3 2261 1354 1974
3 1974 1354 2276
3 2246 2245 2262
3 2274 1915 2268
3 2281 1055 1056
3 2281 1056 2376
3 2287 1076 1077
3 2281 1076 2287
3 2288 1055 2287
3 2288 1677 2265
3 2319 1848 2288
3 2290 1053 2289
3 2331 2244 2307
3 2291 2038 2040
3 2614 2038 2291
3 3075 2292 2893
3 2893 2892 3075
3 2892 2830 3075
3 3075 2830 3015
3 3013 2293 3108
3 3108 2294 3159
3 2889 2294 3108
3 2872 825 2294
3 2893 2292 2935
3 1568 1397 2408
3 2061 1364 2408
3 1398 1364 2061
3 2296 1998 2000
3 2344 2188 2298
3 2298 2188 2311
3 2737 2299 2370
3 2737 2370 2579
3 2303 2088 2208
3 2208 2201 2303
3 2201 2089 2303
3 2303 1606 2088
3 2303 2089 2360
3 2252 2041 2304
3 2304 2211 2252
3 2305 2162 2323
3 2051 822 2500
3 2323 2162 2306
3 2307 2244 2362
3 2308 829 2282
3 2308 2282 2374
3 1568 1363 2143
3 2848 2325 2473
3 2473 2310 2848
3 2736 2325 2848
3 2736 451 2985
3 2848 451 2736
3 2439 2298 2368
3 2223 2170 2312
3 2313 2223 2371
3 2425 2221 2313
3 1974 1942 2261
3 2563 2314 2375
3 2372 2314 2787
3 2787 2314 2563
3 2316 2315 2660
3 2576 1532 2660
3 2317 1532 2576
3 2318 1531 2576
3 2506 1531 2318
3 2506 2318 2375
3 2375 2318 2563
3 2563 2318 2575
3 2660 2315 2575
3 2288 2287 2319
3 2287 1077 2319
3 2319 2289 2320
3 2319 1077 2289
3 2360 2213 2321
3 2322 2089 2390
3 2089 1723 2360
3 2360 1723 2213
3 2306 2152 2323
3 2323 2049 2305
3 2308 832 2339
3 2272 832 2308
3 2374 830 831
3 2309 1941 2474
3 2325 2309 2474
3 2309 2062 2218
3 2167 1563 2156
3 2372 1585 2269
3 2372 1853 2327
3 2327 1585 2372
3 2327 1853 2328
3 2913 1534 2328
3 2157 2063 2277
3 2277 1530 2157
3 1747 439 1862
3 1862 438 1747
3 2330 1052 2378
3 2321 1606 2360
3 2331 2037 2266
3 2383 2037 2331
3 2336 2037 2383
3 2332 2037 2336
3 2761 2332 2336
3 2916 2802 2812
3 2863 2039 2865
3 2812 2332 2761
3 2335 2041 2332
3 2041 2037 2332
3 2336 2291 2761
3 2558 2407 2715
3 2558 2337 2407
3 2715 2338 2558
3 2813 2338 2715
3 2102 829 2339
3 2339 829 2308
3 2391 2307 2362
3 2391 2340 4884
3 2362 2324 2391
3 2341 1761 2352
3 2365 2342 2530
3 3198 2343 2882
3 3263 2343 3417
3 3417 427 3263
3 2253 1745 1827
3 1828 1745 2253
3 2345 1545 2403
3 2477 2346 2403
3 2824 2346 2789
3 2789 2593 2824
3 2946 2347 4886
3 3107 2959 3156
3 2978 2348 2959
3 2959 2348 3156
3 2984 2466 2537
3 2537 2350 2984
3 2902 2536 2874
3 2351 1545 2345
3 2324 830 2391
3 2353 424 2494
3 2417 2079 2354
3 2444 2356 2616
3 2616 2356 2385
3 4868 2355 2402
3 2402 2355 4866
3 2023 2002 2356
3 2599 2023 2356
3 2357 2268 2285
3 2285 1945 2357
3 2357 2279 2788
3 2279 1944 2788
3 2345 1945 2285
3 2403 1945 2345
3 2358 1945 2403
3 2358 2346 2359
3 2359 2346 2824
3 2381 2330 2378
3 2305 2050 2500
3 2305 2049 2050
3 2102 821 2361
3 2407 822 2715
3 2337 829 2102
3 831 830 2324
3 2531 2364 2365
3 2364 2342 2365
3 2882 2365 2530
3 2854 2365 2882
3 2677 2366 2531
3 2467 2366 2677
3 2677 2365 2854
3 2283 1624 2367
3 2284 2166 2469
3 2368 2298 2311
3 2369 2172 2495
3 2369 2300 2496
3 2370 2173 2496
3 2299 2173 2370
3 2579 2183 2654
3 2654 2183 2580
3 2580 2182 2654
3 2371 2169 2497
3 2175 2169 2371
3 2372 2269 2314
3 2290 1078 2373
3 2304 2041 4871
3 2141 1723 2322
3 2048 1707 1714
3 2155 1914 2493
3 2023 2001 2417
3 2386 2268 2357
3 2508 2281 2376
3 2508 2376 2377
3 2508 2377 2509
3 2377 1057 1074
3 2377 1074 1075
3 2382 2378 2460
3 4989 2379 4980
3 2460 2405 2451
3 2373 1078 2380
3 2381 1269 2330
3 2381 2378 2382
3 2382 2091 2381
3 2407 2102 2361
3 2331 2307 2383
3 2542 2383 2392
3 2383 2307 2392
3 2392 2391 4884
3 2391 830 2340
3 2597 1913 2384
3 1942 1526 1973
3 2354 2002 2417
3 2385 2354 4866
3 2385 2355 2616
3 2682 438 2591
3 2386 2357 2788
3 1746 1056 2278
3 2302 818 2507
3 2403 1545 2477
3 2477 2430 2498
3 2498 2346 2477
3 2789 2346 2498
3 2201 1050 2389
3 2381 2091 2389
3 2389 1050 2381
3 2322 1723 2089
3 2419 2322 2390
3 2390 2090 2419
3 2392 2307 2391
3 2478 2437 2565
3 2829 2437 2478
3 2766 2542 2565
3 2542 2392 2565
3 2394 2178 2395
3 2393 2176 2394
3 2394 2176 2178
3 2344 2298 2399
3 2399 2298 2439
3 2397 2396 2543
3 2543 2396 2439
3 2475 2397 2543
3 2398 2397 2475
3 2793 2398 2475
3 2439 2396 2399
3 2399 2066 2344
3 2402 2080 4868
3 4868 2080 2081
3 4868 2081 4870
3 2477 1545 2388
3 2405 2404 2451
3 2406 2404 2405
3 2460 2378 2405
3 2405 1052 2406
3 2378 1052 2405
3 4871 2041 2335
3 2266 2037 2041
3 2361 822 2407
3 2480 1568 2479
3 3145 1212 2648
3 2597 2488 2648
3 2410 2066 2533
3 2939 2411 2786
3 2794 2411 2939
3 2412 2411 2794
3 2794 2233 2412
3 3134 2413 3061
3 3061 2060 3134
3 2898 2069 2415
3 2868 2069 2898
3 2655 2070 2415
3 2955 2070 2416
3 2417 2002 2023
3 2314 1812 2375
3 2247 817 2302
3 2430 2418 2547
3 4976 868 2419
3 2419 868 2322
3 1858 1365 2438
3 2438 1365 2420
3 2421 2170 2220
3 2421 2220 2422
3 2491 2421 2422
3 2423 2422 2561
3 2532 2422 2423
3 2424 2423 2561
3 2652 2423 2424
3 2652 2182 2423
3 2424 2181 2652
3 2221 2181 2424
3 2497 2177 2425
3 2178 2148 2395
3 2678 2426 2658
3 2427 2179 2678
3 2180 2179 2427
3 2658 2428 2440
3 2429 1862 2476
3 2476 1863 2429
3 2429 1863 1866
3 2430 2388 2418
3 2418 817 2547
3 1077 1076 2431
3 2445 2380 2431
3 2404 2380 2445
3 2380 1078 2431
3 2432 1714 2433
3 2048 1714 2432
3 1714 1708 2433
3 2529 829 2337
3 2282 829 2529
3 2803 2435 2779
3 2435 2434 2779
3 2828 2436 2803
3 2911 2436 2828
3 2803 2436 2733
3 2733 2436 2814
3 2565 2437 2766
3 2467 2107 2366
3 2325 2062 2309
3 2368 2185 2439
3 2440 2393 2441
3 2599 2440 2441
3 2441 2394 2395
3 2441 2393 2394
3 2441 2023 2599
3 2395 2148 2442
3 2497 2169 2443
3 2356 2002 2385
3 2616 2024 2444
3 2431 1076 2446
3 2445 2431 2446
3 2457 2446 2448
3 2447 2446 2725
3 2448 2446 2447
3 2448 2447 2449
3 2449 2447 2513
3 2449 1068 2450
3 2513 1068 2449
3 2459 2449 2450
3 2451 2445 2457
3 2451 2404 2445
3 2460 2451 2452
3 4980 2452 2456
3 4980 2379 2452
3 2456 2453 4980
3 2454 2453 2456
3 2514 2453 2454
3 2514 2454 2515
3 2515 2454 2458
3 2458 2455 2515
3 2457 2445 2446
3 2456 2452 2457
3 2452 2451 2457
3 2458 2454 2456
3 2458 2456 2457
3 2457 2448 2458
3 2459 2455 2458
3 2458 2448 2459
3 2459 2448 2449
3 2460 2379 2382
3 2452 2379 2460
3 2461 2091 4989
3 2548 2433 2538
3 2538 2524 2548
3 2524 2462 2661
3 2554 2525 2846
3 2846 2463 2526
3 2541 2464 2914
3 2914 2527 2541
3 2910 2464 2465
3 2528 2465 2977
3 2977 2466 2528
3 2340 2282 2501
3 2489 2273 2467
3 2489 424 2273
3 1624 454 2468
3 2468 454 2639
3 2639 453 2468
3 2469 453 2625
3 2625 2284 2469
3 2821 452 2625
3 2625 452 2284
3 3041 2470 3293
3 3293 2470 3360
3 3360 3040 3236
3 3688 2471 3766
3 3570 2471 3688
3 3250 2472 3120
3 3120 2985 3250
3 2474 2166 2473
3 2473 2325 2474
3 2442 2023 2441
3 2441 2395 2442
3 2822 2173 2299
3 2326 1530 1563
3 2476 2387 2545
3 2400 2263 2507
3 2501 2435 2733
3 2733 2478 2501
3 2408 1364 2479
3 2640 1757 2480
3 2480 1757 2352
3 2805 2490 2954
3 2484 2481 2485
3 2484 2482 3369
3 2649 2482 2650
3 3029 2649 2650
3 2954 2490 3369
3 3627 2484 2485
3 3453 2485 3810
3 3452 2646 3455
3 3554 2645 3643
3 3553 2486 3554
3 3553 427 3655
3 3655 2486 3553
3 2487 2484 3627
3 2487 2482 2484
3 3428 2487 3456
3 2597 2409 2488
3 2560 2488 2494
3 2488 2409 2494
3 2615 2489 2769
3 3249 2560 2769
3 2805 2560 3249
3 3031 2490 3249
3 2560 2483 2488
3 2805 2483 2560
3 2171 2170 2421
3 2428 2393 2440
3 2492 2074 2504
3 2253 438 2682
3 1747 438 2253
3 2479 1568 2408
3 2531 2363 2364
3 2363 2341 2364
3 2648 2578 2597
3 2494 424 2615
3 2496 2172 2369
3 2370 2300 2579
3 2231 2066 2410
3 2443 2177 2497
3 2477 2388 2430
3 2789 2498 2834
3 2834 2498 2592
3 2479 1364 2662
3 2768 2479 2662
3 2718 2502 2767
3 3198 2502 2718
3 3198 2503 3417
3 2658 2440 2504
3 2658 2504 2678
3 1870 1564 2806
3 2505 1974 2601
3 2563 2315 2787
3 2788 1943 2386
3 2263 2247 2507
3 2446 1076 2725
3 2725 2508 2564
3 2564 2508 2509
3 2564 2509 4878
3 4878 2512 2564
3 2511 2510 2774
3 2512 2510 2511
3 2513 2511 2774
3 2800 2512 4878
3 2800 2510 2512
3 2774 1068 2513
3 2773 2455 2459
3 2459 2450 2773
3 4978 2514 2790
3 2790 2514 2693
3 2515 2455 2517
3 2516 2455 2773
3 2517 2455 2516
3 2517 2516 2792
3 2908 2691 2792
3 2835 2518 2691
3 2835 2691 2908
3 2519 2518 2840
3 2755 2520 2756
3 4030 2520 2755
3 2754 2520 4030
3 2754 2522 3992
3 4088 2521 3813
3 2750 2521 4088
3 2522 2521 4142
3 4992 2523 2729
3 2726 2523 4983
3 2538 2462 2524
3 2462 1710 2525
3 2661 2462 2525
3 2525 2463 2846
3 2846 2526 2552
3 2552 2526 2541
3 2541 2527 2552
3 2528 2466 3028
3 3006 2528 3028
3 3028 2466 2984
3 2529 2434 2435
3 2501 2478 4884
3 2882 2502 3198
3 2421 2184 2219
3 2491 2184 2421
3 2491 2422 2532
3 2399 2396 2533
3 2533 2397 2398
3 2591 2534 2682
3 2376 1057 2377
3 2535 2247 2263
3 2547 2247 2535
3 2834 2592 2887
3 2536 2249 2887
3 2350 2249 2536
3 2499 2249 2350
3 2499 2350 2537
3 2525 1710 2463
3 2526 2463 2539
3 2539 2463 2596
3 3007 2942 3185
3 3007 2464 2942
3 2942 2464 2541
3 2541 2539 2942
3 2541 2526 2539
3 2565 2392 4884
3 2493 1914 2716
3 2543 2186 2475
3 2581 1870 2806
3 2544 1531 2739
3 2317 1531 2544
3 2926 2317 2544
3 2387 2191 2545
3 2327 1534 2545
3 2546 2476 2545
3 2328 1534 2327
3 2592 2430 2547
3 2555 2051 2548
3 2548 2524 2555
3 2556 2554 2866
3 2554 2549 2866
3 3074 2052 2975
3 2975 2550 3074
3 2929 2550 2915
3 2551 2550 2975
3 2976 2550 2551
3 2552 2527 2551
3 2552 2551 2553
3 2553 2551 2975
3 2846 2552 2553
3 2555 2524 2661
3 2556 2555 2661
3 2621 2555 2556
3 2621 2556 2866
3 824 823 2909
3 2342 1757 2640
3 2577 2144 2559
3 2577 2559 2953
3 2560 2494 2615
3 2422 2220 2561
3 2561 2221 2424
3 1564 1526 2676
3 2575 2315 2563
3 1866 1863 2744
3 2511 2447 2725
3 2512 2511 2564
3 2564 2511 2725
3 2383 2291 2336
3 2599 2356 2444
3 2972 2566 2600
3 2568 436 3090
3 2588 2568 3090
3 3281 2583 2585
3 3091 2583 3281
3 3343 2569 3127
3 3128 2569 3379
3 3736 3128 3839
3 3736 2570 3432
3 2668 2570 3736
3 3994 2668 3736
3 3839 2571 3994
3 2572 2571 3380
3 3864 2571 2572
3 3440 2572 3380
3 3741 2572 3440
3 3440 2573 3573
3 3423 2573 3407
3 2574 433 3346
3 2723 1057 1746
3 2575 2318 2576
3 2660 2575 2576
3 2577 2146 2716
3 2953 2146 2577
3 2559 2144 2578
3 2578 1212 2559
3 2496 2300 2370
3 2300 2183 2579
3 2580 2183 2491
3 2580 2491 2532
3 2806 2795 2823
3 2808 2205 2823
3 2806 1564 2676
3 2682 2534 2582
3 2582 2534 2566
3 2600 437 2567
3 2738 2568 2586
3 3418 2569 3432
3 2585 2583 3127
3 3125 3090 3281
3 3125 2588 3090
3 3122 2568 2588
3 3122 2588 3124
3 2586 2568 3122
3 2567 437 2586
3 2600 2567 2972
3 2675 2587 3123
3 3140 3122 3124
3 2972 2567 3062
3 2997 2590 2972
3 2590 2589 2972
3 2590 1058 2589
3 1059 1058 2590
3 2591 438 2429
3 2429 1866 2591
3 2545 1534 2546
3 2498 2430 2592
3 2834 2249 2876
3 2877 2876 2974
3 2974 2593 2877
3 2403 2346 2358
3 2594 324 2595
3 2853 2594 2595
3 2595 1711 2596
3 2596 1710 2595
3 2853 1709 2594
3 2559 1212 3175
3 2679 2073 2598
3 2832 2073 2679
3 2492 2440 2599
3 2533 2396 2397
3 2582 2566 2723
3 2681 1943 3042
3 2618 2602 3341
3 3341 3053 3603
3 3650 2603 3669
3 3779 2604 2619
3 2619 2604 3670
3 3845 2605 3785
3 3761 2608 4052
3 2607 2606 2608
3 3847 2606 2607
3 3847 2607 2647
3 3761 2607 2608
3 4062 3848 4054
3 3849 2610 4077
3 4055 2610 3849
3 4058 2611 4099
3 2612 2611 4058
3 4106 4058 4099
3 4099 2611 4114
3 4114 2611 4202
3 4200 2611 2612
3 4202 2611 4200
3 4206 2613 4200
3 4234 2613 4206
3 2376 1056 1746
3 2614 2291 2542
3 2434 2337 2558
3 2529 2435 2501
3 2769 2560 2615
3 2475 2173 2822
3 2186 2173 2475
3 2971 2024 2772
3 2620 2617 2681
3 2883 2681 3301
3 3651 3580 3603
3 3650 2619 3652
3 3652 2619 3670
3 2617 2505 2601
3 2562 2505 2620
3 2620 2505 2617
3 2215 455 4872
3 2639 2622 2820
3 4872 2622 2639
3 2623 2622 4872
3 2623 456 2627
3 2627 2622 2623
3 2626 2622 2627
3 2626 2624 2847
3 2847 2625 2820
3 2821 2625 2847
3 2820 2622 2626
3 2627 456 2782
3 2734 2627 2782
3 2632 2627 2734
3 2632 2626 2627
3 3119 2628 2637
3 2637 2629 3119
3 3039 2629 2637
3 2920 2629 3039
3 3579 2629 2920
3 3579 2920 3339
3 4063 3395 4127
3 4127 3395 4037
3 4111 2842 3828
3 2632 2624 2626
3 2979 2624 2633
3 2637 2628 2922
3 2922 2698 2881
3 2881 2634 3188
3 2731 2634 2881
3 2706 2635 2921
3 2851 2635 2688
3 2851 2758 2852
3 2758 2689 2852
3 2852 2636 2931
3 2689 2636 2852
3 3266 2757 3439
3 3119 2629 3278
3 2820 453 2639
3 2530 2342 2640
3 426 425 2854
3 2770 425 426
3 2770 426 2641
3 3300 2641 2642
3 2642 2641 3263
3 2924 2642 3643
3 3638 2605 3756
3 2643 2605 3638
3 3670 2643 3604
3 3652 2644 3459
3 3459 2644 3429
3 4003 2646 3451
3 3451 2645 4003
3 3761 2609 3455
3 2646 2607 3761
3 2467 425 2489
3 2648 2483 3145
3 3145 2483 2954
3 3369 2649 2954
3 2650 1213 3029
3 2650 2482 2651
3 3628 1214 2651
3 2653 2182 2652
3 2654 2182 2653
3 2653 2180 2655
3 2656 2180 2680
3 2655 2180 2656
3 2657 2656 2680
3 2657 2071 2656
3 2504 2440 2492
3 2870 1864 2659
3 2989 435 2659
3 2989 2862 3064
3 3206 2989 3064
3 2661 2554 2556
3 2661 2525 2554
3 2489 425 2769
3 1365 450 2663
3 2925 2855 2965
3 2925 2664 2855
3 3437 2665 3403
3 3666 3437 3667
3 3667 2666 3129
3 3806 2968 3820
3 3806 2667 3994
3 4075 2667 3820
3 3994 2667 2668
3 3023 2570 2668
3 3024 3020 3406
3 3406 3020 3397
3 3020 2669 3397
3 3397 2669 2670
3 2670 2669 3214
3 3152 2670 3214
3 3154 2670 3139
3 3251 2671 2672
3 3179 2671 3251
3 2672 2671 2673
3 2673 2671 2994
3 2674 2672 2673
3 3062 2674 2991
3 2997 2972 3062
3 2531 2365 2677
3 2488 2483 2648
3 2678 2504 2832
3 2721 2678 2832
3 2832 2679 2721
3 2680 2598 2657
3 2679 2598 2680
3 2721 2679 2680
3 2617 1943 2681
3 2601 1943 2617
3 2723 2566 2589
3 2723 2589 2833
3 2566 2534 2600
3 2400 2232 2263
3 2730 2684 4994
3 4984 2730 4994
3 4994 2684 4982
3 4982 2684 4977
3 4977 2684 2777
3 2777 2684 2763
3 2777 2685 4977
3 4977 2686 4883
3 4984 2704 2730
3 2701 2687 2699
3 2704 2687 2701
3 2704 2701 2705
3 2705 2688 2706
3 2851 2688 2758
3 2826 2689 2746
3 2825 2690 2748
3 2850 2690 2745
3 2850 2691 2747
3 2792 2691 2692
3 2692 2517 2792
3 2693 2515 2517
3 2693 2514 2515
3 4873 2694 2695
3 2790 2694 4873
3 4978 2790 4873
3 2695 2694 2728
3 2703 2696 2700
3 2763 2683 2697
3 2731 2698 2735
3 2881 2698 2731
3 2633 2624 2632
3 2703 2700 2775
3 2775 2700 2760
3 2801 2701 2776
3 2776 2702 2746
3 2775 2699 2703
3 2699 2687 2703
3 4984 2687 2704
3 2704 2683 2730
3 2705 2683 2704
3 2706 2683 2705
3 2697 2683 2706
3 2706 2634 2697
3 2921 2634 2706
3 2688 2635 2706
3 2949 2635 2845
3 2710 2707 2709
3 2960 2708 3004
3 3180 2708 3033
3 2708 2636 3033
3 2931 2636 2708
3 2709 2708 2960
3 2931 2708 2709
3 2852 2709 2851
3 2949 2918 2921
3 2921 2635 2949
3 3036 2707 2710
3 3034 2711 3109
3 2932 2711 3034
3 3037 2711 2712
3 3220 3072 3290
3 3070 2713 3221
3 3371 3005 3349
3 3371 3349 3388
3 2714 2713 3070
3 2716 324 2594
3 2146 324 2716
3 2662 1364 1759
3 3277 2719 3235
3 3277 2717 3016
3 3016 2717 3385
3 3385 2718 3016
3 3385 2503 2718
3 3235 2717 3277
3 2721 2427 2678
3 2680 2427 2721
3 2410 2067 2722
3 2676 1526 2562
3 2676 2562 3052
3 3052 2562 3189
3 2513 2447 2511
3 4873 2695 2726
3 2727 2523 2695
3 2729 2523 2727
3 2727 2696 2729
3 2695 2523 2726
3 2335 2332 2334
3 2763 2684 2730
3 2697 2634 2731
3 2909 2732 2762
3 2558 828 2434
3 2733 2435 2803
3 2829 2478 2733
3 2623 455 4882
3 2735 2734 2782
3 2804 2735 2782
3 2735 2698 2734
3 2848 2310 3089
3 3089 451 2848
3 2736 2062 2325
3 2663 450 2736
3 2653 2069 2654
3 2655 2069 2653
3 2737 2069 2868
3 2654 2069 2737
3 2737 2579 2654
3 2849 2744 2870
3 2849 1865 2738
3 3178 436 1865
3 2328 1853 2724
3 2724 1533 2328
3 2328 1533 2913
3 2740 2544 2899
3 3297 2741 3043
3 3043 2741 2899
3 2741 2740 2899
3 2886 1074 2742
3 2742 1074 2833
3 2743 1072 2885
3 2728 2694 2745
3 2760 2728 2745
3 2745 2690 2760
3 2702 2690 2825
3 2746 2702 2825
3 2826 2746 2825
3 2747 2690 2850
3 2748 2690 2747
3 2691 2518 2747
3 2747 2519 2748
3 2748 2519 3046
3 3046 2519 3047
3 2878 2749 3047
3 3813 2880 4088
3 4111 2750 2842
3 3828 3746 4111
3 3745 2951 3996
3 3616 3038 3665
3 3038 2951 3665
3 3665 3165 3616
3 3166 2753 3634
3 3634 2752 3166
3 3634 2753 2952
3 2952 2753 4002
3 4035 4002 4092
3 4035 3614 4049
3 3965 3614 4001
3 3404 2520 3964
3 4001 3836 3965
3 3439 2756 3266
3 3439 2749 2756
3 2758 2688 2801
3 2700 2696 2727
3 2760 2700 2728
3 2728 2700 2727
3 2727 2695 2728
3 2732 2103 2762
3 2762 2103 2866
3 2762 2052 2933
3 2909 2762 2933
3 2933 2052 2053
3 3048 2052 3074
3 2730 2683 2763
3 2338 828 2558
3 2934 2038 2827
3 2827 2038 2614
3 2614 2542 2766
3 2716 1914 2577
3 2767 2502 2768
3 2480 2479 2640
3 2768 2530 2640
3 2768 2502 2530
3 2625 453 2820
3 2769 425 2770
3 3249 2769 2770
3 2771 2074 2492
3 2772 2024 2616
3 2600 2534 2807
3 2773 2450 2516
3 2760 2702 2775
3 2775 2702 2776
3 2760 2690 2702
3 2776 2699 2775
3 2701 2699 2776
3 2705 2701 2801
3 2866 2103 2621
3 2777 2763 2778
3 2763 2697 2778
3 2778 2731 2735
3 2778 2697 2731
3 2779 827 2780
3 2764 826 2780
3 4977 2685 2686
3 2804 2782 2783
3 2782 456 2783
3 2781 2685 2783
3 2686 2685 2781
3 3377 2784 3680
3 3680 2785 3377
3 3377 2785 3450
3 3450 2785 3434
3 2936 2771 2970
3 2722 2067 2786
3 2786 2411 2722
3 2787 2315 2316
3 2660 1532 2316
3 2788 1944 2884
3 2616 2355 2940
3 2248 2232 2874
3 2877 2593 2789
3 2791 2694 2790
3 2693 2692 2791
3 2693 2517 2692
3 2790 2693 2791
3 2745 2694 2791
3 2792 2516 2864
3 2786 2067 2793
3 2912 2786 2793
3 2413 2233 2794
3 3288 2795 2873
3 3212 1529 3386
3 2724 1853 2787
3 2724 2316 2796
3 2316 1532 2796
3 2796 1532 2956
3 4878 2797 4876
3 4876 2797 2799
3 2799 2797 2798
3 2798 1069 2799
3 4876 2800 4878
3 2801 2746 2758
3 2776 2746 2801
3 2801 2688 2705
3 2761 2040 2812
3 2863 2802 2916
3 2780 827 2764
3 2778 2735 2804
3 2804 2685 2777
3 2804 2777 2778
3 2783 2685 2804
3 2490 2481 3369
3 3369 2481 2484
3 2823 2581 2806
3 2823 1529 2809
3 2795 1529 2823
3 2849 2738 2807
3 2738 437 2807
3 1865 436 2738
3 2326 2205 2808
3 2809 2808 2823
3 2809 1529 3212
3 2824 2593 2811
3 2593 2347 2811
3 4870 2334 2802
3 2557 2338 2813
3 2764 2338 2557
3 2813 823 2557
3 2815 2437 2829
3 2867 2437 2815
3 2867 2765 2827
3 2831 2765 2867
3 2816 2765 2948
3 2817 2816 2948
3 2819 2436 2890
3 2890 2818 2819
3 2890 2436 2911
3 2818 2817 2819
3 2820 2626 2847
3 2979 2638 2821
3 2979 2821 2847
3 2912 2793 2822
3 2898 2414 2869
3 2739 2326 2899
3 2536 2248 2874
3 2825 2748 2826
3 2826 2748 3046
3 2827 2614 2766
3 2827 2766 2867
3 2803 2779 2780
3 2803 2780 2828
3 2814 2436 2819
3 2829 2733 2814
3 2867 2815 2831
3 2819 2817 2831
3 2831 2815 2819
3 2948 2765 2831
3 3237 2873 3052
3 3237 3052 3189
3 3189 1527 3237
3 2833 1058 2885
3 2589 1058 2833
3 2899 2326 2808
3 2877 2789 2834
3 2692 2691 2850
3 2957 2835 2908
3 2957 2836 3018
3 3238 2837 3265
3 3239 2837 3238
3 4041 2838 3396
3 4143 2838 3021
3 4143 3021 4105
3 4105 3951 4017
3 4105 2839 3951
3 2840 2835 3130
3 3342 2841 3131
3 3676 2841 4089
3 4150 3952 4089
3 4132 3952 4150
3 4004 2842 4132
3 3828 2842 4004
3 4111 3746 4126
3 4049 3965 3992
3 3964 2520 2754
3 3005 2844 3630
3 2845 2635 2851
3 2845 2707 2949
3 2334 2332 2812
3 2802 2334 2812
3 2846 2553 2554
3 2553 2549 2554
3 2829 2814 2815
3 2847 2624 2979
3 2979 2628 2638
3 2854 425 2677
3 2807 1867 2849
3 2870 435 1865
3 2876 2249 2499
3 2877 2834 2876
3 2791 2692 2850
3 2850 2745 2791
3 3027 2689 2826
3 2557 823 824
3 2853 1710 2462
3 1759 1758 2662
3 2855 2420 2965
3 3430 2856 2857
3 2857 2856 3243
3 3243 2856 2860
3 3414 2858 3367
3 3387 2858 3414
3 3367 2858 3318
3 2941 2811 3065
3 2860 2856 2861
3 3042 1943 2884
3 2884 2861 3042
3 2989 2659 2913
3 2913 2862 2989
3 2865 2333 2973
3 2516 1067 2864
3 2450 1067 2516
3 1068 1067 2450
3 4870 2802 2865
3 4870 2865 2973
3 2746 2689 2758
3 3027 2636 2689
3 2865 2802 2863
3 2762 2549 2975
3 2975 2549 2553
3 2815 2814 2819
3 2965 1365 2663
3 3032 2868 2869
3 3032 2068 2868
3 2656 2070 2655
3 2071 2070 2656
3 2589 2566 2972
3 2780 826 2828
3 2961 2872 2947
3 2872 2294 2889
3 2795 2676 2873
3 2873 2676 3052
3 2807 437 2600
3 2874 2411 2412
3 2875 1073 2810
3 2810 1069 2798
3 2810 2798 2875
3 2876 2499 2958
3 2840 2518 2835
3 3207 2519 2840
3 3588 2878 3207
3 2879 2878 3588
3 3813 2879 2880
3 2880 2879 3588
3 2909 823 2732
3 2949 2707 3160
3 3039 2637 2922
3 2922 2881 3039
3 2530 2502 2882
3 2939 2912 3032
3 3189 2620 2883
3 2618 1527 2883
3 2883 2620 2681
3 2742 1062 2886
3 1072 1062 2742
3 2885 1072 2742
3 2886 1062 4874
3 2940 2355 2973
3 2973 2333 3063
3 2887 2249 2834
3 2537 2349 2499
3 825 824 2909
3 2888 824 825
3 2828 826 2871
3 2917 2871 2961
3 2947 2889 3009
3 3009 2890 2947
3 2891 2890 3009
3 2891 2818 2890
3 3015 2830 2891
3 2892 2817 2830
3 2830 2817 2818
3 2892 2816 2817
3 3015 2293 3075
3 3183 2894 3011
3 2895 2072 2936
3 3017 2416 2895
3 3051 2955 3017
3 3176 2414 3121
3 2771 2024 2970
3 2444 2024 2771
3 2415 2069 2655
3 2896 2415 2955
3 2912 2068 3032
3 2899 2544 2739
3 2900 2862 2913
3 2902 2874 2982
3 2982 2901 2902
3 2984 2901 2903
3 2930 2903 2904
3 2904 2236 2930
3 3028 2903 2930
3 2904 2235 2236
3 2905 2235 2904
3 2907 1066 2906
3 2907 2510 4879
3 4879 1066 2907
3 2908 2792 2864
3 2908 2864 2906
3 2294 825 2933
3 2933 825 2909
3 2914 2464 2910
3 2871 826 2888
3 2911 2828 2871
3 2911 2871 2917
3 2947 2911 2917
3 2947 2890 2911
3 2939 2786 2912
3 2884 2860 2861
3 3003 2901 2982
3 2903 2901 3003
3 2824 2811 2941
3 2941 2359 2824
3 2976 2527 2914
3 2551 2527 2976
3 2976 2910 2915
3 2915 2550 2976
3 2915 2528 3006
3 2975 2052 2762
3 2709 2707 2845
3 2961 2871 2888
3 3211 2918 3384
3 3305 2919 3340
3 3339 3305 3340
3 3305 2920 3188
3 3188 2634 3211
3 2921 2918 3211
3 3211 2634 2921
3 2922 2633 2698
3 2922 2628 2633
3 3041 452 2821
3 2821 2638 3041
3 3810 2481 2923
3 2485 2481 3810
3 3452 2923 2924
3 3403 2664 2925
3 3403 2925 3120
3 2806 2676 2795
3 2926 2544 2740
3 3297 3138 3398
3 3138 2927 3398
3 3605 3177 3541
3 3637 2928 3605
3 3637 3605 3653
3 2928 2643 3638
3 3637 2643 2928
3 2929 2237 2238
3 3006 2237 2929
3 2931 2709 2852
3 2851 2709 2845
3 2712 2711 3071
3 3159 2294 2933
3 2933 2053 3159
3 2934 2765 2816
3 2934 2816 2893
3 2934 2893 2935
3 2827 2765 2934
3 2698 2632 2734
3 2633 2632 2698
3 2936 2074 2771
3 3017 2895 2937
3 3017 2937 3051
3 3121 2025 2083
3 3121 2083 2938
3 3215 2938 3216
3 2938 2027 3216
3 2980 2926 3044
3 3063 2940 2973
3 2865 2039 2333
3 3136 2863 2916
3 2901 2350 2902
3 2984 2350 2901
3 2812 2040 2916
3 3185 2943 3007
3 3035 2943 3197
3 3261 1712 3197
3 3367 3208 3315
3 3315 3208 3268
3 3318 2945 3156
3 2859 2347 2946
3 2831 2817 2948
3 3298 2918 2949
3 3384 2918 3298
3 3298 2950 3384
3 3312 2950 3298
3 3593 2950 3312
3 3799 2950 3593
3 3616 2751 3038
3 2952 2751 3616
3 4036 2843 4131
3 3137 2146 3050
3 3137 324 2146
3 3030 2953 3175
3 2954 2649 3145
3 3369 2482 2649
3 2954 2483 2805
3 2415 2070 2955
3 3032 2794 2939
3 2956 2926 2980
3 2908 2906 2957
3 2906 1066 2957
3 3018 2835 2957
3 2982 2234 3003
3 2974 2876 2958
3 4886 2958 3107
3 3107 2958 2959
3 3289 3033 3266
3 3180 3033 3289
3 2040 2038 2935
3 3136 2039 2863
3 2888 825 2961
3 2961 825 2872
3 2947 2917 2961
3 3162 326 2963
3 3050 2145 2962
3 2966 2855 3421
3 2855 2664 3421
3 3621 2967 2969
3 3673 2968 3864
3 3381 2969 3673
3 2967 2665 3666
3 3666 2665 3437
3 2937 2895 2936
3 2937 2936 2970
3 2971 2937 2970
3 3051 2937 2971
3 2971 2025 3051
3 3032 2413 2794
3 2811 2347 2859
3 3141 2859 2946
3 2974 2347 2593
3 4886 2347 2974
3 2974 2958 4886
3 3074 2550 2929
3 2910 2465 2915
3 2914 2910 2976
3 2915 2465 2528
3 2537 2466 3035
3 3195 2978 3008
3 2959 2349 2978
3 2710 2709 2960
3 2633 2628 2979
3 2898 2415 2896
3 2995 2590 2997
3 2998 2995 2997
3 2995 1059 2590
3 2810 1071 2981
3 1071 1064 2981
3 3239 1064 3092
3 2412 2233 2234
3 2234 2233 3133
3 2983 2234 3133
3 2905 2904 2983
3 3003 2234 2983
3 2947 2872 2889
3 2965 2663 2985
3 2985 2925 2965
3 3063 2772 2940
3 2900 1533 2401
3 2900 2401 2986
3 3045 2986 2987
3 2986 2401 2987
3 3344 2987 3419
3 3348 3297 3398
3 3206 435 2989
3 2996 2995 4885
3 2996 1059 2995
3 2992 2990 2998
3 2991 2673 2992
3 3213 2993 2994
3 3152 2671 3179
3 2992 2673 2994
3 2998 2990 4885
3 4885 2995 2998
3 2998 2991 2992
3 2674 2673 2991
3 2997 2991 2998
3 2860 1944 2941
3 3000 1059 2996
3 2999 2743 2885
3 2999 1060 2743
3 3000 2996 3002
3 3001 3000 3002
3 4885 2993 3002
3 3242 2993 3213
3 3002 2993 3242
3 3240 3001 3002
3 2983 2904 3003
3 2904 2903 3003
3 3069 3004 3180
3 3104 3004 3069
3 3069 3005 3371
3 3289 3005 3069
3 3289 2844 3005
3 2844 2756 3404
3 2929 2915 3006
3 2930 2237 3006
3 3028 2930 3006
3 2465 2464 3007
3 2977 2465 3007
3 3035 2466 2977
3 3008 2537 3035
3 3008 2349 2537
3 3195 2944 3196
3 3009 2889 3015
3 3015 2889 3108
3 3013 3010 3011
3 3210 3010 3219
3 3011 3010 3210
3 3217 3012 3271
3 3011 2894 3013
3 3209 3014 3183
3 3270 2028 3014
3 3015 2891 3009
3 2830 2818 2891
3 3016 2718 2767
3 2955 2416 3017
3 3130 2835 3018
3 3130 3018 3238
3 3636 3396 3803
3 3021 2838 3735
3 3021 2839 4105
3 3022 3021 3735
3 3022 2668 3821
3 3023 2668 3022
3 3024 2570 3023
3 3734 3020 3024
3 3536 3020 3734
3 3636 3536 3734
3 3536 2669 3020
3 3242 3025 3241
3 3636 3019 3026
3 3803 3019 3636
3 3002 2996 4885
3 2958 2499 2959
3 2499 2349 2959
3 2984 2903 3028
3 2942 2539 3186
3 3175 1212 3145
3 3029 1213 3534
3 3030 3029 3534
3 3534 2145 3030
3 3623 2145 3534
3 3249 2770 3300
3 3031 2481 2490
3 2924 2923 3031
3 2869 2868 2898
3 2980 2401 2956
3 3199 435 3206
3 2747 2518 2519
3 3033 2636 3027
3 3004 2932 3034
3 3034 2960 3004
3 3034 2710 2960
3 3007 2943 2977
3 2977 2943 3035
3 3298 2949 3160
3 3076 3034 3109
3 3088 3034 3076
3 3109 2711 3037
3 3109 3037 3354
3 3037 2712 3233
3 3616 3165 3634
3 4036 2751 2843
3 3188 2920 3039
3 3039 2881 3188
3 3412 2629 3579
3 3647 3040 3443
3 3278 2470 3041
3 3278 3041 3119
3 2343 426 2882
3 3249 2490 2805
3 3042 2861 3294
3 3043 2808 2809
3 3297 3043 3138
3 3138 3043 3212
3 3386 2927 3138
3 2926 2740 3044
3 3044 2740 2741
3 2900 432 2862
3 2986 432 2900
3 2981 1065 1070
3 2981 1064 1065
3 3027 2826 3046
3 3046 2757 3027
3 3027 2757 3033
3 3047 2757 3046
3 3439 2757 3047
3 2053 2052 3048
3 3049 2053 3048
3 2054 2053 3049
3 2055 2054 3049
3 2056 2055 3049
3 3293 452 3041
3 3051 2025 3121
3 3051 2896 2955
3 2896 2414 2898
3 3816 3779 3814
3 3779 3669 3814
3 3752 3054 3782
3 3056 3055 3794
3 3794 3055 3784
3 3770 3055 3056
3 3818 3787 3789
3 3790 3057 3794
3 3794 3058 3790
3 4941 3059 4042
3 4042 3059 3783
3 3948 3769 3783
3 3422 3060 3768
3 2869 2413 3032
3 3061 2413 2869
3 3062 2567 2587
3 3062 2587 2675
3 2675 2674 3062
3 3062 2991 2997
3 2987 2401 2980
3 3063 2082 2772
3 3063 2333 3146
3 2333 2039 3146
3 2083 2082 3063
3 3092 1062 1063
3 1063 1061 3092
3 3065 2860 2941
3 3243 3065 3066
3 3066 2858 3387
3 3098 2235 3067
3 3068 2235 3098
3 3100 2239 3103
3 3097 3068 3098
3 3289 3069 3180
3 3371 2714 3104
3 3158 2932 3104
3 3071 2932 3158
3 3072 3071 3158
3 3158 3070 3072
3 3072 3070 3290
3 3220 2712 3072
3 3143 3048 3073
3 3142 3073 3144
3 2935 2292 3136
3 2893 2816 2892
3 3036 2710 3088
3 3354 3076 3109
3 3234 3077 3233
3 3311 3232 3275
3 3311 3078 3232
3 3273 3078 3311
3 3111 3079 3080
3 3353 3079 3352
3 3333 3079 3353
3 3338 3079 3333
3 3338 3333 3355
3 3427 3355 3401
3 3082 3081 3230
3 3229 3082 3657
3 3229 3083 3084
3 3749 3084 4064
3 4064 3113 4153
3 3329 3323 4085
3 4032 3086 3087
3 3226 3087 4031
3 3160 3036 3356
3 3307 3288 3460
3 3307 1529 3288
3 3288 1529 2795
3 2738 436 2568
3 3090 436 3091
3 3092 1071 4874
3 4874 1062 3092
3 3092 1064 1071
3 3067 2905 3135
3 4887 3094 3255
3 3255 3094 3245
3 3255 3099 4887
3 3255 3095 3099
3 3157 3095 3096
3 3096 3095 3267
3 3102 3096 3194
3 4887 3097 3098
3 3099 3097 4887
3 3100 3097 3099
3 3100 3099 3101
3 3099 3095 3101
3 3101 2239 3100
3 3157 2240 3101
3 2240 2239 3101
3 3193 2240 3157
3 3157 3096 3102
3 3144 2240 3142
3 3103 2239 3144
3 3100 3068 3097
3 3103 3068 3100
3 3004 2708 3180
3 3104 2932 3004
3 3071 2711 2932
3 3143 2056 3049
3 3105 2056 3143
3 3049 3048 3143
3 2978 2349 3008
3 3268 2978 3106
3 3268 2348 2978
3 3156 2945 3107
3 3159 3013 3108
3 3108 2293 3015
3 3088 2710 3034
3 3232 3110 3564
3 3358 3078 3111
3 3111 3078 3273
3 3562 3112 3118
3 3118 3112 3641
3 3323 3086 4032
3 4085 3324 4096
3 4039 3114 4040
3 3679 3114 3115
3 3115 3114 4133
3 3679 3115 4034
3 4022 3661 3678
3 3743 3661 4022
3 3743 3116 3661
3 3661 3116 3543
3 3463 3117 3543
3 3374 3117 3463
3 3542 3117 3374
3 3825 3542 3563
3 3798 3542 3825
3 3824 3118 3641
3 3825 3118 3824
3 3016 1758 3277
3 3120 2925 2985
3 3121 2896 3051
3 2869 2414 3061
3 2587 2567 2586
3 3140 2587 3122
3 3123 2587 3140
3 3153 3123 3140
3 3140 3124 3148
3 3282 3124 3125
3 3431 3126 3313
3 3431 3313 3418
3 3343 3127 3200
3 3127 2583 3200
3 3379 2569 3343
3 3129 2666 2968
3 3129 2968 3673
3 3667 3129 3666
3 3342 3130 3238
3 3207 2840 3131
3 3207 3131 3588
3 3676 2880 3588
3 3094 3093 3132
3 3132 2059 3094
3 3133 2413 3134
3 3133 2233 2413
3 3135 3133 3134
3 3134 2060 3132
3 3134 3132 3135
3 3132 3093 3135
3 3093 3067 3135
3 4887 3067 3093
3 3030 2145 3050
3 3235 2719 2966
3 3147 3123 3153
3 3251 2674 2675
3 3147 2675 3123
3 3251 2675 3147
3 3190 3140 3148
3 3153 3140 3190
3 3148 3124 3155
3 3065 2859 3141
3 3066 3065 3141
3 3141 2858 3066
3 3065 2811 2859
3 3143 3073 3142
3 3142 3105 3143
3 3144 2239 2240
3 3072 2712 3071
3 3136 2292 2295
3 3277 1759 2719
3 3121 2414 2896
3 3146 2083 3063
3 3251 2672 2674
3 3190 3148 3151
3 3282 3150 3155
3 3308 3150 3282
3 3151 3150 3370
3 3155 3150 3151
3 3154 3151 3370
3 3139 2670 3152
3 3179 3139 3152
3 3153 3139 3147
3 3190 3151 3154
3 3154 3153 3190
3 3151 3148 3155
3 2946 2945 3141
3 3318 3156 3208
3 3101 3095 3157
3 3157 3102 3193
3 3104 2714 3158
3 3136 2295 3257
3 3257 2039 3136
3 3159 2054 3010
3 3159 3010 3013
3 3354 3037 3077
3 3077 3037 3233
3 3160 2707 3036
3 3161 2962 2964
3 3161 325 2962
3 2964 2963 3161
3 2963 326 3161
3 2963 333 3276
3 2964 333 2963
3 2962 2145 2964
3 3162 2963 3276
3 3163 3162 3276
3 3447 3163 4112
3 4094 4016 4091
3 3312 3160 3356
3 3485 3312 3356
3 3485 3356 3391
3 3391 2752 3485
3 3166 2752 3174
3 3287 3166 3174
3 3612 3167 3681
3 3826 3173 4050
3 3173 3172 4050
3 4124 3170 4171
3 4152 3169 4171
3 4171 3170 4151
3 4128 3170 4060
3 4060 3171 4128
3 3968 3171 3760
3 3760 3172 3357
3 3565 3172 3173
3 3565 3173 3583
3 3583 3167 3368
3 3368 3167 3612
3 3612 3287 3368
3 3174 2752 3391
3 3174 3076 3354
3 3050 2953 3030
3 2587 2586 3122
3 3386 3138 3212
3 3541 3177 3386
3 3018 1065 3264
3 2836 1065 3018
3 3147 3139 3179
3 4887 3093 3094
3 3192 2059 3181
3 3192 3181 3191
3 3192 2058 2059
3 3183 3182 3209
3 3183 3011 3182
3 2894 2293 3013
3 2295 2292 3184
3 3184 2293 2894
3 2293 2292 3075
3 3184 2292 2293
3 2942 2540 3185
3 3186 2540 2942
3 3185 326 3261
3 2540 326 3185
3 3186 2539 2596
3 3339 2630 3579
3 3579 2630 3187
3 3187 2630 3395
3 3443 3394 3412
3 3394 2470 3278
3 3175 3029 3030
3 3534 1213 3393
3 2897 2060 3061
3 2993 2990 2992
3 3181 2059 3132
3 3256 3191 3285
3 3192 3191 3256
3 3246 2058 3256
3 3256 2058 3192
3 3105 3102 3194
3 3193 3102 3105
3 3196 3106 3195
3 3106 2978 3195
3 3315 3196 3262
3 3268 3106 3315
3 3197 3008 3035
3 2962 325 1711
3 2962 1711 3137
3 3417 2343 3198
3 2966 2719 2855
3 3091 436 3178
3 3178 2583 3091
3 3199 2583 3178
3 3200 2583 3199
3 3379 3314 3561
3 3314 3201 3561
3 3296 3201 3314
3 3202 3201 3296
3 3202 433 2574
3 3423 2574 3203
3 3203 2574 3346
3 3345 3204 3423
3 3573 3204 3205
3 3740 430 3205
3 3061 2414 3176
3 3176 2897 3061
3 2993 2992 2994
3 3033 2757 3266
3 2945 2858 3141
3 3158 2714 3070
3 3217 3210 3219
3 3182 3011 3210
3 3184 2084 2295
3 3197 2943 3261
3 2873 1528 3288
3 3237 1528 2873
3 3044 2988 3419
3 3348 2988 3044
3 3213 2671 3152
3 2994 2671 3213
3 3242 3213 3214
3 3213 3152 3214
3 3214 3025 3242
3 3214 2669 3025
3 3215 2897 3176
3 3176 2938 3215
3 3012 2055 3258
3 3219 3012 3217
3 3219 2055 3012
3 3248 2712 3220
3 3248 3220 3292
3 3292 3220 3303
3 3303 3220 3290
3 3272 3221 3319
3 3221 2713 3415
3 3539 3409 3415
3 3539 3222 3409
3 4072 3224 3966
3 3685 3224 4072
3 3950 3224 3685
3 3950 3169 3225
3 3225 3169 3686
3 3591 3225 3686
3 3686 3320 3591
3 4074 3831 4073
3 3322 3226 4073
3 4181 4135 4188
3 4188 3227 4014
3 4135 3227 4188
3 4134 4014 4121
3 4134 3228 4153
3 3337 3228 4134
3 3657 3082 3230
3 3392 3231 3549
3 3311 3286 3292
3 3233 2712 3248
3 3234 3233 3286
3 3275 3234 3286
3 3050 2962 3137
3 3235 429 2717
3 3280 1528 3237
3 3301 2681 3042
3 3155 3124 3282
3 3239 3238 3264
3 3265 2837 3241
3 3241 3026 3265
3 3092 1061 3239
3 3239 1061 2837
3 1061 1060 3240
3 2837 1061 3240
3 3241 2837 3240
3 3121 2938 3176
3 3241 3240 3242
3 3240 3002 3242
3 3044 2741 3348
3 3243 2860 3065
3 3260 2057 3246
3 3246 3096 3267
3 3257 2026 2039
3 3260 3246 3256
3 3014 2028 3247
3 3271 2029 3218
3 2085 2084 3184
3 3088 3076 3391
3 3391 3076 3174
3 2719 2420 2855
3 2770 2641 3300
3 3300 3031 3249
3 2923 2481 3031
3 3250 451 3279
3 3378 3250 3279
3 3251 3147 3179
3 3154 3139 3153
3 3191 2032 3283
3 3283 2033 3252
3 3247 2028 3252
3 3269 3253 3270
3 3254 3253 3269
3 2027 2026 3257
3 3267 3095 3255
3 3194 3096 3246
3 3246 2057 3194
3 2295 2084 3257
3 3257 2084 2086
3 2086 2027 3257
3 2086 2084 3247
3 3258 2057 3259
3 3259 3012 3258
3 3271 3012 3259
3 3259 2057 3260
3 3260 2030 3259
3 3261 327 1712
3 3196 2944 3262
3 2641 426 2343
3 3281 3090 3091
3 3238 3018 3264
3 3342 3238 3265
3 3026 3019 3265
3 2987 2980 3419
3 3146 2026 2083
3 3255 3245 3267
3 3267 3245 3246
3 3252 2028 3253
3 3253 2028 3270
3 3208 2348 3268
3 3156 2348 3208
3 3209 3182 3218
3 3218 2029 3269
3 3269 3209 3218
3 3269 2029 3254
3 3270 3209 3269
3 3218 3182 3210
3 3218 3210 3217
3 3218 3217 3271
3 3195 3008 3197
3 3197 2944 3195
3 3303 3272 3351
3 3351 3274 3303
3 3331 3274 3351
3 3274 3273 3311
3 3311 3275 3286
3 3163 334 4112
3 3305 3188 3211
3 2718 2503 3198
3 3385 2717 2784
3 3278 2629 3412
3 3279 3089 3293
3 3378 3279 3360
3 3124 2588 3125
3 3309 3125 3281
3 3281 2585 3309
3 3309 2585 3126
3 3313 3127 3418
3 3266 2844 3289
3 3283 3252 3284
3 3253 2031 3284
3 3254 2031 3253
3 3284 2031 3285
3 3286 3248 3292
3 3286 3233 3248
3 3287 3174 3354
3 3288 1528 3460
3 3283 2032 2033
3 3284 3252 3253
3 3351 3272 3424
3 3424 3330 3351
3 3420 3330 3424
3 3410 3330 3420
3 3410 3291 3330
3 3366 3291 3352
3 3352 3079 3366
3 3356 3088 3391
3 3356 3036 3088
3 3301 2602 2883
3 3301 3042 3294
3 3413 3294 3306
3 3589 3295 3306
3 3438 3295 3589
3 3629 3295 3438
3 3343 3200 3302
3 3302 3200 3206
3 3206 434 3302
3 3302 434 3296
3 3298 3160 3312
3 3621 2966 3421
3 3381 3299 3436
3 3640 3299 3741
3 3573 3205 3640
3 3300 2924 3031
3 3237 1527 3280
3 3301 3294 3413
3 3419 2980 3044
3 3318 2858 2945
3 3290 3221 3272
3 3303 3274 3292
3 2950 2919 3384
3 3566 2950 3799
3 3745 3304 3566
3 3395 2630 4037
3 3305 3211 3384
3 2861 2856 3294
3 3294 2856 3306
3 3306 2856 3430
3 3589 3430 3538
3 3282 3125 3308
3 3308 3125 3309
3 3126 2585 3313
3 3309 3149 3308
3 3363 2857 3243
3 3243 3066 3363
3 3660 329 3310
3 3290 3070 3221
3 3292 3274 3311
3 3080 3079 3338
3 3593 3312 3485
3 3360 3279 3293
3 3360 3236 3378
3 3386 1529 3307
3 3302 3296 3314
3 3296 434 3347
3 3388 2714 3371
3 3315 3262 3316
3 3367 3315 3316
3 3382 3316 3317
3 3414 3316 3382
3 3414 3382 3461
3 3461 3382 3389
3 3318 3208 3367
3 3315 3106 3196
3 3290 3272 3303
3 3424 3272 3319
3 3591 3410 3420
3 3591 3320 3410
3 3321 3320 4074
3 3087 3086 3824
3 3323 3085 4085
3 4085 3085 3324
3 4013 3801 4040
3 3928 3868 4095
3 3868 3326 4083
3 4120 3326 3999
3 4129 3326 4120
3 4084 3327 4076
3 4076 3328 4084
3 4034 3115 4022
3 3331 3273 3274
3 3351 3330 3331
3 3330 3291 3331
3 3366 3111 3273
3 3366 3273 3331
3 3366 3079 3111
3 3353 3332 3333
3 3562 3332 3353
3 3373 3334 3375
3 3411 3400 3563
3 3111 3080 3358
3 3335 3080 3338
3 3336 3335 3427
3 3560 3336 3427
3 3674 3336 3560
3 3560 3337 3674
3 3626 3228 3337
3 2145 333 2964
3 3339 2920 3305
3 3340 2630 3339
3 3304 2630 3340
3 3566 3304 3340
3 3580 3341 3603
3 3019 2841 3342
3 3803 2841 3019
3 3343 3302 3314
3 3047 2519 3207
3 3207 2878 3047
3 3346 3045 3344
3 3045 2987 3344
3 3345 3344 3419
3 3344 3203 3346
3 3345 3203 3344
3 3244 3045 3346
3 3423 3203 3345
3 3296 433 3202
3 3347 433 3296
3 3348 2741 3297
3 3104 3069 3371
3 3349 3005 3630
3 3388 2713 2714
3 3364 2944 3197
3 3197 1712 3364
3 3261 2943 3185
3 3410 3320 3390
3 3390 3320 3321
3 3400 3332 3562
3 3333 3332 3373
3 3355 3333 3373
3 3425 3081 3334
3 3358 3080 3335
3 3441 3078 3358
3 3441 3358 3402
3 3442 3110 3441
3 3564 3110 3357
3 3583 3275 3564
3 3287 3077 3368
3 3354 3077 3287
3 3358 3335 3402
3 3402 3335 3336
3 3442 3359 3764
3 3357 3110 3764
3 2883 2602 2618
3 3309 3126 3149
3 3150 3149 3361
3 3308 3149 3150
3 3397 3361 3406
3 3370 3361 3397
3 2988 431 3445
3 3362 2988 3348
3 3461 3310 3363
3 3316 3262 3317
3 3317 3262 3364
3 3262 2944 3364
3 3365 3317 3364
3 3365 328 3317
3 3331 3291 3366
3 3375 3355 3373
3 3427 3338 3355
3 3367 3316 3414
3 3390 3291 3410
3 3368 3077 3234
3 2641 2343 3263
3 3643 2642 3554
3 3554 2642 3553
3 3541 3307 3460
3 3370 2670 3154
3 3397 2670 3370
3 3313 2585 3127
3 3149 3126 3444
3 3461 3389 3660
3 3424 3319 3372
3 3411 3334 3373
3 3425 3334 3416
3 3416 3334 3411
3 3416 3374 3463
3 3563 3118 3825
3 3400 3118 3563
3 3334 3081 3375
3 3401 3355 3375
3 3232 3078 3441
3 3441 3110 3232
3 3401 3081 3376
3 3427 3401 3560
3 3377 2503 3385
3 3450 2503 3377
3 3378 2472 3250
3 3587 2472 3378
3 3413 2602 3301
3 3053 2602 3413
3 3341 2602 3053
3 3343 3314 3379
3 3561 3128 3379
3 3581 3128 3561
3 3581 2571 3839
3 3742 3381 3673
3 3864 2572 3742
3 3430 2857 3538
3 3383 3162 3163
3 3819 3383 3447
3 3384 2919 3305
3 3427 3335 3338
3 3394 3278 3412
3 3394 3040 3360
3 3360 2470 3394
3 3131 2840 3130
3 3363 3066 3387
3 3461 3363 3387
3 3461 3387 3414
3 3539 2713 3388
3 3317 328 3382
3 3321 3112 3399
3 3399 3112 3562
3 3352 3291 3390
3 3425 3392 3435
3 3442 3402 3635
3 4078 3393 3691
3 3443 3040 3394
3 3647 3443 3800
3 3047 2749 3439
3 3370 3150 3361
3 3445 3345 3419
3 3362 3348 3398
3 3398 2927 3462
3 3582 3398 3462
3 3562 3353 3399
3 3390 3321 3399
3 3411 3373 3400
3 3375 3081 3401
3 3376 3081 3082
3 2665 2664 3403
3 3120 2472 3403
3 3266 2756 2844
3 2756 2520 3404
3 3361 3149 3444
3 3444 3126 3431
3 3444 3405 3406
3 3202 2574 3407
3 3372 3319 3408
3 3571 3408 3409
3 3966 3571 3677
3 3677 3222 3223
3 3399 3352 3390
3 3353 3352 3399
3 3373 3332 3400
3 3583 3234 3275
3 3306 3295 3413
3 3131 3130 3342
3 3319 3221 3415
3 3408 3319 3415
3 3409 3408 3415
3 3441 3402 3442
3 3417 2503 3450
3 3570 3437 3587
3 3127 2569 3418
3 3432 2569 3128
3 3432 3128 3736
3 3419 2988 3445
3 3582 3362 3398
3 3177 2927 3386
3 3415 2713 3539
3 3566 2919 2950
3 3421 2967 3621
3 3280 2618 3580
3 3589 3422 3438
3 3386 3307 3541
3 3310 2857 3363
3 3407 2574 3423
3 3407 2573 3433
3 3368 3234 3583
3 3275 3232 3564
3 3463 3392 3416
3 3385 2784 3377
3 3235 2966 3426
3 3436 429 3426
3 2720 429 3436
3 3671 2720 3436
3 2651 2482 2487
3 3628 2487 3428
3 2651 2487 3628
3 3580 2618 3341
3 3589 3306 3430
3 3538 3422 3589
3 3418 2584 3431
3 3432 2584 3418
3 3431 2584 3405
3 3431 3405 3444
3 3362 431 2988
3 3561 3201 3433
3 3433 3201 3407
3 3411 3374 3416
3 3416 3392 3425
3 3434 427 3450
3 3230 3081 3425
3 3435 3230 3425
3 3436 3299 3671
3 3421 2664 2967
3 2967 2664 2665
3 3403 2472 3437
3 3295 3053 3413
3 3814 3438 3768
3 3629 3438 3814
3 3364 1712 3365
3 2717 429 2784
3 3764 3110 3442
3 3412 3187 3443
3 3459 3429 3580
3 3406 3361 3444
3 3445 3204 3345
3 3462 2927 3574
3 3434 428 3446
3 3383 327 3162
3 3448 327 3383
3 3819 3447 4091
3 4091 3447 3781
3 3383 3163 3447
3 3448 3383 3819
3 3449 3448 3817
3 3993 328 3449
3 3463 3231 3392
3 3450 427 3417
3 3300 2642 2924
3 3451 2924 3643
3 3452 2924 3451
3 3451 2646 3452
3 3810 2923 3452
3 3810 3452 3455
3 3763 3453 3762
3 3866 3453 3763
3 3866 2610 3454
3 4077 2610 3763
3 3763 3762 4062
3 3762 2609 4062
3 3455 2609 3762
3 3627 2485 3453
3 3627 3453 3866
3 4114 3457 4023
3 4082 1215 3458
3 3053 2603 3603
3 3429 2644 3460
3 3540 3349 3630
3 3541 3460 3653
3 3407 3201 3202
3 3204 2573 3423
3 3574 2927 3177
3 3482 3231 3464
3 3482 3464 3545
3 3514 3465 3545
3 3547 3514 3559
3 3559 3466 3547
3 3547 3466 3672
3 3927 3633 3672
3 3619 3467 3774
3 4047 3468 4116
3 4047 3469 4048
3 4048 3469 4090
3 4090 3469 3718
3 3718 3470 3721
3 3471 3470 4141
3 3720 3470 3471
3 3720 3471 4191
3 3955 3720 4191
3 4191 3472 3954
3 4178 3472 3942
3 4946 3472 4178
3 4178 4177 4945
3 4177 3473 3479
3 4199 3474 3481
3 4201 3475 4197
3 4197 3475 3476
3 4139 3478 4197
3 3478 3477 4196
3 4196 3477 4945
3 4177 3479 4196
3 4196 3479 3480
3 3479 3474 3480
3 3481 3474 3479
3 3479 3473 3481
3 3595 3482 3548
3 3548 3465 3594
3 3594 3465 3483
3 3594 3483 3578
3 3484 3483 3513
3 3578 3483 3484
3 3485 2752 3165
3 3552 3486 3503
3 3552 3503 3515
3 3606 3487 4900
3 3533 3487 3662
3 3842 3489 3533
3 4909 3489 3842
3 4900 3488 3620
3 3489 3488 4900
3 3503 3490 4921
3 3695 3503 4921
3 3515 3503 3695
3 3697 3491 3504
3 3567 3492 3599
3 3599 3492 3585
3 3600 3493 3494
3 3494 3493 3557
3 3625 3556 3584
3 3607 3496 3631
3 3496 3487 3631
3 3662 3487 3496
3 3840 3533 3662
3 3877 3498 3499
3 4911 3499 3895
3 3841 3499 4911
3 3877 3499 3841
3 3876 3500 3877
3 4894 3500 3876
3 3877 3875 3876
3 3925 3501 3926
3 3926 3501 4893
3 3874 3519 3926
3 4893 3874 3926
3 3795 3502 3772
3 3662 3502 3840
3 3503 3486 3490
3 3506 3505 3833
3 3505 3491 3697
3 3586 3505 3506
3 3586 3506 3675
3 3971 3675 4966
3 3971 3507 3675
3 3802 3507 3973
3 3930 3508 3568
3 3568 3508 3601
3 3659 3509 3510
3 3659 3510 3658
3 3658 3510 3645
3 3645 3598 3646
3 3750 3511 3646
3 3578 3512 3646
3 3578 3484 3512
3 3512 3484 3622
3 3513 3483 3514
3 3483 3465 3514
3 3482 3465 3548
3 3516 3495 3576
3 4123 3518 3664
3 3931 3518 4110
3 3947 3518 3931
3 3838 3519 3795
3 3520 3519 3838
3 3926 3519 3520
3 3521 3519 3874
3 3795 3519 3521
3 3875 3521 3874
3 3842 3533 3840
3 3525 3524 3527
3 3527 3522 3525
3 4908 3522 3527
3 3526 3524 3525
3 4920 3524 3526
3 3525 3522 4910
3 3526 3523 3923
3 3525 3523 3526
3 4910 3523 3525
3 4888 3526 3923
3 4920 3526 4888
3 3923 3922 4888
3 3528 3524 4892
3 3527 3524 3528
3 4184 3528 3702
3 4175 3529 3530
3 4175 3530 4184
3 4174 3529 4175
3 4026 3529 4174
3 4086 4025 4029
3 4130 3532 4087
3 4028 3532 4130
3 4900 3487 3533
3 3631 3487 3606
3 3552 3515 3535
3 3515 3504 3535
3 3504 3491 3535
3 3402 3336 3635
3 3265 3019 3342
3 3768 3537 3814
3 3460 2644 3653
3 3538 329 3422
3 3538 2857 3310
3 3310 329 3538
3 3388 3349 3539
3 3349 3222 3539
3 3540 3222 3349
3 3350 3223 3540
3 4044 3223 3350
3 3605 3446 3574
3 3574 3177 3605
3 1712 327 3365
3 3612 3166 3287
3 3544 3464 3543
3 3464 3463 3543
3 3545 3464 3544
3 3559 3544 3546
3 3544 3116 3546
3 3547 3513 3514
3 3549 3231 3482
3 3549 3482 3595
3 3777 3548 3644
3 3551 3549 3595
3 3777 3550 3595
3 3596 3550 3777
3 3656 3551 3801
3 3551 3550 3801
3 4013 3656 3801
3 3577 3486 3552
3 3656 3435 3551
3 3435 3392 3549
3 3263 427 3553
3 3554 2486 3639
3 3639 2645 3554
3 3553 2642 3263
3 3552 3535 3555
3 3585 3555 3599
3 3625 3555 3585
3 3556 3494 3557
3 3625 3494 3556
3 3617 3556 3557
3 3617 3557 3622
3 3622 3558 3617
3 3642 3513 3547
3 3775 3546 3967
3 4076 3611 3775
3 3588 3131 3676
3 3660 3310 3461
3 3561 3433 3581
3 3433 3380 3581
3 3445 431 3204
3 3204 431 3205
3 3542 3374 3563
3 3563 3374 3411
3 3655 427 3434
3 3545 3465 3482
3 3564 3357 3565
3 3357 3172 3565
3 3583 3564 3565
3 3426 2966 3621
3 3340 2919 3566
3 3535 3491 3599
3 3555 3535 3599
3 3567 3505 3586
3 3778 3492 3567
3 3568 3492 3778
3 3569 3359 3829
3 3569 3171 3968
3 3437 2472 3587
3 3378 3236 3587
3 3236 2471 3587
3 3587 2471 3570
3 3241 3025 3026
3 3026 3025 3536
3 3025 2669 3536
3 3571 3372 3408
3 3571 3224 3751
3 3677 3572 3966
3 3615 3223 4044
3 3573 2573 3204
3 3574 428 3462
3 3446 428 3574
3 3562 3118 3400
3 3464 3231 3463
3 3575 3486 3577
3 3576 3575 3577
3 3606 3575 3576
3 3577 3516 3576
3 3606 3495 3631
3 3576 3495 3606
3 3577 3552 3555
3 3426 429 3235
3 3644 3548 3594
3 3594 3511 3644
3 3551 3435 3549
3 3579 3187 3412
3 3800 3187 3395
3 3401 3376 3560
3 3651 3459 3580
3 2756 2749 2755
3 3740 3362 3582
3 3555 3516 3577
3 3625 3516 3555
3 3618 3584 3617
3 3618 3617 3642
3 3642 3547 3672
3 3599 3491 3567
3 3567 3491 3505
3 3778 3567 3586
3 3778 3586 3802
3 3131 2841 3676
3 2879 2749 2878
3 3424 3372 3590
3 3590 3420 3424
3 3590 3372 3751
3 3591 3420 3590
3 3590 3225 3591
3 3462 428 3592
3 3643 2645 3451
3 3578 3511 3594
3 3595 3548 3777
3 3595 3550 3551
3 3928 3596 3929
3 3750 3597 3668
3 3598 3597 3750
3 3811 3598 3767
3 3646 3598 3750
3 3645 3510 3598
3 3585 3492 3600
3 3600 3494 3585
3 3659 3600 3601
3 3600 3568 3601
3 3600 3492 3568
3 3645 3512 3624
3 3236 3040 3602
3 3602 2471 3236
3 3766 2471 3602
3 3604 2644 3652
3 3637 2644 3604
3 3605 3541 3653
3 3605 2928 3446
3 3607 3584 3618
3 3617 3558 3642
3 3558 3513 3642
3 3776 3466 3608
3 3672 3466 3776
3 3723 3609 3728
3 4076 3327 3611
3 3611 3608 3775
3 3545 3544 3559
3 3559 3514 3545
3 3612 2753 3166
3 4002 2753 3613
3 4002 3613 3683
3 4002 3683 4092
3 4001 3614 4021
3 4044 4001 4021
3 4072 3615 4043
3 3165 2752 3634
3 3634 2952 3616
3 3584 3556 3617
3 3584 3516 3625
3 3584 3495 3516
3 3632 3467 3619
3 3632 3607 3618
3 3632 3619 3757
3 3757 3619 3805
3 3796 3757 3805
3 3663 3496 3757
3 3490 3486 3575
3 3436 3426 3621
3 2784 429 3744
3 3624 3512 3622
3 3621 2969 3381
3 3534 3393 3623
3 3623 3393 4078
3 3622 3557 3624
3 3624 3493 3658
3 3557 3493 3624
3 3585 3494 3625
3 3560 3376 3626
3 3626 3337 3560
3 3456 2487 3627
3 3628 3428 3457
3 3628 3457 3969
3 3295 2603 3053
3 3629 2603 3295
3 3669 3629 3814
3 3669 2603 3629
3 3630 2844 3404
3 3404 3350 3630
3 3836 3350 3404
3 3405 2570 3024
3 3740 431 3362
3 3631 3495 3607
3 3757 3607 3632
3 3757 3496 3607
3 3607 3495 3584
3 3618 3467 3632
3 3927 3467 3633
3 3774 3467 3927
3 3558 3484 3513
3 3622 3484 3558
3 3635 3336 3674
3 3667 3437 3570
3 3604 2643 3637
3 3433 2573 3440
3 3440 3380 3433
3 3756 2486 3638
3 3639 2486 3756
3 3739 3639 3845
3 3845 3639 3756
3 3205 430 3640
3 3640 430 3671
3 3741 3573 3640
3 3641 3112 4031
3 4031 3087 3641
3 3641 3087 3824
3 3654 428 2785
3 3633 3618 3642
3 3173 3167 3583
3 3929 3644 3668
3 3644 3511 3668
3 3645 3624 3658
3 3646 3511 3578
3 3602 3040 3647
3 3748 3602 3647
3 4017 3689 3748
3 4017 3648 4105
3 3649 3647 3800
3 3651 3603 3650
3 3603 2603 3650
3 2755 2749 2879
3 4030 2521 2522
3 3652 3459 3651
3 3651 3650 3652
3 3670 3604 3652
3 3737 2643 3670
3 3653 2644 3637
3 3740 3582 3592
3 3671 430 3759
3 3582 3462 3592
3 3592 428 3654
3 3633 3467 3618
3 3773 2486 3655
3 3638 2486 3773
3 4037 2630 3304
3 3657 3656 4013
3 3657 3230 3435
3 3658 3493 3659
3 3659 3493 3600
3 4089 2841 3803
3 3751 3225 3590
3 3741 3440 3573
3 3663 3502 3662
3 3772 3502 3663
3 3664 3520 3949
3 3773 3434 3446
3 3744 429 2720
3 3593 3485 3665
3 3485 3165 3665
3 3129 2969 3666
3 2969 2967 3666
3 3673 2969 3129
3 3657 3435 3656
3 3668 3597 3998
3 3646 3512 3645
3 3223 3222 3540
3 3432 2570 2584
3 3839 3128 3581
3 3671 3299 3640
3 3543 3116 3544
3 3672 3633 3642
3 3759 3654 3744
3 3799 3593 3665
3 3667 3570 3688
3 3635 3359 3442
3 3802 3586 3675
3 3675 3507 3802
3 3630 3350 3540
3 3409 3222 3677
3 4020 329 3837
3 3571 3409 3677
3 3446 2928 3773
3 3678 3117 3542
3 4034 3329 3679
3 3679 3329 4085
3 3543 3117 3661
3 3741 3299 3742
3 3613 3612 3681
3 3826 3167 3173
3 3681 3167 3826
3 3613 2753 3612
3 3995 3826 4081
3 4081 3682 4098
3 3682 3168 4098
3 3683 3613 3995
3 4093 3995 4081
3 4081 3684 4093
3 4080 4046 4098
3 4124 3169 3950
3 3687 2666 3667
3 3687 3667 3688
3 3820 2666 3687
3 3820 3687 3690
3 3820 3690 4075
3 3765 3688 3766
3 3748 3689 3766
3 3690 3687 3765
3 2668 2667 3821
3 3393 1214 3691
3 3393 1213 1214
3 3691 1215 4078
3 4024 1215 3691
3 3971 3692 4965
3 4966 3692 3971
3 4086 3693 4025
3 4025 3693 3834
3 4025 3834 4903
3 4889 3696 3833
3 4889 3694 3696
3 3696 3694 4903
3 4889 3695 4921
3 3834 3696 4903
3 3833 3696 3832
3 3833 3697 4889
3 4025 3532 4029
3 3698 3532 4025
3 4087 3532 3698
3 4029 3532 4028
3 4904 3699 4087
3 3700 3699 3701
3 4902 3699 3700
3 3701 3530 3700
3 3530 3529 3700
3 3924 3530 3701
3 4184 3530 3924
3 4233 3715 4892
3 3715 3702 4892
3 4888 3703 4914
3 3712 3703 4888
3 3920 3704 3921
3 3713 3704 3920
3 3920 3705 3713
3 4146 3713 3714
3 4277 3706 3919
3 4278 3706 4277
3 4256 3706 4278
3 3707 3706 4256
3 3717 3707 4203
3 4203 3707 4256
3 4204 3707 3708
3 4204 3708 4147
3 3708 3469 4147
3 4147 4047 4182
3 3710 3709 4101
3 4149 3710 4101
3 4185 3710 4149
3 4205 3710 4185
3 4205 3703 4242
3 3711 3704 4146
3 3921 3704 3711
3 3921 3711 3712
3 4146 3704 3713
3 3919 3713 3918
3 3714 3713 3919
3 3714 3706 3707
3 3714 3707 4204
3 3919 3706 3714
3 4185 3702 3715
3 3716 3715 4233
3 4148 4146 4204
3 3718 3708 3717
3 4141 3717 4203
3 3719 3471 4192
3 4191 3471 3719
3 3718 3717 4141
3 4192 3471 4141
3 4123 3470 3720
3 4110 3720 3955
3 3721 3517 4090
3 4011 3722 4090
3 3805 3722 4011
3 3758 3722 3805
3 3758 3468 3722
3 4012 3468 3758
3 4116 3723 3724
3 4172 3724 4117
3 4117 3730 4103
3 4103 3725 4136
3 4136 3726 3731
3 4136 3725 3726
3 3726 3508 3731
3 3509 3508 3726
3 3601 3508 3509
3 3767 3509 3726
3 3598 3510 3767
3 3724 3723 3728
3 3729 3724 3728
3 3729 3728 4118
3 4117 3724 3729
3 4117 3729 3730
3 3730 3725 4103
3 3731 3508 3930
3 3732 3731 3930
3 4100 3732 4115
3 4027 3732 3973
3 4115 3732 4027
3 4174 3733 4102
3 4102 3531 4174
3 4089 3396 4097
3 3734 3024 3735
3 3735 2838 4041
3 3669 2619 3650
3 2584 2570 3405
3 3994 3736 3839
3 3753 2604 3752
3 3771 3753 3770
3 3785 3753 3771
3 3755 3738 3865
3 3846 3738 3755
3 3865 2647 4003
3 4003 3739 3865
3 3670 2604 3737
3 3737 2604 3753
3 3785 3737 3753
3 3785 2605 3737
3 3740 3592 3759
3 3742 3299 3381
3 3967 3116 3743
3 4133 3328 3743
3 4133 3743 4022
3 3546 3466 3559
3 3996 3746 3827
3 3827 3745 3996
3 3807 333 3623
3 3626 3082 3749
3 3376 3082 3626
3 3668 3511 3750
3 3833 3505 3697
3 3751 3372 3571
3 3752 2604 3054
3 3752 3055 3770
3 3753 3752 3770
3 3846 3771 3786
3 3754 3738 3846
3 3788 3738 3754
3 4031 3112 3321
3 3662 3496 3663
3 3742 2572 3741
3 4011 3517 3844
3 3744 2720 3759
3 4051 3172 3760
3 3742 3673 3864
3 4077 3763 4062
3 3810 3455 3762
3 3763 2610 3866
3 4106 3454 4059
3 3867 3454 4106
3 4099 3867 4106
3 3766 3689 3765
3 3765 3689 3690
3 3766 3602 3748
3 3601 3509 3659
3 3510 3509 3767
3 3636 3026 3536
3 4041 3636 3734
3 3813 2755 2879
3 3405 3024 3406
3 3438 3422 3768
3 3422 329 3060
3 3793 3769 4010
3 4217 3793 4010
3 3770 3056 3804
3 3787 3786 3804
3 3771 3770 3804
3 3786 3771 3804
3 3737 2605 2643
3 3772 3663 3796
3 3796 3663 3757
3 3759 3592 3654
3 3773 2928 3638
3 3758 3619 3774
3 3608 3466 3546
3 3608 3546 3775
3 3776 3608 3610
3 3776 3609 3927
3 3929 3596 3777
3 3777 3644 3929
3 3930 3568 3778
3 3779 2619 3669
3 3822 3389 3993
3 4091 3781 4094
3 3054 2604 3779
3 3380 2571 3581
3 3783 3059 3823
3 3784 3058 3794
3 3784 3059 4941
3 3784 3055 3782
3 3782 3055 3752
3 3786 3754 3846
3 3818 3754 3786
3 3818 3786 3787
3 4940 3788 4937
3 3818 3789 4937
3 3789 3787 3790
3 3787 3057 3790
3 3790 3058 3791
3 3791 3789 3790
3 3792 3791 4941
3 4071 3792 4941
3 4071 3793 4285
3 4285 3793 4267
3 4267 4179 4285
3 3057 3056 3794
3 3795 3772 3844
3 3838 3795 3844
3 3844 3517 3949
3 3949 3838 3844
3 3844 3772 3796
3 3825 3797 3798
3 3824 3797 3825
3 3678 3542 3798
3 4034 3678 3798
3 3798 3797 4034
3 4118 3610 3611
3 3665 2951 3799
3 3765 3687 3688
3 3443 3187 3800
3 3749 3082 3229
3 3550 3325 3801
3 3596 3325 3550
3 3829 3635 3674
3 3829 3359 3635
3 3764 3359 3569
3 3764 3569 3968
3 3930 3778 3802
3 3675 3506 4966
3 3804 3057 3787
3 3804 3056 3057
3 3756 2605 3845
3 4011 3796 3805
3 3864 2968 3806
3 3806 2571 3864
3 3745 3566 3799
3 4078 332 3807
3 3807 332 334
3 3807 334 3276
3 3808 3747 4173
3 4018 3747 3808
3 3809 3808 4255
3 4255 331 3809
3 3807 3623 4078
3 3762 3453 3810
3 3811 3727 3999
3 3727 3725 3999
3 3812 3597 3811
3 3999 3326 3812
3 3999 3730 4120
3 3999 3725 3730
3 3572 3223 3615
3 3783 3537 3948
3 3837 3815 4020
3 3823 3054 3816
3 3782 3054 3823
3 3816 3054 3779
3 3817 3780 3993
3 3661 3117 3678
3 3817 3448 3819
3 2968 2666 3820
3 3799 2951 3745
3 3996 2951 3038
3 3767 3726 3727
3 3060 329 4020
3 3782 3059 3784
3 3823 3059 3782
3 3797 3329 4034
3 3927 3672 3776
3 3827 3304 3745
3 3827 2631 3304
3 3997 2631 3828
3 3828 2631 3746
3 3748 3647 3649
3 4063 3649 3800
3 4121 3569 3829
3 3830 3569 4121
3 4151 4135 4180
3 4180 4073 4152
3 4073 3831 4152
3 3832 3506 3833
3 4966 3506 3832
3 3832 3696 3834
3 3693 3692 3834
3 4093 3683 3995
3 3836 3404 3964
3 4035 2751 2952
3 3965 3836 3964
3 3837 3660 3822
3 3966 3224 3571
3 3925 3664 3947
3 3823 3537 3783
3 3816 3537 3823
3 3993 3449 3817
3 3521 3502 3795
3 3840 3502 4899
3 4899 3502 3521
3 4899 3497 3840
3 3841 3497 4899
3 4911 3497 3841
3 3840 3497 3842
3 3842 3522 4909
3 3843 3490 3620
3 4921 3490 3843
3 3843 3694 4921
3 4905 3694 3843
3 3620 3488 3843
3 3844 3796 4011
3 3785 3755 3845
3 3771 3755 3785
3 3846 3755 3771
3 3863 3788 4934
3 4934 2606 3847
3 2608 2606 4935
3 4053 2608 4935
3 4215 3850 4216
3 4215 3849 3850
3 3851 3850 4054
3 4216 3850 3851
3 4054 3848 3851
3 3852 3848 4053
3 3851 3848 3852
3 3853 3851 3852
3 3854 3852 4931
3 3853 3852 3854
3 3855 3854 4931
3 4214 3854 3855
3 4939 3855 3856
3 4939 3856 4938
3 4938 4159 4229
3 4938 3856 4159
3 4218 3857 4209
3 4930 3857 4297
3 4297 3857 4303
3 4297 3858 4232
3 4303 3858 4297
3 4375 4328 4393
3 4507 3860 4266
3 4327 3861 4322
3 4265 3861 4319
3 4307 4265 4319
3 4275 3862 4307
3 4275 1216 3862
3 4934 3847 3863
3 3847 2647 3863
3 3739 2645 3639
3 4003 2645 3739
3 3746 2631 3827
3 3866 3456 3627
3 3867 3456 3866
3 3866 3454 3867
3 3812 3326 3868
3 3998 3812 3868
3 3677 3223 3572
3 3869 3501 3944
3 4915 3870 3980
3 3982 3871 3872
3 3984 3872 4007
3 3873 3871 3982
3 4009 3872 3984
3 3982 3872 4009
3 4189 3873 3982
3 4189 3982 3990
3 4186 3873 4189
3 4186 3476 3873
3 3876 3874 4893
3 3875 3874 3876
3 3877 3841 3875
3 3878 3498 3877
3 3881 3498 3878
3 3877 3500 3878
3 3879 3878 4895
3 3878 3500 4895
3 3881 3878 3879
3 3882 3881 3898
3 3897 3881 3882
3 3897 3882 4294
3 4294 3882 4292
3 4922 3897 4294
3 3882 3880 4292
3 3884 3883 4901
3 3894 3883 3884
3 3885 3884 3886
3 3886 3884 4901
3 3885 3705 3920
3 3886 3705 3885
3 3918 3705 3886
3 3918 3886 3917
3 4901 3887 3917
3 3889 3888 4295
3 4296 4293 4301
3 4293 4290 4301
3 4293 3889 4922
3 4290 3915 4301
3 3916 3890 4300
3 4300 3890 4282
3 4287 3909 4286
3 4244 3891 4269
3 3892 3891 4235
3 4190 3892 3942
3 3943 3892 4190
3 3943 3719 4923
3 4252 3893 3911
3 4252 3911 4246
3 3896 3498 3894
3 3499 3498 3896
3 3895 3499 3896
3 3894 3498 3881
3 3896 3884 3885
3 3894 3884 3896
3 3896 3885 3895
3 3894 3881 3897
3 3897 3883 3894
3 4922 3883 3897
3 3881 3879 3898
3 3898 3880 3882
3 3906 3880 3898
3 3906 3898 3899
3 4926 3939 4925
3 3900 3899 4925
3 4926 3901 3903
3 3902 3901 4926
3 4928 3901 3902
3 4926 3904 3939
3 4917 3475 3904
3 3904 3903 4917
3 4926 3903 3904
3 3903 3901 4916
3 3904 3475 3905
3 3939 3905 4198
3 3939 3904 3905
3 3907 3906 4897
3 3908 3907 4897
3 3907 3880 3906
3 4291 3880 3907
3 4291 3907 4287
3 4245 3908 4249
3 3909 3908 4245
3 3910 3909 4245
3 3911 3893 4284
3 4193 3912 4923
3 4288 3912 4194
3 4288 3913 4299
3 4299 3913 4304
3 4283 3913 3914
3 4296 3889 4293
3 3916 3915 4290
3 4300 3915 3916
3 3918 3917 3919
3 3888 3887 4295
3 4295 3887 4901
3 3919 3917 4277
3 3917 3887 4277
3 3917 3886 4901
3 4913 3920 3921
3 4913 3921 3922
3 3922 3712 4888
3 3921 3712 3922
3 4913 3923 4912
3 4913 3922 3923
3 3923 3523 4912
3 4908 3527 3924
3 3924 3527 3528
3 3924 3528 4184
3 3924 3701 4908
3 3944 3501 3925
3 3814 3537 3816
3 3950 3225 3751
3 3738 2647 3865
3 3863 2647 3738
3 3927 3609 4012
3 4012 3774 3927
3 4050 3172 4051
3 3455 2646 3761
3 3928 3325 3596
3 3929 3668 3998
3 3998 3928 3929
3 3998 3868 3928
3 3811 3597 3598
3 3973 3732 3930
3 3953 3944 3947
3 3944 3925 3947
3 3953 3931 3974
3 3947 3931 3953
3 3974 3932 4000
3 3935 3932 3933
3 4000 3932 3935
3 3935 3901 4928
3 4928 3902 4896
3 4898 3900 3938
3 3938 3936 4898
3 3937 3936 3938
3 4247 3936 3937
3 4247 3937 3941
3 3939 3938 4925
3 3939 3937 3938
3 4198 3937 3939
3 3941 3937 4198
3 3938 3900 4925
3 3940 3936 4247
3 4248 3936 3940
3 4178 3942 4243
3 3942 3892 4235
3 4252 3892 3943
3 4252 3891 3892
3 3943 3893 4252
3 3945 3869 3944
3 3946 3945 3991
3 4927 3945 3946
3 4927 3946 4896
3 3925 3520 3664
3 3926 3520 3925
3 3664 3518 3947
3 3948 3537 3768
3 3768 3060 3948
3 4010 3769 3948
3 3949 3520 3838
3 3831 3169 4152
3 3995 3681 3826
3 3690 3689 3951
3 4075 3690 3951
3 4023 3867 4099
3 3952 3676 4089
3 4041 3396 3636
3 3991 3953 3974
3 4015 3931 4110
3 3979 3954 3986
3 4015 3955 3979
3 4110 3955 4015
3 3987 3472 4946
3 3954 3472 3987
3 3958 3477 3478
3 3978 3477 3958
3 3958 3478 4139
3 3960 3958 3959
3 3988 3959 4138
3 3960 3959 3988
3 4137 3988 4138
3 4891 3934 3980
3 3976 3934 4891
3 3962 3870 3963
3 3980 3870 3962
3 3980 3962 4891
3 3963 3870 3933
3 3933 3932 3963
3 4049 3614 3965
3 3992 2843 4049
3 3964 2754 3965
3 3992 2522 2843
3 2843 2522 4131
3 3820 2667 3806
3 3805 3619 3758
3 3546 3116 3967
3 3968 3357 3764
3 3760 3357 3968
3 3748 3649 4017
3 4063 3648 3649
3 3970 3457 4107
3 3969 3457 3970
3 4024 3969 3970
3 3726 3725 3727
3 4965 3507 3971
3 3972 3507 4965
3 3973 3507 3972
3 3973 3972 4027
3 3985 3932 3974
3 3975 3962 3963
3 4065 3962 3975
3 3976 3961 4005
3 4891 3961 3976
3 4005 3961 4068
3 4007 4005 4068
3 4066 3961 4065
3 3977 3961 4066
3 4068 3961 3977
3 3978 3977 4066
3 4066 3975 3986
3 4065 3975 4066
3 3986 3975 3979
3 3979 3975 3985
3 4015 3979 3985
3 3974 3931 4015
3 3985 3974 4015
3 3963 3932 3985
3 4915 3934 3981
3 3980 3934 4915
3 3990 3982 4009
3 3990 3989 4189
3 4890 4009 4079
3 4009 3984 4079
3 3975 3963 3985
3 4066 3957 3978
3 3986 3957 4066
3 3987 3957 3986
3 3986 3954 3987
3 3978 3958 3960
3 3978 3960 3977
3 4070 3988 4137
3 4137 3989 4070
3 3989 3983 4070
3 3990 3983 3989
3 3945 3944 3953
3 3991 3945 3953
3 4044 3350 3836
3 4044 3836 4001
3 3965 2754 3992
3 4123 3664 3949
3 3993 3780 3822
3 4074 3320 3686
3 3994 2571 3806
3 3755 3739 3845
3 3865 3739 3755
3 3995 3613 3681
3 4126 3746 3996
3 3800 3395 4063
3 4023 3428 3456
3 3998 3597 3812
3 3767 3727 3811
3 3812 3811 3999
3 3829 3337 4134
3 3991 3974 4000
3 4030 2755 3813
3 3813 2521 4030
3 3966 3572 4072
3 3751 3224 3950
3 2647 2646 4003
3 2647 2607 2646
3 3304 2631 4037
3 4037 2631 3997
3 4113 4004 4187
3 4121 3829 4134
3 3981 3934 3976
3 3872 3871 4006
3 4006 3981 4008
3 4008 3872 4006
3 4007 3872 4008
3 4008 3976 4005
3 3981 3976 4008
3 4008 4005 4007
3 4890 3983 3990
3 4890 3990 4009
3 3024 3023 3735
3 3822 3815 3837
3 4090 3517 4011
3 4031 3321 4074
3 4012 3758 3774
3 4012 3609 3723
3 4081 3826 4050
3 4013 3229 3657
3 4013 3083 3229
3 3674 3337 3829
3 3930 3802 3973
3 3955 3954 3979
3 3822 3780 3815
3 3951 3689 4017
3 3022 2839 3021
3 3821 2839 3022
3 334 332 3747
3 4018 3808 4268
3 4268 3808 3809
3 3454 2610 4055
3 4019 3454 4055
3 4059 3454 4019
3 4010 3815 4217
3 4020 3815 4010
3 4217 330 4267
3 4072 3572 3615
3 3686 3169 3831
3 4074 3686 3831
3 4052 2609 3761
3 4023 3456 3867
3 3457 3428 4023
3 3970 3458 4024
3 4095 3325 3928
3 4087 3699 4902
3 4027 3972 4028
3 4028 3972 4029
3 3952 2880 3676
3 4030 2522 2754
3 3949 3517 3721
3 3949 3721 4123
3 3720 3518 4123
3 4110 3518 3720
3 4074 3226 4031
3 4125 4032 4033
3 4153 3228 4064
3 4033 3087 3226
3 4033 3226 3322
3 4033 3322 4181
3 4125 4033 4181
3 4022 3678 4034
3 3610 3608 3611
3 3610 3609 3776
3 4035 2952 4002
3 2843 2751 4049
3 3996 3038 4036
3 4126 3996 4036
3 4126 4036 4131
3 4142 4126 4131
3 4038 3325 4095
3 4109 4038 4095
3 4039 4038 4109
3 4133 3114 4039
3 4040 3801 4038
3 3801 3325 4038
3 4040 3083 4013
3 3229 3084 3749
3 4064 3228 3749
3 3749 3228 3626
3 4041 3734 3735
3 4010 3060 4020
3 3948 3060 4010
3 4042 3793 4071
3 4042 3769 3793
3 4941 4042 4071
3 3783 3769 4042
3 4043 3615 4044
3 4044 4021 4043
3 4043 4021 4045
3 4021 3835 4045
3 4045 3835 4093
3 4046 4043 4045
3 4045 3684 4046
3 4046 3685 4072
3 3718 3469 3708
3 4147 3469 4047
3 4048 3468 4047
3 4090 3722 4048
3 3743 3328 3967
3 4119 3328 4133
3 3038 2751 4036
3 4050 3682 4081
3 4051 3682 4050
3 4080 3168 4124
3 4124 3685 4080
3 3950 3685 4124
3 4062 2609 4052
3 4053 3848 4052
3 4052 2608 4053
3 4054 3850 4077
3 4056 4019 4055
3 4056 3849 4215
3 4055 3849 4056
3 4057 2612 4058
3 4057 4056 4210
3 4059 4057 4058
3 4059 4058 4106
3 4057 4019 4056
3 4059 4019 4057
3 4060 3682 4051
3 4060 3168 3682
3 3649 3648 4017
3 4127 4061 4063
3 4061 3648 4063
3 4037 3997 4127
3 4062 4054 4077
3 4064 3084 3085
3 3113 3085 3323
3 4064 3085 3113
3 4100 3731 3732
3 4136 3731 4100
3 4065 3961 4891
3 4891 3962 4065
3 4067 3960 4069
3 3977 3960 4067
3 4068 3977 4067
3 4067 3984 4007
3 4067 4007 4068
3 4079 4067 4069
3 4069 3983 4890
3 4070 3983 4069
3 4072 4043 4046
3 4092 3614 4035
3 4091 3817 3819
3 4091 3780 3817
3 4073 3226 4074
3 3821 2667 4075
3 4075 2839 3821
3 3722 3468 4048
3 4022 3115 4133
3 4049 2751 4035
3 4076 3775 3967
3 4052 3848 4062
3 3850 3849 4077
3 4051 3760 4060
3 3760 3171 4060
3 4078 1215 4108
3 4108 332 4078
3 4079 3984 4067
3 4079 4069 4890
3 4098 3168 4080
3 3835 3614 4092
3 4021 3614 3835
3 3951 2839 4075
3 3728 3610 4118
3 4173 4082 4275
3 4082 1216 4275
3 4095 4083 4109
3 4095 3868 4083
3 4109 4083 4084
3 3084 3083 3324
3 3085 3084 3324
3 4086 3972 4965
3 4029 3972 4086
3 4087 3531 4130
3 4902 3531 4087
3 4132 2750 4088
3 3803 3396 4089
3 4150 4089 4097
3 3023 3022 3735
3 4090 3718 3721
3 4080 3685 4046
3 4092 3683 3835
3 4046 3684 4098
3 4098 3684 4081
3 4093 3684 4045
3 3835 3683 4093
3 4018 3781 4112
3 4094 3781 4018
3 4094 3164 4016
3 4083 3326 4129
3 4096 3083 4040
3 3324 3083 4096
3 4040 3114 4096
3 4150 4097 4187
3 3824 3086 3797
3 3728 3609 3610
3 4114 4023 4099
3 4144 4100 4115
3 4117 3709 4172
3 4176 3709 4117
3 4101 3709 4176
3 4115 4102 4144
3 4102 3733 4144
3 4122 4102 4115
3 4088 2880 3952
3 4097 2838 4104
3 3967 3328 4076
3 4143 3648 4061
3 4113 4061 4127
3 4107 3457 4114
3 4231 3458 3970
3 4231 3970 4107
3 4231 1216 3458
3 4128 3171 3830
3 3830 3171 3569
3 4191 3954 3955
3 3396 2838 4097
3 3815 3780 4016
3 3781 3447 4112
3 3997 3828 4113
3 4202 4107 4114
3 4231 4107 4202
3 4202 2613 4230
3 4231 4202 4230
3 4040 4038 4039
3 4116 3468 4012
3 4012 3723 4116
3 4116 3724 4172
3 4117 4103 4176
3 4112 334 3747
3 4112 3747 4018
3 4109 4084 4119
3 4120 3729 4118
3 4014 3227 3830
3 4014 3830 4121
3 4122 4027 4028
3 4115 4027 4122
3 4122 3531 4102
3 4130 3531 4122
3 4140 3477 3978
3 3721 3470 4123
3 4142 2521 2750
3 4171 3169 4124
3 4188 4125 4181
3 4125 3113 4032
3 4032 3113 3323
3 3170 3168 4060
3 4105 3648 4143
3 4127 3997 4113
3 3611 3327 4129
3 4118 3611 4129
3 3830 3227 4128
3 4129 3327 4083
3 4120 4118 4129
3 4122 4028 4130
3 4069 3988 4070
3 4069 3960 3988
3 4088 3952 4132
3 4180 3322 4073
3 4124 3168 3170
3 3797 3086 3329
3 4084 3328 4119
3 4133 4039 4119
3 4119 4039 4109
3 4083 3327 4084
3 3730 3729 4120
3 4101 4100 4144
3 4176 4100 4101
3 4136 4100 4103
3 4138 3959 4186
3 4189 4138 4186
3 3476 3475 4919
3 3873 3476 4919
3 3959 3958 4139
3 3978 3957 4140
3 3957 3956 4140
3 3987 3956 3957
3 4141 3470 3718
3 4131 2522 4142
3 4142 2750 4111
3 4142 4111 4126
3 3329 3086 3323
3 4104 2838 4143
3 4096 3114 3679
3 4149 4101 4144
3 4145 3709 3710
3 4182 3709 4145
3 4146 3714 4204
3 4204 4147 4148
3 4148 3711 4146
3 4148 4145 4242
3 4242 3711 4148
3 4145 3710 4205
3 4242 4145 4205
3 4144 3733 4149
3 4187 4004 4150
3 4016 3780 4091
3 4171 4151 4152
3 4151 3170 4128
3 4032 3087 4033
3 4096 3679 4085
3 4153 3113 4125
3 4188 4014 4153
3 4103 4100 4176
3 4217 3815 4016
3 4942 3792 4154
3 4154 3792 4071
3 4154 4071 4285
3 4311 4155 4276
3 4271 4163 4305
3 4272 3858 4305
3 4942 4158 4944
3 4159 4158 4160
3 4943 4158 4159
3 4159 3856 4943
3 3856 3855 4932
3 4942 4157 4160
3 4160 4157 4162
3 4162 4157 4195
3 4279 4162 4195
3 4279 4195 4253
3 4279 4161 4270
3 4303 3857 4161
3 4253 4156 4271
3 4163 4156 4329
3 4317 4163 4329
3 4327 4164 4312
3 4573 4438 4449
3 4575 4573 4609
3 4609 4170 4558
3 4578 1225 4166
3 4170 1225 4964
3 4725 4437 4709
3 4725 4167 4437
3 4736 4168 4613
3 4710 4169 4731
3 4369 4169 4660
3 4660 4169 4625
3 4709 4170 4964
3 4964 4625 4709
3 4150 4004 4132
3 2842 2750 4132
3 4113 3828 4004
3 4182 4047 4116
3 4182 4116 4172
3 4172 3709 4182
3 4173 3747 4108
3 4255 3808 4173
3 4255 4173 4275
3 4153 4014 4134
3 4174 3531 4026
3 4183 4175 4184
3 4175 3733 4174
3 4946 3956 3987
3 4946 4178 4945
3 4945 4177 4196
3 4239 3473 4177
3 4942 4154 4157
3 4155 4154 4285
3 4187 4097 4104
3 4143 4061 4104
3 4152 4151 4180
3 4181 3322 4135
3 4135 3322 4180
3 4187 4061 4113
3 4104 4061 4187
3 4128 3227 4151
3 4183 3733 4175
3 4183 3702 4185
3 4184 3702 4183
3 4185 3716 4205
3 4185 3715 3716
3 4186 3959 4139
3 4139 3476 4186
3 4151 3227 4135
3 4153 4125 4188
3 4185 4149 4183
3 4149 3733 4183
3 4138 3989 4137
3 4189 3989 4138
3 4197 3476 4139
3 3942 3472 4190
3 4191 3719 4190
3 4190 3472 4191
3 4190 3719 3943
3 4923 3719 4192
3 4923 4192 4193
3 4193 4192 4203
3 4194 3912 4193
3 4257 4193 4203
3 4194 4193 4257
3 4194 3914 4288
3 3914 3913 4288
3 4108 4082 4173
3 4196 3480 4197
3 4197 3478 4196
3 3905 3475 4201
3 4240 3941 4198
3 4199 3905 4201
3 4198 3905 4199
3 4240 4198 4199
3 4147 4145 4148
3 4182 4145 4147
3 4200 2613 4202
3 4197 3480 4201
3 4201 3474 4199
3 3480 3474 4201
3 4192 4141 4203
3 3708 3707 3717
3 4267 3793 4217
3 4914 3703 3716
3 3716 3703 4205
3 4206 4200 4210
3 4200 2612 4210
3 4234 4206 4226
3 4212 4207 4226
3 4254 4212 4238
3 4238 4209 4930
3 4930 4208 4238
3 4238 4208 4254
3 4209 3857 4930
3 4210 2612 4057
3 4210 4056 4215
3 4211 4206 4210
3 4226 4211 4213
3 4216 3853 4213
3 4213 4211 4216
3 4214 4212 4213
3 4213 3854 4214
3 4213 3853 3854
3 4238 4214 4939
3 4214 3855 4939
3 4238 4212 4214
3 4211 4210 4215
3 4216 4211 4215
3 4216 3851 3853
3 4016 3164 4217
3 4270 4218 4229
3 4270 4161 4218
3 4161 3857 4218
3 4261 4219 4263
3 4326 4220 4384
3 4330 4220 4394
3 4316 4221 4222
3 4316 4222 4224
3 4222 4220 4330
3 4221 4220 4222
3 4400 4223 4330
3 4223 4222 4330
3 4224 4222 4223
3 4224 4223 4323
3 4237 4224 4323
3 4321 4237 4323
3 4321 1218 4225
3 4321 4225 4237
3 4241 3164 4268
3 4234 4207 4250
3 4227 2613 4234
3 4250 4227 4234
3 4251 1217 4227
3 4314 4228 4251
3 4229 4218 4938
3 4229 4159 4160
3 4230 2613 4227
3 4227 1217 4230
3 4230 1216 4231
3 4297 4262 4930
3 4263 4260 4261
3 4914 3716 4233
3 4914 4233 4920
3 4243 4177 4178
3 4239 4177 4243
3 4239 4235 4244
3 4243 4235 4239
3 4243 3942 4235
3 4235 3891 4244
3 4226 4207 4234
3 4274 4236 4250
3 4274 4225 4236
3 4237 4225 4264
3 4316 4224 4237
3 4226 4206 4211
3 4213 4212 4226
3 3481 3473 4240
3 4240 3473 3941
3 3941 3473 4239
3 4199 3481 4240
3 4268 3164 4094
3 4241 335 4179
3 4242 3703 3712
3 3712 3711 4242
3 4247 4239 4244
3 4248 3940 4244
3 4269 4245 4249
3 4269 3910 4245
3 4246 3910 4269
3 4247 3941 4239
3 4244 3940 4247
3 4249 3908 4898
3 3713 3705 3918
3 4250 4236 4251
3 4251 4227 4250
3 4246 3891 4252
3 4269 3891 4246
3 4157 4154 4155
3 4157 4155 4195
3 4270 4162 4279
3 4254 4207 4212
3 4254 4208 4280
3 4285 4179 4276
3 4276 4155 4285
3 4257 4203 4256
3 4257 4256 4258
3 4259 4194 4257
3 4259 4257 4258
3 4301 3914 4259
3 4259 4258 4296
3 4262 4208 4930
3 4261 4260 4298
3 4264 4260 4316
3 4316 4237 4264
3 4262 4232 4261
3 4262 4261 4298
3 4263 4221 4260
3 4260 4221 4316
3 4322 3861 4265
3 4391 4266 4327
3 4458 4266 4391
3 4267 330 4179
3 4241 330 3164
3 4268 3809 4241
3 4307 3862 4265
3 4248 4244 4269
3 4249 4248 4269
3 4229 4160 4162
3 4229 4162 4270
3 4305 4161 4271
3 4303 4161 4305
3 4271 4161 4279
3 4305 4163 4272
3 4375 4272 4317
3 4393 3859 4272
3 4393 4165 4273
3 4273 3859 4393
3 4273 4165 4397
3 4384 4273 4397
3 4274 4254 4280
3 4274 4207 4254
3 4280 4225 4274
3 4250 4207 4274
3 4225 1218 4236
3 4276 335 4306
3 4277 3888 4278
3 4277 3887 3888
3 4258 3888 3889
3 4278 3888 4258
3 4195 4155 4311
3 4253 4195 4311
3 4305 3858 4303
3 4298 4208 4262
3 4280 4208 4298
3 4302 1217 4313
3 4313 1217 4228
3 4299 4281 4284
3 4282 3890 4289
3 4300 4282 4304
3 4304 4283 4300
3 4284 3912 4288
3 4284 3893 3912
3 4286 3911 4281
3 4286 3909 3910
3 3911 3910 4246
3 4286 3910 3911
3 4286 4281 4287
3 4287 4281 4289
3 4281 3911 4284
3 4287 3908 3909
3 4287 3907 3908
3 4299 4284 4288
3 4289 4281 4299
3 4289 3890 4291
3 4291 4287 4289
3 4291 3916 4292
3 4291 3890 3916
3 4294 4290 4293
3 4292 4290 4294
3 4292 3916 4290
3 4294 4293 4922
3 4292 3880 4291
3 4295 3883 4922
3 4922 3889 4295
3 4258 3889 4296
3 4264 4225 4280
3 4297 4232 4262
3 4179 335 4276
3 4298 4260 4264
3 4298 4264 4280
3 4299 4282 4289
3 4304 4282 4299
3 4283 3915 4300
3 4283 3914 4301
3 4301 3915 4283
3 4301 4259 4296
3 4232 4219 4261
3 4304 3913 4283
3 4320 4156 4311
3 4279 4253 4271
3 4308 4156 4320
3 4320 331 4319
3 4319 331 4307
3 4319 4308 4320
3 4236 1218 4314
3 4314 1218 4309
3 4315 4309 4378
3 4322 4310 4391
3 4391 4310 4395
3 4311 4156 4253
3 4311 4276 4306
3 4319 3861 4312
3 4312 4308 4319
3 4265 3862 4302
3 4313 4265 4302
3 4313 4228 4310
3 4309 1218 4325
3 4314 4309 4315
3 4315 4228 4314
3 4311 4306 4320
3 4329 4156 4308
3 4329 4164 4317
3 4325 1218 4321
3 4325 4321 4365
3 4322 4265 4313
3 4272 4163 4317
3 4271 4156 4163
3 3859 3858 4272
3 4384 4263 4273
3 4384 4221 4263
3 4310 4228 4315
3 4321 4318 4365
3 4219 3859 4273
3 4232 3858 3859
3 4232 3859 4219
3 4313 4310 4322
3 4378 4309 4372
3 4364 4318 4323
3 4379 1221 4318
3 4379 4318 4364
3 4324 1221 4379
3 4323 4318 4321
3 4372 4365 4399
3 4384 4220 4221
3 4394 4220 4326
3 4329 4308 4312
3 4312 4164 4329
3 4266 3860 4164
3 4375 3860 4328
3 4263 4219 4273
3 4394 4326 4392
3 4392 4326 4331
3 4331 4326 4397
3 4389 4331 4483
3 4407 4332 4538
3 4442 4368 4533
3 4570 4337 4341
3 4341 4337 4554
3 4554 4337 4531
3 4531 4337 4446
3 4446 4411 4531
3 4457 4338 4547
3 4455 4338 4661
3 4545 4455 4688
3 4584 4339 4434
3 4559 4340 4584
3 4574 4340 4559
3 4412 4341 4554
3 4571 4342 4950
3 4720 4342 4571
3 4571 4344 4720
3 4583 4343 4344
3 4749 4345 4582
3 4439 4346 4428
3 4630 4347 4700
3 4629 4348 4630
3 4672 4348 4629
3 4349 4348 4672
3 4623 4349 4672
3 4350 4349 4623
3 4716 4349 4350
3 4351 4350 4595
3 4716 4350 4351
3 4595 4350 4466
3 4595 4466 4594
3 4466 4465 4594
3 4594 4353 4593
3 4593 4352 4594
3 4593 4353 4354
3 4355 4353 4472
3 4354 4353 4355
3 4958 4355 4356
3 4958 4356 4959
3 4502 4499 4959
3 4522 4478 4520
3 4520 4357 4471
3 4478 4357 4520
3 4513 4357 4478
3 4358 4357 4513
3 4549 4358 4477
3 4484 4359 4537
3 4519 4359 4360
3 4475 4360 4361
3 4360 4359 4361
3 4362 4361 4489
3 4487 4362 4489
3 4475 4361 4362
3 4475 4362 4363
3 4364 4223 4400
3 4366 4364 4400
3 4402 4366 4386
3 4386 4367 4402
3 4381 4367 4440
3 4447 4367 4381
3 4532 4368 4442
3 4369 4334 4454
3 4660 4334 4369
3 4674 4334 4660
3 4674 4626 4659
3 4370 1223 4562
3 4576 4371 4533
3 4376 1222 4373
3 4373 1222 1224
3 4495 4374 4578
3 4395 4315 4378
3 4448 4373 4401
3 4376 4373 4448
3 4395 4378 4390
3 4396 4377 4390
3 4390 4377 4458
3 4459 4377 4401
3 4395 4310 4315
3 4312 3861 4327
3 4323 4223 4364
3 4379 4364 4366
3 4380 4324 4379
3 4380 4379 4402
3 4444 4324 4380
3 4380 4367 4447
3 4402 4367 4380
3 4533 4371 4381
3 4382 4371 4591
3 4383 4382 4591
3 4405 4383 4398
3 4392 4385 4394
3 4404 4385 4408
3 4409 4386 4387
3 4387 4386 4406
3 4410 4387 4388
3 4445 4387 4410
3 4450 4388 4407
3 4441 4332 4407
3 4395 4390 4391
3 4401 4377 4448
3 4448 4377 4396
3 4391 4390 4458
3 4392 4331 4389
3 4408 4385 4392
3 4327 4322 4391
3 4393 4272 4375
3 4385 4330 4394
3 4400 4330 4385
3 4404 4366 4400
3 4448 1219 4376
3 4378 4372 4396
3 4372 1219 4396
3 4397 4326 4384
3 4317 4164 4375
3 4164 3860 4375
3 4399 1220 4398
3 4400 4385 4404
3 4266 4164 4327
3 4401 4373 4496
3 4373 1224 4496
3 4379 4366 4402
3 4390 4378 4396
3 4405 1220 1221
3 4398 1220 4405
3 4443 4398 4403
3 4403 4376 4443
3 4403 1222 4376
3 4397 4165 4438
3 4386 4366 4404
3 4406 4386 4404
3 4405 1221 4324
3 4408 4389 4441
3 4392 4389 4408
3 4406 4404 4408
3 4441 4388 4406
3 4388 4387 4406
3 4405 4324 4382
3 4441 4406 4408
3 4409 4333 4440
3 4445 4333 4409
3 4409 4367 4386
3 4409 4387 4445
3 4554 4531 4547
3 4574 4412 4554
3 4597 4414 4571
3 4682 4414 4597
3 4583 4344 4415
3 4415 4345 4583
3 4765 4582 4724
3 4765 4416 4768
3 4747 4416 4417
3 4747 4417 4746
3 4746 4417 4723
3 4696 4346 4439
3 4723 4346 4696
3 4439 4418 4695
3 4695 4418 4419
3 4419 4418 4423
3 4548 4429 4430
3 4516 4420 4430
3 4953 4420 4422
3 4564 4420 4953
3 4953 4422 4460
3 4481 4422 4511
3 4422 4420 4516
3 4427 4419 4423
3 4590 4424 4427
3 4628 4424 4590
3 4426 4425 4590
3 4560 4426 4589
3 4608 4426 4560
3 4577 4512 4589
3 4589 4512 4560
3 4590 4585 4589
3 4589 4426 4590
3 4585 4423 4429
3 4427 4423 4585
3 4423 4418 4428
3 4428 4418 4439
3 4565 4423 4428
3 4429 4423 4565
3 4430 4429 4565
3 4474 4431 4960
3 4517 4430 4431
3 4952 4474 4960
3 4568 4432 4952
3 4569 4432 4602
3 4601 4432 4569
3 4601 4569 4646
3 4646 4433 4619
3 4619 4433 4596
3 4584 4434 4596
3 4434 4339 4546
3 4759 4435 4655
3 4756 4655 4689
3 4689 4436 4756
3 4756 4436 4742
3 4726 4704 4705
3 4686 4437 4543
3 4558 4483 4575
3 4575 4331 4438
3 4438 4165 4449
3 4633 4439 4695
3 4440 4367 4409
3 4389 4332 4441
3 4483 4332 4389
3 4491 4332 4483
3 4407 4388 4441
3 4440 4333 4442
3 4444 4380 4447
3 4447 4371 4444
3 4451 4410 4948
3 4442 4381 4440
3 4382 4324 4444
3 4445 4410 4451
3 4532 4333 4451
3 4456 4411 4541
3 4541 4411 4446
3 4381 4371 4447
3 4396 1219 4448
3 4438 4331 4397
3 4328 4165 4393
3 4449 4165 4328
3 4410 4388 4450
3 4948 4450 4515
3 4515 4506 4948
3 4531 4411 4506
3 4451 4333 4445
3 4456 4451 4948
3 4541 4335 4532
3 4532 4456 4541
3 4452 4335 4541
3 4611 4335 4452
3 4732 4610 4652
3 4652 4453 4752
3 4610 4453 4652
3 4720 4343 4751
3 4454 4335 4611
3 4510 4494 4515
3 4544 4338 4457
3 4545 4340 4563
3 4948 4410 4450
3 4532 4451 4456
3 4444 4371 4382
3 4515 4450 4510
3 4507 4266 4458
3 4442 4333 4532
3 4458 4377 4459
3 4507 4458 4459
3 4518 4459 4505
3 4481 4363 4460
3 4957 4363 4481
3 4363 4362 4460
3 4462 4461 4497
3 4493 4462 4497
3 4461 4421 4953
3 4462 4421 4461
3 4586 4463 4607
3 4627 4617 4672
3 4503 4356 4472
3 4465 4464 4503
3 4472 4465 4503
3 4503 4464 4617
3 4623 4464 4466
3 4592 4467 4642
3 4614 4467 4592
3 4642 4467 4703
3 4468 4467 4618
3 4556 4469 4535
3 4536 4470 4552
3 4536 4354 4471
3 4593 4354 4536
3 4593 4536 4552
3 4521 4354 4355
3 4521 4355 4958
3 4356 4355 4472
3 4475 4363 4482
3 4482 4473 4524
3 4528 4473 4482
3 4529 4473 4474
3 4529 4474 4952
3 4524 4360 4475
3 4525 4476 4519
3 4557 4476 4525
3 4542 4476 4555
3 4549 4477 4542
3 4549 4542 4561
3 4477 4358 4513
3 4509 4478 4522
3 4513 4478 4509
3 4522 4486 4509
3 4513 4509 4963
3 4519 4360 4480
3 4537 4359 4519
3 4482 4363 4957
3 4957 4481 4511
3 4516 4430 4517
3 4579 4529 4952
3 4483 4331 4575
3 4376 1219 4443
3 4485 4484 4962
3 4489 4484 4485
3 4489 4361 4484
3 4488 4479 4485
3 4508 4487 4489
3 4489 4485 4508
3 4488 4485 4962
3 4524 4475 4482
3 4490 4480 4524
3 4529 4490 4524
3 4579 4490 4529
3 4539 4538 4686
3 4538 4491 4686
3 4539 4494 4510
3 4493 4492 4949
3 4540 4493 4949
3 4627 4606 4617
3 4497 4492 4493
3 4497 4487 4492
3 4505 4374 4495
3 4496 4374 4505
3 4506 4411 4948
3 4497 4362 4487
3 4461 4362 4497
3 4953 4460 4461
3 4460 4362 4461
3 4492 4487 4498
3 4949 4498 4499
3 4949 4492 4498
3 4498 4486 4501
3 4485 4479 4500
3 4499 4498 4501
3 4949 4499 4502
3 4959 4356 4502
3 4502 4356 4951
3 4951 4356 4503
3 4449 4328 4504
3 4504 4328 4507
3 4518 4504 4507
3 4518 4495 4504
3 4573 4449 4504
3 4495 4166 4504
3 4505 4401 4496
3 4459 4401 4505
3 4510 4407 4538
3 4515 4457 4506
3 4328 3860 4507
3 4361 4359 4484
3 4498 4487 4508
3 4508 4486 4498
3 4508 4485 4500
3 4500 4486 4508
3 4450 4407 4510
3 4547 4338 4563
3 4530 4463 4512
3 4512 4463 4560
3 4963 4477 4513
3 4501 4486 4522
3 4514 4501 4522
3 4651 4491 4558
3 4494 4457 4515
3 4956 4511 4516
3 4511 4422 4516
3 4956 4516 4517
3 4505 4495 4518
3 4537 4476 4477
3 4519 4476 4537
3 4523 4520 4521
3 4520 4471 4521
3 4471 4354 4521
3 4959 4523 4958
3 4523 4521 4958
3 4520 4514 4522
3 4523 4514 4520
3 4480 4360 4524
3 4525 4480 4490
3 4525 4490 4587
3 4557 4525 4587
3 4551 4527 4618
3 4956 4517 4528
3 4517 4473 4528
3 4473 4431 4474
3 4517 4431 4473
3 4952 4432 4579
3 4564 4421 4530
3 4530 4421 4462
3 4530 4512 4564
3 4953 4421 4564
3 4454 4368 4532
3 4532 4335 4454
3 4533 4381 4442
3 4562 4383 4591
3 4477 4476 4542
3 4534 4358 4549
3 4556 4534 4550
3 4535 4470 4556
3 4536 4357 4358
3 4536 4358 4470
3 4471 4357 4536
3 4962 4537 4963
3 4962 4484 4537
3 4539 4510 4538
3 4553 4494 4539
3 4538 4332 4491
3 4686 4491 4651
3 4530 4462 4540
3 4540 4463 4530
3 4519 4480 4525
3 4543 4539 4686
3 4553 4543 4706
3 4553 4539 4543
3 4644 4553 4706
3 4644 4544 4553
3 4661 4338 4544
3 4563 4455 4545
3 4685 4339 4545
3 4546 4339 4685
3 4491 4483 4558
3 4575 4438 4573
3 4531 4506 4547
3 4506 4457 4547
3 4548 4420 4564
3 4550 4534 4549
3 4550 4549 4561
3 4555 4551 4561
3 4551 4550 4561
3 4557 4527 4555
3 4555 4527 4551
3 4552 4470 4535
3 4556 4470 4534
3 4544 4494 4553
3 4524 4473 4529
3 4554 4547 4574
3 4430 4420 4548
3 4550 4469 4556
3 4551 4469 4550
3 4618 4469 4551
3 4555 4476 4557
3 4588 4557 4587
3 4558 4170 4651
3 4559 4412 4574
3 4504 4166 4573
3 4561 4542 4555
3 4557 4526 4527
3 4591 4370 4562
3 4470 4358 4534
3 4574 4547 4563
3 4563 4340 4574
3 4609 4558 4575
3 4564 4512 4548
3 4960 4431 4565
3 4431 4430 4565
3 4960 4565 4566
3 4568 4566 4603
3 4952 4566 4568
3 4602 4432 4568
3 4954 4569 4602
3 4569 4433 4646
3 4954 4433 4569
3 4337 4336 4446
3 4610 4570 4572
3 4572 4342 4720
3 4950 4342 4412
3 4342 4341 4412
3 4570 4336 4337
3 4610 4336 4570
3 4166 1225 4609
3 4584 4413 4559
3 4651 4170 4709
3 4559 4413 4950
3 4576 4533 4674
3 4591 4371 4576
3 4548 4512 4577
3 4573 4166 4609
3 4578 4166 4495
3 4368 4334 4533
3 4605 4490 4579
3 4605 4579 4601
3 4722 4581 4676
3 4762 4581 4722
3 4676 4581 4768
3 4768 4581 4765
3 4582 4581 4762
3 4582 4345 4724
3 4724 4345 4415
3 4340 4339 4584
3 4585 4429 4548
3 4585 4548 4577
3 4560 4463 4586
3 4608 4586 4606
3 4608 4560 4586
3 4587 4490 4605
3 4598 4587 4605
3 4588 4587 4598
3 4579 4432 4601
3 4596 4413 4584
3 4585 4577 4589
3 4590 4425 4628
3 4446 4336 4452
3 4541 4446 4452
3 4533 4334 4674
3 4454 4334 4368
3 4576 4370 4591
3 4659 4370 4576
3 4659 4576 4674
3 4592 4552 4614
3 4594 4352 4595
3 4465 4353 4594
3 4472 4353 4465
3 4466 4464 4465
3 4544 4457 4494
3 4596 4433 4955
3 4955 4413 4596
3 4597 4413 4955
3 4597 4571 4950
3 4690 4598 4605
3 4599 4598 4690
3 4737 4598 4599
3 4600 4526 4713
3 4600 4468 4526
3 4565 4428 4566
3 4566 4428 4603
3 4428 4346 4603
3 4567 4346 4723
3 4603 4346 4567
3 4604 4567 4723
3 4723 4417 4604
3 4417 4416 4604
3 4604 4416 4765
3 4605 4601 4690
3 4545 4339 4340
3 4951 4586 4607
3 4606 4586 4951
3 4607 4502 4951
3 4608 4425 4426
3 4535 4469 4618
3 4614 4535 4618
3 4552 4535 4614
3 4563 4338 4455
3 4609 1225 4170
3 4452 4336 4732
3 4732 4336 4610
3 4572 4453 4610
3 4751 4572 4720
3 4611 4452 4732
3 4612 4611 4732
3 4736 4613 4705
3 4590 4427 4585
3 4615 4568 4603
3 4602 4568 4615
3 4954 4602 4616
3 4616 4602 4615
3 4954 4616 4682
3 4570 4341 4342
3 4570 4342 4572
3 1224 1223 4645
3 4374 1224 4645
3 4618 4467 4614
3 4646 4619 4715
3 4715 4619 4621
3 4621 4620 4715
3 4690 4601 4646
3 4690 4646 4715
3 4619 4596 4684
3 4621 4619 4684
3 4622 4620 4621
3 4622 4580 4620
3 4622 4621 4675
3 4672 4617 4623
3 4624 4374 4645
3 4687 4578 4624
3 4626 4625 4964
3 4578 4374 4624
3 4624 4370 4659
3 4687 4626 4964
3 4645 1223 4370
3 4628 4425 4627
3 4627 4425 4608
3 4628 4627 4629
3 4629 4424 4628
3 4700 4419 4424
3 4673 4419 4700
3 4629 4627 4672
3 4700 4424 4629
3 4700 4629 4630
3 4631 4347 4680
3 4681 4347 4631
3 4681 4631 4669
3 4669 4632 4681
3 4634 4632 4636
3 4635 4632 4634
3 4696 4633 4634
3 4696 4439 4633
3 4635 4347 4681
3 4708 4347 4635
3 4681 4632 4635
3 4669 4637 4772
3 4772 4632 4669
3 4764 4699 4758
3 4735 4638 4764
3 4767 4735 4764
3 4701 4640 4719
3 4712 4641 4711
3 4701 4641 4712
3 4719 4641 4701
3 4711 4641 4692
3 4692 4642 4711
3 4643 4642 4692
3 4608 4606 4627
3 4588 4526 4557
3 4645 4370 4624
3 4527 4468 4618
3 4526 4468 4527
3 4593 4552 4592
3 4715 4647 4690
3 4647 4599 4690
3 4739 4647 4691
3 4739 4648 4738
3 4778 4738 4770
3 4697 4649 4778
3 4774 4649 4650
3 4776 4638 4707
3 4707 4639 4640
3 4751 4453 4572
3 4653 4652 4752
3 4730 4652 4653
3 4728 4654 4752
3 4654 4653 4752
3 4742 4436 4726
3 4750 4656 4721
3 4721 4658 4750
3 4657 4656 4750
3 4762 4657 4750
3 4753 4749 4750
3 4760 4658 4740
3 4687 4624 4659
3 4659 4626 4687
3 4660 4625 4626
3 4731 4169 4369
3 4661 4544 4644
3 4617 4464 4623
3 4466 4350 4623
3 4663 4348 4349
3 4677 4348 4663
3 4663 4349 4716
3 4663 4351 4664
3 4677 4663 4664
3 4667 4665 4947
3 4666 4665 4667
3 4666 4664 4665
3 4677 4666 4671
3 4677 4664 4666
3 4769 4666 4667
3 4767 4668 4679
3 4766 4668 4758
3 4757 4631 4761
3 4669 4631 4757
3 4761 4631 4680
3 4680 4670 4761
3 4679 4678 4769
3 4678 4671 4769
3 4671 4666 4769
3 4424 4419 4427
3 4695 4419 4673
3 4695 4673 4694
3 4694 4633 4695
3 4687 1225 4578
3 4660 4626 4674
3 4684 4434 4546
3 4684 4546 4675
3 4657 4622 4656
3 4630 4348 4662
3 4662 4348 4677
3 4671 4662 4677
3 4678 4662 4671
3 4679 4670 4678
3 4679 4667 4767
3 4670 4668 4766
3 4679 4668 4670
3 4678 4670 4680
3 4680 4662 4678
3 4616 4567 4683
3 4615 4567 4616
3 4682 4616 4683
3 4683 4414 4682
3 4415 4414 4683
3 4724 4415 4683
3 4592 4352 4593
3 4596 4434 4684
3 4675 4621 4684
3 4685 4545 4688
3 4688 4435 4685
3 4740 4435 4760
3 4709 4437 4651
3 4651 4437 4686
3 4706 4167 4736
3 4543 4167 4706
3 4964 1225 4687
3 4731 4369 4611
3 4731 4611 4612
3 4737 4588 4598
3 4655 4435 4688
3 4688 4455 4689
3 4689 4655 4688
3 4603 4567 4615
3 4611 4369 4454
3 4620 4580 4691
3 4647 4620 4691
3 4691 4580 4676
3 4643 4352 4592
3 4718 4352 4643
3 4693 4643 4692
3 4693 4641 4719
3 4733 4693 4719
3 4692 4641 4693
3 4694 4673 4708
3 4708 4635 4694
3 4635 4633 4694
3 4634 4633 4635
3 4636 4632 4772
3 4696 4634 4636
3 4746 4636 4771
3 4771 4698 4779
3 4698 4650 4779
3 4699 4650 4698
3 4776 4650 4699
3 4699 4638 4776
3 4437 4167 4543
3 4703 4467 4468
3 4703 4468 4600
3 4714 4701 4712
3 4702 4701 4714
3 4745 4702 4714
3 4774 4702 4745
3 4707 4702 4774
3 4739 4599 4647
3 4689 4455 4661
3 4689 4661 4704
3 4704 4436 4689
3 4704 4644 4705
3 4661 4644 4704
3 4736 4705 4706
3 4705 4644 4706
3 4713 4588 4737
3 4707 4640 4702
3 4702 4640 4701
3 4708 4673 4700
3 4700 4347 4708
3 4414 4344 4571
3 4415 4344 4414
3 4709 4625 4725
3 4625 4169 4725
3 4710 4167 4725
3 4711 4642 4703
3 4713 4526 4588
3 4703 4600 4712
3 4712 4600 4714
3 4711 4703 4712
3 4745 4713 4737
3 4714 4713 4745
3 4714 4600 4713
3 4737 4599 4744
3 4715 4620 4647
3 4716 4351 4663
3 4664 4351 4717
3 4665 4664 4717
3 4717 4351 4595
3 4595 4352 4717
3 4717 4352 4718
3 4718 4693 4733
3 4680 4630 4662
3 4680 4347 4630
3 4344 4343 4720
3 4721 4656 4675
3 4656 4622 4675
3 4740 4546 4685
3 4721 4546 4740
3 4722 4657 4762
3 4722 4580 4622
3 4676 4580 4722
3 4722 4622 4657
3 4723 4696 4746
3 4724 4567 4604
3 4683 4567 4724
3 4725 4169 4710
3 4755 4751 4754
3 4751 4343 4754
3 4729 4727 4728
3 4755 4727 4729
3 4728 4727 4756
3 4727 4655 4756
3 4729 4453 4751
3 4752 4453 4729
3 4732 4652 4730
3 4724 4604 4765
3 4731 4168 4710
3 4612 4168 4731
3 4730 4612 4732
3 4736 4167 4710
3 4718 4665 4717
3 4733 4665 4718
3 4947 4733 4734
3 4733 4719 4734
3 4947 4734 4735
3 4734 4639 4735
3 4639 4638 4735
3 4710 4168 4736
3 4741 4168 4612
3 4741 4612 4730
3 4730 4653 4741
3 4745 4737 4744
3 4773 4738 4778
3 4744 4738 4773
3 4744 4599 4739
3 4739 4738 4744
3 4685 4435 4740
3 4740 4658 4721
3 4726 4436 4704
3 4743 4653 4654
3 4743 4613 4741
3 4726 4613 4743
3 4741 4653 4743
3 4743 4654 4742
3 4705 4613 4726
3 4742 4726 4743
3 4613 4168 4741
3 4745 4744 4773
3 4774 4745 4773
3 4760 4435 4759
3 4696 4636 4746
3 4747 4746 4777
3 4775 4747 4748
3 4777 4697 4748
3 4775 4748 4770
3 4753 4583 4749
3 4583 4345 4749
3 4750 4749 4762
3 4750 4658 4753
3 4753 4658 4754
3 4755 4729 4751
3 4729 4728 4752
3 4675 4546 4721
3 4742 4654 4756
3 4753 4343 4583
3 4755 4754 4760
3 4759 4727 4755
3 4759 4755 4760
3 4756 4654 4728
3 4766 4757 4761
3 4758 4757 4766
3 4759 4655 4727
3 4754 4658 4760
3 4754 4343 4753
3 4761 4670 4766
3 4749 4582 4762
3 4763 4416 4775
3 4768 4416 4763
3 4748 4747 4777
3 4764 4638 4699
3 4758 4668 4764
3 4764 4668 4767
3 4765 4581 4582
3 4719 4640 4734
3 4640 4639 4734
3 4763 4676 4768
3 4691 4676 4763
3 4769 4667 4679
3 4691 4648 4739
3 4763 4648 4691
3 4738 4648 4770
3 4758 4637 4757
3 4757 4637 4669
3 4772 4698 4771
3 4772 4637 4698
3 4771 4636 4772
3 4775 4416 4747
3 4773 4649 4774
3 4778 4649 4773
3 4774 4650 4776
3 4776 4707 4774
3 4770 4648 4775
3 4775 4648 4763
3 4698 4637 4699
3 4707 4638 4639
3 4777 4746 4771
3 4699 4637 4758
3 4771 4697 4777
3 4770 4748 4778
3 4748 4697 4778
3 4650 4649 4779
3 4779 4649 4697
3 4779 4697 4771
3 232 83 250
3 4780 83 232
3 365 60 4789
3 4783 60 366
3 4791 366 4784
3 4784 375 4791
3 4785 147 4783
3 4785 146 147
3 4783 147 4790
3 4790 339 4786
3 61 60 4790
3 263 69 4787
3 4788 58 303
3 47 6 239
3 46 6 47
3 4790 60 4783
3 4788 61 4790
3 4790 4786 4788
3 249 59 360
3 4780 249 360
3 4783 366 4791
3 280 2 296
3 219 185 4793
3 261 219 4793
3 4793 186 261
3 288 260 4794
3 4796 260 288
3 4795 260 4796
3 4795 24 235
3 4796 24 4795
3 4795 219 260
3 218 24 4796
3 4797 1311 4798
3 1311 1308 4842
3 4798 1311 4842
3 956 951 961
3 4799 958 4837
3 4837 4800 4838
3 4801 4800 4837
3 4801 548 685
3 959 548 4801
3 4802 736 4811
3 4814 4803 4823
3 4823 1384 4814
3 4804 551 4807
3 4818 551 4804
3 699 550 4805
3 4805 557 699
3 4805 4804 4807
3 4807 557 4805
3 708 703 4808
3 4832 708 4808
3 4810 740 4809
3 4828 740 4810
3 4828 518 519
3 4811 681 700
3 4838 783 4813
3 4799 784 951
3 4799 951 957
3 4817 1384 4844
3 4844 4815 4817
3 4817 4815 4848
3 4815 523 4848
3 4816 784 4799
3 4817 521 1384
3 4828 519 781
3 639 551 4818
3 4818 615 4819
3 4804 615 4818
3 4820 953 4821
3 4821 960 1010
3 1010 1009 4820
3 4821 1010 4820
3 4822 4821 4836
3 4822 960 4821
3 960 508 545
3 4822 508 960
3 4830 1383 1385
3 4830 1385 4847
3 4851 1385 4823
3 4797 947 1314
3 4824 553 615
3 517 516 753
3 694 516 517
3 1314 1023 1338
3 4797 1314 1338
3 4801 685 4800
3 4827 4826 4833
3 4826 564 4833
3 4827 945 4826
3 4975 4827 4967
3 4829 1379 4830
3 4829 1307 1378
3 4829 1378 1379
3 4847 4829 4830
3 4831 570 710
3 4831 710 729
3 957 956 1009
3 1010 957 1009
3 958 957 1010
3 4808 725 4832
3 4832 686 708
3 4967 4827 4833
3 730 711 729
3 4835 508 4822
3 561 508 4835
3 4835 514 561
3 4835 4822 4836
3 565 563 4836
3 1105 524 1382
3 524 523 1382
3 4816 4799 4837
3 4838 4816 4837
3 614 546 618
3 4852 546 614
3 4852 614 4806
3 945 518 4825
3 4839 518 945
3 4847 4841 4842
3 4851 1309 4841
3 4842 4829 4847
3 4842 1308 4829
3 1308 1307 4829
3 4840 1309 4839
3 4841 1309 4840
3 1309 519 4839
3 633 577 4843
3 603 577 633
3 4840 946 947
3 1385 1383 4844
3 560 542 4845
3 4845 506 560
3 542 507 4845
3 4846 540 618
3 542 540 4846
3 618 546 4846
3 1011 751 953
3 1011 953 4820
3 4851 4841 4847
3 4848 522 4817
3 4850 782 836
3 576 575 4849
3 607 576 4849
3 4800 685 4850
3 4850 783 4800
3 4851 520 1309
3 4823 520 4851
3 4847 1385 4851
3 4806 549 4852
3 550 549 4806
3 1248 801 4853
3 1246 801 1248
3 799 319 4854
3 4854 317 4855
3 4864 799 4854
3 4864 4854 4855
3 4857 1245 4853
3 4857 661 1245
3 798 660 4857
3 797 660 798
3 4853 798 4857
3 1419 417 4858
3 1249 1244 1245
3 4858 417 1480
3 4860 690 1480
3 1480 416 4860
3 4863 662 4861
3 4863 416 662
3 1480 690 4862
3 4860 416 731
3 1436 689 1435
3 4855 659 4864
3 801 799 4864
3 1516 1469 1609
3 1772 814 1841
3 1841 814 1801
3 4866 2355 2385
3 4866 2189 2402
3 2034 2005 4867
3 2211 2034 4867
3 2189 2003 2402
3 4870 2081 2334
3 2334 2081 2335
3 2335 2081 4871
3 4871 2036 2304
3 2080 2036 4871
3 2080 2003 2036
3 2402 2003 2080
3 4872 455 2623
3 2639 454 4872
3 4872 454 2215
3 1073 1071 2810
3 2981 1069 2810
3 4875 2800 4876
3 4879 2800 4875
3 1070 1065 4875
3 4881 1836 4877
3 4880 1836 4881
3 4879 2510 2800
3 4985 1836 4880
3 4978 2453 2514
3 4882 455 457
3 4882 457 458
3 2781 458 2686
3 4882 458 2781
3 4977 4883 4982
3 4884 2340 2501
3 4884 2478 2565
3 2766 2437 2867
3 2638 2628 3119
3 3041 2638 3119
3 4885 2990 2993
3 3107 2946 4886
3 3107 2945 2946
3 3098 3067 4887
3 3695 3504 3515
3 3697 3504 3695
3 3697 3695 4889
3 4258 4256 4278
3 3702 3528 4892
3 4892 3524 4920
3 4920 4233 4892
3 4893 3501 3869
3 4893 3869 4894
3 4894 3876 4893
3 4927 3500 4894
3 4895 3500 4927
3 4896 4895 4927
3 4929 3879 4895
3 4929 4895 4896
3 4896 3946 4928
3 3899 3879 4929
3 3898 3879 3899
3 4897 3899 3900
3 3906 3899 4897
3 4898 3908 4897
3 4897 3900 4898
3 4249 3936 4248
3 4898 3936 4249
3 3875 3841 4899
3 4899 3521 3875
3 3620 3606 4900
3 3533 3489 4900
3 4259 3914 4194
3 4902 3700 4026
3 3700 3529 4026
3 4026 3531 4902
3 4087 3698 4904
3 4903 3698 4025
3 4904 4903 4905
3 4907 3699 4904
3 4907 4904 4905
3 4907 4905 4906
3 4905 3488 4906
3 3843 3488 4905
3 4903 3694 4905
3 4907 4906 4909
3 4908 4907 4909
3 4906 3489 4909
3 4909 3522 4908
3 4906 3488 3489
3 4910 3497 3523
3 3842 3497 4910
3 4910 3522 3842
3 3523 3497 4911
3 4912 3523 4911
3 4911 3895 4912
3 4912 3895 4913
3 4913 3885 3920
3 3895 3885 4913
3 4920 4888 4914
3 3620 3490 3575
3 3620 3575 3606
3 4924 4915 4916
3 4917 3903 4918
3 4918 3903 4916
3 4916 3901 4924
3 4918 3981 4006
3 4916 3981 4918
3 4915 3981 4916
3 4919 3871 3873
3 4918 3871 4919
3 4006 3871 4918
3 4919 3475 4917
3 4919 4917 4918
3 4921 3694 4889
3 4904 3698 4903
3 4901 3883 4295
3 4923 3893 3943
3 3912 3893 4923
3 3935 3933 4924
3 4924 3870 4915
3 3933 3870 4924
3 4000 3935 4928
3 4924 3901 3935
3 4925 3902 4926
3 4929 3902 4925
3 4925 3899 4929
3 4908 3699 4907
3 3701 3699 4908
3 4894 3869 3945
3 4894 3945 4927
3 4928 3946 4000
3 4000 3946 3991
3 4896 3902 4929
3 3621 3381 3436
3 4160 4158 4942
3 4944 3792 4942
3 4935 3852 4053
3 4931 3852 4935
3 4933 4931 4935
3 4932 4931 4933
3 4932 3855 4931
3 4943 3856 4932
3 4935 2606 4933
3 3863 3738 3788
3 4933 2606 4934
3 4934 3788 4940
3 4940 4933 4934
3 3788 3754 4937
3 4937 3754 3818
3 4944 4158 4936
3 4937 4936 4940
3 4218 4209 4938
3 4938 4209 4939
3 4939 4209 4238
3 4940 4932 4933
3 3791 3058 4941
3 4941 3058 3784
3 4944 3791 3792
3 4943 4932 4940
3 4940 4936 4943
3 4936 4158 4943
3 4944 3789 3791
3 4936 3789 4944
3 4937 3789 4936
3 4945 3477 4140
3 4945 3956 4946
3 4140 3956 4945
3 4767 4667 4947
3 4947 4735 4767
3 4607 4463 4540
3 4607 4540 4949
3 4950 4413 4597
3 4950 4412 4559
3 4617 4606 4951
3 4951 4503 4617
3 4540 4462 4493
3 4948 4411 4456
3 4960 4566 4952
3 4460 4422 4481
3 4955 4433 4954
3 4682 4597 4955
3 4947 4665 4733
3 4954 4682 4955
3 4957 4511 4956
3 4956 4528 4957
3 4528 4482 4957
3 4959 4514 4523
3 4959 4499 4514
3 4514 4499 4501
3 4949 4502 4607
3 4507 4459 4518
3 4537 4477 4963
3 4961 4479 4488
3 4961 4488 4962
3 4963 4961 4962
3 4509 4486 4500
3 4500 4479 4961
3 4963 4509 4961
3 4509 4500 4961
3 4643 4592 4642
3 4718 4643 4693
3 4965 3693 4086
3 4965 3692 3693
3 3832 3692 4966
3 3834 3692 3832
3 989 944 4967
3 4970 944 4968
3 4968 944 989
3 4968 1019 4969
3 4970 1016 1099
3 4969 1016 4970
3 4970 4968 4969
3 4970 1099 4972
3 4975 4970 4972
3 4972 1020 1161
3 1099 1020 4972
3 4975 944 4970
3 4967 944 4975
3 4975 4972 4974
3 4972 4971 4974
3 4974 4971 4973
3 4973 1314 4974
3 2703 2687 4986
3 4979 4873 4983
3 4978 4873 4979
3 4979 2453 4978
3 4980 2453 4979
3 4873 2726 4983
3 4989 4980 4981
3 4981 4979 4983
3 4980 4979 4981
3 4993 4981 4983
3 4982 4883 4991
3 4997 2461 4990
3 4983 2523 4992
3 4993 4983 4992
3 4990 4989 4993
3 4989 4981 4993
3 4999 4984 4994
3 4999 4994 4995
3 4990 2461 4989
3 2729 2696 2759
3 4985 4880 4987
3 4999 4987 4988
3 4998 4986 4988
3 4986 2687 4988
3 4988 2687 4984
3 4998 2759 4986
3 4986 2696 2703
3 2759 2696 4986
3 4992 4990 4993
3 4988 4984 4999
3 4991 4985 4995
3 4995 4982 4991
3 4992 2759 4990
3 4992 2729 2759
3 4990 2759 4998
3 4997 2090 2461
3 4994 4982 4995
3 4996 869 4976
3 4987 869 4996
3 4998 4988 4996
3 4976 2419 4997
3 2419 2090 4997
3 4988 4987 4996
3 4998 4996 4997
3 4996 4976 4997
3 4997 4990 4998
3 4999 4985 4987
3 4995 4985 4999
